order_id,line_number,order_date,customer_id,product_id,category,channel,region,quantity,list_price,discount_pct,unit_price,revenue,unit_cost,promo_id,is_returned
O0000001,1,2023-01-01,C00110,P059,Sports & Fitness,In-Store,North,1,48.99,0.0,48.99,48.99,29.06,,0
O0000001,2,2023-01-01,C00110,P068,Beauty & Care,In-Store,North,2,11.99,0.1,10.79,21.58,4.76,,0
O0000002,1,2023-01-01,C00408,P056,Sports & Fitness,In-Store,North,2,14.99,0.0,14.99,29.98,8.44,,0
O0000002,2,2023-01-01,C00408,P006,Electronics,In-Store,North,1,44.99,0.0,44.99,44.99,33.54,,0
O0000002,3,2023-01-01,C00408,P069,Beauty & Care,In-Store,North,4,10.99,0.0,10.99,43.96,4.42,,0
O0000003,1,2023-01-01,C00438,P021,Home & Kitchen,In-Store,North,2,118.99,0.0,118.99,237.98,70.61,,0
O0000004,1,2023-01-01,C00580,P059,Sports & Fitness,In-Store,South,3,48.99,0.0,48.99,146.97,29.06,,1
O0000005,1,2023-01-01,C00767,P037,Outdoor & Camping,In-Store,South,1,78.99,0.0,78.99,78.99,54.44,,0
O0000006,1,2023-01-01,C01030,P075,Toys & Games,In-Store,North,1,68.99,0.0,68.99,68.99,40.94,,0
O0000006,2,2023-01-01,C01030,P073,Toys & Games,In-Store,North,1,38.99,0.0,38.99,38.99,19.36,,0
O0000006,3,2023-01-01,C01030,P047,Apparel,In-Store,North,2,58.99,0.1,53.09,106.18,19.67,,0
O0000006,4,2023-01-01,C01030,P001,Electronics,In-Store,North,1,78.99,0.0,78.99,78.99,63.33,,0
O0000007,1,2023-01-01,C01381,P026,Home & Kitchen,In-Store,East,1,21.99,0.0,21.99,21.99,13.14,,0
O0000008,1,2023-01-01,C01561,P051,Sports & Fitness,In-Store,North,1,38.99,0.0,38.99,38.99,25.02,,0
O0000008,2,2023-01-01,C01561,P064,Beauty & Care,In-Store,North,1,18.99,0.0,18.99,18.99,6.29,,0
O0000008,3,2023-01-01,C01561,P003,Electronics,In-Store,North,1,198.99,0.0,198.99,198.99,153.76,,0
O0000009,1,2023-01-01,C01857,P059,Sports & Fitness,In-Store,East,1,48.99,0.0,48.99,48.99,29.06,,0
O0000009,2,2023-01-01,C01857,P067,Beauty & Care,In-Store,East,1,8.99,0.0,8.99,8.99,3.66,,0
O0000010,1,2023-01-01,C02043,P030,Outdoor & Camping,Online,East,2,28.99,0.0,28.99,57.98,17.42,,0
O0000011,1,2023-01-01,C02174,P062,Beauty & Care,In-Store,North,1,33.99,0.0,33.99,33.99,13.02,,0
O0000011,2,2023-01-01,C02174,P036,Outdoor & Camping,In-Store,North,1,11.99,0.0,11.99,11.99,7.9,,0
O0000011,3,2023-01-01,C02174,P017,Home & Kitchen,In-Store,North,1,34.99,0.0,34.99,34.99,20.21,,0
O0000012,1,2023-01-01,C02638,P050,Apparel,In-Store,North,1,38.99,0.0,38.99,38.99,15.89,,0
O0000012,2,2023-01-01,C02638,P021,Home & Kitchen,In-Store,North,2,118.99,0.0,118.99,237.98,70.61,,0
O0000013,1,2023-01-01,C02720,P047,Apparel,Online,East,1,58.99,0.0,58.99,58.99,19.67,,0
O0000013,2,2023-01-01,C02720,P053,Sports & Fitness,Online,East,1,24.99,0.0,24.99,24.99,14.02,,0
O0000013,3,2023-01-01,C02720,P030,Outdoor & Camping,Online,East,1,28.99,0.0,28.99,28.99,17.42,,0
O0000013,4,2023-01-01,C02720,P072,Toys & Games,Online,East,4,48.99,0.0,48.99,195.96,27.59,,0
O0000014,1,2023-01-01,C02785,P046,Apparel,In-Store,South,2,24.99,0.0,24.99,49.98,10.94,,1
O0000014,2,2023-01-01,C02785,P014,Home & Kitchen,In-Store,South,1,118.99,0.0,118.99,118.99,65.48,,0
O0000014,3,2023-01-01,C02785,P045,Apparel,In-Store,South,1,88.99,0.0,88.99,88.99,40.84,,0
O0000015,1,2023-01-01,C02801,P052,Sports & Fitness,In-Store,West,1,248.99,0.0,248.99,248.99,149.94,,0
O0000015,2,2023-01-01,C02801,P041,Apparel,In-Store,West,1,78.99,0.0,78.99,78.99,34.98,,0
O0000015,3,2023-01-01,C02801,P083,Gourmet Grocery,In-Store,West,2,21.99,0.0,21.99,43.98,13.78,,0
O0000016,1,2023-01-01,C03672,P015,Home & Kitchen,,North,1,48.99,0.0,48.99,48.99,27.96,,0
O0000016,2,2023-01-01,C03672,P017,Home & Kitchen,Online,North,1,34.99,0.0,34.99,34.99,20.21,,1
O0000017,1,2023-01-01,C03705,P054,Sports & Fitness,In-Store,North,1,28.99,0.0,28.99,28.99,18.52,,0
O0000017,2,2023-01-01,C03705,P056,Sports & Fitness,In-Store,North,2,14.99,0.0,14.99,29.98,8.44,,0
O0000017,3,2023-01-01,C03705,P003,Electronics,In-Store,North,2,198.99,0.0,198.99,397.98,153.76,,0
O0000017,4,2023-01-01,C03705,P005,Electronics,In-Store,North,1,28.99,0.0,28.99,28.99,20.73,,0
O0000018,1,2023-01-01,C03720,P037,Outdoor & Camping,Online,West,1,78.99,0.0,78.99,78.99,54.44,,0
O0000019,1,2023-01-01,C03787,P048,Apparel,Online,West,1,118.99,0.0,118.99,118.99,63.7,,0
O0000020,1,2023-01-01,C04054,P086,Gourmet Grocery,In-Store,North,2,11.99,0.1,10.79,21.58,8.19,,0
O0000021,1,2023-01-01,C04236,P020,Home & Kitchen,In-Store,East,1,278.99,0.0,278.99,278.99,171.48,,0
O0000021,2,2023-01-01,C04236,P063,Beauty & Care,In-Store,East,1,27.99,0.0,27.99,27.99,12.57,,0
O0000022,1,2023-01-01,C05536,P042,Apparel,Mobile App,East,1,158.99,0.0,158.99,158.99,66.24,,0
O0000022,2,2023-01-01,C05536,P083,Gourmet Grocery,Mobile App,East,2,21.99,0.0,21.99,43.98,13.78,,0
O0000022,3,2023-01-01,C05536,P061,Sports & Fitness,Mobile App,East,1,18.99,0.0,18.99,18.99,11.23,,0
O0000023,1,2023-01-01,C05551,P052,Sports & Fitness,In-Store,West,2,248.99,0.0,248.99,497.98,149.94,,0
O0000023,2,2023-01-01,C05551,P004,Electronics,In-Store,West,1,24.99,0.0,24.99,24.99,18.12,,0
O0000024,1,2023-01-01,C06539,P084,Gourmet Grocery,Online,North,2,15.99,0.0,15.99,31.98,11.44,,0
O0000024,2,2023-01-01,C06539,P078,Toys & Games,Online,North,1,14.99,0.0,14.99,14.99,8.06,,0
O0000025,1,2023-01-01,C06736,P076,Toys & Games,Online,East,2,18.99,0.0,18.99,37.98,8.54,,0
O0000025,2,2023-01-01,C06736,P078,Toys & Games,Online,East,1,14.99,0.0,14.99,14.99,8.06,,0
O0000026,1,2023-01-01,C06944,P070,Beauty & Care,In-Store,North,1,23.99,0.0,23.99,23.99,10.44,,0
O0000026,2,2023-01-01,C06944,P082,Gourmet Grocery,In-Store,North,3,7.99,0.0,7.99,23.97,4.92,,0
O0000027,1,2023-01-01,C06988,P057,Sports & Fitness,Online,East,1,98.99,0.0,98.99,98.99,59.56,,0
O0000027,2,2023-01-01,C06988,P022,Home & Kitchen,Online,East,1,38.99,0.0,38.99,38.99,21.51,,0
O0000028,1,2023-01-01,C07237,P012,Electronics,In-Store,West,2,58.99,0.0,58.99,117.98,43.39,,0
O0000028,2,2023-01-01,C07237,P004,Electronics,In-Store,West,1,24.99,0.0,24.99,24.99,18.12,,0
O0000028,3,2023-01-01,C07237,P029,Outdoor & Camping,In-Store,West,1,68.99,0.0,68.99,68.99,41.44,,0
O0000028,4,2023-01-01,C07237,P038,Outdoor & Camping,In-Store,West,2,34.99,0.0,34.99,69.98,22.53,,0
O0000029,1,2023-01-01,C07413,P066,Beauty & Care,In-Store,West,1,21.99,0.0,21.99,21.99,8.23,,0
O0000029,2,2023-01-01,C07413,P052,Sports & Fitness,In-Store,West,1,248.99,0.0,248.99,248.99,149.94,,0
O0000029,3,2023-01-01,C07413,P059,Sports & Fitness,In-Store,West,1,48.99,0.0,48.99,48.99,29.06,,0
O0000030,1,2023-01-01,C07906,P010,Electronics,Mobile App,West,1,288.99,0.0,288.99,288.99,214.87,,0
O0000030,2,2023-01-01,C07906,P062,Beauty & Care,Mobile App,West,1,33.99,0.0,33.99,33.99,13.02,,0
O0000030,3,2023-01-01,C07906,P005,Electronics,Mobile App,West,1,28.99,0.0,28.99,28.99,20.73,,0
O0000031,1,2023-01-01,C07917,P004,Electronics,In-Store,East,1,24.99,0.0,24.99,24.99,18.12,,1
O0000032,1,2023-01-01,C08292,P022,Home & Kitchen,Online,East,1,38.99,0.0,38.99,38.99,21.51,,0
O0000033,1,2023-01-01,C08615,P027,Outdoor & Camping,In-Store,North,2,188.99,0.0,188.99,377.98,119.52,,0
O0000033,2,2023-01-01,C08615,P009,Electronics,In-Store,North,1,31.99,0.0,31.99,31.99,24.77,,0
O0000034,1,2023-01-01,C09395,P013,Electronics,Online,West,1,28.99,0.0,28.99,28.99,23.01,,0
O0000034,2,2023-01-01,C09395,P070,Beauty & Care,Online,West,1,23.99,0.0,23.99,23.99,10.44,,0
O0000035,1,2023-01-01,C09992,P005,Electronics,In-Store,North,1,28.99,0.0,28.99,28.99,20.73,,0
O0000035,2,2023-01-01,C09992,P084,Gourmet Grocery,In-Store,North,2,15.99,0.0,15.99,31.98,11.44,,0
O0000036,1,2023-01-01,C10224,P071,Beauty & Care,In-Store,North,2,68.99,0.0,68.99,137.98,31.26,,0
O0000036,2,2023-01-01,C10224,P061,Sports & Fitness,In-Store,North,1,18.99,0.0,18.99,18.99,11.23,,0
O0000037,1,2023-01-01,C10394,P050,Apparel,In-Store,West,1,38.99,0.0,38.99,38.99,15.89,,0
O0000038,1,2023-01-01,C10418,P022,Home & Kitchen,In-Store,North,1,38.99,0.0,38.99,38.99,21.51,,0
O0000039,1,2023-01-01,C10458,P006,Electronics,In-Store,West,1,44.99,0.0,44.99,44.99,33.54,,0
O0000039,2,2023-01-01,C10458,P013,Electronics,In-Store,West,1,28.99,0.1,26.09,26.09,23.01,,0
O0000040,1,2023-01-01,C10776,P012,Electronics,Online,West,1,58.99,0.0,58.99,58.99,43.39,,0
O0000040,2,2023-01-01,C10776,P089,Gourmet Grocery,Online,West,2,8.99,0.0,8.99,17.98,5.94,,0
O0000041,1,2023-01-01,C11040,P031,Outdoor & Camping,Online,West,1,138.99,0.0,138.99,138.99,86.73,,0
O0000042,1,2023-01-01,C11508,P074,Toys & Games,Online,West,2,21.99,0.0,21.99,43.98,12.3,,0
O0000043,1,2023-01-01,C11525,P083,Gourmet Grocery,Mobile App,East,3,21.99,0.0,21.99,65.97,13.78,,0
O0000043,2,2023-01-01,C11525,P086,Gourmet Grocery,Mobile App,East,3,11.99,0.0,11.99,35.97,8.19,,0
O0000044,1,2023-01-01,C11723,P083,Gourmet Grocery,Online,East,2,21.99,0.0,21.99,43.98,13.78,,0
O0000045,1,2023-01-01,C12706,P010,Electronics,Online,North,1,288.99,0.0,288.99,288.99,214.87,,0
O0000045,2,2023-01-01,C12706,P084,Gourmet Grocery,Online,North,2,15.99,0.0,15.99,31.98,11.44,,0
O0000045,3,2023-01-01,C12706,P083,Gourmet Grocery,Online,North,2,21.99,0.0,21.99,43.98,13.78,,0
O0000046,1,2023-01-01,C12854,P055,Sports & Fitness,Online,East,2,28.99,0.0,28.99,57.98,18.35,,0
O0000046,2,2023-01-01,C12854,P016,Home & Kitchen,Online,East,1,88.99,0.0,88.99,88.99,48.52,,0
O0000046,3,2023-01-01,C12854,P026,Home & Kitchen,Online,East,1,21.99,0.0,21.99,21.99,13.14,,0
O0000046,4,2023-01-01,C12854,P081,Gourmet Grocery,Online,East,3,17.99,0.0,17.99,53.97,12.67,,0
O0000047,1,2023-01-01,C13641,P029,Outdoor & Camping,Online,South,1,68.99,0.0,68.99,68.99,41.44,,0
O0000047,2,2023-01-01,C13641,P017,Home & Kitchen,Online,South,3,34.99,0.0,34.99,104.97,20.21,,0
O0000048,1,2023-01-01,C13837,P083,Gourmet Grocery,Online,East,2,21.99,0.0,21.99,43.98,13.78,,0
O0000049,1,2023-01-01,C14177,P076,Toys & Games,Online,South,1,18.99,0.0,18.99,18.99,8.54,,0
O0000049,2,2023-01-01,C14177,P087,Gourmet Grocery,Online,South,1,18.99,0.0,18.99,18.99,14.34,,0
O0000050,1,2023-01-01,C14246,P075,Toys & Games,Mobile App,South,3,68.99,0.0,68.99,206.97,40.94,,0
O0000051,1,2023-01-01,C14560,P062,Beauty & Care,In-Store,North,1,33.99,0.0,33.99,33.99,13.02,,0
O0000051,2,2023-01-01,C14560,P050,Apparel,In-Store,North,2,38.99,0.0,38.99,77.98,15.89,,0
O0000052,1,2023-01-01,C14759,P022,Home & Kitchen,Mobile App,South,1,38.99,0.0,38.99,38.99,21.51,,0
O0000053,1,2023-01-01,C15258,P034,Outdoor & Camping,In-Store,East,1,58.99,0.0,58.99,58.99,37.47,,0
O0000053,2,2023-01-01,C15258,P025,Home & Kitchen,In-Store,East,1,88.99,0.0,88.99,88.99,49.85,,1
O0000053,3,2023-01-01,C15258,P016,Home & Kitchen,In-Store,East,1,88.99,0.0,88.99,88.99,48.52,,0
O0000053,4,2023-01-01,C15258,P012,Electronics,In-Store,East,1,58.99,0.0,58.99,58.99,43.39,,0
O0000054,1,2023-01-01,C15302,P012,Electronics,Online,South,1,58.99,0.0,58.99,58.99,43.39,,0
O0000054,2,2023-01-01,C15302,P005,Electronics,Online,South,2,28.99,0.0,28.99,57.98,20.73,,0
O0000055,1,2023-01-01,C15395,P046,Apparel,Online,North,1,24.99,0.0,24.99,24.99,10.94,,0
O0000055,2,2023-01-01,C15395,P052,Sports & Fitness,Online,North,2,248.99,0.0,248.99,497.98,149.94,,0
O0000055,3,2023-01-01,C15395,P059,Sports & Fitness,Online,North,1,48.99,0.1,44.09,44.09,29.06,,0
O0000056,1,2023-01-01,C15808,P018,Home & Kitchen,In-Store,East,1,128.99,0.0,128.99,128.99,82.34,,0
O0000057,1,2023-01-01,C15856,P046,Apparel,Online,South,1,24.99,0.1,22.49,22.49,10.94,,0
O0000057,2,2023-01-01,C15856,P001,Electronics,Online,South,1,78.99,0.0,78.99,78.99,63.33,,0
O0000057,3,2023-01-01,C15856,P050,Apparel,Online,South,2,38.99,0.0,38.99,77.98,15.89,,0
O0000058,1,2023-01-01,C15869,P067,Beauty & Care,Online,North,4,8.99,0.0,8.99,35.96,3.66,,0
O0000058,2,2023-01-01,C15869,P020,Home & Kitchen,Online,North,1,278.99,0.0,278.99,278.99,171.48,,0
O0000058,3,2023-01-01,C15869,P055,Sports & Fitness,Online,North,1,28.99,0.0,28.99,28.99,18.35,,0
O0000059,1,2023-01-01,C16565,P046,Apparel,Mobile App,East,1,24.99,0.0,24.99,24.99,10.94,,0
O0000059,2,2023-01-01,C16565,P012,Electronics,Mobile App,East,1,58.99,0.0,58.99,58.99,43.39,,0
O0000060,1,2023-01-02,C00179,P056,Sports & Fitness,Online,South,1,14.99,0.2,11.99,11.99,8.44,PR001,0
O0000060,2,2023-01-02,C00179,P083,Gourmet Grocery,Online,South,1,21.99,0.0,21.99,21.99,13.78,,0
O0000061,1,2023-01-02,C00359,P020,Home & Kitchen,Mobile App,South,1,278.99,0.0,278.99,278.99,171.48,,0
O0000062,1,2023-01-02,C00484,P072,Toys & Games,In-Store,East,1,48.99,0.1,44.09,44.09,27.59,,0
O0000062,2,2023-01-02,C00484,P078,Toys & Games,In-Store,East,1,14.99,0.0,14.99,14.99,8.06,,0
O0000063,1,2023-01-02,C00583,P010,Electronics,Online,North,1,288.99,0.0,288.99,288.99,214.87,,0
O0000063,2,2023-01-02,C00583,P003,Electronics,Online,North,1,198.99,0.0,198.99,198.99,153.76,,0
O0000064,1,2023-01-02,C00645,P004,Electronics,Online,North,1,24.99,0.0,24.99,24.99,18.12,,0
O0000064,2,2023-01-02,C00645,P017,Home & Kitchen,Online,North,1,34.99,0.0,34.99,34.99,20.21,,0
O0000065,1,2023-01-02,C00965,P078,Toys & Games,Mobile App,West,1,14.99,0.0,14.99,14.99,8.06,,0
O0000065,2,2023-01-02,C00965,P001,Electronics,Mobile App,West,1,78.99,0.0,78.99,78.99,63.33,,0
O0000066,1,2023-01-02,C01204,P076,Toys & Games,Mobile App,West,2,18.99,0.0,18.99,37.98,8.54,,0
O0000066,2,2023-01-02,C01204,P042,Apparel,Mobile App,West,1,158.99,0.0,158.99,158.99,66.24,,0
O0000066,3,2023-01-02,C01204,P046,Apparel,Mobile App,West,2,24.99,0.0,24.99,49.98,10.94,,0
O0000066,4,2023-01-02,C01204,P014,Home & Kitchen,Mobile App,West,1,118.99,0.0,118.99,118.99,65.48,,0
O0000066,5,2023-01-02,C01204,P044,Apparel,Mobile App,West,1,23.99,0.0,23.99,23.99,11.17,,0
O0000067,1,2023-01-02,C01224,P046,Apparel,Online,West,1,24.99,0.0,24.99,24.99,10.94,,0
O0000067,2,2023-01-02,C01224,P023,Home & Kitchen,Online,West,2,44.99,0.0,44.99,89.98,26.93,,0
O0000068,1,2023-01-02,C01409,P076,Toys & Games,Online,West,2,18.99,0.0,18.99,37.98,8.54,,1
O0000068,2,2023-01-02,C01409,P042,Apparel,Online,West,1,158.99,0.0,158.99,158.99,66.24,,0
O0000068,3,2023-01-02,C01409,P078,Toys & Games,Online,West,1,14.99,0.0,14.99,14.99,8.06,,0
O0000068,4,2023-01-02,C01409,P088,Gourmet Grocery,Online,West,1,78.99,0.0,78.99,78.99,54.57,,0
O0000068,5,2023-01-02,C01409,P044,Apparel,Online,West,1,23.99,0.0,23.99,23.99,11.17,,0
O0000069,1,2023-01-02,C01462,P011,Electronics,Online,East,1,138.99,0.0,138.99,138.99,107.9,,0
O0000069,2,2023-01-02,C01462,P060,Sports & Fitness,Online,East,1,11.99,0.2,9.59,9.59,7.26,PR001,0
O0000070,1,2023-01-02,C01531,P026,Home & Kitchen,In-Store,East,1,21.99,0.0,21.99,21.99,13.14,,0
O0000071,1,2023-01-02,C01630,P008,Electronics,Online,East,2,248.99,0.0,248.99,497.98,177.06,,0
O0000072,1,2023-01-02,C01750,P059,Sports & Fitness,Mobile App,North,1,48.99,0.2,39.19,39.19,29.06,PR001,0
O0000073,1,2023-01-02,C01943,P042,Apparel,Mobile App,North,1,158.99,0.0,158.99,158.99,66.24,,0
O0000073,2,2023-01-02,C01943,P013,Electronics,Mobile App,North,2,28.99,0.0,28.99,57.98,23.01,,1
O0000073,3,2023-01-02,C01943,P044,Apparel,Mobile App,North,1,23.99,0.0,23.99,23.99,11.17,,0
O0000074,1,2023-01-02,C02091,P016,Home & Kitchen,In-Store,South,1,88.99,0.0,88.99,88.99,48.52,,0
O0000074,2,2023-01-02,C02091,P031,Outdoor & Camping,In-Store,South,1,138.99,0.0,138.99,138.99,86.73,,0
O0000074,3,2023-01-02,C02091,P049,Apparel,In-Store,South,1,28.99,0.0,28.99,28.99,13.53,,0
O0000074,4,2023-01-02,C02091,P003,Electronics,In-Store,South,1,198.99,0.0,198.99,198.99,153.76,,0
O0000074,5,2023-01-02,C02091,P081,Gourmet Grocery,In-Store,South,2,17.99,0.0,17.99,35.98,12.67,,0
O0000075,1,2023-01-02,C02139,P009,Electronics,In-Store,South,1,31.99,0.0,31.99,31.99,24.77,,0
O0000076,1,2023-01-02,C02166,P005,Electronics,In-Store,West,1,28.99,0.0,28.99,28.99,20.73,,1
O0000076,2,2023-01-02,C02166,P003,Electronics,In-Store,West,1,198.99,0.0,198.99,198.99,153.76,,0
O0000076,3,2023-01-02,C02166,P076,Toys & Games,In-Store,West,1,18.99,0.0,18.99,18.99,8.54,,0
O0000076,4,2023-01-02,C02166,P072,Toys & Games,In-Store,West,1,48.99,0.0,48.99,48.99,27.59,,0
O0000076,5,2023-01-02,C02166,P056,Sports & Fitness,In-Store,West,2,14.99,0.2,11.99,23.98,8.44,PR001,0
O0000077,1,2023-01-02,C02747,P040,Apparel,Mobile App,North,2,68.99,0.0,68.99,137.98,26.63,,1
O0000078,1,2023-01-02,C02902,P004,Electronics,In-Store,North,1,24.99,0.0,24.99,24.99,18.12,,0
O0000079,1,2023-01-02,C03220,P027,Outdoor & Camping,In-Store,East,1,188.99,0.0,188.99,188.99,119.52,,0
O0000079,2,2023-01-02,C03220,P036,Outdoor & Camping,In-Store,East,1,11.99,0.0,11.99,11.99,7.9,,0
O0000080,1,2023-01-02,C03319,P059,Sports & Fitness,In-Store,West,2,48.99,0.2,39.19,78.38,29.06,PR001,0
O0000081,1,2023-01-02,C04021,P008,Electronics,In-Store,West,1,248.99,0.0,248.99,248.99,177.06,,0
O0000081,2,2023-01-02,C04021,P062,Beauty & Care,In-Store,West,1,33.99,0.0,33.99,33.99,13.02,,0
O0000082,1,2023-01-02,C04274,P020,Home & Kitchen,In-Store,South,1,278.99,0.0,278.99,278.99,171.48,,0
O0000082,2,2023-01-02,C04274,P041,Apparel,In-Store,South,1,78.99,0.0,78.99,78.99,34.98,,0
O0000082,3,2023-01-02,C04274,P066,Beauty & Care,In-Store,South,1,21.99,0.0,21.99,21.99,8.23,,0
O0000082,4,2023-01-02,C04274,P060,Sports & Fitness,In-Store,South,1,11.99,0.2,9.59,9.59,7.26,PR001,0
O0000082,5,2023-01-02,C04274,P017,Home & Kitchen,In-Store,South,1,34.99,0.0,34.99,34.99,20.21,,0
O0000083,1,2023-01-02,C04458,P055,Sports & Fitness,Mobile App,West,1,28.99,0.2,23.19,23.19,18.35,PR001,0
O0000083,2,2023-01-02,C04458,P043,Apparel,Mobile App,West,1,128.99,0.0,128.99,128.99,64.18,,0
O0000084,1,2023-01-02,C04584,P020,Home & Kitchen,Online,North,1,278.99,0.0,278.99,278.99,171.48,,0
O0000085,1,2023-01-02,C05280,P003,Electronics,In-Store,North,1,198.99,0.0,198.99,198.99,153.76,,0
O0000085,2,2023-01-02,C05280,P053,Sports & Fitness,In-Store,North,1,24.99,0.2,19.99,19.99,14.02,PR001,0
O0000086,1,2023-01-02,C05365,P026,Home & Kitchen,Online,North,3,21.99,0.0,21.99,65.97,13.14,,0
O0000086,2,2023-01-02,C05365,P078,Toys & Games,Online,North,1,14.99,0.0,14.99,14.99,8.06,,0
O0000087,1,2023-01-02,C06368,P039,Apparel,In-Store,North,1,128.99,0.0,128.99,128.99,60.78,,0
O0000087,2,2023-01-02,C06368,P042,Apparel,In-Store,North,1,158.99,0.0,158.99,158.99,66.24,,1
O0000088,1,2023-01-02,C06451,P039,Apparel,Online,South,2,128.99,0.0,128.99,257.98,60.78,,0
O0000088,2,2023-01-02,C06451,P014,Home & Kitchen,Online,South,2,118.99,0.0,118.99,237.98,65.48,,0
O0000089,1,2023-01-02,C06534,P012,Electronics,Mobile App,East,1,58.99,0.0,58.99,58.99,43.39,,0
O0000090,1,2023-01-02,C06607,P064,Beauty & Care,Mobile App,North,2,18.99,0.0,18.99,37.98,6.29,,0
O0000090,2,2023-01-02,C06607,P052,Sports & Fitness,Mobile App,North,1,248.99,0.2,199.19,199.19,149.94,PR001,0
O0000091,1,2023-01-02,C06838,P083,Gourmet Grocery,In-Store,South,1,21.99,0.0,21.99,21.99,13.78,,0
O0000091,2,2023-01-02,C06838,P013,Electronics,In-Store,South,1,28.99,0.0,28.99,28.99,23.01,,0
O0000091,3,2023-01-02,C06838,P088,Gourmet Grocery,In-Store,South,1,78.99,0.0,78.99,78.99,54.57,,0
O0000092,1,2023-01-02,C06865,P014,Home & Kitchen,In-Store,South,1,118.99,0.0,118.99,118.99,65.48,,0
O0000093,1,2023-01-02,C07094,P020,Home & Kitchen,In-Store,West,1,278.99,0.0,278.99,278.99,171.48,,1
O0000093,2,2023-01-02,C07094,P014,Home & Kitchen,In-Store,West,1,118.99,0.0,118.99,118.99,65.48,,1
O0000094,1,2023-01-02,C07233,P047,Apparel,In-Store,North,1,58.99,0.0,58.99,58.99,19.67,,0
O0000094,2,2023-01-02,C07233,P040,Apparel,In-Store,North,1,68.99,0.0,68.99,68.99,26.63,,0
O0000094,3,2023-01-02,C07233,P038,Outdoor & Camping,In-Store,North,1,34.99,0.0,34.99,34.99,22.53,,0
O0000095,1,2023-01-02,C07310,P018,Home & Kitchen,Online,West,1,128.99,0.0,128.99,128.99,82.34,,0
O0000095,2,2023-01-02,C07310,P033,Outdoor & Camping,Online,West,2,48.99,0.0,48.99,97.98,32.33,,0
O0000096,1,2023-01-02,C07373,P010,Electronics,In-Store,East,1,288.99,0.0,288.99,288.99,214.87,,0
O0000096,2,2023-01-02,C07373,P008,Electronics,In-Store,East,1,248.99,0.0,248.99,248.99,177.06,,0
O0000097,1,2023-01-02,C07414,P006,Electronics,In-Store,North,1,44.99,0.0,44.99,44.99,33.54,,0
O0000097,2,2023-01-02,C07414,P053,Sports & Fitness,In-Store,North,1,24.99,0.2,19.99,19.99,14.02,PR001,0
O0000098,1,2023-01-02,C07428,P023,Home & Kitchen,Mobile App,South,1,44.99,0.0,44.99,44.99,26.93,,0
O0000098,2,2023-01-02,C07428,P034,Outdoor & Camping,Mobile App,South,1,58.99,0.0,58.99,58.99,37.47,,0
O0000099,1,2023-01-02,C07763,P078,Toys & Games,Online,South,1,14.99,0.0,14.99,14.99,8.06,,0
O0000100,1,2023-01-02,C07771,P011,Electronics,In-Store,West,1,138.99,0.0,138.99,138.99,107.9,,0
O0000100,2,2023-01-02,C07771,P003,Electronics,In-Store,West,1,198.99,0.0,198.99,198.99,153.76,,0
O0000100,3,2023-01-02,C07771,P050,Apparel,In-Store,West,1,38.99,0.0,38.99,38.99,15.89,,1
O0000100,4,2023-01-02,C07771,P063,Beauty & Care,In-Store,West,1,27.99,0.0,27.99,27.99,12.57,,0
O0000100,5,2023-01-02,C07771,P005,Electronics,In-Store,West,1,28.99,0.0,28.99,28.99,20.73,,0
O0000100,6,2023-01-02,C07771,P068,Beauty & Care,In-Store,West,1,11.99,0.0,11.99,11.99,4.76,,0
O0000101,1,2023-01-02,C08289,P007,Electronics,In-Store,East,1,328.99,0.0,328.99,328.99,250.7,,0
O0000101,2,2023-01-02,C08289,P065,Beauty & Care,In-Store,East,2,13.99,0.0,13.99,27.98,4.78,,0
O0000102,1,2023-01-02,C08293,P078,Toys & Games,Online,South,2,14.99,0.0,14.99,29.98,8.06,,0
O0000102,2,2023-01-02,C08293,P062,Beauty & Care,Online,South,3,33.99,0.0,33.99,101.97,13.02,,0
O0000102,3,2023-01-02,C08293,P068,Beauty & Care,Online,South,2,11.99,0.0,11.99,23.98,4.76,,0
O0000103,1,2023-01-02,C08348,P011,Electronics,Online,North,1,138.99,0.0,138.99,138.99,107.9,,0
O0000103,2,2023-01-02,C08348,P010,Electronics,Online,North,1,288.99,0.0,288.99,288.99,214.87,,0
O0000104,1,2023-01-02,C08381,P076,Toys & Games,In-Store,North,3,18.99,0.0,18.99,56.97,8.54,,0
O0000104,2,2023-01-02,C08381,P054,Sports & Fitness,In-Store,North,1,28.99,0.2,23.19,23.19,18.52,PR001,0
O0000105,1,2023-01-02,C08483,P041,Apparel,In-Store,South,2,78.99,0.0,78.99,157.98,34.98,,0
O0000106,1,2023-01-02,C08504,P052,Sports & Fitness,In-Store,North,1,248.99,0.2,199.19,199.19,149.94,PR001,1
O0000106,2,2023-01-02,C08504,P075,Toys & Games,In-Store,North,2,68.99,0.0,68.99,137.98,40.94,,0
O0000106,3,2023-01-02,C08504,P047,Apparel,In-Store,North,3,58.99,0.1,53.09,159.27,19.67,,0
O0000107,1,2023-01-02,C08525,P041,Apparel,In-Store,North,1,78.99,0.0,78.99,78.99,34.98,,0
O0000107,2,2023-01-02,C08525,P005,Electronics,In-Store,North,1,28.99,0.0,28.99,28.99,20.73,,1
O0000107,3,2023-01-02,C08525,P059,Sports & Fitness,In-Store,North,1,48.99,0.2,39.19,39.19,29.06,PR001,0
O0000108,1,2023-01-02,C08558,P007,Electronics,Online,South,1,328.99,0.0,328.99,328.99,250.7,,0
O0000108,2,2023-01-02,C08558,P062,Beauty & Care,Online,South,1,33.99,0.0,33.99,33.99,13.02,,1
O0000109,1,2023-01-02,C08688,P067,Beauty & Care,In-Store,South,1,8.99,0.0,8.99,8.99,3.66,,0
O0000110,1,2023-01-02,C08895,P044,Apparel,In-Store,North,3,23.99,0.0,23.99,71.97,11.17,,1
O0000110,2,2023-01-02,C08895,P042,Apparel,In-Store,North,1,158.99,0.0,158.99,158.99,66.24,,1
O0000111,1,2023-01-02,C09040,P068,Beauty & Care,Online,North,2,11.99,0.0,11.99,23.98,4.76,,0
O0000112,1,2023-01-02,C09057,P008,Electronics,In-Store,West,1,248.99,0.0,248.99,248.99,177.06,,0
O0000112,2,2023-01-02,C09057,P065,Beauty & Care,In-Store,West,1,13.99,0.0,13.99,13.99,4.78,,0
O0000113,1,2023-01-02,C09229,P053,Sports & Fitness,In-Store,East,1,24.99,0.2,19.99,19.99,14.02,PR001,0
O0000113,2,2023-01-02,C09229,P050,Apparel,In-Store,East,1,38.99,0.0,38.99,38.99,15.89,,1
O0000113,3,2023-01-02,C09229,P046,Apparel,In-Store,East,3,24.99,0.0,24.99,74.97,10.94,,0
O0000114,1,2023-01-02,C09306,P063,Beauty & Care,In-Store,North,5,27.99,0.0,27.99,139.95,12.57,,0
O0000114,2,2023-01-02,C09306,P039,Apparel,In-Store,North,1,128.99,0.0,128.99,128.99,60.78,,0
O0000114,3,2023-01-02,C09306,P014,Home & Kitchen,In-Store,North,1,118.99,0.0,118.99,118.99,65.48,,0
O0000115,1,2023-01-02,C09660,P072,Toys & Games,In-Store,East,1,48.99,0.1,44.09,44.09,27.59,,0
O0000115,2,2023-01-02,C09660,P087,Gourmet Grocery,In-Store,East,1,18.99,0.0,18.99,18.99,14.34,,0
O0000116,1,2023-01-02,C09855,P039,Apparel,Mobile App,North,1,128.99,0.0,128.99,128.99,60.78,,1
O0000116,2,2023-01-02,C09855,P036,Outdoor & Camping,Mobile App,North,1,11.99,0.0,11.99,11.99,7.9,,0
O0000117,1,2023-01-02,C09904,P009,Electronics,In-Store,East,2,31.99,0.0,31.99,63.98,24.77,,0
O0000117,2,2023-01-02,C09904,P075,Toys & Games,In-Store,East,2,68.99,0.0,68.99,137.98,40.94,,0
O0000117,3,2023-01-02,C09904,P052,Sports & Fitness,In-Store,East,1,248.99,0.2,199.19,199.19,149.94,PR001,0
O0000118,1,2023-01-02,C09919,P012,Electronics,Online,East,1,58.99,0.0,58.99,58.99,43.39,,0
O0000118,2,2023-01-02,C09919,P083,Gourmet Grocery,Online,East,2,21.99,0.0,21.99,43.98,13.78,,0
O0000118,3,2023-01-02,C09919,P052,Sports & Fitness,Online,East,1,248.99,0.2,199.19,199.19,149.94,PR001,0
O0000119,1,2023-01-02,C10002,P042,Apparel,Online,South,2,158.99,0.0,158.99,317.98,66.24,,0
O0000119,2,2023-01-02,C10002,P049,Apparel,Online,South,4,28.99,0.0,28.99,115.96,13.53,,1
O0000119,3,2023-01-02,C10002,P067,Beauty & Care,Online,South,1,8.99,0.0,8.99,8.99,3.66,,0
O0000119,4,2023-01-02,C10002,P044,Apparel,Online,South,1,23.99,0.0,23.99,23.99,11.17,,1
O0000120,1,2023-01-02,C10047,P020,Home & Kitchen,In-Store,West,1,278.99,0.0,278.99,278.99,171.48,,0
O0000120,2,2023-01-02,C10047,P040,Apparel,In-Store,West,1,68.99,0.0,68.99,68.99,26.63,,1
O0000121,1,2023-01-02,C11130,P062,Beauty & Care,Online,East,2,33.99,0.0,33.99,67.98,13.02,,0
O0000121,2,2023-01-02,C11130,P012,Electronics,Online,East,1,58.99,0.0,58.99,58.99,43.39,,0
O0000122,1,2023-01-02,C11172,P059,Sports & Fitness,In-Store,North,2,48.99,0.2,39.19,78.38,29.06,PR001,0
O0000123,1,2023-01-02,C11226,P052,Sports & Fitness,Online,West,1,248.99,0.2,199.19,199.19,149.94,PR001,0
O0000123,2,2023-01-02,C11226,P016,Home & Kitchen,Online,West,1,88.99,0.0,88.99,88.99,48.52,,0
O0000123,3,2023-01-02,C11226,P012,Electronics,Online,West,1,58.99,0.0,58.99,58.99,43.39,,0
O0000123,4,2023-01-02,C11226,P073,Toys & Games,Online,West,2,38.99,0.0,38.99,77.98,19.36,,0
O0000123,5,2023-01-02,C11226,P081,Gourmet Grocery,Online,West,1,17.99,0.0,17.99,17.99,12.67,,0
O0000124,1,2023-01-02,C11347,P087,Gourmet Grocery,Online,West,3,18.99,0.0,18.99,56.97,14.34,,0
O0000124,2,2023-01-02,C11347,P026,Home & Kitchen,Online,West,1,21.99,0.0,21.99,21.99,13.14,,0
O0000124,3,2023-01-02,C11347,P058,Sports & Fitness,Online,West,1,58.99,0.2,47.19,47.19,36.47,PR001,0
O0000124,4,2023-01-02,C11347,P086,Gourmet Grocery,Online,West,1,11.99,0.0,11.99,11.99,8.19,,0
O0000125,1,2023-01-02,C12465,P012,Electronics,In-Store,South,1,58.99,0.0,58.99,58.99,43.39,,0
O0000126,1,2023-01-02,C12509,P059,Sports & Fitness,In-Store,East,1,48.99,0.2,39.19,39.19,29.06,PR001,0
O0000127,1,2023-01-02,C13045,P008,Electronics,Online,East,1,248.99,0.0,248.99,248.99,177.06,,0
O0000128,1,2023-01-02,C13539,P026,Home & Kitchen,In-Store,West,1,21.99,0.0,21.99,21.99,13.14,,0
O0000129,1,2023-01-02,C13639,P022,Home & Kitchen,In-Store,North,1,38.99,0.0,38.99,38.99,21.51,,0
O0000129,2,2023-01-02,C13639,P020,Home & Kitchen,In-Store,North,1,278.99,0.0,278.99,278.99,171.48,,0
O0000130,1,2023-01-02,C13676,P004,Electronics,Online,East,2,24.99,0.0,24.99,49.98,18.12,,0
O0000130,2,2023-01-02,C13676,P087,Gourmet Grocery,Online,East,1,18.99,0.0,18.99,18.99,14.34,,0
O0000130,3,2023-01-02,C13676,P013,Electronics,Online,East,1,28.99,0.0,28.99,28.99,23.01,,0
O0000131,1,2023-01-02,C13685,P012,Electronics,In-Store,North,1,58.99,0.0,58.99,58.99,43.39,,0
O0000131,2,2023-01-02,C13685,P013,Electronics,In-Store,North,1,28.99,0.0,28.99,28.99,23.01,,0
O0000132,1,2023-01-02,C13830,P041,Apparel,Online,East,2,78.99,0.0,78.99,157.98,34.98,,0
O0000132,2,2023-01-02,C13830,P053,Sports & Fitness,Online,East,1,24.99,0.2,19.99,19.99,14.02,PR001,1
O0000133,1,2023-01-02,C13954,P056,Sports & Fitness,In-Store,South,1,14.99,0.2,11.99,11.99,8.44,PR001,0
O0000133,2,2023-01-02,C13954,P007,Electronics,In-Store,South,1,328.99,0.0,328.99,328.99,250.7,,0
O0000133,3,2023-01-02,C13954,P077,Toys & Games,In-Store,South,1,34.99,0.0,34.99,34.99,19.65,,0
O0000133,4,2023-01-02,C13954,P010,Electronics,In-Store,South,1,288.99,0.0,288.99,288.99,214.87,,0
O0000133,5,2023-01-02,C13954,P088,Gourmet Grocery,In-Store,South,1,78.99,0.0,78.99,78.99,54.57,,0
O0000133,6,2023-01-02,C13954,P055,Sports & Fitness,In-Store,South,1,28.99,0.2,23.19,23.19,18.35,PR001,0
O0000134,1,2023-01-02,C14233,P072,Toys & Games,In-Store,South,1,48.99,0.0,48.99,48.99,27.59,,0
O0000134,2,2023-01-02,C14233,P002,Electronics,In-Store,South,1,58.99,0.0,58.99,58.99,49.44,,0
O0000135,1,2023-01-02,C14832,P080,Toys & Games,Online,South,1,28.99,0.0,28.99,28.99,17.18,,0
O0000136,1,2023-01-02,C14833,P019,Home & Kitchen,In-Store,West,1,28.99,0.0,28.99,28.99,17.56,,0
O0000137,1,2023-01-02,C15155,P080,Toys & Games,Online,North,1,28.99,0.0,28.99,28.99,17.18,,0
O0000137,2,2023-01-02,C15155,P019,Home & Kitchen,Online,North,1,28.99,0.0,28.99,28.99,17.56,,0
O0000137,3,2023-01-02,C15155,P058,Sports & Fitness,Online,North,1,58.99,0.2,47.19,47.19,36.47,PR001,0
O0000138,1,2023-01-02,C15157,P046,Apparel,In-Store,East,2,24.99,0.0,24.99,49.98,10.94,,0
O0000138,2,2023-01-02,C15157,P026,Home & Kitchen,In-Store,East,1,21.99,0.0,21.99,21.99,13.14,,0
O0000139,1,2023-01-02,C15165,P067,Beauty & Care,In-Store,South,2,8.99,0.0,8.99,17.98,3.66,,0
O0000140,1,2023-01-02,C16179,P050,Apparel,In-Store,East,2,38.99,0.0,38.99,77.98,15.89,,0
O0000140,2,2023-01-02,C16179,P054,Sports & Fitness,In-Store,East,1,28.99,0.2,23.19,23.19,18.52,PR001,0
O0000141,1,2023-01-02,C16220,P032,Outdoor & Camping,In-Store,East,1,38.99,0.0,38.99,38.99,26.81,,0
O0000142,1,2023-01-02,C16243,P056,Sports & Fitness,Online,South,1,14.99,0.2,11.99,11.99,8.44,PR001,0
O0000142,2,2023-01-02,C16243,P010,Electronics,Online,South,1,288.99,0.0,288.99,288.99,214.87,,0
O0000142,3,2023-01-02,C16243,P076,Toys & Games,Online,South,2,18.99,0.0,18.99,37.98,8.54,,0
O0000143,1,2023-01-02,C16328,P012,Electronics,Online,South,1,58.99,0.0,58.99,58.99,43.39,,1
O0000143,2,2023-01-02,C16328,P059,Sports & Fitness,Online,South,1,48.99,0.2,39.19,39.19,29.06,PR001,0
O0000143,3,2023-01-02,C16328,P052,Sports & Fitness,Online,South,4,248.99,0.2,199.19,796.76,149.94,PR001,0
O0000143,4,2023-01-02,C16328,P020,Home & Kitchen,Online,South,1,278.99,0.0,278.99,278.99,171.48,,0
O0000143,5,2023-01-02,C16328,P023,Home & Kitchen,Online,South,1,44.99,0.0,44.99,44.99,26.93,,0
O0000144,1,2023-01-02,C16421,P017,Home & Kitchen,In-Store,East,1,34.99,0.0,34.99,34.99,20.21,,0
O0000144,2,2023-01-02,C16421,P018,Home & Kitchen,In-Store,East,2,128.99,0.0,128.99,257.98,82.34,,0
O0000145,1,2023-01-02,C16498,P012,Electronics,Online,North,1,58.99,0.0,58.99,58.99,43.39,,0
O0000145,2,2023-01-02,C16498,P014,Home & Kitchen,Online,North,1,118.99,0.0,118.99,118.99,65.48,,0
O0000145,3,2023-01-02,C16498,P040,Apparel,Online,North,2,68.99,0.0,68.99,137.98,26.63,,0
O0000146,1,2023-01-02,C16512,P059,Sports & Fitness,Online,North,1,48.99,0.2,39.19,39.19,29.06,PR001,0
O0000146,2,2023-01-02,C16512,P035,Outdoor & Camping,Online,North,1,158.99,0.0,158.99,158.99,93.89,,0
O0000146,3,2023-01-02,C16512,P076,Toys & Games,Online,North,1,18.99,0.0,18.99,18.99,8.54,,0
O0000147,1,2023-01-02,C16758,P076,Toys & Games,In-Store,North,1,18.99,0.0,18.99,18.99,8.54,,0
O0000147,2,2023-01-02,C16758,P020,Home & Kitchen,In-Store,North,1,278.99,0.0,278.99,278.99,171.48,,0
O0000147,3,2023-01-02,C16758,P038,Outdoor & Camping,In-Store,North,1,34.99,0.0,34.99,34.99,22.53,,0
O0000148,1,2023-01-02,C16865,P020,Home & Kitchen,In-Store,East,2,278.99,0.0,278.99,557.98,171.48,,0
O0000148,2,2023-01-02,C16865,P064,Beauty & Care,In-Store,East,2,18.99,0.0,18.99,37.98,6.29,,1
O0000148,3,2023-01-02,C16865,P023,Home & Kitchen,In-Store,East,1,44.99,0.0,44.99,44.99,26.93,,0
O0000149,1,2023-01-02,C17201,P065,Beauty & Care,In-Store,East,1,13.99,0.0,13.99,13.99,4.78,,0
O0000149,2,2023-01-02,C17201,P018,Home & Kitchen,In-Store,East,1,128.99,0.0,128.99,128.99,82.34,,0
O0000150,1,2023-01-02,C17417,P010,Electronics,In-Store,North,1,288.99,0.0,288.99,288.99,214.87,,0
O0000150,2,2023-01-02,C17417,P062,Beauty & Care,In-Store,North,3,33.99,0.1,30.59,91.77,13.02,,0
O0000150,3,2023-01-02,C17417,P034,Outdoor & Camping,In-Store,North,1,58.99,0.0,58.99,58.99,37.47,,0
O0000151,1,2023-01-02,C17556,P008,Electronics,In-Store,North,1,248.99,0.0,248.99,248.99,177.06,,0
O0000151,2,2023-01-02,C17556,P083,Gourmet Grocery,In-Store,North,3,21.99,0.0,21.99,65.97,13.78,,0
O0000152,1,2023-01-02,C17622,P062,Beauty & Care,In-Store,West,1,33.99,0.0,33.99,33.99,13.02,,1
O0000152,2,2023-01-02,C17622,P056,Sports & Fitness,In-Store,West,1,14.99,0.2,11.99,11.99,8.44,PR001,0
O0000152,3,2023-01-02,C17622,P070,Beauty & Care,In-Store,West,1,23.99,0.0,23.99,23.99,10.44,,0
O0000153,1,2023-01-02,C17838,P052,Sports & Fitness,In-Store,East,2,248.99,0.2,199.19,398.38,149.94,PR001,0
O0000153,2,2023-01-02,C17838,P061,Sports & Fitness,In-Store,East,1,18.99,0.2,15.19,15.19,11.23,PR001,0
O0000154,1,2023-01-03,C00134,P039,Apparel,Mobile App,North,1,128.99,0.0,128.99,128.99,60.78,,0
O0000154,2,2023-01-03,C00134,P076,Toys & Games,Mobile App,North,1,18.99,0.0,18.99,18.99,8.54,,0
O0000154,3,2023-01-03,C00134,P021,Home & Kitchen,Mobile App,North,1,118.99,0.0,118.99,118.99,70.61,,0
O0000155,1,2023-01-03,C00608,P058,Sports & Fitness,In-Store,South,1,58.99,0.2,47.19,47.19,36.47,PR001,0
O0000155,1,2023-01-03,C00608,P058,Sports & Fitness,In-Store,South,1,58.99,0.2,47.19,47.19,36.47,PR001,0
O0000155,2,2023-01-03,C00608,P061,Sports & Fitness,In-Store,South,1,18.99,0.2,15.19,15.19,11.23,PR001,0
O0000156,1,2023-01-03,C01071,P025,Home & Kitchen,,East,1,88.99,0.0,88.99,88.99,49.85,,0
O0000156,2,2023-01-03,C01071,P023,Home & Kitchen,In-Store,East,3,44.99,0.0,44.99,134.97,26.93,,0
O0000156,3,2023-01-03,C01071,P014,Home & Kitchen,In-Store,East,1,118.99,0.0,118.99,118.99,65.48,,0
O0000156,4,2023-01-03,C01071,P019,Home & Kitchen,In-Store,East,2,28.99,0.0,28.99,57.98,17.56,,0
O0000156,5,2023-01-03,C01071,P013,Electronics,In-Store,East,1,28.99,0.0,28.99,28.99,23.01,,0
O0000157,1,2023-01-03,C01591,P040,Apparel,In-Store,West,1,68.99,0.0,68.99,68.99,26.63,,0
O0000157,2,2023-01-03,C01591,P059,Sports & Fitness,In-Store,West,2,48.99,0.2,39.19,78.38,29.06,PR001,0
O0000158,1,2023-01-03,C01692,P020,Home & Kitchen,Online,East,1,278.99,0.0,278.99,278.99,171.48,,1
O0000159,1,2023-01-03,C01830,P042,Apparel,Online,North,1,158.99,0.0,158.99,158.99,66.24,,0
O0000160,1,2023-01-03,C01954,P088,Gourmet Grocery,In-Store,West,2,78.99,0.0,78.99,157.98,54.57,,0
O0000160,2,2023-01-03,C01954,P015,Home & Kitchen,In-Store,West,1,48.99,0.0,48.99,48.99,27.96,,0
O0000161,1,2023-01-03,C02149,P075,Toys & Games,In-Store,North,1,68.99,0.0,68.99,68.99,40.94,,0
O0000161,2,2023-01-03,C02149,P036,Outdoor & Camping,In-Store,North,1,11.99,0.0,11.99,11.99,7.9,,0
O0000161,3,2023-01-03,C02149,P040,Apparel,In-Store,North,1,68.99,0.0,68.99,68.99,26.63,,0
O0000162,1,2023-01-03,C02166,P076,Toys & Games,In-Store,West,1,18.99,0.0,18.99,18.99,8.54,,0
O0000163,1,2023-01-03,C02355,P046,Apparel,Mobile App,North,2,24.99,0.0,24.99,49.98,10.94,,0
O0000164,1,2023-01-03,C02688,P039,Apparel,Mobile App,North,1,128.99,0.0,128.99,128.99,60.78,,0
O0000164,2,2023-01-03,C02688,P059,Sports & Fitness,Mobile App,North,1,48.99,0.2,39.19,39.19,29.06,PR001,1
O0000164,3,2023-01-03,C02688,P048,Apparel,Mobile App,North,1,118.99,0.0,118.99,118.99,63.7,,0
O0000164,4,2023-01-03,C02688,P046,Apparel,Mobile App,North,2,24.99,0.0,24.99,49.98,10.94,,1
O0000165,1,2023-01-03,C02863,P033,Outdoor & Camping,In-Store,West,1,48.99,0.0,48.99,48.99,32.33,,0
O0000165,2,2023-01-03,C02863,P046,Apparel,In-Store,West,1,24.99,0.0,24.99,24.99,10.94,,1
O0000166,1,2023-01-03,C03267,P084,Gourmet Grocery,In-Store,East,3,15.99,0.0,15.99,47.97,11.44,,0
O0000166,2,2023-01-03,C03267,P087,Gourmet Grocery,In-Store,East,1,18.99,0.0,18.99,18.99,14.34,,0
O0000167,1,2023-01-03,C03349,P052,Sports & Fitness,In-Store,South,1,248.99,0.2,199.19,199.19,149.94,PR001,0
O0000167,2,2023-01-03,C03349,P033,Outdoor & Camping,In-Store,South,2,48.99,0.0,48.99,97.98,32.33,,0
O0000167,3,2023-01-03,C03349,P062,Beauty & Care,In-Store,South,1,33.99,0.0,33.99,33.99,13.02,,0
O0000167,4,2023-01-03,C03349,P059,Sports & Fitness,In-Store,South,1,48.99,0.2,39.19,39.19,29.06,PR001,0
O0000168,1,2023-01-03,C03569,P043,Apparel,Online,South,1,128.99,0.0,128.99,128.99,64.18,,0
O0000169,1,2023-01-03,C04729,P050,Apparel,Online,East,2,38.99,0.0,38.99,77.98,15.89,,0
O0000169,2,2023-01-03,C04729,P053,Sports & Fitness,Online,East,1,24.99,0.2,19.99,19.99,14.02,PR001,0
O0000170,1,2023-01-03,C04874,P056,Sports & Fitness,In-Store,South,1,14.99,0.2,11.99,11.99,8.44,PR001,0
O0000170,2,2023-01-03,C04874,P009,Electronics,In-Store,South,1,31.99,0.0,31.99,31.99,24.77,,0
O0000171,1,2023-01-03,C05127,P052,Sports & Fitness,In-Store,West,1,248.99,0.2,199.19,199.19,149.94,PR001,0
O0000171,2,2023-01-03,C05127,P020,Home & Kitchen,In-Store,West,1,278.99,0.0,278.99,278.99,171.48,,0
O0000171,3,2023-01-03,C05127,P023,Home & Kitchen,In-Store,West,1,44.99,0.0,44.99,44.99,26.93,,0
O0000172,1,2023-01-03,C05823,P084,Gourmet Grocery,Online,North,1,15.99,0.0,15.99,15.99,11.44,,0
O0000173,1,2023-01-03,C05911,P051,Sports & Fitness,In-Store,South,1,38.99,0.2,31.19,31.19,25.02,PR001,0
O0000173,2,2023-01-03,C05911,P059,Sports & Fitness,In-Store,South,2,48.99,0.2,39.19,78.38,29.06,PR001,0
O0000173,3,2023-01-03,C05911,P039,Apparel,In-Store,South,1,128.99,0.0,128.99,128.99,60.78,,0
O0000174,1,2023-01-03,C06381,P018,Home & Kitchen,Online,East,1,128.99,0.0,128.99,128.99,82.34,,0
O0000174,2,2023-01-03,C06381,P024,Home & Kitchen,Online,East,2,48.99,0.0,48.99,97.98,30.92,,0
O0000175,1,2023-01-03,C06383,P015,Home & Kitchen,In-Store,North,2,48.99,0.0,48.99,97.98,27.96,,0
O0000175,2,2023-01-03,C06383,P009,Electronics,In-Store,North,1,31.99,0.0,31.99,31.99,24.77,,0
O0000176,1,2023-01-03,C06451,P017,Home & Kitchen,Online,South,1,34.99,0.0,34.99,34.99,20.21,,0
O0000176,2,2023-01-03,C06451,P027,Outdoor & Camping,Online,South,1,188.99,0.0,188.99,188.99,119.52,,0
O0000176,3,2023-01-03,C06451,P037,Outdoor & Camping,Online,South,1,78.99,0.1,71.09,71.09,54.44,,0
O0000176,4,2023-01-03,C06451,P028,Outdoor & Camping,Online,South,1,98.99,0.0,98.99,98.99,62.82,,0
O0000176,5,2023-01-03,C06451,P081,Gourmet Grocery,Online,South,2,17.99,0.0,17.99,35.98,12.67,,0
O0000177,1,2023-01-03,C06622,P002,Electronics,In-Store,North,1,58.99,0.0,58.99,58.99,49.44,,0
O0000177,2,2023-01-03,C06622,P067,Beauty & Care,In-Store,North,3,8.99,0.0,8.99,26.97,3.66,,0
O0000177,3,2023-01-03,C06622,P046,Apparel,In-Store,North,1,24.99,0.0,24.99,24.99,10.94,,0
O0000178,1,2023-01-03,C06736,P083,Gourmet Grocery,Online,East,2,21.99,0.0,21.99,43.98,13.78,,0
O0000178,2,2023-01-03,C06736,P082,Gourmet Grocery,Online,East,1,7.99,0.0,7.99,7.99,4.92,,0
O0000178,3,2023-01-03,C06736,P078,Toys & Games,Online,East,1,14.99,0.0,14.99,14.99,8.06,,0
O0000178,4,2023-01-03,C06736,P074,Toys & Games,Online,East,1,21.99,0.0,21.99,21.99,12.3,,0
O0000179,1,2023-01-03,C06941,P062,Beauty & Care,In-Store,South,2,33.99,0.0,33.99,67.98,13.02,,0
O0000179,2,2023-01-03,C06941,P073,Toys & Games,In-Store,South,1,38.99,0.0,38.99,38.99,19.36,,0
O0000180,1,2023-01-03,C07009,P053,Sports & Fitness,In-Store,East,1,24.99,0.2,19.99,19.99,14.02,PR001,0
O0000181,1,2023-01-03,C07120,P062,Beauty & Care,In-Store,North,1,33.99,0.0,33.99,33.99,13.02,,0
O0000182,1,2023-01-03,C07542,P076,Toys & Games,Online,East,1,18.99,0.0,18.99,18.99,8.54,,0
O0000182,2,2023-01-03,C07542,P064,Beauty & Care,Online,East,1,18.99,0.1,17.09,17.09,6.29,,0
O0000182,3,2023-01-03,C07542,P063,Beauty & Care,Online,East,1,27.99,0.0,27.99,27.99,12.57,,0
O0000182,4,2023-01-03,C07542,P081,Gourmet Grocery,Online,East,4,17.99,0.0,17.99,71.96,12.67,,0
O0000183,1,2023-01-03,C07766,P061,Sports & Fitness,Mobile App,West,1,18.99,0.2,15.19,15.19,11.23,PR001,0
O0000184,1,2023-01-03,C07777,P001,Electronics,Mobile App,South,1,78.99,0.0,78.99,78.99,63.33,,0
O0000185,1,2023-01-03,C07980,P078,Toys & Games,In-Store,North,1,14.99,0.0,14.99,14.99,8.06,,0
O0000185,2,2023-01-03,C07980,P003,Electronics,In-Store,North,2,198.99,0.0,198.99,397.98,153.76,,0
O0000185,3,2023-01-03,C07980,P005,Electronics,In-Store,North,1,28.99,0.0,28.99,28.99,20.73,,0
O0000186,1,2023-01-03,C08353,P063,Beauty & Care,Online,North,2,27.99,0.0,27.99,55.98,12.57,,1
O0000187,1,2023-01-03,C08524,P069,Beauty & Care,In-Store,East,1,10.99,0.0,10.99,10.99,4.42,,0
O0000187,2,2023-01-03,C08524,P001,Electronics,In-Store,East,1,78.99,0.0,78.99,78.99,63.33,,0
O0000187,3,2023-01-03,C08524,P004,Electronics,In-Store,East,2,24.99,0.0,24.99,49.98,18.12,,0
O0000188,1,2023-01-03,C08525,P050,Apparel,In-Store,North,2,38.99,0.0,38.99,77.98,15.89,,0
O0000188,2,2023-01-03,C08525,P010,Electronics,In-Store,North,1,288.99,0.0,288.99,288.99,214.87,,0
O0000189,1,2023-01-03,C08928,P013,Electronics,Online,North,1,28.99,0.0,28.99,28.99,23.01,,0
O0000190,1,2023-01-03,C08963,P068,Beauty & Care,In-Store,East,1,11.99,0.0,11.99,11.99,4.76,,0
O0000191,1,2023-01-03,C09024,P070,Beauty & Care,Online,South,1,23.99,0.0,23.99,23.99,10.44,,0
O0000192,1,2023-01-03,C09024,P028,Outdoor & Camping,Online,South,1,98.99,0.0,98.99,98.99,62.82,,0
O0000192,2,2023-01-03,C09024,P067,Beauty & Care,Online,South,1,8.99,0.0,8.99,8.99,3.66,,0
O0000193,1,2023-01-03,C09212,P019,Home & Kitchen,In-Store,South,1,28.99,0.0,28.99,28.99,17.56,,0
O0000193,2,2023-01-03,C09212,P046,Apparel,In-Store,South,1,24.99,0.0,24.99,24.99,10.94,,0
O0000194,1,2023-01-03,C09229,P053,Sports & Fitness,In-Store,East,1,24.99,0.2,19.99,19.99,14.02,PR001,1
O0000194,2,2023-01-03,C09229,P011,Electronics,In-Store,East,1,138.99,0.0,138.99,138.99,107.9,,0
O0000194,3,2023-01-03,C09229,P060,Sports & Fitness,In-Store,East,1,11.99,0.2,9.59,9.59,7.26,PR001,0
O0000194,4,2023-01-03,C09229,P022,Home & Kitchen,In-Store,East,1,38.99,0.0,38.99,38.99,21.51,,0
O0000195,1,2023-01-03,C10003,P052,Sports & Fitness,Mobile App,West,1,248.99,0.2,199.19,199.19,149.94,PR001,0
O0000195,2,2023-01-03,C10003,P019,Home & Kitchen,Mobile App,West,1,28.99,0.0,28.99,28.99,17.56,,0
O0000195,3,2023-01-03,C10003,P059,Sports & Fitness,Mobile App,West,1,48.99,0.2,39.19,39.19,29.06,PR001,0
O0000196,1,2023-01-03,C10309,P058,Sports & Fitness,In-Store,South,2,58.99,0.2,47.19,94.38,36.47,PR001,0
O0000197,1,2023-01-03,C10450,P018,Home & Kitchen,Online,North,1,128.99,0.1,116.09,116.09,82.34,,0
O0000198,1,2023-01-03,C10722,P059,Sports & Fitness,In-Store,South,1,48.99,0.2,39.19,39.19,29.06,PR001,0
O0000198,2,2023-01-03,C10722,P064,Beauty & Care,In-Store,South,1,18.99,0.0,18.99,18.99,6.29,,0
O0000198,3,2023-01-03,C10722,P078,Toys & Games,In-Store,South,1,14.99,0.0,14.99,14.99,8.06,,0
O0000199,1,2023-01-03,C10788,P053,Sports & Fitness,In-Store,West,1,24.99,0.2,19.99,19.99,14.02,PR001,0
O0000200,1,2023-01-03,C11137,P043,Apparel,Online,West,2,128.99,0.0,128.99,257.98,64.18,,0
O0000200,2,2023-01-03,C11137,P059,Sports & Fitness,Online,West,1,48.99,0.2,39.19,39.19,29.06,PR001,0
O0000200,3,2023-01-03,C11137,P055,Sports & Fitness,Online,West,1,28.99,0.2,23.19,23.19,18.35,PR001,0
O0000201,1,2023-01-03,C11613,P046,Apparel,Mobile App,West,1,24.99,0.0,24.99,24.99,10.94,,1
O0000201,2,2023-01-03,C11613,P043,Apparel,Mobile App,West,1,128.99,0.0,128.99,128.99,64.18,,0
O0000202,1,2023-01-03,C11963,P061,Sports & Fitness,Online,West,1,18.99,0.2,15.19,15.19,11.23,PR001,0
O0000202,2,2023-01-03,C11963,P052,Sports & Fitness,Online,West,3,248.99,0.2,199.19,597.57,149.94,PR001,0
O0000203,1,2023-01-03,C12484,P060,Sports & Fitness,In-Store,East,1,11.99,0.2,9.59,9.59,7.26,PR001,1
O0000203,2,2023-01-03,C12484,P012,Electronics,In-Store,East,1,58.99,0.0,58.99,58.99,43.39,,0
O0000204,1,2023-01-03,C13154,P001,Electronics,Mobile App,South,1,78.99,0.0,78.99,78.99,63.33,,0
O0000204,2,2023-01-03,C13154,P026,Home & Kitchen,Mobile App,South,1,21.99,0.0,21.99,21.99,13.14,,0
O0000204,3,2023-01-03,C13154,P061,Sports & Fitness,Mobile App,South,1,18.99,0.2,15.19,15.19,11.23,PR001,0
O0000204,4,2023-01-03,C13154,P012,Electronics,Mobile App,South,1,58.99,0.0,58.99,58.99,43.39,,0
O0000204,5,2023-01-03,C13154,P052,Sports & Fitness,Mobile App,South,1,248.99,0.2,199.19,199.19,149.94,PR001,0
O0000205,1,2023-01-03,C13892,P013,Electronics,Mobile App,North,2,28.99,0.0,28.99,57.98,23.01,,0
O0000205,2,2023-01-03,C13892,P053,Sports & Fitness,Mobile App,North,2,24.99,0.2,19.99,39.98,14.02,PR001,0
O0000205,3,2023-01-03,C13892,P052,Sports & Fitness,Mobile App,North,3,248.99,0.2,199.19,597.57,149.94,PR001,1
O0000206,1,2023-01-03,C14362,P059,Sports & Fitness,Online,South,2,48.99,0.2,39.19,78.38,29.06,PR001,0
O0000206,2,2023-01-03,C14362,P067,Beauty & Care,Online,South,1,8.99,0.0,8.99,8.99,3.66,,0
O0000207,1,2023-01-03,C14878,P059,Sports & Fitness,In-Store,East,1,48.99,0.2,39.19,39.19,29.06,PR001,0
O0000207,2,2023-01-03,C14878,P057,Sports & Fitness,In-Store,East,4,98.99,0.2,79.19,316.76,59.56,PR001,0
O0000207,3,2023-01-03,C14878,P076,Toys & Games,In-Store,East,1,18.99,0.0,18.99,18.99,8.54,,0
O0000207,4,2023-01-03,C14878,P031,Outdoor & Camping,In-Store,East,1,138.99,0.0,138.99,138.99,86.73,,0
O0000207,5,2023-01-03,C14878,P054,Sports & Fitness,In-Store,East,1,28.99,0.2,23.19,23.19,18.52,PR001,0
O0000208,1,2023-01-03,C14883,P002,Electronics,In-Store,South,1,58.99,0.0,58.99,58.99,49.44,,0
O0000208,2,2023-01-03,C14883,P015,Home & Kitchen,In-Store,South,1,48.99,0.0,48.99,48.99,27.96,,0
O0000209,1,2023-01-03,C15253,P037,Outdoor & Camping,Mobile App,West,1,78.99,0.0,78.99,78.99,54.44,,0
O0000210,1,2023-01-03,C15408,P052,Sports & Fitness,In-Store,East,2,248.99,0.2,199.19,398.38,149.94,PR001,0
O0000210,2,2023-01-03,C15408,P016,Home & Kitchen,In-Store,East,1,88.99,0.0,88.99,88.99,48.52,,0
O0000210,3,2023-01-03,C15408,P081,Gourmet Grocery,In-Store,East,1,17.99,0.0,17.99,17.99,12.67,,0
O0000211,1,2023-01-03,C15708,P030,Outdoor & Camping,Online,East,1,28.99,0.0,28.99,28.99,17.42,,0
O0000211,2,2023-01-03,C15708,P027,Outdoor & Camping,Online,East,2,188.99,0.0,188.99,377.98,119.52,,0
O0000212,1,2023-01-03,C15785,P023,Home & Kitchen,Online,West,1,44.99,0.0,44.99,44.99,26.93,,0
O0000213,1,2023-01-03,C16008,P078,Toys & Games,In-Store,South,2,14.99,0.0,14.99,29.98,8.06,,0
O0000213,2,2023-01-03,C16008,P076,Toys & Games,In-Store,South,1,18.99,0.0,18.99,18.99,8.54,,0
O0000214,1,2023-01-03,C16208,P052,Sports & Fitness,Mobile App,East,2,248.99,0.2,199.19,398.38,149.94,PR001,0
O0000214,2,2023-01-03,C16208,P059,Sports & Fitness,Mobile App,East,3,48.99,0.2,39.19,117.57,29.06,PR001,0
O0000215,1,2023-01-03,C16533,P004,Electronics,Mobile App,West,1,24.99,0.0,24.99,24.99,18.12,,0
O0000216,1,2023-01-03,C16591,P040,Apparel,In-Store,North,1,68.99,0.0,68.99,68.99,26.63,,1
O0000217,1,2023-01-03,C17013,P062,Beauty & Care,Online,East,1,33.99,0.0,33.99,33.99,13.02,,0
O0000218,1,2023-01-03,C17030,P004,Electronics,Mobile App,East,1,24.99,0.0,24.99,24.99,18.12,,0
O0000218,2,2023-01-03,C17030,P034,Outdoor & Camping,Mobile App,East,1,58.99,0.0,58.99,58.99,37.47,,0
O0000219,1,2023-01-03,C17402,P019,Home & Kitchen,Online,East,1,28.99,0.0,28.99,28.99,17.56,,0
O0000219,2,2023-01-03,C17402,P017,Home & Kitchen,Online,East,2,34.99,0.1,31.49,62.98,20.21,,0
O0000220,1,2023-01-03,C17612,P010,Electronics,In-Store,South,1,288.99,0.0,288.99,288.99,214.87,,0
O0000221,1,2023-01-04,C00923,P022,Home & Kitchen,In-Store,North,1,38.99,0.0,38.99,38.99,21.51,,0
O0000222,1,2023-01-04,C01309,P055,Sports & Fitness,In-Store,East,1,28.99,0.2,23.19,23.19,18.35,PR001,0
O0000222,2,2023-01-04,C01309,P060,Sports & Fitness,In-Store,East,1,11.99,0.2,9.59,9.59,7.26,PR001,0
O0000223,1,2023-01-04,C01369,P046,Apparel,Online,North,1,24.99,0.0,24.99,24.99,10.94,,0
O0000223,2,2023-01-04,C01369,P043,Apparel,Online,North,1,128.99,0.0,128.99,128.99,64.18,,0
O0000223,3,2023-01-04,C01369,P042,Apparel,Online,North,1,158.99,0.0,158.99,158.99,66.24,,0
O0000223,4,2023-01-04,C01369,P024,Home & Kitchen,Online,North,1,48.99,0.0,48.99,48.99,30.92,,0
O0000224,1,2023-01-04,C01754,P004,Electronics,In-Store,East,1,24.99,0.0,24.99,24.99,18.12,,0
O0000225,1,2023-01-04,C01774,P015,Home & Kitchen,In-Store,West,1,48.99,0.0,48.99,48.99,27.96,,0
O0000226,1,2023-01-04,C02365,P059,Sports & Fitness,Online,North,1,48.99,0.2,39.19,39.19,29.06,PR001,0
O0000226,2,2023-01-04,C02365,P083,Gourmet Grocery,,North,2,21.99,0.1,19.79,39.58,13.78,,0
O0000227,1,2023-01-04,C02373,P078,Toys & Games,In-Store,North,1,14.99,0.0,14.99,14.99,8.06,,0
O0000227,2,2023-01-04,C02373,P084,Gourmet Grocery,In-Store,North,2,15.99,0.0,15.99,31.98,11.44,,0
O0000228,1,2023-01-04,C02493,P062,Beauty & Care,In-Store,West,1,33.99,0.0,33.99,33.99,13.02,,0
O0000228,2,2023-01-04,C02493,P067,Beauty & Care,In-Store,West,1,8.99,0.0,8.99,8.99,3.66,,0
O0000229,1,2023-01-04,C03900,P056,Sports & Fitness,In-Store,North,1,14.99,0.2,11.99,11.99,8.44,PR001,0
O0000230,1,2023-01-04,C03980,P076,Toys & Games,Online,East,1,18.99,0.0,18.99,18.99,8.54,,0
O0000230,2,2023-01-04,C03980,P079,Toys & Games,Online,East,1,58.99,0.1,53.09,53.09,33.99,,0
O0000231,1,2023-01-04,C04557,P018,Home & Kitchen,Online,North,1,128.99,0.0,128.99,128.99,82.34,,0
O0000231,2,2023-01-04,C04557,P036,Outdoor & Camping,Online,North,1,11.99,0.0,11.99,11.99,7.9,,0
O0000232,1,2023-01-04,C04577,P018,Home & Kitchen,Online,North,1,128.99,0.0,128.99,128.99,82.34,,0
O0000232,2,2023-01-04,C04577,P012,Electronics,Online,North,2,58.99,0.0,58.99,117.98,43.39,,0
O0000232,3,2023-01-04,C04577,P062,Beauty & Care,Online,North,1,33.99,0.0,33.99,33.99,13.02,,0
O0000232,4,2023-01-04,C04577,P013,Electronics,Online,North,1,28.99,0.0,28.99,28.99,23.01,,0
O0000232,5,2023-01-04,C04577,P009,Electronics,Online,North,1,31.99,0.0,31.99,31.99,24.77,,0
O0000233,1,2023-01-04,C04579,P044,Apparel,Online,West,1,23.99,0.0,23.99,23.99,11.17,,0
O0000233,2,2023-01-04,C04579,P074,Toys & Games,Online,West,2,21.99,0.0,21.99,43.98,12.3,,0
O0000233,3,2023-01-04,C04579,P076,Toys & Games,Online,West,1,18.99,0.0,18.99,18.99,8.54,,0
O0000233,4,2023-01-04,C04579,P050,Apparel,Online,West,1,38.99,0.0,38.99,38.99,15.89,,0
O0000234,1,2023-01-04,C04976,P072,Toys & Games,Online,East,1,48.99,0.0,48.99,48.99,27.59,,0
O0000235,1,2023-01-04,C05141,P022,Home & Kitchen,Mobile App,North,1,38.99,0.0,38.99,38.99,21.51,,0
O0000236,1,2023-01-04,C05323,P052,Sports & Fitness,Online,North,1,248.99,0.2,199.19,199.19,149.94,PR001,0
O0000236,2,2023-01-04,C05323,P076,Toys & Games,Online,North,2,18.99,0.0,18.99,37.98,8.54,,1
O0000236,3,2023-01-04,C05323,P059,Sports & Fitness,Online,North,2,48.99,0.2,39.19,78.38,29.06,PR001,0
O0000237,1,2023-01-04,C05408,P039,Apparel,Mobile App,East,2,128.99,0.0,128.99,257.98,60.78,,0
O0000238,1,2023-01-04,C05529,P037,Outdoor & Camping,Online,East,1,78.99,0.0,78.99,78.99,54.44,,0
O0000238,2,2023-01-04,C05529,P004,Electronics,Online,East,1,24.99,0.0,24.99,24.99,18.12,,0
O0000239,1,2023-01-04,C05563,P019,Home & Kitchen,In-Store,East,1,28.99,0.0,28.99,28.99,17.56,,0
O0000240,1,2023-01-04,C05573,P068,Beauty & Care,Online,West,1,11.99,0.0,11.99,11.99,4.76,,0
O0000240,2,2023-01-04,C05573,P041,Apparel,Online,West,2,78.99,0.0,78.99,157.98,34.98,,0
O0000240,3,2023-01-04,C05573,P046,Apparel,Online,West,2,24.99,0.0,24.99,49.98,10.94,,0
O0000240,4,2023-01-04,C05573,P060,Sports & Fitness,Online,West,2,11.99,0.2,9.59,19.18,7.26,PR001,0
O0000240,5,2023-01-04,C05573,P024,Home & Kitchen,Online,West,1,48.99,0.0,48.99,48.99,30.92,,0
O0000241,1,2023-01-04,C06098,P083,Gourmet Grocery,Mobile App,West,2,21.99,0.0,21.99,43.98,13.78,,0
O0000241,2,2023-01-04,C06098,P014,Home & Kitchen,Mobile App,West,1,118.99,0.0,118.99,118.99,65.48,,0
O0000242,1,2023-01-04,C07235,P076,Toys & Games,Mobile App,South,1,18.99,0.0,18.99,18.99,8.54,,0
O0000243,1,2023-01-04,C07356,P026,Home & Kitchen,Mobile App,West,1,21.99,0.0,21.99,21.99,13.14,,1
O0000243,2,2023-01-04,C07356,P062,Beauty & Care,Mobile App,West,2,33.99,0.0,33.99,67.98,13.02,,0
O0000244,1,2023-01-04,C08041,P061,Sports & Fitness,In-Store,East,1,18.99,0.2,15.19,15.19,11.23,PR001,0
O0000244,2,2023-01-04,C08041,P002,Electronics,In-Store,East,2,58.99,0.0,58.99,117.98,49.44,,0
O0000245,1,2023-01-04,C08203,P076,Toys & Games,In-Store,West,1,18.99,0.0,18.99,18.99,8.54,,0
O0000246,1,2023-01-04,C08207,P016,Home & Kitchen,Online,North,1,88.99,0.0,88.99,88.99,48.52,,0
O0000246,2,2023-01-04,C08207,P081,Gourmet Grocery,Online,North,3,17.99,0.0,17.99,53.97,12.67,,0
O0000247,1,2023-01-04,C08337,P087,Gourmet Grocery,Mobile App,South,2,18.99,0.0,18.99,37.98,14.34,,0
O0000248,1,2023-01-04,C08365,P060,Sports & Fitness,In-Store,South,1,11.99,0.2,9.59,9.59,7.26,PR001,0
O0000248,2,2023-01-04,C08365,P050,Apparel,In-Store,South,3,38.99,0.0,38.99,116.97,15.89,,0
O0000248,3,2023-01-04,C08365,P001,Electronics,In-Store,South,1,78.99,0.0,78.99,78.99,63.33,,0
O0000249,1,2023-01-04,C08594,P051,Sports & Fitness,Mobile App,East,1,38.99,0.2,31.19,31.19,25.02,PR001,0
O0000249,2,2023-01-04,C08594,P061,Sports & Fitness,Mobile App,East,1,18.99,0.2,15.19,15.19,11.23,PR001,0
O0000250,1,2023-01-04,C08790,P034,Outdoor & Camping,In-Store,West,1,58.99,0.0,58.99,58.99,37.47,,0
O0000250,2,2023-01-04,C08790,P020,Home & Kitchen,In-Store,West,1,278.99,0.0,278.99,278.99,171.48,,0
O0000250,3,2023-01-04,C08790,P042,Apparel,In-Store,West,2,158.99,0.0,158.99,317.98,66.24,,0
O0000250,4,2023-01-04,C08790,P023,Home & Kitchen,In-Store,West,1,44.99,0.0,44.99,44.99,26.93,,0
O0000251,1,2023-01-04,C08857,P047,Apparel,Online,North,1,58.99,0.0,58.99,58.99,19.67,,1
O0000251,2,2023-01-04,C08857,P040,Apparel,Online,North,1,68.99,0.0,68.99,68.99,26.63,,0
O0000252,1,2023-01-04,C09537,P065,Beauty & Care,Online,East,2,13.99,0.0,13.99,27.98,4.78,,0
O0000252,2,2023-01-04,C09537,P056,Sports & Fitness,Online,East,1,14.99,0.2,11.99,11.99,8.44,PR001,0
O0000253,1,2023-01-04,C09644,P062,Beauty & Care,In-Store,East,2,33.99,0.0,33.99,67.98,13.02,,0
O0000253,2,2023-01-04,C09644,P035,Outdoor & Camping,In-Store,East,1,158.99,0.0,158.99,158.99,93.89,,0
O0000253,3,2023-01-04,C09644,P037,Outdoor & Camping,In-Store,East,2,78.99,0.0,78.99,157.98,54.44,,0
O0000253,4,2023-01-04,C09644,P067,Beauty & Care,In-Store,East,1,8.99,0.0,8.99,8.99,3.66,,0
O0000253,5,2023-01-04,C09644,P071,Beauty & Care,In-Store,East,1,68.99,0.0,68.99,68.99,31.26,,0
O0000253,6,2023-01-04,C09644,P041,Apparel,In-Store,East,1,78.99,0.0,78.99,78.99,34.98,,0
O0000254,1,2023-01-04,C09649,P085,Gourmet Grocery,Online,South,1,13.99,0.0,13.99,13.99,10.35,,0
O0000255,1,2023-01-04,C09910,P060,Sports & Fitness,Mobile App,South,1,11.99,0.2,9.59,9.59,7.26,PR001,0
O0000256,1,2023-01-04,C10159,P076,Toys & Games,Online,West,1,18.99,0.0,18.99,18.99,8.54,,0
O0000256,2,2023-01-04,C10159,P083,Gourmet Grocery,Online,West,1,21.99,0.0,21.99,21.99,13.78,,0
O0000256,3,2023-01-04,C10159,P020,Home & Kitchen,Online,West,1,278.99,0.0,278.99,278.99,171.48,,0
O0000256,4,2023-01-04,C10159,P023,Home & Kitchen,Online,West,1,44.99,0.1,40.49,40.49,26.93,,0
O0000257,1,2023-01-04,C10174,P079,Toys & Games,In-Store,North,1,58.99,0.0,58.99,58.99,33.99,,0
O0000258,1,2023-01-04,C10547,P010,Electronics,Online,South,1,288.99,0.0,288.99,288.99,214.87,,0
O0000259,1,2023-01-04,C10787,P076,Toys & Games,Online,North,1,18.99,0.0,18.99,18.99,8.54,,0
O0000259,2,2023-01-04,C10787,P020,Home & Kitchen,Online,North,2,278.99,0.0,278.99,557.98,171.48,,0
O0000259,3,2023-01-04,C10787,P078,Toys & Games,Online,North,1,14.99,0.0,14.99,14.99,8.06,,0
O0000260,1,2023-01-04,C11191,P018,Home & Kitchen,Online,East,1,128.99,0.0,128.99,128.99,82.34,,0
O0000260,2,2023-01-04,C11191,P041,Apparel,Online,East,2,78.99,0.0,78.99,157.98,34.98,,0
O0000260,3,2023-01-04,C11191,P056,Sports & Fitness,Online,East,1,14.99,0.2,11.99,11.99,8.44,PR001,0
O0000261,1,2023-01-04,C11489,P046,Apparel,In-Store,East,2,24.99,0.0,24.99,49.98,10.94,,0
O0000261,2,2023-01-04,C11489,P002,Electronics,In-Store,East,1,58.99,0.0,58.99,58.99,49.44,,0
O0000262,1,2023-01-04,C11796,P021,Home & Kitchen,Online,East,1,118.99,0.0,118.99,118.99,70.61,,0
O0000263,1,2023-01-04,C12580,P010,Electronics,In-Store,West,1,288.99,0.0,288.99,288.99,214.87,,0
O0000264,1,2023-01-04,C12662,P057,Sports & Fitness,In-Store,West,2,98.99,0.2,79.19,158.38,59.56,PR001,0
O0000264,2,2023-01-04,C12662,P054,Sports & Fitness,In-Store,West,2,28.99,0.2,23.19,46.38,18.52,PR001,0
O0000265,1,2023-01-04,C12718,P027,Outdoor & Camping,Online,North,1,188.99,0.0,188.99,188.99,119.52,,0
O0000265,2,2023-01-04,C12718,P056,Sports & Fitness,Online,North,2,14.99,0.2,11.99,23.98,8.44,PR001,0
O0000265,3,2023-01-04,C12718,P059,Sports & Fitness,Online,North,2,48.99,0.2,39.19,78.38,29.06,PR001,1
O0000265,4,2023-01-04,C12718,P028,Outdoor & Camping,Online,North,1,98.99,0.0,98.99,98.99,62.82,,0
O0000266,1,2023-01-04,C12960,P073,Toys & Games,Online,North,2,38.99,0.0,38.99,77.98,19.36,,0
O0000267,1,2023-01-04,C12962,P054,Sports & Fitness,Online,North,1,28.99,0.2,23.19,23.19,18.52,PR001,0
O0000267,2,2023-01-04,C12962,P081,Gourmet Grocery,Online,North,1,17.99,0.0,17.99,17.99,12.67,,0
O0000267,3,2023-01-04,C12962,P039,Apparel,Online,North,2,128.99,0.0,128.99,257.98,60.78,,0
O0000268,1,2023-01-04,C13369,P002,Electronics,Mobile App,North,1,58.99,0.0,58.99,58.99,49.44,,0
O0000268,2,2023-01-04,C13369,P009,Electronics,Mobile App,North,1,31.99,0.0,31.99,31.99,24.77,,0
O0000269,1,2023-01-04,C13721,P072,Toys & Games,Online,West,1,48.99,0.0,48.99,48.99,27.59,,0
O0000269,2,2023-01-04,C13721,P036,Outdoor & Camping,Online,West,1,11.99,0.0,11.99,11.99,7.9,,0
O0000270,1,2023-01-04,C13746,P078,Toys & Games,Online,South,1,14.99,0.0,14.99,14.99,8.06,,0
O0000270,2,2023-01-04,C13746,P055,Sports & Fitness,Online,South,1,28.99,0.2,23.19,23.19,18.35,PR001,0
O0000271,1,2023-01-04,C13777,P010,Electronics,Online,East,4,288.99,0.0,288.99,1155.96,214.87,,0
O0000272,1,2023-01-04,C15016,P019,Home & Kitchen,Mobile App,East,1,28.99,0.0,28.99,28.99,17.56,,0
O0000273,1,2023-01-04,C15045,P052,Sports & Fitness,In-Store,East,2,248.99,0.2,199.19,398.38,149.94,PR001,0
O0000273,2,2023-01-04,C15045,P076,Toys & Games,In-Store,East,1,18.99,0.0,18.99,18.99,8.54,,0
O0000274,1,2023-01-04,C15121,P012,Electronics,In-Store,East,1,58.99,0.0,58.99,58.99,43.39,,0
O0000275,1,2023-01-04,C15165,P043,Apparel,Online,South,1,128.99,0.0,128.99,128.99,64.18,,1
O0000275,2,2023-01-04,C15165,P066,Beauty & Care,Online,South,1,21.99,0.0,21.99,21.99,8.23,,1
O0000276,1,2023-01-04,C15655,P046,Apparel,Online,West,1,24.99,0.0,24.99,24.99,10.94,,0
O0000276,2,2023-01-04,C15655,P020,Home & Kitchen,Online,West,1,278.99,0.0,278.99,278.99,171.48,,0
O0000276,3,2023-01-04,C15655,P014,Home & Kitchen,Online,West,1,118.99,0.0,118.99,118.99,65.48,,0
O0000276,4,2023-01-04,C15655,P018,Home & Kitchen,Online,West,1,128.99,0.0,128.99,128.99,82.34,,1
O0000276,5,2023-01-04,C15655,P015,Home & Kitchen,Online,West,1,48.99,0.0,48.99,48.99,27.96,,0
O0000277,1,2023-01-04,C15670,P019,Home & Kitchen,Online,East,1,28.99,0.0,28.99,28.99,17.56,,0
O0000277,2,2023-01-04,C15670,P062,Beauty & Care,Online,East,1,33.99,0.0,33.99,33.99,13.02,,0
O0000277,3,2023-01-04,C15670,P026,Home & Kitchen,Online,East,1,21.99,0.0,21.99,21.99,13.14,,0
O0000278,1,2023-01-04,C15708,P041,Apparel,Online,East,1,78.99,0.0,78.99,78.99,34.98,,0
O0000278,2,2023-01-04,C15708,P048,Apparel,Online,East,1,118.99,0.0,118.99,118.99,63.7,,1
O0000278,3,2023-01-04,C15708,P042,Apparel,Online,East,1,158.99,0.0,158.99,158.99,66.24,,0
O0000278,4,2023-01-04,C15708,P046,Apparel,Online,East,1,24.99,0.0,24.99,24.99,10.94,,0
O0000279,1,2023-01-04,C16115,P048,Apparel,Online,North,1,118.99,0.0,118.99,118.99,63.7,,0
O0000279,2,2023-01-04,C16115,P009,Electronics,Online,North,2,31.99,0.0,31.99,63.98,24.77,,0
O0000279,3,2023-01-04,C16115,P014,Home & Kitchen,Online,North,2,118.99,0.0,118.99,237.98,65.48,,0
O0000279,4,2023-01-04,C16115,P015,Home & Kitchen,Online,North,2,48.99,0.0,48.99,97.98,27.96,,0
O0000280,1,2023-01-04,C16145,P076,Toys & Games,In-Store,North,1,18.99,0.0,18.99,18.99,8.54,,0
O0000281,1,2023-01-04,C16276,P016,Home & Kitchen,In-Store,North,1,88.99,0.0,88.99,88.99,48.52,,0
O0000281,2,2023-01-04,C16276,P026,Home & Kitchen,In-Store,North,1,21.99,0.0,21.99,21.99,13.14,,0
O0000281,3,2023-01-04,C16276,P081,Gourmet Grocery,In-Store,North,4,17.99,0.0,17.99,71.96,12.67,,0
O0000282,1,2023-01-04,C16614,P047,Apparel,In-Store,East,2,58.99,0.0,58.99,117.98,19.67,,0
O0000283,1,2023-01-04,C16758,P018,Home & Kitchen,In-Store,North,2,128.99,0.0,128.99,257.98,82.34,,0
O0000283,2,2023-01-04,C16758,P059,Sports & Fitness,In-Store,North,1,48.99,0.2,39.19,39.19,29.06,PR001,0
O0000284,1,2023-01-04,C16893,P012,Electronics,In-Store,East,1,58.99,0.0,58.99,58.99,43.39,,0
O0000285,1,2023-01-04,C17057,P052,Sports & Fitness,Mobile App,North,1,248.99,0.2,199.19,199.19,149.94,PR001,0
O0000285,2,2023-01-04,C17057,P040,Apparel,Mobile App,North,2,68.99,0.0,68.99,137.98,26.63,,0
O0000286,1,2023-01-05,C00271,P067,Beauty & Care,In-Store,South,1,8.99,0.0,8.99,8.99,3.66,,0
O0000287,1,2023-01-05,C00326,P066,Beauty & Care,In-Store,West,1,21.99,0.0,21.99,21.99,8.23,,0
O0000287,2,2023-01-05,C00326,P014,Home & Kitchen,In-Store,West,3,118.99,0.0,118.99,356.97,65.48,,0
O0000287,3,2023-01-05,C00326,P062,Beauty & Care,In-Store,West,1,33.99,0.0,33.99,33.99,13.02,,0
O0000287,4,2023-01-05,C00326,P056,Sports & Fitness,In-Store,West,1,14.99,0.2,11.99,11.99,8.44,PR001,0
O0000288,1,2023-01-05,C01737,P083,Gourmet Grocery,In-Store,South,2,21.99,0.0,21.99,43.98,13.78,,0
O0000289,1,2023-01-05,C01807,P083,Gourmet Grocery,In-Store,West,1,21.99,0.0,21.99,21.99,13.78,,0
O0000289,2,2023-01-05,C01807,P031,Outdoor & Camping,In-Store,West,1,138.99,0.0,138.99,138.99,86.73,,0
O0000289,3,2023-01-05,C01807,P032,Outdoor & Camping,In-Store,West,1,38.99,0.0,38.99,38.99,26.81,,0
O0000290,1,2023-01-05,C01893,P084,Gourmet Grocery,In-Store,North,3,15.99,0.0,15.99,47.97,11.44,,0
O0000290,2,2023-01-05,C01893,P052,Sports & Fitness,In-Store,North,2,248.99,0.2,199.19,398.38,149.94,PR001,0
O0000290,3,2023-01-05,C01893,P074,Toys & Games,In-Store,North,1,21.99,0.0,21.99,21.99,12.3,,0
O0000290,4,2023-01-05,C01893,P059,Sports & Fitness,In-Store,North,1,48.99,0.2,39.19,39.19,29.06,PR001,0
O0000291,1,2023-01-05,C02122,P009,Electronics,In-Store,South,1,31.99,0.0,31.99,31.99,24.77,,0
O0000291,2,2023-01-05,C02122,P012,Electronics,In-Store,South,1,58.99,0.0,58.99,58.99,43.39,,0
O0000292,1,2023-01-05,C02310,P048,Apparel,Online,East,2,118.99,0.0,118.99,237.98,63.7,,0
O0000293,1,2023-01-05,C02400,P055,Sports & Fitness,Online,South,1,28.99,0.2,23.19,23.19,18.35,PR001,0
O0000294,1,2023-01-05,C02583,P059,Sports & Fitness,Mobile App,South,1,48.99,0.2,39.19,39.19,29.06,PR001,0
O0000294,2,2023-01-05,C02583,P062,Beauty & Care,Mobile App,South,2,33.99,0.0,33.99,67.98,13.02,,0
O0000295,1,2023-01-05,C02969,P057,Sports & Fitness,Mobile App,West,1,98.99,0.2,79.19,79.19,59.56,PR001,0
O0000295,2,2023-01-05,C02969,P027,Outdoor & Camping,Mobile App,West,1,188.99,0.0,188.99,188.99,119.52,,0
O0000295,3,2023-01-05,C02969,P028,Outdoor & Camping,Mobile App,West,1,98.99,0.0,98.99,98.99,62.82,,0
O0000296,1,2023-01-05,C03288,P087,Gourmet Grocery,In-Store,East,1,18.99,0.0,18.99,18.99,14.34,,0
O0000297,1,2023-01-05,C03961,P085,Gourmet Grocery,In-Store,North,1,13.99,0.0,13.99,13.99,10.35,,0
O0000297,2,2023-01-05,C03961,P076,Toys & Games,In-Store,North,2,18.99,0.0,18.99,37.98,8.54,,0
O0000297,3,2023-01-05,C03961,P081,Gourmet Grocery,In-Store,North,2,17.99,0.0,17.99,35.98,12.67,,0
O0000297,4,2023-01-05,C03961,P088,Gourmet Grocery,In-Store,North,1,78.99,0.0,78.99,78.99,54.57,,0
O0000298,1,2023-01-05,C03969,P068,Beauty & Care,In-Store,South,2,11.99,0.0,11.99,23.98,4.76,,0
O0000299,1,2023-01-05,C03970,P042,Apparel,Online,West,1,158.99,0.0,158.99,158.99,66.24,,0
O0000299,2,2023-01-05,C03970,P012,Electronics,Online,West,1,58.99,0.0,58.99,58.99,43.39,,1
O0000299,3,2023-01-05,C03970,P044,Apparel,Online,West,1,23.99,0.0,23.99,23.99,11.17,,0
O0000300,1,2023-01-05,C04021,P048,Apparel,In-Store,West,1,118.99,0.0,118.99,118.99,63.7,,0
O0000300,2,2023-01-05,C04021,P002,Electronics,In-Store,West,1,58.99,0.0,58.99,58.99,49.44,,0
O0000300,3,2023-01-05,C04021,P004,Electronics,In-Store,West,1,24.99,0.0,24.99,24.99,18.12,,0
O0000301,1,2023-01-05,C04113,P074,Toys & Games,Mobile App,North,1,21.99,0.0,21.99,21.99,12.3,,0
O0000301,2,2023-01-05,C04113,P014,Home & Kitchen,Mobile App,North,2,118.99,0.0,118.99,237.98,65.48,,0
O0000302,1,2023-01-05,C04279,P045,Apparel,Online,South,2,88.99,0.1,80.09,160.18,40.84,,0
O0000302,2,2023-01-05,C04279,P010,Electronics,Online,South,1,288.99,0.0,288.99,288.99,214.87,,0
O0000302,3,2023-01-05,C04279,P079,Toys & Games,Online,South,1,58.99,0.0,58.99,58.99,33.99,,0
O0000303,1,2023-01-05,C04421,P053,Sports & Fitness,In-Store,West,1,24.99,0.2,19.99,19.99,14.02,PR001,0
O0000303,2,2023-01-05,C04421,P034,Outdoor & Camping,In-Store,West,1,58.99,0.0,58.99,58.99,37.47,,0
O0000303,3,2023-01-05,C04421,P070,Beauty & Care,In-Store,West,1,23.99,0.0,23.99,23.99,10.44,,0
O0000303,4,2023-01-05,C04421,P042,Apparel,In-Store,West,2,158.99,0.0,158.99,317.98,66.24,,0
O0000304,1,2023-01-05,C04521,P018,Home & Kitchen,Online,West,1,128.99,0.0,128.99,128.99,82.34,,0
O0000305,1,2023-01-05,C04560,P075,Toys & Games,Online,West,2,68.99,0.1,62.09,124.18,40.94,,0
O0000305,2,2023-01-05,C04560,P025,Home & Kitchen,Online,West,1,88.99,0.0,88.99,88.99,49.85,,0
O0000305,3,2023-01-05,C04560,P047,Apparel,Online,West,2,58.99,0.0,58.99,117.98,19.67,,0
O0000306,1,2023-01-05,C04751,P034,Outdoor & Camping,In-Store,East,2,58.99,0.0,58.99,117.98,37.47,,0
O0000307,1,2023-01-05,C05558,P025,Home & Kitchen,In-Store,North,1,88.99,0.0,88.99,88.99,49.85,,0
O0000307,2,2023-01-05,C05558,P008,Electronics,In-Store,North,1,248.99,0.0,248.99,248.99,177.06,,0
O0000308,1,2023-01-05,C05985,P023,Home & Kitchen,Online,East,1,44.99,0.0,44.99,44.99,26.93,,0
O0000309,1,2023-01-05,C06015,P076,Toys & Games,Online,North,2,18.99,0.0,18.99,37.98,8.54,,0
O0000310,1,2023-01-05,C06870,P046,Apparel,Online,South,1,24.99,0.0,24.99,24.99,10.94,,0
O0000310,2,2023-01-05,C06870,P077,Toys & Games,Online,South,1,34.99,0.0,34.99,34.99,19.65,,0
O0000310,3,2023-01-05,C06870,P059,Sports & Fitness,Online,South,1,48.99,0.2,39.19,39.19,29.06,PR001,0
O0000311,1,2023-01-05,C07083,P076,Toys & Games,In-Store,North,2,18.99,0.0,18.99,37.98,8.54,,0
O0000312,1,2023-01-05,C07094,P072,Toys & Games,Online,West,2,48.99,0.0,48.99,97.98,27.59,,0
O0000312,2,2023-01-05,C07094,P009,Electronics,Online,West,2,31.99,0.0,31.99,63.98,24.77,,0
O0000313,1,2023-01-05,C07593,P036,Outdoor & Camping,In-Store,West,2,11.99,0.0,11.99,23.98,7.9,,0
O0000313,2,2023-01-05,C07593,P046,Apparel,In-Store,West,1,24.99,0.0,24.99,24.99,10.94,,0
O0000313,3,2023-01-05,C07593,P025,Home & Kitchen,In-Store,West,1,88.99,0.0,88.99,88.99,49.85,,0
O0000314,1,2023-01-05,C07631,P041,Apparel,Online,North,1,78.99,0.0,78.99,78.99,34.98,,0
O0000315,1,2023-01-05,C07967,P015,Home & Kitchen,Mobile App,North,1,48.99,0.0,48.99,48.99,27.96,,0
O0000316,1,2023-01-05,C08081,P001,Electronics,In-Store,South,1,78.99,0.0,78.99,78.99,63.33,,0
O0000316,2,2023-01-05,C08081,P004,Electronics,In-Store,South,1,24.99,0.0,24.99,24.99,18.12,,0
O0000317,1,2023-01-05,C08145,P086,Gourmet Grocery,In-Store,North,1,11.99,0.0,11.99,11.99,8.19,,0
O0000317,2,2023-01-05,C08145,P062,Beauty & Care,In-Store,North,2,33.99,0.0,33.99,67.98,13.02,,0
O0000317,3,2023-01-05,C08145,P046,Apparel,In-Store,North,1,24.99,0.0,24.99,24.99,10.94,,0
O0000317,4,2023-01-05,C08145,P063,Beauty & Care,In-Store,North,1,27.99,0.0,27.99,27.99,12.57,,0
O0000317,5,2023-01-05,C08145,P083,Gourmet Grocery,In-Store,North,1,21.99,0.0,21.99,21.99,13.78,,0
O0000318,1,2023-01-05,C08766,P001,Electronics,In-Store,East,1,78.99,0.0,78.99,78.99,63.33,,0
O0000318,2,2023-01-05,C08766,P064,Beauty & Care,In-Store,East,2,18.99,0.0,18.99,37.98,6.29,,0
O0000318,3,2023-01-05,C08766,P049,Apparel,In-Store,East,1,28.99,0.0,28.99,28.99,13.53,,0
O0000319,1,2023-01-05,C08903,P042,Apparel,Online,North,2,158.99,0.0,158.99,317.98,66.24,,0
O0000319,2,2023-01-05,C08903,P023,Home & Kitchen,Online,North,1,44.99,0.0,44.99,44.99,26.93,,0
O0000319,3,2023-01-05,C08903,P046,Apparel,Online,North,2,24.99,0.0,24.99,49.98,10.94,,1
O0000319,4,2023-01-05,C08903,P049,Apparel,Online,North,1,28.99,0.0,28.99,28.99,13.53,,0
O0000320,1,2023-01-05,C09433,P048,Apparel,In-Store,South,1,118.99,0.0,118.99,118.99,63.7,,0
O0000320,2,2023-01-05,C09433,P033,Outdoor & Camping,In-Store,South,1,48.99,0.0,48.99,48.99,32.33,,0
O0000320,3,2023-01-05,C09433,P086,Gourmet Grocery,In-Store,South,1,11.99,0.0,11.99,11.99,8.19,,0
O0000320,4,2023-01-05,C09433,P014,Home & Kitchen,In-Store,South,1,118.99,0.0,118.99,118.99,65.48,,0
O0000321,1,2023-01-05,C09448,P018,Home & Kitchen,Online,North,1,128.99,0.0,128.99,128.99,82.34,,0
O0000322,1,2023-01-05,C09504,P003,Electronics,Online,West,1,198.99,0.0,198.99,198.99,153.76,,0
O0000322,2,2023-01-05,C09504,P038,Outdoor & Camping,Online,West,1,34.99,0.0,34.99,34.99,22.53,,0
O0000323,1,2023-01-05,C09625,P012,Electronics,In-Store,East,1,58.99,0.0,58.99,58.99,43.39,,0
O0000323,2,2023-01-05,C09625,P045,Apparel,In-Store,East,1,88.99,0.0,88.99,88.99,40.84,,0
O0000324,1,2023-01-05,C09763,P052,Sports & Fitness,Online,West,1,248.99,0.2,199.19,199.19,149.94,PR001,0
O0000324,2,2023-01-05,C09763,P014,Home & Kitchen,Online,West,1,118.99,0.0,118.99,118.99,65.48,,0
O0000325,1,2023-01-05,C10043,P065,Beauty & Care,Online,North,1,13.99,0.0,13.99,13.99,4.78,,0
O0000326,1,2023-01-05,C10072,P066,Beauty & Care,Online,North,1,21.99,0.0,21.99,21.99,8.23,,0
O0000326,2,2023-01-05,C10072,P052,Sports & Fitness,Online,North,1,248.99,0.2,199.19,199.19,149.94,PR001,0
O0000326,3,2023-01-05,C10072,P063,Beauty & Care,Online,North,2,27.99,0.0,27.99,55.98,12.57,,0
O0000327,1,2023-01-05,C11138,P004,Electronics,In-Store,East,1,24.99,0.0,24.99,24.99,18.12,,1
O0000327,2,2023-01-05,C11138,P009,Electronics,In-Store,East,1,31.99,0.0,31.99,31.99,24.77,,0
O0000328,1,2023-01-05,C11301,P076,Toys & Games,Online,North,1,18.99,0.0,18.99,18.99,8.54,,0
O0000328,2,2023-01-05,C11301,P083,Gourmet Grocery,Online,North,2,21.99,0.0,21.99,43.98,13.78,,0
O0000328,3,2023-01-05,C11301,P062,Beauty & Care,Online,North,1,33.99,0.0,33.99,33.99,13.02,,0
O0000328,4,2023-01-05,C11301,P072,Toys & Games,Online,North,1,48.99,0.0,48.99,48.99,27.59,,0
O0000328,5,2023-01-05,C11301,P075,Toys & Games,Online,North,1,68.99,0.0,68.99,68.99,40.94,,0
O0000329,1,2023-01-05,C11318,P017,Home & Kitchen,Online,East,1,34.99,0.0,34.99,34.99,20.21,,0
O0000330,1,2023-01-05,C11470,P059,Sports & Fitness,In-Store,North,1,48.99,0.2,39.19,39.19,29.06,PR001,0
O0000330,2,2023-01-05,C11470,P054,Sports & Fitness,In-Store,North,1,28.99,0.2,23.19,23.19,18.52,PR001,0
O0000331,1,2023-01-05,C11575,P055,Sports & Fitness,In-Store,West,2,28.99,0.2,23.19,46.38,18.35,PR001,0
O0000331,2,2023-01-05,C11575,P005,Electronics,In-Store,West,1,28.99,0.0,28.99,28.99,20.73,,0
O0000332,1,2023-01-05,C11597,P073,Toys & Games,Online,North,2,38.99,0.0,38.99,77.98,19.36,,0
O0000332,2,2023-01-05,C11597,P015,Home & Kitchen,Online,North,1,48.99,0.0,48.99,48.99,27.96,,0
O0000333,1,2023-01-05,C11597,P074,Toys & Games,In-Store,North,1,21.99,0.0,21.99,21.99,12.3,,0
O0000334,1,2023-01-05,C11757,P018,Home & Kitchen,In-Store,West,1,128.99,0.0,128.99,128.99,82.34,,0
O0000335,1,2023-01-05,C12126,P060,Sports & Fitness,In-Store,West,1,11.99,0.2,9.59,9.59,7.26,PR001,1
O0000335,2,2023-01-05,C12126,P005,Electronics,In-Store,West,1,28.99,0.0,28.99,28.99,20.73,,0
O0000336,1,2023-01-05,C12449,P073,Toys & Games,Online,North,1,38.99,0.0,38.99,38.99,19.36,,0
O0000337,1,2023-01-05,C12509,P012,Electronics,In-Store,East,1,58.99,0.0,58.99,58.99,43.39,,0
O0000338,1,2023-01-05,C12706,P085,Gourmet Grocery,Online,North,3,13.99,0.0,13.99,41.97,10.35,,0
O0000338,2,2023-01-05,C12706,P083,Gourmet Grocery,Online,North,4,21.99,0.0,21.99,87.96,13.78,,0
O0000338,3,2023-01-05,C12706,P088,Gourmet Grocery,Online,North,1,78.99,0.0,78.99,78.99,54.57,,0
O0000339,1,2023-01-05,C12790,P083,Gourmet Grocery,In-Store,North,1,21.99,0.0,21.99,21.99,13.78,,0
O0000339,2,2023-01-05,C12790,P050,Apparel,In-Store,North,2,38.99,0.0,38.99,77.98,15.89,,0
O0000339,3,2023-01-05,C12790,P012,Electronics,In-Store,North,1,58.99,0.0,58.99,58.99,43.39,,0
O0000340,1,2023-01-05,C12821,P013,Electronics,Mobile App,East,1,28.99,0.0,28.99,28.99,23.01,,0
O0000340,2,2023-01-05,C12821,P076,Toys & Games,Mobile App,East,1,18.99,0.0,18.99,18.99,8.54,,0
O0000341,1,2023-01-05,C14033,P055,Sports & Fitness,Online,East,1,28.99,0.2,23.19,23.19,18.35,PR001,0
O0000341,2,2023-01-05,C14033,P081,Gourmet Grocery,Online,East,1,17.99,0.0,17.99,17.99,12.67,,0
O0000342,1,2023-01-05,C14389,P078,Toys & Games,Mobile App,South,2,14.99,0.0,14.99,29.98,8.06,,0
O0000342,2,2023-01-05,C14389,P076,Toys & Games,Mobile App,South,1,18.99,0.0,18.99,18.99,8.54,,1
O0000343,1,2023-01-05,C14729,P021,Home & Kitchen,Mobile App,North,1,118.99,0.0,118.99,118.99,70.61,,0
O0000344,1,2023-01-05,C15016,P025,Home & Kitchen,Mobile App,East,1,88.99,0.0,88.99,88.99,49.85,,0
O0000345,1,2023-01-05,C15202,P033,Outdoor & Camping,Online,West,2,48.99,0.0,48.99,97.98,32.33,,0
O0000345,2,2023-01-05,C15202,P081,Gourmet Grocery,Online,West,1,17.99,0.0,17.99,17.99,12.67,,0
O0000346,1,2023-01-05,C15367,P052,Sports & Fitness,Online,South,1,248.99,0.2,199.19,199.19,149.94,PR001,0
O0000346,2,2023-01-05,C15367,P060,Sports & Fitness,Online,South,1,11.99,0.2,9.59,9.59,7.26,PR001,0
O0000346,3,2023-01-05,C15367,P011,Electronics,Online,South,1,138.99,0.0,138.99,138.99,107.9,,0
O0000347,1,2023-01-05,C15393,P080,Toys & Games,Mobile App,East,1,28.99,0.0,28.99,28.99,17.18,,0
O0000347,2,2023-01-05,C15393,P006,Electronics,Mobile App,East,1,44.99,0.0,44.99,44.99,33.54,,0
O0000348,1,2023-01-05,C15502,P016,Home & Kitchen,Online,East,2,88.99,0.0,88.99,177.98,48.52,,0
O0000348,2,2023-01-05,C15502,P081,Gourmet Grocery,Online,East,1,17.99,0.0,17.99,17.99,12.67,,0
O0000349,1,2023-01-05,C15523,P060,Sports & Fitness,Online,West,2,11.99,0.2,9.59,19.18,7.26,PR001,0
O0000349,2,2023-01-05,C15523,P064,Beauty & Care,Online,West,1,18.99,0.0,18.99,18.99,6.29,,0
O0000349,3,2023-01-05,C15523,P057,Sports & Fitness,Online,West,2,98.99,0.2,79.19,158.38,59.56,PR001,0
O0000349,4,2023-01-05,C15523,P049,Apparel,Online,West,2,28.99,0.0,28.99,57.98,13.53,,0
O0000350,1,2023-01-05,C15842,P041,Apparel,In-Store,East,1,78.99,0.0,78.99,78.99,34.98,,0
O0000350,2,2023-01-05,C15842,P039,Apparel,In-Store,East,1,128.99,0.0,128.99,128.99,60.78,,0
O0000351,1,2023-01-05,C16243,P046,Apparel,Online,South,1,24.99,0.0,24.99,24.99,10.94,,0
O0000352,1,2023-01-05,C16271,P028,Outdoor & Camping,In-Store,West,1,98.99,0.0,98.99,98.99,62.82,,1
O0000352,2,2023-01-05,C16271,P037,Outdoor & Camping,In-Store,West,2,78.99,0.0,78.99,157.98,54.44,,0
O0000353,1,2023-01-05,C16363,P082,Gourmet Grocery,In-Store,West,3,7.99,0.0,7.99,23.97,4.92,,0
O0000353,2,2023-01-05,C16363,P016,Home & Kitchen,In-Store,West,2,88.99,0.0,88.99,177.98,48.52,,0
O0000353,3,2023-01-05,C16363,P081,Gourmet Grocery,In-Store,West,2,17.99,0.1,16.19,32.38,12.67,,0
O0000354,1,2023-01-05,C16472,P008,Electronics,In-Store,South,1,248.99,0.0,248.99,248.99,177.06,,0
O0000354,2,2023-01-05,C16472,P050,Apparel,In-Store,South,2,38.99,0.0,38.99,77.98,15.89,,0
O0000355,1,2023-01-05,C16798,P041,Apparel,In-Store,North,2,78.99,0.0,78.99,157.98,34.98,,0
O0000355,2,2023-01-05,C16798,P031,Outdoor & Camping,In-Store,North,1,138.99,0.0,138.99,138.99,86.73,,0
O0000356,1,2023-01-05,C16865,P015,Home & Kitchen,In-Store,East,1,48.99,0.0,48.99,48.99,27.96,,0
O0000356,2,2023-01-05,C16865,P041,Apparel,In-Store,East,1,78.99,0.0,78.99,78.99,34.98,,0
O0000356,3,2023-01-05,C16865,P062,Beauty & Care,In-Store,East,1,33.99,0.0,33.99,33.99,13.02,,0
O0000357,1,2023-01-05,C17135,P041,Apparel,In-Store,South,1,78.99,0.0,78.99,78.99,34.98,,0
O0000357,2,2023-01-05,C17135,P053,Sports & Fitness,In-Store,South,1,24.99,0.2,19.99,19.99,14.02,PR001,0
O0000357,3,2023-01-05,C17135,P076,Toys & Games,In-Store,South,1,18.99,0.0,18.99,18.99,8.54,,0
O0000357,4,2023-01-05,C17135,P059,Sports & Fitness,In-Store,South,2,48.99,0.2,39.19,78.38,29.06,PR001,0
O0000358,1,2023-01-05,C17139,P074,Toys & Games,Online,East,3,21.99,0.0,21.99,65.97,12.3,,0
O0000359,1,2023-01-05,C17149,P047,Apparel,In-Store,North,1,58.99,0.0,58.99,58.99,19.67,,0
O0000359,2,2023-01-05,C17149,P042,Apparel,In-Store,North,2,158.99,0.0,158.99,317.98,66.24,,0
O0000359,3,2023-01-05,C17149,P044,Apparel,In-Store,North,2,23.99,0.0,23.99,47.98,11.17,,0
O0000360,1,2023-01-05,C17175,P060,Sports & Fitness,In-Store,West,1,11.99,0.2,9.59,9.59,7.26,PR001,1
O0000360,2,2023-01-05,C17175,P041,Apparel,In-Store,West,1,78.99,0.0,78.99,78.99,34.98,,0
O0000361,1,2023-01-06,C00037,P026,Home & Kitchen,Online,South,1,21.99,0.0,21.99,21.99,13.14,,1
O0000361,2,2023-01-06,C00037,P089,Gourmet Grocery,Online,South,2,8.99,0.0,8.99,17.98,5.94,,0
O0000362,1,2023-01-06,C00235,P050,Apparel,In-Store,East,2,38.99,0.0,38.99,77.98,15.89,,0
O0000363,1,2023-01-06,C00281,P059,Sports & Fitness,Mobile App,North,1,48.99,0.2,39.19,39.19,29.06,PR001,0
O0000363,2,2023-01-06,C00281,P041,Apparel,Mobile App,North,1,78.99,0.0,78.99,78.99,34.98,,0
O0000363,3,2023-01-06,C00281,P020,Home & Kitchen,Mobile App,North,1,278.99,0.0,278.99,278.99,171.48,,0
O0000363,4,2023-01-06,C00281,P039,Apparel,Mobile App,North,1,128.99,0.0,128.99,128.99,60.78,,0
O0000363,5,2023-01-06,C00281,P023,Home & Kitchen,Mobile App,North,1,44.99,0.0,44.99,44.99,26.93,,0
O0000364,1,2023-01-06,C00438,P057,Sports & Fitness,In-Store,North,1,98.99,0.2,79.19,79.19,59.56,PR001,0
O0000365,1,2023-01-06,C00535,P017,Home & Kitchen,Online,North,1,34.99,0.0,34.99,34.99,20.21,,0
O0000366,1,2023-01-06,C00571,P009,Electronics,Online,East,2,31.99,0.0,31.99,63.98,24.77,,0
O0000366,2,2023-01-06,C00571,P008,Electronics,Online,East,1,248.99,0.0,248.99,248.99,177.06,,0
O0000367,1,2023-01-06,C00858,P046,Apparel,Mobile App,North,1,24.99,0.0,24.99,24.99,10.94,,0
O0000367,2,2023-01-06,C00858,P042,Apparel,Mobile App,North,1,158.99,0.0,158.99,158.99,66.24,,0
O0000368,1,2023-01-06,C01018,P062,Beauty & Care,Online,West,2,33.99,0.0,33.99,67.98,13.02,,0
O0000369,1,2023-01-06,C01595,P059,Sports & Fitness,In-Store,South,1,48.99,0.2,39.19,39.19,29.06,PR001,0
O0000370,1,2023-01-06,C01825,P060,Sports & Fitness,In-Store,North,2,11.99,0.2,9.59,19.18,7.26,PR001,0
O0000370,2,2023-01-06,C01825,P052,Sports & Fitness,In-Store,North,1,248.99,0.2,199.19,199.19,149.94,PR001,0
O0000370,3,2023-01-06,C01825,P040,Apparel,In-Store,North,2,68.99,0.0,68.99,137.98,26.63,,0
O0000370,4,2023-01-06,C01825,P051,Sports & Fitness,,North,1,38.99,0.2,31.19,31.19,25.02,PR001,0
O0000370,5,2023-01-06,C01825,P061,Sports & Fitness,In-Store,North,1,18.99,0.2,15.19,15.19,11.23,PR001,0
O0000371,1,2023-01-06,C01925,P004,Electronics,In-Store,South,1,24.99,0.0,24.99,24.99,18.12,,0
O0000371,2,2023-01-06,C01925,P053,Sports & Fitness,In-Store,South,1,24.99,0.2,19.99,19.99,14.02,PR001,0
O0000372,1,2023-01-06,C02038,P042,Apparel,Online,South,3,158.99,0.0,158.99,476.97,66.24,,1
O0000372,2,2023-01-06,C02038,P067,Beauty & Care,Online,South,1,8.99,0.0,8.99,8.99,3.66,,0
O0000372,3,2023-01-06,C02038,P046,Apparel,Online,South,1,24.99,0.0,24.99,24.99,10.94,,1
O0000373,1,2023-01-06,C02113,P055,Sports & Fitness,Online,East,1,28.99,0.2,23.19,23.19,18.35,PR001,1
O0000373,2,2023-01-06,C02113,P021,Home & Kitchen,Online,East,1,118.99,0.0,118.99,118.99,70.61,,0
O0000374,1,2023-01-06,C02181,P052,Sports & Fitness,In-Store,North,2,248.99,0.2,199.19,398.38,149.94,PR001,0
O0000375,1,2023-01-06,C02479,P009,Electronics,Online,North,1,31.99,0.0,31.99,31.99,24.77,,0
O0000375,2,2023-01-06,C02479,P076,Toys & Games,Online,North,1,18.99,0.1,17.09,17.09,8.54,,0
O0000376,1,2023-01-06,C02570,P056,Sports & Fitness,In-Store,North,1,14.99,0.2,11.99,11.99,8.44,PR001,0
O0000376,2,2023-01-06,C02570,P029,Outdoor & Camping,In-Store,North,1,68.99,0.0,68.99,68.99,41.44,,0
O0000377,1,2023-01-06,C03094,P052,Sports & Fitness,In-Store,South,1,248.99,0.2,199.19,199.19,149.94,PR001,0
O0000377,2,2023-01-06,C03094,P067,Beauty & Care,In-Store,South,1,8.99,0.0,8.99,8.99,3.66,,0
O0000378,1,2023-01-06,C03279,P054,Sports & Fitness,Online,East,1,28.99,0.2,23.19,23.19,18.52,PR001,0
O0000378,2,2023-01-06,C03279,P042,Apparel,Online,East,1,158.99,0.1,143.09,143.09,66.24,,0
O0000379,1,2023-01-06,C03397,P023,Home & Kitchen,Online,West,1,44.99,0.0,44.99,44.99,26.93,,0
O0000380,1,2023-01-06,C03875,P049,Apparel,Online,East,1,28.99,0.0,28.99,28.99,13.53,,0
O0000380,2,2023-01-06,C03875,P075,Toys & Games,Online,East,1,68.99,0.0,68.99,68.99,40.94,,0
O0000381,1,2023-01-06,C04066,P062,Beauty & Care,Mobile App,South,3,33.99,0.0,33.99,101.97,13.02,,0
O0000381,2,2023-01-06,C04066,P033,Outdoor & Camping,Mobile App,South,1,48.99,0.0,48.99,48.99,32.33,,0
O0000382,1,2023-01-06,C04123,P005,Electronics,Online,South,2,28.99,0.0,28.99,57.98,20.73,,1
O0000382,2,2023-01-06,C04123,P052,Sports & Fitness,Online,South,2,248.99,0.2,199.19,398.38,149.94,PR001,0
O0000383,1,2023-01-06,C04201,P065,Beauty & Care,Mobile App,North,1,13.99,0.0,13.99,13.99,4.78,,0
O0000383,2,2023-01-06,C04201,P056,Sports & Fitness,Mobile App,North,1,14.99,0.2,11.99,11.99,8.44,PR001,0
O0000384,1,2023-01-06,C04215,P069,Beauty & Care,In-Store,West,2,10.99,0.0,10.99,21.98,4.42,,0
O0000384,2,2023-01-06,C04215,P052,Sports & Fitness,In-Store,West,2,248.99,0.2,199.19,398.38,149.94,PR001,0
O0000385,1,2023-01-06,C04542,P064,Beauty & Care,In-Store,North,1,18.99,0.0,18.99,18.99,6.29,,0
O0000386,1,2023-01-06,C04989,P023,Home & Kitchen,Online,North,1,44.99,0.0,44.99,44.99,26.93,,0
O0000387,1,2023-01-06,C05048,P022,Home & Kitchen,Mobile App,North,1,38.99,0.0,38.99,38.99,21.51,,0
O0000388,1,2023-01-06,C05170,P039,Apparel,In-Store,East,1,128.99,0.0,128.99,128.99,60.78,,0
O0000388,2,2023-01-06,C05170,P048,Apparel,In-Store,East,2,118.99,0.0,118.99,237.98,63.7,,1
O0000389,1,2023-01-06,C06187,P052,Sports & Fitness,Mobile App,South,1,248.99,0.2,199.19,199.19,149.94,PR001,0
O0000389,2,2023-01-06,C06187,P035,Outdoor & Camping,Mobile App,South,1,158.99,0.0,158.99,158.99,93.89,,0
O0000390,1,2023-01-06,C06336,P062,Beauty & Care,In-Store,East,1,33.99,0.0,33.99,33.99,13.02,,0
O0000391,1,2023-01-06,C06510,P080,Toys & Games,Online,South,1,28.99,0.0,28.99,28.99,17.18,,0
O0000391,2,2023-01-06,C06510,P056,Sports & Fitness,Online,South,1,14.99,0.2,11.99,11.99,8.44,PR001,0
O0000392,1,2023-01-06,C06697,P053,Sports & Fitness,In-Store,South,1,24.99,0.2,19.99,19.99,14.02,PR001,0
O0000392,2,2023-01-06,C06697,P014,Home & Kitchen,In-Store,South,1,118.99,0.0,118.99,118.99,65.48,,0
O0000392,3,2023-01-06,C06697,P020,Home & Kitchen,In-Store,South,1,278.99,0.0,278.99,278.99,171.48,,0
O0000393,1,2023-01-06,C06727,P055,Sports & Fitness,Online,North,1,28.99,0.2,23.19,23.19,18.35,PR001,0
O0000393,2,2023-01-06,C06727,P052,Sports & Fitness,Online,North,1,248.99,0.2,199.19,199.19,149.94,PR001,0
O0000393,3,2023-01-06,C06727,P059,Sports & Fitness,Online,North,1,48.99,0.2,39.19,39.19,29.06,PR001,0
O0000394,1,2023-01-06,C07674,P005,Electronics,In-Store,North,1,28.99,0.0,28.99,28.99,20.73,,0
O0000395,1,2023-01-06,C07940,P005,Electronics,In-Store,East,1,28.99,0.0,28.99,28.99,20.73,,0
O0000396,1,2023-01-06,C08061,P014,Home & Kitchen,In-Store,South,1,118.99,0.0,118.99,118.99,65.48,,0
O0000397,1,2023-01-06,C08410,P055,Sports & Fitness,In-Store,East,1,28.99,0.2,23.19,23.19,18.35,PR001,0
O0000397,1,2023-01-06,C08410,P055,Sports & Fitness,In-Store,East,1,28.99,0.2,23.19,23.19,18.35,PR001,0
O0000397,2,2023-01-06,C08410,P059,Sports & Fitness,In-Store,East,2,48.99,0.2,39.19,78.38,29.06,PR001,0
O0000398,1,2023-01-06,C09212,P058,Sports & Fitness,In-Store,South,1,58.99,0.2,47.19,47.19,36.47,PR001,0
O0000398,2,2023-01-06,C09212,P032,Outdoor & Camping,In-Store,South,1,38.99,0.0,38.99,38.99,26.81,,0
O0000399,1,2023-01-06,C09663,P023,Home & Kitchen,In-Store,North,1,44.99,0.0,44.99,44.99,26.93,,0
O0000399,2,2023-01-06,C09663,P059,Sports & Fitness,In-Store,North,1,48.99,0.2,39.19,39.19,29.06,PR001,0
O0000400,1,2023-01-06,C09993,P048,Apparel,Online,East,1,118.99,0.0,118.99,118.99,63.7,,0
O0000401,1,2023-01-06,C10026,P075,Toys & Games,Mobile App,East,1,68.99,0.0,68.99,68.99,40.94,,1
O0000401,2,2023-01-06,C10026,P071,Beauty & Care,Mobile App,East,1,68.99,0.0,68.99,68.99,31.26,,0
O0000401,3,2023-01-06,C10026,P020,Home & Kitchen,Mobile App,East,3,278.99,0.0,278.99,836.97,171.48,,0
O0000401,4,2023-01-06,C10026,P007,Electronics,Mobile App,East,2,328.99,0.0,328.99,657.98,250.7,,0
O0000402,1,2023-01-06,C10196,P006,Electronics,Mobile App,East,2,44.99,0.0,44.99,89.98,33.54,,0
O0000403,1,2023-01-06,C10258,P016,Home & Kitchen,Mobile App,East,1,88.99,0.0,88.99,88.99,48.52,,0
O0000403,2,2023-01-06,C10258,P060,Sports & Fitness,Mobile App,East,1,11.99,0.2,9.59,9.59,7.26,PR001,0
O0000404,1,2023-01-06,C10570,P083,Gourmet Grocery,In-Store,East,1,21.99,0.0,21.99,21.99,13.78,,0
O0000404,2,2023-01-06,C10570,P006,Electronics,In-Store,East,1,44.99,0.0,44.99,44.99,33.54,,0
O0000404,3,2023-01-06,C10570,P087,Gourmet Grocery,In-Store,East,2,18.99,0.0,18.99,37.98,14.34,,0
O0000404,4,2023-01-06,C10570,P043,Apparel,In-Store,East,2,128.99,0.0,128.99,257.98,64.18,,0
O0000405,1,2023-01-06,C10671,P001,Electronics,In-Store,South,1,78.99,0.0,78.99,78.99,63.33,,0
O0000405,2,2023-01-06,C10671,P074,Toys & Games,In-Store,South,1,21.99,0.0,21.99,21.99,12.3,,0
O0000406,1,2023-01-06,C10709,P057,Sports & Fitness,In-Store,North,1,98.99,0.2,79.19,79.19,59.56,PR001,0
O0000406,2,2023-01-06,C10709,P023,Home & Kitchen,In-Store,North,1,44.99,0.0,44.99,44.99,26.93,,0
O0000406,3,2023-01-06,C10709,P055,Sports & Fitness,In-Store,North,3,28.99,0.2,23.19,69.57,18.35,PR001,0
O0000406,4,2023-01-06,C10709,P059,Sports & Fitness,In-Store,North,2,48.99,0.2,39.19,78.38,29.06,PR001,0
O0000407,1,2023-01-06,C10805,P078,Toys & Games,In-Store,East,3,14.99,0.0,14.99,44.97,8.06,,0
O0000407,2,2023-01-06,C10805,P062,Beauty & Care,In-Store,East,1,33.99,0.0,33.99,33.99,13.02,,0
O0000407,3,2023-01-06,C10805,P073,Toys & Games,In-Store,East,2,38.99,0.0,38.99,77.98,19.36,,0
O0000408,1,2023-01-06,C12061,P017,Home & Kitchen,In-Store,South,1,34.99,0.0,34.99,34.99,20.21,,0
O0000408,2,2023-01-06,C12061,P039,Apparel,In-Store,South,2,128.99,0.0,128.99,257.98,60.78,,1
O0000409,1,2023-01-06,C12202,P075,Toys & Games,In-Store,East,1,68.99,0.0,68.99,68.99,40.94,,0
O0000409,2,2023-01-06,C12202,P005,Electronics,In-Store,East,1,28.99,0.0,28.99,28.99,20.73,,0
O0000410,1,2023-01-06,C13000,P055,Sports & Fitness,In-Store,East,3,28.99,0.2,23.19,69.57,18.35,PR001,0
O0000411,1,2023-01-06,C13045,P046,Apparel,Online,East,1,24.99,0.0,24.99,24.99,10.94,,0
O0000411,2,2023-01-06,C13045,P039,Apparel,Online,East,2,128.99,0.0,128.99,257.98,60.78,,1
O0000412,1,2023-01-06,C13308,P068,Beauty & Care,In-Store,East,1,11.99,0.0,11.99,11.99,4.76,,0
O0000412,2,2023-01-06,C13308,P067,Beauty & Care,In-Store,East,1,8.99,0.0,8.99,8.99,3.66,,0
O0000413,1,2023-01-06,C13616,P020,Home & Kitchen,Mobile App,East,2,278.99,0.0,278.99,557.98,171.48,,0
O0000414,1,2023-01-06,C13637,P037,Outdoor & Camping,In-Store,South,1,78.99,0.1,71.09,71.09,54.44,,0
O0000414,2,2023-01-06,C13637,P033,Outdoor & Camping,In-Store,South,2,48.99,0.0,48.99,97.98,32.33,,0
O0000415,1,2023-01-06,C13644,P010,Electronics,Online,South,1,288.99,0.0,288.99,288.99,214.87,,1
O0000415,2,2023-01-06,C13644,P071,Beauty & Care,Online,South,1,68.99,0.0,68.99,68.99,31.26,,0
O0000415,3,2023-01-06,C13644,P026,Home & Kitchen,Online,South,2,21.99,0.0,21.99,43.98,13.14,,0
O0000416,1,2023-01-06,C13862,P002,Electronics,Online,North,1,58.99,0.0,58.99,58.99,49.44,,0
O0000416,2,2023-01-06,C13862,P012,Electronics,Online,North,2,58.99,0.0,58.99,117.98,43.39,,0
O0000417,1,2023-01-06,C14093,P033,Outdoor & Camping,Online,East,2,48.99,0.0,48.99,97.98,32.33,,0
O0000418,1,2023-01-06,C14722,P023,Home & Kitchen,Online,West,1,44.99,0.0,44.99,44.99,26.93,,0
O0000418,2,2023-01-06,C14722,P010,Electronics,Online,West,1,288.99,0.0,288.99,288.99,214.87,,0
O0000418,3,2023-01-06,C14722,P005,Electronics,Online,West,1,28.99,0.0,28.99,28.99,20.73,,0
O0000419,1,2023-01-06,C14846,P076,Toys & Games,In-Store,South,1,18.99,0.0,18.99,18.99,8.54,,0
O0000420,1,2023-01-06,C15257,P077,Toys & Games,Online,West,1,34.99,0.0,34.99,34.99,19.65,,0
O0000420,2,2023-01-06,C15257,P041,Apparel,Online,West,2,78.99,0.0,78.99,157.98,34.98,,0
O0000421,1,2023-01-06,C15389,P001,Electronics,Online,East,1,78.99,0.0,78.99,78.99,63.33,,1
O0000421,2,2023-01-06,C15389,P002,Electronics,Online,East,1,58.99,0.0,58.99,58.99,49.44,,0
O0000422,1,2023-01-06,C15477,P009,Electronics,Online,West,2,31.99,0.0,31.99,63.98,24.77,,0
O0000422,2,2023-01-06,C15477,P014,Home & Kitchen,Online,West,1,118.99,0.1,107.09,107.09,65.48,,0
O0000422,3,2023-01-06,C15477,P011,Electronics,Online,West,1,138.99,0.0,138.99,138.99,107.9,,0
O0000423,1,2023-01-06,C15676,P055,Sports & Fitness,In-Store,West,1,28.99,0.2,23.19,23.19,18.35,PR001,0
O0000424,1,2023-01-06,C15783,P048,Apparel,In-Store,North,1,118.99,0.0,118.99,118.99,63.7,,0
O0000424,2,2023-01-06,C15783,P039,Apparel,In-Store,North,1,128.99,0.0,128.99,128.99,60.78,,0
O0000425,1,2023-01-06,C15865,P083,Gourmet Grocery,Mobile App,North,1,21.99,0.0,21.99,21.99,13.78,,0
O0000426,1,2023-01-06,C16046,P019,Home & Kitchen,In-Store,West,2,28.99,0.0,28.99,57.98,17.56,,0
O0000427,1,2023-01-06,C16276,P076,Toys & Games,In-Store,North,2,18.99,0.0,18.99,37.98,8.54,,0
O0000427,2,2023-01-06,C16276,P022,Home & Kitchen,In-Store,North,4,38.99,0.0,38.99,155.96,21.51,,0
O0000428,1,2023-01-06,C16467,P031,Outdoor & Camping,Online,North,1,138.99,0.0,138.99,138.99,86.73,,0
O0000428,2,2023-01-06,C16467,P009,Electronics,Online,North,1,31.99,0.0,31.99,31.99,24.77,,0
O0000428,3,2023-01-06,C16467,P050,Apparel,Online,North,1,38.99,0.0,38.99,38.99,15.89,,1
O0000428,4,2023-01-06,C16467,P029,Outdoor & Camping,Online,North,1,68.99,0.0,68.99,68.99,41.44,,0
O0000428,5,2023-01-06,C16467,P038,Outdoor & Camping,Online,North,1,34.99,0.0,34.99,34.99,22.53,,1
O0000429,1,2023-01-06,C16467,P080,Toys & Games,Online,North,1,28.99,0.0,28.99,28.99,17.18,,0
O0000429,2,2023-01-06,C16467,P062,Beauty & Care,Online,North,3,33.99,0.0,33.99,101.97,13.02,,0
O0000429,3,2023-01-06,C16467,P061,Sports & Fitness,Online,North,1,18.99,0.2,15.19,15.19,11.23,PR001,0
O0000430,1,2023-01-06,C16824,P074,Toys & Games,Mobile App,South,1,21.99,0.0,21.99,21.99,12.3,,0
O0000431,1,2023-01-06,C16938,P031,Outdoor & Camping,In-Store,East,1,138.99,0.0,138.99,138.99,86.73,,0
O0000431,2,2023-01-06,C16938,P014,Home & Kitchen,In-Store,East,1,118.99,0.0,118.99,118.99,65.48,,0
O0000431,3,2023-01-06,C16938,P033,Outdoor & Camping,In-Store,East,1,48.99,0.0,48.99,48.99,32.33,,0
O0000431,4,2023-01-06,C16938,P032,Outdoor & Camping,In-Store,East,1,38.99,0.0,38.99,38.99,26.81,,0
O0000432,1,2023-01-06,C17062,P012,Electronics,Online,East,1,58.99,0.0,58.99,58.99,43.39,,0
O0000432,2,2023-01-06,C17062,P068,Beauty & Care,Online,East,2,11.99,0.0,11.99,23.98,4.76,,0
O0000432,3,2023-01-06,C17062,P019,Home & Kitchen,Online,East,1,28.99,0.0,28.99,28.99,17.56,,0
O0000433,1,2023-01-06,C17258,P052,Sports & Fitness,In-Store,West,1,248.99,0.2,199.19,199.19,149.94,PR001,0
O0000434,1,2023-01-06,C17377,P022,Home & Kitchen,Online,North,1,38.99,0.0,38.99,38.99,21.51,,0
O0000435,1,2023-01-06,C17388,P088,Gourmet Grocery,In-Store,East,2,78.99,0.0,78.99,157.98,54.57,,0
O0000435,2,2023-01-06,C17388,P068,Beauty & Care,In-Store,East,1,11.99,0.0,11.99,11.99,4.76,,0
O0000436,1,2023-01-06,C17591,P012,Electronics,Online,South,1,58.99,0.1,53.09,53.09,43.39,,0
O0000436,2,2023-01-06,C17591,P016,Home & Kitchen,Online,South,1,88.99,0.0,88.99,88.99,48.52,,0
O0000436,3,2023-01-06,C17591,P059,Sports & Fitness,Online,South,1,48.99,0.2,39.19,39.19,29.06,PR001,0
O0000436,4,2023-01-06,C17591,P081,Gourmet Grocery,Online,South,1,17.99,0.0,17.99,17.99,12.67,,0
O0000437,1,2023-01-06,C17936,P006,Electronics,In-Store,West,1,44.99,0.0,44.99,44.99,33.54,,0
O0000437,2,2023-01-06,C17936,P031,Outdoor & Camping,In-Store,West,1,138.99,0.0,138.99,138.99,86.73,,0
O0000437,3,2023-01-06,C17936,P083,Gourmet Grocery,In-Store,West,1,21.99,0.0,21.99,21.99,13.78,,0
O0000437,4,2023-01-06,C17936,P033,Outdoor & Camping,In-Store,West,1,48.99,0.0,48.99,48.99,32.33,,0
O0000438,1,2023-01-07,C00128,P005,Electronics,In-Store,North,1,28.99,0.0,28.99,28.99,20.73,,0
O0000439,1,2023-01-07,C00167,P080,Toys & Games,Mobile App,North,1,28.99,0.0,28.99,28.99,17.18,,0
O0000440,1,2023-01-07,C00415,P059,Sports & Fitness,In-Store,North,2,48.99,0.2,39.19,78.38,29.06,PR001,0
O0000441,1,2023-01-07,C01415,P054,Sports & Fitness,In-Store,West,1,28.99,0.2,23.19,23.19,18.52,PR001,0
O0000441,2,2023-01-07,C01415,P076,Toys & Games,In-Store,West,1,18.99,0.0,18.99,18.99,8.54,,0
O0000441,3,2023-01-07,C01415,P075,Toys & Games,In-Store,West,1,68.99,0.0,68.99,68.99,40.94,,1
O0000441,4,2023-01-07,C01415,P004,Electronics,In-Store,West,1,24.99,0.0,24.99,24.99,18.12,,0
O0000442,1,2023-01-07,C01794,P014,Home & Kitchen,In-Store,East,1,118.99,0.0,118.99,118.99,65.48,,0
O0000443,1,2023-01-07,C01830,P029,Outdoor & Camping,Online,North,2,68.99,0.0,68.99,137.98,41.44,,0
O0000443,2,2023-01-07,C01830,P063,Beauty & Care,Online,North,1,27.99,0.1,25.19,25.19,12.57,,0
O0000444,1,2023-01-07,C01957,P043,Apparel,In-Store,West,1,128.99,0.0,128.99,128.99,64.18,,0
O0000445,1,2023-01-07,C02095,P026,Home & Kitchen,In-Store,North,1,21.99,0.0,21.99,21.99,13.14,,0
O0000445,2,2023-01-07,C02095,P044,Apparel,In-Store,North,1,23.99,0.0,23.99,23.99,11.17,,1
O0000446,1,2023-01-07,C02451,P076,Toys & Games,Online,South,1,18.99,0.0,18.99,18.99,8.54,,0
O0000446,2,2023-01-07,C02451,P058,Sports & Fitness,Online,South,1,58.99,0.2,47.19,47.19,36.47,PR001,0
O0000447,1,2023-01-07,C02626,P081,Gourmet Grocery,In-Store,West,1,17.99,0.1,16.19,16.19,12.67,,0
O0000448,1,2023-01-07,C02715,P083,Gourmet Grocery,Online,East,1,21.99,0.0,21.99,21.99,13.78,,0
O0000449,1,2023-01-07,C02958,P059,Sports & Fitness,In-Store,South,1,48.99,0.2,39.19,39.19,29.06,PR001,0
O0000450,1,2023-01-07,C03121,P060,Sports & Fitness,Online,North,1,11.99,0.2,9.59,9.59,7.26,PR001,0
O0000450,2,2023-01-07,C03121,P059,Sports & Fitness,Online,North,1,48.99,0.2,39.19,39.19,29.06,PR001,0
O0000450,3,2023-01-07,C03121,P018,Home & Kitchen,Online,North,1,128.99,0.0,128.99,128.99,82.34,,0
O0000450,3,2023-01-07,C03121,P018,Home & Kitchen,Online,North,1,128.99,0.0,128.99,128.99,82.34,,0
O0000451,1,2023-01-07,C03222,P042,Apparel,Online,West,1,158.99,0.0,158.99,158.99,66.24,,1
O0000451,2,2023-01-07,C03222,P057,Sports & Fitness,Online,West,2,98.99,0.2,79.19,158.38,59.56,PR001,0
O0000452,1,2023-01-07,C03375,P046,Apparel,In-Store,North,2,24.99,0.0,24.99,49.98,10.94,,1
O0000453,1,2023-01-07,C04017,P082,Gourmet Grocery,In-Store,East,2,7.99,0.0,7.99,15.98,4.92,,0
O0000453,2,2023-01-07,C04017,P083,Gourmet Grocery,In-Store,East,1,21.99,0.0,21.99,21.99,13.78,,0
O0000454,1,2023-01-07,C04090,P020,Home & Kitchen,Mobile App,East,1,278.99,0.0,278.99,278.99,171.48,,0
O0000455,1,2023-01-07,C04208,P052,Sports & Fitness,In-Store,North,1,248.99,0.2,199.19,199.19,149.94,PR001,0
O0000455,2,2023-01-07,C04208,P013,Electronics,In-Store,North,1,28.99,0.0,28.99,28.99,23.01,,0
O0000455,3,2023-01-07,C04208,P085,Gourmet Grocery,In-Store,North,1,13.99,0.0,13.99,13.99,10.35,,0
O0000456,1,2023-01-07,C04235,P034,Outdoor & Camping,Online,North,2,58.99,0.0,58.99,117.98,37.47,,0
O0000456,2,2023-01-07,C04235,P050,Apparel,Online,North,1,38.99,0.0,38.99,38.99,15.89,,0
O0000456,3,2023-01-07,C04235,P039,Apparel,Online,North,1,128.99,0.0,128.99,128.99,60.78,,0
O0000457,1,2023-01-07,C04344,P060,Sports & Fitness,Online,South,2,11.99,0.2,9.59,19.18,7.26,PR001,0
O0000457,2,2023-01-07,C04344,P059,Sports & Fitness,Online,South,1,48.99,0.2,39.19,39.19,29.06,PR001,0
O0000458,1,2023-01-07,C04758,P026,Home & Kitchen,Online,North,1,21.99,0.0,21.99,21.99,13.14,,0
O0000458,2,2023-01-07,C04758,P052,Sports & Fitness,Online,North,1,248.99,0.2,199.19,199.19,149.94,PR001,0
O0000458,3,2023-01-07,C04758,P051,Sports & Fitness,Online,North,1,38.99,0.2,31.19,31.19,25.02,PR001,1
O0000458,4,2023-01-07,C04758,P015,Home & Kitchen,Online,North,1,48.99,0.0,48.99,48.99,27.96,,0
O0000458,5,2023-01-07,C04758,P059,Sports & Fitness,Online,North,1,48.99,0.2,39.19,39.19,29.06,PR001,0
O0000459,1,2023-01-07,C05012,P009,Electronics,Online,North,2,31.99,0.0,31.99,63.98,24.77,,0
O0000459,2,2023-01-07,C05012,P089,Gourmet Grocery,Online,North,1,8.99,0.0,8.99,8.99,5.94,,0
O0000460,1,2023-01-07,C05225,P076,Toys & Games,Mobile App,East,1,18.99,0.0,18.99,18.99,8.54,,0
O0000461,1,2023-01-07,C05368,P083,Gourmet Grocery,In-Store,East,1,21.99,0.0,21.99,21.99,13.78,,0
O0000461,2,2023-01-07,C05368,P030,Outdoor & Camping,In-Store,East,1,28.99,0.0,28.99,28.99,17.42,,0
O0000462,1,2023-01-07,C05706,P071,Beauty & Care,In-Store,East,4,68.99,0.0,68.99,275.96,31.26,,0
O0000462,2,2023-01-07,C05706,P004,Electronics,In-Store,East,1,24.99,0.0,24.99,24.99,18.12,,0
O0000463,1,2023-01-07,C05999,P044,Apparel,Online,East,1,23.99,0.0,23.99,23.99,11.17,,0
O0000463,2,2023-01-07,C05999,P058,Sports & Fitness,Online,East,1,58.99,0.2,47.19,47.19,36.47,PR001,0
O0000464,1,2023-01-07,C06336,P019,Home & Kitchen,In-Store,East,1,28.99,0.0,28.99,28.99,17.56,,0
O0000464,2,2023-01-07,C06336,P076,Toys & Games,In-Store,East,4,18.99,0.0,18.99,75.96,8.54,,0
O0000465,1,2023-01-07,C06404,P038,Outdoor & Camping,Mobile App,West,1,34.99,0.0,34.99,34.99,22.53,,0
O0000465,2,2023-01-07,C06404,P065,Beauty & Care,Mobile App,West,1,13.99,0.0,13.99,13.99,4.78,,0
O0000466,1,2023-01-07,C06404,P025,Home & Kitchen,Mobile App,West,1,88.99,0.0,88.99,88.99,49.85,,0
O0000466,2,2023-01-07,C06404,P016,Home & Kitchen,Mobile App,West,2,88.99,0.0,88.99,177.98,48.52,,0
O0000466,3,2023-01-07,C06404,P081,Gourmet Grocery,Mobile App,West,1,17.99,0.0,17.99,17.99,12.67,,0
O0000467,1,2023-01-07,C06569,P042,Apparel,Mobile App,East,1,158.99,0.0,158.99,158.99,66.24,,0
O0000467,2,2023-01-07,C06569,P045,Apparel,Mobile App,East,1,88.99,0.0,88.99,88.99,40.84,,0
O0000468,1,2023-01-07,C06625,P062,Beauty & Care,Online,West,2,33.99,0.0,33.99,67.98,13.02,,0
O0000469,1,2023-01-07,C06697,P081,Gourmet Grocery,Online,South,3,17.99,0.0,17.99,53.97,12.67,,0
O0000469,2,2023-01-07,C06697,P002,Electronics,Online,South,3,58.99,0.0,58.99,176.97,49.44,,0
O0000470,1,2023-01-07,C06698,P011,Electronics,Online,South,1,138.99,0.0,138.99,138.99,107.9,,1
O0000470,2,2023-01-07,C06698,P006,Electronics,Online,South,1,44.99,0.0,44.99,44.99,33.54,,0
O0000470,3,2023-01-07,C06698,P016,Home & Kitchen,Online,South,1,88.99,0.0,88.99,88.99,48.52,,0
O0000471,1,2023-01-07,C06803,P012,Electronics,Online,East,1,58.99,0.0,58.99,58.99,43.39,,0
O0000471,2,2023-01-07,C06803,P008,Electronics,Online,East,1,248.99,0.0,248.99,248.99,177.06,,0
O0000472,1,2023-01-07,C07002,P012,Electronics,In-Store,East,1,58.99,0.0,58.99,58.99,43.39,,0
O0000473,1,2023-01-07,C07135,P059,Sports & Fitness,In-Store,North,2,48.99,0.2,39.19,78.38,29.06,PR001,0
O0000473,2,2023-01-07,C07135,P062,Beauty & Care,In-Store,North,1,33.99,0.0,33.99,33.99,13.02,,0
O0000473,3,2023-01-07,C07135,P053,Sports & Fitness,In-Store,North,1,24.99,0.2,19.99,19.99,14.02,PR001,0
O0000473,4,2023-01-07,C07135,P052,Sports & Fitness,In-Store,North,1,248.99,0.2,199.19,199.19,149.94,PR001,0
O0000474,1,2023-01-07,C07154,P065,Beauty & Care,In-Store,North,1,13.99,0.0,13.99,13.99,4.78,,0
O0000474,2,2023-01-07,C07154,P083,Gourmet Grocery,In-Store,North,1,21.99,0.0,21.99,21.99,13.78,,0
O0000474,3,2023-01-07,C07154,P056,Sports & Fitness,In-Store,North,1,14.99,0.2,11.99,11.99,8.44,PR001,0
O0000475,1,2023-01-07,C07214,P083,Gourmet Grocery,Online,West,1,21.99,0.0,21.99,21.99,13.78,,0
O0000476,1,2023-01-07,C07222,P020,Home & Kitchen,Online,North,1,278.99,0.0,278.99,278.99,171.48,,0
O0000477,1,2023-01-07,C07226,P057,Sports & Fitness,In-Store,South,1,98.99,0.2,79.19,79.19,59.56,PR001,0
O0000477,2,2023-01-07,C07226,P060,Sports & Fitness,In-Store,South,2,11.99,0.2,9.59,19.18,7.26,PR001,0
O0000477,3,2023-01-07,C07226,P017,Home & Kitchen,In-Store,South,2,34.99,0.0,34.99,69.98,20.21,,0
O0000477,4,2023-01-07,C07226,P081,Gourmet Grocery,In-Store,South,5,17.99,0.0,17.99,89.95,12.67,,0
O0000478,1,2023-01-07,C07278,P083,Gourmet Grocery,In-Store,East,1,21.99,0.0,21.99,21.99,13.78,,0
O0000479,1,2023-01-07,C07479,P047,Apparel,In-Store,East,1,58.99,0.0,58.99,58.99,19.67,,0
O0000479,2,2023-01-07,C07479,P052,Sports & Fitness,In-Store,East,1,248.99,0.2,199.19,199.19,149.94,PR001,0
O0000479,3,2023-01-07,C07479,P048,Apparel,In-Store,East,1,118.99,0.0,118.99,118.99,63.7,,0
O0000480,1,2023-01-07,C07947,P060,Sports & Fitness,Online,East,1,11.99,0.2,9.59,9.59,7.26,PR001,0
O0000480,2,2023-01-07,C07947,P061,Sports & Fitness,Online,East,2,18.99,0.2,15.19,30.38,11.23,PR001,0
O0000480,3,2023-01-07,C07947,P055,Sports & Fitness,Online,East,1,28.99,0.2,23.19,23.19,18.35,PR001,0
O0000481,1,2023-01-07,C08088,P052,Sports & Fitness,In-Store,North,2,248.99,0.2,199.19,398.38,149.94,PR001,0
O0000481,2,2023-01-07,C08088,P024,Home & Kitchen,In-Store,North,1,48.99,0.0,48.99,48.99,30.92,,0
O0000481,3,2023-01-07,C08088,P059,Sports & Fitness,In-Store,North,1,48.99,0.2,39.19,39.19,29.06,PR001,0
O0000482,1,2023-01-07,C08149,P021,Home & Kitchen,Mobile App,South,1,118.99,0.0,118.99,118.99,70.61,,0
O0000482,2,2023-01-07,C08149,P022,Home & Kitchen,Mobile App,South,1,38.99,0.0,38.99,38.99,21.51,,0
O0000483,1,2023-01-07,C08365,P083,Gourmet Grocery,Mobile App,South,1,21.99,0.0,21.99,21.99,13.78,,0
O0000483,2,2023-01-07,C08365,P021,Home & Kitchen,Mobile App,South,1,118.99,0.0,118.99,118.99,70.61,,0
O0000484,1,2023-01-07,C08619,P059,Sports & Fitness,In-Store,West,1,48.99,0.2,39.19,39.19,29.06,PR001,0
O0000484,2,2023-01-07,C08619,P074,Toys & Games,In-Store,West,1,21.99,0.0,21.99,21.99,12.3,,0
O0000485,1,2023-01-07,C09028,P020,Home & Kitchen,Online,East,2,278.99,0.0,278.99,557.98,171.48,,0
O0000485,2,2023-01-07,C09028,P083,Gourmet Grocery,Online,East,1,21.99,0.0,21.99,21.99,13.78,,0
O0000485,3,2023-01-07,C09028,P072,Toys & Games,Online,East,1,48.99,0.0,48.99,48.99,27.59,,0
O0000485,4,2023-01-07,C09028,P073,Toys & Games,Online,East,1,38.99,0.0,38.99,38.99,19.36,,0
O0000485,5,2023-01-07,C09028,P023,Home & Kitchen,Online,East,1,44.99,0.0,44.99,44.99,26.93,,0
O0000486,1,2023-01-07,C09598,P003,Electronics,Online,West,1,198.99,0.0,198.99,198.99,153.76,,0
O0000486,2,2023-01-07,C09598,P005,Electronics,Online,West,1,28.99,0.0,28.99,28.99,20.73,,0
O0000487,1,2023-01-07,C09606,P019,Home & Kitchen,Mobile App,West,2,28.99,0.0,28.99,57.98,17.56,,0
O0000487,2,2023-01-07,C09606,P083,Gourmet Grocery,Mobile App,West,1,21.99,0.1,19.79,19.79,13.78,,0
O0000487,3,2023-01-07,C09606,P018,Home & Kitchen,Mobile App,West,1,128.99,0.0,128.99,128.99,82.34,,1
O0000487,4,2023-01-07,C09606,P017,Home & Kitchen,Mobile App,West,1,34.99,0.0,34.99,34.99,20.21,,0
O0000488,1,2023-01-07,C09811,P073,Toys & Games,In-Store,North,1,38.99,0.0,38.99,38.99,19.36,,0
O0000488,2,2023-01-07,C09811,P083,Gourmet Grocery,In-Store,North,1,21.99,0.0,21.99,21.99,13.78,,0
O0000488,3,2023-01-07,C09811,P016,Home & Kitchen,In-Store,North,1,88.99,0.0,88.99,88.99,48.52,,0
O0000488,4,2023-01-07,C09811,P081,Gourmet Grocery,In-Store,North,5,17.99,0.0,17.99,89.95,12.67,,0
O0000489,1,2023-01-07,C10226,P083,Gourmet Grocery,In-Store,South,4,21.99,0.0,21.99,87.96,13.78,,0
O0000489,2,2023-01-07,C10226,P072,Toys & Games,In-Store,South,2,48.99,0.0,48.99,97.98,27.59,,0
O0000489,3,2023-01-07,C10226,P076,Toys & Games,In-Store,South,1,18.99,0.0,18.99,18.99,8.54,,0
O0000490,1,2023-01-07,C10379,P025,Home & Kitchen,In-Store,East,1,88.99,0.0,88.99,88.99,49.85,,0
O0000490,2,2023-01-07,C10379,P012,Electronics,In-Store,East,1,58.99,0.0,58.99,58.99,43.39,,0
O0000491,1,2023-01-07,C10405,P023,Home & Kitchen,Online,North,1,44.99,0.0,44.99,44.99,26.93,,0
O0000492,1,2023-01-07,C10787,P089,Gourmet Grocery,In-Store,North,3,8.99,0.0,8.99,26.97,5.94,,0
O0000492,2,2023-01-07,C10787,P074,Toys & Games,In-Store,North,1,21.99,0.0,21.99,21.99,12.3,,0
O0000493,1,2023-01-07,C10918,P005,Electronics,In-Store,North,1,28.99,0.0,28.99,28.99,20.73,,0
O0000493,2,2023-01-07,C10918,P012,Electronics,In-Store,North,1,58.99,0.1,53.09,53.09,43.39,,0
O0000493,3,2023-01-07,C10918,P055,Sports & Fitness,In-Store,North,1,28.99,0.2,23.19,23.19,18.35,PR001,0
O0000493,4,2023-01-07,C10918,P059,Sports & Fitness,In-Store,North,2,48.99,0.2,39.19,78.38,29.06,PR001,0
O0000494,1,2023-01-07,C10998,P048,Apparel,Online,East,1,118.99,0.0,118.99,118.99,63.7,,0
O0000495,1,2023-01-07,C11497,P020,Home & Kitchen,Online,West,1,278.99,0.0,278.99,278.99,171.48,,0
O0000496,1,2023-01-07,C12062,P023,Home & Kitchen,In-Store,West,1,44.99,0.0,44.99,44.99,26.93,,1
O0000496,2,2023-01-07,C12062,P073,Toys & Games,In-Store,West,1,38.99,0.0,38.99,38.99,19.36,,0
O0000497,1,2023-01-07,C12358,P055,Sports & Fitness,Mobile App,North,1,28.99,0.2,23.19,23.19,18.35,PR001,0
O0000498,1,2023-01-07,C12711,P060,Sports & Fitness,In-Store,North,1,11.99,0.2,9.59,9.59,7.26,PR001,0
O0000498,2,2023-01-07,C12711,P059,Sports & Fitness,In-Store,North,1,48.99,0.2,39.19,39.19,29.06,PR001,0
O0000499,1,2023-01-07,C12721,P069,Beauty & Care,In-Store,South,3,10.99,0.0,10.99,32.97,4.42,,0
O0000500,1,2023-01-07,C12821,P003,Electronics,Mobile App,East,1,198.99,0.0,198.99,198.99,153.76,,0
O0000500,2,2023-01-07,C12821,P046,Apparel,Mobile App,East,1,24.99,0.0,24.99,24.99,10.94,,0
O0000500,3,2023-01-07,C12821,P001,Electronics,Mobile App,East,2,78.99,0.0,78.99,157.98,63.33,,0
O0000500,4,2023-01-07,C12821,P005,Electronics,Mobile App,East,1,28.99,0.0,28.99,28.99,20.73,,0
O0000500,5,2023-01-07,C12821,P004,Electronics,Mobile App,East,1,24.99,0.0,24.99,24.99,18.12,,0
O0000501,1,2023-01-07,C13020,P004,Electronics,Online,South,2,24.99,0.0,24.99,49.98,18.12,,0
O0000501,2,2023-01-07,C13020,P087,Gourmet Grocery,Online,South,2,18.99,0.0,18.99,37.98,14.34,,0
O0000501,3,2023-01-07,C13020,P068,Beauty & Care,Online,South,3,11.99,0.0,11.99,35.97,4.76,,0
O0000501,4,2023-01-07,C13020,P046,Apparel,Online,South,2,24.99,0.0,24.99,49.98,10.94,,0
O0000501,5,2023-01-07,C13020,P071,Beauty & Care,Online,South,2,68.99,0.1,62.09,124.18,31.26,,0
O0000501,6,2023-01-07,C13020,P034,Outdoor & Camping,Online,South,1,58.99,0.0,58.99,58.99,37.47,,0
O0000501,7,2023-01-07,C13020,P049,Apparel,Online,South,1,28.99,0.0,28.99,28.99,13.53,,0
O0000502,1,2023-01-07,C13415,P026,Home & Kitchen,Mobile App,East,1,21.99,0.0,21.99,21.99,13.14,,0
O0000502,2,2023-01-07,C13415,P076,Toys & Games,Mobile App,East,2,18.99,0.0,18.99,37.98,8.54,,1
O0000503,1,2023-01-07,C13433,P059,Sports & Fitness,Online,South,3,48.99,0.2,39.19,117.57,29.06,PR001,0
O0000504,1,2023-01-07,C13503,P047,Apparel,In-Store,North,1,58.99,0.0,58.99,58.99,19.67,,0
O0000504,2,2023-01-07,C13503,P030,Outdoor & Camping,In-Store,North,1,28.99,0.0,28.99,28.99,17.42,,0
O0000504,3,2023-01-07,C13503,P039,Apparel,In-Store,North,1,128.99,0.0,128.99,128.99,60.78,,0
O0000505,1,2023-01-07,C13690,P021,Home & Kitchen,In-Store,West,1,118.99,0.0,118.99,118.99,70.61,,0
O0000505,2,2023-01-07,C13690,P083,Gourmet Grocery,In-Store,West,3,21.99,0.0,21.99,65.97,13.78,,0
O0000506,1,2023-01-07,C13848,P088,Gourmet Grocery,Mobile App,East,2,78.99,0.0,78.99,157.98,54.57,,0
O0000507,1,2023-01-07,C13889,P083,Gourmet Grocery,Online,North,2,21.99,0.0,21.99,43.98,13.78,,0
O0000508,1,2023-01-07,C13984,P042,Apparel,In-Store,North,1,158.99,0.0,158.99,158.99,66.24,,0
O0000508,2,2023-01-07,C13984,P044,Apparel,In-Store,North,1,23.99,0.0,23.99,23.99,11.17,,1
O0000509,1,2023-01-07,C14040,P064,Beauty & Care,In-Store,South,1,18.99,0.0,18.99,18.99,6.29,,0
O0000509,2,2023-01-07,C14040,P067,Beauty & Care,In-Store,South,1,8.99,0.0,8.99,8.99,3.66,,0
O0000509,3,2023-01-07,C14040,P062,Beauty & Care,In-Store,South,1,33.99,0.0,33.99,33.99,13.02,,0
O0000510,1,2023-01-07,C14275,P013,Electronics,Online,East,1,28.99,0.0,28.99,28.99,23.01,,0
O0000510,2,2023-01-07,C14275,P078,Toys & Games,Online,East,1,14.99,0.0,14.99,14.99,8.06,,1
O0000511,1,2023-01-07,C14729,P053,Sports & Fitness,Mobile App,North,1,24.99,0.2,19.99,19.99,14.02,PR001,0
O0000511,2,2023-01-07,C14729,P054,Sports & Fitness,Mobile App,North,2,28.99,0.2,23.19,46.38,18.52,PR001,1
O0000511,3,2023-01-07,C14729,P049,Apparel,Mobile App,North,1,28.99,0.0,28.99,28.99,13.53,,0
O0000511,4,2023-01-07,C14729,P043,Apparel,Mobile App,North,2,128.99,0.0,128.99,257.98,64.18,,0
O0000511,5,2023-01-07,C14729,P022,Home & Kitchen,Mobile App,North,1,38.99,0.0,38.99,38.99,21.51,,0
O0000512,1,2023-01-07,C14761,P016,Home & Kitchen,Online,East,1,88.99,0.0,88.99,88.99,48.52,,0
O0000512,2,2023-01-07,C14761,P065,Beauty & Care,Online,East,1,13.99,0.0,13.99,13.99,4.78,,0
O0000512,3,2023-01-07,C14761,P014,Home & Kitchen,Online,East,2,118.99,0.0,118.99,237.98,65.48,,0
O0000512,4,2023-01-07,C14761,P011,Electronics,Online,East,1,138.99,0.1,125.09,125.09,107.9,,0
O0000512,5,2023-01-07,C14761,P081,Gourmet Grocery,Online,East,5,17.99,0.0,17.99,89.95,12.67,,0
O0000513,1,2023-01-07,C15057,P050,Apparel,In-Store,South,1,38.99,0.1,35.09,35.09,15.89,,0
O0000513,1,2023-01-07,C15057,P050,Apparel,In-Store,South,1,38.99,0.1,35.09,35.09,15.89,,0
O0000513,2,2023-01-07,C15057,P079,Toys & Games,In-Store,South,1,58.99,0.0,58.99,58.99,33.99,,0
O0000514,1,2023-01-07,C15292,P023,Home & Kitchen,In-Store,East,1,44.99,0.0,44.99,44.99,26.93,,0
O0000514,2,2023-01-07,C15292,P017,Home & Kitchen,In-Store,East,1,34.99,0.0,34.99,34.99,20.21,,0
O0000514,3,2023-01-07,C15292,P081,Gourmet Grocery,In-Store,East,1,17.99,0.0,17.99,17.99,12.67,,0
O0000515,1,2023-01-07,C15357,P041,Apparel,Online,North,1,78.99,0.0,78.99,78.99,34.98,,0
O0000515,2,2023-01-07,C15357,P065,Beauty & Care,Online,North,2,13.99,0.1,12.59,25.18,4.78,,0
O0000516,1,2023-01-07,C15395,P052,Sports & Fitness,Mobile App,North,1,248.99,0.2,199.19,199.19,149.94,PR001,0
O0000516,2,2023-01-07,C15395,P061,Sports & Fitness,Mobile App,North,1,18.99,0.2,15.19,15.19,11.23,PR001,0
O0000516,3,2023-01-07,C15395,P059,Sports & Fitness,Mobile App,North,1,48.99,0.2,39.19,39.19,29.06,PR001,0
O0000517,1,2023-01-07,C15773,P069,Beauty & Care,In-Store,East,2,10.99,0.0,10.99,21.98,4.42,,0
O0000517,2,2023-01-07,C15773,P013,Electronics,In-Store,East,1,28.99,0.0,28.99,28.99,23.01,,1
O0000517,3,2023-01-07,C15773,P003,Electronics,In-Store,East,1,198.99,0.0,198.99,198.99,153.76,,0
O0000518,1,2023-01-07,C16167,P046,Apparel,Online,East,1,24.99,0.0,24.99,24.99,10.94,,0
O0000519,1,2023-01-07,C16512,P022,Home & Kitchen,Online,North,1,38.99,0.0,38.99,38.99,21.51,,0
O0000519,2,2023-01-07,C16512,P029,Outdoor & Camping,Online,North,1,68.99,0.0,68.99,68.99,41.44,,0
O0000519,3,2023-01-07,C16512,P025,Home & Kitchen,Online,North,2,88.99,0.0,88.99,177.98,49.85,,0
O0000519,4,2023-01-07,C16512,P009,Electronics,Online,North,2,31.99,0.0,31.99,63.98,24.77,,0
O0000519,5,2023-01-07,C16512,P056,Sports & Fitness,Online,North,2,14.99,0.2,11.99,23.98,8.44,PR001,0
O0000519,6,2023-01-07,C16512,P012,Electronics,Online,North,1,58.99,0.0,58.99,58.99,43.39,,0
O0000520,1,2023-01-07,C16819,P083,Gourmet Grocery,In-Store,South,2,21.99,0.0,21.99,43.98,13.78,,0
O0000521,1,2023-01-07,C16843,P004,Electronics,In-Store,East,1,24.99,0.0,24.99,24.99,18.12,,0
O0000522,1,2023-01-07,C17715,P048,Apparel,Online,North,1,118.99,0.0,118.99,118.99,63.7,,0
O0000523,1,2023-01-07,C17732,P033,Outdoor & Camping,Online,West,1,48.99,0.0,48.99,48.99,32.33,,0
O0000523,2,2023-01-07,C17732,P089,Gourmet Grocery,Online,West,1,8.99,0.0,8.99,8.99,5.94,,0
O0000523,3,2023-01-07,C17732,P059,Sports & Fitness,Online,West,1,48.99,0.2,39.19,39.19,29.06,PR001,1
O0000524,1,2023-01-08,C00109,P018,Home & Kitchen,In-Store,West,1,128.99,0.0,128.99,128.99,82.34,,0
O0000524,2,2023-01-08,C00109,P010,Electronics,In-Store,West,1,288.99,0.0,288.99,288.99,214.87,,1
O0000525,1,2023-01-08,C00204,P003,Electronics,Online,South,1,198.99,0.0,198.99,198.99,153.76,,0
O0000526,1,2023-01-08,C00666,P033,Outdoor & Camping,In-Store,South,1,48.99,0.0,48.99,48.99,32.33,,0
O0000526,2,2023-01-08,C00666,P002,Electronics,In-Store,South,1,58.99,0.0,58.99,58.99,49.44,,0
O0000527,1,2023-01-08,C00718,P071,Beauty & Care,Mobile App,South,1,68.99,0.0,68.99,68.99,31.26,,0
O0000527,2,2023-01-08,C00718,P063,Beauty & Care,Mobile App,South,2,27.99,0.0,27.99,55.98,12.57,,0
O0000528,1,2023-01-08,C00940,P072,Toys & Games,In-Store,East,3,48.99,0.0,48.99,146.97,27.59,,0
O0000529,1,2023-01-08,C01032,P011,Electronics,In-Store,North,1,138.99,0.0,138.99,138.99,107.9,,0
O0000530,1,2023-01-08,C01071,P020,Home & Kitchen,In-Store,East,2,278.99,0.0,278.99,557.98,171.48,,0
O0000531,1,2023-01-08,C01152,P051,Sports & Fitness,In-Store,East,1,38.99,0.2,31.19,31.19,25.02,PR001,0
O0000531,2,2023-01-08,C01152,P006,Electronics,In-Store,East,1,44.99,0.0,44.99,44.99,33.54,,0
O0000531,3,2023-01-08,C01152,P052,Sports & Fitness,In-Store,East,1,248.99,0.2,199.19,199.19,149.94,PR001,0
O0000531,4,2023-01-08,C01152,P059,Sports & Fitness,In-Store,East,1,48.99,0.2,39.19,39.19,29.06,PR001,1
O0000532,1,2023-01-08,C01187,P006,Electronics,Online,North,1,44.99,0.0,44.99,44.99,33.54,,0
O0000532,2,2023-01-08,C01187,P014,Home & Kitchen,Online,North,1,118.99,0.0,118.99,118.99,65.48,,0
O0000532,3,2023-01-08,C01187,P074,Toys & Games,Online,North,1,21.99,0.0,21.99,21.99,12.3,,0
O0000533,1,2023-01-08,C01571,P004,Electronics,Online,North,1,24.99,0.0,24.99,24.99,18.12,,0
O0000534,1,2023-01-08,C01594,P006,Electronics,In-Store,East,2,44.99,0.0,44.99,89.98,33.54,,0
O0000535,1,2023-01-08,C01761,P019,Home & Kitchen,Mobile App,South,1,28.99,0.0,28.99,28.99,17.56,,0
O0000535,2,2023-01-08,C01761,P083,Gourmet Grocery,Mobile App,South,2,21.99,0.0,21.99,43.98,13.78,,0
O0000535,3,2023-01-08,C01761,P018,Home & Kitchen,Mobile App,South,3,128.99,0.0,128.99,386.97,82.34,,0
O0000535,4,2023-01-08,C01761,P068,Beauty & Care,Mobile App,South,1,11.99,0.0,11.99,11.99,4.76,,0
O0000536,1,2023-01-08,C02688,P001,Electronics,In-Store,North,1,78.99,0.0,78.99,78.99,63.33,,0
O0000536,2,2023-01-08,C02688,P076,Toys & Games,In-Store,North,1,18.99,0.0,18.99,18.99,8.54,,0
O0000537,1,2023-01-08,C02801,P001,Electronics,In-Store,West,1,78.99,0.0,78.99,78.99,63.33,,0
O0000537,2,2023-01-08,C02801,P061,Sports & Fitness,In-Store,West,1,18.99,0.2,15.19,15.19,11.23,PR001,1
O0000537,3,2023-01-08,C02801,P059,Sports & Fitness,In-Store,West,2,48.99,0.2,39.19,78.38,29.06,PR001,0
O0000538,1,2023-01-08,C03027,P047,Apparel,Online,West,2,58.99,0.0,58.99,117.98,19.67,,1
O0000539,1,2023-01-08,C03720,P078,Toys & Games,In-Store,West,2,14.99,0.0,14.99,29.98,8.06,,0
O0000539,2,2023-01-08,C03720,P073,Toys & Games,In-Store,West,2,38.99,0.0,38.99,77.98,19.36,,0
O0000540,1,2023-01-08,C03759,P018,Home & Kitchen,In-Store,South,1,128.99,0.0,128.99,128.99,82.34,,0
O0000540,2,2023-01-08,C03759,P016,Home & Kitchen,In-Store,South,1,88.99,0.0,88.99,88.99,48.52,,0
O0000541,1,2023-01-08,C03838,P050,Apparel,In-Store,North,1,38.99,0.0,38.99,38.99,15.89,,1
O0000541,2,2023-01-08,C03838,P013,Electronics,In-Store,North,1,28.99,0.0,28.99,28.99,23.01,,0
O0000542,1,2023-01-08,C03927,P026,Home & Kitchen,Mobile App,North,1,21.99,0.0,21.99,21.99,13.14,,1
O0000542,2,2023-01-08,C03927,P006,Electronics,Mobile App,North,1,44.99,0.0,44.99,44.99,33.54,,0
O0000543,1,2023-01-08,C04241,P034,Outdoor & Camping,Online,North,1,58.99,0.0,58.99,58.99,37.47,,0
O0000543,2,2023-01-08,C04241,P036,Outdoor & Camping,Online,North,1,11.99,0.0,11.99,11.99,7.9,,1
O0000544,1,2023-01-08,C04278,P056,Sports & Fitness,Mobile App,East,1,14.99,0.2,11.99,11.99,8.44,PR001,0
O0000544,2,2023-01-08,C04278,P059,Sports & Fitness,Mobile App,East,1,48.99,0.2,39.19,39.19,29.06,PR001,0
O0000545,1,2023-01-08,C04395,P061,Sports & Fitness,In-Store,West,1,18.99,0.2,15.19,15.19,11.23,PR001,0
O0000545,2,2023-01-08,C04395,P014,Home & Kitchen,In-Store,West,3,118.99,0.0,118.99,356.97,65.48,,0
O0000546,1,2023-01-08,C04762,P001,Electronics,In-Store,East,1,78.99,0.0,78.99,78.99,63.33,,0
O0000546,2,2023-01-08,C04762,P043,Apparel,In-Store,East,1,128.99,0.0,128.99,128.99,64.18,,0
O0000546,3,2023-01-08,C04762,P004,Electronics,In-Store,East,1,24.99,0.0,24.99,24.99,18.12,,0
O0000547,1,2023-01-08,C04770,P041,Apparel,In-Store,West,1,78.99,0.0,78.99,78.99,34.98,,0
O0000547,2,2023-01-08,C04770,P016,Home & Kitchen,In-Store,West,1,88.99,0.0,88.99,88.99,48.52,,0
O0000547,3,2023-01-08,C04770,P081,Gourmet Grocery,In-Store,West,1,17.99,0.0,17.99,17.99,12.67,,0
O0000548,1,2023-01-08,C04788,P012,Electronics,In-Store,East,1,58.99,0.0,58.99,58.99,43.39,,0
O0000548,2,2023-01-08,C04788,P018,Home & Kitchen,In-Store,East,1,128.99,0.0,128.99,128.99,82.34,,0
O0000549,1,2023-01-08,C04831,P013,Electronics,Online,South,1,28.99,0.0,28.99,28.99,23.01,,0
O0000549,2,2023-01-08,C04831,P008,Electronics,Online,South,1,248.99,0.0,248.99,248.99,177.06,,0
O0000549,3,2023-01-08,C04831,P001,Electronics,Online,South,1,78.99,0.0,78.99,78.99,63.33,,0
O0000550,1,2023-01-08,C05626,P052,Sports & Fitness,Mobile App,North,1,248.99,0.2,199.19,199.19,149.94,PR001,1
O0000550,2,2023-01-08,C05626,P018,Home & Kitchen,Mobile App,North,1,128.99,0.0,128.99,128.99,82.34,,0
O0000551,1,2023-01-08,C06009,P055,Sports & Fitness,In-Store,East,2,28.99,0.2,23.19,46.38,18.35,PR001,0
O0000552,1,2023-01-08,C06081,P068,Beauty & Care,In-Store,North,3,11.99,0.1,10.79,32.37,4.76,,0
O0000552,2,2023-01-08,C06081,P030,Outdoor & Camping,In-Store,North,1,28.99,0.0,28.99,28.99,17.42,,0
O0000552,3,2023-01-08,C06081,P022,Home & Kitchen,In-Store,North,2,38.99,0.0,38.99,77.98,21.51,,0
O0000553,1,2023-01-08,C06098,P071,Beauty & Care,In-Store,West,2,68.99,0.0,68.99,137.98,31.26,,0
O0000553,2,2023-01-08,C06098,P055,Sports & Fitness,In-Store,West,1,28.99,0.2,23.19,23.19,18.35,PR001,0
O0000554,1,2023-01-08,C06461,P088,Gourmet Grocery,In-Store,South,1,78.99,0.0,78.99,78.99,54.57,,0
O0000554,2,2023-01-08,C06461,P036,Outdoor & Camping,In-Store,South,1,11.99,0.0,11.99,11.99,7.9,,0
O0000555,1,2023-01-08,C06665,P038,Outdoor & Camping,In-Store,North,1,34.99,0.0,34.99,34.99,22.53,,0
O0000555,2,2023-01-08,C06665,P025,Home & Kitchen,In-Store,North,2,88.99,0.0,88.99,177.98,49.85,,1
O0000555,3,2023-01-08,C06665,P064,Beauty & Care,In-Store,North,2,18.99,0.0,18.99,37.98,6.29,,0
O0000556,1,2023-01-08,C06994,P048,Apparel,In-Store,East,1,118.99,0.0,118.99,118.99,63.7,,0
O0000556,2,2023-01-08,C06994,P042,Apparel,In-Store,East,2,158.99,0.0,158.99,317.98,66.24,,0
O0000557,1,2023-01-08,C06994,P046,Apparel,In-Store,East,1,24.99,0.0,24.99,24.99,10.94,,0
O0000558,1,2023-01-08,C07395,P004,Electronics,In-Store,West,2,24.99,0.0,24.99,49.98,18.12,,0
O0000558,2,2023-01-08,C07395,P013,Electronics,In-Store,West,1,28.99,0.0,28.99,28.99,23.01,,0
O0000559,1,2023-01-08,C07722,P061,Sports & Fitness,Online,West,2,18.99,0.2,15.19,30.38,11.23,PR001,0
O0000559,2,2023-01-08,C07722,P060,Sports & Fitness,Online,West,1,11.99,0.2,9.59,9.59,7.26,PR001,0
O0000560,1,2023-01-08,C07834,P052,Sports & Fitness,In-Store,West,1,248.99,0.2,199.19,199.19,149.94,PR001,0
O0000561,1,2023-01-08,C07950,P047,Apparel,,West,1,58.99,0.0,58.99,58.99,19.67,,1
O0000561,2,2023-01-08,C07950,P008,Electronics,In-Store,West,1,248.99,0.0,248.99,248.99,177.06,,0
O0000562,1,2023-01-08,C08047,P047,Apparel,In-Store,North,1,58.99,0.0,58.99,58.99,19.67,,0
O0000563,1,2023-01-08,C08165,P022,Home & Kitchen,Mobile App,East,2,38.99,0.0,38.99,77.98,21.51,,0
O0000563,2,2023-01-08,C08165,P015,Home & Kitchen,Mobile App,East,1,48.99,0.0,48.99,48.99,27.96,,0
O0000563,3,2023-01-08,C08165,P023,Home & Kitchen,Mobile App,East,2,44.99,0.0,44.99,89.98,26.93,,0
O0000563,4,2023-01-08,C08165,P026,Home & Kitchen,Mobile App,East,1,21.99,0.0,21.99,21.99,13.14,,0
O0000564,1,2023-01-08,C08337,P078,Toys & Games,Mobile App,South,1,14.99,0.0,14.99,14.99,8.06,,0
O0000564,2,2023-01-08,C08337,P077,Toys & Games,Mobile App,South,2,34.99,0.0,34.99,69.98,19.65,,0
O0000564,3,2023-01-08,C08337,P006,Electronics,Mobile App,South,1,44.99,0.0,44.99,44.99,33.54,,0
O0000565,1,2023-01-08,C08549,P052,Sports & Fitness,Online,West,1,248.99,0.2,199.19,199.19,149.94,PR001,0
O0000565,2,2023-01-08,C08549,P034,Outdoor & Camping,Online,West,1,58.99,0.0,58.99,58.99,37.47,,0
O0000565,3,2023-01-08,C08549,P056,Sports & Fitness,Online,West,1,14.99,0.2,11.99,11.99,8.44,PR001,0
O0000565,4,2023-01-08,C08549,P042,Apparel,Online,West,1,158.99,0.0,158.99,158.99,66.24,,0
O0000565,5,2023-01-08,C08549,P059,Sports & Fitness,Online,West,1,48.99,0.2,39.19,39.19,29.06,PR001,0
O0000566,1,2023-01-08,C08590,P042,Apparel,In-Store,East,1,158.99,0.0,158.99,158.99,66.24,,0
O0000566,2,2023-01-08,C08590,P044,Apparel,In-Store,East,2,23.99,0.0,23.99,47.98,11.17,,0
O0000567,1,2023-01-08,C08936,P084,Gourmet Grocery,Online,South,1,15.99,0.0,15.99,15.99,11.44,,0
O0000567,2,2023-01-08,C08936,P018,Home & Kitchen,Online,South,1,128.99,0.0,128.99,128.99,82.34,,0
O0000568,1,2023-01-08,C09542,P072,Toys & Games,Mobile App,East,1,48.99,0.0,48.99,48.99,27.59,,0
O0000569,1,2023-01-08,C09978,P050,Apparel,In-Store,East,2,38.99,0.0,38.99,77.98,15.89,,0
O0000569,2,2023-01-08,C09978,P076,Toys & Games,In-Store,East,1,18.99,0.0,18.99,18.99,8.54,,0
O0000569,3,2023-01-08,C09978,P072,Toys & Games,In-Store,East,1,48.99,0.0,48.99,48.99,27.59,,0
O0000570,1,2023-01-08,C10007,P048,Apparel,In-Store,South,2,118.99,0.0,118.99,237.98,63.7,,0
O0000571,1,2023-01-08,C10475,P062,Beauty & Care,In-Store,South,2,33.99,0.0,33.99,67.98,13.02,,0
O0000571,2,2023-01-08,C10475,P052,Sports & Fitness,In-Store,South,1,248.99,0.2,199.19,199.19,149.94,PR001,0
O0000571,3,2023-01-08,C10475,P075,Toys & Games,In-Store,South,1,68.99,0.0,68.99,68.99,40.94,,0
O0000571,4,2023-01-08,C10475,P059,Sports & Fitness,In-Store,South,1,48.99,0.2,39.19,39.19,29.06,PR001,0
O0000572,1,2023-01-08,C11053,P014,Home & Kitchen,Mobile App,East,2,118.99,0.1,107.09,214.18,65.48,,0
O0000573,1,2023-01-08,C11166,P051,Sports & Fitness,In-Store,North,1,38.99,0.2,31.19,31.19,25.02,PR001,0
O0000573,2,2023-01-08,C11166,P052,Sports & Fitness,In-Store,North,1,248.99,0.2,199.19,199.19,149.94,PR001,0
O0000573,3,2023-01-08,C11166,P055,Sports & Fitness,In-Store,North,2,28.99,0.2,23.19,46.38,18.35,PR001,0
O0000573,4,2023-01-08,C11166,P061,Sports & Fitness,In-Store,North,4,18.99,0.2,15.19,60.76,11.23,PR001,1
O0000574,1,2023-01-08,C11294,P083,Gourmet Grocery,In-Store,West,2,21.99,0.0,21.99,43.98,13.78,,0
O0000574,2,2023-01-08,C11294,P089,Gourmet Grocery,In-Store,West,3,8.99,0.0,8.99,26.97,5.94,,0
O0000575,1,2023-01-08,C11294,P085,Gourmet Grocery,Mobile App,West,1,13.99,0.0,13.99,13.99,10.35,,0
O0000575,2,2023-01-08,C11294,P039,Apparel,Mobile App,West,1,128.99,0.0,128.99,128.99,60.78,,0
O0000575,3,2023-01-08,C11294,P084,Gourmet Grocery,Mobile App,West,2,15.99,0.0,15.99,31.98,11.44,,0
O0000575,4,2023-01-08,C11294,P082,Gourmet Grocery,Mobile App,West,3,7.99,0.0,7.99,23.97,4.92,,0
O0000576,1,2023-01-08,C11432,P016,Home & Kitchen,Online,East,1,88.99,0.0,88.99,88.99,48.52,,0
O0000576,2,2023-01-08,C11432,P023,Home & Kitchen,Online,East,1,44.99,0.0,44.99,44.99,26.93,,0
O0000576,3,2023-01-08,C11432,P006,Electronics,Online,East,1,44.99,0.0,44.99,44.99,33.54,,0
O0000576,4,2023-01-08,C11432,P081,Gourmet Grocery,Online,East,3,17.99,0.0,17.99,53.97,12.67,,0
O0000577,1,2023-01-08,C11656,P004,Electronics,In-Store,East,1,24.99,0.0,24.99,24.99,18.12,,0
O0000577,2,2023-01-08,C11656,P076,Toys & Games,In-Store,East,1,18.99,0.0,18.99,18.99,8.54,,0
O0000578,1,2023-01-08,C11685,P053,Sports & Fitness,In-Store,South,2,24.99,0.2,19.99,39.98,14.02,PR001,0
O0000579,1,2023-01-08,C11868,P076,Toys & Games,Online,North,1,18.99,0.0,18.99,18.99,8.54,,0
O0000580,1,2023-01-08,C12241,P035,Outdoor & Camping,Online,North,1,158.99,0.0,158.99,158.99,93.89,,0
O0000580,2,2023-01-08,C12241,P059,Sports & Fitness,Online,North,1,48.99,0.2,39.19,39.19,29.06,PR001,0
O0000581,1,2023-01-08,C12624,P025,Home & Kitchen,Online,West,1,88.99,0.0,88.99,88.99,49.85,,0
O0000581,2,2023-01-08,C12624,P026,Home & Kitchen,Online,West,2,21.99,0.0,21.99,43.98,13.14,,0
O0000582,1,2023-01-08,C12695,P058,Sports & Fitness,In-Store,East,1,58.99,0.2,47.19,47.19,36.47,PR001,0
O0000582,2,2023-01-08,C12695,P016,Home & Kitchen,In-Store,East,1,88.99,0.0,88.99,88.99,48.52,,0
O0000582,3,2023-01-08,C12695,P004,Electronics,In-Store,East,1,24.99,0.0,24.99,24.99,18.12,,0
O0000582,4,2023-01-08,C12695,P081,Gourmet Grocery,In-Store,East,2,17.99,0.0,17.99,35.98,12.67,,0
O0000583,1,2023-01-08,C12768,P019,Home & Kitchen,Mobile App,North,1,28.99,0.0,28.99,28.99,17.56,,0
O0000584,1,2023-01-08,C12839,P050,Apparel,In-Store,South,1,38.99,0.0,38.99,38.99,15.89,,0
O0000585,1,2023-01-08,C13150,P067,Beauty & Care,In-Store,North,3,8.99,0.0,8.99,26.97,3.66,,0
O0000585,2,2023-01-08,C13150,P072,Toys & Games,In-Store,North,1,48.99,0.0,48.99,48.99,27.59,,0
O0000585,3,2023-01-08,C13150,P074,Toys & Games,In-Store,North,1,21.99,0.0,21.99,21.99,12.3,,0
O0000586,1,2023-01-08,C13303,P073,Toys & Games,In-Store,West,1,38.99,0.0,38.99,38.99,19.36,,0
O0000586,2,2023-01-08,C13303,P046,Apparel,In-Store,West,1,24.99,0.0,24.99,24.99,10.94,,1
O0000587,1,2023-01-08,C13420,P041,Apparel,In-Store,East,1,78.99,0.0,78.99,78.99,34.98,,0
O0000587,2,2023-01-08,C13420,P059,Sports & Fitness,In-Store,East,1,48.99,0.2,39.19,39.19,29.06,PR001,0
O0000588,1,2023-01-08,C13984,P012,Electronics,In-Store,North,1,58.99,0.0,58.99,58.99,43.39,,0
O0000588,2,2023-01-08,C13984,P057,Sports & Fitness,In-Store,North,1,98.99,0.2,79.19,79.19,59.56,PR001,0
O0000588,3,2023-01-08,C13984,P054,Sports & Fitness,In-Store,North,1,28.99,0.2,23.19,23.19,18.52,PR001,0
O0000589,1,2023-01-08,C14021,P062,Beauty & Care,Mobile App,North,2,33.99,0.0,33.99,67.98,13.02,,1
O0000589,2,2023-01-08,C14021,P009,Electronics,Mobile App,North,1,31.99,0.0,31.99,31.99,24.77,,0
O0000589,3,2023-01-08,C14021,P020,Home & Kitchen,Mobile App,North,2,278.99,0.0,278.99,557.98,171.48,,0
O0000590,1,2023-01-08,C14118,P083,Gourmet Grocery,Online,North,1,21.99,0.0,21.99,21.99,13.78,,0
O0000591,1,2023-01-08,C14403,P053,Sports & Fitness,Online,East,1,24.99,0.2,19.99,19.99,14.02,PR001,0
O0000591,2,2023-01-08,C14403,P052,Sports & Fitness,Online,East,2,248.99,0.2,199.19,398.38,149.94,PR001,0
O0000592,1,2023-01-08,C14730,P063,Beauty & Care,Online,East,2,27.99,0.0,27.99,55.98,12.57,,0
O0000592,2,2023-01-08,C14730,P087,Gourmet Grocery,Online,East,2,18.99,0.0,18.99,37.98,14.34,,0
O0000593,1,2023-01-08,C15316,P041,Apparel,In-Store,East,3,78.99,0.0,78.99,236.97,34.98,,0
O0000593,2,2023-01-08,C15316,P067,Beauty & Care,In-Store,East,3,8.99,0.0,8.99,26.97,3.66,,0
O0000593,3,2023-01-08,C15316,P046,Apparel,In-Store,East,2,24.99,0.0,24.99,49.98,10.94,,0
O0000594,1,2023-01-08,C15487,P056,Sports & Fitness,Online,North,1,14.99,0.2,11.99,11.99,8.44,PR001,0
O0000594,2,2023-01-08,C15487,P055,Sports & Fitness,Online,North,2,28.99,0.2,23.19,46.38,18.35,PR001,1
O0000594,3,2023-01-08,C15487,P059,Sports & Fitness,Online,North,1,48.99,0.2,39.19,39.19,29.06,PR001,0
O0000594,4,2023-01-08,C15487,P051,Sports & Fitness,Online,North,1,38.99,0.2,31.19,31.19,25.02,PR001,0
O0000594,5,2023-01-08,C15487,P052,Sports & Fitness,Online,North,1,248.99,0.2,199.19,199.19,149.94,PR001,0
O0000594,6,2023-01-08,C15487,P061,Sports & Fitness,Online,North,1,18.99,0.2,15.19,15.19,11.23,PR001,0
O0000595,1,2023-01-08,C15621,P012,Electronics,In-Store,North,1,58.99,0.0,58.99,58.99,43.39,,0
O0000595,2,2023-01-08,C15621,P004,Electronics,In-Store,North,1,24.99,0.0,24.99,24.99,18.12,,1
O0000595,3,2023-01-08,C15621,P083,Gourmet Grocery,In-Store,North,2,21.99,0.0,21.99,43.98,13.78,,0
O0000596,1,2023-01-08,C15664,P010,Electronics,In-Store,South,1,288.99,0.0,288.99,288.99,214.87,,0
O0000597,1,2023-01-08,C15708,P047,Apparel,Online,East,1,58.99,0.0,58.99,58.99,19.67,,0
O0000597,2,2023-01-08,C15708,P029,Outdoor & Camping,Online,East,1,68.99,0.1,62.09,62.09,41.44,,0
O0000597,3,2023-01-08,C15708,P027,Outdoor & Camping,Online,East,1,188.99,0.0,188.99,188.99,119.52,,0
O0000597,4,2023-01-08,C15708,P028,Outdoor & Camping,Online,East,1,98.99,0.0,98.99,98.99,62.82,,0
O0000598,1,2023-01-08,C15800,P039,Apparel,Online,East,1,128.99,0.0,128.99,128.99,60.78,,0
O0000598,2,2023-01-08,C15800,P074,Toys & Games,Online,East,1,21.99,0.0,21.99,21.99,12.3,,1
O0000598,3,2023-01-08,C15800,P010,Electronics,Online,East,1,288.99,0.0,288.99,288.99,214.87,,0
O0000598,3,2023-01-08,C15800,P010,Electronics,Online,East,1,288.99,0.0,288.99,288.99,214.87,,0
O0000599,1,2023-01-08,C16006,P023,Home & Kitchen,In-Store,North,3,44.99,0.0,44.99,134.97,26.93,,0
O0000600,1,2023-01-08,C16196,P078,Toys & Games,In-Store,South,2,14.99,0.0,14.99,29.98,8.06,,0
O0000600,2,2023-01-08,C16196,P089,Gourmet Grocery,In-Store,South,1,8.99,0.0,8.99,8.99,5.94,,0
O0000600,3,2023-01-08,C16196,P026,Home & Kitchen,In-Store,South,1,21.99,0.0,21.99,21.99,13.14,,0
O0000601,1,2023-01-08,C16363,P055,Sports & Fitness,Online,West,1,28.99,0.2,23.19,23.19,18.35,PR001,0
O0000601,2,2023-01-08,C16363,P072,Toys & Games,Online,West,2,48.99,0.0,48.99,97.98,27.59,,0
O0000601,3,2023-01-08,C16363,P011,Electronics,Online,West,1,138.99,0.0,138.99,138.99,107.9,,0
O0000602,1,2023-01-08,C16631,P080,Toys & Games,Online,North,1,28.99,0.0,28.99,28.99,17.18,,0
O0000603,1,2023-01-09,C01101,P048,Apparel,In-Store,North,1,118.99,0.0,118.99,118.99,63.7,,1
O0000604,1,2023-01-09,C01415,P044,Apparel,In-Store,West,1,23.99,0.0,23.99,23.99,11.17,,0
O0000605,1,2023-01-09,C01546,P084,Gourmet Grocery,In-Store,North,3,15.99,0.0,15.99,47.97,11.44,,0
O0000605,2,2023-01-09,C01546,P071,Beauty & Care,In-Store,North,2,68.99,0.0,68.99,137.98,31.26,,0
O0000605,3,2023-01-09,C01546,P059,Sports & Fitness,In-Store,North,2,48.99,0.2,39.19,78.38,29.06,PR001,1
O0000605,4,2023-01-09,C01546,P083,Gourmet Grocery,In-Store,North,1,21.99,0.0,21.99,21.99,13.78,,0
O0000605,5,2023-01-09,C01546,P070,Beauty & Care,In-Store,North,1,23.99,0.0,23.99,23.99,10.44,,0
O0000606,1,2023-01-09,C02111,P026,Home & Kitchen,Online,South,1,21.99,0.1,19.79,19.79,13.14,,0
O0000606,2,2023-01-09,C02111,P047,Apparel,Online,South,1,58.99,0.0,58.99,58.99,19.67,,1
O0000607,1,2023-01-09,C02166,P076,Toys & Games,In-Store,West,1,18.99,0.0,18.99,18.99,8.54,,0
O0000607,2,2023-01-09,C02166,P078,Toys & Games,In-Store,West,2,14.99,0.0,14.99,29.98,8.06,,0
O0000607,3,2023-01-09,C02166,P074,Toys & Games,In-Store,West,1,21.99,0.0,21.99,21.99,12.3,,0
O0000607,4,2023-01-09,C02166,P072,Toys & Games,In-Store,West,1,48.99,0.0,48.99,48.99,27.59,,0
O0000608,1,2023-01-09,C02342,P059,Sports & Fitness,Mobile App,North,1,48.99,0.2,39.19,39.19,29.06,PR001,0
O0000608,2,2023-01-09,C02342,P034,Outdoor & Camping,Mobile App,North,2,58.99,0.0,58.99,117.98,37.47,,0
O0000608,3,2023-01-09,C02342,P062,Beauty & Care,Mobile App,North,1,33.99,0.0,33.99,33.99,13.02,,0
O0000608,4,2023-01-09,C02342,P042,Apparel,Mobile App,North,1,158.99,0.0,158.99,158.99,66.24,,0
O0000609,1,2023-01-09,C02370,P048,Apparel,Online,East,1,118.99,0.0,118.99,118.99,63.7,,0
O0000609,2,2023-01-09,C02370,P072,Toys & Games,Online,East,2,48.99,0.0,48.99,97.98,27.59,,1
O0000609,3,2023-01-09,C02370,P052,Sports & Fitness,Online,East,2,248.99,0.2,199.19,398.38,149.94,PR001,0
O0000609,4,2023-01-09,C02370,P059,Sports & Fitness,Online,East,1,48.99,0.2,39.19,39.19,29.06,PR001,0
O0000610,1,2023-01-09,C02563,P024,Home & Kitchen,In-Store,West,1,48.99,0.0,48.99,48.99,30.92,,0
O0000610,2,2023-01-09,C02563,P069,Beauty & Care,In-Store,West,2,10.99,0.1,9.89,19.78,4.42,,0
O0000610,3,2023-01-09,C02563,P019,Home & Kitchen,In-Store,West,1,28.99,0.0,28.99,28.99,17.56,,1
O0000610,4,2023-01-09,C02563,P005,Electronics,In-Store,West,1,28.99,0.0,28.99,28.99,20.73,,0
O0000610,5,2023-01-09,C02563,P025,Home & Kitchen,In-Store,West,1,88.99,0.0,88.99,88.99,49.85,,0
O0000611,1,2023-01-09,C02825,P041,Apparel,Online,South,1,78.99,0.0,78.99,78.99,34.98,,0
O0000611,2,2023-01-09,C02825,P089,Gourmet Grocery,Online,South,2,8.99,0.0,8.99,17.98,5.94,,0
O0000612,1,2023-01-09,C02977,P008,Electronics,In-Store,South,1,248.99,0.0,248.99,248.99,177.06,,0
O0000613,1,2023-01-09,C04758,P018,Home & Kitchen,Mobile App,North,1,128.99,0.0,128.99,128.99,82.34,,0
O0000613,2,2023-01-09,C04758,P055,Sports & Fitness,Mobile App,North,1,28.99,0.2,23.19,23.19,18.35,PR001,0
O0000613,3,2023-01-09,C04758,P017,Home & Kitchen,Mobile App,North,1,34.99,0.0,34.99,34.99,20.21,,0
O0000613,4,2023-01-09,C04758,P078,Toys & Games,Mobile App,North,2,14.99,0.0,14.99,29.98,8.06,,0
O0000614,1,2023-01-09,C05322,P055,Sports & Fitness,In-Store,North,1,28.99,0.2,23.19,23.19,18.35,PR001,0
O0000615,1,2023-01-09,C05468,P048,Apparel,In-Store,South,1,118.99,0.0,118.99,118.99,63.7,,1
O0000615,2,2023-01-09,C05468,P004,Electronics,In-Store,South,1,24.99,0.0,24.99,24.99,18.12,,1
O0000616,1,2023-01-09,C05811,P007,Electronics,Online,South,1,328.99,0.0,328.99,328.99,250.7,,0
O0000616,2,2023-01-09,C05811,P013,Electronics,Online,South,1,28.99,0.0,28.99,28.99,23.01,,0
O0000617,1,2023-01-09,C06096,P083,Gourmet Grocery,Online,West,2,21.99,0.0,21.99,43.98,13.78,,0
O0000618,1,2023-01-09,C06404,P055,Sports & Fitness,In-Store,West,1,28.99,0.2,23.19,23.19,18.35,PR001,0
O0000619,1,2023-01-09,C06656,P031,Outdoor & Camping,In-Store,East,1,138.99,0.0,138.99,138.99,86.73,,0
O0000619,2,2023-01-09,C06656,P001,Electronics,In-Store,East,1,78.99,0.0,78.99,78.99,63.33,,0
O0000619,3,2023-01-09,C06656,P054,Sports & Fitness,In-Store,East,1,28.99,0.2,23.19,23.19,18.52,PR001,1
O0000620,1,2023-01-09,C06662,P033,Outdoor & Camping,Mobile App,West,1,48.99,0.0,48.99,48.99,32.33,,0
O0000621,1,2023-01-09,C06694,P074,Toys & Games,In-Store,West,1,21.99,0.0,21.99,21.99,12.3,,0
O0000621,2,2023-01-09,C06694,P076,Toys & Games,In-Store,West,1,18.99,0.1,17.09,17.09,8.54,,0
O0000622,1,2023-01-09,C06778,P001,Electronics,Online,East,1,78.99,0.0,78.99,78.99,63.33,,1
O0000623,1,2023-01-09,C07790,P042,Apparel,Online,North,2,158.99,0.0,158.99,317.98,66.24,,0
O0000623,2,2023-01-09,C07790,P044,Apparel,Online,North,1,23.99,0.0,23.99,23.99,11.17,,1
O0000624,1,2023-01-09,C08140,P083,Gourmet Grocery,Mobile App,South,1,21.99,0.0,21.99,21.99,13.78,,0
O0000625,1,2023-01-09,C08296,P024,Home & Kitchen,In-Store,North,2,48.99,0.0,48.99,97.98,30.92,,0
O0000625,2,2023-01-09,C08296,P015,Home & Kitchen,In-Store,North,2,48.99,0.0,48.99,97.98,27.96,,0
O0000626,1,2023-01-09,C09059,P020,Home & Kitchen,In-Store,West,1,278.99,0.0,278.99,278.99,171.48,,0
O0000626,2,2023-01-09,C09059,P041,Apparel,,West,2,78.99,0.0,78.99,157.98,34.98,,0
O0000626,3,2023-01-09,C09059,P023,Home & Kitchen,In-Store,West,1,44.99,0.0,44.99,44.99,26.93,,0
O0000627,1,2023-01-09,C09625,P059,Sports & Fitness,Online,East,1,48.99,0.2,39.19,39.19,29.06,PR001,1
O0000628,1,2023-01-09,C10410,P040,Apparel,Online,East,2,68.99,0.0,68.99,137.98,26.63,,1
O0000628,2,2023-01-09,C10410,P067,Beauty & Care,Online,East,2,8.99,0.0,8.99,17.98,3.66,,0
O0000629,1,2023-01-09,C10432,P001,Electronics,In-Store,East,1,78.99,0.0,78.99,78.99,63.33,,0
O0000630,1,2023-01-09,C10475,P054,Sports & Fitness,In-Store,South,1,28.99,0.2,23.19,23.19,18.52,PR001,0
O0000631,1,2023-01-09,C10515,P016,Home & Kitchen,Online,North,1,88.99,0.0,88.99,88.99,48.52,,0
O0000631,2,2023-01-09,C10515,P025,Home & Kitchen,Online,North,1,88.99,0.0,88.99,88.99,49.85,,0
O0000631,3,2023-01-09,C10515,P081,Gourmet Grocery,Online,North,1,17.99,0.0,17.99,17.99,12.67,,0
O0000632,1,2023-01-09,C10559,P072,Toys & Games,In-Store,South,2,48.99,0.0,48.99,97.98,27.59,,0
O0000632,2,2023-01-09,C10559,P076,Toys & Games,In-Store,South,1,18.99,0.0,18.99,18.99,8.54,,0
O0000633,1,2023-01-09,C10757,P025,Home & Kitchen,In-Store,South,1,88.99,0.0,88.99,88.99,49.85,,0
O0000633,2,2023-01-09,C10757,P024,Home & Kitchen,In-Store,South,3,48.99,0.0,48.99,146.97,30.92,,1
O0000633,3,2023-01-09,C10757,P022,Home & Kitchen,In-Store,South,1,38.99,0.0,38.99,38.99,21.51,,0
O0000634,1,2023-01-09,C11211,P020,Home & Kitchen,In-Store,West,1,278.99,0.0,278.99,278.99,171.48,,0
O0000634,2,2023-01-09,C11211,P017,Home & Kitchen,In-Store,West,1,34.99,0.0,34.99,34.99,20.21,,0
O0000635,1,2023-01-09,C11322,P003,Electronics,Mobile App,North,1,198.99,0.0,198.99,198.99,153.76,,1
O0000635,2,2023-01-09,C11322,P005,Electronics,Mobile App,North,1,28.99,0.0,28.99,28.99,20.73,,0
O0000636,1,2023-01-09,C11852,P046,Apparel,In-Store,South,2,24.99,0.1,22.49,44.98,10.94,,0
O0000636,2,2023-01-09,C11852,P004,Electronics,In-Store,South,1,24.99,0.0,24.99,24.99,18.12,,1
O0000637,1,2023-01-09,C12469,P004,Electronics,In-Store,South,1,24.99,0.0,24.99,24.99,18.12,,0
O0000638,1,2023-01-09,C12553,P001,Electronics,In-Store,South,1,78.99,0.0,78.99,78.99,63.33,,0
O0000638,2,2023-01-09,C12553,P042,Apparel,In-Store,South,1,158.99,0.0,158.99,158.99,66.24,,1
O0000638,3,2023-01-09,C12553,P044,Apparel,In-Store,South,1,23.99,0.0,23.99,23.99,11.17,,1
O0000639,1,2023-01-09,C13289,P069,Beauty & Care,In-Store,West,1,10.99,0.0,10.99,10.99,4.42,,0
O0000639,2,2023-01-09,C13289,P052,Sports & Fitness,In-Store,West,1,248.99,0.2,199.19,199.19,149.94,PR001,0
O0000639,3,2023-01-09,C13289,P059,Sports & Fitness,In-Store,West,1,48.99,0.2,39.19,39.19,29.06,PR001,0
O0000639,4,2023-01-09,C13289,P022,Home & Kitchen,In-Store,West,1,38.99,0.0,38.99,38.99,21.51,,0
O0000639,5,2023-01-09,C13289,P025,Home & Kitchen,In-Store,West,1,88.99,0.0,88.99,88.99,49.85,,0
O0000640,1,2023-01-09,C13319,P083,Gourmet Grocery,In-Store,North,2,21.99,0.0,21.99,43.98,13.78,,0
O0000640,2,2023-01-09,C13319,P053,Sports & Fitness,In-Store,North,1,24.99,0.2,19.99,19.99,14.02,PR001,0
O0000641,1,2023-01-09,C13635,P001,Electronics,In-Store,West,3,78.99,0.0,78.99,236.97,63.33,,0
O0000642,1,2023-01-09,C13676,P005,Electronics,Online,East,1,28.99,0.0,28.99,28.99,20.73,,0
O0000643,1,2023-01-09,C13814,P059,Sports & Fitness,Online,South,1,48.99,0.2,39.19,39.19,29.06,PR001,0
O0000643,2,2023-01-09,C13814,P087,Gourmet Grocery,Online,South,3,18.99,0.0,18.99,56.97,14.34,,0
O0000644,1,2023-01-09,C13816,P022,Home & Kitchen,Online,North,1,38.99,0.0,38.99,38.99,21.51,,0
O0000644,2,2023-01-09,C13816,P012,Electronics,Online,North,1,58.99,0.0,58.99,58.99,43.39,,1
O0000645,1,2023-01-09,C14093,P048,Apparel,In-Store,East,2,118.99,0.0,118.99,237.98,63.7,,0
O0000646,1,2023-01-09,C14217,P015,Home & Kitchen,In-Store,North,1,48.99,0.0,48.99,48.99,27.96,,0
O0000646,2,2023-01-09,C14217,P025,Home & Kitchen,In-Store,North,1,88.99,0.0,88.99,88.99,49.85,,0
O0000647,1,2023-01-09,C14750,P003,Electronics,Online,West,1,198.99,0.0,198.99,198.99,153.76,,0
O0000647,2,2023-01-09,C14750,P065,Beauty & Care,Online,West,1,13.99,0.0,13.99,13.99,4.78,,0
O0000648,1,2023-01-09,C14840,P083,Gourmet Grocery,In-Store,East,1,21.99,0.0,21.99,21.99,13.78,,0
O0000649,1,2023-01-09,C14977,P002,Electronics,In-Store,East,1,58.99,0.0,58.99,58.99,49.44,,0
O0000650,1,2023-01-09,C15011,P078,Toys & Games,Online,South,2,14.99,0.0,14.99,29.98,8.06,,0
O0000651,1,2023-01-09,C15367,P040,Apparel,Online,South,2,68.99,0.0,68.99,137.98,26.63,,0
O0000652,1,2023-01-09,C15419,P059,Sports & Fitness,In-Store,North,2,48.99,0.2,39.19,78.38,29.06,PR001,0
O0000653,1,2023-01-09,C15849,P040,Apparel,Mobile App,East,1,68.99,0.0,68.99,68.99,26.63,,0
O0000654,1,2023-01-09,C16029,P059,Sports & Fitness,Online,North,2,48.99,0.2,39.19,78.38,29.06,PR001,0
O0000654,2,2023-01-09,C16029,P052,Sports & Fitness,Online,North,1,248.99,0.2,199.19,199.19,149.94,PR001,0
O0000654,3,2023-01-09,C16029,P056,Sports & Fitness,Online,North,1,14.99,0.2,11.99,11.99,8.44,PR001,0
O0000655,1,2023-01-09,C16041,P066,Beauty & Care,Online,East,1,21.99,0.0,21.99,21.99,8.23,,0
O0000656,1,2023-01-09,C16208,P043,Apparel,Mobile App,East,2,128.99,0.0,128.99,257.98,64.18,,0
O0000656,2,2023-01-09,C16208,P012,Electronics,Mobile App,East,1,58.99,0.0,58.99,58.99,43.39,,0
O0000657,1,2023-01-09,C16543,P011,Electronics,Online,North,1,138.99,0.0,138.99,138.99,107.9,,1
O0000657,2,2023-01-09,C16543,P005,Electronics,Online,North,1,28.99,0.0,28.99,28.99,20.73,,1
O0000657,3,2023-01-09,C16543,P001,Electronics,Online,North,2,78.99,0.0,78.99,157.98,63.33,,0
O0000658,1,2023-01-09,C16592,P066,Beauty & Care,Mobile App,East,2,21.99,0.0,21.99,43.98,8.23,,0
O0000659,1,2023-01-09,C16634,P073,Toys & Games,Online,South,1,38.99,0.0,38.99,38.99,19.36,,0
O0000659,2,2023-01-09,C16634,P062,Beauty & Care,Online,South,3,33.99,0.0,33.99,101.97,13.02,,0
O0000660,1,2023-01-09,C17136,P039,Apparel,Mobile App,East,2,128.99,0.0,128.99,257.98,60.78,,0
O0000661,1,2023-01-09,C17194,P055,Sports & Fitness,Online,North,1,28.99,0.2,23.19,23.19,18.35,PR001,0
O0000661,2,2023-01-09,C17194,P060,Sports & Fitness,Online,North,1,11.99,0.2,9.59,9.59,7.26,PR001,0
O0000662,1,2023-01-09,C17258,P050,Apparel,In-Store,West,3,38.99,0.0,38.99,116.97,15.89,,0
O0000662,2,2023-01-09,C17258,P083,Gourmet Grocery,In-Store,West,2,21.99,0.0,21.99,43.98,13.78,,0
O0000662,3,2023-01-09,C17258,P035,Outdoor & Camping,In-Store,West,1,158.99,0.0,158.99,158.99,93.89,,0
O0000662,4,2023-01-09,C17258,P016,Home & Kitchen,In-Store,West,1,88.99,0.0,88.99,88.99,48.52,,0
O0000662,5,2023-01-09,C17258,P085,Gourmet Grocery,In-Store,West,1,13.99,0.0,13.99,13.99,10.35,,0
O0000663,1,2023-01-09,C17649,P015,Home & Kitchen,In-Store,East,2,48.99,0.0,48.99,97.98,27.96,,0
O0000663,2,2023-01-09,C17649,P050,Apparel,In-Store,East,1,38.99,0.0,38.99,38.99,15.89,,0
O0000663,3,2023-01-09,C17649,P072,Toys & Games,In-Store,East,1,48.99,0.0,48.99,48.99,27.59,,0
O0000664,1,2023-01-09,C17810,P026,Home & Kitchen,In-Store,East,5,21.99,0.0,21.99,109.95,13.14,,0
O0000664,2,2023-01-09,C17810,P073,Toys & Games,In-Store,East,2,38.99,0.0,38.99,77.98,19.36,,0
O0000665,1,2023-01-09,C17818,P052,Sports & Fitness,In-Store,East,2,248.99,0.2,199.19,398.38,149.94,PR001,0
O0000665,2,2023-01-09,C17818,P053,Sports & Fitness,In-Store,East,1,24.99,0.2,19.99,19.99,14.02,PR001,0
O0000665,3,2023-01-09,C17818,P059,Sports & Fitness,In-Store,East,2,48.99,0.2,39.19,78.38,29.06,PR001,0
O0000666,1,2023-01-10,C00270,P005,Electronics,Online,South,1,28.99,0.0,28.99,28.99,20.73,,0
O0000666,2,2023-01-10,C00270,P067,Beauty & Care,Online,South,2,8.99,0.0,8.99,17.98,3.66,,0
O0000666,3,2023-01-10,C00270,P050,Apparel,Online,South,1,38.99,0.0,38.99,38.99,15.89,,0
O0000666,4,2023-01-10,C00270,P014,Home & Kitchen,Online,South,1,118.99,0.0,118.99,118.99,65.48,,0
O0000667,1,2023-01-10,C00445,P021,Home & Kitchen,Online,North,2,118.99,0.0,118.99,237.98,70.61,,0
O0000667,2,2023-01-10,C00445,P019,Home & Kitchen,Online,North,1,28.99,0.0,28.99,28.99,17.56,,0
O0000668,1,2023-01-10,C01092,P080,Toys & Games,Online,South,1,28.99,0.0,28.99,28.99,17.18,,0
O0000668,2,2023-01-10,C01092,P064,Beauty & Care,Online,South,2,18.99,0.0,18.99,37.98,6.29,,0
O0000668,3,2023-01-10,C01092,P052,Sports & Fitness,Online,South,1,248.99,0.2,199.19,199.19,149.94,PR001,0
O0000668,4,2023-01-10,C01092,P059,Sports & Fitness,Online,South,1,48.99,0.2,39.19,39.19,29.06,PR001,0
O0000669,1,2023-01-10,C02038,P066,Beauty & Care,In-Store,South,1,21.99,0.0,21.99,21.99,8.23,,0
O0000669,2,2023-01-10,C02038,P054,Sports & Fitness,In-Store,South,2,28.99,0.2,23.19,46.38,18.52,PR001,0
O0000669,3,2023-01-10,C02038,P013,Electronics,In-Store,South,1,28.99,0.0,28.99,28.99,23.01,,0
O0000670,1,2023-01-10,C02355,P088,Gourmet Grocery,Mobile App,North,1,78.99,0.0,78.99,78.99,54.57,,0
O0000670,2,2023-01-10,C02355,P083,Gourmet Grocery,Mobile App,North,2,21.99,0.0,21.99,43.98,13.78,,0
O0000670,3,2023-01-10,C02355,P038,Outdoor & Camping,Mobile App,North,1,34.99,0.0,34.99,34.99,22.53,,0
O0000671,1,2023-01-10,C02570,P029,Outdoor & Camping,Online,North,1,68.99,0.0,68.99,68.99,41.44,,0
O0000671,2,2023-01-10,C02570,P052,Sports & Fitness,Online,North,1,248.99,0.2,199.19,199.19,149.94,PR001,0
O0000671,3,2023-01-10,C02570,P038,Outdoor & Camping,Online,North,1,34.99,0.0,34.99,34.99,22.53,,0
O0000672,1,2023-01-10,C02785,P068,Beauty & Care,Online,South,2,11.99,0.0,11.99,23.98,4.76,,0
O0000672,2,2023-01-10,C02785,P063,Beauty & Care,Online,South,1,27.99,0.0,27.99,27.99,12.57,,0
O0000672,3,2023-01-10,C02785,P014,Home & Kitchen,Online,South,1,118.99,0.0,118.99,118.99,65.48,,0
O0000673,1,2023-01-10,C02931,P050,Apparel,Online,West,1,38.99,0.1,35.09,35.09,15.89,,0
O0000673,2,2023-01-10,C02931,P055,Sports & Fitness,Online,West,2,28.99,0.2,23.19,46.38,18.35,PR001,0
O0000674,1,2023-01-10,C02990,P069,Beauty & Care,Online,West,2,10.99,0.0,10.99,21.98,4.42,,0
O0000674,2,2023-01-10,C02990,P046,Apparel,Online,West,1,24.99,0.0,24.99,24.99,10.94,,0
O0000674,3,2023-01-10,C02990,P083,Gourmet Grocery,Online,West,1,21.99,0.0,21.99,21.99,13.78,,0
O0000674,4,2023-01-10,C02990,P088,Gourmet Grocery,Online,West,1,78.99,0.0,78.99,78.99,54.57,,0
O0000674,5,2023-01-10,C02990,P040,Apparel,Online,West,2,68.99,0.0,68.99,137.98,26.63,,1
O0000674,6,2023-01-10,C02990,P085,Gourmet Grocery,Online,West,1,13.99,0.0,13.99,13.99,10.35,,0
O0000675,1,2023-01-10,C03267,P032,Outdoor & Camping,In-Store,East,3,38.99,0.0,38.99,116.97,26.81,,0
O0000676,1,2023-01-10,C03569,P047,Apparel,In-Store,South,1,58.99,0.0,58.99,58.99,19.67,,0
O0000676,2,2023-01-10,C03569,P050,Apparel,In-Store,South,1,38.99,0.0,38.99,38.99,15.89,,0
O0000676,3,2023-01-10,C03569,P083,Gourmet Grocery,In-Store,South,3,21.99,0.0,21.99,65.97,13.78,,0
O0000676,4,2023-01-10,C03569,P014,Home & Kitchen,In-Store,South,1,118.99,0.0,118.99,118.99,65.48,,0
O0000676,5,2023-01-10,C03569,P060,Sports & Fitness,In-Store,South,1,11.99,0.2,9.59,9.59,7.26,PR001,0
O0000677,1,2023-01-10,C03816,P012,Electronics,Online,East,1,58.99,0.0,58.99,58.99,43.39,,0
O0000678,1,2023-01-10,C03905,P001,Electronics,In-Store,West,1,78.99,0.0,78.99,78.99,63.33,,0
O0000679,1,2023-01-10,C04052,P047,Apparel,Online,East,1,58.99,0.0,58.99,58.99,19.67,,1
O0000679,2,2023-01-10,C04052,P027,Outdoor & Camping,Online,East,1,188.99,0.0,188.99,188.99,119.52,,1
O0000680,1,2023-01-10,C05857,P052,Sports & Fitness,Online,South,1,248.99,0.2,199.19,199.19,149.94,PR001,0
O0000680,2,2023-01-10,C05857,P059,Sports & Fitness,Online,South,1,48.99,0.2,39.19,39.19,29.06,PR001,0
O0000680,3,2023-01-10,C05857,P071,Beauty & Care,Online,South,1,68.99,0.0,68.99,68.99,31.26,,0
O0000681,1,2023-01-10,C06572,P078,Toys & Games,In-Store,East,2,14.99,0.0,14.99,29.98,8.06,,0
O0000681,2,2023-01-10,C06572,P068,Beauty & Care,In-Store,East,2,11.99,0.0,11.99,23.98,4.76,,0
O0000681,3,2023-01-10,C06572,P048,Apparel,In-Store,East,1,118.99,0.0,118.99,118.99,63.7,,1
O0000682,1,2023-01-10,C06736,P083,Gourmet Grocery,In-Store,East,2,21.99,0.0,21.99,43.98,13.78,,0
O0000682,2,2023-01-10,C06736,P062,Beauty & Care,In-Store,East,1,33.99,0.0,33.99,33.99,13.02,,0
O0000683,1,2023-01-10,C07721,P010,Electronics,Mobile App,South,1,288.99,0.0,288.99,288.99,214.87,,0
O0000684,1,2023-01-10,C08063,P042,Apparel,Online,East,2,158.99,0.0,158.99,317.98,66.24,,0
O0000684,2,2023-01-10,C08063,P014,Home & Kitchen,Online,East,3,118.99,0.0,118.99,356.97,65.48,,0
O0000684,3,2023-01-10,C08063,P017,Home & Kitchen,Online,East,1,34.99,0.0,34.99,34.99,20.21,,0
O0000684,4,2023-01-10,C08063,P062,Beauty & Care,Online,East,1,33.99,0.0,33.99,33.99,13.02,,0
O0000685,1,2023-01-10,C08111,P059,Sports & Fitness,In-Store,West,1,48.99,0.2,39.19,39.19,29.06,PR001,0
O0000685,2,2023-01-10,C08111,P089,Gourmet Grocery,In-Store,West,2,8.99,0.0,8.99,17.98,5.94,,0
O0000685,3,2023-01-10,C08111,P056,Sports & Fitness,In-Store,West,2,14.99,0.2,11.99,23.98,8.44,PR001,0
O0000685,4,2023-01-10,C08111,P055,Sports & Fitness,In-Store,West,2,28.99,0.2,23.19,46.38,18.35,PR001,1
O0000686,1,2023-01-10,C08151,P061,Sports & Fitness,Online,West,1,18.99,0.2,15.19,15.19,11.23,PR001,0
O0000686,2,2023-01-10,C08151,P089,Gourmet Grocery,Online,West,1,8.99,0.0,8.99,8.99,5.94,,0
O0000687,1,2023-01-10,C08203,P010,Electronics,Online,West,1,288.99,0.0,288.99,288.99,214.87,,0
O0000687,2,2023-01-10,C08203,P060,Sports & Fitness,Online,West,1,11.99,0.2,9.59,9.59,7.26,PR001,0
O0000688,1,2023-01-10,C08267,P067,Beauty & Care,Online,West,2,8.99,0.0,8.99,17.98,3.66,,0
O0000688,2,2023-01-10,C08267,P059,Sports & Fitness,Online,West,1,48.99,0.2,39.19,39.19,29.06,PR001,0
O0000689,1,2023-01-10,C08269,P040,Apparel,Online,North,1,68.99,0.0,68.99,68.99,26.63,,1
O0000690,1,2023-01-10,C08397,P039,Apparel,Online,South,2,128.99,0.0,128.99,257.98,60.78,,1
O0000690,2,2023-01-10,C08397,P004,Electronics,Online,South,1,24.99,0.0,24.99,24.99,18.12,,0
O0000691,1,2023-01-10,C08903,P050,Apparel,,North,1,38.99,0.0,38.99,38.99,15.89,,0
O0000691,2,2023-01-10,C08903,P049,Apparel,Online,North,1,28.99,0.0,28.99,28.99,13.53,,0
O0000692,1,2023-01-10,C08941,P066,Beauty & Care,Online,East,2,21.99,0.0,21.99,43.98,8.23,,0
O0000692,2,2023-01-10,C08941,P065,Beauty & Care,Online,East,2,13.99,0.0,13.99,27.98,4.78,,0
O0000693,1,2023-01-10,C09127,P015,Home & Kitchen,Online,South,1,48.99,0.0,48.99,48.99,27.96,,0
O0000693,2,2023-01-10,C09127,P077,Toys & Games,Online,South,1,34.99,0.0,34.99,34.99,19.65,,0
O0000694,1,2023-01-10,C09433,P083,Gourmet Grocery,In-Store,South,2,21.99,0.1,19.79,39.58,13.78,,0
O0000695,1,2023-01-10,C09762,P002,Electronics,Online,South,1,58.99,0.0,58.99,58.99,49.44,,0
O0000695,2,2023-01-10,C09762,P049,Apparel,Online,South,2,28.99,0.0,28.99,57.98,13.53,,0
O0000695,3,2023-01-10,C09762,P001,Electronics,Online,South,1,78.99,0.0,78.99,78.99,63.33,,0
O0000696,1,2023-01-10,C10047,P042,Apparel,In-Store,West,1,158.99,0.0,158.99,158.99,66.24,,0
O0000696,2,2023-01-10,C10047,P009,Electronics,In-Store,West,1,31.99,0.0,31.99,31.99,24.77,,0
O0000697,1,2023-01-10,C10157,P043,Apparel,Online,East,1,128.99,0.0,128.99,128.99,64.18,,1
O0000698,1,2023-01-10,C10294,P046,Apparel,Online,North,1,24.99,0.0,24.99,24.99,10.94,,1
O0000698,2,2023-01-10,C10294,P050,Apparel,Online,North,3,38.99,0.0,38.99,116.97,15.89,,0
O0000698,3,2023-01-10,C10294,P001,Electronics,Online,North,1,78.99,0.0,78.99,78.99,63.33,,0
O0000699,1,2023-01-10,C10493,P060,Sports & Fitness,Online,North,1,11.99,0.2,9.59,9.59,7.26,PR001,1
O0000699,2,2023-01-10,C10493,P062,Beauty & Care,Online,North,1,33.99,0.0,33.99,33.99,13.02,,0
O0000700,1,2023-01-10,C11317,P075,Toys & Games,Online,East,2,68.99,0.0,68.99,137.98,40.94,,0
O0000701,1,2023-01-10,C12202,P003,Electronics,In-Store,East,1,198.99,0.0,198.99,198.99,153.76,,0
O0000701,2,2023-01-10,C12202,P080,Toys & Games,In-Store,East,1,28.99,0.0,28.99,28.99,17.18,,0
O0000701,3,2023-01-10,C12202,P037,Outdoor & Camping,In-Store,East,1,78.99,0.0,78.99,78.99,54.44,,0
O0000701,4,2023-01-10,C12202,P005,Electronics,In-Store,East,2,28.99,0.1,26.09,52.18,20.73,,0
O0000702,1,2023-01-10,C12821,P078,Toys & Games,Mobile App,East,1,14.99,0.0,14.99,14.99,8.06,,0
O0000703,1,2023-01-10,C12913,P079,Toys & Games,In-Store,West,1,58.99,0.0,58.99,58.99,33.99,,1
O0000703,2,2023-01-10,C12913,P073,Toys & Games,In-Store,West,2,38.99,0.0,38.99,77.98,19.36,,0
O0000704,1,2023-01-10,C13057,P014,Home & Kitchen,Online,West,2,118.99,0.0,118.99,237.98,65.48,,0
O0000705,1,2023-01-10,C13395,P066,Beauty & Care,Mobile App,North,1,21.99,0.0,21.99,21.99,8.23,,0
O0000705,2,2023-01-10,C13395,P006,Electronics,Mobile App,North,1,44.99,0.0,44.99,44.99,33.54,,0
O0000705,3,2023-01-10,C13395,P041,Apparel,Mobile App,North,1,78.99,0.0,78.99,78.99,34.98,,0
O0000706,1,2023-01-10,C13629,P059,Sports & Fitness,In-Store,East,2,48.99,0.2,39.19,78.38,29.06,PR001,0
O0000706,2,2023-01-10,C13629,P007,Electronics,In-Store,East,1,328.99,0.0,328.99,328.99,250.7,,0
O0000707,1,2023-01-10,C13777,P059,Sports & Fitness,Online,East,3,48.99,0.2,39.19,117.57,29.06,PR001,1
O0000707,2,2023-01-10,C13777,P010,Electronics,Online,East,1,288.99,0.0,288.99,288.99,214.87,,0
O0000707,3,2023-01-10,C13777,P052,Sports & Fitness,Online,East,1,248.99,0.2,199.19,199.19,149.94,PR001,1
O0000707,4,2023-01-10,C13777,P004,Electronics,Online,East,1,24.99,0.0,24.99,24.99,18.12,,0
O0000707,5,2023-01-10,C13777,P029,Outdoor & Camping,Online,East,2,68.99,0.0,68.99,137.98,41.44,,0
O0000708,1,2023-01-10,C14068,P042,Apparel,In-Store,West,1,158.99,0.0,158.99,158.99,66.24,,0
O0000708,2,2023-01-10,C14068,P040,Apparel,In-Store,West,1,68.99,0.0,68.99,68.99,26.63,,0
O0000708,3,2023-01-10,C14068,P044,Apparel,In-Store,West,1,23.99,0.1,21.59,21.59,11.17,,0
O0000709,1,2023-01-10,C14132,P039,Apparel,In-Store,North,1,128.99,0.0,128.99,128.99,60.78,,0
O0000710,1,2023-01-10,C14201,P026,Home & Kitchen,In-Store,North,2,21.99,0.0,21.99,43.98,13.14,,0
O0000711,1,2023-01-10,C14350,P032,Outdoor & Camping,Online,West,2,38.99,0.0,38.99,77.98,26.81,,0
O0000712,1,2023-01-10,C14520,P060,Sports & Fitness,Online,East,1,11.99,0.2,9.59,9.59,7.26,PR001,0
O0000712,2,2023-01-10,C14520,P081,Gourmet Grocery,Online,East,2,17.99,0.0,17.99,35.98,12.67,,0
O0000712,3,2023-01-10,C14520,P020,Home & Kitchen,Online,East,1,278.99,0.0,278.99,278.99,171.48,,0
O0000713,1,2023-01-10,C14531,P056,Sports & Fitness,Online,East,1,14.99,0.2,11.99,11.99,8.44,PR001,0
O0000713,2,2023-01-10,C14531,P079,Toys & Games,Online,East,2,58.99,0.0,58.99,117.98,33.99,,0
O0000713,3,2023-01-10,C14531,P061,Sports & Fitness,Online,East,2,18.99,0.2,15.19,30.38,11.23,PR001,0
O0000714,1,2023-01-10,C15202,P047,Apparel,In-Store,West,2,58.99,0.0,58.99,117.98,19.67,,0
O0000715,1,2023-01-10,C15746,P059,Sports & Fitness,In-Store,East,2,48.99,0.2,39.19,78.38,29.06,PR001,0
O0000716,1,2023-01-10,C15856,P059,Sports & Fitness,Online,South,1,48.99,0.2,39.19,39.19,29.06,PR001,0
O0000716,2,2023-01-10,C15856,P081,Gourmet Grocery,Online,South,4,17.99,0.0,17.99,71.96,12.67,,0
O0000717,1,2023-01-10,C16179,P056,Sports & Fitness,In-Store,East,1,14.99,0.2,11.99,11.99,8.44,PR001,0
O0000717,2,2023-01-10,C16179,P059,Sports & Fitness,In-Store,East,1,48.99,0.2,39.19,39.19,29.06,PR001,0
O0000718,1,2023-01-10,C16227,P001,Electronics,In-Store,South,1,78.99,0.0,78.99,78.99,63.33,,0
O0000718,2,2023-01-10,C16227,P042,Apparel,In-Store,South,1,158.99,0.0,158.99,158.99,66.24,,1
O0000719,1,2023-01-10,C16345,P088,Gourmet Grocery,In-Store,East,2,78.99,0.0,78.99,157.98,54.57,,0
O0000720,1,2023-01-10,C16682,P083,Gourmet Grocery,Online,South,4,21.99,0.0,21.99,87.96,13.78,,0
O0000720,2,2023-01-10,C16682,P046,Apparel,Online,South,3,24.99,0.0,24.99,74.97,10.94,,1
O0000721,1,2023-01-10,C16992,P075,Toys & Games,In-Store,South,2,68.99,0.0,68.99,137.98,40.94,,0
O0000721,2,2023-01-10,C16992,P038,Outdoor & Camping,In-Store,South,1,34.99,0.0,34.99,34.99,22.53,,1
O0000721,3,2023-01-10,C16992,P002,Electronics,In-Store,South,1,58.99,0.0,58.99,58.99,49.44,,1
O0000722,1,2023-01-10,C17189,P083,Gourmet Grocery,Mobile App,North,2,21.99,0.0,21.99,43.98,13.78,,0
O0000722,2,2023-01-10,C17189,P062,Beauty & Care,Mobile App,North,2,33.99,0.0,33.99,67.98,13.02,,0
O0000722,3,2023-01-10,C17189,P084,Gourmet Grocery,Mobile App,North,3,15.99,0.0,15.99,47.97,11.44,,0
O0000723,1,2023-01-10,C17838,P059,Sports & Fitness,Online,East,1,48.99,0.2,39.19,39.19,29.06,PR001,0
O0000724,1,2023-01-11,C00402,P053,Sports & Fitness,Online,North,2,24.99,0.2,19.99,39.98,14.02,PR001,0
O0000724,2,2023-01-11,C00402,P052,Sports & Fitness,Online,North,1,248.99,0.2,199.19,199.19,149.94,PR001,0
O0000725,1,2023-01-11,C00469,P034,Outdoor & Camping,Online,East,1,58.99,0.0,58.99,58.99,37.47,,0
O0000726,1,2023-01-11,C00694,P004,Electronics,Mobile App,West,1,24.99,0.0,24.99,24.99,18.12,,0
O0000727,1,2023-01-11,C00783,P001,Electronics,In-Store,East,1,78.99,0.0,78.99,78.99,63.33,,0
O0000727,2,2023-01-11,C00783,P010,Electronics,In-Store,East,2,288.99,0.0,288.99,577.98,214.87,,0
O0000728,1,2023-01-11,C01274,P032,Outdoor & Camping,In-Store,East,3,38.99,0.0,38.99,116.97,26.81,,0
O0000729,1,2023-01-11,C01366,P066,Beauty & Care,Online,East,1,21.99,0.0,21.99,21.99,8.23,,0
O0000730,1,2023-01-11,C01415,P078,Toys & Games,In-Store,West,1,14.99,0.0,14.99,14.99,8.06,,0
O0000730,2,2023-01-11,C01415,P034,Outdoor & Camping,In-Store,West,1,58.99,0.0,58.99,58.99,37.47,,0
O0000730,3,2023-01-11,C01415,P041,Apparel,In-Store,West,1,78.99,0.0,78.99,78.99,34.98,,0
O0000730,4,2023-01-11,C01415,P042,Apparel,In-Store,West,2,158.99,0.0,158.99,317.98,66.24,,0
O0000731,1,2023-01-11,C01595,P011,Electronics,Online,South,1,138.99,0.0,138.99,138.99,107.9,,0
O0000731,2,2023-01-11,C01595,P059,Sports & Fitness,Online,South,1,48.99,0.2,39.19,39.19,29.06,PR001,0
O0000731,3,2023-01-11,C01595,P084,Gourmet Grocery,Online,South,2,15.99,0.1,14.39,28.78,11.44,,0
O0000732,1,2023-01-11,C01895,P012,Electronics,In-Store,North,1,58.99,0.0,58.99,58.99,43.39,,1
O0000732,2,2023-01-11,C01895,P026,Home & Kitchen,In-Store,North,1,21.99,0.0,21.99,21.99,13.14,,0
O0000733,1,2023-01-11,C02103,P057,Sports & Fitness,Online,East,2,98.99,0.2,79.19,158.38,59.56,PR001,0
O0000734,1,2023-01-11,C02381,P056,Sports & Fitness,In-Store,East,1,14.99,0.2,11.99,11.99,8.44,PR001,0
O0000734,2,2023-01-11,C02381,P076,Toys & Games,In-Store,East,1,18.99,0.0,18.99,18.99,8.54,,0
O0000735,1,2023-01-11,C03072,P041,Apparel,Online,North,1,78.99,0.0,78.99,78.99,34.98,,0
O0000735,2,2023-01-11,C03072,P001,Electronics,Online,North,1,78.99,0.0,78.99,78.99,63.33,,0
O0000735,3,2023-01-11,C03072,P040,Apparel,Online,North,1,68.99,0.0,68.99,68.99,26.63,,0
O0000736,1,2023-01-11,C03259,P004,Electronics,Online,South,1,24.99,0.0,24.99,24.99,18.12,,0
O0000737,1,2023-01-11,C03442,P020,Home & Kitchen,Online,South,1,278.99,0.0,278.99,278.99,171.48,,0
O0000737,2,2023-01-11,C03442,P042,Apparel,Online,South,2,158.99,0.0,158.99,317.98,66.24,,1
O0000737,3,2023-01-11,C03442,P044,Apparel,Online,South,1,23.99,0.0,23.99,23.99,11.17,,0
O0000738,1,2023-01-11,C03572,P001,Electronics,Online,East,1,78.99,0.0,78.99,78.99,63.33,,0
O0000738,2,2023-01-11,C03572,P035,Outdoor & Camping,Online,East,1,158.99,0.0,158.99,158.99,93.89,,0
O0000739,1,2023-01-11,C03615,P089,Gourmet Grocery,In-Store,South,1,8.99,0.0,8.99,8.99,5.94,,0
O0000739,2,2023-01-11,C03615,P044,Apparel,In-Store,South,1,23.99,0.0,23.99,23.99,11.17,,0
O0000740,1,2023-01-11,C03775,P003,Electronics,In-Store,East,1,198.99,0.0,198.99,198.99,153.76,,0
O0000740,2,2023-01-11,C03775,P032,Outdoor & Camping,In-Store,East,1,38.99,0.0,38.99,38.99,26.81,,0
O0000741,1,2023-01-11,C03871,P007,Electronics,Online,East,1,328.99,0.0,328.99,328.99,250.7,,0
O0000742,1,2023-01-11,C05574,P058,Sports & Fitness,In-Store,North,1,58.99,0.2,47.19,47.19,36.47,PR001,1
O0000743,1,2023-01-11,C05618,P001,Electronics,In-Store,North,2,78.99,0.0,78.99,157.98,63.33,,0
O0000743,2,2023-01-11,C05618,P007,Electronics,In-Store,North,1,328.99,0.0,328.99,328.99,250.7,,0
O0000743,3,2023-01-11,C05618,P039,Apparel,In-Store,North,1,128.99,0.0,128.99,128.99,60.78,,0
O0000743,4,2023-01-11,C05618,P040,Apparel,In-Store,North,1,68.99,0.0,68.99,68.99,26.63,,0
O0000743,5,2023-01-11,C05618,P004,Electronics,In-Store,North,1,24.99,0.0,24.99,24.99,18.12,,0
O0000744,1,2023-01-11,C05658,P046,Apparel,Online,North,1,24.99,0.0,24.99,24.99,10.94,,0
O0000744,2,2023-01-11,C05658,P012,Electronics,Online,North,1,58.99,0.0,58.99,58.99,43.39,,0
O0000744,3,2023-01-11,C05658,P054,Sports & Fitness,Online,North,1,28.99,0.2,23.19,23.19,18.52,PR001,0
O0000745,1,2023-01-11,C05974,P048,Apparel,Online,East,2,118.99,0.0,118.99,237.98,63.7,,0
O0000745,2,2023-01-11,C05974,P066,Beauty & Care,Online,East,1,21.99,0.0,21.99,21.99,8.23,,0
O0000745,3,2023-01-11,C05974,P007,Electronics,Online,East,1,328.99,0.0,328.99,328.99,250.7,,1
O0000745,4,2023-01-11,C05974,P016,Home & Kitchen,Online,East,1,88.99,0.0,88.99,88.99,48.52,,0
O0000746,1,2023-01-11,C05985,P024,Home & Kitchen,Online,East,2,48.99,0.0,48.99,97.98,30.92,,0
O0000746,2,2023-01-11,C05985,P083,Gourmet Grocery,Online,East,1,21.99,0.0,21.99,21.99,13.78,,0
O0000747,1,2023-01-11,C06312,P022,Home & Kitchen,Mobile App,West,1,38.99,0.0,38.99,38.99,21.51,,0
O0000748,1,2023-01-11,C06455,P053,Sports & Fitness,In-Store,North,1,24.99,0.2,19.99,19.99,14.02,PR001,0
O0000749,1,2023-01-11,C08322,P055,Sports & Fitness,Mobile App,East,1,28.99,0.2,23.19,23.19,18.35,PR001,0
O0000750,1,2023-01-11,C08327,P009,Electronics,In-Store,East,1,31.99,0.0,31.99,31.99,24.77,,0
O0000750,2,2023-01-11,C08327,P089,Gourmet Grocery,In-Store,East,2,8.99,0.0,8.99,17.98,5.94,,0
O0000750,2,2023-01-11,C08327,P089,Gourmet Grocery,In-Store,East,2,8.99,0.0,8.99,17.98,5.94,,0
O0000750,3,2023-01-11,C08327,P030,Outdoor & Camping,In-Store,East,1,28.99,0.0,28.99,28.99,17.42,,0
O0000751,1,2023-01-11,C08349,P071,Beauty & Care,Online,South,2,68.99,0.0,68.99,137.98,31.26,,0
O0000751,2,2023-01-11,C08349,P068,Beauty & Care,Online,South,1,11.99,0.0,11.99,11.99,4.76,,0
O0000751,3,2023-01-11,C08349,P003,Electronics,Online,South,1,198.99,0.0,198.99,198.99,153.76,,0
O0000751,4,2023-01-11,C08349,P062,Beauty & Care,Online,South,1,33.99,0.0,33.99,33.99,13.02,,0
O0000752,1,2023-01-11,C08349,P066,Beauty & Care,Online,South,1,21.99,0.0,21.99,21.99,8.23,,0
O0000752,2,2023-01-11,C08349,P070,Beauty & Care,Online,South,1,23.99,0.0,23.99,23.99,10.44,,0
O0000752,3,2023-01-11,C08349,P038,Outdoor & Camping,Online,South,1,34.99,0.0,34.99,34.99,22.53,,0
O0000753,1,2023-01-11,C08443,P016,Home & Kitchen,Mobile App,West,1,88.99,0.0,88.99,88.99,48.52,,0
O0000753,2,2023-01-11,C08443,P059,Sports & Fitness,Mobile App,West,1,48.99,0.2,39.19,39.19,29.06,PR001,0
O0000754,1,2023-01-11,C08525,P012,Electronics,In-Store,North,1,58.99,0.0,58.99,58.99,43.39,,0
O0000754,2,2023-01-11,C08525,P029,Outdoor & Camping,In-Store,North,2,68.99,0.0,68.99,137.98,41.44,,0
O0000755,1,2023-01-11,C09078,P041,Apparel,Online,East,1,78.99,0.0,78.99,78.99,34.98,,1
O0000756,1,2023-01-11,C09380,P088,Gourmet Grocery,In-Store,North,1,78.99,0.0,78.99,78.99,54.57,,0
O0000756,2,2023-01-11,C09380,P059,Sports & Fitness,In-Store,North,1,48.99,0.2,39.19,39.19,29.06,PR001,0
O0000757,1,2023-01-11,C09682,P041,Apparel,Online,South,1,78.99,0.0,78.99,78.99,34.98,,0
O0000757,2,2023-01-11,C09682,P046,Apparel,Online,South,1,24.99,0.0,24.99,24.99,10.94,,0
O0000757,3,2023-01-11,C09682,P076,Toys & Games,Online,South,1,18.99,0.0,18.99,18.99,8.54,,0
O0000758,1,2023-01-11,C09925,P053,Sports & Fitness,Mobile App,North,1,24.99,0.2,19.99,19.99,14.02,PR001,0
O0000759,1,2023-01-11,C09941,P017,Home & Kitchen,Online,East,2,34.99,0.0,34.99,69.98,20.21,,0
O0000759,2,2023-01-11,C09941,P057,Sports & Fitness,Online,East,1,98.99,0.2,79.19,79.19,59.56,PR001,0
O0000759,3,2023-01-11,C09941,P021,Home & Kitchen,Online,East,1,118.99,0.0,118.99,118.99,70.61,,0
O0000759,4,2023-01-11,C09941,P081,Gourmet Grocery,Online,East,4,17.99,0.0,17.99,71.96,12.67,,0
O0000760,1,2023-01-11,C10197,P017,Home & Kitchen,In-Store,South,1,34.99,0.0,34.99,34.99,20.21,,1
O0000761,1,2023-01-11,C10512,P046,Apparel,Online,West,1,24.99,0.0,24.99,24.99,10.94,,0
O0000761,2,2023-01-11,C10512,P057,Sports & Fitness,Online,West,1,98.99,0.2,79.19,79.19,59.56,PR001,0
O0000762,1,2023-01-11,C10782,P051,Sports & Fitness,Online,South,1,38.99,0.2,31.19,31.19,25.02,PR001,0
O0000762,2,2023-01-11,C10782,P061,Sports & Fitness,Online,South,2,18.99,0.2,15.19,30.38,11.23,PR001,0
O0000763,1,2023-01-11,C11191,P025,Home & Kitchen,Online,East,1,88.99,0.1,80.09,80.09,49.85,,0
O0000763,2,2023-01-11,C11191,P046,Apparel,Online,East,1,24.99,0.0,24.99,24.99,10.94,,0
O0000763,3,2023-01-11,C11191,P015,Home & Kitchen,Online,East,1,48.99,0.0,48.99,48.99,27.96,,0
O0000763,4,2023-01-11,C11191,P021,Home & Kitchen,Online,East,1,118.99,0.0,118.99,118.99,70.61,,0
O0000764,1,2023-01-11,C11525,P019,Home & Kitchen,Mobile App,East,1,28.99,0.0,28.99,28.99,17.56,,0
O0000764,2,2023-01-11,C11525,P052,Sports & Fitness,Mobile App,East,1,248.99,0.2,199.19,199.19,149.94,PR001,0
O0000764,3,2023-01-11,C11525,P059,Sports & Fitness,Mobile App,East,1,48.99,0.2,39.19,39.19,29.06,PR001,0
O0000765,1,2023-01-11,C11733,P018,Home & Kitchen,In-Store,North,2,128.99,0.0,128.99,257.98,82.34,,0
O0000766,1,2023-01-11,C11837,P052,Sports & Fitness,Mobile App,North,1,248.99,0.2,199.19,199.19,149.94,PR001,0
O0000767,1,2023-01-11,C12202,P070,Beauty & Care,Online,East,1,23.99,0.0,23.99,23.99,10.44,,0
O0000767,2,2023-01-11,C12202,P025,Home & Kitchen,Online,East,1,88.99,0.0,88.99,88.99,49.85,,0
O0000768,1,2023-01-11,C12579,P083,Gourmet Grocery,Mobile App,East,1,21.99,0.0,21.99,21.99,13.78,,0
O0000768,2,2023-01-11,C12579,P007,Electronics,Mobile App,East,2,328.99,0.0,328.99,657.98,250.7,,0
O0000768,3,2023-01-11,C12579,P013,Electronics,Mobile App,East,1,28.99,0.0,28.99,28.99,23.01,,0
O0000769,1,2023-01-11,C12730,P085,Gourmet Grocery,In-Store,West,1,13.99,0.0,13.99,13.99,10.35,,0
O0000769,2,2023-01-11,C12730,P050,Apparel,In-Store,West,2,38.99,0.0,38.99,77.98,15.89,,0
O0000770,1,2023-01-11,C12810,P007,Electronics,In-Store,North,1,328.99,0.0,328.99,328.99,250.7,,0
O0000770,2,2023-01-11,C12810,P039,Apparel,In-Store,North,1,128.99,0.0,128.99,128.99,60.78,,0
O0000770,3,2023-01-11,C12810,P012,Electronics,In-Store,North,1,58.99,0.0,58.99,58.99,43.39,,0
O0000770,4,2023-01-11,C12810,P086,Gourmet Grocery,In-Store,North,2,11.99,0.0,11.99,23.98,8.19,,0
O0000770,5,2023-01-11,C12810,P020,Home & Kitchen,In-Store,North,1,278.99,0.0,278.99,278.99,171.48,,0
O0000770,6,2023-01-11,C12810,P006,Electronics,In-Store,North,1,44.99,0.0,44.99,44.99,33.54,,0
O0000771,1,2023-01-11,C13151,P019,Home & Kitchen,In-Store,East,2,28.99,0.0,28.99,57.98,17.56,,1
O0000772,1,2023-01-11,C13267,P052,Sports & Fitness,Online,South,1,248.99,0.2,199.19,199.19,149.94,PR001,0
O0000772,2,2023-01-11,C13267,P089,Gourmet Grocery,Online,South,1,8.99,0.0,8.99,8.99,5.94,,0
O0000772,3,2023-01-11,C13267,P002,Electronics,Online,South,1,58.99,0.0,58.99,58.99,49.44,,0
O0000772,4,2023-01-11,C13267,P027,Outdoor & Camping,Online,South,1,188.99,0.0,188.99,188.99,119.52,,0
O0000772,5,2023-01-11,C13267,P028,Outdoor & Camping,Online,South,1,98.99,0.1,89.09,89.09,62.82,,0
O0000772,6,2023-01-11,C13267,P059,Sports & Fitness,Online,South,1,48.99,0.2,39.19,39.19,29.06,PR001,0
O0000773,1,2023-01-11,C13938,P019,Home & Kitchen,Online,North,1,28.99,0.0,28.99,28.99,17.56,,0
O0000773,2,2023-01-11,C13938,P070,Beauty & Care,Online,North,3,23.99,0.0,23.99,71.97,10.44,,0
O0000773,3,2023-01-11,C13938,P059,Sports & Fitness,Online,North,1,48.99,0.2,39.19,39.19,29.06,PR001,0
O0000774,1,2023-01-11,C14157,P021,Home & Kitchen,In-Store,North,2,118.99,0.0,118.99,237.98,70.61,,0
O0000774,2,2023-01-11,C14157,P049,Apparel,In-Store,North,1,28.99,0.0,28.99,28.99,13.53,,0
O0000774,3,2023-01-11,C14157,P047,Apparel,In-Store,North,3,58.99,0.1,53.09,159.27,19.67,,0
O0000775,1,2023-01-11,C14233,P054,Sports & Fitness,In-Store,South,1,28.99,0.2,23.19,23.19,18.52,PR001,0
O0000775,2,2023-01-11,C14233,P061,Sports & Fitness,In-Store,South,1,18.99,0.2,15.19,15.19,11.23,PR001,0
O0000776,1,2023-01-11,C14303,P037,Outdoor & Camping,Online,North,1,78.99,0.0,78.99,78.99,54.44,,0
O0000776,2,2023-01-11,C14303,P029,Outdoor & Camping,Online,North,1,68.99,0.0,68.99,68.99,41.44,,0
O0000777,1,2023-01-11,C14502,P085,Gourmet Grocery,In-Store,North,1,13.99,0.0,13.99,13.99,10.35,,0
O0000777,2,2023-01-11,C14502,P012,Electronics,In-Store,North,1,58.99,0.0,58.99,58.99,43.39,,0
O0000778,1,2023-01-11,C14600,P087,Gourmet Grocery,In-Store,North,3,18.99,0.0,18.99,56.97,14.34,,0
O0000779,1,2023-01-11,C15084,P008,Electronics,Online,North,1,248.99,0.0,248.99,248.99,177.06,,0
O0000779,2,2023-01-11,C15084,P067,Beauty & Care,Online,North,1,8.99,0.1,8.09,8.09,3.66,,0
O0000779,3,2023-01-11,C15084,P082,Gourmet Grocery,Online,North,3,7.99,0.0,7.99,23.97,4.92,,0
O0000779,4,2023-01-11,C15084,P014,Home & Kitchen,Online,North,1,118.99,0.0,118.99,118.99,65.48,,0
O0000780,1,2023-01-11,C15214,P089,Gourmet Grocery,In-Store,South,3,8.99,0.0,8.99,26.97,5.94,,0
O0000781,1,2023-01-11,C15756,P040,Apparel,In-Store,West,1,68.99,0.0,68.99,68.99,26.63,,0
O0000781,2,2023-01-11,C15756,P043,Apparel,In-Store,West,1,128.99,0.0,128.99,128.99,64.18,,0
O0000781,3,2023-01-11,C15756,P023,Home & Kitchen,In-Store,West,3,44.99,0.0,44.99,134.97,26.93,,1
O0000781,4,2023-01-11,C15756,P004,Electronics,In-Store,West,1,24.99,0.0,24.99,24.99,18.12,,0
O0000782,1,2023-01-11,C15760,P016,Home & Kitchen,In-Store,East,1,88.99,0.0,88.99,88.99,48.52,,0
O0000783,1,2023-01-11,C16545,P045,Apparel,Online,North,1,88.99,0.0,88.99,88.99,40.84,,0
O0000784,1,2023-01-11,C17191,P012,Electronics,Mobile App,East,1,58.99,0.0,58.99,58.99,43.39,,0
O0000784,2,2023-01-11,C17191,P006,Electronics,Mobile App,East,2,44.99,0.0,44.99,89.98,33.54,,0
O0000784,3,2023-01-11,C17191,P001,Electronics,Mobile App,East,1,78.99,0.0,78.99,78.99,63.33,,0
O0000785,1,2023-01-11,C17848,P059,Sports & Fitness,In-Store,South,2,48.99,0.2,39.19,78.38,29.06,PR001,0
O0000785,2,2023-01-11,C17848,P015,Home & Kitchen,In-Store,South,2,48.99,0.0,48.99,97.98,27.96,,0
O0000786,1,2023-01-12,C00146,P045,Apparel,In-Store,South,1,88.99,0.0,88.99,88.99,40.84,,0
O0000787,1,2023-01-12,C01152,P086,Gourmet Grocery,In-Store,East,2,11.99,0.0,11.99,23.98,8.19,,0
O0000787,2,2023-01-12,C01152,P001,Electronics,In-Store,East,1,78.99,0.0,78.99,78.99,63.33,,0
O0000787,2,2023-01-12,C01152,P001,Electronics,In-Store,East,1,78.99,0.0,78.99,78.99,63.33,,0
O0000787,3,2023-01-12,C01152,P062,Beauty & Care,In-Store,East,1,33.99,0.0,33.99,33.99,13.02,,0
O0000788,1,2023-01-12,C01445,P012,Electronics,Online,East,1,58.99,0.0,58.99,58.99,43.39,,0
O0000789,1,2023-01-12,C01571,P013,Electronics,Online,North,1,28.99,0.1,26.09,26.09,23.01,,0
O0000789,2,2023-01-12,C01571,P082,Gourmet Grocery,Online,North,2,7.99,0.0,7.99,15.98,4.92,,0
O0000789,3,2023-01-12,C01571,P001,Electronics,Online,North,1,78.99,0.0,78.99,78.99,63.33,,0
O0000789,4,2023-01-12,C01571,P039,Apparel,Online,North,1,128.99,0.0,128.99,128.99,60.78,,0
O0000789,5,2023-01-12,C01571,P011,Electronics,Online,North,1,138.99,0.0,138.99,138.99,107.9,,0
O0000789,6,2023-01-12,C01571,P008,Electronics,Online,North,1,248.99,0.0,248.99,248.99,177.06,,0
O0000790,1,2023-01-12,C01697,P047,Apparel,In-Store,North,1,58.99,0.0,58.99,58.99,19.67,,1
O0000791,1,2023-01-12,C01789,P010,Electronics,In-Store,West,1,288.99,0.0,288.99,288.99,214.87,,0
O0000791,2,2023-01-12,C01789,P021,Home & Kitchen,In-Store,West,1,118.99,0.0,118.99,118.99,70.61,,0
O0000792,1,2023-01-12,C01957,P073,Toys & Games,In-Store,West,1,38.99,0.0,38.99,38.99,19.36,,0
O0000792,2,2023-01-12,C01957,P062,Beauty & Care,In-Store,West,2,33.99,0.0,33.99,67.98,13.02,,0
O0000793,1,2023-01-12,C02118,P039,Apparel,In-Store,East,2,128.99,0.0,128.99,257.98,60.78,,0
O0000793,2,2023-01-12,C02118,P047,Apparel,In-Store,East,1,58.99,0.0,58.99,58.99,19.67,,0
O0000794,1,2023-01-12,C02236,P052,Sports & Fitness,Online,East,1,248.99,0.2,199.19,199.19,149.94,PR001,0
O0000795,1,2023-01-12,C02429,P001,Electronics,Mobile App,East,1,78.99,0.0,78.99,78.99,63.33,,0
O0000795,2,2023-01-12,C02429,P004,Electronics,Mobile App,East,1,24.99,0.0,24.99,24.99,18.12,,0
O0000796,1,2023-01-12,C02445,P023,Home & Kitchen,Online,East,1,44.99,0.0,44.99,44.99,26.93,,0
O0000796,2,2023-01-12,C02445,P018,Home & Kitchen,Online,East,1,128.99,0.0,128.99,128.99,82.34,,0
O0000797,1,2023-01-12,C02446,P025,Home & Kitchen,In-Store,North,3,88.99,0.0,88.99,266.97,49.85,,0
O0000798,1,2023-01-12,C02657,P067,Beauty & Care,Online,West,1,8.99,0.0,8.99,8.99,3.66,,0
O0000798,2,2023-01-12,C02657,P056,Sports & Fitness,Online,West,1,14.99,0.2,11.99,11.99,8.44,PR001,0
O0000798,3,2023-01-12,C02657,P069,Beauty & Care,Online,West,1,10.99,0.0,10.99,10.99,4.42,,0
O0000799,1,2023-01-12,C03264,P029,Outdoor & Camping,Online,North,2,68.99,0.1,62.09,124.18,41.44,,0
O0000799,2,2023-01-12,C03264,P057,Sports & Fitness,Online,North,1,98.99,0.2,79.19,79.19,59.56,PR001,0
O0000799,3,2023-01-12,C03264,P059,Sports & Fitness,Online,North,1,48.99,0.2,39.19,39.19,29.06,PR001,0
O0000799,4,2023-01-12,C03264,P054,Sports & Fitness,Online,North,1,28.99,0.2,23.19,23.19,18.52,PR001,0
O0000800,1,2023-01-12,C03386,P055,Sports & Fitness,In-Store,North,1,28.99,0.2,23.19,23.19,18.35,PR001,0
O0000800,2,2023-01-12,C03386,P052,Sports & Fitness,In-Store,North,1,248.99,0.2,199.19,199.19,149.94,PR001,0
O0000800,3,2023-01-12,C03386,P041,Apparel,In-Store,North,1,78.99,0.0,78.99,78.99,34.98,,0
O0000800,4,2023-01-12,C03386,P004,Electronics,In-Store,North,1,24.99,0.0,24.99,24.99,18.12,,0
O0000801,1,2023-01-12,C03651,P014,Home & Kitchen,Mobile App,East,1,118.99,0.0,118.99,118.99,65.48,,0
O0000801,2,2023-01-12,C03651,P020,Home & Kitchen,Mobile App,East,1,278.99,0.0,278.99,278.99,171.48,,0
O0000802,1,2023-01-12,C04014,P056,Sports & Fitness,In-Store,West,1,14.99,0.2,11.99,11.99,8.44,PR001,0
O0000802,2,2023-01-12,C04014,P033,Outdoor & Camping,In-Store,West,1,48.99,0.0,48.99,48.99,32.33,,0
O0000803,1,2023-01-12,C04096,P080,Toys & Games,In-Store,East,1,28.99,0.0,28.99,28.99,17.18,,0
O0000803,2,2023-01-12,C04096,P083,Gourmet Grocery,In-Store,East,2,21.99,0.0,21.99,43.98,13.78,,0
O0000803,3,2023-01-12,C04096,P024,Home & Kitchen,In-Store,East,1,48.99,0.0,48.99,48.99,30.92,,1
O0000803,4,2023-01-12,C04096,P076,Toys & Games,In-Store,East,2,18.99,0.0,18.99,37.98,8.54,,0
O0000804,1,2023-01-12,C04347,P006,Electronics,Online,West,1,44.99,0.1,40.49,40.49,33.54,,0
O0000804,2,2023-01-12,C04347,P033,Outdoor & Camping,Online,West,1,48.99,0.0,48.99,48.99,32.33,,0
O0000804,3,2023-01-12,C04347,P032,Outdoor & Camping,Online,West,2,38.99,0.0,38.99,77.98,26.81,,0
O0000804,4,2023-01-12,C04347,P005,Electronics,Online,West,1,28.99,0.0,28.99,28.99,20.73,,0
O0000805,1,2023-01-12,C04524,P075,Toys & Games,Online,West,1,68.99,0.0,68.99,68.99,40.94,,0
O0000805,2,2023-01-12,C04524,P055,Sports & Fitness,Online,West,2,28.99,0.2,23.19,46.38,18.35,PR001,0
O0000805,3,2023-01-12,C04524,P078,Toys & Games,Online,West,1,14.99,0.0,14.99,14.99,8.06,,0
O0000806,1,2023-01-12,C04594,P055,Sports & Fitness,Mobile App,South,2,28.99,0.2,23.19,46.38,18.35,PR001,0
O0000807,1,2023-01-12,C05127,P004,Electronics,In-Store,West,1,24.99,0.1,22.49,22.49,18.12,,0
O0000808,1,2023-01-12,C06024,P077,Toys & Games,Online,North,1,34.99,0.0,34.99,34.99,19.65,,0
O0000808,2,2023-01-12,C06024,P089,Gourmet Grocery,Online,North,2,8.99,0.0,8.99,17.98,5.94,,0
O0000809,1,2023-01-12,C06399,P054,Sports & Fitness,In-Store,South,1,28.99,0.2,23.19,23.19,18.52,PR001,0
O0000809,2,2023-01-12,C06399,P086,Gourmet Grocery,In-Store,South,1,11.99,0.0,11.99,11.99,8.19,,0
O0000810,1,2023-01-12,C06437,P062,Beauty & Care,In-Store,North,1,33.99,0.0,33.99,33.99,13.02,,0
O0000811,1,2023-01-12,C06510,P024,Home & Kitchen,In-Store,South,1,48.99,0.0,48.99,48.99,30.92,,0
O0000811,2,2023-01-12,C06510,P039,Apparel,In-Store,South,1,128.99,0.0,128.99,128.99,60.78,,0
O0000811,3,2023-01-12,C06510,P052,Sports & Fitness,In-Store,South,1,248.99,0.2,199.19,199.19,149.94,PR001,0
O0000811,4,2023-01-12,C06510,P009,Electronics,In-Store,South,1,31.99,0.0,31.99,31.99,24.77,,0
O0000812,1,2023-01-12,C06697,P002,Electronics,Mobile App,South,1,58.99,0.0,58.99,58.99,49.44,,0
O0000812,2,2023-01-12,C06697,P026,Home & Kitchen,Mobile App,South,1,21.99,0.0,21.99,21.99,13.14,,0
O0000813,1,2023-01-12,C06766,P026,Home & Kitchen,Online,North,2,21.99,0.0,21.99,43.98,13.14,,0
O0000813,2,2023-01-12,C06766,P043,Apparel,Online,North,2,128.99,0.0,128.99,257.98,64.18,,0
O0000814,1,2023-01-12,C06795,P004,Electronics,In-Store,North,1,24.99,0.0,24.99,24.99,18.12,,0
O0000814,2,2023-01-12,C06795,P027,Outdoor & Camping,In-Store,North,1,188.99,0.0,188.99,188.99,119.52,,0
O0000814,3,2023-01-12,C06795,P011,Electronics,In-Store,North,1,138.99,0.1,125.09,125.09,107.9,,0
O0000815,1,2023-01-12,C06868,P059,Sports & Fitness,Online,North,2,48.99,0.2,39.19,78.38,29.06,PR001,0
O0000816,1,2023-01-12,C06985,P005,Electronics,In-Store,East,1,28.99,0.0,28.99,28.99,20.73,,0
O0000817,1,2023-01-12,C07050,P070,Beauty & Care,In-Store,West,1,23.99,0.0,23.99,23.99,10.44,,0
O0000817,2,2023-01-12,C07050,P026,Home & Kitchen,In-Store,West,2,21.99,0.0,21.99,43.98,13.14,,0
O0000817,3,2023-01-12,C07050,P014,Home & Kitchen,In-Store,West,1,118.99,0.1,107.09,107.09,65.48,,0
O0000817,4,2023-01-12,C07050,P059,Sports & Fitness,In-Store,West,2,48.99,0.2,39.19,78.38,29.06,PR001,0
O0000817,5,2023-01-12,C07050,P082,Gourmet Grocery,In-Store,West,2,7.99,0.0,7.99,15.98,4.92,,0
O0000818,1,2023-01-12,C07224,P073,Toys & Games,In-Store,North,1,38.99,0.0,38.99,38.99,19.36,,0
O0000819,1,2023-01-12,C07292,P035,Outdoor & Camping,Online,West,1,158.99,0.0,158.99,158.99,93.89,,0
O0000820,1,2023-01-12,C07383,P025,Home & Kitchen,Online,North,1,88.99,0.0,88.99,88.99,49.85,,0
O0000820,2,2023-01-12,C07383,P058,Sports & Fitness,Online,North,1,58.99,0.2,47.19,47.19,36.47,PR001,0
O0000821,1,2023-01-12,C07524,P065,Beauty & Care,In-Store,West,1,13.99,0.0,13.99,13.99,4.78,,0
O0000821,2,2023-01-12,C07524,P037,Outdoor & Camping,In-Store,West,1,78.99,0.0,78.99,78.99,54.44,,0
O0000822,1,2023-01-12,C07580,P071,Beauty & Care,In-Store,East,2,68.99,0.0,68.99,137.98,31.26,,0
O0000822,2,2023-01-12,C07580,P062,Beauty & Care,In-Store,East,2,33.99,0.0,33.99,67.98,13.02,,0
O0000823,1,2023-01-12,C07721,P021,Home & Kitchen,Mobile App,South,1,118.99,0.1,107.09,107.09,70.61,,0
O0000824,1,2023-01-12,C07940,P041,Apparel,In-Store,East,4,78.99,0.0,78.99,315.96,34.98,,0
O0000824,2,2023-01-12,C07940,P052,Sports & Fitness,In-Store,East,1,248.99,0.2,199.19,199.19,149.94,PR001,0
O0000824,3,2023-01-12,C07940,P059,Sports & Fitness,In-Store,East,1,48.99,0.2,39.19,39.19,29.06,PR001,0
O0000824,4,2023-01-12,C07940,P075,Toys & Games,In-Store,East,1,68.99,0.0,68.99,68.99,40.94,,0
O0000825,1,2023-01-12,C08063,P023,Home & Kitchen,Online,East,1,44.99,0.0,44.99,44.99,26.93,,0
O0000826,1,2023-01-12,C08292,P022,Home & Kitchen,Online,East,1,38.99,0.0,38.99,38.99,21.51,,0
O0000826,2,2023-01-12,C08292,P055,Sports & Fitness,Online,East,2,28.99,0.2,23.19,46.38,18.35,PR001,0
O0000826,3,2023-01-12,C08292,P083,Gourmet Grocery,,East,2,21.99,0.0,21.99,43.98,13.78,,0
O0000827,1,2023-01-12,C08296,P023,Home & Kitchen,In-Store,North,1,44.99,0.0,44.99,44.99,26.93,,0
O0000828,1,2023-01-12,C08766,P009,Electronics,Online,East,1,31.99,0.0,31.99,31.99,24.77,,1
O0000829,1,2023-01-12,C08944,P083,Gourmet Grocery,Online,South,3,21.99,0.0,21.99,65.97,13.78,,0
O0000830,1,2023-01-12,C09212,P016,Home & Kitchen,In-Store,South,2,88.99,0.0,88.99,177.98,48.52,,0
O0000830,2,2023-01-12,C09212,P081,Gourmet Grocery,In-Store,South,1,17.99,0.0,17.99,17.99,12.67,,0
O0000831,1,2023-01-12,C10364,P083,Gourmet Grocery,Online,East,3,21.99,0.0,21.99,65.97,13.78,,0
O0000831,2,2023-01-12,C10364,P086,Gourmet Grocery,Online,East,3,11.99,0.0,11.99,35.97,8.19,,0
O0000831,3,2023-01-12,C10364,P084,Gourmet Grocery,Online,East,3,15.99,0.0,15.99,47.97,11.44,,0
O0000832,1,2023-01-12,C10767,P004,Electronics,In-Store,East,1,24.99,0.0,24.99,24.99,18.12,,0
O0000832,2,2023-01-12,C10767,P027,Outdoor & Camping,In-Store,East,1,188.99,0.0,188.99,188.99,119.52,,0
O0000832,3,2023-01-12,C10767,P029,Outdoor & Camping,In-Store,East,1,68.99,0.0,68.99,68.99,41.44,,0
O0000832,4,2023-01-12,C10767,P028,Outdoor & Camping,In-Store,East,1,98.99,0.0,98.99,98.99,62.82,,0
O0000833,1,2023-01-12,C11064,P015,Home & Kitchen,In-Store,North,1,48.99,0.0,48.99,48.99,27.96,,0
O0000834,1,2023-01-12,C11316,P056,Sports & Fitness,In-Store,East,1,14.99,0.2,11.99,11.99,8.44,PR001,0
O0000835,1,2023-01-12,C11388,P069,Beauty & Care,In-Store,South,1,10.99,0.0,10.99,10.99,4.42,,0
O0000836,1,2023-01-12,C11472,P004,Electronics,In-Store,West,1,24.99,0.0,24.99,24.99,18.12,,0
O0000836,2,2023-01-12,C11472,P073,Toys & Games,In-Store,West,1,38.99,0.0,38.99,38.99,19.36,,0
O0000836,3,2023-01-12,C11472,P075,Toys & Games,In-Store,West,2,68.99,0.0,68.99,137.98,40.94,,0
O0000837,1,2023-01-12,C11512,P052,Sports & Fitness,Online,South,1,248.99,0.2,199.19,199.19,149.94,PR001,0
O0000838,1,2023-01-12,C11525,P052,Sports & Fitness,Mobile App,East,3,248.99,0.2,199.19,597.57,149.94,PR001,0
O0000839,1,2023-01-12,C11625,P059,Sports & Fitness,In-Store,South,1,48.99,0.2,39.19,39.19,29.06,PR001,0
O0000839,2,2023-01-12,C11625,P056,Sports & Fitness,In-Store,South,1,14.99,0.2,11.99,11.99,8.44,PR001,0
O0000840,1,2023-01-12,C12807,P063,Beauty & Care,In-Store,East,1,27.99,0.0,27.99,27.99,12.57,,0
O0000840,2,2023-01-12,C12807,P001,Electronics,In-Store,East,1,78.99,0.0,78.99,78.99,63.33,,0
O0000840,3,2023-01-12,C12807,P004,Electronics,In-Store,East,1,24.99,0.0,24.99,24.99,18.12,,0
O0000841,1,2023-01-12,C12922,P041,Apparel,In-Store,West,1,78.99,0.0,78.99,78.99,34.98,,0
O0000841,2,2023-01-12,C12922,P042,Apparel,In-Store,West,1,158.99,0.0,158.99,158.99,66.24,,0
O0000842,1,2023-01-12,C13153,P046,Apparel,In-Store,North,1,24.99,0.0,24.99,24.99,10.94,,0
O0000843,1,2023-01-12,C13390,P004,Electronics,Mobile App,North,1,24.99,0.0,24.99,24.99,18.12,,0
O0000843,2,2023-01-12,C13390,P062,Beauty & Care,Mobile App,North,2,33.99,0.0,33.99,67.98,13.02,,0
O0000844,1,2023-01-12,C13526,P020,Home & Kitchen,In-Store,North,1,278.99,0.0,278.99,278.99,171.48,,0
O0000844,2,2023-01-12,C13526,P088,Gourmet Grocery,In-Store,North,4,78.99,0.0,78.99,315.96,54.57,,0
O0000844,3,2023-01-12,C13526,P066,Beauty & Care,In-Store,North,1,21.99,0.0,21.99,21.99,8.23,,0
O0000844,4,2023-01-12,C13526,P023,Home & Kitchen,In-Store,North,1,44.99,0.0,44.99,44.99,26.93,,0
O0000845,1,2023-01-12,C13987,P060,Sports & Fitness,In-Store,East,2,11.99,0.2,9.59,19.18,7.26,PR001,0
O0000845,2,2023-01-12,C13987,P057,Sports & Fitness,In-Store,East,1,98.99,0.2,79.19,79.19,59.56,PR001,0
O0000845,3,2023-01-12,C13987,P056,Sports & Fitness,In-Store,East,1,14.99,0.2,11.99,11.99,8.44,PR001,0
O0000846,1,2023-01-12,C14133,P062,Beauty & Care,In-Store,East,2,33.99,0.0,33.99,67.98,13.02,,0
O0000846,2,2023-01-12,C14133,P057,Sports & Fitness,In-Store,East,1,98.99,0.2,79.19,79.19,59.56,PR001,0
O0000846,3,2023-01-12,C14133,P084,Gourmet Grocery,In-Store,East,2,15.99,0.0,15.99,31.98,11.44,,0
O0000846,4,2023-01-12,C14133,P055,Sports & Fitness,In-Store,East,1,28.99,0.2,23.19,23.19,18.35,PR001,0
O0000847,1,2023-01-12,C14390,P055,Sports & Fitness,Online,East,2,28.99,0.2,23.19,46.38,18.35,PR001,0
O0000847,1,2023-01-12,C14390,P055,Sports & Fitness,Online,East,2,28.99,0.2,23.19,46.38,18.35,PR001,0
O0000847,2,2023-01-12,C14390,P068,Beauty & Care,Online,East,1,11.99,0.0,11.99,11.99,4.76,,0
O0000848,1,2023-01-12,C14410,P077,Toys & Games,In-Store,East,1,34.99,0.0,34.99,34.99,19.65,,0
O0000848,2,2023-01-12,C14410,P056,Sports & Fitness,In-Store,East,1,14.99,0.2,11.99,11.99,8.44,PR001,0
O0000848,3,2023-01-12,C14410,P034,Outdoor & Camping,In-Store,East,1,58.99,0.1,53.09,53.09,37.47,,0
O0000848,4,2023-01-12,C14410,P088,Gourmet Grocery,In-Store,East,1,78.99,0.0,78.99,78.99,54.57,,0
O0000848,5,2023-01-12,C14410,P042,Apparel,In-Store,East,1,158.99,0.0,158.99,158.99,66.24,,0
O0000849,1,2023-01-12,C14708,P052,Sports & Fitness,Mobile App,West,1,248.99,0.2,199.19,199.19,149.94,PR001,0
O0000849,2,2023-01-12,C14708,P012,Electronics,Mobile App,West,1,58.99,0.0,58.99,58.99,43.39,,0
O0000849,3,2023-01-12,C14708,P059,Sports & Fitness,Mobile App,West,1,48.99,0.2,39.19,39.19,29.06,PR001,0
O0000850,1,2023-01-12,C14977,P059,Sports & Fitness,In-Store,East,1,48.99,0.2,39.19,39.19,29.06,PR001,0
O0000851,1,2023-01-12,C15839,P055,Sports & Fitness,Online,East,1,28.99,0.2,23.19,23.19,18.35,PR001,0
O0000852,1,2023-01-12,C16038,P057,Sports & Fitness,In-Store,East,1,98.99,0.2,79.19,79.19,59.56,PR001,1
O0000852,2,2023-01-12,C16038,P063,Beauty & Care,In-Store,East,2,27.99,0.0,27.99,55.98,12.57,,0
O0000853,1,2023-01-12,C16426,P048,Apparel,In-Store,South,2,118.99,0.0,118.99,237.98,63.7,,1
O0000854,1,2023-01-12,C16889,P070,Beauty & Care,In-Store,North,1,23.99,0.0,23.99,23.99,10.44,,0
O0000855,1,2023-01-12,C17085,P059,Sports & Fitness,Online,North,2,48.99,0.2,39.19,78.38,29.06,PR001,0
O0000855,2,2023-01-12,C17085,P045,Apparel,Online,North,1,88.99,0.0,88.99,88.99,40.84,,1
O0000856,1,2023-01-12,C17157,P048,Apparel,In-Store,East,1,118.99,0.0,118.99,118.99,63.7,,0
O0000857,1,2023-01-12,C17242,P010,Electronics,In-Store,South,2,288.99,0.0,288.99,577.98,214.87,,0
O0000857,2,2023-01-12,C17242,P002,Electronics,In-Store,South,1,58.99,0.0,58.99,58.99,49.44,,0
O0000858,1,2023-01-12,C17578,P047,Apparel,In-Store,West,2,58.99,0.0,58.99,117.98,19.67,,0
O0000859,1,2023-01-12,C17777,P089,Gourmet Grocery,Online,East,2,8.99,0.0,8.99,17.98,5.94,,0
O0000859,2,2023-01-12,C17777,P083,Gourmet Grocery,Online,East,2,21.99,0.0,21.99,43.98,13.78,,0
O0000860,1,2023-01-13,C00252,P021,Home & Kitchen,Mobile App,South,2,118.99,0.0,118.99,237.98,70.61,,0
O0000861,1,2023-01-13,C00265,P014,Home & Kitchen,In-Store,East,1,118.99,0.0,118.99,118.99,65.48,,0
O0000861,2,2023-01-13,C00265,P041,Apparel,In-Store,East,1,78.99,0.0,78.99,78.99,34.98,,1
O0000862,1,2023-01-13,C00271,P072,Toys & Games,In-Store,South,1,48.99,0.1,44.09,44.09,27.59,,0
O0000862,2,2023-01-13,C00271,P009,Electronics,In-Store,South,1,31.99,0.0,31.99,31.99,24.77,,0
O0000863,1,2023-01-13,C00331,P059,Sports & Fitness,In-Store,North,1,48.99,0.2,39.19,39.19,29.06,PR001,0
O0000864,1,2023-01-13,C00394,P020,Home & Kitchen,Online,East,1,278.99,0.0,278.99,278.99,171.48,,0
O0000864,2,2023-01-13,C00394,P041,Apparel,Online,East,2,78.99,0.0,78.99,157.98,34.98,,0
O0000864,3,2023-01-13,C00394,P010,Electronics,Online,East,1,288.99,0.0,288.99,288.99,214.87,,0
O0000864,4,2023-01-13,C00394,P006,Electronics,Online,East,1,44.99,0.0,44.99,44.99,33.54,,0
O0000865,1,2023-01-13,C00473,P065,Beauty & Care,Online,South,1,13.99,0.0,13.99,13.99,4.78,,0
O0000865,2,2023-01-13,C00473,P062,Beauty & Care,Online,South,1,33.99,0.0,33.99,33.99,13.02,,0
O0000866,1,2023-01-13,C00620,P037,Outdoor & Camping,In-Store,South,1,78.99,0.0,78.99,78.99,54.44,,0
O0000867,1,2023-01-13,C01120,P055,Sports & Fitness,Online,North,1,28.99,0.2,23.19,23.19,18.35,PR001,0
O0000868,1,2023-01-13,C01210,P004,Electronics,Online,South,1,24.99,0.0,24.99,24.99,18.12,,1
O0000869,1,2023-01-13,C01501,P076,Toys & Games,Online,North,1,18.99,0.0,18.99,18.99,8.54,,1
O0000869,2,2023-01-13,C01501,P027,Outdoor & Camping,Online,North,1,188.99,0.0,188.99,188.99,119.52,,0
O0000869,3,2023-01-13,C01501,P028,Outdoor & Camping,Online,North,2,98.99,0.0,98.99,197.98,62.82,,0
O0000870,1,2023-01-13,C01503,P027,Outdoor & Camping,Online,East,1,188.99,0.1,170.09,170.09,119.52,,0
O0000871,1,2023-01-13,C01959,P070,Beauty & Care,Online,East,2,23.99,0.0,23.99,47.98,10.44,,0
O0000871,2,2023-01-13,C01959,P062,Beauty & Care,Online,East,1,33.99,0.0,33.99,33.99,13.02,,0
O0000871,3,2023-01-13,C01959,P007,Electronics,Online,East,1,328.99,0.0,328.99,328.99,250.7,,0
O0000871,4,2023-01-13,C01959,P071,Beauty & Care,Online,East,1,68.99,0.0,68.99,68.99,31.26,,0
O0000872,1,2023-01-13,C02259,P052,Sports & Fitness,In-Store,South,1,248.99,0.2,199.19,199.19,149.94,PR001,0
O0000873,1,2023-01-13,C03089,P037,Outdoor & Camping,In-Store,North,2,78.99,0.0,78.99,157.98,54.44,,0
O0000874,1,2023-01-13,C03523,P052,Sports & Fitness,Online,South,1,248.99,0.2,199.19,199.19,149.94,PR001,0
O0000874,2,2023-01-13,C03523,P046,Apparel,Online,South,1,24.99,0.0,24.99,24.99,10.94,,0
O0000874,3,2023-01-13,C03523,P059,Sports & Fitness,Online,South,1,48.99,0.2,39.19,39.19,29.06,PR001,1
O0000875,1,2023-01-13,C04572,P047,Apparel,In-Store,East,1,58.99,0.0,58.99,58.99,19.67,,0
O0000875,2,2023-01-13,C04572,P004,Electronics,In-Store,East,1,24.99,0.0,24.99,24.99,18.12,,0
O0000876,1,2023-01-13,C04577,P009,Electronics,Online,North,1,31.99,0.0,31.99,31.99,24.77,,0
O0000876,2,2023-01-13,C04577,P008,Electronics,Online,North,1,248.99,0.0,248.99,248.99,177.06,,1
O0000876,3,2023-01-13,C04577,P010,Electronics,Online,North,2,288.99,0.0,288.99,577.98,214.87,,1
O0000877,1,2023-01-13,C04899,P021,Home & Kitchen,Mobile App,West,2,118.99,0.0,118.99,237.98,70.61,,0
O0000878,1,2023-01-13,C04953,P020,Home & Kitchen,Online,North,1,278.99,0.0,278.99,278.99,171.48,,0
O0000878,2,2023-01-13,C04953,P021,Home & Kitchen,Online,North,1,118.99,0.0,118.99,118.99,70.61,,0
O0000878,3,2023-01-13,C04953,P023,Home & Kitchen,Online,North,1,44.99,0.0,44.99,44.99,26.93,,0
O0000879,1,2023-01-13,C06401,P003,Electronics,Online,South,1,198.99,0.0,198.99,198.99,153.76,,0
O0000879,2,2023-01-13,C06401,P071,Beauty & Care,Online,South,1,68.99,0.0,68.99,68.99,31.26,,0
O0000879,3,2023-01-13,C06401,P075,Toys & Games,Online,South,1,68.99,0.0,68.99,68.99,40.94,,0
O0000879,4,2023-01-13,C06401,P005,Electronics,Online,South,2,28.99,0.0,28.99,57.98,20.73,,0
O0000880,1,2023-01-13,C06409,P047,Apparel,Online,North,1,58.99,0.0,58.99,58.99,19.67,,0
O0000880,2,2023-01-13,C06409,P062,Beauty & Care,Online,North,1,33.99,0.0,33.99,33.99,13.02,,0
O0000881,1,2023-01-13,C06885,P040,Apparel,Mobile App,West,1,68.99,0.0,68.99,68.99,26.63,,1
O0000881,2,2023-01-13,C06885,P043,Apparel,Mobile App,West,1,128.99,0.0,128.99,128.99,64.18,,0
O0000882,1,2023-01-13,C07282,P015,Home & Kitchen,Online,North,1,48.99,0.0,48.99,48.99,27.96,,0
O0000882,2,2023-01-13,C07282,P047,Apparel,Online,North,1,58.99,0.1,53.09,53.09,19.67,,0
O0000882,3,2023-01-13,C07282,P005,Electronics,Online,North,1,28.99,0.0,28.99,28.99,20.73,,1
O0000883,1,2023-01-13,C07563,P011,Electronics,In-Store,West,1,138.99,0.0,138.99,138.99,107.9,,0
O0000883,2,2023-01-13,C07563,P021,Home & Kitchen,In-Store,West,1,118.99,0.0,118.99,118.99,70.61,,0
O0000883,3,2023-01-13,C07563,P012,Electronics,In-Store,West,1,58.99,0.0,58.99,58.99,43.39,,0
O0000883,4,2023-01-13,C07563,P059,Sports & Fitness,In-Store,West,1,48.99,0.2,39.19,39.19,29.06,PR001,0
O0000883,5,2023-01-13,C07563,P003,Electronics,In-Store,West,1,198.99,0.0,198.99,198.99,153.76,,0
O0000883,6,2023-01-13,C07563,P058,Sports & Fitness,In-Store,West,1,58.99,0.2,47.19,47.19,36.47,PR001,0
O0000884,1,2023-01-13,C07639,P052,Sports & Fitness,In-Store,North,1,248.99,0.2,199.19,199.19,149.94,PR001,0
O0000885,1,2023-01-13,C07721,P016,Home & Kitchen,Mobile App,South,1,88.99,0.0,88.99,88.99,48.52,,0
O0000885,2,2023-01-13,C07721,P011,Electronics,Mobile App,South,1,138.99,0.0,138.99,138.99,107.9,,0
O0000885,3,2023-01-13,C07721,P081,Gourmet Grocery,Mobile App,South,2,17.99,0.0,17.99,35.98,12.67,,0
O0000886,1,2023-01-13,C08307,P015,Home & Kitchen,In-Store,South,2,48.99,0.0,48.99,97.98,27.96,,0
O0000886,2,2023-01-13,C08307,P059,Sports & Fitness,In-Store,South,1,48.99,0.2,39.19,39.19,29.06,PR001,0
O0000887,1,2023-01-13,C08365,P054,Sports & Fitness,Mobile App,South,1,28.99,0.2,23.19,23.19,18.52,PR001,0
O0000887,2,2023-01-13,C08365,P042,Apparel,Mobile App,South,2,158.99,0.0,158.99,317.98,66.24,,1
O0000887,3,2023-01-13,C08365,P034,Outdoor & Camping,Mobile App,South,1,58.99,0.0,58.99,58.99,37.47,,1
O0000887,4,2023-01-13,C08365,P007,Electronics,Mobile App,South,1,328.99,0.0,328.99,328.99,250.7,,0
O0000887,5,2023-01-13,C08365,P044,Apparel,Mobile App,South,1,23.99,0.0,23.99,23.99,11.17,,0
O0000888,1,2023-01-13,C08516,P002,Electronics,Mobile App,South,1,58.99,0.0,58.99,58.99,49.44,,0
O0000889,1,2023-01-13,C08953,P055,Sports & Fitness,In-Store,North,1,28.99,0.2,23.19,23.19,18.35,PR001,1
O0000889,2,2023-01-13,C08953,P035,Outdoor & Camping,In-Store,North,1,158.99,0.0,158.99,158.99,93.89,,0
O0000890,1,2023-01-13,C08985,P080,Toys & Games,Online,South,1,28.99,0.0,28.99,28.99,17.18,,0
O0000890,2,2023-01-13,C08985,P083,Gourmet Grocery,Online,South,5,21.99,0.0,21.99,109.95,13.78,,0
O0000891,1,2023-01-13,C09660,P077,Toys & Games,In-Store,East,1,34.99,0.0,34.99,34.99,19.65,,1
O0000891,2,2023-01-13,C09660,P005,Electronics,In-Store,East,1,28.99,0.0,28.99,28.99,20.73,,0
O0000891,3,2023-01-13,C09660,P073,Toys & Games,In-Store,East,1,38.99,0.0,38.99,38.99,19.36,,0
O0000892,1,2023-01-13,C09742,P083,Gourmet Grocery,Online,South,3,21.99,0.0,21.99,65.97,13.78,,0
O0000892,2,2023-01-13,C09742,P014,Home & Kitchen,Online,South,1,118.99,0.0,118.99,118.99,65.48,,0
O0000892,3,2023-01-13,C09742,P022,Home & Kitchen,Online,South,1,38.99,0.0,38.99,38.99,21.51,,0
O0000893,1,2023-01-13,C10502,P004,Electronics,In-Store,East,2,24.99,0.0,24.99,49.98,18.12,,0
O0000893,2,2023-01-13,C10502,P005,Electronics,In-Store,East,1,28.99,0.0,28.99,28.99,20.73,,0
O0000894,1,2023-01-13,C10515,P020,Home & Kitchen,Online,North,3,278.99,0.0,278.99,836.97,171.48,,0
O0000894,2,2023-01-13,C10515,P023,Home & Kitchen,Online,North,1,44.99,0.0,44.99,44.99,26.93,,0
O0000895,1,2023-01-13,C10621,P034,Outdoor & Camping,In-Store,North,1,58.99,0.0,58.99,58.99,37.47,,0
O0000896,1,2023-01-13,C10837,P073,Toys & Games,Online,North,1,38.99,0.0,38.99,38.99,19.36,,0
O0000896,2,2023-01-13,C10837,P046,Apparel,Online,North,1,24.99,0.0,24.99,24.99,10.94,,0
O0000896,3,2023-01-13,C10837,P060,Sports & Fitness,Online,North,1,11.99,0.2,9.59,9.59,7.26,PR001,0
O0000897,1,2023-01-13,C10887,P072,Toys & Games,Online,West,1,48.99,0.0,48.99,48.99,27.59,,0
O0000897,2,2023-01-13,C10887,P052,Sports & Fitness,Online,West,1,248.99,0.2,199.19,199.19,149.94,PR001,0
O0000898,1,2023-01-13,C11373,P004,Electronics,In-Store,East,1,24.99,0.0,24.99,24.99,18.12,,0
O0000898,2,2023-01-13,C11373,P001,Electronics,In-Store,East,1,78.99,0.0,78.99,78.99,63.33,,0
O0000898,3,2023-01-13,C11373,P002,Electronics,In-Store,East,1,58.99,0.0,58.99,58.99,49.44,,0
O0000899,1,2023-01-13,C11508,P045,Apparel,Online,West,1,88.99,0.0,88.99,88.99,40.84,,0
O0000899,2,2023-01-13,C11508,P052,Sports & Fitness,Online,West,1,248.99,0.2,199.19,199.19,149.94,PR001,0
O0000899,3,2023-01-13,C11508,P059,Sports & Fitness,Online,West,1,48.99,0.2,39.19,39.19,29.06,PR001,0
O0000900,1,2023-01-13,C11594,P001,Electronics,In-Store,South,2,78.99,0.0,78.99,157.98,63.33,,0
O0000900,2,2023-01-13,C11594,P017,Home & Kitchen,In-Store,South,2,34.99,0.0,34.99,69.98,20.21,,0
O0000900,3,2023-01-13,C11594,P046,Apparel,In-Store,South,2,24.99,0.0,24.99,49.98,10.94,,0
O0000900,4,2023-01-13,C11594,P081,Gourmet Grocery,In-Store,South,2,17.99,0.0,17.99,35.98,12.67,,0
O0000901,1,2023-01-13,C11716,P053,Sports & Fitness,Online,South,1,24.99,0.2,19.99,19.99,14.02,PR001,0
O0000902,1,2023-01-13,C11868,P004,Electronics,Online,North,1,24.99,0.0,24.99,24.99,18.12,,0
O0000902,2,2023-01-13,C11868,P052,Sports & Fitness,Online,North,2,248.99,0.2,199.19,398.38,149.94,PR001,0
O0000902,3,2023-01-13,C11868,P060,Sports & Fitness,Online,North,1,11.99,0.2,9.59,9.59,7.26,PR001,0
O0000903,1,2023-01-13,C12036,P055,Sports & Fitness,In-Store,North,1,28.99,0.2,23.19,23.19,18.35,PR001,0
O0000904,1,2023-01-13,C12202,P020,Home & Kitchen,In-Store,East,1,278.99,0.0,278.99,278.99,171.48,,0
O0000904,2,2023-01-13,C12202,P078,Toys & Games,In-Store,East,1,14.99,0.0,14.99,14.99,8.06,,0
O0000904,3,2023-01-13,C12202,P064,Beauty & Care,In-Store,East,1,18.99,0.0,18.99,18.99,6.29,,0
O0000904,4,2023-01-13,C12202,P027,Outdoor & Camping,In-Store,East,1,188.99,0.0,188.99,188.99,119.52,,0
O0000904,5,2023-01-13,C12202,P028,Outdoor & Camping,In-Store,East,1,98.99,0.0,98.99,98.99,62.82,,0
O0000905,1,2023-01-13,C12207,P064,Beauty & Care,In-Store,North,2,18.99,0.0,18.99,37.98,6.29,,0
O0000906,1,2023-01-13,C12238,P059,Sports & Fitness,In-Store,West,1,48.99,0.2,39.19,39.19,29.06,PR001,0
O0000907,1,2023-01-13,C12242,P052,Sports & Fitness,Online,South,1,248.99,0.2,199.19,199.19,149.94,PR001,0
O0000907,2,2023-01-13,C12242,P062,Beauty & Care,Online,South,1,33.99,0.0,33.99,33.99,13.02,,0
O0000908,1,2023-01-13,C12263,P076,Toys & Games,In-Store,South,1,18.99,0.0,18.99,18.99,8.54,,0
O0000909,1,2023-01-13,C12273,P013,Electronics,In-Store,North,1,28.99,0.0,28.99,28.99,23.01,,0
