antecedent,consequent,pair_orders,support,confidence,consequent_support,lift,antecedent_name,consequent_name,antecedent_category,consequent_category
P032,P031,355,0.00383,0.34069,0.01274,26.734,Water Filter,Hiking Backpack 40L,Outdoor & Camping,Outdoor & Camping
P031,P032,355,0.00383,0.30059,0.01124,26.734,Hiking Backpack 40L,Water Filter,Outdoor & Camping,Outdoor & Camping
P061,P051,249,0.00269,0.1441,0.00564,25.53331,Yoga Block Set,Yoga Mat,Sports & Fitness,Sports & Fitness
P051,P061,249,0.00269,0.4761,0.01865,25.53331,Yoga Mat,Yoga Block Set,Sports & Fitness,Sports & Fitness
P029,P038,258,0.00278,0.2622,0.01076,24.37152,Camping Stove,Camp Lantern,Outdoor & Camping,Outdoor & Camping
P038,P029,258,0.00278,0.25878,0.01062,24.37152,Camp Lantern,Camping Stove,Outdoor & Camping,Outdoor & Camping
P081,P016,1438,0.01552,0.46856,0.02704,17.32743,Single-Origin Coffee Beans,Burr Coffee Grinder,Gourmet Grocery,Home & Kitchen
P016,P081,1438,0.01552,0.57382,0.03312,17.32743,Burr Coffee Grinder,Single-Origin Coffee Beans,Home & Kitchen,Gourmet Grocery
P007,P013,607,0.00655,0.42807,0.02537,16.87381,10in Tablet,Tablet Sleeve,Electronics,Electronics
P013,P007,607,0.00655,0.25819,0.0153,16.87381,Tablet Sleeve,10in Tablet,Electronics,Electronics
P028,P027,1323,0.01428,0.46243,0.03046,15.18044,Sleeping Bag,2-Person Tent,Outdoor & Camping,Outdoor & Camping
P027,P028,1323,0.01428,0.46865,0.03087,15.18044,2-Person Tent,Sleeping Bag,Outdoor & Camping,Outdoor & Camping
P057,P054,402,0.00434,0.27107,0.01842,14.7165,Fitness Tracker,Insulated Water Bottle,Sports & Fitness,Sports & Fitness
P054,P057,402,0.00434,0.2355,0.016,14.7165,Insulated Water Bottle,Fitness Tracker,Sports & Fitness,Sports & Fitness
P081,P017,1216,0.01312,0.39622,0.03218,12.31352,Single-Origin Coffee Beans,French Press,Gourmet Grocery,Home & Kitchen
P017,P081,1216,0.01312,0.40778,0.03312,12.31352,French Press,Single-Origin Coffee Beans,Home & Kitchen,Gourmet Grocery
P044,P042,1726,0.01862,0.51847,0.04488,11.55291,Wool Socks 3-Pack,Hiking Boots,Apparel,Apparel
P042,P044,1726,0.01862,0.415,0.03592,11.55291,Hiking Boots,Wool Socks 3-Pack,Apparel,Apparel
P064,P049,395,0.00426,0.2391,0.0229,10.44227,Mineral Sunscreen,Sun Hat,Beauty & Care,Apparel
P049,P064,395,0.00426,0.18615,0.01783,10.44227,Sun Hat,Mineral Sunscreen,Apparel,Beauty & Care
P005,P003,672,0.00725,0.21601,0.02498,8.64712,USB-C Fast Charger,Smartwatch,Electronics,Electronics
P003,P005,672,0.00725,0.29028,0.03357,8.64712,Smartwatch,USB-C Fast Charger,Electronics,Electronics
P037,P028,676,0.00729,0.23521,0.03087,7.61895,Sleeping Pad,Sleeping Bag,Outdoor & Camping,Outdoor & Camping
P028,P037,676,0.00729,0.23628,0.03101,7.61895,Sleeping Bag,Sleeping Pad,Outdoor & Camping,Outdoor & Camping
P023,P020,718,0.00775,0.19709,0.03084,6.39082,Glass Storage Set,Stand Mixer,Home & Kitchen,Home & Kitchen
P020,P023,718,0.00775,0.25122,0.03931,6.39082,Stand Mixer,Glass Storage Set,Home & Kitchen,Home & Kitchen
P052,P059,959,0.01035,0.2533,0.04509,5.61719,Adjustable Dumbbells,Gym Bag,Sports & Fitness,Sports & Fitness
P059,P052,959,0.01035,0.22948,0.04085,5.61719,Gym Bag,Adjustable Dumbbells,Sports & Fitness,Sports & Fitness
P042,P034,711,0.00767,0.17095,0.03458,4.94317,Hiking Boots,Trekking Poles,Apparel,Outdoor & Camping
P034,P042,711,0.00767,0.22184,0.04488,4.94317,Trekking Poles,Hiking Boots,Outdoor & Camping,Apparel
P004,P001,1026,0.01107,0.2043,0.04473,4.56772,Phone Case,Wireless Earbuds,Electronics,Electronics
P001,P004,1026,0.01107,0.24753,0.05419,4.56772,Wireless Earbuds,Phone Case,Electronics,Electronics
P087,P082,32,0.00035,0.02417,0.00713,3.38855,Hot Sauce Trio,Artisan Dark Chocolate,Gourmet Grocery,Gourmet Grocery
P082,P087,32,0.00035,0.04841,0.01429,3.38855,Artisan Dark Chocolate,Hot Sauce Trio,Gourmet Grocery,Gourmet Grocery
P080,P074,47,0.00051,0.05575,0.01934,2.88327,Art Supplies Kit,Jigsaw Puzzle 1000pc,Toys & Games,Toys & Games
P074,P080,47,0.00051,0.02623,0.0091,2.88327,Jigsaw Puzzle 1000pc,Art Supplies Kit,Toys & Games,Toys & Games
P086,P087,57,0.00062,0.03931,0.01429,2.75152,Raw Honey,Hot Sauce Trio,Gourmet Grocery,Gourmet Grocery
P087,P086,57,0.00062,0.04305,0.01565,2.75152,Hot Sauce Trio,Raw Honey,Gourmet Grocery,Gourmet Grocery
P075,P080,45,0.00049,0.02462,0.0091,2.70621,RC Car,Art Supplies Kit,Toys & Games,Toys & Games
P080,P075,45,0.00049,0.05338,0.01973,2.70621,Art Supplies Kit,RC Car,Toys & Games,Toys & Games
P084,P082,33,0.00036,0.01899,0.00713,2.66205,Trail Mix 1kg,Artisan Dark Chocolate,Gourmet Grocery,Gourmet Grocery
P082,P084,33,0.00036,0.04992,0.01875,2.66205,Artisan Dark Chocolate,Trail Mix 1kg,Gourmet Grocery,Gourmet Grocery
P088,P085,35,0.00038,0.03669,0.01415,2.5934,Gourmet Gift Basket,Loose Leaf Tea,Gourmet Grocery,Gourmet Grocery
P085,P088,35,0.00038,0.0267,0.01029,2.5934,Loose Leaf Tea,Gourmet Gift Basket,Gourmet Grocery,Gourmet Grocery
P002,P007,29,0.00031,0.03919,0.0153,2.5612,Bluetooth Speaker,10in Tablet,Electronics,Electronics
P007,P002,29,0.00031,0.02045,0.00799,2.5612,10in Tablet,Bluetooth Speaker,Electronics,Electronics
P073,P075,65,0.0007,0.04954,0.01973,2.51164,Strategy Board Game,RC Car,Toys & Games,Toys & Games
P075,P073,65,0.0007,0.03556,0.01416,2.51164,RC Car,Strategy Board Game,Toys & Games,Toys & Games
P079,P076,55,0.00059,0.12443,0.05072,2.45355,Wooden Train Set,Plush Bear,Toys & Games,Toys & Games
P076,P079,55,0.00059,0.0117,0.00477,2.45355,Plush Bear,Wooden Train Set,Toys & Games,Toys & Games
P079,P072,38,0.00041,0.08597,0.03532,2.43427,Wooden Train Set,Building Blocks 500pc,Toys & Games,Toys & Games
P072,P079,38,0.00041,0.01161,0.00477,2.43427,Building Blocks 500pc,Wooden Train Set,Toys & Games,Toys & Games
P082,P086,25,0.00027,0.03782,0.01565,2.41726,Artisan Dark Chocolate,Raw Honey,Gourmet Grocery,Gourmet Grocery
P086,P082,25,0.00027,0.01724,0.00713,2.41726,Raw Honey,Artisan Dark Chocolate,Gourmet Grocery,Gourmet Grocery
P072,P074,151,0.00163,0.04614,0.01934,2.38587,Building Blocks 500pc,Jigsaw Puzzle 1000pc,Toys & Games,Toys & Games
P074,P072,151,0.00163,0.08426,0.03532,2.38587,Jigsaw Puzzle 1000pc,Building Blocks 500pc,Toys & Games,Toys & Games
P078,P076,234,0.00253,0.12012,0.05072,2.36855,Card Game,Plush Bear,Toys & Games,Toys & Games
P076,P078,234,0.00253,0.04979,0.02102,2.36855,Plush Bear,Card Game,Toys & Games,Toys & Games
P029,P032,26,0.00028,0.02642,0.01124,2.34998,Camping Stove,Water Filter,Outdoor & Camping,Outdoor & Camping
P032,P029,26,0.00028,0.02495,0.01062,2.34998,Water Filter,Camping Stove,Outdoor & Camping,Outdoor & Camping
P029,P036,38,0.00041,0.03862,0.01659,2.32846,Camping Stove,Insect Repellent,Outdoor & Camping,Outdoor & Camping
P036,P029,38,0.00041,0.02472,0.01062,2.32846,Insect Repellent,Camping Stove,Outdoor & Camping,Outdoor & Camping
P072,P078,160,0.00173,0.04888,0.02102,2.32562,Building Blocks 500pc,Card Game,Toys & Games,Toys & Games
P078,P072,160,0.00173,0.08214,0.03532,2.32562,Card Game,Building Blocks 500pc,Toys & Games,Toys & Games
P034,P038,80,0.00086,0.02496,0.01076,2.32017,Trekking Poles,Camp Lantern,Outdoor & Camping,Outdoor & Camping
P038,P034,80,0.00086,0.08024,0.03458,2.32017,Camp Lantern,Trekking Poles,Outdoor & Camping,Outdoor & Camping
P074,P078,87,0.00094,0.04855,0.02102,2.30965,Jigsaw Puzzle 1000pc,Card Game,Toys & Games,Toys & Games
P078,P074,87,0.00094,0.04466,0.01934,2.30965,Card Game,Jigsaw Puzzle 1000pc,Toys & Games,Toys & Games
P032,P035,31,0.00033,0.02975,0.01288,2.3091,Water Filter,Cooler 30L,Outdoor & Camping,Outdoor & Camping
P035,P032,31,0.00033,0.02596,0.01124,2.3091,Cooler 30L,Water Filter,Outdoor & Camping,Outdoor & Camping
P073,P076,153,0.00165,0.11662,0.05072,2.29939,Strategy Board Game,Plush Bear,Toys & Games,Toys & Games
P076,P073,153,0.00165,0.03255,0.01416,2.29939,Plush Bear,Strategy Board Game,Toys & Games,Toys & Games
P086,P085,47,0.00051,0.03241,0.01415,2.29129,Raw Honey,Loose Leaf Tea,Gourmet Grocery,Gourmet Grocery
P085,P086,47,0.00051,0.03585,0.01565,2.29129,Loose Leaf Tea,Raw Honey,Gourmet Grocery,Gourmet Grocery
P072,P080,68,0.00073,0.02078,0.0091,2.28396,Building Blocks 500pc,Art Supplies Kit,Toys & Games,Toys & Games
P080,P072,68,0.00073,0.08066,0.03532,2.28396,Art Supplies Kit,Building Blocks 500pc,Toys & Games,Toys & Games
P035,P034,94,0.00101,0.07873,0.03458,2.2764,Cooler 30L,Trekking Poles,Outdoor & Camping,Outdoor & Camping
P034,P035,94,0.00101,0.02933,0.01288,2.2764,Trekking Poles,Cooler 30L,Outdoor & Camping,Outdoor & Camping
P088,P087,31,0.00033,0.03249,0.01429,2.27446,Gourmet Gift Basket,Hot Sauce Trio,Gourmet Grocery,Gourmet Grocery
P087,P088,31,0.00033,0.02341,0.01029,2.27446,Hot Sauce Trio,Gourmet Gift Basket,Gourmet Grocery,Gourmet Grocery
P073,P080,27,0.00029,0.02058,0.0091,2.26233,Strategy Board Game,Art Supplies Kit,Toys & Games,Toys & Games
P080,P073,27,0.00029,0.03203,0.01416,2.26233,Art Supplies Kit,Strategy Board Game,Toys & Games,Toys & Games
P075,P072,146,0.00158,0.07987,0.03532,2.26143,RC Car,Building Blocks 500pc,Toys & Games,Toys & Games
P072,P075,146,0.00158,0.04461,0.01973,2.26143,Building Blocks 500pc,RC Car,Toys & Games,Toys & Games
P074,P073,57,0.00062,0.03181,0.01416,2.24676,Jigsaw Puzzle 1000pc,Strategy Board Game,Toys & Games,Toys & Games
P073,P074,57,0.00062,0.04345,0.01934,2.24676,Strategy Board Game,Jigsaw Puzzle 1000pc,Toys & Games,Toys & Games
P083,P089,264,0.00285,0.04408,0.01969,2.23841,Extra Virgin Olive Oil,Dried Mango,Gourmet Grocery,Gourmet Grocery
P089,P083,264,0.00285,0.14466,0.06463,2.23841,Dried Mango,Extra Virgin Olive Oil,Gourmet Grocery,Gourmet Grocery
P031,P029,28,0.0003,0.02371,0.01062,2.23288,Hiking Backpack 40L,Camping Stove,Outdoor & Camping,Outdoor & Camping
P029,P031,28,0.0003,0.02846,0.01274,2.23288,Camping Stove,Hiking Backpack 40L,Outdoor & Camping,Outdoor & Camping
P089,P085,57,0.00062,0.03123,0.01415,2.20781,Dried Mango,Loose Leaf Tea,Gourmet Grocery,Gourmet Grocery
P085,P089,57,0.00062,0.04348,0.01969,2.20781,Loose Leaf Tea,Dried Mango,Gourmet Grocery,Gourmet Grocery
P078,P077,28,0.0003,0.01437,0.00652,2.20539,Card Game,Science Kit,Toys & Games,Toys & Games
P077,P078,28,0.0003,0.04636,0.02102,2.20539,Science Kit,Card Game,Toys & Games,Toys & Games
P031,P028,80,0.00086,0.06774,0.03087,2.1942,Hiking Backpack 40L,Sleeping Bag,Outdoor & Camping,Outdoor & Camping
P028,P031,80,0.00086,0.02796,0.01274,2.1942,Sleeping Bag,Hiking Backpack 40L,Outdoor & Camping,Outdoor & Camping
P083,P088,135,0.00146,0.02254,0.01029,2.1897,Extra Virgin Olive Oil,Gourmet Gift Basket,Gourmet Grocery,Gourmet Grocery
P088,P083,135,0.00146,0.14151,0.06463,2.1897,Gourmet Gift Basket,Extra Virgin Olive Oil,Gourmet Grocery,Gourmet Grocery
P027,P036,102,0.0011,0.03613,0.01659,2.17856,2-Person Tent,Insect Repellent,Outdoor & Camping,Outdoor & Camping
P036,P027,102,0.0011,0.06636,0.03046,2.17856,Insect Repellent,2-Person Tent,Outdoor & Camping,Outdoor & Camping
P038,P036,36,0.00039,0.03611,0.01659,2.17714,Camp Lantern,Insect Repellent,Outdoor & Camping,Outdoor & Camping
P036,P038,36,0.00039,0.02342,0.01076,2.17714,Insect Repellent,Camp Lantern,Outdoor & Camping,Outdoor & Camping
P027,P029,65,0.0007,0.02303,0.01062,2.16851,2-Person Tent,Camping Stove,Outdoor & Camping,Outdoor & Camping
P029,P027,65,0.0007,0.06606,0.03046,2.16851,Camping Stove,2-Person Tent,Outdoor & Camping,Outdoor & Camping
P069,P070,39,0.00042,0.02995,0.01388,2.15857,Body Wash,Face Mask Set,Beauty & Care,Beauty & Care
P070,P069,39,0.00042,0.03033,0.01405,2.15857,Face Mask Set,Body Wash,Beauty & Care,Beauty & Care
P083,P084,241,0.0026,0.04024,0.01875,2.14569,Extra Virgin Olive Oil,Trail Mix 1kg,Gourmet Grocery,Gourmet Grocery
P084,P083,241,0.0026,0.13867,0.06463,2.14569,Trail Mix 1kg,Extra Virgin Olive Oil,Gourmet Grocery,Gourmet Grocery
P027,P035,78,0.00084,0.02763,0.01288,2.14453,2-Person Tent,Cooler 30L,Outdoor & Camping,Outdoor & Camping
P035,P027,78,0.00084,0.06533,0.03046,2.14453,Cooler 30L,2-Person Tent,Outdoor & Camping,Outdoor & Camping
P028,P029,65,0.0007,0.02272,0.01062,2.1397,Sleeping Bag,Camping Stove,Outdoor & Camping,Outdoor & Camping
P029,P028,65,0.0007,0.06606,0.03087,2.1397,Camping Stove,Sleeping Bag,Outdoor & Camping,Outdoor & Camping
P072,P073,99,0.00107,0.03025,0.01416,2.13653,Building Blocks 500pc,Strategy Board Game,Toys & Games,Toys & Games
P073,P072,99,0.00107,0.07546,0.03532,2.13653,Strategy Board Game,Building Blocks 500pc,Toys & Games,Toys & Games
P075,P076,198,0.00214,0.10832,0.05072,2.13572,RC Car,Plush Bear,Toys & Games,Toys & Games
P076,P075,198,0.00214,0.04213,0.01973,2.13572,Plush Bear,RC Car,Toys & Games,Toys & Games
P069,P067,61,0.00066,0.04685,0.02196,2.13357,Body Wash,Lip Balm 4-Pack,Beauty & Care,Beauty & Care
P067,P069,61,0.00066,0.02998,0.01405,2.13357,Lip Balm 4-Pack,Body Wash,Beauty & Care,Beauty & Care
P037,P035,79,0.00085,0.02749,0.01288,2.13348,Sleeping Pad,Cooler 30L,Outdoor & Camping,Outdoor & Camping
P035,P037,79,0.00085,0.06616,0.03101,2.13348,Cooler 30L,Sleeping Pad,Outdoor & Camping,Outdoor & Camping
P076,P080,91,0.00098,0.01936,0.0091,2.12848,Plush Bear,Art Supplies Kit,Toys & Games,Toys & Games
P080,P076,91,0.00098,0.10795,0.05072,2.12848,Art Supplies Kit,Plush Bear,Toys & Games,Toys & Games
P051,P059,50,0.00054,0.0956,0.04509,2.12006,Yoga Mat,Gym Bag,Sports & Fitness,Sports & Fitness
P059,P051,50,0.00054,0.01196,0.00564,2.12006,Gym Bag,Yoga Mat,Sports & Fitness,Sports & Fitness
P053,P058,38,0.00041,0.02402,0.01135,2.11599,Resistance Bands,Kettlebell 12kg,Sports & Fitness,Sports & Fitness
P058,P053,38,0.00041,0.03612,0.01707,2.11599,Kettlebell 12kg,Resistance Bands,Sports & Fitness,Sports & Fitness
P028,P038,65,0.0007,0.02272,0.01076,2.1118,Sleeping Bag,Camp Lantern,Outdoor & Camping,Outdoor & Camping
P038,P028,65,0.0007,0.0652,0.03087,2.1118,Camp Lantern,Sleeping Bag,Outdoor & Camping,Outdoor & Camping
P033,P036,89,0.00096,0.03498,0.01659,2.10937,Camp Chair,Insect Repellent,Outdoor & Camping,Outdoor & Camping
P036,P033,89,0.00096,0.05791,0.02745,2.10937,Insect Repellent,Camp Chair,Outdoor & Camping,Outdoor & Camping
P052,P051,45,0.00049,0.01189,0.00564,2.10612,Adjustable Dumbbells,Yoga Mat,Sports & Fitness,Sports & Fitness
P051,P052,45,0.00049,0.08604,0.04085,2.10612,Yoga Mat,Adjustable Dumbbells,Sports & Fitness,Sports & Fitness
P071,P064,66,0.00071,0.03754,0.01783,2.10605,Perfume 50ml,Mineral Sunscreen,Beauty & Care,Beauty & Care
P064,P071,66,0.00071,0.03995,0.01897,2.10605,Mineral Sunscreen,Perfume 50ml,Beauty & Care,Beauty & Care
P075,P077,25,0.00027,0.01368,0.00652,2.09836,RC Car,Science Kit,Toys & Games,Toys & Games
P077,P075,25,0.00027,0.04139,0.01973,2.09836,Science Kit,RC Car,Toys & Games,Toys & Games
P033,P032,60,0.00065,0.02358,0.01124,2.09759,Camp Chair,Water Filter,Outdoor & Camping,Outdoor & Camping
P032,P033,60,0.00065,0.05758,0.02745,2.09759,Water Filter,Camp Chair,Outdoor & Camping,Outdoor & Camping
P075,P078,80,0.00086,0.04376,0.02102,2.08199,RC Car,Card Game,Toys & Games,Toys & Games
P078,P075,80,0.00086,0.04107,0.01973,2.08199,Card Game,RC Car,Toys & Games,Toys & Games
P073,P078,57,0.00062,0.04345,0.02102,2.06683,Strategy Board Game,Card Game,Toys & Games,Toys & Games
P078,P073,57,0.00062,0.02926,0.01416,2.06683,Card Game,Strategy Board Game,Toys & Games,Toys & Games
P064,P066,65,0.0007,0.03935,0.01907,2.06357,Mineral Sunscreen,Beard Oil,Beauty & Care,Beauty & Care
P066,P064,65,0.0007,0.03679,0.01783,2.06357,Beard Oil,Mineral Sunscreen,Beauty & Care,Beauty & Care
P074,P076,187,0.00202,0.10435,0.05072,2.05759,Jigsaw Puzzle 1000pc,Plush Bear,Toys & Games,Toys & Games
P076,P074,187,0.00202,0.03979,0.01934,2.05759,Plush Bear,Jigsaw Puzzle 1000pc,Toys & Games,Toys & Games
P028,P036,97,0.00105,0.0339,0.01659,2.04425,Sleeping Bag,Insect Repellent,Outdoor & Camping,Outdoor & Camping
P036,P028,97,0.00105,0.06311,0.03087,2.04425,Insect Repellent,Sleeping Bag,Outdoor & Camping,Outdoor & Camping
P037,P032,66,0.00071,0.02296,0.01124,2.04241,Sleeping Pad,Water Filter,Outdoor & Camping,Outdoor & Camping
P032,P037,66,0.00071,0.06334,0.03101,2.04241,Water Filter,Sleeping Pad,Outdoor & Camping,Outdoor & Camping
P033,P034,179,0.00193,0.07036,0.03458,2.03452,Camp Chair,Trekking Poles,Outdoor & Camping,Outdoor & Camping
P034,P033,179,0.00193,0.05585,0.02745,2.03452,Trekking Poles,Camp Chair,Outdoor & Camping,Outdoor & Camping
P083,P087,172,0.00186,0.02872,0.01429,2.0102,Extra Virgin Olive Oil,Hot Sauce Trio,Gourmet Grocery,Gourmet Grocery
P087,P083,172,0.00186,0.12991,0.06463,2.0102,Hot Sauce Trio,Extra Virgin Olive Oil,Gourmet Grocery,Gourmet Grocery
P085,P083,170,0.00183,0.12967,0.06463,2.00653,Loose Leaf Tea,Extra Virgin Olive Oil,Gourmet Grocery,Gourmet Grocery
P083,P085,170,0.00183,0.02839,0.01415,2.00653,Extra Virgin Olive Oil,Loose Leaf Tea,Gourmet Grocery,Gourmet Grocery
P031,P033,65,0.0007,0.05504,0.02745,2.00493,Hiking Backpack 40L,Camp Chair,Outdoor & Camping,Outdoor & Camping
P033,P031,65,0.0007,0.02555,0.01274,2.00493,Camp Chair,Hiking Backpack 40L,Outdoor & Camping,Outdoor & Camping
P027,P031,72,0.00078,0.0255,0.01274,2.00136,2-Person Tent,Hiking Backpack 40L,Outdoor & Camping,Outdoor & Camping
P031,P027,72,0.00078,0.06097,0.03046,2.00136,Hiking Backpack 40L,2-Person Tent,Outdoor & Camping,Outdoor & Camping
P061,P053,59,0.00064,0.03414,0.01707,2.00012,Yoga Block Set,Resistance Bands,Sports & Fitness,Sports & Fitness
P053,P061,59,0.00064,0.03729,0.01865,2.00012,Resistance Bands,Yoga Block Set,Sports & Fitness,Sports & Fitness
P076,P072,332,0.00358,0.07064,0.03532,2.00008,Plush Bear,Building Blocks 500pc,Toys & Games,Toys & Games
P072,P076,332,0.00358,0.10144,0.05072,2.00008,Building Blocks 500pc,Plush Bear,Toys & Games,Toys & Games
P033,P029,54,0.00058,0.02123,0.01062,1.9991,Camp Chair,Camping Stove,Outdoor & Camping,Outdoor & Camping
P029,P033,54,0.00058,0.05488,0.02745,1.9991,Camping Stove,Camp Chair,Outdoor & Camping,Outdoor & Camping
P087,P089,52,0.00056,0.03927,0.01969,1.99437,Hot Sauce Trio,Dried Mango,Gourmet Grocery,Gourmet Grocery
P089,P087,52,0.00056,0.02849,0.01429,1.99437,Dried Mango,Hot Sauce Trio,Gourmet Grocery,Gourmet Grocery
P082,P083,85,0.00092,0.12859,0.06463,1.98983,Artisan Dark Chocolate,Extra Virgin Olive Oil,Gourmet Grocery,Gourmet Grocery
P083,P082,85,0.00092,0.01419,0.00713,1.98983,Extra Virgin Olive Oil,Artisan Dark Chocolate,Gourmet Grocery,Gourmet Grocery
P074,P075,70,0.00076,0.03906,0.01973,1.98033,Jigsaw Puzzle 1000pc,RC Car,Toys & Games,Toys & Games
P075,P074,70,0.00076,0.03829,0.01934,1.98033,RC Car,Jigsaw Puzzle 1000pc,Toys & Games,Toys & Games
P027,P038,60,0.00065,0.02125,0.01076,1.9756,2-Person Tent,Camp Lantern,Outdoor & Camping,Outdoor & Camping
P038,P027,60,0.00065,0.06018,0.03046,1.9756,Camp Lantern,2-Person Tent,Outdoor & Camping,Outdoor & Camping
P087,P085,37,0.0004,0.02795,0.01415,1.97544,Hot Sauce Trio,Loose Leaf Tea,Gourmet Grocery,Gourmet Grocery
P085,P087,37,0.0004,0.02822,0.01429,1.97544,Loose Leaf Tea,Hot Sauce Trio,Gourmet Grocery,Gourmet Grocery
P072,P077,42,0.00045,0.01283,0.00652,1.96888,Building Blocks 500pc,Science Kit,Toys & Games,Toys & Games
P077,P072,42,0.00045,0.06954,0.03532,1.96888,Science Kit,Building Blocks 500pc,Toys & Games,Toys & Games
P070,P066,48,0.00052,0.03733,0.01907,1.95757,Face Mask Set,Beard Oil,Beauty & Care,Beauty & Care
P066,P070,48,0.00052,0.02716,0.01388,1.95757,Beard Oil,Face Mask Set,Beauty & Care,Beauty & Care
P060,P059,155,0.00167,0.08822,0.04509,1.95632,Protein Shaker,Gym Bag,Sports & Fitness,Sports & Fitness
P059,P060,155,0.00167,0.03709,0.01896,1.95632,Gym Bag,Protein Shaker,Sports & Fitness,Sports & Fitness
P084,P088,35,0.00038,0.02014,0.01029,1.95624,Trail Mix 1kg,Gourmet Gift Basket,Gourmet Grocery,Gourmet Grocery
P088,P084,35,0.00038,0.03669,0.01875,1.95624,Gourmet Gift Basket,Trail Mix 1kg,Gourmet Grocery,Gourmet Grocery
P060,P058,39,0.00042,0.0222,0.01135,1.95538,Protein Shaker,Kettlebell 12kg,Sports & Fitness,Sports & Fitness
P058,P060,39,0.00042,0.03707,0.01896,1.95538,Kettlebell 12kg,Protein Shaker,Sports & Fitness,Sports & Fitness
P062,P068,314,0.00339,0.06239,0.03193,1.95394,Vitamin C Serum,Bamboo Toothbrush 4-Pack,Beauty & Care,Beauty & Care
P068,P062,314,0.00339,0.10612,0.05431,1.95394,Bamboo Toothbrush 4-Pack,Vitamin C Serum,Beauty & Care,Beauty & Care
P085,P084,48,0.00052,0.03661,0.01875,1.95228,Loose Leaf Tea,Trail Mix 1kg,Gourmet Grocery,Gourmet Grocery
P084,P085,48,0.00052,0.02762,0.01415,1.95228,Trail Mix 1kg,Loose Leaf Tea,Gourmet Grocery,Gourmet Grocery
P030,P031,67,0.00072,0.02473,0.01274,1.94075,Headlamp,Hiking Backpack 40L,Outdoor & Camping,Outdoor & Camping
P031,P030,67,0.00072,0.05673,0.02923,1.94075,Hiking Backpack 40L,Headlamp,Outdoor & Camping,Outdoor & Camping
P034,P029,66,0.00071,0.02059,0.01062,1.93943,Trekking Poles,Camping Stove,Outdoor & Camping,Outdoor & Camping
P029,P034,66,0.00071,0.06707,0.03458,1.93943,Camping Stove,Trekking Poles,Outdoor & Camping,Outdoor & Camping
P032,P028,62,0.00067,0.0595,0.03087,1.92734,Water Filter,Sleeping Bag,Outdoor & Camping,Outdoor & Camping
P028,P032,62,0.00067,0.02167,0.01124,1.92734,Sleeping Bag,Water Filter,Outdoor & Camping,Outdoor & Camping
P032,P027,61,0.00066,0.05854,0.03046,1.92178,Water Filter,2-Person Tent,Outdoor & Camping,Outdoor & Camping
P027,P032,61,0.00066,0.02161,0.01124,1.92178,2-Person Tent,Water Filter,Outdoor & Camping,Outdoor & Camping
P062,P071,183,0.00197,0.03636,0.01897,1.91672,Vitamin C Serum,Perfume 50ml,Beauty & Care,Beauty & Care
P071,P062,183,0.00197,0.1041,0.05431,1.91672,Perfume 50ml,Vitamin C Serum,Beauty & Care,Beauty & Care
P030,P028,160,0.00173,0.05906,0.03087,1.91314,Headlamp,Sleeping Bag,Outdoor & Camping,Outdoor & Camping
P028,P030,160,0.00173,0.05592,0.02923,1.91314,Sleeping Bag,Headlamp,Outdoor & Camping,Outdoor & Camping
P086,P083,179,0.00193,0.12345,0.06463,1.91022,Raw Honey,Extra Virgin Olive Oil,Gourmet Grocery,Gourmet Grocery
P083,P086,179,0.00193,0.02989,0.01565,1.91022,Extra Virgin Olive Oil,Raw Honey,Gourmet Grocery,Gourmet Grocery
P036,P032,33,0.00036,0.02147,0.01124,1.90953,Insect Repellent,Water Filter,Outdoor & Camping,Outdoor & Camping
P032,P036,33,0.00036,0.03167,0.01659,1.90953,Water Filter,Insect Repellent,Outdoor & Camping,Outdoor & Camping
P068,P067,124,0.00134,0.04191,0.02196,1.90838,Bamboo Toothbrush 4-Pack,Lip Balm 4-Pack,Beauty & Care,Beauty & Care
P067,P068,124,0.00134,0.06093,0.03193,1.90838,Lip Balm 4-Pack,Bamboo Toothbrush 4-Pack,Beauty & Care,Beauty & Care
P076,P077,58,0.00063,0.01234,0.00652,1.89342,Plush Bear,Science Kit,Toys & Games,Toys & Games
P077,P076,58,0.00063,0.09603,0.05072,1.89342,Science Kit,Plush Bear,Toys & Games,Toys & Games
P018,P019,40,0.00043,0.02805,0.01483,1.89194,Non-Stick Pan Set,Cutting Board,Home & Kitchen,Home & Kitchen
P019,P018,40,0.00043,0.02911,0.01539,1.89194,Cutting Board,Non-Stick Pan Set,Home & Kitchen,Home & Kitchen
P057,P056,48,0.00052,0.03237,0.01712,1.89006,Fitness Tracker,Jump Rope,Sports & Fitness,Sports & Fitness
P056,P057,48,0.00052,0.03025,0.016,1.89006,Jump Rope,Fitness Tracker,Sports & Fitness,Sports & Fitness
P036,P031,37,0.0004,0.02407,0.01274,1.889,Insect Repellent,Hiking Backpack 40L,Outdoor & Camping,Outdoor & Camping
P031,P036,37,0.0004,0.03133,0.01659,1.889,Hiking Backpack 40L,Insect Repellent,Outdoor & Camping,Outdoor & Camping
P031,P034,77,0.00083,0.0652,0.03458,1.88524,Hiking Backpack 40L,Trekking Poles,Outdoor & Camping,Outdoor & Camping
P034,P031,77,0.00083,0.02402,0.01274,1.88524,Trekking Poles,Hiking Backpack 40L,Outdoor & Camping,Outdoor & Camping
P069,P062,133,0.00144,0.10215,0.05431,1.88091,Body Wash,Vitamin C Serum,Beauty & Care,Beauty & Care
P062,P069,133,0.00144,0.02643,0.01405,1.88091,Vitamin C Serum,Body Wash,Beauty & Care,Beauty & Care
P071,P066,63,0.00068,0.03584,0.01907,1.87948,Perfume 50ml,Beard Oil,Beauty & Care,Beauty & Care
P066,P071,63,0.00068,0.03565,0.01897,1.87948,Beard Oil,Perfume 50ml,Beauty & Care,Beauty & Care
P027,P030,155,0.00167,0.05491,0.02923,1.8783,2-Person Tent,Headlamp,Outdoor & Camping,Outdoor & Camping
P030,P027,155,0.00167,0.05722,0.03046,1.8783,Headlamp,2-Person Tent,Outdoor & Camping,Outdoor & Camping
P070,P067,53,0.00057,0.04121,0.02196,1.87682,Face Mask Set,Lip Balm 4-Pack,Beauty & Care,Beauty & Care
P067,P070,53,0.00057,0.02604,0.01388,1.87682,Lip Balm 4-Pack,Face Mask Set,Beauty & Care,Beauty & Care
P069,P068,78,0.00084,0.05991,0.03193,1.87626,Body Wash,Bamboo Toothbrush 4-Pack,Beauty & Care,Beauty & Care
P068,P069,78,0.00084,0.02636,0.01405,1.87626,Bamboo Toothbrush 4-Pack,Body Wash,Beauty & Care,Beauty & Care
P030,P036,84,0.00091,0.03101,0.01659,1.8696,Headlamp,Insect Repellent,Outdoor & Camping,Outdoor & Camping
P036,P030,84,0.00091,0.05465,0.02923,1.8696,Insect Repellent,Headlamp,Outdoor & Camping,Outdoor & Camping
P057,P059,125,0.00135,0.08429,0.04509,1.86917,Fitness Tracker,Gym Bag,Sports & Fitness,Sports & Fitness
P059,P057,125,0.00135,0.02991,0.016,1.86917,Gym Bag,Fitness Tracker,Sports & Fitness,Sports & Fitness
P037,P029,57,0.00062,0.01983,0.01062,1.86787,Sleeping Pad,Camping Stove,Outdoor & Camping,Outdoor & Camping
P029,P037,57,0.00062,0.05793,0.03101,1.86787,Camping Stove,Sleeping Pad,Outdoor & Camping,Outdoor & Camping
P037,P036,89,0.00096,0.03097,0.01659,1.86716,Sleeping Pad,Insect Repellent,Outdoor & Camping,Outdoor & Camping
P036,P037,89,0.00096,0.05791,0.03101,1.86716,Insect Repellent,Sleeping Pad,Outdoor & Camping,Outdoor & Camping
P067,P071,72,0.00078,0.03538,0.01897,1.8651,Lip Balm 4-Pack,Perfume 50ml,Beauty & Care,Beauty & Care
P071,P067,72,0.00078,0.04096,0.02196,1.8651,Perfume 50ml,Lip Balm 4-Pack,Beauty & Care,Beauty & Care
P033,P028,146,0.00158,0.05739,0.03087,1.85896,Camp Chair,Sleeping Bag,Outdoor & Camping,Outdoor & Camping
P028,P033,146,0.00158,0.05103,0.02745,1.85896,Sleeping Bag,Camp Chair,Outdoor & Camping,Outdoor & Camping
P058,P054,36,0.00039,0.03422,0.01842,1.85783,Kettlebell 12kg,Insulated Water Bottle,Sports & Fitness,Sports & Fitness
P054,P058,36,0.00039,0.02109,0.01135,1.85783,Insulated Water Bottle,Kettlebell 12kg,Sports & Fitness,Sports & Fitness
P054,P056,54,0.00058,0.03163,0.01712,1.8473,Insulated Water Bottle,Jump Rope,Sports & Fitness,Sports & Fitness
P056,P054,54,0.00058,0.03403,0.01842,1.8473,Jump Rope,Insulated Water Bottle,Sports & Fitness,Sports & Fitness
P055,P054,117,0.00126,0.03394,0.01842,1.84274,Foam Roller,Insulated Water Bottle,Sports & Fitness,Sports & Fitness
P054,P055,117,0.00126,0.06854,0.0372,1.84274,Insulated Water Bottle,Foam Roller,Sports & Fitness,Sports & Fitness
P027,P037,161,0.00174,0.05703,0.03101,1.839,2-Person Tent,Sleeping Pad,Outdoor & Camping,Outdoor & Camping
P037,P027,161,0.00174,0.05602,0.03046,1.839,Sleeping Pad,2-Person Tent,Outdoor & Camping,Outdoor & Camping
P061,P059,143,0.00154,0.08275,0.04509,1.83516,Yoga Block Set,Gym Bag,Sports & Fitness,Sports & Fitness
P059,P061,143,0.00154,0.03422,0.01865,1.83516,Gym Bag,Yoga Block Set,Sports & Fitness,Sports & Fitness
P030,P037,154,0.00166,0.05685,0.03101,1.83307,Headlamp,Sleeping Pad,Outdoor & Camping,Outdoor & Camping
P037,P030,154,0.00166,0.05358,0.02923,1.83307,Sleeping Pad,Headlamp,Outdoor & Camping,Outdoor & Camping
P055,P057,101,0.00109,0.0293,0.016,1.83102,Foam Roller,Fitness Tracker,Sports & Fitness,Sports & Fitness
P057,P055,101,0.00109,0.06811,0.0372,1.83102,Fitness Tracker,Foam Roller,Sports & Fitness,Sports & Fitness
P037,P031,67,0.00072,0.02331,0.01274,1.82933,Sleeping Pad,Hiking Backpack 40L,Outdoor & Camping,Outdoor & Camping
P031,P037,67,0.00072,0.05673,0.03101,1.82933,Hiking Backpack 40L,Sleeping Pad,Outdoor & Camping,Outdoor & Camping
P062,P064,164,0.00177,0.03258,0.01783,1.82793,Vitamin C Serum,Mineral Sunscreen,Beauty & Care,Beauty & Care
P064,P062,164,0.00177,0.09927,0.05431,1.82793,Mineral Sunscreen,Vitamin C Serum,Beauty & Care,Beauty & Care
P086,P089,52,0.00056,0.03586,0.01969,1.82107,Raw Honey,Dried Mango,Gourmet Grocery,Gourmet Grocery
P089,P086,52,0.00056,0.02849,0.01565,1.82107,Dried Mango,Raw Honey,Gourmet Grocery,Gourmet Grocery
P062,P063,91,0.00098,0.01808,0.00997,1.81341,Vitamin C Serum,Daily Moisturizer,Beauty & Care,Beauty & Care
P063,P062,91,0.00098,0.09848,0.05431,1.81341,Daily Moisturizer,Vitamin C Serum,Beauty & Care,Beauty & Care
P066,P062,174,0.00188,0.09847,0.05431,1.81317,Beard Oil,Vitamin C Serum,Beauty & Care,Beauty & Care
P062,P066,174,0.00188,0.03457,0.01907,1.81317,Vitamin C Serum,Beard Oil,Beauty & Care,Beauty & Care
P089,P084,62,0.00067,0.03397,0.01875,1.81147,Dried Mango,Trail Mix 1kg,Gourmet Grocery,Gourmet Grocery
P084,P089,62,0.00067,0.03567,0.01969,1.81147,Trail Mix 1kg,Dried Mango,Gourmet Grocery,Gourmet Grocery
P037,P038,56,0.0006,0.01949,0.01076,1.81117,Sleeping Pad,Camp Lantern,Outdoor & Camping,Outdoor & Camping
P038,P037,56,0.0006,0.05617,0.03101,1.81117,Camp Lantern,Sleeping Pad,Outdoor & Camping,Outdoor & Camping
P089,P088,34,0.00037,0.01863,0.01029,1.80976,Dried Mango,Gourmet Gift Basket,Gourmet Grocery,Gourmet Grocery
P088,P089,34,0.00037,0.03564,0.01969,1.80976,Gourmet Gift Basket,Dried Mango,Gourmet Grocery,Gourmet Grocery
P069,P064,42,0.00045,0.03226,0.01783,1.8096,Body Wash,Mineral Sunscreen,Beauty & Care,Beauty & Care
P064,P069,42,0.00045,0.02542,0.01405,1.8096,Mineral Sunscreen,Body Wash,Beauty & Care,Beauty & Care
P088,P086,27,0.00029,0.0283,0.01565,1.80884,Gourmet Gift Basket,Raw Honey,Gourmet Grocery,Gourmet Grocery
P086,P088,27,0.00029,0.01862,0.01029,1.80884,Raw Honey,Gourmet Gift Basket,Gourmet Grocery,Gourmet Grocery
P006,P011,38,0.00041,0.0258,0.01427,1.80843,Power Bank 20K,E-Reader,Electronics,Electronics
P011,P006,38,0.00041,0.02874,0.01589,1.80843,E-Reader,Power Bank 20K,Electronics,Electronics
P033,P030,134,0.00145,0.05267,0.02923,1.80191,Camp Chair,Headlamp,Outdoor & Camping,Outdoor & Camping
P030,P033,134,0.00145,0.04946,0.02745,1.80191,Headlamp,Camp Chair,Outdoor & Camping,Outdoor & Camping
P086,P084,49,0.00053,0.03379,0.01875,1.8019,Raw Honey,Trail Mix 1kg,Gourmet Grocery,Gourmet Grocery
P084,P086,49,0.00053,0.02819,0.01565,1.8019,Trail Mix 1kg,Raw Honey,Gourmet Grocery,Gourmet Grocery
P060,P061,59,0.00064,0.03358,0.01865,1.8009,Protein Shaker,Yoga Block Set,Sports & Fitness,Sports & Fitness
P061,P060,59,0.00064,0.03414,0.01896,1.8009,Yoga Block Set,Protein Shaker,Sports & Fitness,Sports & Fitness
P035,P033,59,0.00064,0.04941,0.02745,1.80005,Cooler 30L,Camp Chair,Outdoor & Camping,Outdoor & Camping
P033,P035,59,0.00064,0.02319,0.01288,1.80005,Camp Chair,Cooler 30L,Outdoor & Camping,Outdoor & Camping
P037,P033,142,0.00153,0.04941,0.02745,1.79986,Sleeping Pad,Camp Chair,Outdoor & Camping,Outdoor & Camping
P033,P037,142,0.00153,0.05582,0.03101,1.79986,Camp Chair,Sleeping Pad,Outdoor & Camping,Outdoor & Camping
P051,P055,35,0.00038,0.06692,0.0372,1.7992,Yoga Mat,Foam Roller,Sports & Fitness,Sports & Fitness
P055,P051,35,0.00038,0.01015,0.00564,1.7992,Foam Roller,Yoga Mat,Sports & Fitness,Sports & Fitness
P062,P065,75,0.00081,0.0149,0.0083,1.79581,Vitamin C Serum,Shampoo Bar,Beauty & Care,Beauty & Care
P065,P062,75,0.00081,0.09753,0.05431,1.79581,Shampoo Bar,Vitamin C Serum,Beauty & Care,Beauty & Care
P060,P056,54,0.00058,0.03073,0.01712,1.79473,Protein Shaker,Jump Rope,Sports & Fitness,Sports & Fitness
P056,P060,54,0.00058,0.03403,0.01896,1.79473,Jump Rope,Protein Shaker,Sports & Fitness,Sports & Fitness
P035,P028,66,0.00071,0.05528,0.03087,1.7905,Cooler 30L,Sleeping Bag,Outdoor & Camping,Outdoor & Camping
P028,P035,66,0.00071,0.02307,0.01288,1.7905,Sleeping Bag,Cooler 30L,Outdoor & Camping,Outdoor & Camping
P038,P030,52,0.00056,0.05216,0.02923,1.78424,Camp Lantern,Headlamp,Outdoor & Camping,Outdoor & Camping
P030,P038,52,0.00056,0.0192,0.01076,1.78424,Headlamp,Camp Lantern,Outdoor & Camping,Outdoor & Camping
P055,P052,251,0.00271,0.07282,0.04085,1.7824,Foam Roller,Adjustable Dumbbells,Sports & Fitness,Sports & Fitness
P052,P055,251,0.00271,0.0663,0.0372,1.7824,Adjustable Dumbbells,Foam Roller,Sports & Fitness,Sports & Fitness
P069,P071,44,0.00047,0.03379,0.01897,1.78146,Body Wash,Perfume 50ml,Beauty & Care,Beauty & Care
P071,P069,44,0.00047,0.02503,0.01405,1.78146,Perfume 50ml,Body Wash,Beauty & Care,Beauty & Care
P062,P070,124,0.00134,0.02464,0.01388,1.77544,Vitamin C Serum,Face Mask Set,Beauty & Care,Beauty & Care
P070,P062,124,0.00134,0.09642,0.05431,1.77544,Face Mask Set,Vitamin C Serum,Beauty & Care,Beauty & Care
P035,P031,27,0.00029,0.02261,0.01274,1.77445,Cooler 30L,Hiking Backpack 40L,Outdoor & Camping,Outdoor & Camping
P031,P035,27,0.00029,0.02286,0.01288,1.77445,Hiking Backpack 40L,Cooler 30L,Outdoor & Camping,Outdoor & Camping
P063,P067,36,0.00039,0.03896,0.02196,1.77427,Daily Moisturizer,Lip Balm 4-Pack,Beauty & Care,Beauty & Care
P067,P063,36,0.00039,0.01769,0.00997,1.77427,Lip Balm 4-Pack,Daily Moisturizer,Beauty & Care,Beauty & Care
P068,P066,100,0.00108,0.0338,0.01907,1.77244,Bamboo Toothbrush 4-Pack,Beard Oil,Beauty & Care,Beauty & Care
P066,P068,100,0.00108,0.05659,0.03193,1.77244,Beard Oil,Bamboo Toothbrush 4-Pack,Beauty & Care,Beauty & Care
P053,P052,114,0.00123,0.07206,0.04085,1.76389,Resistance Bands,Adjustable Dumbbells,Sports & Fitness,Sports & Fitness
P052,P053,114,0.00123,0.03011,0.01707,1.76389,Adjustable Dumbbells,Resistance Bands,Sports & Fitness,Sports & Fitness
P071,P070,43,0.00046,0.02446,0.01388,1.76263,Perfume 50ml,Face Mask Set,Beauty & Care,Beauty & Care
P070,P071,43,0.00046,0.03344,0.01897,1.76263,Face Mask Set,Perfume 50ml,Beauty & Care,Beauty & Care
P034,P037,175,0.00189,0.0546,0.03101,1.76066,Trekking Poles,Sleeping Pad,Outdoor & Camping,Outdoor & Camping
P037,P034,175,0.00189,0.06089,0.03458,1.76066,Sleeping Pad,Trekking Poles,Outdoor & Camping,Outdoor & Camping
P056,P059,126,0.00136,0.0794,0.04509,1.76066,Jump Rope,Gym Bag,Sports & Fitness,Sports & Fitness
P059,P056,126,0.00136,0.03015,0.01712,1.76066,Gym Bag,Jump Rope,Sports & Fitness,Sports & Fitness
P061,P052,124,0.00134,0.07176,0.04085,1.75651,Yoga Block Set,Adjustable Dumbbells,Sports & Fitness,Sports & Fitness
P052,P061,124,0.00134,0.03275,0.01865,1.75651,Adjustable Dumbbells,Yoga Block Set,Sports & Fitness,Sports & Fitness
P053,P054,51,0.00055,0.03224,0.01842,1.75018,Resistance Bands,Insulated Water Bottle,Sports & Fitness,Sports & Fitness
P054,P053,51,0.00055,0.02988,0.01707,1.75018,Insulated Water Bottle,Resistance Bands,Sports & Fitness,Sports & Fitness
P080,P078,31,0.00033,0.03677,0.02102,1.74944,Art Supplies Kit,Card Game,Toys & Games,Toys & Games
P078,P080,31,0.00033,0.01591,0.0091,1.74944,Card Game,Art Supplies Kit,Toys & Games,Toys & Games
P030,P034,163,0.00176,0.06017,0.03458,1.73982,Headlamp,Trekking Poles,Outdoor & Camping,Outdoor & Camping
P034,P030,163,0.00176,0.05086,0.02923,1.73982,Trekking Poles,Headlamp,Outdoor & Camping,Outdoor & Camping
P027,P034,169,0.00182,0.05987,0.03458,1.73102,2-Person Tent,Trekking Poles,Outdoor & Camping,Outdoor & Camping
P034,P027,169,0.00182,0.05273,0.03046,1.73102,Trekking Poles,2-Person Tent,Outdoor & Camping,Outdoor & Camping
P060,P055,113,0.00122,0.06431,0.0372,1.72909,Protein Shaker,Foam Roller,Sports & Fitness,Sports & Fitness
P055,P060,113,0.00122,0.03278,0.01896,1.72909,Foam Roller,Protein Shaker,Sports & Fitness,Sports & Fitness
P034,P028,170,0.00183,0.05304,0.03087,1.71813,Trekking Poles,Sleeping Bag,Outdoor & Camping,Outdoor & Camping
P028,P034,170,0.00183,0.05942,0.03458,1.71813,Sleeping Bag,Trekking Poles,Outdoor & Camping,Outdoor & Camping
P035,P036,34,0.00037,0.02848,0.01659,1.71694,Cooler 30L,Insect Repellent,Outdoor & Camping,Outdoor & Camping
P036,P035,34,0.00037,0.02212,0.01288,1.71694,Insect Repellent,Cooler 30L,Outdoor & Camping,Outdoor & Camping
P033,P027,133,0.00144,0.05228,0.03046,1.71624,Camp Chair,2-Person Tent,Outdoor & Camping,Outdoor & Camping
P027,P033,133,0.00144,0.04711,0.02745,1.71624,2-Person Tent,Camp Chair,Outdoor & Camping,Outdoor & Camping
P055,P058,67,0.00072,0.01944,0.01135,1.71227,Foam Roller,Kettlebell 12kg,Sports & Fitness,Sports & Fitness
P058,P055,67,0.00072,0.06369,0.0372,1.71227,Kettlebell 12kg,Foam Roller,Sports & Fitness,Sports & Fitness
P052,P056,111,0.0012,0.02932,0.01712,1.71206,Adjustable Dumbbells,Jump Rope,Sports & Fitness,Sports & Fitness
P056,P052,111,0.0012,0.06994,0.04085,1.71206,Jump Rope,Adjustable Dumbbells,Sports & Fitness,Sports & Fitness
P063,P071,30,0.00032,0.03247,0.01897,1.71153,Daily Moisturizer,Perfume 50ml,Beauty & Care,Beauty & Care
P071,P063,30,0.00032,0.01706,0.00997,1.71153,Perfume 50ml,Daily Moisturizer,Beauty & Care,Beauty & Care
P065,P068,42,0.00045,0.05462,0.03193,1.71053,Shampoo Bar,Bamboo Toothbrush 4-Pack,Beauty & Care,Beauty & Care
P068,P065,42,0.00045,0.01419,0.0083,1.71053,Bamboo Toothbrush 4-Pack,Shampoo Bar,Beauty & Care,Beauty & Care
P043,P045,38,0.00041,0.01951,0.01141,1.7103,Trail Running Shoes,Denim Jacket,Apparel,Apparel
P045,P043,38,0.00041,0.03595,0.02102,1.7103,Denim Jacket,Trail Running Shoes,Apparel,Apparel
P057,P060,48,0.00052,0.03237,0.01896,1.70719,Fitness Tracker,Protein Shaker,Sports & Fitness,Sports & Fitness
P060,P057,48,0.00052,0.02732,0.016,1.70719,Protein Shaker,Fitness Tracker,Sports & Fitness,Sports & Fitness
P030,P032,52,0.00056,0.0192,0.01124,1.70718,Headlamp,Water Filter,Outdoor & Camping,Outdoor & Camping
P032,P030,52,0.00056,0.0499,0.02923,1.70718,Water Filter,Headlamp,Outdoor & Camping,Outdoor & Camping
P008,P006,73,0.00079,0.02711,0.01589,1.70544,Noise-Cancelling Headphones,Power Bank 20K,Electronics,Electronics
P006,P008,73,0.00079,0.04956,0.02906,1.70544,Power Bank 20K,Noise-Cancelling Headphones,Electronics,Electronics
P055,P059,265,0.00286,0.07688,0.04509,1.70485,Foam Roller,Gym Bag,Sports & Fitness,Sports & Fitness
P059,P055,265,0.00286,0.06341,0.0372,1.70485,Gym Bag,Foam Roller,Sports & Fitness,Sports & Fitness
P034,P032,61,0.00066,0.01903,0.01124,1.69273,Trekking Poles,Water Filter,Outdoor & Camping,Outdoor & Camping
P032,P034,61,0.00066,0.05854,0.03458,1.69273,Water Filter,Trekking Poles,Outdoor & Camping,Outdoor & Camping
P035,P030,59,0.00064,0.04941,0.02923,1.69041,Cooler 30L,Headlamp,Outdoor & Camping,Outdoor & Camping
P030,P035,59,0.00064,0.02178,0.01288,1.69041,Headlamp,Cooler 30L,Outdoor & Camping,Outdoor & Camping
P053,P059,120,0.00129,0.07585,0.04509,1.68211,Resistance Bands,Gym Bag,Sports & Fitness,Sports & Fitness
P059,P053,120,0.00129,0.02872,0.01707,1.68211,Gym Bag,Resistance Bands,Sports & Fitness,Sports & Fitness
P038,P033,46,0.0005,0.04614,0.02745,1.68073,Camp Lantern,Camp Chair,Outdoor & Camping,Outdoor & Camping
P033,P038,46,0.0005,0.01808,0.01076,1.68073,Camp Chair,Camp Lantern,Outdoor & Camping,Outdoor & Camping
P034,P036,89,0.00096,0.02777,0.01659,1.67433,Trekking Poles,Insect Repellent,Outdoor & Camping,Outdoor & Camping
P036,P034,89,0.00096,0.05791,0.03458,1.67433,Insect Repellent,Trekking Poles,Outdoor & Camping,Outdoor & Camping
P019,P014,64,0.00069,0.04658,0.02792,1.66859,Cutting Board,Chef Knife Set,Home & Kitchen,Home & Kitchen
P014,P019,64,0.00069,0.02474,0.01483,1.66859,Chef Knife Set,Cutting Board,Home & Kitchen,Home & Kitchen
P057,P058,28,0.0003,0.01888,0.01135,1.66324,Fitness Tracker,Kettlebell 12kg,Sports & Fitness,Sports & Fitness
P058,P057,28,0.0003,0.02662,0.016,1.66324,Kettlebell 12kg,Fitness Tracker,Sports & Fitness,Sports & Fitness
P044,P045,63,0.00068,0.01892,0.01141,1.65922,Wool Socks 3-Pack,Denim Jacket,Apparel,Apparel
P045,P044,63,0.00068,0.0596,0.03592,1.65922,Denim Jacket,Wool Socks 3-Pack,Apparel,Apparel
P014,P018,66,0.00071,0.02551,0.01539,1.65799,Chef Knife Set,Non-Stick Pan Set,Home & Kitchen,Home & Kitchen
P018,P014,66,0.00071,0.04628,0.02792,1.65799,Non-Stick Pan Set,Chef Knife Set,Home & Kitchen,Home & Kitchen
P019,P025,47,0.00051,0.03421,0.02071,1.65192,Cutting Board,Dinnerware 16pc,Home & Kitchen,Home & Kitchen
P025,P019,47,0.00051,0.02449,0.01483,1.65192,Dinnerware 16pc,Cutting Board,Home & Kitchen,Home & Kitchen
P002,P013,31,0.00033,0.04189,0.02537,1.65132,Bluetooth Speaker,Tablet Sleeve,Electronics,Electronics
P013,P002,31,0.00033,0.01319,0.00799,1.65132,Tablet Sleeve,Bluetooth Speaker,Electronics,Electronics
P058,P059,78,0.00084,0.07414,0.04509,1.64422,Kettlebell 12kg,Gym Bag,Sports & Fitness,Sports & Fitness
P059,P058,78,0.00084,0.01866,0.01135,1.64422,Gym Bag,Kettlebell 12kg,Sports & Fitness,Sports & Fitness
P063,P064,27,0.00029,0.02922,0.01783,1.63921,Daily Moisturizer,Mineral Sunscreen,Beauty & Care,Beauty & Care
P064,P063,27,0.00029,0.01634,0.00997,1.63921,Mineral Sunscreen,Daily Moisturizer,Beauty & Care,Beauty & Care
P030,P029,47,0.00051,0.01735,0.01062,1.63398,Headlamp,Camping Stove,Outdoor & Camping,Outdoor & Camping
P029,P030,47,0.00051,0.04776,0.02923,1.63398,Camping Stove,Headlamp,Outdoor & Camping,Outdoor & Camping
P052,P057,98,0.00106,0.02588,0.016,1.61755,Adjustable Dumbbells,Fitness Tracker,Sports & Fitness,Sports & Fitness
P057,P052,98,0.00106,0.06608,0.04085,1.61755,Fitness Tracker,Adjustable Dumbbells,Sports & Fitness,Sports & Fitness
P060,P052,116,0.00125,0.06602,0.04085,1.61607,Protein Shaker,Adjustable Dumbbells,Sports & Fitness,Sports & Fitness
P052,P060,116,0.00125,0.03064,0.01896,1.61607,Adjustable Dumbbells,Protein Shaker,Sports & Fitness,Sports & Fitness
P019,P024,37,0.0004,0.02693,0.01677,1.6059,Cutting Board,Electric Kettle,Home & Kitchen,Home & Kitchen
P024,P019,37,0.0004,0.02381,0.01483,1.6059,Electric Kettle,Cutting Board,Home & Kitchen,Home & Kitchen
P067,P066,62,0.00067,0.03047,0.01907,1.59788,Lip Balm 4-Pack,Beard Oil,Beauty & Care,Beauty & Care
P066,P067,62,0.00067,0.03509,0.02196,1.59788,Beard Oil,Lip Balm 4-Pack,Beauty & Care,Beauty & Care
P018,P017,73,0.00079,0.05119,0.03218,1.59092,Non-Stick Pan Set,French Press,Home & Kitchen,Home & Kitchen
P017,P018,73,0.00079,0.02448,0.01539,1.59092,French Press,Non-Stick Pan Set,Home & Kitchen,Home & Kitchen
P010,P003,104,0.00112,0.03969,0.02498,1.58904,Action Camera,Smartwatch,Electronics,Electronics
P003,P010,104,0.00112,0.04492,0.02827,1.58904,Smartwatch,Action Camera,Electronics,Electronics
P046,P043,120,0.00129,0.03339,0.02102,1.58843,Organic Cotton Tee,Trail Running Shoes,Apparel,Apparel
P043,P046,120,0.00129,0.0616,0.03878,1.58843,Trail Running Shoes,Organic Cotton Tee,Apparel,Apparel
P054,P059,122,0.00132,0.07147,0.04509,1.58492,Insulated Water Bottle,Gym Bag,Sports & Fitness,Sports & Fitness
P059,P054,122,0.00132,0.02919,0.01842,1.58492,Gym Bag,Insulated Water Bottle,Sports & Fitness,Sports & Fitness
P067,P062,175,0.00189,0.086,0.05431,1.58343,Lip Balm 4-Pack,Vitamin C Serum,Beauty & Care,Beauty & Care
P062,P067,175,0.00189,0.03477,0.02196,1.58343,Vitamin C Serum,Lip Balm 4-Pack,Beauty & Care,Beauty & Care
P008,P009,139,0.0015,0.05162,0.03262,1.58232,Noise-Cancelling Headphones,Smart Plug 2-Pack,Electronics,Electronics
P009,P008,139,0.0015,0.04598,0.02906,1.58232,Smart Plug 2-Pack,Noise-Cancelling Headphones,Electronics,Electronics
P053,P055,93,0.001,0.05879,0.0372,1.58048,Resistance Bands,Foam Roller,Sports & Fitness,Sports & Fitness
P055,P053,93,0.001,0.02698,0.01707,1.58048,Foam Roller,Resistance Bands,Sports & Fitness,Sports & Fitness
P014,P026,120,0.00129,0.04639,0.02945,1.5752,Chef Knife Set,Scented Candle,Home & Kitchen,Home & Kitchen
P026,P014,120,0.00129,0.04397,0.02792,1.5752,Scented Candle,Chef Knife Set,Home & Kitchen,Home & Kitchen
P040,P049,106,0.00114,0.03586,0.0229,1.56606,Fleece Pullover,Sun Hat,Apparel,Apparel
P049,P040,106,0.00114,0.04995,0.0319,1.56606,Sun Hat,Fleece Pullover,Apparel,Apparel
P016,P019,58,0.00063,0.02314,0.01483,1.56104,Burr Coffee Grinder,Cutting Board,Home & Kitchen,Home & Kitchen
P019,P016,58,0.00063,0.04221,0.02704,1.56104,Cutting Board,Burr Coffee Grinder,Home & Kitchen,Home & Kitchen
P055,P056,92,0.00099,0.02669,0.01712,1.55856,Foam Roller,Jump Rope,Sports & Fitness,Sports & Fitness
P056,P055,92,0.00099,0.05797,0.0372,1.55856,Jump Rope,Foam Roller,Sports & Fitness,Sports & Fitness
P039,P044,159,0.00172,0.05599,0.03592,1.55854,Rain Jacket,Wool Socks 3-Pack,Apparel,Apparel
P044,P039,159,0.00172,0.04776,0.03065,1.55854,Wool Socks 3-Pack,Rain Jacket,Apparel,Apparel
P023,P026,167,0.0018,0.04584,0.02945,1.55671,Glass Storage Set,Scented Candle,Home & Kitchen,Home & Kitchen
P026,P023,167,0.0018,0.06119,0.03931,1.55671,Scented Candle,Glass Storage Set,Home & Kitchen,Home & Kitchen
P026,P020,131,0.00141,0.048,0.03084,1.55653,Scented Candle,Stand Mixer,Home & Kitchen,Home & Kitchen
P020,P026,131,0.00141,0.04584,0.02945,1.55653,Stand Mixer,Scented Candle,Home & Kitchen,Home & Kitchen
P014,P020,124,0.00134,0.04793,0.03084,1.55423,Chef Knife Set,Stand Mixer,Home & Kitchen,Home & Kitchen
P020,P014,124,0.00134,0.04339,0.02792,1.55423,Stand Mixer,Chef Knife Set,Home & Kitchen,Home & Kitchen
P015,P081,95,0.00103,0.05146,0.03312,1.55399,Cast Iron Skillet,Single-Origin Coffee Beans,Home & Kitchen,Gourmet Grocery
P081,P015,95,0.00103,0.03095,0.01992,1.55399,Single-Origin Coffee Beans,Cast Iron Skillet,Gourmet Grocery,Home & Kitchen
P048,P044,192,0.00207,0.0558,0.03592,1.5533,Down Vest,Wool Socks 3-Pack,Apparel,Apparel
P044,P048,192,0.00207,0.05767,0.03713,1.5533,Wool Socks 3-Pack,Down Vest,Apparel,Apparel
P003,P007,55,0.00059,0.02376,0.0153,1.5527,Smartwatch,10in Tablet,Electronics,Electronics
P007,P003,55,0.00059,0.03879,0.02498,1.5527,10in Tablet,Smartwatch,Electronics,Electronics
P071,P068,87,0.00094,0.04949,0.03193,1.54992,Perfume 50ml,Bamboo Toothbrush 4-Pack,Beauty & Care,Beauty & Care
P068,P071,87,0.00094,0.0294,0.01897,1.54992,Bamboo Toothbrush 4-Pack,Perfume 50ml,Beauty & Care,Beauty & Care
P018,P024,37,0.0004,0.02595,0.01677,1.54734,Non-Stick Pan Set,Electric Kettle,Home & Kitchen,Home & Kitchen
P024,P018,37,0.0004,0.02381,0.01539,1.54734,Electric Kettle,Non-Stick Pan Set,Home & Kitchen,Home & Kitchen
P007,P010,62,0.00067,0.04372,0.02827,1.54656,10in Tablet,Action Camera,Electronics,Electronics
P010,P007,62,0.00067,0.02366,0.0153,1.54656,Action Camera,10in Tablet,Electronics,Electronics
P040,P043,96,0.00104,0.03248,0.02102,1.54501,Fleece Pullover,Trail Running Shoes,Apparel,Apparel
P043,P040,96,0.00104,0.04928,0.0319,1.54501,Trail Running Shoes,Fleece Pullover,Apparel,Apparel
P053,P057,39,0.00042,0.02465,0.016,1.54053,Resistance Bands,Fitness Tracker,Sports & Fitness,Sports & Fitness
P057,P053,39,0.00042,0.0263,0.01707,1.54053,Fitness Tracker,Resistance Bands,Sports & Fitness,Sports & Fitness
P061,P054,49,0.00053,0.02836,0.01842,1.53947,Yoga Block Set,Insulated Water Bottle,Sports & Fitness,Sports & Fitness
P054,P061,49,0.00053,0.02871,0.01865,1.53947,Insulated Water Bottle,Yoga Block Set,Sports & Fitness,Sports & Fitness
P050,P041,179,0.00193,0.04504,0.02927,1.53861,Leather Belt,Merino Base Layer,Apparel,Apparel
P041,P050,179,0.00193,0.06598,0.04288,1.53861,Merino Base Layer,Leather Belt,Apparel,Apparel
P006,P005,76,0.00082,0.0516,0.03357,1.53697,Power Bank 20K,USB-C Fast Charger,Electronics,Electronics
P005,P006,76,0.00082,0.02443,0.01589,1.53697,USB-C Fast Charger,Power Bank 20K,Electronics,Electronics
P052,P058,66,0.00071,0.01743,0.01135,1.53568,Adjustable Dumbbells,Kettlebell 12kg,Sports & Fitness,Sports & Fitness
P058,P052,66,0.00071,0.06274,0.04085,1.53568,Kettlebell 12kg,Adjustable Dumbbells,Sports & Fitness,Sports & Fitness
P023,P022,259,0.00279,0.0711,0.04642,1.53152,Glass Storage Set,Linen Towel Set,Home & Kitchen,Home & Kitchen
P022,P023,259,0.00279,0.0602,0.03931,1.53152,Linen Towel Set,Glass Storage Set,Home & Kitchen,Home & Kitchen
P084,P087,38,0.00041,0.02186,0.01429,1.53038,Trail Mix 1kg,Hot Sauce Trio,Gourmet Grocery,Gourmet Grocery
P087,P084,38,0.00041,0.0287,0.01875,1.53038,Hot Sauce Trio,Trail Mix 1kg,Gourmet Grocery,Gourmet Grocery
P061,P058,30,0.00032,0.01736,0.01135,1.52938,Yoga Block Set,Kettlebell 12kg,Sports & Fitness,Sports & Fitness
P058,P061,30,0.00032,0.02852,0.01865,1.52938,Kettlebell 12kg,Yoga Block Set,Sports & Fitness,Sports & Fitness
P081,P018,72,0.00078,0.02346,0.01539,1.52465,Single-Origin Coffee Beans,Non-Stick Pan Set,Gourmet Grocery,Home & Kitchen
P018,P081,72,0.00078,0.05049,0.03312,1.52465,Non-Stick Pan Set,Single-Origin Coffee Beans,Home & Kitchen,Gourmet Grocery
P025,P024,49,0.00053,0.02553,0.01677,1.52273,Dinnerware 16pc,Electric Kettle,Home & Kitchen,Home & Kitchen
P024,P025,49,0.00053,0.03153,0.02071,1.52273,Electric Kettle,Dinnerware 16pc,Home & Kitchen,Home & Kitchen
P014,P024,66,0.00071,0.02551,0.01677,1.52142,Chef Knife Set,Electric Kettle,Home & Kitchen,Home & Kitchen
P024,P014,66,0.00071,0.04247,0.02792,1.52142,Electric Kettle,Chef Knife Set,Home & Kitchen,Home & Kitchen
P061,P057,42,0.00045,0.02431,0.016,1.51886,Yoga Block Set,Fitness Tracker,Sports & Fitness,Sports & Fitness
P057,P061,42,0.00045,0.02832,0.01865,1.51886,Fitness Tracker,Yoga Block Set,Sports & Fitness,Sports & Fitness
P009,P005,154,0.00166,0.05094,0.03357,1.51752,Smart Plug 2-Pack,USB-C Fast Charger,Electronics,Electronics
P005,P009,154,0.00166,0.0495,0.03262,1.51752,USB-C Fast Charger,Smart Plug 2-Pack,Electronics,Electronics
P044,P050,216,0.00233,0.06488,0.04288,1.51309,Wool Socks 3-Pack,Leather Belt,Apparel,Apparel
P050,P044,216,0.00233,0.05435,0.03592,1.51309,Leather Belt,Wool Socks 3-Pack,Apparel,Apparel
P016,P022,176,0.0019,0.07023,0.04642,1.51291,Burr Coffee Grinder,Linen Towel Set,Home & Kitchen,Home & Kitchen
P022,P016,176,0.0019,0.04091,0.02704,1.51291,Linen Towel Set,Burr Coffee Grinder,Home & Kitchen,Home & Kitchen
P061,P055,97,0.00105,0.05613,0.0372,1.50918,Yoga Block Set,Foam Roller,Sports & Fitness,Sports & Fitness
P055,P061,97,0.00105,0.02814,0.01865,1.50918,Foam Roller,Yoga Block Set,Sports & Fitness,Sports & Fitness
P014,P022,181,0.00195,0.06997,0.04642,1.50718,Chef Knife Set,Linen Towel Set,Home & Kitchen,Home & Kitchen
P022,P014,181,0.00195,0.04207,0.02792,1.50718,Linen Towel Set,Chef Knife Set,Home & Kitchen,Home & Kitchen
P046,P041,158,0.0017,0.04396,0.02927,1.5017,Organic Cotton Tee,Merino Base Layer,Apparel,Apparel
P041,P046,158,0.0017,0.05824,0.03878,1.5017,Merino Base Layer,Organic Cotton Tee,Apparel,Apparel
P020,P021,101,0.00109,0.03534,0.02358,1.49886,Stand Mixer,Air Fryer,Home & Kitchen,Home & Kitchen
P021,P020,101,0.00109,0.04622,0.03084,1.49886,Air Fryer,Stand Mixer,Home & Kitchen,Home & Kitchen
P003,P013,88,0.00095,0.03801,0.02537,1.49842,Smartwatch,Tablet Sleeve,Electronics,Electronics
P013,P003,88,0.00095,0.03743,0.02498,1.49842,Tablet Sleeve,Smartwatch,Electronics,Electronics
P044,P041,146,0.00158,0.04386,0.02927,1.49811,Wool Socks 3-Pack,Merino Base Layer,Apparel,Apparel
P041,P044,146,0.00158,0.05381,0.03592,1.49811,Merino Base Layer,Wool Socks 3-Pack,Apparel,Apparel
P003,P006,55,0.00059,0.02376,0.01589,1.49473,Smartwatch,Power Bank 20K,Electronics,Electronics
P006,P003,55,0.00059,0.03734,0.02498,1.49473,Power Bank 20K,Smartwatch,Electronics,Electronics
P015,P025,57,0.00062,0.03088,0.02071,1.49115,Cast Iron Skillet,Dinnerware 16pc,Home & Kitchen,Home & Kitchen
P025,P015,57,0.00062,0.0297,0.01992,1.49115,Dinnerware 16pc,Cast Iron Skillet,Home & Kitchen,Home & Kitchen
P023,P021,128,0.00138,0.03514,0.02358,1.49023,Glass Storage Set,Air Fryer,Home & Kitchen,Home & Kitchen
P021,P023,128,0.00138,0.05858,0.03931,1.49023,Air Fryer,Glass Storage Set,Home & Kitchen,Home & Kitchen
P056,P061,44,0.00047,0.02773,0.01865,1.48691,Jump Rope,Yoga Block Set,Sports & Fitness,Sports & Fitness
P061,P056,44,0.00047,0.02546,0.01712,1.48691,Yoga Block Set,Jump Rope,Sports & Fitness,Sports & Fitness
P070,P064,34,0.00037,0.02644,0.01783,1.48314,Face Mask Set,Mineral Sunscreen,Beauty & Care,Beauty & Care
P064,P070,34,0.00037,0.02058,0.01388,1.48314,Mineral Sunscreen,Face Mask Set,Beauty & Care,Beauty & Care
P019,P023,80,0.00086,0.05822,0.03931,1.48114,Cutting Board,Glass Storage Set,Home & Kitchen,Home & Kitchen
P023,P019,80,0.00086,0.02196,0.01483,1.48114,Glass Storage Set,Cutting Board,Home & Kitchen,Home & Kitchen
P040,P039,134,0.00145,0.04533,0.03065,1.47923,Fleece Pullover,Rain Jacket,Apparel,Apparel
P039,P040,134,0.00145,0.04718,0.0319,1.47923,Rain Jacket,Fleece Pullover,Apparel,Apparel
P012,P008,176,0.0019,0.04294,0.02906,1.47758,Gaming Mouse,Noise-Cancelling Headphones,Electronics,Electronics
P008,P012,176,0.0019,0.06535,0.04423,1.47758,Noise-Cancelling Headphones,Gaming Mouse,Electronics,Electronics
P050,P040,187,0.00202,0.04706,0.0319,1.47524,Leather Belt,Fleece Pullover,Apparel,Apparel
P040,P050,187,0.00202,0.06326,0.04288,1.47524,Fleece Pullover,Leather Belt,Apparel,Apparel
P015,P021,64,0.00069,0.03467,0.02358,1.47045,Cast Iron Skillet,Air Fryer,Home & Kitchen,Home & Kitchen
P021,P015,64,0.00069,0.02929,0.01992,1.47045,Air Fryer,Cast Iron Skillet,Home & Kitchen,Home & Kitchen
P022,P024,106,0.00114,0.02464,0.01677,1.46939,Linen Towel Set,Electric Kettle,Home & Kitchen,Home & Kitchen
P024,P022,106,0.00114,0.06821,0.04642,1.46939,Electric Kettle,Linen Towel Set,Home & Kitchen,Home & Kitchen
P041,P039,122,0.00132,0.04497,0.03065,1.46739,Merino Base Layer,Rain Jacket,Apparel,Apparel
P039,P041,122,0.00132,0.04296,0.02927,1.46739,Rain Jacket,Merino Base Layer,Apparel,Apparel
P023,P017,172,0.00186,0.04721,0.03218,1.46729,Glass Storage Set,French Press,Home & Kitchen,Home & Kitchen
P017,P023,172,0.00186,0.05768,0.03931,1.46729,French Press,Glass Storage Set,Home & Kitchen,Home & Kitchen
P010,P012,170,0.00183,0.06489,0.04423,1.46698,Action Camera,Gaming Mouse,Electronics,Electronics
P012,P010,170,0.00183,0.04147,0.02827,1.46698,Gaming Mouse,Action Camera,Electronics,Electronics
P047,P043,128,0.00138,0.03078,0.02102,1.46415,Chino Pants,Trail Running Shoes,Apparel,Apparel
P043,P047,128,0.00138,0.06571,0.04488,1.46415,Trail Running Shoes,Chino Pants,Apparel,Apparel
P020,P019,62,0.00067,0.02169,0.01483,1.46317,Stand Mixer,Cutting Board,Home & Kitchen,Home & Kitchen
P019,P020,62,0.00067,0.04512,0.03084,1.46317,Cutting Board,Stand Mixer,Home & Kitchen,Home & Kitchen
P012,P013,152,0.00164,0.03708,0.02537,1.46173,Gaming Mouse,Tablet Sleeve,Electronics,Electronics
P013,P012,152,0.00164,0.06465,0.04423,1.46173,Tablet Sleeve,Gaming Mouse,Electronics,Electronics
P064,P067,53,0.00057,0.03208,0.02196,1.46101,Mineral Sunscreen,Lip Balm 4-Pack,Beauty & Care,Beauty & Care
P067,P064,53,0.00057,0.02604,0.01783,1.46101,Lip Balm 4-Pack,Mineral Sunscreen,Beauty & Care,Beauty & Care
P022,P017,202,0.00218,0.04695,0.03218,1.45924,Linen Towel Set,French Press,Home & Kitchen,Home & Kitchen
P017,P022,202,0.00218,0.06774,0.04642,1.45924,French Press,Linen Towel Set,Home & Kitchen,Home & Kitchen
P026,P019,59,0.00064,0.02162,0.01483,1.45819,Scented Candle,Cutting Board,Home & Kitchen,Home & Kitchen
P019,P026,59,0.00064,0.04294,0.02945,1.45819,Cutting Board,Scented Candle,Home & Kitchen,Home & Kitchen
P017,P025,90,0.00097,0.03018,0.02071,1.45752,French Press,Dinnerware 16pc,Home & Kitchen,Home & Kitchen
P025,P017,90,0.00097,0.0469,0.03218,1.45752,Dinnerware 16pc,French Press,Home & Kitchen,Home & Kitchen
P049,P043,65,0.0007,0.03063,0.02102,1.45724,Sun Hat,Trail Running Shoes,Apparel,Apparel
P043,P049,65,0.0007,0.03337,0.0229,1.45724,Trail Running Shoes,Sun Hat,Apparel,Apparel
P041,P047,177,0.00191,0.06524,0.04488,1.45374,Merino Base Layer,Chino Pants,Apparel,Apparel
P047,P041,177,0.00191,0.04256,0.02927,1.45374,Chino Pants,Merino Base Layer,Apparel,Apparel
P048,P045,57,0.00062,0.01656,0.01141,1.45234,Down Vest,Denim Jacket,Apparel,Apparel
P045,P048,57,0.00062,0.05393,0.03713,1.45234,Denim Jacket,Down Vest,Apparel,Apparel
P023,P016,143,0.00154,0.03925,0.02704,1.45161,Glass Storage Set,Burr Coffee Grinder,Home & Kitchen,Home & Kitchen
P016,P023,143,0.00154,0.05706,0.03931,1.45161,Burr Coffee Grinder,Glass Storage Set,Home & Kitchen,Home & Kitchen
P021,P019,47,0.00051,0.02151,0.01483,1.45082,Air Fryer,Cutting Board,Home & Kitchen,Home & Kitchen
P019,P021,47,0.00051,0.03421,0.02358,1.45082,Cutting Board,Air Fryer,Home & Kitchen,Home & Kitchen
P002,P009,35,0.00038,0.0473,0.03262,1.44994,Bluetooth Speaker,Smart Plug 2-Pack,Electronics,Electronics
P009,P002,35,0.00038,0.01158,0.00799,1.44994,Smart Plug 2-Pack,Bluetooth Speaker,Electronics,Electronics
P009,P001,196,0.00211,0.06484,0.04473,1.44959,Smart Plug 2-Pack,Wireless Earbuds,Electronics,Electronics
P001,P009,196,0.00211,0.04729,0.03262,1.44959,Wireless Earbuds,Smart Plug 2-Pack,Electronics,Electronics
P052,P054,101,0.00109,0.02668,0.01842,1.44831,Adjustable Dumbbells,Insulated Water Bottle,Sports & Fitness,Sports & Fitness
P054,P052,101,0.00109,0.05917,0.04085,1.44831,Insulated Water Bottle,Adjustable Dumbbells,Sports & Fitness,Sports & Fitness
P009,P013,111,0.0012,0.03672,0.02537,1.44739,Smart Plug 2-Pack,Tablet Sleeve,Electronics,Electronics
P013,P009,111,0.0012,0.04721,0.03262,1.44739,Tablet Sleeve,Smart Plug 2-Pack,Electronics,Electronics
P022,P015,124,0.00134,0.02882,0.01992,1.44701,Linen Towel Set,Cast Iron Skillet,Home & Kitchen,Home & Kitchen
P015,P022,124,0.00134,0.06717,0.04642,1.44701,Cast Iron Skillet,Linen Towel Set,Home & Kitchen,Home & Kitchen
P048,P049,114,0.00123,0.03313,0.0229,1.44687,Down Vest,Sun Hat,Apparel,Apparel
P049,P048,114,0.00123,0.05372,0.03713,1.44687,Sun Hat,Down Vest,Apparel,Apparel
P046,P048,193,0.00208,0.0537,0.03713,1.44626,Organic Cotton Tee,Down Vest,Apparel,Apparel
P048,P046,193,0.00208,0.05609,0.03878,1.44626,Down Vest,Organic Cotton Tee,Apparel,Apparel
P008,P001,174,0.00188,0.06461,0.04473,1.44458,Noise-Cancelling Headphones,Wireless Earbuds,Electronics,Electronics
P001,P008,174,0.00188,0.04198,0.02906,1.44458,Wireless Earbuds,Noise-Cancelling Headphones,Electronics,Electronics
P009,P003,109,0.00118,0.03606,0.02498,1.44341,Smart Plug 2-Pack,Smartwatch,Electronics,Electronics
P003,P009,109,0.00118,0.04708,0.03262,1.44341,Smartwatch,Smart Plug 2-Pack,Electronics,Electronics
P010,P006,60,0.00065,0.0229,0.01589,1.44079,Action Camera,Power Bank 20K,Electronics,Electronics
P006,P010,60,0.00065,0.04073,0.02827,1.44079,Power Bank 20K,Action Camera,Electronics,Electronics
P004,P006,115,0.00124,0.0229,0.01589,1.44069,Phone Case,Power Bank 20K,Electronics,Electronics
P006,P004,115,0.00124,0.07807,0.05419,1.44069,Power Bank 20K,Phone Case,Electronics,Electronics
P012,P004,319,0.00344,0.07782,0.05419,1.43612,Gaming Mouse,Phone Case,Electronics,Electronics
P004,P012,319,0.00344,0.06352,0.04423,1.43612,Phone Case,Gaming Mouse,Electronics,Electronics
P005,P010,126,0.00136,0.0405,0.02827,1.43259,USB-C Fast Charger,Action Camera,Electronics,Electronics
P010,P005,126,0.00136,0.04809,0.03357,1.43259,Action Camera,USB-C Fast Charger,Electronics,Electronics
P015,P017,85,0.00092,0.04605,0.03218,1.43098,Cast Iron Skillet,French Press,Home & Kitchen,Home & Kitchen
P017,P015,85,0.00092,0.0285,0.01992,1.43098,French Press,Cast Iron Skillet,Home & Kitchen,Home & Kitchen
P063,P068,42,0.00045,0.04545,0.03193,1.42359,Daily Moisturizer,Bamboo Toothbrush 4-Pack,Beauty & Care,Beauty & Care
P068,P063,42,0.00045,0.01419,0.00997,1.42359,Bamboo Toothbrush 4-Pack,Daily Moisturizer,Beauty & Care,Beauty & Care
P017,P026,125,0.00135,0.04192,0.02945,1.42348,French Press,Scented Candle,Home & Kitchen,Home & Kitchen
P026,P017,125,0.00135,0.0458,0.03218,1.42348,Scented Candle,French Press,Home & Kitchen,Home & Kitchen
P026,P016,105,0.00113,0.03848,0.02704,1.42285,Scented Candle,Burr Coffee Grinder,Home & Kitchen,Home & Kitchen
P016,P026,105,0.00113,0.0419,0.02945,1.42285,Burr Coffee Grinder,Scented Candle,Home & Kitchen,Home & Kitchen
P016,P021,84,0.00091,0.03352,0.02358,1.42167,Burr Coffee Grinder,Air Fryer,Home & Kitchen,Home & Kitchen
P021,P016,84,0.00091,0.03844,0.02704,1.42167,Air Fryer,Burr Coffee Grinder,Home & Kitchen,Home & Kitchen
P048,P040,156,0.00168,0.04534,0.0319,1.42131,Down Vest,Fleece Pullover,Apparel,Apparel
P040,P048,156,0.00168,0.05277,0.03713,1.42131,Fleece Pullover,Down Vest,Apparel,Apparel
P039,P047,181,0.00195,0.06373,0.04488,1.42012,Rain Jacket,Chino Pants,Apparel,Apparel
P047,P039,181,0.00195,0.04352,0.03065,1.42012,Chino Pants,Rain Jacket,Apparel,Apparel
P023,P015,103,0.00111,0.02827,0.01992,1.41938,Glass Storage Set,Cast Iron Skillet,Home & Kitchen,Home & Kitchen
P015,P023,103,0.00111,0.0558,0.03931,1.41938,Cast Iron Skillet,Glass Storage Set,Home & Kitchen,Home & Kitchen
P015,P026,77,0.00083,0.04171,0.02945,1.41647,Cast Iron Skillet,Scented Candle,Home & Kitchen,Home & Kitchen
P026,P015,77,0.00083,0.02822,0.01992,1.41647,Scented Candle,Cast Iron Skillet,Home & Kitchen,Home & Kitchen
P014,P016,99,0.00107,0.03827,0.02704,1.41518,Chef Knife Set,Burr Coffee Grinder,Home & Kitchen,Home & Kitchen
P016,P014,99,0.00107,0.03951,0.02792,1.41518,Burr Coffee Grinder,Chef Knife Set,Home & Kitchen,Home & Kitchen
P041,P048,142,0.00153,0.05234,0.03713,1.40964,Merino Base Layer,Down Vest,Apparel,Apparel
P048,P041,142,0.00153,0.04127,0.02927,1.40964,Down Vest,Merino Base Layer,Apparel,Apparel
P002,P003,26,0.00028,0.03514,0.02498,1.40651,Bluetooth Speaker,Smartwatch,Electronics,Electronics
P003,P002,26,0.00028,0.01123,0.00799,1.40651,Smartwatch,Bluetooth Speaker,Electronics,Electronics
P015,P020,80,0.00086,0.04334,0.03084,1.40524,Cast Iron Skillet,Stand Mixer,Home & Kitchen,Home & Kitchen
P020,P015,80,0.00086,0.02799,0.01992,1.40524,Stand Mixer,Cast Iron Skillet,Home & Kitchen,Home & Kitchen
P013,P004,179,0.00193,0.07614,0.05419,1.405,Tablet Sleeve,Phone Case,Electronics,Electronics
P004,P013,179,0.00193,0.03564,0.02537,1.405,Phone Case,Tablet Sleeve,Electronics,Electronics
P001,P011,83,0.0009,0.02002,0.01427,1.4037,Wireless Earbuds,E-Reader,Electronics,Electronics
P011,P001,83,0.0009,0.06278,0.04473,1.4037,E-Reader,Wireless Earbuds,Electronics,Electronics
P048,P039,148,0.0016,0.04301,0.03065,1.4035,Down Vest,Rain Jacket,Apparel,Apparel
P039,P048,148,0.0016,0.05211,0.03713,1.4035,Rain Jacket,Down Vest,Apparel,Apparel
P040,P045,47,0.00051,0.0159,0.01141,1.39403,Fleece Pullover,Denim Jacket,Apparel,Apparel
P045,P040,47,0.00051,0.04447,0.0319,1.39403,Denim Jacket,Fleece Pullover,Apparel,Apparel
P005,P013,110,0.00119,0.03536,0.02537,1.39378,USB-C Fast Charger,Tablet Sleeve,Electronics,Electronics
P013,P005,110,0.00119,0.04679,0.03357,1.39378,Tablet Sleeve,USB-C Fast Charger,Electronics,Electronics
P004,P007,107,0.00115,0.02131,0.0153,1.39246,Phone Case,10in Tablet,Electronics,Electronics
P007,P004,107,0.00115,0.07546,0.05419,1.39246,10in Tablet,Phone Case,Electronics,Electronics
P048,P047,215,0.00232,0.06248,0.04488,1.39225,Down Vest,Chino Pants,Apparel,Apparel
P047,P048,215,0.00232,0.0517,0.03713,1.39225,Chino Pants,Down Vest,Apparel,Apparel
P017,P020,128,0.00138,0.04292,0.03084,1.39185,French Press,Stand Mixer,Home & Kitchen,Home & Kitchen
P020,P017,128,0.00138,0.04479,0.03218,1.39185,Stand Mixer,French Press,Home & Kitchen,Home & Kitchen
P004,P009,228,0.00246,0.0454,0.03262,1.39179,Phone Case,Smart Plug 2-Pack,Electronics,Electronics
P009,P004,228,0.00246,0.07542,0.05419,1.39179,Smart Plug 2-Pack,Phone Case,Electronics,Electronics
P012,P001,255,0.00275,0.06221,0.04473,1.39088,Gaming Mouse,Wireless Earbuds,Electronics,Electronics
P001,P012,255,0.00275,0.06152,0.04423,1.39088,Wireless Earbuds,Gaming Mouse,Electronics,Electronics
P054,P060,45,0.00049,0.02636,0.01896,1.39047,Insulated Water Bottle,Protein Shaker,Sports & Fitness,Sports & Fitness
P060,P054,45,0.00049,0.02561,0.01842,1.39047,Protein Shaker,Insulated Water Bottle,Sports & Fitness,Sports & Fitness
P081,P025,88,0.00095,0.02867,0.02071,1.38473,Single-Origin Coffee Beans,Dinnerware 16pc,Gourmet Grocery,Home & Kitchen
P025,P081,88,0.00095,0.04586,0.03312,1.38473,Dinnerware 16pc,Single-Origin Coffee Beans,Home & Kitchen,Gourmet Grocery
P064,P068,73,0.00079,0.04419,0.03193,1.38395,Mineral Sunscreen,Bamboo Toothbrush 4-Pack,Beauty & Care,Beauty & Care
P068,P064,73,0.00079,0.02467,0.01783,1.38395,Bamboo Toothbrush 4-Pack,Mineral Sunscreen,Beauty & Care,Beauty & Care
P014,P017,115,0.00124,0.04445,0.03218,1.38149,Chef Knife Set,French Press,Home & Kitchen,Home & Kitchen
P017,P014,115,0.00124,0.03856,0.02792,1.38149,French Press,Chef Knife Set,Home & Kitchen,Home & Kitchen
P020,P024,66,0.00071,0.02309,0.01677,1.37716,Stand Mixer,Electric Kettle,Home & Kitchen,Home & Kitchen
P024,P020,66,0.00071,0.04247,0.03084,1.37716,Electric Kettle,Stand Mixer,Home & Kitchen,Home & Kitchen
P008,P013,94,0.00101,0.03491,0.02537,1.37592,Noise-Cancelling Headphones,Tablet Sleeve,Electronics,Electronics
P013,P008,94,0.00101,0.03998,0.02906,1.37592,Tablet Sleeve,Noise-Cancelling Headphones,Electronics,Electronics
P048,P050,203,0.00219,0.05899,0.04288,1.37574,Down Vest,Leather Belt,Apparel,Apparel
P050,P048,203,0.00219,0.05108,0.03713,1.37574,Leather Belt,Down Vest,Apparel,Apparel
P005,P011,61,0.00066,0.01961,0.01427,1.37452,USB-C Fast Charger,E-Reader,Electronics,Electronics
P011,P005,61,0.00066,0.04614,0.03357,1.37452,E-Reader,USB-C Fast Charger,Electronics,Electronics
P043,P039,82,0.00088,0.04209,0.03065,1.3736,Trail Running Shoes,Rain Jacket,Apparel,Apparel
P039,P043,82,0.00088,0.02887,0.02102,1.3736,Rain Jacket,Trail Running Shoes,Apparel,Apparel
P007,P012,86,0.00093,0.06065,0.04423,1.37119,10in Tablet,Gaming Mouse,Electronics,Electronics
P012,P007,86,0.00093,0.02098,0.0153,1.37119,Gaming Mouse,10in Tablet,Electronics,Electronics
P047,P045,65,0.0007,0.01563,0.01141,1.37026,Chino Pants,Denim Jacket,Apparel,Apparel
P045,P047,65,0.0007,0.06149,0.04488,1.37026,Denim Jacket,Chino Pants,Apparel,Apparel
P069,P066,34,0.00037,0.02611,0.01907,1.36957,Body Wash,Beard Oil,Beauty & Care,Beauty & Care
P066,P069,34,0.00037,0.01924,0.01405,1.36957,Beard Oil,Body Wash,Beauty & Care,Beauty & Care
P048,P043,99,0.00107,0.02877,0.02102,1.36872,Down Vest,Trail Running Shoes,Apparel,Apparel
P043,P048,99,0.00107,0.05082,0.03713,1.36872,Trail Running Shoes,Down Vest,Apparel,Apparel
P025,P016,71,0.00077,0.037,0.02704,1.36822,Dinnerware 16pc,Burr Coffee Grinder,Home & Kitchen,Home & Kitchen
P016,P025,71,0.00077,0.02833,0.02071,1.36822,Burr Coffee Grinder,Dinnerware 16pc,Home & Kitchen,Home & Kitchen
P004,P011,98,0.00106,0.01951,0.01427,1.36795,Phone Case,E-Reader,Electronics,Electronics
P011,P004,98,0.00106,0.07413,0.05419,1.36795,E-Reader,Phone Case,Electronics,Electronics
P040,P042,181,0.00195,0.06123,0.04488,1.36439,Fleece Pullover,Hiking Boots,Apparel,Apparel
P042,P040,181,0.00195,0.04352,0.0319,1.36439,Hiking Boots,Fleece Pullover,Apparel,Apparel
P004,P003,171,0.00185,0.03405,0.02498,1.36308,Phone Case,Smartwatch,Electronics,Electronics
P003,P004,171,0.00185,0.07387,0.05419,1.36308,Smartwatch,Phone Case,Electronics,Electronics
P019,P081,62,0.00067,0.04512,0.03312,1.36258,Cutting Board,Single-Origin Coffee Beans,Home & Kitchen,Gourmet Grocery
P081,P019,62,0.00067,0.0202,0.01483,1.36258,Single-Origin Coffee Beans,Cutting Board,Gourmet Grocery,Home & Kitchen
P016,P015,68,0.00073,0.02713,0.01992,1.36223,Burr Coffee Grinder,Cast Iron Skillet,Home & Kitchen,Home & Kitchen
P015,P016,68,0.00073,0.03684,0.02704,1.36223,Cast Iron Skillet,Burr Coffee Grinder,Home & Kitchen,Home & Kitchen
P040,P046,156,0.00168,0.05277,0.03878,1.3608,Fleece Pullover,Organic Cotton Tee,Apparel,Apparel
P046,P040,156,0.00168,0.04341,0.0319,1.3608,Organic Cotton Tee,Fleece Pullover,Apparel,Apparel
P025,P022,121,0.00131,0.06305,0.04642,1.35829,Dinnerware 16pc,Linen Towel Set,Home & Kitchen,Home & Kitchen
P022,P025,121,0.00131,0.02813,0.02071,1.35829,Linen Towel Set,Dinnerware 16pc,Home & Kitchen,Home & Kitchen
P003,P012,139,0.0015,0.06004,0.04423,1.3575,Smartwatch,Gaming Mouse,Electronics,Electronics
P012,P003,139,0.0015,0.03391,0.02498,1.3575,Gaming Mouse,Smartwatch,Electronics,Electronics
P081,P022,193,0.00208,0.06289,0.04642,1.3547,Single-Origin Coffee Beans,Linen Towel Set,Gourmet Grocery,Home & Kitchen
P022,P081,193,0.00208,0.04486,0.03312,1.3547,Linen Towel Set,Single-Origin Coffee Beans,Home & Kitchen,Gourmet Grocery
P008,P011,52,0.00056,0.01931,0.01427,1.3536,Noise-Cancelling Headphones,E-Reader,Electronics,Electronics
P011,P008,52,0.00056,0.03933,0.02906,1.3536,E-Reader,Noise-Cancelling Headphones,Electronics,Electronics
P012,P006,88,0.00095,0.02147,0.01589,1.35069,Gaming Mouse,Power Bank 20K,Electronics,Electronics
P006,P012,88,0.00095,0.05974,0.04423,1.35069,Power Bank 20K,Gaming Mouse,Electronics,Electronics
P050,P046,208,0.00224,0.05234,0.03878,1.34962,Leather Belt,Organic Cotton Tee,Apparel,Apparel
P046,P050,208,0.00224,0.05787,0.04288,1.34962,Organic Cotton Tee,Leather Belt,Apparel,Apparel
P016,P018,52,0.00056,0.02075,0.01539,1.34852,Burr Coffee Grinder,Non-Stick Pan Set,Home & Kitchen,Home & Kitchen
P018,P016,52,0.00056,0.03647,0.02704,1.34852,Non-Stick Pan Set,Burr Coffee Grinder,Home & Kitchen,Home & Kitchen
P019,P022,86,0.00093,0.06259,0.04642,1.34832,Cutting Board,Linen Towel Set,Home & Kitchen,Home & Kitchen
P022,P019,86,0.00093,0.01999,0.01483,1.34832,Linen Towel Set,Cutting Board,Home & Kitchen,Home & Kitchen
P040,P044,143,0.00154,0.04838,0.03592,1.3467,Fleece Pullover,Wool Socks 3-Pack,Apparel,Apparel
P044,P040,143,0.00154,0.04296,0.0319,1.3467,Wool Socks 3-Pack,Fleece Pullover,Apparel,Apparel
P039,P050,164,0.00177,0.05775,0.04288,1.34664,Rain Jacket,Leather Belt,Apparel,Apparel
P050,P039,164,0.00177,0.04127,0.03065,1.34664,Leather Belt,Rain Jacket,Apparel,Apparel
P026,P025,76,0.00082,0.02785,0.02071,1.34489,Scented Candle,Dinnerware 16pc,Home & Kitchen,Home & Kitchen
P025,P026,76,0.00082,0.0396,0.02945,1.34489,Dinnerware 16pc,Scented Candle,Home & Kitchen,Home & Kitchen
P023,P024,82,0.00088,0.02251,0.01677,1.34232,Glass Storage Set,Electric Kettle,Home & Kitchen,Home & Kitchen
P024,P023,82,0.00088,0.05277,0.03931,1.34232,Electric Kettle,Glass Storage Set,Home & Kitchen,Home & Kitchen
P013,P011,45,0.00049,0.01914,0.01427,1.34178,Tablet Sleeve,E-Reader,Electronics,Electronics
P011,P013,45,0.00049,0.03404,0.02537,1.34178,E-Reader,Tablet Sleeve,Electronics,Electronics
P020,P022,178,0.00192,0.06228,0.04642,1.34165,Stand Mixer,Linen Towel Set,Home & Kitchen,Home & Kitchen
P022,P020,178,0.00192,0.04138,0.03084,1.34165,Linen Towel Set,Stand Mixer,Home & Kitchen,Home & Kitchen
P020,P018,59,0.00064,0.02064,0.01539,1.3416,Stand Mixer,Non-Stick Pan Set,Home & Kitchen,Home & Kitchen
P018,P020,59,0.00064,0.04137,0.03084,1.3416,Non-Stick Pan Set,Stand Mixer,Home & Kitchen,Home & Kitchen
P042,P050,239,0.00258,0.05747,0.04288,1.34009,Hiking Boots,Leather Belt,Apparel,Apparel
P050,P042,239,0.00258,0.06014,0.04488,1.34009,Leather Belt,Hiking Boots,Apparel,Apparel
P010,P001,157,0.00169,0.05992,0.04473,1.33976,Action Camera,Wireless Earbuds,Electronics,Electronics
P001,P010,157,0.00169,0.03788,0.02827,1.33976,Wireless Earbuds,Action Camera,Electronics,Electronics
P068,P070,55,0.00059,0.01859,0.01388,1.33946,Bamboo Toothbrush 4-Pack,Face Mask Set,Beauty & Care,Beauty & Care
P070,P068,55,0.00059,0.04277,0.03193,1.33946,Face Mask Set,Bamboo Toothbrush 4-Pack,Beauty & Care,Beauty & Care
P046,P042,216,0.00233,0.0601,0.04488,1.33918,Organic Cotton Tee,Hiking Boots,Apparel,Apparel
P042,P046,216,0.00233,0.05194,0.03878,1.33918,Hiking Boots,Organic Cotton Tee,Apparel,Apparel
P023,P025,101,0.00109,0.02772,0.02071,1.33888,Glass Storage Set,Dinnerware 16pc,Home & Kitchen,Home & Kitchen
P025,P023,101,0.00109,0.05263,0.03931,1.33888,Dinnerware 16pc,Glass Storage Set,Home & Kitchen,Home & Kitchen
P023,P014,136,0.00147,0.03733,0.02792,1.33732,Glass Storage Set,Chef Knife Set,Home & Kitchen,Home & Kitchen
P014,P023,136,0.00147,0.05257,0.03931,1.33732,Chef Knife Set,Glass Storage Set,Home & Kitchen,Home & Kitchen
P007,P008,55,0.00059,0.03879,0.02906,1.33476,10in Tablet,Noise-Cancelling Headphones,Electronics,Electronics
P008,P007,55,0.00059,0.02042,0.0153,1.33476,Noise-Cancelling Headphones,10in Tablet,Electronics,Electronics
P047,P040,177,0.00191,0.04256,0.0319,1.33424,Chino Pants,Fleece Pullover,Apparel,Apparel
P040,P047,177,0.00191,0.05988,0.04488,1.33424,Fleece Pullover,Chino Pants,Apparel,Apparel
P046,P047,215,0.00232,0.05982,0.04488,1.33298,Organic Cotton Tee,Chino Pants,Apparel,Apparel
P047,P046,215,0.00232,0.0517,0.03878,1.33298,Chino Pants,Organic Cotton Tee,Apparel,Apparel
P001,P003,138,0.00149,0.03329,0.02498,1.33277,Wireless Earbuds,Smartwatch,Electronics,Electronics
P003,P001,138,0.00149,0.05961,0.04473,1.33277,Smartwatch,Wireless Earbuds,Electronics,Electronics
P003,P011,44,0.00047,0.01901,0.01427,1.33237,Smartwatch,E-Reader,Electronics,Electronics
P011,P003,44,0.00047,0.03328,0.02498,1.33237,E-Reader,Smartwatch,Electronics,Electronics
P001,P005,185,0.002,0.04463,0.03357,1.32954,Wireless Earbuds,USB-C Fast Charger,Electronics,Electronics
P005,P001,185,0.002,0.05947,0.04473,1.32954,USB-C Fast Charger,Wireless Earbuds,Electronics,Electronics
P002,P005,33,0.00036,0.04459,0.03357,1.32842,Bluetooth Speaker,USB-C Fast Charger,Electronics,Electronics
P005,P002,33,0.00036,0.01061,0.00799,1.32842,USB-C Fast Charger,Bluetooth Speaker,Electronics,Electronics
P048,P042,205,0.00221,0.05958,0.04488,1.3275,Down Vest,Hiking Boots,Apparel,Apparel
P042,P048,205,0.00221,0.04929,0.03713,1.3275,Hiking Boots,Down Vest,Apparel,Apparel
P039,P045,43,0.00046,0.01514,0.01141,1.32748,Rain Jacket,Denim Jacket,Apparel,Apparel
P045,P039,43,0.00046,0.04068,0.03065,1.32748,Denim Jacket,Rain Jacket,Apparel,Apparel
P008,P005,120,0.00129,0.04456,0.03357,1.32739,Noise-Cancelling Headphones,USB-C Fast Charger,Electronics,Electronics
P005,P008,120,0.00129,0.03857,0.02906,1.32739,USB-C Fast Charger,Noise-Cancelling Headphones,Electronics,Electronics
P025,P021,60,0.00065,0.03127,0.02358,1.32611,Dinnerware 16pc,Air Fryer,Home & Kitchen,Home & Kitchen
P021,P025,60,0.00065,0.02746,0.02071,1.32611,Air Fryer,Dinnerware 16pc,Home & Kitchen,Home & Kitchen
P014,P025,71,0.00077,0.02744,0.02071,1.32538,Chef Knife Set,Dinnerware 16pc,Home & Kitchen,Home & Kitchen
P025,P014,71,0.00077,0.037,0.02792,1.32538,Dinnerware 16pc,Chef Knife Set,Home & Kitchen,Home & Kitchen
P042,P041,161,0.00174,0.03871,0.02927,1.32233,Hiking Boots,Merino Base Layer,Apparel,Apparel
P041,P042,161,0.00174,0.05934,0.04488,1.32233,Merino Base Layer,Hiking Boots,Apparel,Apparel
P049,P045,32,0.00035,0.01508,0.01141,1.32216,Sun Hat,Denim Jacket,Apparel,Apparel
P045,P049,32,0.00035,0.03027,0.0229,1.32216,Denim Jacket,Sun Hat,Apparel,Apparel
P081,P014,113,0.00122,0.03682,0.02792,1.31898,Single-Origin Coffee Beans,Chef Knife Set,Gourmet Grocery,Home & Kitchen
P014,P081,113,0.00122,0.04368,0.03312,1.31898,Chef Knife Set,Single-Origin Coffee Beans,Home & Kitchen,Gourmet Grocery
P009,P007,61,0.00066,0.02018,0.0153,1.31877,Smart Plug 2-Pack,10in Tablet,Electronics,Electronics
P007,P009,61,0.00066,0.04302,0.03262,1.31877,10in Tablet,Smart Plug 2-Pack,Electronics,Electronics
P022,P026,167,0.0018,0.03882,0.02945,1.31824,Linen Towel Set,Scented Candle,Home & Kitchen,Home & Kitchen
P026,P022,167,0.0018,0.06119,0.04642,1.31824,Scented Candle,Linen Towel Set,Home & Kitchen,Home & Kitchen
P046,P045,54,0.00058,0.01503,0.01141,1.31733,Organic Cotton Tee,Denim Jacket,Apparel,Apparel
P045,P046,54,0.00058,0.05109,0.03878,1.31733,Denim Jacket,Organic Cotton Tee,Apparel,Apparel
P008,P010,100,0.00108,0.03713,0.02827,1.31346,Noise-Cancelling Headphones,Action Camera,Electronics,Electronics
P010,P008,100,0.00108,0.03817,0.02906,1.31346,Action Camera,Noise-Cancelling Headphones,Electronics,Electronics
P013,P001,138,0.00149,0.0587,0.04473,1.31237,Tablet Sleeve,Wireless Earbuds,Electronics,Electronics
P001,P013,138,0.00149,0.03329,0.02537,1.31237,Wireless Earbuds,Tablet Sleeve,Electronics,Electronics
P017,P019,58,0.00063,0.01945,0.01483,1.31186,French Press,Cutting Board,Home & Kitchen,Home & Kitchen
P019,P017,58,0.00063,0.04221,0.03218,1.31186,Cutting Board,French Press,Home & Kitchen,Home & Kitchen
P081,P020,124,0.00134,0.0404,0.03084,1.31013,Single-Origin Coffee Beans,Stand Mixer,Gourmet Grocery,Home & Kitchen
P020,P081,124,0.00134,0.04339,0.03312,1.31013,Stand Mixer,Single-Origin Coffee Beans,Home & Kitchen,Gourmet Grocery
P010,P013,87,0.00094,0.03321,0.02537,1.30894,Action Camera,Tablet Sleeve,Electronics,Electronics
P013,P010,87,0.00094,0.03701,0.02827,1.30894,Tablet Sleeve,Action Camera,Electronics,Electronics
P018,P021,44,0.00047,0.03086,0.02358,1.30868,Non-Stick Pan Set,Air Fryer,Home & Kitchen,Home & Kitchen
P021,P018,44,0.00047,0.02014,0.01539,1.30868,Air Fryer,Non-Stick Pan Set,Home & Kitchen,Home & Kitchen
P045,P042,62,0.00067,0.05866,0.04488,1.30702,Denim Jacket,Hiking Boots,Apparel,Apparel
P042,P045,62,0.00067,0.01491,0.01141,1.30702,Hiking Boots,Denim Jacket,Apparel,Apparel
P020,P016,101,0.00109,0.03534,0.02704,1.30687,Stand Mixer,Burr Coffee Grinder,Home & Kitchen,Home & Kitchen
P016,P020,101,0.00109,0.0403,0.03084,1.30687,Burr Coffee Grinder,Stand Mixer,Home & Kitchen,Home & Kitchen
P010,P004,185,0.002,0.07061,0.05419,1.30301,Action Camera,Phone Case,Electronics,Electronics
P004,P010,185,0.002,0.03684,0.02827,1.30301,Phone Case,Action Camera,Electronics,Electronics
P018,P023,73,0.00079,0.05119,0.03931,1.30226,Non-Stick Pan Set,Glass Storage Set,Home & Kitchen,Home & Kitchen
P023,P018,73,0.00079,0.02004,0.01539,1.30226,Glass Storage Set,Non-Stick Pan Set,Home & Kitchen,Home & Kitchen
P023,P081,157,0.00169,0.0431,0.03312,1.30136,Glass Storage Set,Single-Origin Coffee Beans,Home & Kitchen,Gourmet Grocery
P081,P023,157,0.00169,0.05116,0.03931,1.30136,Single-Origin Coffee Beans,Glass Storage Set,Gourmet Grocery,Home & Kitchen
P020,P025,77,0.00083,0.02694,0.02071,1.30109,Stand Mixer,Dinnerware 16pc,Home & Kitchen,Home & Kitchen
P025,P020,77,0.00083,0.04013,0.03084,1.30109,Dinnerware 16pc,Stand Mixer,Home & Kitchen,Home & Kitchen
P050,P047,231,0.00249,0.05813,0.04488,1.29523,Leather Belt,Chino Pants,Apparel,Apparel
P047,P050,231,0.00249,0.05554,0.04288,1.29523,Chino Pants,Leather Belt,Apparel,Apparel
P042,P039,165,0.00178,0.03967,0.03065,1.29458,Hiking Boots,Rain Jacket,Apparel,Apparel
P039,P042,165,0.00178,0.0581,0.04488,1.29458,Rain Jacket,Hiking Boots,Apparel,Apparel
P005,P012,178,0.00192,0.05722,0.04423,1.29359,USB-C Fast Charger,Gaming Mouse,Electronics,Electronics
P012,P005,178,0.00192,0.04343,0.03357,1.29359,Gaming Mouse,USB-C Fast Charger,Electronics,Electronics
P044,P046,167,0.0018,0.05017,0.03878,1.29353,Wool Socks 3-Pack,Organic Cotton Tee,Apparel,Apparel
P046,P044,167,0.0018,0.04647,0.03592,1.29353,Organic Cotton Tee,Wool Socks 3-Pack,Apparel,Apparel
P009,P006,62,0.00067,0.02051,0.01589,1.29034,Smart Plug 2-Pack,Power Bank 20K,Electronics,Electronics
P006,P009,62,0.00067,0.04209,0.03262,1.29034,Power Bank 20K,Smart Plug 2-Pack,Electronics,Electronics
P006,P001,85,0.00092,0.05771,0.04473,1.29016,Power Bank 20K,Wireless Earbuds,Electronics,Electronics
P001,P006,85,0.00092,0.02051,0.01589,1.29016,Wireless Earbuds,Power Bank 20K,Electronics,Electronics
P013,P006,48,0.00052,0.02042,0.01589,1.28451,Tablet Sleeve,Power Bank 20K,Electronics,Electronics
P006,P013,48,0.00052,0.03259,0.02537,1.28451,Power Bank 20K,Tablet Sleeve,Electronics,Electronics
P012,P011,75,0.00081,0.0183,0.01427,1.28264,Gaming Mouse,E-Reader,Electronics,Electronics
P011,P012,75,0.00081,0.05673,0.04423,1.28264,E-Reader,Gaming Mouse,Electronics,Electronics
P081,P024,66,0.00071,0.02151,0.01677,1.28248,Single-Origin Coffee Beans,Electric Kettle,Gourmet Grocery,Home & Kitchen
P024,P081,66,0.00071,0.04247,0.03312,1.28248,Electric Kettle,Single-Origin Coffee Beans,Home & Kitchen,Gourmet Grocery
P005,P007,61,0.00066,0.01961,0.0153,1.28147,USB-C Fast Charger,10in Tablet,Electronics,Electronics
P007,P005,61,0.00066,0.04302,0.03357,1.28147,10in Tablet,USB-C Fast Charger,Electronics,Electronics
P008,P004,187,0.00202,0.06944,0.05419,1.28139,Noise-Cancelling Headphones,Phone Case,Electronics,Electronics
P004,P008,187,0.00202,0.03724,0.02906,1.28139,Phone Case,Noise-Cancelling Headphones,Electronics,Electronics
P015,P014,66,0.00071,0.03575,0.02792,1.28076,Cast Iron Skillet,Chef Knife Set,Home & Kitchen,Home & Kitchen
P014,P015,66,0.00071,0.02551,0.01992,1.28076,Chef Knife Set,Cast Iron Skillet,Home & Kitchen,Home & Kitchen
P017,P024,64,0.00069,0.02146,0.01677,1.2799,French Press,Electric Kettle,Home & Kitchen,Home & Kitchen
P024,P017,64,0.00069,0.04118,0.03218,1.2799,Electric Kettle,French Press,Home & Kitchen,Home & Kitchen
P009,P012,171,0.00185,0.05657,0.04423,1.27889,Smart Plug 2-Pack,Gaming Mouse,Electronics,Electronics
P012,P009,171,0.00185,0.04172,0.03262,1.27889,Gaming Mouse,Smart Plug 2-Pack,Electronics,Electronics
P047,P044,191,0.00206,0.04592,0.03592,1.27845,Chino Pants,Wool Socks 3-Pack,Apparel,Apparel
P044,P047,191,0.00206,0.05737,0.04488,1.27845,Wool Socks 3-Pack,Chino Pants,Apparel,Apparel
P044,P043,89,0.00096,0.02673,0.02102,1.27186,Wool Socks 3-Pack,Trail Running Shoes,Apparel,Apparel
P043,P044,89,0.00096,0.04569,0.03592,1.27186,Trail Running Shoes,Wool Socks 3-Pack,Apparel,Apparel
P015,P018,36,0.00039,0.0195,0.01539,1.26737,Cast Iron Skillet,Non-Stick Pan Set,Home & Kitchen,Home & Kitchen
P018,P015,36,0.00039,0.02525,0.01992,1.26737,Non-Stick Pan Set,Cast Iron Skillet,Home & Kitchen,Home & Kitchen
P004,P005,213,0.0023,0.04241,0.03357,1.26344,Phone Case,USB-C Fast Charger,Electronics,Electronics
P005,P004,213,0.0023,0.06847,0.05419,1.26344,USB-C Fast Charger,Phone Case,Electronics,Electronics
P040,P041,109,0.00118,0.03687,0.02927,1.25958,Fleece Pullover,Merino Base Layer,Apparel,Apparel
P041,P040,109,0.00118,0.04018,0.0319,1.25958,Merino Base Layer,Fleece Pullover,Apparel,Apparel
P009,P010,107,0.00115,0.0354,0.02827,1.25198,Smart Plug 2-Pack,Action Camera,Electronics,Electronics
P010,P009,107,0.00115,0.04084,0.03262,1.25198,Action Camera,Smart Plug 2-Pack,Electronics,Electronics
P046,P039,137,0.00148,0.03812,0.03065,1.24388,Organic Cotton Tee,Rain Jacket,Apparel,Apparel
P039,P046,137,0.00148,0.04824,0.03878,1.24388,Rain Jacket,Organic Cotton Tee,Apparel,Apparel
P026,P018,52,0.00056,0.01905,0.01539,1.23832,Scented Candle,Non-Stick Pan Set,Home & Kitchen,Home & Kitchen
P018,P026,52,0.00056,0.03647,0.02945,1.23832,Non-Stick Pan Set,Scented Candle,Home & Kitchen,Home & Kitchen
P010,P011,46,0.0005,0.01756,0.01427,1.23077,Action Camera,E-Reader,Electronics,Electronics
P011,P010,46,0.0005,0.0348,0.02827,1.23077,E-Reader,Action Camera,Electronics,Electronics
P041,P043,70,0.00076,0.0258,0.02102,1.22747,Merino Base Layer,Trail Running Shoes,Apparel,Apparel
P043,P041,70,0.00076,0.03593,0.02927,1.22747,Trail Running Shoes,Merino Base Layer,Apparel,Apparel
P022,P021,124,0.00134,0.02882,0.02358,1.22251,Linen Towel Set,Air Fryer,Home & Kitchen,Home & Kitchen
P021,P022,124,0.00134,0.05675,0.04642,1.22251,Air Fryer,Linen Towel Set,Home & Kitchen,Home & Kitchen
P004,P002,49,0.00053,0.00976,0.00799,1.22191,Phone Case,Bluetooth Speaker,Electronics,Electronics
P002,P004,49,0.00053,0.06622,0.05419,1.22191,Bluetooth Speaker,Phone Case,Electronics,Electronics
P044,P049,93,0.001,0.02794,0.0229,1.22005,Wool Socks 3-Pack,Sun Hat,Apparel,Apparel
P049,P044,93,0.001,0.04383,0.03592,1.22005,Sun Hat,Wool Socks 3-Pack,Apparel,Apparel
P053,P056,33,0.00036,0.02086,0.01712,1.2181,Resistance Bands,Jump Rope,Sports & Fitness,Sports & Fitness
P056,P053,33,0.00036,0.02079,0.01707,1.2181,Jump Rope,Resistance Bands,Sports & Fitness,Sports & Fitness
P017,P016,98,0.00106,0.03286,0.02704,1.21532,French Press,Burr Coffee Grinder,Home & Kitchen,Home & Kitchen
P016,P017,98,0.00106,0.03911,0.03218,1.21532,Burr Coffee Grinder,French Press,Home & Kitchen,Home & Kitchen
P021,P026,78,0.00084,0.0357,0.02945,1.21225,Air Fryer,Scented Candle,Home & Kitchen,Home & Kitchen
P026,P021,78,0.00084,0.02858,0.02358,1.21225,Scented Candle,Air Fryer,Home & Kitchen,Home & Kitchen
P011,P009,52,0.00056,0.03933,0.03262,1.20583,E-Reader,Smart Plug 2-Pack,Electronics,Electronics
P009,P011,52,0.00056,0.0172,0.01427,1.20583,Smart Plug 2-Pack,E-Reader,Electronics,Electronics
P008,P003,81,0.00087,0.03008,0.02498,1.20407,Noise-Cancelling Headphones,Smartwatch,Electronics,Electronics
P003,P008,81,0.00087,0.03499,0.02906,1.20407,Smartwatch,Noise-Cancelling Headphones,Electronics,Electronics
P024,P026,55,0.00059,0.03539,0.02945,1.20188,Electric Kettle,Scented Candle,Home & Kitchen,Home & Kitchen
P026,P024,55,0.00059,0.02015,0.01677,1.20188,Scented Candle,Electric Kettle,Home & Kitchen,Home & Kitchen
P024,P021,44,0.00047,0.02831,0.02358,1.20089,Electric Kettle,Air Fryer,Home & Kitchen,Home & Kitchen
P021,P024,44,0.00047,0.02014,0.01677,1.20089,Air Fryer,Electric Kettle,Home & Kitchen,Home & Kitchen
P053,P060,36,0.00039,0.02276,0.01896,1.20027,Resistance Bands,Protein Shaker,Sports & Fitness,Sports & Fitness
P060,P053,36,0.00039,0.02049,0.01707,1.20027,Protein Shaker,Resistance Bands,Sports & Fitness,Sports & Fitness
P047,P042,224,0.00242,0.05386,0.04488,1.20012,Chino Pants,Hiking Boots,Apparel,Apparel
P042,P047,224,0.00242,0.05386,0.04488,1.20012,Hiking Boots,Chino Pants,Apparel,Apparel
P050,P049,109,0.00118,0.02743,0.0229,1.19786,Leather Belt,Sun Hat,Apparel,Apparel
P049,P050,109,0.00118,0.05137,0.04288,1.19786,Sun Hat,Leather Belt,Apparel,Apparel
P051,P001,28,0.0003,0.05354,0.04473,1.19697,Yoga Mat,Wireless Earbuds,Sports & Fitness,Electronics
P001,P051,28,0.0003,0.00676,0.00564,1.19697,Wireless Earbuds,Yoga Mat,Electronics,Sports & Fitness
P014,P021,73,0.00079,0.02822,0.02358,1.19682,Chef Knife Set,Air Fryer,Home & Kitchen,Home & Kitchen
P021,P014,73,0.00079,0.03341,0.02792,1.19682,Air Fryer,Chef Knife Set,Home & Kitchen,Home & Kitchen
P081,P026,108,0.00117,0.03519,0.02945,1.19502,Single-Origin Coffee Beans,Scented Candle,Gourmet Grocery,Home & Kitchen
P026,P081,108,0.00117,0.03957,0.03312,1.19502,Scented Candle,Single-Origin Coffee Beans,Home & Kitchen,Gourmet Grocery
P002,P012,39,0.00042,0.0527,0.04423,1.19154,Bluetooth Speaker,Gaming Mouse,Electronics,Electronics
P012,P002,39,0.00042,0.00951,0.00799,1.19154,Gaming Mouse,Bluetooth Speaker,Electronics,Electronics
P081,P021,86,0.00093,0.02802,0.02358,1.18851,Single-Origin Coffee Beans,Air Fryer,Gourmet Grocery,Home & Kitchen
P021,P081,86,0.00093,0.03936,0.03312,1.18851,Air Fryer,Single-Origin Coffee Beans,Home & Kitchen,Gourmet Grocery
P050,P043,99,0.00107,0.02491,0.02102,1.18515,Leather Belt,Trail Running Shoes,Apparel,Apparel
P043,P050,99,0.00107,0.05082,0.04288,1.18515,Trail Running Shoes,Leather Belt,Apparel,Apparel
P039,P049,77,0.00083,0.02711,0.0229,1.18408,Rain Jacket,Sun Hat,Apparel,Apparel
P049,P039,77,0.00083,0.03629,0.03065,1.18408,Sun Hat,Rain Jacket,Apparel,Apparel
P007,P001,75,0.00081,0.05289,0.04473,1.18253,10in Tablet,Wireless Earbuds,Electronics,Electronics
P001,P007,75,0.00081,0.01809,0.0153,1.18253,Wireless Earbuds,10in Tablet,Electronics,Electronics
P017,P021,83,0.0009,0.02783,0.02358,1.18052,French Press,Air Fryer,Home & Kitchen,Home & Kitchen
P021,P017,83,0.0009,0.03799,0.03218,1.18052,Air Fryer,French Press,Home & Kitchen,Home & Kitchen
P002,P001,39,0.00042,0.0527,0.04473,1.17832,Bluetooth Speaker,Wireless Earbuds,Electronics,Electronics
P001,P002,39,0.00042,0.00941,0.00799,1.17832,Wireless Earbuds,Bluetooth Speaker,Electronics,Electronics
P049,P047,111,0.0012,0.05231,0.04488,1.16558,Sun Hat,Chino Pants,Apparel,Apparel
P047,P049,111,0.0012,0.02669,0.0229,1.16558,Chino Pants,Sun Hat,Apparel,Apparel
P008,P002,25,0.00027,0.00928,0.00799,1.16259,Noise-Cancelling Headphones,Bluetooth Speaker,Electronics,Electronics
P002,P008,25,0.00027,0.03378,0.02906,1.16259,Bluetooth Speaker,Noise-Cancelling Headphones,Electronics,Electronics
P041,P049,71,0.00077,0.02617,0.0229,1.14292,Merino Base Layer,Sun Hat,Apparel,Apparel
P049,P041,71,0.00077,0.03346,0.02927,1.14292,Sun Hat,Merino Base Layer,Apparel,Apparel
P016,P024,48,0.00052,0.01915,0.01677,1.14225,Burr Coffee Grinder,Electric Kettle,Home & Kitchen,Home & Kitchen
P024,P016,48,0.00052,0.03089,0.02704,1.14225,Electric Kettle,Burr Coffee Grinder,Home & Kitchen,Home & Kitchen
P055,P024,66,0.00071,0.01915,0.01677,1.14184,Foam Roller,Electric Kettle,Sports & Fitness,Home & Kitchen
P024,P055,66,0.00071,0.04247,0.0372,1.14184,Electric Kettle,Foam Roller,Home & Kitchen,Sports & Fitness
P015,P019,31,0.00033,0.01679,0.01483,1.13265,Cast Iron Skillet,Cutting Board,Home & Kitchen,Home & Kitchen
P019,P015,31,0.00033,0.02256,0.01992,1.13265,Cutting Board,Cast Iron Skillet,Home & Kitchen,Home & Kitchen
P050,P045,51,0.00055,0.01283,0.01141,1.12518,Leather Belt,Denim Jacket,Apparel,Apparel
P045,P050,51,0.00055,0.04825,0.04288,1.12518,Denim Jacket,Leather Belt,Apparel,Apparel
P049,P042,107,0.00115,0.05042,0.04488,1.12358,Sun Hat,Hiking Boots,Apparel,Apparel
P042,P049,107,0.00115,0.02573,0.0229,1.12358,Hiking Boots,Sun Hat,Apparel,Apparel
P022,P018,73,0.00079,0.01697,0.01539,1.10277,Linen Towel Set,Non-Stick Pan Set,Home & Kitchen,Home & Kitchen
P018,P022,73,0.00079,0.05119,0.04642,1.10277,Non-Stick Pan Set,Linen Towel Set,Home & Kitchen,Home & Kitchen
P045,P041,34,0.00037,0.03217,0.02927,1.09877,Denim Jacket,Merino Base Layer,Apparel,Apparel
P041,P045,34,0.00037,0.01253,0.01141,1.09877,Merino Base Layer,Denim Jacket,Apparel,Apparel
P029,P010,30,0.00032,0.03049,0.02827,1.0784,Camping Stove,Action Camera,Outdoor & Camping,Electronics
P010,P029,30,0.00032,0.01145,0.01062,1.0784,Action Camera,Camping Stove,Electronics,Outdoor & Camping
P057,P066,30,0.00032,0.02023,0.01907,1.06095,Fitness Tracker,Beard Oil,Sports & Fitness,Beauty & Care
P066,P057,30,0.00032,0.01698,0.016,1.06095,Beard Oil,Fitness Tracker,Beauty & Care,Sports & Fitness
P081,P085,46,0.0005,0.01499,0.01415,1.05953,Single-Origin Coffee Beans,Loose Leaf Tea,Gourmet Grocery,Gourmet Grocery
P085,P081,46,0.0005,0.03509,0.03312,1.05953,Loose Leaf Tea,Single-Origin Coffee Beans,Gourmet Grocery,Gourmet Grocery
P021,P036,38,0.00041,0.01739,0.01659,1.0486,Air Fryer,Insect Repellent,Home & Kitchen,Outdoor & Camping
P036,P021,38,0.00041,0.02472,0.02358,1.0486,Insect Repellent,Air Fryer,Outdoor & Camping,Home & Kitchen
P058,P021,26,0.00028,0.02471,0.02358,1.04824,Kettlebell 12kg,Air Fryer,Sports & Fitness,Home & Kitchen
P021,P058,26,0.00028,0.0119,0.01135,1.04824,Air Fryer,Kettlebell 12kg,Home & Kitchen,Sports & Fitness
P089,P043,40,0.00043,0.02192,0.02102,1.0427,Dried Mango,Trail Running Shoes,Gourmet Grocery,Apparel
P043,P089,40,0.00043,0.02053,0.01969,1.0427,Trail Running Shoes,Dried Mango,Apparel,Gourmet Grocery
P043,P042,91,0.00098,0.04671,0.04488,1.04092,Trail Running Shoes,Hiking Boots,Apparel,Apparel
P042,P043,91,0.00098,0.02188,0.02102,1.04092,Hiking Boots,Trail Running Shoes,Apparel,Apparel
P088,P023,39,0.00042,0.04088,0.03931,1.03994,Gourmet Gift Basket,Glass Storage Set,Gourmet Grocery,Home & Kitchen
P023,P088,39,0.00042,0.01071,0.01029,1.03994,Glass Storage Set,Gourmet Gift Basket,Home & Kitchen,Gourmet Grocery
P074,P064,33,0.00036,0.01842,0.01783,1.03304,Jigsaw Puzzle 1000pc,Mineral Sunscreen,Toys & Games,Beauty & Care
P064,P074,33,0.00036,0.01998,0.01934,1.03304,Mineral Sunscreen,Jigsaw Puzzle 1000pc,Beauty & Care,Toys & Games
P089,P056,32,0.00035,0.01753,0.01712,1.02391,Dried Mango,Jump Rope,Gourmet Grocery,Sports & Fitness
P056,P089,32,0.00035,0.02016,0.01969,1.02391,Jump Rope,Dried Mango,Sports & Fitness,Gourmet Grocery
P018,P064,26,0.00028,0.01823,0.01783,1.02281,Non-Stick Pan Set,Mineral Sunscreen,Home & Kitchen,Beauty & Care
P064,P018,26,0.00028,0.01574,0.01539,1.02281,Mineral Sunscreen,Non-Stick Pan Set,Beauty & Care,Home & Kitchen
P046,P049,84,0.00091,0.02337,0.0229,1.02073,Organic Cotton Tee,Sun Hat,Apparel,Apparel
P049,P046,84,0.00091,0.03959,0.03878,1.02073,Sun Hat,Organic Cotton Tee,Apparel,Apparel
P011,P040,43,0.00046,0.03253,0.0319,1.01973,E-Reader,Fleece Pullover,Electronics,Apparel
P040,P011,43,0.00046,0.01455,0.01427,1.01973,Fleece Pullover,E-Reader,Apparel,Electronics
P074,P011,26,0.00028,0.01451,0.01427,1.01708,Jigsaw Puzzle 1000pc,E-Reader,Toys & Games,Electronics
P011,P074,26,0.00028,0.01967,0.01934,1.01708,E-Reader,Jigsaw Puzzle 1000pc,Electronics,Toys & Games
P049,P066,41,0.00044,0.01932,0.01907,1.01334,Sun Hat,Beard Oil,Apparel,Beauty & Care
P066,P049,41,0.00044,0.0232,0.0229,1.01334,Beard Oil,Sun Hat,Beauty & Care,Apparel
P044,P084,63,0.00068,0.01892,0.01875,1.00909,Wool Socks 3-Pack,Trail Mix 1kg,Apparel,Gourmet Grocery
P084,P044,63,0.00068,0.03625,0.03592,1.00909,Trail Mix 1kg,Wool Socks 3-Pack,Gourmet Grocery,Apparel
P002,P050,32,0.00035,0.04324,0.04288,1.00843,Bluetooth Speaker,Leather Belt,Electronics,Apparel
P050,P002,32,0.00035,0.00805,0.00799,1.00843,Leather Belt,Bluetooth Speaker,Apparel,Electronics
P031,P050,51,0.00055,0.04318,0.04288,1.00704,Hiking Backpack 40L,Leather Belt,Outdoor & Camping,Apparel
P050,P031,51,0.00055,0.01283,0.01274,1.00704,Leather Belt,Hiking Backpack 40L,Apparel,Outdoor & Camping
P015,P024,31,0.00033,0.01679,0.01677,1.00146,Cast Iron Skillet,Electric Kettle,Home & Kitchen,Home & Kitchen
P024,P015,31,0.00033,0.01995,0.01992,1.00146,Electric Kettle,Cast Iron Skillet,Home & Kitchen,Home & Kitchen
P060,P011,25,0.00027,0.01423,0.01427,0.99745,Protein Shaker,E-Reader,Sports & Fitness,Electronics
P011,P060,25,0.00027,0.01891,0.01896,0.99745,E-Reader,Protein Shaker,Electronics,Sports & Fitness
P072,P085,46,0.0005,0.01405,0.01415,0.99349,Building Blocks 500pc,Loose Leaf Tea,Toys & Games,Gourmet Grocery
P085,P072,46,0.0005,0.03509,0.03532,0.99349,Loose Leaf Tea,Building Blocks 500pc,Gourmet Grocery,Toys & Games
P008,P066,51,0.00055,0.01894,0.01907,0.99323,Noise-Cancelling Headphones,Beard Oil,Electronics,Beauty & Care
P066,P008,51,0.00055,0.02886,0.02906,0.99323,Beard Oil,Noise-Cancelling Headphones,Beauty & Care,Electronics
P060,P041,51,0.00055,0.02903,0.02927,0.99152,Protein Shaker,Merino Base Layer,Sports & Fitness,Apparel
P041,P060,51,0.00055,0.0188,0.01896,0.99152,Merino Base Layer,Protein Shaker,Apparel,Sports & Fitness
P057,P041,43,0.00046,0.029,0.02927,0.99045,Fitness Tracker,Merino Base Layer,Sports & Fitness,Apparel
P041,P057,43,0.00046,0.01585,0.016,0.99045,Merino Base Layer,Fitness Tracker,Apparel,Sports & Fitness
P049,P070,29,0.00031,0.01367,0.01388,0.98484,Sun Hat,Face Mask Set,Apparel,Beauty & Care
P070,P049,29,0.00031,0.02255,0.0229,0.98484,Face Mask Set,Sun Hat,Beauty & Care,Apparel
P087,P034,45,0.00049,0.03399,0.03458,0.98277,Hot Sauce Trio,Trekking Poles,Gourmet Grocery,Outdoor & Camping
P034,P087,45,0.00049,0.01404,0.01429,0.98277,Trekking Poles,Hot Sauce Trio,Outdoor & Camping,Gourmet Grocery
P066,P089,34,0.00037,0.01924,0.01969,0.97709,Beard Oil,Dried Mango,Beauty & Care,Gourmet Grocery
P089,P066,34,0.00037,0.01863,0.01907,0.97709,Dried Mango,Beard Oil,Gourmet Grocery,Beauty & Care
P056,P067,34,0.00037,0.02142,0.02196,0.97564,Jump Rope,Lip Balm 4-Pack,Sports & Fitness,Beauty & Care
P067,P056,34,0.00037,0.01671,0.01712,0.97564,Lip Balm 4-Pack,Jump Rope,Beauty & Care,Sports & Fitness
P057,P021,34,0.00037,0.02293,0.02358,0.97239,Fitness Tracker,Air Fryer,Sports & Fitness,Home & Kitchen
P021,P057,34,0.00037,0.01556,0.016,0.97239,Air Fryer,Fitness Tracker,Home & Kitchen,Sports & Fitness
P016,P088,25,0.00027,0.00998,0.01029,0.96909,Burr Coffee Grinder,Gourmet Gift Basket,Home & Kitchen,Gourmet Grocery
P088,P016,25,0.00027,0.02621,0.02704,0.96909,Gourmet Gift Basket,Burr Coffee Grinder,Gourmet Grocery,Home & Kitchen
P040,P064,51,0.00055,0.01725,0.01783,0.96785,Fleece Pullover,Mineral Sunscreen,Apparel,Beauty & Care
P064,P040,51,0.00055,0.03087,0.0319,0.96785,Mineral Sunscreen,Fleece Pullover,Beauty & Care,Apparel
P030,P086,41,0.00044,0.01513,0.01565,0.9673,Headlamp,Raw Honey,Outdoor & Camping,Gourmet Grocery
P086,P030,41,0.00044,0.02828,0.02923,0.9673,Raw Honey,Headlamp,Gourmet Grocery,Outdoor & Camping
P086,P014,39,0.00042,0.0269,0.02792,0.9635,Raw Honey,Chef Knife Set,Gourmet Grocery,Home & Kitchen
P014,P086,39,0.00042,0.01508,0.01565,0.9635,Chef Knife Set,Raw Honey,Home & Kitchen,Gourmet Grocery
P056,P049,35,0.00038,0.02205,0.0229,0.96316,Jump Rope,Sun Hat,Sports & Fitness,Apparel
P049,P056,35,0.00038,0.01649,0.01712,0.96316,Sun Hat,Jump Rope,Apparel,Sports & Fitness
P069,P022,58,0.00063,0.04455,0.04642,0.95962,Body Wash,Linen Towel Set,Beauty & Care,Home & Kitchen
P022,P069,58,0.00063,0.01348,0.01405,0.95962,Linen Towel Set,Body Wash,Home & Kitchen,Beauty & Care
P081,P083,190,0.00205,0.06191,0.06463,0.95798,Single-Origin Coffee Beans,Extra Virgin Olive Oil,Gourmet Grocery,Gourmet Grocery
P083,P081,190,0.00205,0.03172,0.03312,0.95798,Extra Virgin Olive Oil,Single-Origin Coffee Beans,Gourmet Grocery,Gourmet Grocery
P047,P053,68,0.00073,0.01635,0.01707,0.95778,Chino Pants,Resistance Bands,Apparel,Sports & Fitness
P053,P047,68,0.00073,0.04298,0.04488,0.95778,Resistance Bands,Chino Pants,Sports & Fitness,Apparel
P033,P019,36,0.00039,0.01415,0.01483,0.95445,Camp Chair,Cutting Board,Outdoor & Camping,Home & Kitchen
P019,P033,36,0.00039,0.0262,0.02745,0.95445,Cutting Board,Camp Chair,Home & Kitchen,Outdoor & Camping
P074,P084,32,0.00035,0.01786,0.01875,0.95217,Jigsaw Puzzle 1000pc,Trail Mix 1kg,Toys & Games,Gourmet Grocery
P084,P074,32,0.00035,0.01841,0.01934,0.95217,Trail Mix 1kg,Jigsaw Puzzle 1000pc,Gourmet Grocery,Toys & Games
P053,P015,30,0.00032,0.01896,0.01992,0.952,Resistance Bands,Cast Iron Skillet,Sports & Fitness,Home & Kitchen
P015,P053,30,0.00032,0.01625,0.01707,0.952,Cast Iron Skillet,Resistance Bands,Home & Kitchen,Sports & Fitness
P059,P065,33,0.00036,0.0079,0.0083,0.95163,Gym Bag,Shampoo Bar,Sports & Fitness,Beauty & Care
P065,P059,33,0.00036,0.04291,0.04509,0.95163,Shampoo Bar,Gym Bag,Beauty & Care,Sports & Fitness
P061,P005,55,0.00059,0.03183,0.03357,0.94814,Yoga Block Set,USB-C Fast Charger,Sports & Fitness,Electronics
P005,P061,55,0.00059,0.01768,0.01865,0.94814,USB-C Fast Charger,Yoga Block Set,Electronics,Sports & Fitness
P071,P043,35,0.00038,0.01991,0.02102,0.94714,Perfume 50ml,Trail Running Shoes,Beauty & Care,Apparel
P043,P071,35,0.00038,0.01797,0.01897,0.94714,Trail Running Shoes,Perfume 50ml,Apparel,Beauty & Care
P040,P035,36,0.00039,0.01218,0.01288,0.94525,Fleece Pullover,Cooler 30L,Apparel,Outdoor & Camping
P035,P040,36,0.00039,0.03015,0.0319,0.94525,Cooler 30L,Fleece Pullover,Outdoor & Camping,Apparel
P024,P039,45,0.00049,0.02896,0.03065,0.94492,Electric Kettle,Rain Jacket,Home & Kitchen,Apparel
P039,P024,45,0.00049,0.01585,0.01677,0.94492,Rain Jacket,Electric Kettle,Apparel,Home & Kitchen
P024,P053,25,0.00027,0.01609,0.01707,0.9424,Electric Kettle,Resistance Bands,Home & Kitchen,Sports & Fitness
P053,P024,25,0.00027,0.0158,0.01677,0.9424,Resistance Bands,Electric Kettle,Sports & Fitness,Home & Kitchen
P046,P056,58,0.00063,0.01614,0.01712,0.94238,Organic Cotton Tee,Jump Rope,Apparel,Sports & Fitness
P056,P046,58,0.00063,0.03655,0.03878,0.94238,Jump Rope,Organic Cotton Tee,Sports & Fitness,Apparel
P061,P009,53,0.00057,0.03067,0.03262,0.94026,Yoga Block Set,Smart Plug 2-Pack,Sports & Fitness,Electronics
P009,P061,53,0.00057,0.01753,0.01865,0.94026,Smart Plug 2-Pack,Yoga Block Set,Electronics,Sports & Fitness
P030,P021,60,0.00065,0.02215,0.02358,0.93939,Headlamp,Air Fryer,Outdoor & Camping,Home & Kitchen
P021,P030,60,0.00065,0.02746,0.02923,0.93939,Air Fryer,Headlamp,Home & Kitchen,Outdoor & Camping
P088,P014,25,0.00027,0.02621,0.02792,0.93875,Gourmet Gift Basket,Chef Knife Set,Gourmet Grocery,Home & Kitchen
P014,P088,25,0.00027,0.00966,0.01029,0.93875,Chef Knife Set,Gourmet Gift Basket,Home & Kitchen,Gourmet Grocery
P038,P042,42,0.00045,0.04213,0.04488,0.93868,Camp Lantern,Hiking Boots,Outdoor & Camping,Apparel
P042,P038,42,0.00045,0.0101,0.01076,0.93868,Hiking Boots,Camp Lantern,Apparel,Outdoor & Camping
P086,P072,48,0.00052,0.0331,0.03532,0.9373,Raw Honey,Building Blocks 500pc,Gourmet Grocery,Toys & Games
P072,P086,48,0.00052,0.01467,0.01565,0.9373,Building Blocks 500pc,Raw Honey,Toys & Games,Gourmet Grocery
P063,P023,34,0.00037,0.0368,0.03931,0.93605,Daily Moisturizer,Glass Storage Set,Beauty & Care,Home & Kitchen
P023,P063,34,0.00037,0.00933,0.00997,0.93605,Glass Storage Set,Daily Moisturizer,Home & Kitchen,Beauty & Care
P063,P050,37,0.0004,0.04004,0.04288,0.9338,Daily Moisturizer,Leather Belt,Beauty & Care,Apparel
P050,P063,37,0.0004,0.00931,0.00997,0.9338,Leather Belt,Daily Moisturizer,Apparel,Beauty & Care
P087,P041,36,0.00039,0.02719,0.02927,0.92879,Hot Sauce Trio,Merino Base Layer,Gourmet Grocery,Apparel
P041,P087,36,0.00039,0.01327,0.01429,0.92879,Merino Base Layer,Hot Sauce Trio,Apparel,Gourmet Grocery
P084,P072,57,0.00062,0.0328,0.03532,0.92861,Trail Mix 1kg,Building Blocks 500pc,Gourmet Grocery,Toys & Games
P072,P084,57,0.00062,0.01742,0.01875,0.92861,Building Blocks 500pc,Trail Mix 1kg,Toys & Games,Gourmet Grocery
P060,P064,29,0.00031,0.01651,0.01783,0.92591,Protein Shaker,Mineral Sunscreen,Sports & Fitness,Beauty & Care
P064,P060,29,0.00031,0.01755,0.01896,0.92591,Mineral Sunscreen,Protein Shaker,Beauty & Care,Sports & Fitness
P088,P026,26,0.00028,0.02725,0.02945,0.9255,Gourmet Gift Basket,Scented Candle,Gourmet Grocery,Home & Kitchen
P026,P088,26,0.00028,0.00953,0.01029,0.9255,Scented Candle,Gourmet Gift Basket,Home & Kitchen,Gourmet Grocery
P049,P011,28,0.0003,0.0132,0.01427,0.92498,Sun Hat,E-Reader,Apparel,Electronics
P011,P049,28,0.0003,0.02118,0.0229,0.92498,E-Reader,Sun Hat,Electronics,Apparel
P057,P089,27,0.00029,0.01821,0.01969,0.92451,Fitness Tracker,Dried Mango,Sports & Fitness,Gourmet Grocery
P089,P057,27,0.00029,0.01479,0.016,0.92451,Dried Mango,Fitness Tracker,Gourmet Grocery,Sports & Fitness
P063,P041,25,0.00027,0.02706,0.02927,0.92421,Daily Moisturizer,Merino Base Layer,Beauty & Care,Apparel
P041,P063,25,0.00027,0.00921,0.00997,0.92421,Merino Base Layer,Daily Moisturizer,Apparel,Beauty & Care
P069,P047,54,0.00058,0.04147,0.04488,0.92416,Body Wash,Chino Pants,Beauty & Care,Apparel
P047,P069,54,0.00058,0.01298,0.01405,0.92416,Chino Pants,Body Wash,Apparel,Beauty & Care
P061,P067,35,0.00038,0.02025,0.02196,0.92239,Yoga Block Set,Lip Balm 4-Pack,Sports & Fitness,Beauty & Care
P067,P061,35,0.00038,0.0172,0.01865,0.92239,Lip Balm 4-Pack,Yoga Block Set,Beauty & Care,Sports & Fitness
P046,P018,51,0.00055,0.01419,0.01539,0.9222,Organic Cotton Tee,Non-Stick Pan Set,Apparel,Home & Kitchen
P018,P046,51,0.00055,0.03576,0.03878,0.9222,Non-Stick Pan Set,Organic Cotton Tee,Home & Kitchen,Apparel
P067,P036,31,0.00033,0.01523,0.01659,0.91849,Lip Balm 4-Pack,Insect Repellent,Beauty & Care,Outdoor & Camping
P036,P067,31,0.00033,0.02017,0.02196,0.91849,Insect Repellent,Lip Balm 4-Pack,Outdoor & Camping,Beauty & Care
P024,P043,30,0.00032,0.01931,0.02102,0.91841,Electric Kettle,Trail Running Shoes,Home & Kitchen,Apparel
P043,P024,30,0.00032,0.0154,0.01677,0.91841,Trail Running Shoes,Electric Kettle,Apparel,Home & Kitchen
P037,P019,39,0.00042,0.01357,0.01483,0.91526,Sleeping Pad,Cutting Board,Outdoor & Camping,Home & Kitchen
P019,P037,39,0.00042,0.02838,0.03101,0.91526,Cutting Board,Sleeping Pad,Home & Kitchen,Outdoor & Camping
P059,P032,43,0.00046,0.01029,0.01124,0.91513,Gym Bag,Water Filter,Sports & Fitness,Outdoor & Camping
P032,P059,43,0.00046,0.04127,0.04509,0.91513,Water Filter,Gym Bag,Outdoor & Camping,Sports & Fitness
P057,P012,60,0.00065,0.04046,0.04423,0.91471,Fitness Tracker,Gaming Mouse,Sports & Fitness,Electronics
P012,P057,60,0.00065,0.01464,0.016,0.91471,Gaming Mouse,Fitness Tracker,Electronics,Sports & Fitness
P062,P086,72,0.00078,0.01431,0.01565,0.9143,Vitamin C Serum,Raw Honey,Beauty & Care,Gourmet Grocery
P086,P062,72,0.00078,0.04966,0.05431,0.9143,Raw Honey,Vitamin C Serum,Gourmet Grocery,Beauty & Care
P011,P081,40,0.00043,0.03026,0.03312,0.91366,E-Reader,Single-Origin Coffee Beans,Electronics,Gourmet Grocery
P081,P011,40,0.00043,0.01303,0.01427,0.91366,Single-Origin Coffee Beans,E-Reader,Gourmet Grocery,Electronics
P069,P078,25,0.00027,0.0192,0.02102,0.91347,Body Wash,Card Game,Beauty & Care,Toys & Games
P078,P069,25,0.00027,0.01283,0.01405,0.91347,Card Game,Body Wash,Toys & Games,Beauty & Care
P075,P024,28,0.0003,0.01532,0.01677,0.91345,RC Car,Electric Kettle,Toys & Games,Home & Kitchen
P024,P075,28,0.0003,0.01802,0.01973,0.91345,Electric Kettle,RC Car,Home & Kitchen,Toys & Games
P078,P055,66,0.00071,0.03388,0.0372,0.91089,Card Game,Foam Roller,Toys & Games,Sports & Fitness
P055,P078,66,0.00071,0.01915,0.02102,0.91089,Foam Roller,Card Game,Sports & Fitness,Toys & Games
P002,P055,25,0.00027,0.03378,0.0372,0.90828,Bluetooth Speaker,Foam Roller,Electronics,Sports & Fitness
P055,P002,25,0.00027,0.00725,0.00799,0.90828,Foam Roller,Bluetooth Speaker,Sports & Fitness,Electronics
P027,P015,51,0.00055,0.01807,0.01992,0.90694,2-Person Tent,Cast Iron Skillet,Outdoor & Camping,Home & Kitchen
P015,P027,51,0.00055,0.02763,0.03046,0.90694,Cast Iron Skillet,2-Person Tent,Home & Kitchen,Outdoor & Camping
P074,P089,32,0.00035,0.01786,0.01969,0.90678,Jigsaw Puzzle 1000pc,Dried Mango,Toys & Games,Gourmet Grocery
P089,P074,32,0.00035,0.01753,0.01934,0.90678,Dried Mango,Jigsaw Puzzle 1000pc,Gourmet Grocery,Toys & Games
P054,P025,32,0.00035,0.01875,0.02071,0.9053,Insulated Water Bottle,Dinnerware 16pc,Sports & Fitness,Home & Kitchen
P025,P054,32,0.00035,0.01668,0.01842,0.9053,Dinnerware 16pc,Insulated Water Bottle,Home & Kitchen,Sports & Fitness
P039,P086,40,0.00043,0.01408,0.01565,0.90017,Rain Jacket,Raw Honey,Apparel,Gourmet Grocery
P086,P039,40,0.00043,0.02759,0.03065,0.90017,Raw Honey,Rain Jacket,Gourmet Grocery,Apparel
P053,P071,27,0.00029,0.01707,0.01897,0.89969,Resistance Bands,Perfume 50ml,Sports & Fitness,Beauty & Care
P071,P053,27,0.00029,0.01536,0.01707,0.89969,Perfume 50ml,Resistance Bands,Beauty & Care,Sports & Fitness
P043,P087,25,0.00027,0.01283,0.01429,0.89829,Trail Running Shoes,Hot Sauce Trio,Apparel,Gourmet Grocery
P087,P043,25,0.00027,0.01888,0.02102,0.89829,Hot Sauce Trio,Trail Running Shoes,Gourmet Grocery,Apparel
P073,P081,39,0.00042,0.02973,0.03312,0.89761,Strategy Board Game,Single-Origin Coffee Beans,Toys & Games,Gourmet Grocery
P081,P073,39,0.00042,0.01271,0.01416,0.89761,Single-Origin Coffee Beans,Strategy Board Game,Gourmet Grocery,Toys & Games
P042,P030,109,0.00118,0.02621,0.02923,0.89657,Hiking Boots,Headlamp,Apparel,Outdoor & Camping
P030,P042,109,0.00118,0.04024,0.04488,0.89657,Headlamp,Hiking Boots,Outdoor & Camping,Apparel
P006,P048,49,0.00053,0.03327,0.03713,0.8959,Power Bank 20K,Down Vest,Electronics,Apparel
P048,P006,49,0.00053,0.01424,0.01589,0.8959,Down Vest,Power Bank 20K,Apparel,Electronics
P061,P001,69,0.00074,0.03993,0.04473,0.89276,Yoga Block Set,Wireless Earbuds,Sports & Fitness,Electronics
P001,P061,69,0.00074,0.01665,0.01865,0.89276,Wireless Earbuds,Yoga Block Set,Electronics,Sports & Fitness
P084,P024,26,0.00028,0.01496,0.01677,0.89213,Trail Mix 1kg,Electric Kettle,Gourmet Grocery,Home & Kitchen
P024,P084,26,0.00028,0.01673,0.01875,0.89213,Electric Kettle,Trail Mix 1kg,Home & Kitchen,Gourmet Grocery
P023,P070,45,0.00049,0.01235,0.01388,0.89015,Glass Storage Set,Face Mask Set,Home & Kitchen,Beauty & Care
P070,P023,45,0.00049,0.03499,0.03931,0.89015,Face Mask Set,Glass Storage Set,Beauty & Care,Home & Kitchen
P060,P048,58,0.00063,0.03301,0.03713,0.88905,Protein Shaker,Down Vest,Sports & Fitness,Apparel
P048,P060,58,0.00063,0.01686,0.01896,0.88905,Down Vest,Protein Shaker,Apparel,Sports & Fitness
P057,P071,25,0.00027,0.01686,0.01897,0.88866,Fitness Tracker,Perfume 50ml,Sports & Fitness,Beauty & Care
P071,P057,25,0.00027,0.01422,0.016,0.88866,Perfume 50ml,Fitness Tracker,Beauty & Care,Sports & Fitness
P021,P066,37,0.0004,0.01693,0.01907,0.88811,Air Fryer,Beard Oil,Home & Kitchen,Beauty & Care
P066,P021,37,0.0004,0.02094,0.02358,0.88811,Beard Oil,Air Fryer,Beauty & Care,Home & Kitchen
P061,P068,49,0.00053,0.02836,0.03193,0.8881,Yoga Block Set,Bamboo Toothbrush 4-Pack,Sports & Fitness,Beauty & Care
P068,P061,49,0.00053,0.01656,0.01865,0.8881,Bamboo Toothbrush 4-Pack,Yoga Block Set,Beauty & Care,Sports & Fitness
P089,P059,73,0.00079,0.04,0.04509,0.88704,Dried Mango,Gym Bag,Gourmet Grocery,Sports & Fitness
P059,P089,73,0.00079,0.01747,0.01969,0.88704,Gym Bag,Dried Mango,Sports & Fitness,Gourmet Grocery
P081,P088,28,0.0003,0.00912,0.01029,0.88627,Single-Origin Coffee Beans,Gourmet Gift Basket,Gourmet Grocery,Gourmet Grocery
P088,P081,28,0.0003,0.02935,0.03312,0.88627,Gourmet Gift Basket,Single-Origin Coffee Beans,Gourmet Grocery,Gourmet Grocery
P039,P006,40,0.00043,0.01408,0.01589,0.88612,Rain Jacket,Power Bank 20K,Apparel,Electronics
P006,P039,40,0.00043,0.02716,0.03065,0.88612,Power Bank 20K,Rain Jacket,Electronics,Apparel
P004,P077,29,0.00031,0.00577,0.00652,0.88601,Phone Case,Science Kit,Electronics,Toys & Games
P077,P004,29,0.00031,0.04801,0.05419,0.88601,Science Kit,Phone Case,Toys & Games,Electronics
P065,P083,44,0.00047,0.05722,0.06463,0.88537,Shampoo Bar,Extra Virgin Olive Oil,Beauty & Care,Gourmet Grocery
P083,P065,44,0.00047,0.00735,0.0083,0.88537,Extra Virgin Olive Oil,Shampoo Bar,Gourmet Grocery,Beauty & Care
P088,P020,26,0.00028,0.02725,0.03084,0.88372,Gourmet Gift Basket,Stand Mixer,Gourmet Grocery,Home & Kitchen
P020,P088,26,0.00028,0.0091,0.01029,0.88372,Stand Mixer,Gourmet Gift Basket,Home & Kitchen,Gourmet Grocery
P010,P087,33,0.00036,0.0126,0.01429,0.88161,Action Camera,Hot Sauce Trio,Electronics,Gourmet Grocery
P087,P010,33,0.00036,0.02492,0.02827,0.88161,Hot Sauce Trio,Action Camera,Gourmet Grocery,Electronics
P053,P020,43,0.00046,0.02718,0.03084,0.88136,Resistance Bands,Stand Mixer,Sports & Fitness,Home & Kitchen
P020,P053,43,0.00046,0.01505,0.01707,0.88136,Stand Mixer,Resistance Bands,Home & Kitchen,Sports & Fitness
P060,P067,34,0.00037,0.01935,0.02196,0.88124,Protein Shaker,Lip Balm 4-Pack,Sports & Fitness,Beauty & Care
P067,P060,34,0.00037,0.01671,0.01896,0.88124,Lip Balm 4-Pack,Protein Shaker,Beauty & Care,Sports & Fitness
P045,P059,42,0.00045,0.03974,0.04509,0.88116,Denim Jacket,Gym Bag,Apparel,Sports & Fitness
P059,P045,42,0.00045,0.01005,0.01141,0.88116,Gym Bag,Denim Jacket,Sports & Fitness,Apparel
P010,P061,43,0.00046,0.01641,0.01865,0.88019,Action Camera,Yoga Block Set,Electronics,Sports & Fitness
P061,P010,43,0.00046,0.02488,0.02827,0.88019,Yoga Block Set,Action Camera,Sports & Fitness,Electronics
P069,P021,27,0.00029,0.02074,0.02358,0.87954,Body Wash,Air Fryer,Beauty & Care,Home & Kitchen
P021,P069,27,0.00029,0.01236,0.01405,0.87954,Air Fryer,Body Wash,Home & Kitchen,Beauty & Care
P049,P021,44,0.00047,0.02074,0.02358,0.87945,Sun Hat,Air Fryer,Apparel,Home & Kitchen
P021,P049,44,0.00047,0.02014,0.0229,0.87945,Air Fryer,Sun Hat,Home & Kitchen,Apparel
P071,P025,32,0.00035,0.0182,0.02071,0.87904,Perfume 50ml,Dinnerware 16pc,Beauty & Care,Home & Kitchen
P025,P071,32,0.00035,0.01668,0.01897,0.87904,Dinnerware 16pc,Perfume 50ml,Home & Kitchen,Beauty & Care
P005,P029,29,0.00031,0.00932,0.01062,0.87792,USB-C Fast Charger,Camping Stove,Electronics,Outdoor & Camping
P029,P005,29,0.00031,0.02947,0.03357,0.87792,Camping Stove,USB-C Fast Charger,Outdoor & Camping,Electronics
P025,P064,30,0.00032,0.01563,0.01783,0.87698,Dinnerware 16pc,Mineral Sunscreen,Home & Kitchen,Beauty & Care
P064,P025,30,0.00032,0.01816,0.02071,0.87698,Mineral Sunscreen,Dinnerware 16pc,Beauty & Care,Home & Kitchen
P074,P043,33,0.00036,0.01842,0.02102,0.87607,Jigsaw Puzzle 1000pc,Trail Running Shoes,Toys & Games,Apparel
P043,P074,33,0.00036,0.01694,0.01934,0.87607,Trail Running Shoes,Jigsaw Puzzle 1000pc,Apparel,Toys & Games
P083,P079,25,0.00027,0.00417,0.00477,0.87522,Extra Virgin Olive Oil,Wooden Train Set,Gourmet Grocery,Toys & Games
P079,P083,25,0.00027,0.05656,0.06463,0.87522,Wooden Train Set,Extra Virgin Olive Oil,Toys & Games,Gourmet Grocery
P016,P037,68,0.00073,0.02713,0.03101,0.87497,Burr Coffee Grinder,Sleeping Pad,Home & Kitchen,Outdoor & Camping
P037,P016,68,0.00073,0.02366,0.02704,0.87497,Sleeping Pad,Burr Coffee Grinder,Outdoor & Camping,Home & Kitchen
P052,P064,59,0.00064,0.01558,0.01783,0.87421,Adjustable Dumbbells,Mineral Sunscreen,Sports & Fitness,Beauty & Care
P064,P052,59,0.00064,0.03571,0.04085,0.87421,Mineral Sunscreen,Adjustable Dumbbells,Beauty & Care,Sports & Fitness
P030,P067,52,0.00056,0.0192,0.02196,0.87414,Headlamp,Lip Balm 4-Pack,Outdoor & Camping,Beauty & Care
P067,P030,52,0.00056,0.02555,0.02923,0.87414,Lip Balm 4-Pack,Headlamp,Beauty & Care,Outdoor & Camping
P023,P085,45,0.00049,0.01235,0.01415,0.87318,Glass Storage Set,Loose Leaf Tea,Home & Kitchen,Gourmet Grocery
P085,P023,45,0.00049,0.03432,0.03931,0.87318,Loose Leaf Tea,Glass Storage Set,Gourmet Grocery,Home & Kitchen
P027,P066,47,0.00051,0.01665,0.01907,0.87318,2-Person Tent,Beard Oil,Outdoor & Camping,Beauty & Care
P066,P027,47,0.00051,0.0266,0.03046,0.87318,Beard Oil,2-Person Tent,Beauty & Care,Outdoor & Camping
P073,P021,27,0.00029,0.02058,0.02358,0.87283,Strategy Board Game,Air Fryer,Toys & Games,Home & Kitchen
P021,P073,27,0.00029,0.01236,0.01416,0.87283,Air Fryer,Strategy Board Game,Home & Kitchen,Toys & Games
P013,P067,45,0.00049,0.01914,0.02196,0.87166,Tablet Sleeve,Lip Balm 4-Pack,Electronics,Beauty & Care
P067,P013,45,0.00049,0.02211,0.02537,0.87166,Lip Balm 4-Pack,Tablet Sleeve,Beauty & Care,Electronics
P085,P022,53,0.00057,0.04043,0.04642,0.87088,Loose Leaf Tea,Linen Towel Set,Gourmet Grocery,Home & Kitchen
P022,P085,53,0.00057,0.01232,0.01415,0.87088,Linen Towel Set,Loose Leaf Tea,Home & Kitchen,Gourmet Grocery
P022,P054,69,0.00074,0.01604,0.01842,0.87076,Linen Towel Set,Insulated Water Bottle,Home & Kitchen,Sports & Fitness
P054,P022,69,0.00074,0.04042,0.04642,0.87076,Insulated Water Bottle,Linen Towel Set,Sports & Fitness,Home & Kitchen
P039,P073,35,0.00038,0.01232,0.01416,0.8705,Rain Jacket,Strategy Board Game,Apparel,Toys & Games
P073,P039,35,0.00038,0.02668,0.03065,0.8705,Strategy Board Game,Rain Jacket,Toys & Games,Apparel
P043,P076,86,0.00093,0.04415,0.05072,0.87049,Trail Running Shoes,Plush Bear,Apparel,Toys & Games
P076,P043,86,0.00093,0.0183,0.02102,0.87049,Plush Bear,Trail Running Shoes,Toys & Games,Apparel
P060,P071,29,0.00031,0.01651,0.01897,0.87008,Protein Shaker,Perfume 50ml,Sports & Fitness,Beauty & Care
P071,P060,29,0.00031,0.0165,0.01896,0.87008,Perfume 50ml,Protein Shaker,Beauty & Care,Sports & Fitness
P049,P003,46,0.0005,0.02168,0.02498,0.86779,Sun Hat,Smartwatch,Apparel,Electronics
P003,P049,46,0.0005,0.01987,0.0229,0.86779,Smartwatch,Sun Hat,Electronics,Apparel
P033,P024,37,0.0004,0.01454,0.01677,0.86733,Camp Chair,Electric Kettle,Outdoor & Camping,Home & Kitchen
P024,P033,37,0.0004,0.02381,0.02745,0.86733,Electric Kettle,Camp Chair,Home & Kitchen,Outdoor & Camping
P016,P086,34,0.00037,0.01357,0.01565,0.86713,Burr Coffee Grinder,Raw Honey,Home & Kitchen,Gourmet Grocery
P086,P016,34,0.00037,0.02345,0.02704,0.86713,Raw Honey,Burr Coffee Grinder,Gourmet Grocery,Home & Kitchen
P085,P020,35,0.00038,0.0267,0.03084,0.86568,Loose Leaf Tea,Stand Mixer,Gourmet Grocery,Home & Kitchen
P020,P085,35,0.00038,0.01225,0.01415,0.86568,Stand Mixer,Loose Leaf Tea,Home & Kitchen,Gourmet Grocery
P030,P004,127,0.00137,0.04688,0.05419,0.86511,Headlamp,Phone Case,Outdoor & Camping,Electronics
P004,P030,127,0.00137,0.02529,0.02923,0.86511,Phone Case,Headlamp,Electronics,Outdoor & Camping
P088,P046,32,0.00035,0.03354,0.03878,0.86492,Gourmet Gift Basket,Organic Cotton Tee,Gourmet Grocery,Apparel
P046,P088,32,0.00035,0.0089,0.01029,0.86492,Organic Cotton Tee,Gourmet Gift Basket,Apparel,Gourmet Grocery
P017,P032,29,0.00031,0.00973,0.01124,0.86492,French Press,Water Filter,Home & Kitchen,Outdoor & Camping
P032,P017,29,0.00031,0.02783,0.03218,0.86492,Water Filter,French Press,Outdoor & Camping,Home & Kitchen
P073,P009,37,0.0004,0.0282,0.03262,0.86454,Strategy Board Game,Smart Plug 2-Pack,Toys & Games,Electronics
P009,P073,37,0.0004,0.01224,0.01416,0.86454,Smart Plug 2-Pack,Strategy Board Game,Electronics,Toys & Games
P048,P014,83,0.0009,0.02412,0.02792,0.86407,Down Vest,Chef Knife Set,Apparel,Home & Kitchen
P014,P048,83,0.0009,0.03208,0.03713,0.86407,Chef Knife Set,Down Vest,Home & Kitchen,Apparel
P072,P029,30,0.00032,0.00917,0.01062,0.86324,Building Blocks 500pc,Camping Stove,Toys & Games,Outdoor & Camping
P029,P072,30,0.00032,0.03049,0.03532,0.86324,Camping Stove,Building Blocks 500pc,Outdoor & Camping,Toys & Games
P026,P031,30,0.00032,0.01099,0.01274,0.86262,Scented Candle,Hiking Backpack 40L,Home & Kitchen,Outdoor & Camping
P031,P026,30,0.00032,0.0254,0.02945,0.86262,Hiking Backpack 40L,Scented Candle,Outdoor & Camping,Home & Kitchen
P037,P060,47,0.00051,0.01635,0.01896,0.86257,Sleeping Pad,Protein Shaker,Outdoor & Camping,Sports & Fitness
P060,P037,47,0.00051,0.02675,0.03101,0.86257,Protein Shaker,Sleeping Pad,Sports & Fitness,Outdoor & Camping
P041,P056,40,0.00043,0.01474,0.01712,0.86097,Merino Base Layer,Jump Rope,Apparel,Sports & Fitness
P056,P041,40,0.00043,0.0252,0.02927,0.86097,Jump Rope,Merino Base Layer,Sports & Fitness,Apparel
P053,P014,38,0.00041,0.02402,0.02792,0.86047,Resistance Bands,Chef Knife Set,Sports & Fitness,Home & Kitchen
P014,P053,38,0.00041,0.01469,0.01707,0.86047,Chef Knife Set,Resistance Bands,Home & Kitchen,Sports & Fitness
P050,P069,48,0.00052,0.01208,0.01405,0.85972,Leather Belt,Body Wash,Apparel,Beauty & Care
P069,P050,48,0.00052,0.03687,0.04288,0.85972,Body Wash,Leather Belt,Beauty & Care,Apparel
P052,P066,62,0.00067,0.01638,0.01907,0.85887,Adjustable Dumbbells,Beard Oil,Sports & Fitness,Beauty & Care
P066,P052,62,0.00067,0.03509,0.04085,0.85887,Beard Oil,Adjustable Dumbbells,Beauty & Care,Sports & Fitness
P043,P012,74,0.0008,0.03799,0.04423,0.85885,Trail Running Shoes,Gaming Mouse,Apparel,Electronics
P012,P043,74,0.0008,0.01805,0.02102,0.85885,Gaming Mouse,Trail Running Shoes,Electronics,Apparel
P033,P042,98,0.00106,0.03852,0.04488,0.85837,Camp Chair,Hiking Boots,Outdoor & Camping,Apparel
P042,P033,98,0.00106,0.02356,0.02745,0.85837,Hiking Boots,Camp Chair,Apparel,Outdoor & Camping
P035,P041,30,0.00032,0.02513,0.02927,0.85826,Cooler 30L,Merino Base Layer,Outdoor & Camping,Apparel
P041,P035,30,0.00032,0.01106,0.01288,0.85826,Merino Base Layer,Cooler 30L,Apparel,Outdoor & Camping
P089,P039,48,0.00052,0.0263,0.03065,0.85825,Dried Mango,Rain Jacket,Gourmet Grocery,Apparel
P039,P089,48,0.00052,0.0169,0.01969,0.85825,Rain Jacket,Dried Mango,Apparel,Gourmet Grocery
P064,P034,49,0.00053,0.02966,0.03458,0.85765,Mineral Sunscreen,Trekking Poles,Beauty & Care,Outdoor & Camping
P034,P064,49,0.00053,0.01529,0.01783,0.85765,Trekking Poles,Mineral Sunscreen,Outdoor & Camping,Beauty & Care
P059,P066,68,0.00073,0.01627,0.01907,0.8534,Gym Bag,Beard Oil,Sports & Fitness,Beauty & Care
P066,P059,68,0.00073,0.03848,0.04509,0.8534,Beard Oil,Gym Bag,Beauty & Care,Sports & Fitness
P038,P072,30,0.00032,0.03009,0.03532,0.85199,Camp Lantern,Building Blocks 500pc,Outdoor & Camping,Toys & Games
P072,P038,30,0.00032,0.00917,0.01076,0.85199,Building Blocks 500pc,Camp Lantern,Toys & Games,Outdoor & Camping
P081,P084,49,0.00053,0.01597,0.01875,0.85134,Single-Origin Coffee Beans,Trail Mix 1kg,Gourmet Grocery,Gourmet Grocery
P084,P081,49,0.00053,0.02819,0.03312,0.85134,Trail Mix 1kg,Single-Origin Coffee Beans,Gourmet Grocery,Gourmet Grocery
P015,P041,46,0.0005,0.02492,0.02927,0.8512,Cast Iron Skillet,Merino Base Layer,Home & Kitchen,Apparel
P041,P015,46,0.0005,0.01696,0.01992,0.8512,Merino Base Layer,Cast Iron Skillet,Apparel,Home & Kitchen
P066,P034,52,0.00056,0.02943,0.03458,0.85093,Beard Oil,Trekking Poles,Beauty & Care,Outdoor & Camping
P034,P066,52,0.00056,0.01622,0.01907,0.85093,Trekking Poles,Beard Oil,Outdoor & Camping,Beauty & Care
P066,P041,44,0.00047,0.0249,0.02927,0.85059,Beard Oil,Merino Base Layer,Beauty & Care,Apparel
P041,P066,44,0.00047,0.01622,0.01907,0.85059,Merino Base Layer,Beard Oil,Apparel,Beauty & Care
P071,P052,61,0.00066,0.0347,0.04085,0.84934,Perfume 50ml,Adjustable Dumbbells,Beauty & Care,Sports & Fitness
P052,P071,61,0.00066,0.01611,0.01897,0.84934,Adjustable Dumbbells,Perfume 50ml,Sports & Fitness,Beauty & Care
P048,P024,49,0.00053,0.01424,0.01677,0.84921,Down Vest,Electric Kettle,Apparel,Home & Kitchen
P024,P048,49,0.00053,0.03153,0.03713,0.84921,Electric Kettle,Down Vest,Home & Kitchen,Apparel
P038,P040,27,0.00029,0.02708,0.0319,0.84902,Camp Lantern,Fleece Pullover,Outdoor & Camping,Apparel
P040,P038,27,0.00029,0.00913,0.01076,0.84902,Fleece Pullover,Camp Lantern,Apparel,Outdoor & Camping
P018,P025,25,0.00027,0.01753,0.02071,0.84664,Non-Stick Pan Set,Dinnerware 16pc,Home & Kitchen,Home & Kitchen
P025,P018,25,0.00027,0.01303,0.01539,0.84664,Dinnerware 16pc,Non-Stick Pan Set,Home & Kitchen,Home & Kitchen
P005,P040,84,0.00091,0.027,0.0319,0.8465,USB-C Fast Charger,Fleece Pullover,Electronics,Apparel
P040,P005,84,0.00091,0.02842,0.03357,0.8465,Fleece Pullover,USB-C Fast Charger,Apparel,Electronics
P024,P068,42,0.00045,0.02703,0.03193,0.84646,Electric Kettle,Bamboo Toothbrush 4-Pack,Home & Kitchen,Beauty & Care
P068,P024,42,0.00045,0.01419,0.01677,0.84646,Bamboo Toothbrush 4-Pack,Electric Kettle,Beauty & Care,Home & Kitchen
P018,P083,78,0.00084,0.0547,0.06463,0.8464,Non-Stick Pan Set,Extra Virgin Olive Oil,Home & Kitchen,Gourmet Grocery
P083,P018,78,0.00084,0.01302,0.01539,0.8464,Extra Virgin Olive Oil,Non-Stick Pan Set,Gourmet Grocery,Home & Kitchen
P015,P057,25,0.00027,0.01354,0.016,0.84629,Cast Iron Skillet,Fitness Tracker,Home & Kitchen,Sports & Fitness
P057,P015,25,0.00027,0.01686,0.01992,0.84629,Fitness Tracker,Cast Iron Skillet,Sports & Fitness,Home & Kitchen
P044,P088,29,0.00031,0.00871,0.01029,0.84623,Wool Socks 3-Pack,Gourmet Gift Basket,Apparel,Gourmet Grocery
P088,P044,29,0.00031,0.0304,0.03592,0.84623,Gourmet Gift Basket,Wool Socks 3-Pack,Gourmet Grocery,Apparel
P008,P069,32,0.00035,0.01188,0.01405,0.84578,Noise-Cancelling Headphones,Body Wash,Electronics,Beauty & Care
P069,P008,32,0.00035,0.02458,0.02906,0.84578,Body Wash,Noise-Cancelling Headphones,Beauty & Care,Electronics
P020,P038,26,0.00028,0.0091,0.01076,0.84561,Stand Mixer,Camp Lantern,Home & Kitchen,Outdoor & Camping
P038,P020,26,0.00028,0.02608,0.03084,0.84561,Camp Lantern,Stand Mixer,Outdoor & Camping,Home & Kitchen
P057,P040,40,0.00043,0.02697,0.0319,0.84561,Fitness Tracker,Fleece Pullover,Sports & Fitness,Apparel
P040,P057,40,0.00043,0.01353,0.016,0.84561,Fleece Pullover,Fitness Tracker,Apparel,Sports & Fitness
P016,P073,30,0.00032,0.01197,0.01416,0.84559,Burr Coffee Grinder,Strategy Board Game,Home & Kitchen,Toys & Games
P073,P016,30,0.00032,0.02287,0.02704,0.84559,Strategy Board Game,Burr Coffee Grinder,Toys & Games,Home & Kitchen
P012,P067,76,0.00082,0.01854,0.02196,0.84435,Gaming Mouse,Lip Balm 4-Pack,Electronics,Beauty & Care
P067,P012,76,0.00082,0.03735,0.04423,0.84435,Lip Balm 4-Pack,Gaming Mouse,Beauty & Care,Electronics
P001,P075,69,0.00074,0.01665,0.01973,0.84392,Wireless Earbuds,RC Car,Electronics,Toys & Games
P075,P001,69,0.00074,0.03775,0.04473,0.84392,RC Car,Wireless Earbuds,Toys & Games,Electronics
P015,P072,55,0.00059,0.02979,0.03532,0.8436,Cast Iron Skillet,Building Blocks 500pc,Home & Kitchen,Toys & Games
P072,P015,55,0.00059,0.0168,0.01992,0.8436,Building Blocks 500pc,Cast Iron Skillet,Toys & Games,Home & Kitchen
P082,P042,25,0.00027,0.03782,0.04488,0.84276,Artisan Dark Chocolate,Hiking Boots,Gourmet Grocery,Apparel
P042,P082,25,0.00027,0.00601,0.00713,0.84276,Hiking Boots,Artisan Dark Chocolate,Apparel,Gourmet Grocery
P075,P014,43,0.00046,0.02352,0.02792,0.84265,RC Car,Chef Knife Set,Toys & Games,Home & Kitchen
P014,P075,43,0.00046,0.01662,0.01973,0.84265,Chef Knife Set,RC Car,Home & Kitchen,Toys & Games
P086,P068,39,0.00042,0.0269,0.03193,0.84237,Raw Honey,Bamboo Toothbrush 4-Pack,Gourmet Grocery,Beauty & Care
P068,P086,39,0.00042,0.01318,0.01565,0.84237,Bamboo Toothbrush 4-Pack,Raw Honey,Beauty & Care,Gourmet Grocery
P049,P025,37,0.0004,0.01744,0.02071,0.84204,Sun Hat,Dinnerware 16pc,Apparel,Home & Kitchen
P025,P049,37,0.0004,0.01928,0.0229,0.84204,Dinnerware 16pc,Sun Hat,Home & Kitchen,Apparel
P009,P085,36,0.00039,0.01191,0.01415,0.84181,Smart Plug 2-Pack,Loose Leaf Tea,Electronics,Gourmet Grocery
P085,P009,36,0.00039,0.02746,0.03262,0.84181,Loose Leaf Tea,Smart Plug 2-Pack,Gourmet Grocery,Electronics
P007,P037,37,0.0004,0.02609,0.03101,0.84138,10in Tablet,Sleeping Pad,Electronics,Outdoor & Camping
P037,P007,37,0.0004,0.01287,0.0153,0.84138,Sleeping Pad,10in Tablet,Outdoor & Camping,Electronics
P055,P071,55,0.00059,0.01596,0.01897,0.84112,Foam Roller,Perfume 50ml,Sports & Fitness,Beauty & Care
P071,P055,55,0.00059,0.03129,0.0372,0.84112,Perfume 50ml,Foam Roller,Beauty & Care,Sports & Fitness
P039,P054,44,0.00047,0.01549,0.01842,0.84111,Rain Jacket,Insulated Water Bottle,Apparel,Sports & Fitness
P054,P039,44,0.00047,0.02578,0.03065,0.84111,Insulated Water Bottle,Rain Jacket,Sports & Fitness,Apparel
P020,P073,34,0.00037,0.0119,0.01416,0.8403,Stand Mixer,Strategy Board Game,Home & Kitchen,Toys & Games
P073,P020,34,0.00037,0.02591,0.03084,0.8403,Strategy Board Game,Stand Mixer,Toys & Games,Home & Kitchen
P016,P028,65,0.0007,0.02594,0.03087,0.84017,Burr Coffee Grinder,Sleeping Bag,Home & Kitchen,Outdoor & Camping
P028,P016,65,0.0007,0.02272,0.02704,0.84017,Sleeping Bag,Burr Coffee Grinder,Outdoor & Camping,Home & Kitchen
P040,P007,38,0.00041,0.01286,0.0153,0.84015,Fleece Pullover,10in Tablet,Apparel,Electronics
P007,P040,38,0.00041,0.0268,0.0319,0.84015,10in Tablet,Fleece Pullover,Electronics,Apparel
P048,P075,57,0.00062,0.01656,0.01973,0.83978,Down Vest,RC Car,Apparel,Toys & Games
P075,P048,57,0.00062,0.03118,0.03713,0.83978,RC Car,Down Vest,Toys & Games,Apparel
P040,P003,62,0.00067,0.02097,0.02498,0.83963,Fleece Pullover,Smartwatch,Apparel,Electronics
P003,P040,62,0.00067,0.02678,0.0319,0.83963,Smartwatch,Fleece Pullover,Electronics,Apparel
P034,P060,51,0.00055,0.01591,0.01896,0.83931,Trekking Poles,Protein Shaker,Outdoor & Camping,Sports & Fitness
P060,P034,51,0.00055,0.02903,0.03458,0.83931,Protein Shaker,Trekking Poles,Sports & Fitness,Outdoor & Camping
P069,P049,25,0.00027,0.0192,0.0229,0.83857,Body Wash,Sun Hat,Beauty & Care,Apparel
P049,P069,25,0.00027,0.01178,0.01405,0.83857,Sun Hat,Body Wash,Apparel,Beauty & Care
P067,P084,32,0.00035,0.01572,0.01875,0.83847,Lip Balm 4-Pack,Trail Mix 1kg,Beauty & Care,Gourmet Grocery
P084,P067,32,0.00035,0.01841,0.02196,0.83847,Trail Mix 1kg,Lip Balm 4-Pack,Gourmet Grocery,Beauty & Care
P048,P066,55,0.00059,0.01598,0.01907,0.83829,Down Vest,Beard Oil,Apparel,Beauty & Care
P066,P048,55,0.00059,0.03113,0.03713,0.83829,Beard Oil,Down Vest,Beauty & Care,Apparel
P074,P061,28,0.0003,0.01562,0.01865,0.83797,Jigsaw Puzzle 1000pc,Yoga Block Set,Toys & Games,Sports & Fitness
P061,P074,28,0.0003,0.0162,0.01934,0.83797,Yoga Block Set,Jigsaw Puzzle 1000pc,Sports & Fitness,Toys & Games
P058,P039,27,0.00029,0.02567,0.03065,0.8375,Kettlebell 12kg,Rain Jacket,Sports & Fitness,Apparel
P039,P058,27,0.00029,0.00951,0.01135,0.8375,Rain Jacket,Kettlebell 12kg,Apparel,Sports & Fitness
P067,P049,39,0.00042,0.01916,0.0229,0.83697,Lip Balm 4-Pack,Sun Hat,Beauty & Care,Apparel
P049,P067,39,0.00042,0.01838,0.02196,0.83697,Sun Hat,Lip Balm 4-Pack,Apparel,Beauty & Care
P034,P003,67,0.00072,0.0209,0.02498,0.83685,Trekking Poles,Smartwatch,Outdoor & Camping,Electronics
P003,P034,67,0.00072,0.02894,0.03458,0.83685,Smartwatch,Trekking Poles,Electronics,Outdoor & Camping
P026,P043,48,0.00052,0.01759,0.02102,0.83676,Scented Candle,Trail Running Shoes,Home & Kitchen,Apparel
P043,P026,48,0.00052,0.02464,0.02945,0.83676,Trail Running Shoes,Scented Candle,Apparel,Home & Kitchen
P030,P071,43,0.00046,0.01587,0.01897,0.83675,Headlamp,Perfume 50ml,Outdoor & Camping,Beauty & Care
P071,P030,43,0.00046,0.02446,0.02923,0.83675,Perfume 50ml,Headlamp,Beauty & Care,Outdoor & Camping
P089,P021,36,0.00039,0.01973,0.02358,0.83665,Dried Mango,Air Fryer,Gourmet Grocery,Home & Kitchen
P021,P089,36,0.00039,0.01648,0.01969,0.83665,Air Fryer,Dried Mango,Home & Kitchen,Gourmet Grocery
P054,P043,30,0.00032,0.01757,0.02102,0.83609,Insulated Water Bottle,Trail Running Shoes,Sports & Fitness,Apparel
P043,P054,30,0.00032,0.0154,0.01842,0.83609,Trail Running Shoes,Insulated Water Bottle,Apparel,Sports & Fitness
P014,P070,30,0.00032,0.0116,0.01388,0.83567,Chef Knife Set,Face Mask Set,Home & Kitchen,Beauty & Care
P070,P014,30,0.00032,0.02333,0.02792,0.83567,Face Mask Set,Chef Knife Set,Beauty & Care,Home & Kitchen
P071,P041,43,0.00046,0.02446,0.02927,0.83551,Perfume 50ml,Merino Base Layer,Beauty & Care,Apparel
P041,P071,43,0.00046,0.01585,0.01897,0.83551,Merino Base Layer,Perfume 50ml,Apparel,Beauty & Care
P076,P082,28,0.0003,0.00596,0.00713,0.83524,Plush Bear,Artisan Dark Chocolate,Toys & Games,Gourmet Grocery
P082,P076,28,0.0003,0.04236,0.05072,0.83524,Artisan Dark Chocolate,Plush Bear,Gourmet Grocery,Toys & Games
P078,P066,31,0.00033,0.01591,0.01907,0.83462,Card Game,Beard Oil,Toys & Games,Beauty & Care
P066,P078,31,0.00033,0.01754,0.02102,0.83462,Beard Oil,Card Game,Beauty & Care,Toys & Games
P070,P009,35,0.00038,0.02722,0.03262,0.83434,Face Mask Set,Smart Plug 2-Pack,Beauty & Care,Electronics
P009,P070,35,0.00038,0.01158,0.01388,0.83434,Smart Plug 2-Pack,Face Mask Set,Electronics,Beauty & Care
P078,P089,32,0.00035,0.01643,0.01969,0.83416,Card Game,Dried Mango,Toys & Games,Gourmet Grocery
P089,P078,32,0.00035,0.01753,0.02102,0.83416,Dried Mango,Card Game,Gourmet Grocery,Toys & Games
P033,P021,50,0.00054,0.01965,0.02358,0.83359,Camp Chair,Air Fryer,Outdoor & Camping,Home & Kitchen
P021,P033,50,0.00054,0.02288,0.02745,0.83359,Air Fryer,Camp Chair,Home & Kitchen,Outdoor & Camping
P039,P016,64,0.00069,0.02254,0.02704,0.83336,Rain Jacket,Burr Coffee Grinder,Apparel,Home & Kitchen
P016,P039,64,0.00069,0.02554,0.03065,0.83336,Burr Coffee Grinder,Rain Jacket,Home & Kitchen,Apparel
P072,P066,52,0.00056,0.01589,0.01907,0.83325,Building Blocks 500pc,Beard Oil,Toys & Games,Beauty & Care
P066,P072,52,0.00056,0.02943,0.03532,0.83325,Beard Oil,Building Blocks 500pc,Beauty & Care,Toys & Games
P052,P013,80,0.00086,0.02113,0.02537,0.83293,Adjustable Dumbbells,Tablet Sleeve,Sports & Fitness,Electronics
P013,P052,80,0.00086,0.03403,0.04085,0.83293,Tablet Sleeve,Adjustable Dumbbells,Electronics,Sports & Fitness
P025,P086,25,0.00027,0.01303,0.01565,0.83263,Dinnerware 16pc,Raw Honey,Home & Kitchen,Gourmet Grocery
P086,P025,25,0.00027,0.01724,0.02071,0.83263,Raw Honey,Dinnerware 16pc,Gourmet Grocery,Home & Kitchen
P072,P068,87,0.00094,0.02658,0.03193,0.83249,Building Blocks 500pc,Bamboo Toothbrush 4-Pack,Toys & Games,Beauty & Care
P068,P072,87,0.00094,0.0294,0.03532,0.83249,Bamboo Toothbrush 4-Pack,Building Blocks 500pc,Beauty & Care,Toys & Games
P023,P064,54,0.00058,0.01482,0.01783,0.83153,Glass Storage Set,Mineral Sunscreen,Home & Kitchen,Beauty & Care
P064,P023,54,0.00058,0.03269,0.03931,0.83153,Mineral Sunscreen,Glass Storage Set,Beauty & Care,Home & Kitchen
P066,P050,63,0.00068,0.03565,0.04288,0.83144,Beard Oil,Leather Belt,Beauty & Care,Apparel
P050,P066,63,0.00068,0.01585,0.01907,0.83144,Leather Belt,Beard Oil,Apparel,Beauty & Care
P054,P013,36,0.00039,0.02109,0.02537,0.83132,Insulated Water Bottle,Tablet Sleeve,Sports & Fitness,Electronics
P013,P054,36,0.00039,0.01531,0.01842,0.83132,Tablet Sleeve,Insulated Water Bottle,Electronics,Sports & Fitness
P009,P026,74,0.0008,0.02448,0.02945,0.83127,Smart Plug 2-Pack,Scented Candle,Electronics,Home & Kitchen
P026,P009,74,0.0008,0.02712,0.03262,0.83127,Scented Candle,Smart Plug 2-Pack,Home & Kitchen,Electronics
P042,P031,44,0.00047,0.01058,0.01274,0.83017,Hiking Boots,Hiking Backpack 40L,Apparel,Outdoor & Camping
P031,P042,44,0.00047,0.03726,0.04488,0.83017,Hiking Backpack 40L,Hiking Boots,Outdoor & Camping,Apparel
P020,P071,45,0.00049,0.01575,0.01897,0.83001,Stand Mixer,Perfume 50ml,Home & Kitchen,Beauty & Care
P071,P020,45,0.00049,0.0256,0.03084,0.83001,Perfume 50ml,Stand Mixer,Beauty & Care,Home & Kitchen
P086,P042,54,0.00058,0.03724,0.04488,0.82983,Raw Honey,Hiking Boots,Gourmet Grocery,Apparel
P042,P086,54,0.00058,0.01298,0.01565,0.82983,Hiking Boots,Raw Honey,Apparel,Gourmet Grocery
P008,P070,31,0.00033,0.01151,0.01388,0.82954,Noise-Cancelling Headphones,Face Mask Set,Electronics,Beauty & Care
P070,P008,31,0.00033,0.02411,0.02906,0.82954,Face Mask Set,Noise-Cancelling Headphones,Beauty & Care,Electronics
P033,P053,36,0.00039,0.01415,0.01707,0.82896,Camp Chair,Resistance Bands,Outdoor & Camping,Sports & Fitness
P053,P033,36,0.00039,0.02276,0.02745,0.82896,Resistance Bands,Camp Chair,Sports & Fitness,Outdoor & Camping
P051,P083,28,0.0003,0.05354,0.06463,0.82843,Yoga Mat,Extra Virgin Olive Oil,Sports & Fitness,Gourmet Grocery
P083,P051,28,0.0003,0.00468,0.00564,0.82843,Extra Virgin Olive Oil,Yoga Mat,Gourmet Grocery,Sports & Fitness
P016,P064,37,0.0004,0.01476,0.01783,0.82825,Burr Coffee Grinder,Mineral Sunscreen,Home & Kitchen,Beauty & Care
P064,P016,37,0.0004,0.0224,0.02704,0.82825,Mineral Sunscreen,Burr Coffee Grinder,Beauty & Care,Home & Kitchen
P071,P015,29,0.00031,0.0165,0.01992,0.82813,Perfume 50ml,Cast Iron Skillet,Beauty & Care,Home & Kitchen
P015,P071,29,0.00031,0.01571,0.01897,0.82813,Cast Iron Skillet,Perfume 50ml,Home & Kitchen,Beauty & Care
P076,P085,55,0.00059,0.0117,0.01415,0.82721,Plush Bear,Loose Leaf Tea,Toys & Games,Gourmet Grocery
P085,P076,55,0.00059,0.04195,0.05072,0.82721,Loose Leaf Tea,Plush Bear,Gourmet Grocery,Toys & Games
P042,P014,96,0.00104,0.02308,0.02792,0.82687,Hiking Boots,Chef Knife Set,Apparel,Home & Kitchen
P014,P042,96,0.00104,0.03711,0.04488,0.82687,Chef Knife Set,Hiking Boots,Home & Kitchen,Apparel
P057,P037,38,0.00041,0.02562,0.03101,0.82625,Fitness Tracker,Sleeping Pad,Sports & Fitness,Outdoor & Camping
P037,P057,38,0.00041,0.01322,0.016,0.82625,Sleeping Pad,Fitness Tracker,Outdoor & Camping,Sports & Fitness
P031,P059,44,0.00047,0.03726,0.04509,0.8262,Hiking Backpack 40L,Gym Bag,Outdoor & Camping,Sports & Fitness
P059,P031,44,0.00047,0.01053,0.01274,0.8262,Gym Bag,Hiking Backpack 40L,Sports & Fitness,Outdoor & Camping
P005,P056,44,0.00047,0.01414,0.01712,0.8259,USB-C Fast Charger,Jump Rope,Electronics,Sports & Fitness
P056,P005,44,0.00047,0.02773,0.03357,0.8259,Jump Rope,USB-C Fast Charger,Sports & Fitness,Electronics
P010,P071,41,0.00044,0.01565,0.01897,0.82493,Action Camera,Perfume 50ml,Electronics,Beauty & Care
P071,P010,41,0.00044,0.02332,0.02827,0.82493,Perfume 50ml,Action Camera,Beauty & Care,Electronics
P028,P061,44,0.00047,0.01538,0.01865,0.82479,Sleeping Bag,Yoga Block Set,Outdoor & Camping,Sports & Fitness
P061,P028,44,0.00047,0.02546,0.03087,0.82479,Yoga Block Set,Sleeping Bag,Sports & Fitness,Outdoor & Camping
P060,P074,28,0.0003,0.01594,0.01934,0.82414,Protein Shaker,Jigsaw Puzzle 1000pc,Sports & Fitness,Toys & Games
P074,P060,28,0.0003,0.01562,0.01896,0.82414,Jigsaw Puzzle 1000pc,Protein Shaker,Toys & Games,Sports & Fitness
P017,P011,35,0.00038,0.01174,0.01427,0.82278,French Press,E-Reader,Home & Kitchen,Electronics
P011,P017,35,0.00038,0.02648,0.03218,0.82278,E-Reader,French Press,Electronics,Home & Kitchen
P063,P052,31,0.00033,0.03355,0.04085,0.82123,Daily Moisturizer,Adjustable Dumbbells,Beauty & Care,Sports & Fitness
P052,P063,31,0.00033,0.00819,0.00997,0.82123,Adjustable Dumbbells,Daily Moisturizer,Sports & Fitness,Beauty & Care
P013,P061,36,0.00039,0.01531,0.01865,0.82122,Tablet Sleeve,Yoga Block Set,Electronics,Sports & Fitness
P061,P013,36,0.00039,0.02083,0.02537,0.82122,Yoga Block Set,Tablet Sleeve,Sports & Fitness,Electronics
P042,P035,44,0.00047,0.01058,0.01288,0.82113,Hiking Boots,Cooler 30L,Apparel,Outdoor & Camping
P035,P042,44,0.00047,0.03685,0.04488,0.82113,Cooler 30L,Hiking Boots,Outdoor & Camping,Apparel
P037,P061,44,0.00047,0.01531,0.01865,0.82106,Sleeping Pad,Yoga Block Set,Outdoor & Camping,Sports & Fitness
P061,P037,44,0.00047,0.02546,0.03101,0.82106,Yoga Block Set,Sleeping Pad,Sports & Fitness,Outdoor & Camping
P081,P087,36,0.00039,0.01173,0.01429,0.82105,Single-Origin Coffee Beans,Hot Sauce Trio,Gourmet Grocery,Gourmet Grocery
P087,P081,36,0.00039,0.02719,0.03312,0.82105,Hot Sauce Trio,Single-Origin Coffee Beans,Gourmet Grocery,Gourmet Grocery
P004,P045,47,0.00051,0.00936,0.01141,0.82054,Phone Case,Denim Jacket,Electronics,Apparel
P045,P004,47,0.00051,0.04447,0.05419,0.82054,Denim Jacket,Phone Case,Apparel,Electronics
P042,P084,64,0.00069,0.01539,0.01875,0.82053,Hiking Boots,Trail Mix 1kg,Apparel,Gourmet Grocery
P084,P042,64,0.00069,0.03682,0.04488,0.82053,Trail Mix 1kg,Hiking Boots,Gourmet Grocery,Apparel
P041,P054,41,0.00044,0.01511,0.01842,0.82045,Merino Base Layer,Insulated Water Bottle,Apparel,Sports & Fitness
P054,P041,41,0.00044,0.02402,0.02927,0.82045,Insulated Water Bottle,Merino Base Layer,Sports & Fitness,Apparel
P050,P035,42,0.00045,0.01057,0.01288,0.8203,Leather Belt,Cooler 30L,Apparel,Outdoor & Camping
P035,P050,42,0.00045,0.03518,0.04288,0.8203,Cooler 30L,Leather Belt,Outdoor & Camping,Apparel
P054,P021,33,0.00036,0.01933,0.02358,0.81994,Insulated Water Bottle,Air Fryer,Sports & Fitness,Home & Kitchen
P021,P054,33,0.00036,0.0151,0.01842,0.81994,Air Fryer,Insulated Water Bottle,Home & Kitchen,Sports & Fitness
P072,P050,115,0.00124,0.03514,0.04288,0.81936,Building Blocks 500pc,Leather Belt,Toys & Games,Apparel
P050,P072,115,0.00124,0.02894,0.03532,0.81936,Leather Belt,Building Blocks 500pc,Apparel,Toys & Games
P030,P056,38,0.00041,0.01403,0.01712,0.81913,Headlamp,Jump Rope,Outdoor & Camping,Sports & Fitness
P056,P030,38,0.00041,0.02394,0.02923,0.81913,Jump Rope,Headlamp,Sports & Fitness,Outdoor & Camping
P059,P064,61,0.00066,0.0146,0.01783,0.81884,Gym Bag,Mineral Sunscreen,Sports & Fitness,Beauty & Care
P064,P059,61,0.00066,0.03692,0.04509,0.81884,Mineral Sunscreen,Gym Bag,Beauty & Care,Sports & Fitness
P026,P036,37,0.0004,0.01356,0.01659,0.81748,Scented Candle,Insect Repellent,Home & Kitchen,Outdoor & Camping
P036,P026,37,0.0004,0.02407,0.02945,0.81748,Insect Repellent,Scented Candle,Outdoor & Camping,Home & Kitchen
P033,P018,32,0.00035,0.01258,0.01539,0.81746,Camp Chair,Non-Stick Pan Set,Outdoor & Camping,Home & Kitchen
P018,P033,32,0.00035,0.02244,0.02745,0.81746,Non-Stick Pan Set,Camp Chair,Home & Kitchen,Outdoor & Camping
P042,P007,52,0.00056,0.0125,0.0153,0.81713,Hiking Boots,10in Tablet,Apparel,Electronics
P007,P042,52,0.00056,0.03667,0.04488,0.81713,10in Tablet,Hiking Boots,Electronics,Apparel
P067,P010,47,0.00051,0.0231,0.02827,0.81693,Lip Balm 4-Pack,Action Camera,Beauty & Care,Electronics
P010,P067,47,0.00051,0.01794,0.02196,0.81693,Action Camera,Lip Balm 4-Pack,Electronics,Beauty & Care
P067,P086,26,0.00028,0.01278,0.01565,0.81657,Lip Balm 4-Pack,Raw Honey,Beauty & Care,Gourmet Grocery
P086,P067,26,0.00028,0.01793,0.02196,0.81657,Raw Honey,Lip Balm 4-Pack,Gourmet Grocery,Beauty & Care
P040,P067,53,0.00057,0.01793,0.02196,0.81651,Fleece Pullover,Lip Balm 4-Pack,Apparel,Beauty & Care
P067,P040,53,0.00057,0.02604,0.0319,0.81651,Lip Balm 4-Pack,Fleece Pullover,Beauty & Care,Apparel
P026,P076,113,0.00122,0.04141,0.05072,0.81645,Scented Candle,Plush Bear,Home & Kitchen,Toys & Games
P076,P026,113,0.00122,0.02404,0.02945,0.81645,Plush Bear,Scented Candle,Toys & Games,Home & Kitchen
P069,P012,47,0.00051,0.0361,0.04423,0.81614,Body Wash,Gaming Mouse,Beauty & Care,Electronics
P012,P069,47,0.00051,0.01147,0.01405,0.81614,Gaming Mouse,Body Wash,Electronics,Beauty & Care
P068,P036,40,0.00043,0.01352,0.01659,0.81507,Bamboo Toothbrush 4-Pack,Insect Repellent,Beauty & Care,Outdoor & Camping
P036,P068,40,0.00043,0.02602,0.03193,0.81507,Insect Repellent,Bamboo Toothbrush 4-Pack,Outdoor & Camping,Beauty & Care
P072,P070,37,0.0004,0.0113,0.01388,0.81464,Building Blocks 500pc,Face Mask Set,Toys & Games,Beauty & Care
P070,P072,37,0.0004,0.02877,0.03532,0.81464,Face Mask Set,Building Blocks 500pc,Beauty & Care,Toys & Games
P030,P047,99,0.00107,0.03654,0.04488,0.81431,Headlamp,Chino Pants,Outdoor & Camping,Apparel
P047,P030,99,0.00107,0.0238,0.02923,0.81431,Chino Pants,Headlamp,Apparel,Outdoor & Camping
P015,P067,33,0.00036,0.01788,0.02196,0.81409,Cast Iron Skillet,Lip Balm 4-Pack,Home & Kitchen,Beauty & Care
P067,P015,33,0.00036,0.01622,0.01992,0.81409,Lip Balm 4-Pack,Cast Iron Skillet,Beauty & Care,Home & Kitchen
P073,P083,69,0.00074,0.05259,0.06463,0.81379,Strategy Board Game,Extra Virgin Olive Oil,Toys & Games,Gourmet Grocery
P083,P073,69,0.00074,0.01152,0.01416,0.81379,Extra Virgin Olive Oil,Strategy Board Game,Gourmet Grocery,Toys & Games
P006,P044,43,0.00046,0.02919,0.03592,0.81265,Power Bank 20K,Wool Socks 3-Pack,Electronics,Apparel
P044,P006,43,0.00046,0.01292,0.01589,0.81265,Wool Socks 3-Pack,Power Bank 20K,Apparel,Electronics
P075,P083,96,0.00104,0.05252,0.06463,0.81263,RC Car,Extra Virgin Olive Oil,Toys & Games,Gourmet Grocery
P083,P075,96,0.00104,0.01603,0.01973,0.81263,Extra Virgin Olive Oil,RC Car,Gourmet Grocery,Toys & Games
P073,P040,34,0.00037,0.02591,0.0319,0.81244,Strategy Board Game,Fleece Pullover,Toys & Games,Apparel
P040,P073,34,0.00037,0.0115,0.01416,0.81244,Fleece Pullover,Strategy Board Game,Apparel,Toys & Games
P027,P084,43,0.00046,0.01523,0.01875,0.8122,2-Person Tent,Trail Mix 1kg,Outdoor & Camping,Gourmet Grocery
P084,P027,43,0.00046,0.02474,0.03046,0.8122,Trail Mix 1kg,2-Person Tent,Gourmet Grocery,Outdoor & Camping
P055,P021,66,0.00071,0.01915,0.02358,0.81209,Foam Roller,Air Fryer,Sports & Fitness,Home & Kitchen
P021,P055,66,0.00071,0.03021,0.0372,0.81209,Air Fryer,Foam Roller,Home & Kitchen,Sports & Fitness
P026,P060,42,0.00045,0.01539,0.01896,0.81176,Scented Candle,Protein Shaker,Home & Kitchen,Sports & Fitness
P060,P026,42,0.00045,0.0239,0.02945,0.81176,Protein Shaker,Scented Candle,Sports & Fitness,Home & Kitchen
P003,P028,58,0.00063,0.02505,0.03087,0.81154,Smartwatch,Sleeping Bag,Electronics,Outdoor & Camping
P028,P003,58,0.00063,0.02027,0.02498,0.81154,Sleeping Bag,Smartwatch,Outdoor & Camping,Electronics
P023,P013,75,0.00081,0.02059,0.02537,0.81153,Glass Storage Set,Tablet Sleeve,Home & Kitchen,Electronics
P013,P023,75,0.00081,0.0319,0.03931,0.81153,Tablet Sleeve,Glass Storage Set,Electronics,Home & Kitchen
P054,P004,75,0.00081,0.04394,0.05419,0.81078,Insulated Water Bottle,Phone Case,Sports & Fitness,Electronics
P004,P054,75,0.00081,0.01493,0.01842,0.81078,Phone Case,Insulated Water Bottle,Electronics,Sports & Fitness
P067,P014,46,0.0005,0.0226,0.02792,0.80975,Lip Balm 4-Pack,Chef Knife Set,Beauty & Care,Home & Kitchen
P014,P067,46,0.0005,0.01778,0.02196,0.80975,Chef Knife Set,Lip Balm 4-Pack,Home & Kitchen,Beauty & Care
P039,P009,75,0.00081,0.02641,0.03262,0.80958,Rain Jacket,Smart Plug 2-Pack,Apparel,Electronics
P009,P039,75,0.00081,0.02481,0.03065,0.80958,Smart Plug 2-Pack,Rain Jacket,Electronics,Apparel
P012,P022,154,0.00166,0.03757,0.04642,0.80933,Gaming Mouse,Linen Towel Set,Electronics,Home & Kitchen
P022,P012,154,0.00166,0.0358,0.04423,0.80933,Linen Towel Set,Gaming Mouse,Home & Kitchen,Electronics
P076,P003,95,0.00103,0.02021,0.02498,0.80915,Plush Bear,Smartwatch,Toys & Games,Electronics
P003,P076,95,0.00103,0.04104,0.05072,0.80915,Smartwatch,Plush Bear,Electronics,Toys & Games
P014,P078,44,0.00047,0.01701,0.02102,0.80913,Chef Knife Set,Card Game,Home & Kitchen,Toys & Games
P078,P014,44,0.00047,0.02259,0.02792,0.80913,Card Game,Chef Knife Set,Toys & Games,Home & Kitchen
P018,P059,52,0.00056,0.03647,0.04509,0.80866,Non-Stick Pan Set,Gym Bag,Home & Kitchen,Sports & Fitness
P059,P018,52,0.00056,0.01244,0.01539,0.80866,Gym Bag,Non-Stick Pan Set,Sports & Fitness,Home & Kitchen
P084,P016,38,0.00041,0.02186,0.02704,0.80855,Trail Mix 1kg,Burr Coffee Grinder,Gourmet Grocery,Home & Kitchen
P016,P084,38,0.00041,0.01516,0.01875,0.80855,Burr Coffee Grinder,Trail Mix 1kg,Home & Kitchen,Gourmet Grocery
P089,P044,53,0.00057,0.02904,0.03592,0.80845,Dried Mango,Wool Socks 3-Pack,Gourmet Grocery,Apparel
P044,P089,53,0.00057,0.01592,0.01969,0.80845,Wool Socks 3-Pack,Dried Mango,Apparel,Gourmet Grocery
P006,P043,25,0.00027,0.01697,0.02102,0.80742,Power Bank 20K,Trail Running Shoes,Electronics,Apparel
P043,P006,25,0.00027,0.01283,0.01589,0.80742,Trail Running Shoes,Power Bank 20K,Apparel,Electronics
P087,P028,33,0.00036,0.02492,0.03087,0.80735,Hot Sauce Trio,Sleeping Bag,Gourmet Grocery,Outdoor & Camping
P028,P087,33,0.00036,0.01153,0.01429,0.80735,Sleeping Bag,Hot Sauce Trio,Outdoor & Camping,Gourmet Grocery
P026,P008,64,0.00069,0.02345,0.02906,0.80704,Scented Candle,Noise-Cancelling Headphones,Home & Kitchen,Electronics
P008,P026,64,0.00069,0.02377,0.02945,0.80704,Noise-Cancelling Headphones,Scented Candle,Electronics,Home & Kitchen
P046,P071,55,0.00059,0.0153,0.01897,0.80671,Organic Cotton Tee,Perfume 50ml,Apparel,Beauty & Care
P071,P046,55,0.00059,0.03129,0.03878,0.80671,Perfume 50ml,Organic Cotton Tee,Beauty & Care,Apparel
P074,P008,42,0.00045,0.02344,0.02906,0.80654,Jigsaw Puzzle 1000pc,Noise-Cancelling Headphones,Toys & Games,Electronics
P008,P074,42,0.00045,0.0156,0.01934,0.80654,Noise-Cancelling Headphones,Jigsaw Puzzle 1000pc,Electronics,Toys & Games
P062,P059,183,0.00197,0.03636,0.04509,0.80632,Vitamin C Serum,Gym Bag,Beauty & Care,Sports & Fitness
P059,P062,183,0.00197,0.04379,0.05431,0.80632,Gym Bag,Vitamin C Serum,Sports & Fitness,Beauty & Care
P060,P066,27,0.00029,0.01537,0.01907,0.80595,Protein Shaker,Beard Oil,Sports & Fitness,Beauty & Care
P066,P060,27,0.00029,0.01528,0.01896,0.80595,Beard Oil,Protein Shaker,Beauty & Care,Sports & Fitness
P020,P001,103,0.00111,0.03604,0.04473,0.80576,Stand Mixer,Wireless Earbuds,Home & Kitchen,Electronics
P001,P020,103,0.00111,0.02485,0.03084,0.80576,Wireless Earbuds,Stand Mixer,Electronics,Home & Kitchen
P033,P073,29,0.00031,0.0114,0.01416,0.80519,Camp Chair,Strategy Board Game,Outdoor & Camping,Toys & Games
P073,P033,29,0.00031,0.0221,0.02745,0.80519,Strategy Board Game,Camp Chair,Toys & Games,Outdoor & Camping
P007,P062,62,0.00067,0.04372,0.05431,0.80509,10in Tablet,Vitamin C Serum,Electronics,Beauty & Care
P062,P007,62,0.00067,0.01232,0.0153,0.80509,Vitamin C Serum,10in Tablet,Beauty & Care,Electronics
P048,P083,179,0.00193,0.05202,0.06463,0.80495,Down Vest,Extra Virgin Olive Oil,Apparel,Gourmet Grocery
P083,P048,179,0.00193,0.02989,0.03713,0.80495,Extra Virgin Olive Oil,Down Vest,Gourmet Grocery,Apparel
P004,P076,205,0.00221,0.04082,0.05072,0.80488,Phone Case,Plush Bear,Electronics,Toys & Games
P076,P004,205,0.00221,0.04362,0.05419,0.80488,Plush Bear,Phone Case,Toys & Games,Electronics
P014,P089,41,0.00044,0.01585,0.01969,0.80478,Chef Knife Set,Dried Mango,Home & Kitchen,Gourmet Grocery
P089,P014,41,0.00044,0.02247,0.02792,0.80478,Dried Mango,Chef Knife Set,Gourmet Grocery,Home & Kitchen
P015,P010,42,0.00045,0.02275,0.02827,0.80477,Cast Iron Skillet,Action Camera,Home & Kitchen,Electronics
P010,P015,42,0.00045,0.01603,0.01992,0.80477,Action Camera,Cast Iron Skillet,Electronics,Home & Kitchen
P062,P014,113,0.00122,0.02245,0.02792,0.80428,Vitamin C Serum,Chef Knife Set,Beauty & Care,Home & Kitchen
P014,P062,113,0.00122,0.04368,0.05431,0.80428,Chef Knife Set,Vitamin C Serum,Home & Kitchen,Beauty & Care
P033,P066,39,0.00042,0.01533,0.01907,0.80402,Camp Chair,Beard Oil,Outdoor & Camping,Beauty & Care
P066,P033,39,0.00042,0.02207,0.02745,0.80402,Beard Oil,Camp Chair,Beauty & Care,Outdoor & Camping
P056,P008,37,0.0004,0.02331,0.02906,0.80231,Jump Rope,Noise-Cancelling Headphones,Sports & Fitness,Electronics
P008,P056,37,0.0004,0.01374,0.01712,0.80231,Noise-Cancelling Headphones,Jump Rope,Electronics,Sports & Fitness
P046,P059,130,0.0014,0.03617,0.04509,0.80213,Organic Cotton Tee,Gym Bag,Apparel,Sports & Fitness
P059,P046,130,0.0014,0.03111,0.03878,0.80213,Gym Bag,Organic Cotton Tee,Sports & Fitness,Apparel
P057,P043,25,0.00027,0.01686,0.02102,0.80198,Fitness Tracker,Trail Running Shoes,Sports & Fitness,Apparel
P043,P057,25,0.00027,0.01283,0.016,0.80198,Trail Running Shoes,Fitness Tracker,Apparel,Sports & Fitness
P048,P010,78,0.00084,0.02267,0.02827,0.80179,Down Vest,Action Camera,Apparel,Electronics
P010,P048,78,0.00084,0.02977,0.03713,0.80179,Action Camera,Down Vest,Electronics,Apparel
P040,P010,67,0.00072,0.02267,0.02827,0.80172,Fleece Pullover,Action Camera,Apparel,Electronics
P010,P040,67,0.00072,0.02557,0.0319,0.80172,Action Camera,Fleece Pullover,Electronics,Apparel
P016,P049,46,0.0005,0.01836,0.0229,0.80165,Burr Coffee Grinder,Sun Hat,Home & Kitchen,Apparel
P049,P016,46,0.0005,0.02168,0.02704,0.80165,Sun Hat,Burr Coffee Grinder,Apparel,Home & Kitchen
P086,P005,39,0.00042,0.0269,0.03357,0.80122,Raw Honey,USB-C Fast Charger,Gourmet Grocery,Electronics
P005,P086,39,0.00042,0.01254,0.01565,0.80122,USB-C Fast Charger,Raw Honey,Electronics,Gourmet Grocery
P030,P087,31,0.00033,0.01144,0.01429,0.80097,Headlamp,Hot Sauce Trio,Outdoor & Camping,Gourmet Grocery
P087,P030,31,0.00033,0.02341,0.02923,0.80097,Hot Sauce Trio,Headlamp,Gourmet Grocery,Outdoor & Camping
P027,P073,32,0.00035,0.01134,0.01416,0.80068,2-Person Tent,Strategy Board Game,Outdoor & Camping,Toys & Games
P073,P027,32,0.00035,0.02439,0.03046,0.80068,Strategy Board Game,2-Person Tent,Toys & Games,Outdoor & Camping
P028,P058,26,0.00028,0.00909,0.01135,0.80056,Sleeping Bag,Kettlebell 12kg,Outdoor & Camping,Sports & Fitness
P058,P028,26,0.00028,0.02471,0.03087,0.80056,Kettlebell 12kg,Sleeping Bag,Sports & Fitness,Outdoor & Camping
P028,P021,54,0.00058,0.01887,0.02358,0.80053,Sleeping Bag,Air Fryer,Outdoor & Camping,Home & Kitchen
P021,P028,54,0.00058,0.02471,0.03087,0.80053,Air Fryer,Sleeping Bag,Home & Kitchen,Outdoor & Camping
P037,P064,41,0.00044,0.01427,0.01783,0.80028,Sleeping Pad,Mineral Sunscreen,Outdoor & Camping,Beauty & Care
P064,P037,41,0.00044,0.02482,0.03101,0.80028,Mineral Sunscreen,Sleeping Pad,Beauty & Care,Outdoor & Camping
P030,P083,140,0.00151,0.05168,0.06463,0.79968,Headlamp,Extra Virgin Olive Oil,Outdoor & Camping,Gourmet Grocery
P083,P030,140,0.00151,0.02338,0.02923,0.79968,Extra Virgin Olive Oil,Headlamp,Gourmet Grocery,Outdoor & Camping
P027,P014,63,0.00068,0.02232,0.02792,0.79944,2-Person Tent,Chef Knife Set,Outdoor & Camping,Home & Kitchen
P014,P027,63,0.00068,0.02435,0.03046,0.79944,Chef Knife Set,2-Person Tent,Home & Kitchen,Outdoor & Camping
P004,P052,164,0.00177,0.03266,0.04085,0.79936,Phone Case,Adjustable Dumbbells,Electronics,Sports & Fitness
P052,P004,164,0.00177,0.04332,0.05419,0.79936,Adjustable Dumbbells,Phone Case,Sports & Fitness,Electronics
P058,P022,39,0.00042,0.03707,0.04642,0.7986,Kettlebell 12kg,Linen Towel Set,Sports & Fitness,Home & Kitchen
P022,P058,39,0.00042,0.00907,0.01135,0.7986,Linen Towel Set,Kettlebell 12kg,Home & Kitchen,Sports & Fitness
P037,P042,103,0.00111,0.03584,0.04488,0.79857,Sleeping Pad,Hiking Boots,Outdoor & Camping,Apparel
P042,P037,103,0.00111,0.02477,0.03101,0.79857,Hiking Boots,Sleeping Pad,Apparel,Outdoor & Camping
P017,P068,76,0.00082,0.02549,0.03193,0.7982,French Press,Bamboo Toothbrush 4-Pack,Home & Kitchen,Beauty & Care
P068,P017,76,0.00082,0.02568,0.03218,0.7982,Bamboo Toothbrush 4-Pack,French Press,Beauty & Care,Home & Kitchen
P048,P031,35,0.00038,0.01017,0.01274,0.79815,Down Vest,Hiking Backpack 40L,Apparel,Outdoor & Camping
P031,P048,35,0.00038,0.02964,0.03713,0.79815,Hiking Backpack 40L,Down Vest,Outdoor & Camping,Apparel
P015,P089,29,0.00031,0.01571,0.01969,0.79773,Cast Iron Skillet,Dried Mango,Home & Kitchen,Gourmet Grocery
P089,P015,29,0.00031,0.01589,0.01992,0.79773,Dried Mango,Cast Iron Skillet,Gourmet Grocery,Home & Kitchen
P057,P027,36,0.00039,0.02428,0.03046,0.7969,Fitness Tracker,2-Person Tent,Sports & Fitness,Outdoor & Camping
P027,P057,36,0.00039,0.01275,0.016,0.7969,2-Person Tent,Fitness Tracker,Outdoor & Camping,Sports & Fitness
P048,P089,54,0.00058,0.01569,0.01969,0.79689,Down Vest,Dried Mango,Apparel,Gourmet Grocery
P089,P048,54,0.00058,0.02959,0.03713,0.79689,Dried Mango,Down Vest,Gourmet Grocery,Apparel
P063,P072,26,0.00028,0.02814,0.03532,0.79673,Daily Moisturizer,Building Blocks 500pc,Beauty & Care,Toys & Games
P072,P063,26,0.00028,0.00794,0.00997,0.79673,Building Blocks 500pc,Daily Moisturizer,Toys & Games,Beauty & Care
P052,P011,43,0.00046,0.01136,0.01427,0.79618,Adjustable Dumbbells,E-Reader,Sports & Fitness,Electronics
P011,P052,43,0.00046,0.03253,0.04085,0.79618,E-Reader,Adjustable Dumbbells,Electronics,Sports & Fitness
P021,P071,33,0.00036,0.0151,0.01897,0.79615,Air Fryer,Perfume 50ml,Home & Kitchen,Beauty & Care
P071,P021,33,0.00036,0.01877,0.02358,0.79615,Perfume 50ml,Air Fryer,Beauty & Care,Home & Kitchen
P072,P009,85,0.00092,0.02597,0.03262,0.79614,Building Blocks 500pc,Smart Plug 2-Pack,Toys & Games,Electronics
P009,P072,85,0.00092,0.02812,0.03532,0.79614,Smart Plug 2-Pack,Building Blocks 500pc,Electronics,Toys & Games
P021,P064,31,0.00033,0.01419,0.01783,0.79589,Air Fryer,Mineral Sunscreen,Home & Kitchen,Beauty & Care
P064,P021,31,0.00033,0.01877,0.02358,0.79589,Mineral Sunscreen,Air Fryer,Beauty & Care,Home & Kitchen
P017,P071,45,0.00049,0.01509,0.01897,0.7955,French Press,Perfume 50ml,Home & Kitchen,Beauty & Care
P071,P017,45,0.00049,0.0256,0.03218,0.7955,Perfume 50ml,French Press,Beauty & Care,Home & Kitchen
P005,P047,111,0.0012,0.03568,0.04488,0.79504,USB-C Fast Charger,Chino Pants,Electronics,Apparel
P047,P005,111,0.0012,0.02669,0.03357,0.79504,Chino Pants,USB-C Fast Charger,Apparel,Electronics
P023,P045,33,0.00036,0.00906,0.01141,0.79421,Glass Storage Set,Denim Jacket,Home & Kitchen,Apparel
P045,P023,33,0.00036,0.03122,0.03931,0.79421,Denim Jacket,Glass Storage Set,Apparel,Home & Kitchen
P040,P001,105,0.00113,0.03552,0.04473,0.79417,Fleece Pullover,Wireless Earbuds,Apparel,Electronics
P001,P040,105,0.00113,0.02533,0.0319,0.79417,Wireless Earbuds,Fleece Pullover,Electronics,Apparel
P085,P003,26,0.00028,0.01983,0.02498,0.79391,Loose Leaf Tea,Smartwatch,Gourmet Grocery,Electronics
P003,P085,26,0.00028,0.01123,0.01415,0.79391,Smartwatch,Loose Leaf Tea,Electronics,Gourmet Grocery
P070,P059,46,0.0005,0.03577,0.04509,0.79323,Face Mask Set,Gym Bag,Beauty & Care,Sports & Fitness
P059,P070,46,0.0005,0.01101,0.01388,0.79323,Gym Bag,Face Mask Set,Sports & Fitness,Beauty & Care
P061,P039,42,0.00045,0.02431,0.03065,0.79312,Yoga Block Set,Rain Jacket,Sports & Fitness,Apparel
P039,P061,42,0.00045,0.01479,0.01865,0.79312,Rain Jacket,Yoga Block Set,Apparel,Sports & Fitness
P027,P017,72,0.00078,0.0255,0.03218,0.79262,2-Person Tent,French Press,Outdoor & Camping,Home & Kitchen
P017,P027,72,0.00078,0.02414,0.03046,0.79262,French Press,2-Person Tent,Home & Kitchen,Outdoor & Camping
P039,P035,29,0.00031,0.01021,0.01288,0.79255,Rain Jacket,Cooler 30L,Apparel,Outdoor & Camping
P035,P039,29,0.00031,0.02429,0.03065,0.79255,Cooler 30L,Rain Jacket,Outdoor & Camping,Apparel
P072,P011,37,0.0004,0.0113,0.01427,0.79246,Building Blocks 500pc,E-Reader,Toys & Games,Electronics
P011,P072,37,0.0004,0.02799,0.03532,0.79246,E-Reader,Building Blocks 500pc,Electronics,Toys & Games
P039,P057,36,0.00039,0.01268,0.016,0.79213,Rain Jacket,Fitness Tracker,Apparel,Sports & Fitness
P057,P039,36,0.00039,0.02428,0.03065,0.79213,Fitness Tracker,Rain Jacket,Sports & Fitness,Apparel
P056,P009,41,0.00044,0.02583,0.03262,0.79199,Jump Rope,Smart Plug 2-Pack,Sports & Fitness,Electronics
P009,P056,41,0.00044,0.01356,0.01712,0.79199,Smart Plug 2-Pack,Jump Rope,Electronics,Sports & Fitness
P026,P071,41,0.00044,0.01502,0.01897,0.79198,Scented Candle,Perfume 50ml,Home & Kitchen,Beauty & Care
P071,P026,41,0.00044,0.02332,0.02945,0.79198,Perfume 50ml,Scented Candle,Beauty & Care,Home & Kitchen
P055,P018,42,0.00045,0.01218,0.01539,0.79185,Foam Roller,Non-Stick Pan Set,Sports & Fitness,Home & Kitchen
P018,P055,42,0.00045,0.02945,0.0372,0.79185,Non-Stick Pan Set,Foam Roller,Home & Kitchen,Sports & Fitness
P073,P014,29,0.00031,0.0221,0.02792,0.79181,Strategy Board Game,Chef Knife Set,Toys & Games,Home & Kitchen
P014,P073,29,0.00031,0.01121,0.01416,0.79181,Chef Knife Set,Strategy Board Game,Home & Kitchen,Toys & Games
P020,P059,102,0.0011,0.03569,0.04509,0.79144,Stand Mixer,Gym Bag,Home & Kitchen,Sports & Fitness
P059,P020,102,0.0011,0.02441,0.03084,0.79144,Gym Bag,Stand Mixer,Sports & Fitness,Home & Kitchen
P005,P028,76,0.00082,0.02443,0.03087,0.79131,USB-C Fast Charger,Sleeping Bag,Electronics,Outdoor & Camping
P028,P005,76,0.00082,0.02656,0.03357,0.79131,Sleeping Bag,USB-C Fast Charger,Outdoor & Camping,Electronics
P047,P010,93,0.001,0.02236,0.02827,0.79094,Chino Pants,Action Camera,Apparel,Electronics
P010,P047,93,0.001,0.0355,0.04488,0.79094,Action Camera,Chino Pants,Electronics,Apparel
P005,P053,42,0.00045,0.0135,0.01707,0.79085,USB-C Fast Charger,Resistance Bands,Electronics,Sports & Fitness
P053,P005,42,0.00045,0.02655,0.03357,0.79085,Resistance Bands,USB-C Fast Charger,Sports & Fitness,Electronics
P017,P049,54,0.00058,0.01811,0.0229,0.79085,French Press,Sun Hat,Home & Kitchen,Apparel
P049,P017,54,0.00058,0.02545,0.03218,0.79085,Sun Hat,French Press,Apparel,Home & Kitchen
P041,P061,40,0.00043,0.01474,0.01865,0.79071,Merino Base Layer,Yoga Block Set,Apparel,Sports & Fitness
P061,P041,40,0.00043,0.02315,0.02927,0.79071,Yoga Block Set,Merino Base Layer,Sports & Fitness,Apparel
P068,P018,36,0.00039,0.01217,0.01539,0.79066,Bamboo Toothbrush 4-Pack,Non-Stick Pan Set,Beauty & Care,Home & Kitchen
P018,P068,36,0.00039,0.02525,0.03193,0.79066,Non-Stick Pan Set,Bamboo Toothbrush 4-Pack,Home & Kitchen,Beauty & Care
P015,P013,37,0.0004,0.02004,0.02537,0.79008,Cast Iron Skillet,Tablet Sleeve,Home & Kitchen,Electronics
P013,P015,37,0.0004,0.01574,0.01992,0.79008,Tablet Sleeve,Cast Iron Skillet,Electronics,Home & Kitchen
P089,P003,36,0.00039,0.01973,0.02498,0.78966,Dried Mango,Smartwatch,Gourmet Grocery,Electronics
P003,P089,36,0.00039,0.01555,0.01969,0.78966,Smartwatch,Dried Mango,Electronics,Gourmet Grocery
P007,P023,44,0.00047,0.03103,0.03931,0.78935,10in Tablet,Glass Storage Set,Electronics,Home & Kitchen
P023,P007,44,0.00047,0.01208,0.0153,0.78935,Glass Storage Set,10in Tablet,Home & Kitchen,Electronics
P040,P021,55,0.00059,0.01861,0.02358,0.78915,Fleece Pullover,Air Fryer,Apparel,Home & Kitchen
P021,P040,55,0.00059,0.02517,0.0319,0.78915,Air Fryer,Fleece Pullover,Home & Kitchen,Apparel
P020,P066,43,0.00046,0.01505,0.01907,0.78908,Stand Mixer,Beard Oil,Home & Kitchen,Beauty & Care
P066,P020,43,0.00046,0.02434,0.03084,0.78908,Beard Oil,Stand Mixer,Beauty & Care,Home & Kitchen
P075,P016,39,0.00042,0.02133,0.02704,0.78897,RC Car,Burr Coffee Grinder,Toys & Games,Home & Kitchen
P016,P075,39,0.00042,0.01556,0.01973,0.78897,Burr Coffee Grinder,RC Car,Home & Kitchen,Toys & Games
P072,P026,76,0.00082,0.02322,0.02945,0.78853,Building Blocks 500pc,Scented Candle,Toys & Games,Home & Kitchen
P026,P072,76,0.00082,0.02785,0.03532,0.78853,Scented Candle,Building Blocks 500pc,Home & Kitchen,Toys & Games
P059,P026,97,0.00105,0.02321,0.02945,0.78822,Gym Bag,Scented Candle,Sports & Fitness,Home & Kitchen
P026,P059,97,0.00105,0.03554,0.04509,0.78822,Scented Candle,Gym Bag,Home & Kitchen,Sports & Fitness
P021,P003,43,0.00046,0.01968,0.02498,0.78781,Air Fryer,Smartwatch,Home & Kitchen,Electronics
P003,P021,43,0.00046,0.01857,0.02358,0.78781,Smartwatch,Air Fryer,Electronics,Home & Kitchen
P067,P033,44,0.00047,0.02162,0.02745,0.78763,Lip Balm 4-Pack,Camp Chair,Beauty & Care,Outdoor & Camping
P033,P067,44,0.00047,0.0173,0.02196,0.78763,Camp Chair,Lip Balm 4-Pack,Outdoor & Camping,Beauty & Care
P008,P039,65,0.0007,0.02414,0.03065,0.78761,Noise-Cancelling Headphones,Rain Jacket,Electronics,Apparel
P039,P008,65,0.0007,0.02289,0.02906,0.78761,Rain Jacket,Noise-Cancelling Headphones,Apparel,Electronics
P032,P083,53,0.00057,0.05086,0.06463,0.78706,Water Filter,Extra Virgin Olive Oil,Outdoor & Camping,Gourmet Grocery
P083,P032,53,0.00057,0.00885,0.01124,0.78706,Extra Virgin Olive Oil,Water Filter,Gourmet Grocery,Outdoor & Camping
P024,P083,79,0.00085,0.05084,0.06463,0.78664,Electric Kettle,Extra Virgin Olive Oil,Home & Kitchen,Gourmet Grocery
P083,P024,79,0.00085,0.01319,0.01677,0.78664,Extra Virgin Olive Oil,Electric Kettle,Gourmet Grocery,Home & Kitchen
P035,P001,42,0.00045,0.03518,0.04473,0.78645,Cooler 30L,Wireless Earbuds,Outdoor & Camping,Electronics
P001,P035,42,0.00045,0.01013,0.01288,0.78645,Wireless Earbuds,Cooler 30L,Electronics,Outdoor & Camping
P062,P060,75,0.00081,0.0149,0.01896,0.78599,Vitamin C Serum,Protein Shaker,Beauty & Care,Sports & Fitness
P060,P062,75,0.00081,0.04269,0.05431,0.78599,Protein Shaker,Vitamin C Serum,Sports & Fitness,Beauty & Care
P075,P062,78,0.00084,0.04267,0.05431,0.78568,RC Car,Vitamin C Serum,Toys & Games,Beauty & Care
P062,P075,78,0.00084,0.0155,0.01973,0.78568,Vitamin C Serum,RC Car,Beauty & Care,Toys & Games
P044,P083,169,0.00182,0.05077,0.06463,0.78555,Wool Socks 3-Pack,Extra Virgin Olive Oil,Apparel,Gourmet Grocery
P083,P044,169,0.00182,0.02822,0.03592,0.78555,Extra Virgin Olive Oil,Wool Socks 3-Pack,Gourmet Grocery,Apparel
P036,P025,25,0.00027,0.01627,0.02071,0.7855,Insect Repellent,Dinnerware 16pc,Outdoor & Camping,Home & Kitchen
P025,P036,25,0.00027,0.01303,0.01659,0.7855,Dinnerware 16pc,Insect Repellent,Home & Kitchen,Outdoor & Camping
P034,P017,81,0.00087,0.02527,0.03218,0.78542,Trekking Poles,French Press,Outdoor & Camping,Home & Kitchen
P017,P034,81,0.00087,0.02716,0.03458,0.78542,French Press,Trekking Poles,Home & Kitchen,Outdoor & Camping
P054,P005,45,0.00049,0.02636,0.03357,0.78529,Insulated Water Bottle,USB-C Fast Charger,Sports & Fitness,Electronics
P005,P054,45,0.00049,0.01446,0.01842,0.78529,USB-C Fast Charger,Insulated Water Bottle,Electronics,Sports & Fitness
P020,P083,145,0.00156,0.05073,0.06463,0.78506,Stand Mixer,Extra Virgin Olive Oil,Home & Kitchen,Gourmet Grocery
P083,P020,145,0.00156,0.02421,0.03084,0.78506,Extra Virgin Olive Oil,Stand Mixer,Gourmet Grocery,Home & Kitchen
P071,P078,29,0.00031,0.0165,0.02102,0.78477,Perfume 50ml,Card Game,Beauty & Care,Toys & Games
P078,P071,29,0.00031,0.01489,0.01897,0.78477,Card Game,Perfume 50ml,Toys & Games,Beauty & Care
P084,P066,26,0.00028,0.01496,0.01907,0.78459,Trail Mix 1kg,Beard Oil,Gourmet Grocery,Beauty & Care
P066,P084,26,0.00028,0.01471,0.01875,0.78459,Beard Oil,Trail Mix 1kg,Beauty & Care,Gourmet Grocery
P062,P078,83,0.0009,0.01649,0.02102,0.78454,Vitamin C Serum,Card Game,Beauty & Care,Toys & Games
P078,P062,83,0.0009,0.04261,0.05431,0.78454,Card Game,Vitamin C Serum,Toys & Games,Beauty & Care
P005,P059,110,0.00119,0.03536,0.04509,0.7841,USB-C Fast Charger,Gym Bag,Electronics,Sports & Fitness
P059,P005,110,0.00119,0.02632,0.03357,0.7841,Gym Bag,USB-C Fast Charger,Sports & Fitness,Electronics
P057,P004,63,0.00068,0.04248,0.05419,0.78393,Fitness Tracker,Phone Case,Sports & Fitness,Electronics
P004,P057,63,0.00068,0.01254,0.016,0.78393,Phone Case,Fitness Tracker,Electronics,Sports & Fitness
P073,P001,46,0.0005,0.03506,0.04473,0.78389,Strategy Board Game,Wireless Earbuds,Toys & Games,Electronics
P001,P073,46,0.0005,0.0111,0.01416,0.78389,Wireless Earbuds,Strategy Board Game,Electronics,Toys & Games
P039,P019,33,0.00036,0.01162,0.01483,0.78372,Rain Jacket,Cutting Board,Apparel,Home & Kitchen
P019,P039,33,0.00036,0.02402,0.03065,0.78372,Cutting Board,Rain Jacket,Home & Kitchen,Apparel
P034,P010,71,0.00077,0.02215,0.02827,0.78358,Trekking Poles,Action Camera,Outdoor & Camping,Electronics
P010,P034,71,0.00077,0.0271,0.03458,0.78358,Action Camera,Trekking Poles,Electronics,Outdoor & Camping
P023,P043,60,0.00065,0.01647,0.02102,0.78353,Glass Storage Set,Trail Running Shoes,Home & Kitchen,Apparel
P043,P023,60,0.00065,0.0308,0.03931,0.78353,Trail Running Shoes,Glass Storage Set,Apparel,Home & Kitchen
P016,P011,28,0.0003,0.01117,0.01427,0.78325,Burr Coffee Grinder,E-Reader,Home & Kitchen,Electronics
P011,P016,28,0.0003,0.02118,0.02704,0.78325,E-Reader,Burr Coffee Grinder,Electronics,Home & Kitchen
P063,P012,32,0.00035,0.03463,0.04423,0.78298,Daily Moisturizer,Gaming Mouse,Beauty & Care,Electronics
P012,P063,32,0.00035,0.00781,0.00997,0.78298,Gaming Mouse,Daily Moisturizer,Electronics,Beauty & Care
P013,P059,83,0.0009,0.0353,0.04509,0.7829,Tablet Sleeve,Gym Bag,Electronics,Sports & Fitness
P059,P013,83,0.0009,0.01986,0.02537,0.7829,Gym Bag,Tablet Sleeve,Sports & Fitness,Electronics
P030,P074,41,0.00044,0.01513,0.01934,0.78269,Headlamp,Jigsaw Puzzle 1000pc,Outdoor & Camping,Toys & Games
P074,P030,41,0.00044,0.02288,0.02923,0.78269,Jigsaw Puzzle 1000pc,Headlamp,Toys & Games,Outdoor & Camping
P081,P032,27,0.00029,0.0088,0.01124,0.78244,Single-Origin Coffee Beans,Water Filter,Gourmet Grocery,Outdoor & Camping
P032,P081,27,0.00029,0.02591,0.03312,0.78244,Water Filter,Single-Origin Coffee Beans,Outdoor & Camping,Gourmet Grocery
P015,P046,56,0.0006,0.03034,0.03878,0.78222,Cast Iron Skillet,Organic Cotton Tee,Home & Kitchen,Apparel
P046,P015,56,0.0006,0.01558,0.01992,0.78222,Organic Cotton Tee,Cast Iron Skillet,Apparel,Home & Kitchen
P005,P075,48,0.00052,0.01543,0.01973,0.7822,USB-C Fast Charger,RC Car,Electronics,Toys & Games
P075,P005,48,0.00052,0.02626,0.03357,0.7822,RC Car,USB-C Fast Charger,Toys & Games,Electronics
P067,P052,65,0.0007,0.03194,0.04085,0.78185,Lip Balm 4-Pack,Adjustable Dumbbells,Beauty & Care,Sports & Fitness
P052,P067,65,0.0007,0.01717,0.02196,0.78185,Adjustable Dumbbells,Lip Balm 4-Pack,Sports & Fitness,Beauty & Care
P042,P085,46,0.0005,0.01106,0.01415,0.78184,Hiking Boots,Loose Leaf Tea,Apparel,Gourmet Grocery
P085,P042,46,0.0005,0.03509,0.04488,0.78184,Loose Leaf Tea,Hiking Boots,Gourmet Grocery,Apparel
P004,P082,28,0.0003,0.00558,0.00713,0.78169,Phone Case,Artisan Dark Chocolate,Electronics,Gourmet Grocery
P082,P004,28,0.0003,0.04236,0.05419,0.78169,Artisan Dark Chocolate,Phone Case,Gourmet Grocery,Electronics
P069,P023,40,0.00043,0.03072,0.03931,0.78153,Body Wash,Glass Storage Set,Beauty & Care,Home & Kitchen
P023,P069,40,0.00043,0.01098,0.01405,0.78153,Glass Storage Set,Body Wash,Home & Kitchen,Beauty & Care
P089,P026,42,0.00045,0.02301,0.02945,0.78151,Dried Mango,Scented Candle,Gourmet Grocery,Home & Kitchen
P026,P089,42,0.00045,0.01539,0.01969,0.78151,Scented Candle,Dried Mango,Home & Kitchen,Gourmet Grocery
P081,P028,74,0.0008,0.02411,0.03087,0.78103,Single-Origin Coffee Beans,Sleeping Bag,Gourmet Grocery,Outdoor & Camping
P028,P081,74,0.0008,0.02587,0.03312,0.78103,Sleeping Bag,Single-Origin Coffee Beans,Outdoor & Camping,Gourmet Grocery
P043,P003,38,0.00041,0.01951,0.02498,0.7809,Trail Running Shoes,Smartwatch,Apparel,Electronics
P003,P043,38,0.00041,0.01641,0.02102,0.7809,Smartwatch,Trail Running Shoes,Electronics,Apparel
P087,P068,33,0.00036,0.02492,0.03193,0.78061,Hot Sauce Trio,Bamboo Toothbrush 4-Pack,Gourmet Grocery,Beauty & Care
P068,P087,33,0.00036,0.01115,0.01429,0.78061,Bamboo Toothbrush 4-Pack,Hot Sauce Trio,Beauty & Care,Gourmet Grocery
P086,P010,32,0.00035,0.02207,0.02827,0.78061,Raw Honey,Action Camera,Gourmet Grocery,Electronics
P010,P086,32,0.00035,0.01221,0.01565,0.78061,Action Camera,Raw Honey,Electronics,Gourmet Grocery
P023,P089,56,0.0006,0.01537,0.01969,0.78058,Glass Storage Set,Dried Mango,Home & Kitchen,Gourmet Grocery
P089,P023,56,0.0006,0.03068,0.03931,0.78058,Dried Mango,Glass Storage Set,Gourmet Grocery,Home & Kitchen
P036,P004,65,0.0007,0.04229,0.05419,0.7804,Insect Repellent,Phone Case,Outdoor & Camping,Electronics
P004,P036,65,0.0007,0.01294,0.01659,0.7804,Phone Case,Insect Repellent,Electronics,Outdoor & Camping
P061,P040,43,0.00046,0.02488,0.0319,0.78014,Yoga Block Set,Fleece Pullover,Sports & Fitness,Apparel
P040,P061,43,0.00046,0.01455,0.01865,0.78014,Fleece Pullover,Yoga Block Set,Apparel,Sports & Fitness
P011,P062,56,0.0006,0.04236,0.05431,0.77998,E-Reader,Vitamin C Serum,Electronics,Beauty & Care
P062,P011,56,0.0006,0.01113,0.01427,0.77998,Vitamin C Serum,E-Reader,Beauty & Care,Electronics
P015,P004,78,0.00084,0.04225,0.05419,0.77972,Cast Iron Skillet,Phone Case,Home & Kitchen,Electronics
P004,P015,78,0.00084,0.01553,0.01992,0.77972,Phone Case,Cast Iron Skillet,Electronics,Home & Kitchen
P005,P071,46,0.0005,0.01479,0.01897,0.77946,USB-C Fast Charger,Perfume 50ml,Electronics,Beauty & Care
P071,P005,46,0.0005,0.02617,0.03357,0.77946,Perfume 50ml,USB-C Fast Charger,Beauty & Care,Electronics
P048,P061,50,0.00054,0.01453,0.01865,0.77928,Down Vest,Yoga Block Set,Apparel,Sports & Fitness
P061,P048,50,0.00054,0.02894,0.03713,0.77928,Yoga Block Set,Down Vest,Sports & Fitness,Apparel
P017,P083,150,0.00162,0.0503,0.06463,0.77836,French Press,Extra Virgin Olive Oil,Home & Kitchen,Gourmet Grocery
P083,P017,150,0.00162,0.02505,0.03218,0.77836,Extra Virgin Olive Oil,French Press,Gourmet Grocery,Home & Kitchen
P078,P064,27,0.00029,0.01386,0.01783,0.77753,Card Game,Mineral Sunscreen,Toys & Games,Beauty & Care
P064,P078,27,0.00029,0.01634,0.02102,0.77753,Mineral Sunscreen,Card Game,Beauty & Care,Toys & Games
P020,P007,34,0.00037,0.0119,0.0153,0.77749,Stand Mixer,10in Tablet,Home & Kitchen,Electronics
P007,P020,34,0.00037,0.02398,0.03084,0.77749,10in Tablet,Stand Mixer,Electronics,Home & Kitchen
P046,P014,78,0.00084,0.0217,0.02792,0.77745,Organic Cotton Tee,Chef Knife Set,Apparel,Home & Kitchen
P014,P046,78,0.00084,0.03015,0.03878,0.77745,Chef Knife Set,Organic Cotton Tee,Home & Kitchen,Apparel
P039,P026,65,0.0007,0.02289,0.02945,0.77722,Rain Jacket,Scented Candle,Apparel,Home & Kitchen
P026,P039,65,0.0007,0.02382,0.03065,0.77722,Scented Candle,Rain Jacket,Home & Kitchen,Apparel
P083,P019,69,0.00074,0.01152,0.01483,0.77707,Extra Virgin Olive Oil,Cutting Board,Gourmet Grocery,Home & Kitchen
P019,P083,69,0.00074,0.05022,0.06463,0.77707,Cutting Board,Extra Virgin Olive Oil,Home & Kitchen,Gourmet Grocery
P030,P011,30,0.00032,0.01107,0.01427,0.77631,Headlamp,E-Reader,Outdoor & Camping,Electronics
P011,P030,30,0.00032,0.02269,0.02923,0.77631,E-Reader,Headlamp,Electronics,Outdoor & Camping
P014,P028,62,0.00067,0.02397,0.03087,0.7763,Chef Knife Set,Sleeping Bag,Home & Kitchen,Outdoor & Camping
P028,P014,62,0.00067,0.02167,0.02792,0.7763,Sleeping Bag,Chef Knife Set,Outdoor & Camping,Home & Kitchen
P050,P011,44,0.00047,0.01107,0.01427,0.77615,Leather Belt,E-Reader,Apparel,Electronics
P011,P050,44,0.00047,0.03328,0.04288,0.77615,E-Reader,Leather Belt,Electronics,Apparel
P072,P089,50,0.00054,0.01528,0.01969,0.77574,Building Blocks 500pc,Dried Mango,Toys & Games,Gourmet Grocery
P089,P072,50,0.00054,0.0274,0.03532,0.77574,Dried Mango,Building Blocks 500pc,Gourmet Grocery,Toys & Games
P056,P028,38,0.00041,0.02394,0.03087,0.77561,Jump Rope,Sleeping Bag,Sports & Fitness,Outdoor & Camping
P028,P056,38,0.00041,0.01328,0.01712,0.77561,Sleeping Bag,Jump Rope,Outdoor & Camping,Sports & Fitness
P073,P023,40,0.00043,0.03049,0.03931,0.77557,Strategy Board Game,Glass Storage Set,Toys & Games,Home & Kitchen
P023,P073,40,0.00043,0.01098,0.01416,0.77557,Glass Storage Set,Strategy Board Game,Home & Kitchen,Toys & Games
P076,P010,103,0.00111,0.02191,0.02827,0.77516,Plush Bear,Action Camera,Toys & Games,Electronics
P010,P076,103,0.00111,0.03931,0.05072,0.77516,Action Camera,Plush Bear,Electronics,Toys & Games
P023,P054,52,0.00056,0.01427,0.01842,0.77493,Glass Storage Set,Insulated Water Bottle,Home & Kitchen,Sports & Fitness
P054,P023,52,0.00056,0.03046,0.03931,0.77493,Insulated Water Bottle,Glass Storage Set,Sports & Fitness,Home & Kitchen
P050,P080,28,0.0003,0.00705,0.0091,0.77456,Leather Belt,Art Supplies Kit,Apparel,Toys & Games
P080,P050,28,0.0003,0.03321,0.04288,0.77456,Art Supplies Kit,Leather Belt,Toys & Games,Apparel
P037,P054,41,0.00044,0.01427,0.01842,0.77449,Sleeping Pad,Insulated Water Bottle,Outdoor & Camping,Sports & Fitness
P054,P037,41,0.00044,0.02402,0.03101,0.77449,Insulated Water Bottle,Sleeping Pad,Sports & Fitness,Outdoor & Camping
P022,P045,38,0.00041,0.00883,0.01141,0.77445,Linen Towel Set,Denim Jacket,Home & Kitchen,Apparel
P045,P022,38,0.00041,0.03595,0.04642,0.77445,Denim Jacket,Linen Towel Set,Apparel,Home & Kitchen
P058,P068,26,0.00028,0.02471,0.03193,0.77404,Kettlebell 12kg,Bamboo Toothbrush 4-Pack,Sports & Fitness,Beauty & Care
P068,P058,26,0.00028,0.00879,0.01135,0.77404,Bamboo Toothbrush 4-Pack,Kettlebell 12kg,Beauty & Care,Sports & Fitness
P023,P076,143,0.00154,0.03925,0.05072,0.77398,Glass Storage Set,Plush Bear,Home & Kitchen,Toys & Games
P076,P023,143,0.00154,0.03043,0.03931,0.77398,Plush Bear,Glass Storage Set,Toys & Games,Home & Kitchen
P049,P030,48,0.00052,0.02262,0.02923,0.77382,Sun Hat,Headlamp,Apparel,Outdoor & Camping
P030,P049,48,0.00052,0.01772,0.0229,0.77382,Headlamp,Sun Hat,Outdoor & Camping,Apparel
P036,P078,25,0.00027,0.01627,0.02102,0.7738,Insect Repellent,Card Game,Outdoor & Camping,Toys & Games
P078,P036,25,0.00027,0.01283,0.01659,0.7738,Card Game,Insect Repellent,Toys & Games,Outdoor & Camping
P005,P035,31,0.00033,0.00996,0.01288,0.77341,USB-C Fast Charger,Cooler 30L,Electronics,Outdoor & Camping
P035,P005,31,0.00033,0.02596,0.03357,0.77341,Cooler 30L,USB-C Fast Charger,Outdoor & Camping,Electronics
P081,P071,45,0.00049,0.01466,0.01897,0.77295,Single-Origin Coffee Beans,Perfume 50ml,Gourmet Grocery,Beauty & Care
P071,P081,45,0.00049,0.0256,0.03312,0.77295,Perfume 50ml,Single-Origin Coffee Beans,Beauty & Care,Gourmet Grocery
P059,P040,103,0.00111,0.02465,0.0319,0.7727,Gym Bag,Fleece Pullover,Sports & Fitness,Apparel
P040,P059,103,0.00111,0.03484,0.04509,0.7727,Fleece Pullover,Gym Bag,Apparel,Sports & Fitness
P008,P084,39,0.00042,0.01448,0.01875,0.7722,Noise-Cancelling Headphones,Trail Mix 1kg,Electronics,Gourmet Grocery
P084,P008,39,0.00042,0.02244,0.02906,0.7722,Trail Mix 1kg,Noise-Cancelling Headphones,Gourmet Grocery,Electronics
P075,P054,26,0.00028,0.01422,0.01842,0.77218,RC Car,Insulated Water Bottle,Toys & Games,Sports & Fitness
P054,P075,26,0.00028,0.01523,0.01973,0.77218,Insulated Water Bottle,RC Car,Sports & Fitness,Toys & Games
P075,P040,45,0.00049,0.02462,0.0319,0.77177,RC Car,Fleece Pullover,Toys & Games,Apparel
P040,P075,45,0.00049,0.01522,0.01973,0.77177,Fleece Pullover,RC Car,Apparel,Toys & Games
P080,P083,42,0.00045,0.04982,0.06463,0.77094,Art Supplies Kit,Extra Virgin Olive Oil,Toys & Games,Gourmet Grocery
P083,P080,42,0.00045,0.00701,0.0091,0.77094,Extra Virgin Olive Oil,Art Supplies Kit,Gourmet Grocery,Toys & Games
P039,P030,64,0.00069,0.02254,0.02923,0.77091,Rain Jacket,Headlamp,Apparel,Outdoor & Camping
P030,P039,64,0.00069,0.02362,0.03065,0.77091,Headlamp,Rain Jacket,Outdoor & Camping,Apparel
P049,P006,26,0.00028,0.01225,0.01589,0.77087,Sun Hat,Power Bank 20K,Apparel,Electronics
P006,P049,26,0.00028,0.01765,0.0229,0.77087,Power Bank 20K,Sun Hat,Electronics,Apparel
P004,P067,85,0.00092,0.01693,0.02196,0.77078,Phone Case,Lip Balm 4-Pack,Electronics,Beauty & Care
P067,P004,85,0.00092,0.04177,0.05419,0.77078,Lip Balm 4-Pack,Phone Case,Beauty & Care,Electronics
P027,P022,101,0.00109,0.03578,0.04642,0.77071,2-Person Tent,Linen Towel Set,Outdoor & Camping,Home & Kitchen
P022,P027,101,0.00109,0.02348,0.03046,0.77071,Linen Towel Set,2-Person Tent,Home & Kitchen,Outdoor & Camping
P039,P078,46,0.0005,0.0162,0.02102,0.77056,Rain Jacket,Card Game,Apparel,Toys & Games
P078,P039,46,0.0005,0.02361,0.03065,0.77056,Card Game,Rain Jacket,Toys & Games,Apparel
P086,P081,37,0.0004,0.02552,0.03312,0.77053,Raw Honey,Single-Origin Coffee Beans,Gourmet Grocery,Gourmet Grocery
P081,P086,37,0.0004,0.01206,0.01565,0.77053,Single-Origin Coffee Beans,Raw Honey,Gourmet Grocery,Gourmet Grocery
P014,P066,38,0.00041,0.01469,0.01907,0.77038,Chef Knife Set,Beard Oil,Home & Kitchen,Beauty & Care
P066,P014,38,0.00041,0.02151,0.02792,0.77038,Beard Oil,Chef Knife Set,Beauty & Care,Home & Kitchen
P003,P042,80,0.00086,0.03456,0.04488,0.77002,Smartwatch,Hiking Boots,Electronics,Apparel
P042,P003,80,0.00086,0.01924,0.02498,0.77002,Hiking Boots,Smartwatch,Apparel,Electronics
P030,P023,82,0.00088,0.03027,0.03931,0.77001,Headlamp,Glass Storage Set,Outdoor & Camping,Home & Kitchen
P023,P030,82,0.00088,0.02251,0.02923,0.77001,Glass Storage Set,Headlamp,Home & Kitchen,Outdoor & Camping
P028,P066,42,0.00045,0.01468,0.01907,0.76992,Sleeping Bag,Beard Oil,Outdoor & Camping,Beauty & Care
P066,P028,42,0.00045,0.02377,0.03087,0.76992,Beard Oil,Sleeping Bag,Beauty & Care,Outdoor & Camping
P040,P031,29,0.00031,0.00981,0.01274,0.76983,Fleece Pullover,Hiking Backpack 40L,Apparel,Outdoor & Camping
P031,P040,29,0.00031,0.02456,0.0319,0.76983,Hiking Backpack 40L,Fleece Pullover,Outdoor & Camping,Apparel
P063,P022,33,0.00036,0.03571,0.04642,0.76935,Daily Moisturizer,Linen Towel Set,Beauty & Care,Home & Kitchen
P022,P063,33,0.00036,0.00767,0.00997,0.76935,Linen Towel Set,Daily Moisturizer,Home & Kitchen,Beauty & Care
P047,P084,60,0.00065,0.01443,0.01875,0.76925,Chino Pants,Trail Mix 1kg,Apparel,Gourmet Grocery
P084,P047,60,0.00065,0.03452,0.04488,0.76925,Trail Mix 1kg,Chino Pants,Gourmet Grocery,Apparel
P076,P065,30,0.00032,0.00638,0.0083,0.76922,Plush Bear,Shampoo Bar,Toys & Games,Beauty & Care
P065,P076,30,0.00032,0.03901,0.05072,0.76922,Shampoo Bar,Plush Bear,Beauty & Care,Toys & Games
P015,P052,58,0.00063,0.03142,0.04085,0.76908,Cast Iron Skillet,Adjustable Dumbbells,Home & Kitchen,Sports & Fitness
P052,P015,58,0.00063,0.01532,0.01992,0.76908,Adjustable Dumbbells,Cast Iron Skillet,Sports & Fitness,Home & Kitchen
P075,P015,28,0.0003,0.01532,0.01992,0.76896,RC Car,Cast Iron Skillet,Toys & Games,Home & Kitchen
P015,P075,28,0.0003,0.01517,0.01973,0.76896,Cast Iron Skillet,RC Car,Home & Kitchen,Toys & Games
P037,P015,44,0.00047,0.01531,0.01992,0.76858,Sleeping Pad,Cast Iron Skillet,Outdoor & Camping,Home & Kitchen
P015,P037,44,0.00047,0.02384,0.03101,0.76858,Cast Iron Skillet,Sleeping Pad,Home & Kitchen,Outdoor & Camping
P063,P076,36,0.00039,0.03896,0.05072,0.76822,Daily Moisturizer,Plush Bear,Beauty & Care,Toys & Games
P076,P063,36,0.00039,0.00766,0.00997,0.76822,Plush Bear,Daily Moisturizer,Toys & Games,Beauty & Care
P052,P022,135,0.00146,0.03566,0.04642,0.76813,Adjustable Dumbbells,Linen Towel Set,Sports & Fitness,Home & Kitchen
P022,P052,135,0.00146,0.03138,0.04085,0.76813,Linen Towel Set,Adjustable Dumbbells,Home & Kitchen,Sports & Fitness
P053,P027,37,0.0004,0.02339,0.03046,0.76778,Resistance Bands,2-Person Tent,Sports & Fitness,Outdoor & Camping
P027,P053,37,0.0004,0.01311,0.01707,0.76778,2-Person Tent,Resistance Bands,Outdoor & Camping,Sports & Fitness
P068,P049,52,0.00056,0.01757,0.0229,0.76748,Bamboo Toothbrush 4-Pack,Sun Hat,Beauty & Care,Apparel
P049,P068,52,0.00056,0.02451,0.03193,0.76748,Sun Hat,Bamboo Toothbrush 4-Pack,Apparel,Beauty & Care
P071,P009,44,0.00047,0.02503,0.03262,0.76727,Perfume 50ml,Smart Plug 2-Pack,Beauty & Care,Electronics
P009,P071,44,0.00047,0.01456,0.01897,0.76727,Smart Plug 2-Pack,Perfume 50ml,Electronics,Beauty & Care
P088,P059,33,0.00036,0.03459,0.04509,0.76709,Gourmet Gift Basket,Gym Bag,Gourmet Grocery,Sports & Fitness
P059,P088,33,0.00036,0.0079,0.01029,0.76709,Gym Bag,Gourmet Gift Basket,Sports & Fitness,Gourmet Grocery
P026,P078,44,0.00047,0.01612,0.02102,0.76703,Scented Candle,Card Game,Home & Kitchen,Toys & Games
P078,P026,44,0.00047,0.02259,0.02945,0.76703,Card Game,Scented Candle,Toys & Games,Home & Kitchen
P050,P089,60,0.00065,0.0151,0.01969,0.76668,Leather Belt,Dried Mango,Apparel,Gourmet Grocery
P089,P050,60,0.00065,0.03288,0.04288,0.76668,Dried Mango,Leather Belt,Gourmet Grocery,Apparel
P007,P059,49,0.00053,0.03456,0.04509,0.7663,10in Tablet,Gym Bag,Electronics,Sports & Fitness
P059,P007,49,0.00053,0.01173,0.0153,0.7663,Gym Bag,10in Tablet,Sports & Fitness,Electronics
P048,P009,86,0.00093,0.02499,0.03262,0.76618,Down Vest,Smart Plug 2-Pack,Apparel,Electronics
P009,P048,86,0.00093,0.02845,0.03713,0.76618,Smart Plug 2-Pack,Down Vest,Electronics,Apparel
P019,P052,43,0.00046,0.0313,0.04085,0.76605,Cutting Board,Adjustable Dumbbells,Home & Kitchen,Sports & Fitness
P052,P019,43,0.00046,0.01136,0.01483,0.76605,Adjustable Dumbbells,Cutting Board,Sports & Fitness,Home & Kitchen
P044,P007,39,0.00042,0.01172,0.0153,0.76565,Wool Socks 3-Pack,10in Tablet,Apparel,Electronics
P007,P044,39,0.00042,0.0275,0.03592,0.76565,10in Tablet,Wool Socks 3-Pack,Electronics,Apparel
P055,P004,143,0.00154,0.04149,0.05419,0.76555,Foam Roller,Phone Case,Sports & Fitness,Electronics
P004,P055,143,0.00154,0.02847,0.0372,0.76555,Phone Case,Foam Roller,Electronics,Sports & Fitness
P039,P081,72,0.00078,0.02535,0.03312,0.76554,Rain Jacket,Single-Origin Coffee Beans,Apparel,Gourmet Grocery
P081,P039,72,0.00078,0.02346,0.03065,0.76554,Single-Origin Coffee Beans,Rain Jacket,Gourmet Grocery,Apparel
P048,P069,37,0.0004,0.01075,0.01405,0.76535,Down Vest,Body Wash,Apparel,Beauty & Care
P069,P048,37,0.0004,0.02842,0.03713,0.76535,Body Wash,Down Vest,Beauty & Care,Apparel
P085,P040,32,0.00035,0.02441,0.0319,0.76524,Loose Leaf Tea,Fleece Pullover,Gourmet Grocery,Apparel
P040,P085,32,0.00035,0.01083,0.01415,0.76524,Fleece Pullover,Loose Leaf Tea,Apparel,Gourmet Grocery
P014,P085,28,0.0003,0.01082,0.01415,0.76509,Chef Knife Set,Loose Leaf Tea,Home & Kitchen,Gourmet Grocery
P085,P014,28,0.0003,0.02136,0.02792,0.76509,Loose Leaf Tea,Chef Knife Set,Gourmet Grocery,Home & Kitchen
P001,P059,143,0.00154,0.0345,0.04509,0.76505,Wireless Earbuds,Gym Bag,Electronics,Sports & Fitness
P059,P001,143,0.00154,0.03422,0.04473,0.76505,Gym Bag,Wireless Earbuds,Sports & Fitness,Electronics
P020,P039,67,0.00072,0.02344,0.03065,0.76498,Stand Mixer,Rain Jacket,Home & Kitchen,Apparel
P039,P020,67,0.00072,0.02359,0.03084,0.76498,Rain Jacket,Stand Mixer,Apparel,Home & Kitchen
P028,P064,39,0.00042,0.01363,0.01783,0.7647,Sleeping Bag,Mineral Sunscreen,Outdoor & Camping,Beauty & Care
P064,P028,39,0.00042,0.02361,0.03087,0.7647,Mineral Sunscreen,Sleeping Bag,Beauty & Care,Outdoor & Camping
P005,P043,50,0.00054,0.01607,0.02102,0.7646,USB-C Fast Charger,Trail Running Shoes,Electronics,Apparel
P043,P005,50,0.00054,0.02567,0.03357,0.7646,Trail Running Shoes,USB-C Fast Charger,Apparel,Electronics
P037,P022,102,0.0011,0.03549,0.04642,0.76453,Sleeping Pad,Linen Towel Set,Outdoor & Camping,Home & Kitchen
P022,P037,102,0.0011,0.02371,0.03101,0.76453,Linen Towel Set,Sleeping Pad,Home & Kitchen,Outdoor & Camping
P033,P012,86,0.00093,0.03381,0.04423,0.76429,Camp Chair,Gaming Mouse,Outdoor & Camping,Electronics
P012,P033,86,0.00093,0.02098,0.02745,0.76429,Gaming Mouse,Camp Chair,Electronics,Outdoor & Camping
P087,P009,33,0.00036,0.02492,0.03262,0.76408,Hot Sauce Trio,Smart Plug 2-Pack,Gourmet Grocery,Electronics
P009,P087,33,0.00036,0.01092,0.01429,0.76408,Smart Plug 2-Pack,Hot Sauce Trio,Electronics,Gourmet Grocery
P048,P022,122,0.00132,0.03545,0.04642,0.76376,Down Vest,Linen Towel Set,Apparel,Home & Kitchen
P022,P048,122,0.00132,0.02836,0.03713,0.76376,Linen Towel Set,Down Vest,Home & Kitchen,Apparel
P019,P050,45,0.00049,0.03275,0.04288,0.76375,Cutting Board,Leather Belt,Home & Kitchen,Apparel
P050,P019,45,0.00049,0.01132,0.01483,0.76375,Leather Belt,Cutting Board,Apparel,Home & Kitchen
P062,P049,88,0.00095,0.01748,0.0229,0.7636,Vitamin C Serum,Sun Hat,Beauty & Care,Apparel
P049,P062,88,0.00095,0.04147,0.05431,0.7636,Sun Hat,Vitamin C Serum,Apparel,Beauty & Care
P034,P081,81,0.00087,0.02527,0.03312,0.76316,Trekking Poles,Single-Origin Coffee Beans,Outdoor & Camping,Gourmet Grocery
P081,P034,81,0.00087,0.02639,0.03458,0.76316,Single-Origin Coffee Beans,Trekking Poles,Gourmet Grocery,Outdoor & Camping
P060,P013,34,0.00037,0.01935,0.02537,0.76279,Protein Shaker,Tablet Sleeve,Sports & Fitness,Electronics
P013,P060,34,0.00037,0.01446,0.01896,0.76279,Tablet Sleeve,Protein Shaker,Electronics,Sports & Fitness
P085,P037,31,0.00033,0.02365,0.03101,0.76247,Loose Leaf Tea,Sleeping Pad,Gourmet Grocery,Outdoor & Camping
P037,P085,31,0.00033,0.01079,0.01415,0.76247,Sleeping Pad,Loose Leaf Tea,Outdoor & Camping,Gourmet Grocery
P076,P054,66,0.00071,0.01404,0.01842,0.76237,Plush Bear,Insulated Water Bottle,Toys & Games,Sports & Fitness
P054,P076,66,0.00071,0.03866,0.05072,0.76237,Insulated Water Bottle,Plush Bear,Sports & Fitness,Toys & Games
P052,P020,89,0.00096,0.02351,0.03084,0.76226,Adjustable Dumbbells,Stand Mixer,Sports & Fitness,Home & Kitchen
P020,P052,89,0.00096,0.03114,0.04085,0.76226,Stand Mixer,Adjustable Dumbbells,Home & Kitchen,Sports & Fitness
P004,P041,112,0.00121,0.0223,0.02927,0.76181,Phone Case,Merino Base Layer,Electronics,Apparel
P041,P004,112,0.00121,0.04128,0.05419,0.76181,Merino Base Layer,Phone Case,Apparel,Electronics
P086,P048,41,0.00044,0.02828,0.03713,0.76153,Raw Honey,Down Vest,Gourmet Grocery,Apparel
P048,P086,41,0.00044,0.01192,0.01565,0.76153,Down Vest,Raw Honey,Apparel,Gourmet Grocery
P048,P004,142,0.00153,0.04127,0.05419,0.76152,Down Vest,Phone Case,Apparel,Electronics
P004,P048,142,0.00153,0.02828,0.03713,0.76152,Phone Case,Down Vest,Electronics,Apparel
P037,P043,46,0.0005,0.01601,0.02102,0.76144,Sleeping Pad,Trail Running Shoes,Outdoor & Camping,Apparel
P043,P037,46,0.0005,0.02361,0.03101,0.76144,Trail Running Shoes,Sleeping Pad,Apparel,Outdoor & Camping
P041,P069,29,0.00031,0.01069,0.01405,0.76083,Merino Base Layer,Body Wash,Apparel,Beauty & Care
P069,P041,29,0.00031,0.02227,0.02927,0.76083,Body Wash,Merino Base Layer,Beauty & Care,Apparel
P056,P001,54,0.00058,0.03403,0.04473,0.76076,Jump Rope,Wireless Earbuds,Sports & Fitness,Electronics
P001,P056,54,0.00058,0.01303,0.01712,0.76076,Wireless Earbuds,Jump Rope,Electronics,Sports & Fitness
P025,P056,25,0.00027,0.01303,0.01712,0.76075,Dinnerware 16pc,Jump Rope,Home & Kitchen,Sports & Fitness
P056,P025,25,0.00027,0.01575,0.02071,0.76075,Jump Rope,Dinnerware 16pc,Sports & Fitness,Home & Kitchen
P005,P025,49,0.00053,0.01575,0.02071,0.76063,USB-C Fast Charger,Dinnerware 16pc,Electronics,Home & Kitchen
P025,P005,49,0.00053,0.02553,0.03357,0.76063,Dinnerware 16pc,USB-C Fast Charger,Home & Kitchen,Electronics
P022,P028,101,0.00109,0.02348,0.03087,0.76048,Linen Towel Set,Sleeping Bag,Home & Kitchen,Outdoor & Camping
P028,P022,101,0.00109,0.0353,0.04642,0.76048,Sleeping Bag,Linen Towel Set,Outdoor & Camping,Home & Kitchen
P074,P062,74,0.0008,0.04129,0.05431,0.76036,Jigsaw Puzzle 1000pc,Vitamin C Serum,Toys & Games,Beauty & Care
P062,P074,74,0.0008,0.0147,0.01934,0.76036,Vitamin C Serum,Jigsaw Puzzle 1000pc,Beauty & Care,Toys & Games
P052,P033,79,0.00085,0.02087,0.02745,0.76012,Adjustable Dumbbells,Camp Chair,Sports & Fitness,Outdoor & Camping
P033,P052,79,0.00085,0.03105,0.04085,0.76012,Camp Chair,Adjustable Dumbbells,Outdoor & Camping,Sports & Fitness
P047,P038,34,0.00037,0.00818,0.01076,0.75989,Chino Pants,Camp Lantern,Apparel,Outdoor & Camping
P038,P047,34,0.00037,0.0341,0.04488,0.75989,Camp Lantern,Chino Pants,Outdoor & Camping,Apparel
P016,P027,58,0.00063,0.02314,0.03046,0.75978,Burr Coffee Grinder,2-Person Tent,Home & Kitchen,Outdoor & Camping
P027,P016,58,0.00063,0.02055,0.02704,0.75978,2-Person Tent,Burr Coffee Grinder,Outdoor & Camping,Home & Kitchen
P039,P007,33,0.00036,0.01162,0.0153,0.7594,Rain Jacket,10in Tablet,Apparel,Electronics
P007,P039,33,0.00036,0.02327,0.03065,0.7594,10in Tablet,Rain Jacket,Electronics,Apparel
P025,P067,32,0.00035,0.01668,0.02196,0.75939,Dinnerware 16pc,Lip Balm 4-Pack,Home & Kitchen,Beauty & Care
P067,P025,32,0.00035,0.01572,0.02071,0.75939,Lip Balm 4-Pack,Dinnerware 16pc,Beauty & Care,Home & Kitchen
P010,P062,108,0.00117,0.04122,0.05431,0.75901,Action Camera,Vitamin C Serum,Electronics,Beauty & Care
P062,P010,108,0.00117,0.02146,0.02827,0.75901,Vitamin C Serum,Action Camera,Beauty & Care,Electronics
P075,P084,26,0.00028,0.01422,0.01875,0.7584,RC Car,Trail Mix 1kg,Toys & Games,Gourmet Grocery
P084,P075,26,0.00028,0.01496,0.01973,0.7584,Trail Mix 1kg,RC Car,Gourmet Grocery,Toys & Games
P074,P034,47,0.00051,0.02623,0.03458,0.75838,Jigsaw Puzzle 1000pc,Trekking Poles,Toys & Games,Outdoor & Camping
P034,P074,47,0.00051,0.01466,0.01934,0.75838,Trekking Poles,Jigsaw Puzzle 1000pc,Outdoor & Camping,Toys & Games
P073,P017,32,0.00035,0.02439,0.03218,0.75799,Strategy Board Game,French Press,Toys & Games,Home & Kitchen
P017,P073,32,0.00035,0.01073,0.01416,0.75799,French Press,Strategy Board Game,Home & Kitchen,Toys & Games
P050,P015,60,0.00065,0.0151,0.01992,0.75796,Leather Belt,Cast Iron Skillet,Apparel,Home & Kitchen
P015,P050,60,0.00065,0.0325,0.04288,0.75796,Cast Iron Skillet,Leather Belt,Home & Kitchen,Apparel
P058,P009,26,0.00028,0.02471,0.03262,0.75766,Kettlebell 12kg,Smart Plug 2-Pack,Sports & Fitness,Electronics
P009,P058,26,0.00028,0.0086,0.01135,0.75766,Smart Plug 2-Pack,Kettlebell 12kg,Electronics,Sports & Fitness
P068,P022,104,0.00112,0.03515,0.04642,0.75713,Bamboo Toothbrush 4-Pack,Linen Towel Set,Beauty & Care,Home & Kitchen
P022,P068,104,0.00112,0.02417,0.03193,0.75713,Linen Towel Set,Bamboo Toothbrush 4-Pack,Home & Kitchen,Beauty & Care
P015,P059,63,0.00068,0.03413,0.04509,0.75681,Cast Iron Skillet,Gym Bag,Home & Kitchen,Sports & Fitness
P059,P015,63,0.00068,0.01508,0.01992,0.75681,Gym Bag,Cast Iron Skillet,Sports & Fitness,Home & Kitchen
P030,P085,29,0.00031,0.01071,0.01415,0.75673,Headlamp,Loose Leaf Tea,Outdoor & Camping,Gourmet Grocery
P085,P030,29,0.00031,0.02212,0.02923,0.75673,Loose Leaf Tea,Headlamp,Gourmet Grocery,Outdoor & Camping
P086,P037,34,0.00037,0.02345,0.03101,0.7561,Raw Honey,Sleeping Pad,Gourmet Grocery,Outdoor & Camping
P037,P086,34,0.00037,0.01183,0.01565,0.7561,Sleeping Pad,Raw Honey,Outdoor & Camping,Gourmet Grocery
P022,P066,62,0.00067,0.01441,0.01907,0.75585,Linen Towel Set,Beard Oil,Home & Kitchen,Beauty & Care
P066,P022,62,0.00067,0.03509,0.04642,0.75585,Beard Oil,Linen Towel Set,Beauty & Care,Home & Kitchen
P047,P072,111,0.0012,0.02669,0.03532,0.75569,Chino Pants,Building Blocks 500pc,Apparel,Toys & Games
P072,P047,111,0.0012,0.03391,0.04488,0.75569,Building Blocks 500pc,Chino Pants,Toys & Games,Apparel
P074,P049,31,0.00033,0.0173,0.0229,0.75549,Jigsaw Puzzle 1000pc,Sun Hat,Toys & Games,Apparel
P049,P074,31,0.00033,0.01461,0.01934,0.75549,Sun Hat,Jigsaw Puzzle 1000pc,Apparel,Toys & Games
P042,P028,97,0.00105,0.02332,0.03087,0.75547,Hiking Boots,Sleeping Bag,Apparel,Outdoor & Camping
P028,P042,97,0.00105,0.0339,0.04488,0.75547,Sleeping Bag,Hiking Boots,Outdoor & Camping,Apparel
P057,P022,52,0.00056,0.03506,0.04642,0.75534,Fitness Tracker,Linen Towel Set,Sports & Fitness,Home & Kitchen
P022,P057,52,0.00056,0.01209,0.016,0.75534,Linen Towel Set,Fitness Tracker,Home & Kitchen,Sports & Fitness
P042,P064,56,0.0006,0.01346,0.01783,0.75534,Hiking Boots,Mineral Sunscreen,Apparel,Beauty & Care
P064,P042,56,0.0006,0.0339,0.04488,0.75534,Mineral Sunscreen,Hiking Boots,Beauty & Care,Apparel
P068,P081,74,0.0008,0.02501,0.03312,0.75517,Bamboo Toothbrush 4-Pack,Single-Origin Coffee Beans,Beauty & Care,Gourmet Grocery
P081,P068,74,0.0008,0.02411,0.03193,0.75517,Single-Origin Coffee Beans,Bamboo Toothbrush 4-Pack,Gourmet Grocery,Beauty & Care
P075,P013,35,0.00038,0.01915,0.02537,0.75473,RC Car,Tablet Sleeve,Toys & Games,Electronics
P013,P075,35,0.00038,0.01489,0.01973,0.75473,Tablet Sleeve,RC Car,Electronics,Toys & Games
P083,P043,95,0.00103,0.01586,0.02102,0.75463,Extra Virgin Olive Oil,Trail Running Shoes,Gourmet Grocery,Apparel
P043,P083,95,0.00103,0.04877,0.06463,0.75463,Trail Running Shoes,Extra Virgin Olive Oil,Apparel,Gourmet Grocery
P023,P080,25,0.00027,0.00686,0.0091,0.75441,Glass Storage Set,Art Supplies Kit,Home & Kitchen,Toys & Games
P080,P023,25,0.00027,0.02966,0.03931,0.75441,Art Supplies Kit,Glass Storage Set,Toys & Games,Home & Kitchen
P004,P088,39,0.00042,0.00777,0.01029,0.75438,Phone Case,Gourmet Gift Basket,Electronics,Gourmet Grocery
P088,P004,39,0.00042,0.04088,0.05419,0.75438,Gourmet Gift Basket,Phone Case,Gourmet Grocery,Electronics
P081,P049,53,0.00057,0.01727,0.0229,0.7542,Single-Origin Coffee Beans,Sun Hat,Gourmet Grocery,Apparel
P049,P081,53,0.00057,0.02498,0.03312,0.7542,Sun Hat,Single-Origin Coffee Beans,Apparel,Gourmet Grocery
P075,P022,64,0.00069,0.03501,0.04642,0.7542,RC Car,Linen Towel Set,Toys & Games,Home & Kitchen
P022,P075,64,0.00069,0.01488,0.01973,0.7542,Linen Towel Set,RC Car,Home & Kitchen,Toys & Games
P062,P056,65,0.0007,0.01291,0.01712,0.75416,Vitamin C Serum,Jump Rope,Beauty & Care,Sports & Fitness
P056,P062,65,0.0007,0.04096,0.05431,0.75416,Jump Rope,Vitamin C Serum,Sports & Fitness,Beauty & Care
P030,P014,57,0.00062,0.02104,0.02792,0.75374,Headlamp,Chef Knife Set,Outdoor & Camping,Home & Kitchen
P014,P030,57,0.00062,0.02203,0.02923,0.75374,Chef Knife Set,Headlamp,Home & Kitchen,Outdoor & Camping
P017,P062,122,0.00132,0.04091,0.05431,0.75332,French Press,Vitamin C Serum,Home & Kitchen,Beauty & Care
P062,P017,122,0.00132,0.02424,0.03218,0.75332,Vitamin C Serum,French Press,Beauty & Care,Home & Kitchen
P002,P042,25,0.00027,0.03378,0.04488,0.75279,Bluetooth Speaker,Hiking Boots,Electronics,Apparel
P042,P002,25,0.00027,0.00601,0.00799,0.75279,Hiking Boots,Bluetooth Speaker,Apparel,Electronics
P041,P014,57,0.00062,0.02101,0.02792,0.75263,Merino Base Layer,Chef Knife Set,Apparel,Home & Kitchen
P014,P041,57,0.00062,0.02203,0.02927,0.75263,Chef Knife Set,Merino Base Layer,Home & Kitchen,Apparel
P018,P050,46,0.0005,0.03226,0.04288,0.75225,Non-Stick Pan Set,Leather Belt,Home & Kitchen,Apparel
P050,P018,46,0.0005,0.01158,0.01539,0.75225,Leather Belt,Non-Stick Pan Set,Apparel,Home & Kitchen
P019,P068,33,0.00036,0.02402,0.03193,0.7522,Cutting Board,Bamboo Toothbrush 4-Pack,Home & Kitchen,Beauty & Care
P068,P019,33,0.00036,0.01115,0.01483,0.7522,Bamboo Toothbrush 4-Pack,Cutting Board,Beauty & Care,Home & Kitchen
P016,P059,85,0.00092,0.03392,0.04509,0.75217,Burr Coffee Grinder,Gym Bag,Home & Kitchen,Sports & Fitness
P059,P016,85,0.00092,0.02034,0.02704,0.75217,Gym Bag,Burr Coffee Grinder,Sports & Fitness,Home & Kitchen
P003,P037,54,0.00058,0.02333,0.03101,0.75216,Smartwatch,Sleeping Pad,Electronics,Outdoor & Camping
P037,P003,54,0.00058,0.01879,0.02498,0.75216,Sleeping Pad,Smartwatch,Outdoor & Camping,Electronics
P048,P021,61,0.00066,0.01773,0.02358,0.75188,Down Vest,Air Fryer,Apparel,Home & Kitchen
P021,P048,61,0.00066,0.02792,0.03713,0.75188,Air Fryer,Down Vest,Home & Kitchen,Apparel
P042,P059,141,0.00152,0.0339,0.04509,0.75182,Hiking Boots,Gym Bag,Apparel,Sports & Fitness
P059,P042,141,0.00152,0.03374,0.04488,0.75182,Gym Bag,Hiking Boots,Sports & Fitness,Apparel
P074,P004,73,0.00079,0.04074,0.05419,0.75173,Jigsaw Puzzle 1000pc,Phone Case,Toys & Games,Electronics
P004,P074,73,0.00079,0.01454,0.01934,0.75173,Phone Case,Jigsaw Puzzle 1000pc,Electronics,Toys & Games
P068,P032,25,0.00027,0.00845,0.01124,0.75142,Bamboo Toothbrush 4-Pack,Water Filter,Beauty & Care,Outdoor & Camping
P032,P068,25,0.00027,0.02399,0.03193,0.75142,Water Filter,Bamboo Toothbrush 4-Pack,Outdoor & Camping,Beauty & Care
P049,P009,52,0.00056,0.02451,0.03262,0.75123,Sun Hat,Smart Plug 2-Pack,Apparel,Electronics
P009,P049,52,0.00056,0.0172,0.0229,0.75123,Smart Plug 2-Pack,Sun Hat,Electronics,Apparel
P025,P059,65,0.0007,0.03387,0.04509,0.75114,Dinnerware 16pc,Gym Bag,Home & Kitchen,Sports & Fitness
P059,P025,65,0.0007,0.01555,0.02071,0.75114,Gym Bag,Dinnerware 16pc,Sports & Fitness,Home & Kitchen
P084,P039,40,0.00043,0.02301,0.03065,0.75101,Trail Mix 1kg,Rain Jacket,Gourmet Grocery,Apparel
P039,P084,40,0.00043,0.01408,0.01875,0.75101,Rain Jacket,Trail Mix 1kg,Apparel,Gourmet Grocery
P032,P001,35,0.00038,0.03359,0.04473,0.75098,Water Filter,Wireless Earbuds,Outdoor & Camping,Electronics
P001,P032,35,0.00038,0.00844,0.01124,0.75098,Wireless Earbuds,Water Filter,Electronics,Outdoor & Camping
P047,P003,78,0.00084,0.01875,0.02498,0.75077,Chino Pants,Smartwatch,Apparel,Electronics
P003,P047,78,0.00084,0.03369,0.04488,0.75077,Smartwatch,Chino Pants,Electronics,Apparel
P068,P025,46,0.0005,0.01555,0.02071,0.75074,Bamboo Toothbrush 4-Pack,Dinnerware 16pc,Beauty & Care,Home & Kitchen
P025,P068,46,0.0005,0.02397,0.03193,0.75074,Dinnerware 16pc,Bamboo Toothbrush 4-Pack,Home & Kitchen,Beauty & Care
P041,P021,48,0.00052,0.01769,0.02358,0.7504,Merino Base Layer,Air Fryer,Apparel,Home & Kitchen
P021,P041,48,0.00052,0.02197,0.02927,0.7504,Air Fryer,Merino Base Layer,Home & Kitchen,Apparel
P049,P010,45,0.00049,0.02121,0.02827,0.7501,Sun Hat,Action Camera,Apparel,Electronics
P010,P049,45,0.00049,0.01718,0.0229,0.7501,Action Camera,Sun Hat,Electronics,Apparel
P074,P010,38,0.00041,0.02121,0.02827,0.75006,Jigsaw Puzzle 1000pc,Action Camera,Toys & Games,Electronics
P010,P074,38,0.00041,0.0145,0.01934,0.75006,Action Camera,Jigsaw Puzzle 1000pc,Electronics,Toys & Games
P004,P047,169,0.00182,0.03365,0.04488,0.74985,Phone Case,Chino Pants,Electronics,Apparel
P047,P004,169,0.00182,0.04063,0.05419,0.74985,Chino Pants,Phone Case,Apparel,Electronics
P006,P072,39,0.00042,0.02648,0.03532,0.74967,Power Bank 20K,Building Blocks 500pc,Electronics,Toys & Games
P072,P006,39,0.00042,0.01192,0.01589,0.74967,Building Blocks 500pc,Power Bank 20K,Toys & Games,Electronics
P048,P053,44,0.00047,0.01279,0.01707,0.74906,Down Vest,Resistance Bands,Apparel,Sports & Fitness
P053,P048,44,0.00047,0.02781,0.03713,0.74906,Resistance Bands,Down Vest,Sports & Fitness,Apparel
P042,P032,35,0.00038,0.00842,0.01124,0.74845,Hiking Boots,Water Filter,Apparel,Outdoor & Camping
P032,P042,35,0.00038,0.03359,0.04488,0.74845,Water Filter,Hiking Boots,Outdoor & Camping,Apparel
P021,P060,31,0.00033,0.01419,0.01896,0.74833,Air Fryer,Protein Shaker,Home & Kitchen,Sports & Fitness
P060,P021,31,0.00033,0.01764,0.02358,0.74833,Protein Shaker,Air Fryer,Sports & Fitness,Home & Kitchen
P078,P028,45,0.00049,0.0231,0.03087,0.74827,Card Game,Sleeping Bag,Toys & Games,Outdoor & Camping
P028,P078,45,0.00049,0.01573,0.02102,0.74827,Sleeping Bag,Card Game,Outdoor & Camping,Toys & Games
P055,P032,29,0.00031,0.00841,0.01124,0.74824,Foam Roller,Water Filter,Sports & Fitness,Outdoor & Camping
P032,P055,29,0.00031,0.02783,0.0372,0.74824,Water Filter,Foam Roller,Outdoor & Camping,Sports & Fitness
P046,P010,76,0.00082,0.02115,0.02827,0.74798,Organic Cotton Tee,Action Camera,Apparel,Electronics
P010,P046,76,0.00082,0.02901,0.03878,0.74798,Action Camera,Organic Cotton Tee,Electronics,Apparel
P010,P050,84,0.00091,0.03206,0.04288,0.74766,Action Camera,Leather Belt,Electronics,Apparel
P050,P010,84,0.00091,0.02114,0.02827,0.74766,Leather Belt,Action Camera,Apparel,Electronics
P005,P024,39,0.00042,0.01254,0.01677,0.7476,USB-C Fast Charger,Electric Kettle,Electronics,Home & Kitchen
P024,P005,39,0.00042,0.0251,0.03357,0.7476,Electric Kettle,USB-C Fast Charger,Home & Kitchen,Electronics
P001,P089,61,0.00066,0.01472,0.01969,0.7473,Wireless Earbuds,Dried Mango,Electronics,Gourmet Grocery
P089,P001,61,0.00066,0.03342,0.04473,0.7473,Dried Mango,Wireless Earbuds,Gourmet Grocery,Electronics
P050,P085,42,0.00045,0.01057,0.01415,0.74709,Leather Belt,Loose Leaf Tea,Apparel,Gourmet Grocery
P085,P050,42,0.00045,0.03204,0.04288,0.74709,Loose Leaf Tea,Leather Belt,Gourmet Grocery,Apparel
P015,P068,44,0.00047,0.02384,0.03193,0.7465,Cast Iron Skillet,Bamboo Toothbrush 4-Pack,Home & Kitchen,Beauty & Care
P068,P015,44,0.00047,0.01487,0.01992,0.7465,Bamboo Toothbrush 4-Pack,Cast Iron Skillet,Beauty & Care,Home & Kitchen
P023,P084,51,0.00055,0.014,0.01875,0.74647,Glass Storage Set,Trail Mix 1kg,Home & Kitchen,Gourmet Grocery
P084,P023,51,0.00055,0.02934,0.03931,0.74647,Trail Mix 1kg,Glass Storage Set,Gourmet Grocery,Home & Kitchen
P034,P001,107,0.00115,0.03339,0.04473,0.74642,Trekking Poles,Wireless Earbuds,Outdoor & Camping,Electronics
P001,P034,107,0.00115,0.02581,0.03458,0.74642,Wireless Earbuds,Trekking Poles,Electronics,Outdoor & Camping
P068,P048,82,0.00088,0.02771,0.03713,0.74634,Bamboo Toothbrush 4-Pack,Down Vest,Beauty & Care,Apparel
P048,P068,82,0.00088,0.02383,0.03193,0.74634,Down Vest,Bamboo Toothbrush 4-Pack,Apparel,Beauty & Care
P046,P003,67,0.00072,0.01864,0.02498,0.74628,Organic Cotton Tee,Smartwatch,Apparel,Electronics
P003,P046,67,0.00072,0.02894,0.03878,0.74628,Smartwatch,Organic Cotton Tee,Electronics,Apparel
P074,P017,43,0.00046,0.024,0.03218,0.74572,Jigsaw Puzzle 1000pc,French Press,Toys & Games,Home & Kitchen
P017,P074,43,0.00046,0.01442,0.01934,0.74572,French Press,Jigsaw Puzzle 1000pc,Home & Kitchen,Toys & Games
P052,P027,86,0.00093,0.02272,0.03046,0.74569,Adjustable Dumbbells,2-Person Tent,Sports & Fitness,Outdoor & Camping
P027,P052,86,0.00093,0.03046,0.04085,0.74569,2-Person Tent,Adjustable Dumbbells,Outdoor & Camping,Sports & Fitness
P010,P072,69,0.00074,0.02634,0.03532,0.74568,Action Camera,Building Blocks 500pc,Electronics,Toys & Games
P072,P010,69,0.00074,0.02108,0.02827,0.74568,Building Blocks 500pc,Action Camera,Toys & Games,Electronics
P042,P024,52,0.00056,0.0125,0.01677,0.74562,Hiking Boots,Electric Kettle,Apparel,Home & Kitchen
P024,P042,52,0.00056,0.03346,0.04488,0.74562,Electric Kettle,Hiking Boots,Home & Kitchen,Apparel
P046,P007,41,0.00044,0.01141,0.0153,0.74556,Organic Cotton Tee,10in Tablet,Apparel,Electronics
P007,P046,41,0.00044,0.02891,0.03878,0.74556,10in Tablet,Organic Cotton Tee,Electronics,Apparel
P049,P071,30,0.00032,0.01414,0.01897,0.74526,Sun Hat,Perfume 50ml,Apparel,Beauty & Care
P071,P049,30,0.00032,0.01706,0.0229,0.74526,Perfume 50ml,Sun Hat,Beauty & Care,Apparel
P007,P033,29,0.00031,0.02045,0.02745,0.745,10in Tablet,Camp Chair,Electronics,Outdoor & Camping
P033,P007,29,0.00031,0.0114,0.0153,0.745,Camp Chair,10in Tablet,Outdoor & Camping,Electronics
P010,P021,46,0.0005,0.01756,0.02358,0.74466,Action Camera,Air Fryer,Electronics,Home & Kitchen
P021,P010,46,0.0005,0.02105,0.02827,0.74466,Air Fryer,Action Camera,Home & Kitchen,Electronics
P035,P009,29,0.00031,0.02429,0.03262,0.74458,Cooler 30L,Smart Plug 2-Pack,Outdoor & Camping,Electronics
P009,P035,29,0.00031,0.00959,0.01288,0.74458,Smart Plug 2-Pack,Cooler 30L,Electronics,Outdoor & Camping
P081,P089,45,0.00049,0.01466,0.01969,0.74457,Single-Origin Coffee Beans,Dried Mango,Gourmet Grocery,Gourmet Grocery
P089,P081,45,0.00049,0.02466,0.03312,0.74457,Dried Mango,Single-Origin Coffee Beans,Gourmet Grocery,Gourmet Grocery
P052,P068,90,0.00097,0.02377,0.03193,0.74451,Adjustable Dumbbells,Bamboo Toothbrush 4-Pack,Sports & Fitness,Beauty & Care
P068,P052,90,0.00097,0.03042,0.04085,0.74451,Bamboo Toothbrush 4-Pack,Adjustable Dumbbells,Beauty & Care,Sports & Fitness
P042,P009,101,0.00109,0.02428,0.03262,0.74447,Hiking Boots,Smart Plug 2-Pack,Apparel,Electronics
P009,P042,101,0.00109,0.03341,0.04488,0.74447,Smart Plug 2-Pack,Hiking Boots,Electronics,Apparel
P013,P087,25,0.00027,0.01063,0.01429,0.74431,Tablet Sleeve,Hot Sauce Trio,Electronics,Gourmet Grocery
P087,P013,25,0.00027,0.01888,0.02537,0.74431,Hot Sauce Trio,Tablet Sleeve,Gourmet Grocery,Electronics
P004,P080,34,0.00037,0.00677,0.0091,0.74427,Phone Case,Art Supplies Kit,Electronics,Toys & Games
P080,P004,34,0.00037,0.04033,0.05419,0.74427,Art Supplies Kit,Phone Case,Toys & Games,Electronics
P071,P059,59,0.00064,0.03356,0.04509,0.74424,Perfume 50ml,Gym Bag,Beauty & Care,Sports & Fitness
P059,P071,59,0.00064,0.01412,0.01897,0.74424,Gym Bag,Perfume 50ml,Sports & Fitness,Beauty & Care
P075,P028,42,0.00045,0.02298,0.03087,0.74423,RC Car,Sleeping Bag,Toys & Games,Outdoor & Camping
P028,P075,42,0.00045,0.01468,0.01973,0.74423,Sleeping Bag,RC Car,Outdoor & Camping,Toys & Games
P001,P052,126,0.00136,0.0304,0.04085,0.74408,Wireless Earbuds,Adjustable Dumbbells,Electronics,Sports & Fitness
P052,P001,126,0.00136,0.03328,0.04473,0.74408,Adjustable Dumbbells,Wireless Earbuds,Sports & Fitness,Electronics
P067,P008,44,0.00047,0.02162,0.02906,0.74406,Lip Balm 4-Pack,Noise-Cancelling Headphones,Beauty & Care,Electronics
P008,P067,44,0.00047,0.01634,0.02196,0.74406,Noise-Cancelling Headphones,Lip Balm 4-Pack,Electronics,Beauty & Care
P087,P026,29,0.00031,0.0219,0.02945,0.74381,Hot Sauce Trio,Scented Candle,Gourmet Grocery,Home & Kitchen
P026,P087,29,0.00031,0.01063,0.01429,0.74381,Scented Candle,Hot Sauce Trio,Home & Kitchen,Gourmet Grocery
P055,P042,115,0.00124,0.03336,0.04488,0.7434,Foam Roller,Hiking Boots,Sports & Fitness,Apparel
P042,P055,115,0.00124,0.02765,0.0372,0.7434,Hiking Boots,Foam Roller,Apparel,Sports & Fitness
P055,P069,36,0.00039,0.01044,0.01405,0.74337,Foam Roller,Body Wash,Sports & Fitness,Beauty & Care
P069,P055,36,0.00039,0.02765,0.0372,0.74337,Body Wash,Foam Roller,Beauty & Care,Sports & Fitness
P057,P005,37,0.0004,0.02495,0.03357,0.74321,Fitness Tracker,USB-C Fast Charger,Sports & Fitness,Electronics
P005,P057,37,0.0004,0.01189,0.016,0.74321,USB-C Fast Charger,Fitness Tracker,Electronics,Sports & Fitness
P017,P050,95,0.00103,0.03186,0.04288,0.74292,French Press,Leather Belt,Home & Kitchen,Apparel
P050,P017,95,0.00103,0.02391,0.03218,0.74292,Leather Belt,French Press,Apparel,Home & Kitchen
P049,P014,44,0.00047,0.02074,0.02792,0.74279,Sun Hat,Chef Knife Set,Apparel,Home & Kitchen
P014,P049,44,0.00047,0.01701,0.0229,0.74279,Chef Knife Set,Sun Hat,Home & Kitchen,Apparel
P075,P021,32,0.00035,0.01751,0.02358,0.74246,RC Car,Air Fryer,Toys & Games,Home & Kitchen
P021,P075,32,0.00035,0.01465,0.01973,0.74246,Air Fryer,RC Car,Home & Kitchen,Toys & Games
P015,P039,42,0.00045,0.02275,0.03065,0.74242,Cast Iron Skillet,Rain Jacket,Home & Kitchen,Apparel
P039,P015,42,0.00045,0.01479,0.01992,0.74242,Rain Jacket,Cast Iron Skillet,Apparel,Home & Kitchen
P069,P076,49,0.00053,0.03763,0.05072,0.74206,Body Wash,Plush Bear,Beauty & Care,Toys & Games
P076,P069,49,0.00053,0.01043,0.01405,0.74206,Plush Bear,Body Wash,Toys & Games,Beauty & Care
P049,P054,29,0.00031,0.01367,0.01842,0.74195,Sun Hat,Insulated Water Bottle,Apparel,Sports & Fitness
P054,P049,29,0.00031,0.01699,0.0229,0.74195,Insulated Water Bottle,Sun Hat,Sports & Fitness,Apparel
P060,P072,46,0.0005,0.02618,0.03532,0.7413,Protein Shaker,Building Blocks 500pc,Sports & Fitness,Toys & Games
P072,P060,46,0.0005,0.01405,0.01896,0.7413,Building Blocks 500pc,Protein Shaker,Toys & Games,Sports & Fitness
P028,P085,30,0.00032,0.01049,0.01415,0.74123,Sleeping Bag,Loose Leaf Tea,Outdoor & Camping,Gourmet Grocery
P085,P028,30,0.00032,0.02288,0.03087,0.74123,Loose Leaf Tea,Sleeping Bag,Gourmet Grocery,Outdoor & Camping
P046,P011,38,0.00041,0.01057,0.01427,0.74119,Organic Cotton Tee,E-Reader,Apparel,Electronics
P011,P046,38,0.00041,0.02874,0.03878,0.74119,E-Reader,Organic Cotton Tee,Electronics,Apparel
P012,P068,97,0.00105,0.02366,0.03193,0.74114,Gaming Mouse,Bamboo Toothbrush 4-Pack,Electronics,Beauty & Care
P068,P012,97,0.00105,0.03278,0.04423,0.74114,Bamboo Toothbrush 4-Pack,Gaming Mouse,Beauty & Care,Electronics
P068,P010,62,0.00067,0.02095,0.02827,0.74114,Bamboo Toothbrush 4-Pack,Action Camera,Beauty & Care,Electronics
P010,P068,62,0.00067,0.02366,0.03193,0.74114,Action Camera,Bamboo Toothbrush 4-Pack,Electronics,Beauty & Care
P008,P059,90,0.00097,0.03342,0.04509,0.74112,Noise-Cancelling Headphones,Gym Bag,Electronics,Sports & Fitness
P059,P008,90,0.00097,0.02154,0.02906,0.74112,Gym Bag,Noise-Cancelling Headphones,Sports & Fitness,Electronics
P052,P045,32,0.00035,0.00845,0.01141,0.74105,Adjustable Dumbbells,Denim Jacket,Sports & Fitness,Apparel
P045,P052,32,0.00035,0.03027,0.04085,0.74105,Denim Jacket,Adjustable Dumbbells,Apparel,Sports & Fitness
P039,P083,136,0.00147,0.04789,0.06463,0.741,Rain Jacket,Extra Virgin Olive Oil,Apparel,Gourmet Grocery
P083,P039,136,0.00147,0.02271,0.03065,0.741,Extra Virgin Olive Oil,Rain Jacket,Gourmet Grocery,Apparel
P044,P058,28,0.0003,0.00841,0.01135,0.74094,Wool Socks 3-Pack,Kettlebell 12kg,Apparel,Sports & Fitness
P058,P044,28,0.0003,0.02662,0.03592,0.74094,Kettlebell 12kg,Wool Socks 3-Pack,Sports & Fitness,Apparel
P039,P011,30,0.00032,0.01056,0.01427,0.7405,Rain Jacket,E-Reader,Apparel,Electronics
P011,P039,30,0.00032,0.02269,0.03065,0.7405,E-Reader,Rain Jacket,Electronics,Apparel
P022,P062,173,0.00187,0.04021,0.05431,0.74046,Linen Towel Set,Vitamin C Serum,Home & Kitchen,Beauty & Care
P062,P022,173,0.00187,0.03437,0.04642,0.74046,Vitamin C Serum,Linen Towel Set,Beauty & Care,Home & Kitchen
P044,P020,76,0.00082,0.02283,0.03084,0.74027,Wool Socks 3-Pack,Stand Mixer,Apparel,Home & Kitchen
P020,P044,76,0.00082,0.02659,0.03592,0.74027,Stand Mixer,Wool Socks 3-Pack,Home & Kitchen,Apparel
P046,P034,92,0.00099,0.0256,0.03458,0.74018,Organic Cotton Tee,Trekking Poles,Apparel,Outdoor & Camping
P034,P046,92,0.00099,0.02871,0.03878,0.74018,Trekking Poles,Organic Cotton Tee,Outdoor & Camping,Apparel
P047,P080,28,0.0003,0.00673,0.0091,0.74011,Chino Pants,Art Supplies Kit,Apparel,Toys & Games
P080,P047,28,0.0003,0.03321,0.04488,0.74011,Art Supplies Kit,Chino Pants,Toys & Games,Apparel
P048,P008,74,0.0008,0.02151,0.02906,0.74005,Down Vest,Noise-Cancelling Headphones,Apparel,Electronics
P008,P048,74,0.0008,0.02748,0.03713,0.74005,Noise-Cancelling Headphones,Down Vest,Electronics,Apparel
P020,P005,71,0.00077,0.02484,0.03357,0.74003,Stand Mixer,USB-C Fast Charger,Home & Kitchen,Electronics
P005,P020,71,0.00077,0.02282,0.03084,0.74003,USB-C Fast Charger,Stand Mixer,Electronics,Home & Kitchen
P010,P042,87,0.00094,0.03321,0.04488,0.73992,Action Camera,Hiking Boots,Electronics,Apparel
P042,P010,87,0.00094,0.02092,0.02827,0.73992,Hiking Boots,Action Camera,Apparel,Electronics
P035,P022,41,0.00044,0.03434,0.04642,0.73971,Cooler 30L,Linen Towel Set,Outdoor & Camping,Home & Kitchen
P022,P035,41,0.00044,0.00953,0.01288,0.73971,Linen Towel Set,Cooler 30L,Home & Kitchen,Outdoor & Camping
P044,P059,111,0.0012,0.03334,0.04509,0.73942,Wool Socks 3-Pack,Gym Bag,Apparel,Sports & Fitness
P059,P044,111,0.0012,0.02656,0.03592,0.73942,Gym Bag,Wool Socks 3-Pack,Sports & Fitness,Apparel
P039,P087,30,0.00032,0.01056,0.01429,0.73938,Rain Jacket,Hot Sauce Trio,Apparel,Gourmet Grocery
P087,P039,30,0.00032,0.02266,0.03065,0.73938,Hot Sauce Trio,Rain Jacket,Gourmet Grocery,Apparel
P071,P083,84,0.00091,0.04778,0.06463,0.73937,Perfume 50ml,Extra Virgin Olive Oil,Beauty & Care,Gourmet Grocery
P083,P071,84,0.00091,0.01403,0.01897,0.73937,Extra Virgin Olive Oil,Perfume 50ml,Gourmet Grocery,Beauty & Care
P062,P047,167,0.0018,0.03318,0.04488,0.73936,Vitamin C Serum,Chino Pants,Beauty & Care,Apparel
P047,P062,167,0.0018,0.04015,0.05431,0.73936,Chino Pants,Vitamin C Serum,Apparel,Beauty & Care
P005,P017,74,0.0008,0.02379,0.03218,0.73923,USB-C Fast Charger,French Press,Electronics,Home & Kitchen
P017,P005,74,0.0008,0.02482,0.03357,0.73923,French Press,USB-C Fast Charger,Home & Kitchen,Electronics
P037,P055,79,0.00085,0.02749,0.0372,0.73901,Sleeping Pad,Foam Roller,Outdoor & Camping,Sports & Fitness
P055,P037,79,0.00085,0.02292,0.03101,0.73901,Foam Roller,Sleeping Pad,Sports & Fitness,Outdoor & Camping
P004,P050,159,0.00172,0.03166,0.04288,0.73832,Phone Case,Leather Belt,Electronics,Apparel
P050,P004,159,0.00172,0.04001,0.05419,0.73832,Leather Belt,Phone Case,Apparel,Electronics
P020,P060,40,0.00043,0.014,0.01896,0.73821,Stand Mixer,Protein Shaker,Home & Kitchen,Sports & Fitness
P060,P020,40,0.00043,0.02277,0.03084,0.73821,Protein Shaker,Stand Mixer,Sports & Fitness,Home & Kitchen
P033,P049,43,0.00046,0.0169,0.0229,0.73817,Camp Chair,Sun Hat,Outdoor & Camping,Apparel
P049,P033,43,0.00046,0.02026,0.02745,0.73817,Sun Hat,Camp Chair,Apparel,Outdoor & Camping
P029,P055,27,0.00029,0.02744,0.0372,0.7377,Camping Stove,Foam Roller,Outdoor & Camping,Sports & Fitness
P055,P029,27,0.00029,0.00783,0.01062,0.7377,Foam Roller,Camping Stove,Sports & Fitness,Outdoor & Camping
P015,P083,88,0.00095,0.04767,0.06463,0.73765,Cast Iron Skillet,Extra Virgin Olive Oil,Home & Kitchen,Gourmet Grocery
P083,P015,88,0.00095,0.01469,0.01992,0.73765,Extra Virgin Olive Oil,Cast Iron Skillet,Gourmet Grocery,Home & Kitchen
P083,P067,97,0.00105,0.0162,0.02196,0.73758,Extra Virgin Olive Oil,Lip Balm 4-Pack,Gourmet Grocery,Beauty & Care
P067,P083,97,0.00105,0.04767,0.06463,0.73758,Lip Balm 4-Pack,Extra Virgin Olive Oil,Beauty & Care,Gourmet Grocery
P030,P078,42,0.00045,0.0155,0.02102,0.73757,Headlamp,Card Game,Outdoor & Camping,Toys & Games
P078,P030,42,0.00045,0.02156,0.02923,0.73757,Card Game,Headlamp,Toys & Games,Outdoor & Camping
P053,P028,36,0.00039,0.02276,0.03087,0.73711,Resistance Bands,Sleeping Bag,Sports & Fitness,Outdoor & Camping
P028,P053,36,0.00039,0.01258,0.01707,0.73711,Sleeping Bag,Resistance Bands,Outdoor & Camping,Sports & Fitness
P070,P022,44,0.00047,0.03421,0.04642,0.73705,Face Mask Set,Linen Towel Set,Beauty & Care,Home & Kitchen
P022,P070,44,0.00047,0.01023,0.01388,0.73705,Linen Towel Set,Face Mask Set,Home & Kitchen,Beauty & Care
P033,P010,53,0.00057,0.02083,0.02827,0.7369,Camp Chair,Action Camera,Outdoor & Camping,Electronics
P010,P033,53,0.00057,0.02023,0.02745,0.7369,Action Camera,Camp Chair,Electronics,Outdoor & Camping
P004,P061,69,0.00074,0.01374,0.01865,0.73685,Phone Case,Yoga Block Set,Electronics,Sports & Fitness
P061,P004,69,0.00074,0.03993,0.05419,0.73685,Yoga Block Set,Phone Case,Sports & Fitness,Electronics
P062,P050,159,0.00172,0.03159,0.04288,0.73671,Vitamin C Serum,Leather Belt,Beauty & Care,Apparel
P050,P062,159,0.00172,0.04001,0.05431,0.73671,Leather Belt,Vitamin C Serum,Apparel,Beauty & Care
P004,P016,100,0.00108,0.01991,0.02704,0.73637,Phone Case,Burr Coffee Grinder,Electronics,Home & Kitchen
P016,P004,100,0.00108,0.0399,0.05419,0.73637,Burr Coffee Grinder,Phone Case,Home & Kitchen,Electronics
P005,P058,26,0.00028,0.00836,0.01135,0.73623,USB-C Fast Charger,Kettlebell 12kg,Electronics,Sports & Fitness
P058,P005,26,0.00028,0.02471,0.03357,0.73623,Kettlebell 12kg,USB-C Fast Charger,Sports & Fitness,Electronics
P057,P049,25,0.00027,0.01686,0.0229,0.73622,Fitness Tracker,Sun Hat,Sports & Fitness,Apparel
P049,P057,25,0.00027,0.01178,0.016,0.73622,Sun Hat,Fitness Tracker,Apparel,Sports & Fitness
P016,P041,54,0.00058,0.02155,0.02927,0.73606,Burr Coffee Grinder,Merino Base Layer,Home & Kitchen,Apparel
P041,P016,54,0.00058,0.0199,0.02704,0.73606,Merino Base Layer,Burr Coffee Grinder,Apparel,Home & Kitchen
P040,P022,101,0.00109,0.03417,0.04642,0.73604,Fleece Pullover,Linen Towel Set,Apparel,Home & Kitchen
P022,P040,101,0.00109,0.02348,0.0319,0.73604,Linen Towel Set,Fleece Pullover,Home & Kitchen,Apparel
P047,P059,138,0.00149,0.03318,0.04509,0.73582,Chino Pants,Gym Bag,Apparel,Sports & Fitness
P059,P047,138,0.00149,0.03302,0.04488,0.73582,Gym Bag,Chino Pants,Sports & Fitness,Apparel
P081,P001,101,0.00109,0.03291,0.04473,0.73579,Single-Origin Coffee Beans,Wireless Earbuds,Gourmet Grocery,Electronics
P001,P081,101,0.00109,0.02437,0.03312,0.73579,Wireless Earbuds,Single-Origin Coffee Beans,Electronics,Gourmet Grocery
P025,P027,43,0.00046,0.02241,0.03046,0.73559,Dinnerware 16pc,2-Person Tent,Home & Kitchen,Outdoor & Camping
P027,P025,43,0.00046,0.01523,0.02071,0.73559,2-Person Tent,Dinnerware 16pc,Outdoor & Camping,Home & Kitchen
P081,P037,70,0.00076,0.02281,0.03101,0.73547,Single-Origin Coffee Beans,Sleeping Pad,Gourmet Grocery,Outdoor & Camping
P037,P081,70,0.00076,0.02436,0.03312,0.73547,Sleeping Pad,Single-Origin Coffee Beans,Outdoor & Camping,Gourmet Grocery
P076,P005,116,0.00125,0.02468,0.03357,0.73521,Plush Bear,USB-C Fast Charger,Toys & Games,Electronics
P005,P076,116,0.00125,0.03729,0.05072,0.73521,USB-C Fast Charger,Plush Bear,Electronics,Toys & Games
P012,P065,25,0.00027,0.0061,0.0083,0.735,Gaming Mouse,Shampoo Bar,Electronics,Beauty & Care
P065,P012,25,0.00027,0.03251,0.04423,0.735,Shampoo Bar,Gaming Mouse,Beauty & Care,Electronics
P081,P066,43,0.00046,0.01401,0.01907,0.73483,Single-Origin Coffee Beans,Beard Oil,Gourmet Grocery,Beauty & Care
P066,P081,43,0.00046,0.02434,0.03312,0.73483,Beard Oil,Single-Origin Coffee Beans,Beauty & Care,Gourmet Grocery
P072,P018,37,0.0004,0.0113,0.01539,0.73467,Building Blocks 500pc,Non-Stick Pan Set,Toys & Games,Home & Kitchen
P018,P072,37,0.0004,0.02595,0.03532,0.73467,Non-Stick Pan Set,Building Blocks 500pc,Home & Kitchen,Toys & Games
P062,P020,114,0.00123,0.02265,0.03084,0.73446,Vitamin C Serum,Stand Mixer,Beauty & Care,Home & Kitchen
P020,P062,114,0.00123,0.03989,0.05431,0.73446,Stand Mixer,Vitamin C Serum,Home & Kitchen,Beauty & Care
P018,P047,47,0.00051,0.03296,0.04488,0.73442,Non-Stick Pan Set,Chino Pants,Home & Kitchen,Apparel
P047,P018,47,0.00051,0.0113,0.01539,0.73442,Chino Pants,Non-Stick Pan Set,Apparel,Home & Kitchen
P040,P036,36,0.00039,0.01218,0.01659,0.73431,Fleece Pullover,Insect Repellent,Apparel,Outdoor & Camping
P036,P040,36,0.00039,0.02342,0.0319,0.73431,Insect Repellent,Fleece Pullover,Outdoor & Camping,Apparel
P004,P039,113,0.00122,0.0225,0.03065,0.73424,Phone Case,Rain Jacket,Electronics,Apparel
P039,P004,113,0.00122,0.03979,0.05419,0.73424,Rain Jacket,Phone Case,Apparel,Electronics
P053,P041,34,0.00037,0.02149,0.02927,0.73413,Resistance Bands,Merino Base Layer,Sports & Fitness,Apparel
P041,P053,34,0.00037,0.01253,0.01707,0.73413,Merino Base Layer,Resistance Bands,Apparel,Sports & Fitness
P042,P027,93,0.001,0.02236,0.03046,0.73407,Hiking Boots,2-Person Tent,Apparel,Outdoor & Camping
P027,P042,93,0.001,0.03294,0.04488,0.73407,2-Person Tent,Hiking Boots,Outdoor & Camping,Apparel
P050,P013,74,0.0008,0.01862,0.02537,0.73401,Leather Belt,Tablet Sleeve,Apparel,Electronics
P013,P050,74,0.0008,0.03148,0.04288,0.73401,Tablet Sleeve,Leather Belt,Electronics,Apparel
P017,P076,111,0.0012,0.03722,0.05072,0.73396,French Press,Plush Bear,Home & Kitchen,Toys & Games
P076,P017,111,0.0012,0.02362,0.03218,0.73396,Plush Bear,French Press,Toys & Games,Home & Kitchen
P017,P078,46,0.0005,0.01543,0.02102,0.73386,French Press,Card Game,Home & Kitchen,Toys & Games
P078,P017,46,0.0005,0.02361,0.03218,0.73386,Card Game,French Press,Toys & Games,Home & Kitchen
P072,P014,67,0.00072,0.02047,0.02792,0.73331,Building Blocks 500pc,Chef Knife Set,Toys & Games,Home & Kitchen
P014,P072,67,0.00072,0.0259,0.03532,0.73331,Chef Knife Set,Building Blocks 500pc,Home & Kitchen,Toys & Games
P048,P013,64,0.00069,0.0186,0.02537,0.73316,Down Vest,Tablet Sleeve,Apparel,Electronics
P013,P048,64,0.00069,0.02722,0.03713,0.73316,Tablet Sleeve,Down Vest,Electronics,Apparel
P062,P021,87,0.00094,0.01729,0.02358,0.73315,Vitamin C Serum,Air Fryer,Beauty & Care,Home & Kitchen
P021,P062,87,0.00094,0.03982,0.05431,0.73315,Air Fryer,Vitamin C Serum,Home & Kitchen,Beauty & Care
P027,P004,112,0.00121,0.03967,0.05419,0.73212,2-Person Tent,Phone Case,Outdoor & Camping,Electronics
P004,P027,112,0.00121,0.0223,0.03046,0.73212,Phone Case,2-Person Tent,Electronics,Outdoor & Camping
P055,P070,35,0.00038,0.01015,0.01388,0.73171,Foam Roller,Face Mask Set,Sports & Fitness,Beauty & Care
P070,P055,35,0.00038,0.02722,0.0372,0.73171,Face Mask Set,Foam Roller,Beauty & Care,Sports & Fitness
P062,P008,107,0.00115,0.02126,0.02906,0.7316,Vitamin C Serum,Noise-Cancelling Headphones,Beauty & Care,Electronics
P008,P062,107,0.00115,0.03973,0.05431,0.7316,Noise-Cancelling Headphones,Vitamin C Serum,Electronics,Beauty & Care
P016,P001,82,0.00088,0.03272,0.04473,0.73158,Burr Coffee Grinder,Wireless Earbuds,Home & Kitchen,Electronics
P001,P016,82,0.00088,0.01978,0.02704,0.73158,Wireless Earbuds,Burr Coffee Grinder,Electronics,Home & Kitchen
P072,P044,86,0.00093,0.02628,0.03592,0.73146,Building Blocks 500pc,Wool Socks 3-Pack,Toys & Games,Apparel
P044,P072,86,0.00093,0.02583,0.03532,0.73146,Wool Socks 3-Pack,Building Blocks 500pc,Apparel,Toys & Games
P052,P006,44,0.00047,0.01162,0.01589,0.73118,Adjustable Dumbbells,Power Bank 20K,Sports & Fitness,Electronics
P006,P052,44,0.00047,0.02987,0.04085,0.73118,Power Bank 20K,Adjustable Dumbbells,Electronics,Sports & Fitness
P078,P060,27,0.00029,0.01386,0.01896,0.73107,Card Game,Protein Shaker,Toys & Games,Sports & Fitness
P060,P078,27,0.00029,0.01537,0.02102,0.73107,Protein Shaker,Card Game,Sports & Fitness,Toys & Games
P075,P017,43,0.00046,0.02352,0.03218,0.73103,RC Car,French Press,Toys & Games,Home & Kitchen
P017,P075,43,0.00046,0.01442,0.01973,0.73103,French Press,RC Car,Home & Kitchen,Toys & Games
P089,P012,59,0.00064,0.03233,0.04423,0.73091,Dried Mango,Gaming Mouse,Gourmet Grocery,Electronics
P012,P089,59,0.00064,0.01439,0.01969,0.73091,Gaming Mouse,Dried Mango,Electronics,Gourmet Grocery
P076,P083,222,0.0024,0.04723,0.06463,0.73089,Plush Bear,Extra Virgin Olive Oil,Toys & Games,Gourmet Grocery
P083,P076,222,0.0024,0.03707,0.05072,0.73089,Extra Virgin Olive Oil,Plush Bear,Gourmet Grocery,Toys & Games
P087,P014,27,0.00029,0.02039,0.02792,0.73052,Hot Sauce Trio,Chef Knife Set,Gourmet Grocery,Home & Kitchen
P014,P087,27,0.00029,0.01044,0.01429,0.73052,Chef Knife Set,Hot Sauce Trio,Home & Kitchen,Gourmet Grocery
P062,P085,52,0.00056,0.01033,0.01415,0.73034,Vitamin C Serum,Loose Leaf Tea,Beauty & Care,Gourmet Grocery
P085,P062,52,0.00056,0.03966,0.05431,0.73034,Loose Leaf Tea,Vitamin C Serum,Gourmet Grocery,Beauty & Care
P078,P050,61,0.00066,0.03131,0.04288,0.73024,Card Game,Leather Belt,Toys & Games,Apparel
P050,P078,61,0.00066,0.01535,0.02102,0.73024,Leather Belt,Card Game,Apparel,Toys & Games
P034,P023,92,0.00099,0.02871,0.03931,0.73022,Trekking Poles,Glass Storage Set,Outdoor & Camping,Home & Kitchen
P023,P034,92,0.00099,0.02525,0.03458,0.73022,Glass Storage Set,Trekking Poles,Home & Kitchen,Outdoor & Camping
P056,P068,37,0.0004,0.02331,0.03193,0.73019,Jump Rope,Bamboo Toothbrush 4-Pack,Sports & Fitness,Beauty & Care
P068,P056,37,0.0004,0.0125,0.01712,0.73019,Bamboo Toothbrush 4-Pack,Jump Rope,Beauty & Care,Sports & Fitness
P040,P019,32,0.00035,0.01083,0.01483,0.73015,Fleece Pullover,Cutting Board,Apparel,Home & Kitchen
P019,P040,32,0.00035,0.02329,0.0319,0.73015,Cutting Board,Fleece Pullover,Home & Kitchen,Apparel
P047,P056,52,0.00056,0.0125,0.01712,0.73011,Chino Pants,Jump Rope,Apparel,Sports & Fitness
P056,P047,52,0.00056,0.03277,0.04488,0.73011,Jump Rope,Chino Pants,Sports & Fitness,Apparel
P021,P083,103,0.00111,0.04714,0.06463,0.72943,Air Fryer,Extra Virgin Olive Oil,Home & Kitchen,Gourmet Grocery
P083,P021,103,0.00111,0.0172,0.02358,0.72943,Extra Virgin Olive Oil,Air Fryer,Gourmet Grocery,Home & Kitchen
P050,P076,147,0.00159,0.03699,0.05072,0.72936,Leather Belt,Plush Bear,Apparel,Toys & Games
P076,P050,147,0.00159,0.03128,0.04288,0.72936,Plush Bear,Leather Belt,Toys & Games,Apparel
P048,P012,111,0.0012,0.03226,0.04423,0.72931,Down Vest,Gaming Mouse,Apparel,Electronics
P012,P048,111,0.0012,0.02708,0.03713,0.72931,Gaming Mouse,Down Vest,Electronics,Apparel
P023,P046,103,0.00111,0.02827,0.03878,0.72904,Glass Storage Set,Organic Cotton Tee,Home & Kitchen,Apparel
P046,P023,103,0.00111,0.02866,0.03931,0.72904,Organic Cotton Tee,Glass Storage Set,Apparel,Home & Kitchen
P053,P012,51,0.00055,0.03224,0.04423,0.72885,Resistance Bands,Gaming Mouse,Sports & Fitness,Electronics
P012,P053,51,0.00055,0.01244,0.01707,0.72885,Gaming Mouse,Resistance Bands,Electronics,Sports & Fitness
P008,P031,25,0.00027,0.00928,0.01274,0.72846,Noise-Cancelling Headphones,Hiking Backpack 40L,Electronics,Outdoor & Camping
P031,P008,25,0.00027,0.02117,0.02906,0.72846,Hiking Backpack 40L,Noise-Cancelling Headphones,Outdoor & Camping,Electronics
P012,P054,55,0.00059,0.01342,0.01842,0.72846,Gaming Mouse,Insulated Water Bottle,Electronics,Sports & Fitness
P054,P012,55,0.00059,0.03222,0.04423,0.72846,Insulated Water Bottle,Gaming Mouse,Sports & Fitness,Electronics
P012,P042,134,0.00145,0.03269,0.04488,0.72844,Gaming Mouse,Hiking Boots,Electronics,Apparel
P042,P012,134,0.00145,0.03222,0.04423,0.72844,Hiking Boots,Gaming Mouse,Apparel,Electronics
P041,P028,61,0.00066,0.02248,0.03087,0.72831,Merino Base Layer,Sleeping Bag,Apparel,Outdoor & Camping
P028,P041,61,0.00066,0.02132,0.02927,0.72831,Sleeping Bag,Merino Base Layer,Outdoor & Camping,Apparel
P050,P083,187,0.00202,0.04706,0.06463,0.72814,Leather Belt,Extra Virgin Olive Oil,Apparel,Gourmet Grocery
P083,P050,187,0.00202,0.03122,0.04288,0.72814,Extra Virgin Olive Oil,Leather Belt,Gourmet Grocery,Apparel
P008,P047,88,0.00095,0.03268,0.04488,0.72813,Noise-Cancelling Headphones,Chino Pants,Electronics,Apparel
P047,P008,88,0.00095,0.02116,0.02906,0.72813,Chino Pants,Noise-Cancelling Headphones,Apparel,Electronics
P034,P085,33,0.00036,0.0103,0.01415,0.72784,Trekking Poles,Loose Leaf Tea,Outdoor & Camping,Gourmet Grocery
P085,P034,33,0.00036,0.02517,0.03458,0.72784,Loose Leaf Tea,Trekking Poles,Gourmet Grocery,Outdoor & Camping
P039,P068,66,0.00071,0.02324,0.03193,0.72784,Rain Jacket,Bamboo Toothbrush 4-Pack,Apparel,Beauty & Care
P068,P039,66,0.00071,0.0223,0.03065,0.72784,Bamboo Toothbrush 4-Pack,Rain Jacket,Beauty & Care,Apparel
P072,P039,73,0.00079,0.0223,0.03065,0.7278,Building Blocks 500pc,Rain Jacket,Toys & Games,Apparel
P039,P072,73,0.00079,0.0257,0.03532,0.7278,Rain Jacket,Building Blocks 500pc,Apparel,Toys & Games
P048,P076,127,0.00137,0.03691,0.05072,0.72774,Down Vest,Plush Bear,Apparel,Toys & Games
P076,P048,127,0.00137,0.02702,0.03713,0.72774,Plush Bear,Down Vest,Toys & Games,Apparel
P070,P047,42,0.00045,0.03266,0.04488,0.72773,Face Mask Set,Chino Pants,Beauty & Care,Apparel
P047,P070,42,0.00045,0.0101,0.01388,0.72773,Chino Pants,Face Mask Set,Apparel,Beauty & Care
P046,P008,76,0.00082,0.02115,0.02906,0.7277,Organic Cotton Tee,Noise-Cancelling Headphones,Apparel,Electronics
P008,P046,76,0.00082,0.02822,0.03878,0.7277,Noise-Cancelling Headphones,Organic Cotton Tee,Electronics,Apparel
P059,P041,89,0.00096,0.0213,0.02927,0.72748,Gym Bag,Merino Base Layer,Sports & Fitness,Apparel
P041,P059,89,0.00096,0.03281,0.04509,0.72748,Merino Base Layer,Gym Bag,Apparel,Sports & Fitness
P078,P034,49,0.00053,0.02515,0.03458,0.72733,Card Game,Trekking Poles,Toys & Games,Outdoor & Camping
P034,P078,49,0.00053,0.01529,0.02102,0.72733,Trekking Poles,Card Game,Outdoor & Camping,Toys & Games
P087,P072,34,0.00037,0.02568,0.03532,0.72711,Hot Sauce Trio,Building Blocks 500pc,Gourmet Grocery,Toys & Games
P072,P087,34,0.00037,0.01039,0.01429,0.72711,Building Blocks 500pc,Hot Sauce Trio,Toys & Games,Gourmet Grocery
P069,P044,34,0.00037,0.02611,0.03592,0.72695,Body Wash,Wool Socks 3-Pack,Beauty & Care,Apparel
P044,P069,34,0.00037,0.01021,0.01405,0.72695,Wool Socks 3-Pack,Body Wash,Apparel,Beauty & Care
P084,P028,39,0.00042,0.02244,0.03087,0.72686,Trail Mix 1kg,Sleeping Bag,Gourmet Grocery,Outdoor & Camping
P028,P084,39,0.00042,0.01363,0.01875,0.72686,Sleeping Bag,Trail Mix 1kg,Outdoor & Camping,Gourmet Grocery
P075,P004,72,0.00078,0.03939,0.05419,0.72683,RC Car,Phone Case,Toys & Games,Electronics
P004,P075,72,0.00078,0.01434,0.01973,0.72683,Phone Case,RC Car,Electronics,Toys & Games
P048,P057,40,0.00043,0.01162,0.016,0.72642,Down Vest,Fitness Tracker,Apparel,Sports & Fitness
P057,P048,40,0.00043,0.02697,0.03713,0.72642,Fitness Tracker,Down Vest,Sports & Fitness,Apparel
P010,P078,40,0.00043,0.01527,0.02102,0.72631,Action Camera,Card Game,Electronics,Toys & Games
P078,P010,40,0.00043,0.02053,0.02827,0.72631,Card Game,Action Camera,Toys & Games,Electronics
P015,P061,25,0.00027,0.01354,0.01865,0.7263,Cast Iron Skillet,Yoga Block Set,Home & Kitchen,Sports & Fitness
P061,P015,25,0.00027,0.01447,0.01992,0.7263,Yoga Block Set,Cast Iron Skillet,Sports & Fitness,Home & Kitchen
P001,P030,88,0.00095,0.02123,0.02923,0.72628,Wireless Earbuds,Headlamp,Electronics,Outdoor & Camping
P030,P001,88,0.00095,0.03248,0.04473,0.72628,Headlamp,Wireless Earbuds,Outdoor & Camping,Electronics
P059,P009,99,0.00107,0.02369,0.03262,0.72624,Gym Bag,Smart Plug 2-Pack,Sports & Fitness,Electronics
P009,P059,99,0.00107,0.03275,0.04509,0.72624,Smart Plug 2-Pack,Gym Bag,Electronics,Sports & Fitness
P033,P005,62,0.00067,0.02437,0.03357,0.72599,Camp Chair,USB-C Fast Charger,Outdoor & Camping,Electronics
P005,P033,62,0.00067,0.01993,0.02745,0.72599,USB-C Fast Charger,Camp Chair,Electronics,Outdoor & Camping
P062,P004,198,0.00214,0.03934,0.05419,0.72596,Vitamin C Serum,Phone Case,Beauty & Care,Electronics
P004,P062,198,0.00214,0.03943,0.05431,0.72596,Phone Case,Vitamin C Serum,Electronics,Beauty & Care
P014,P001,84,0.00091,0.03247,0.04473,0.72596,Chef Knife Set,Wireless Earbuds,Home & Kitchen,Electronics
P001,P014,84,0.00091,0.02027,0.02792,0.72596,Wireless Earbuds,Chef Knife Set,Electronics,Home & Kitchen
P074,P013,33,0.00036,0.01842,0.02537,0.7259,Jigsaw Puzzle 1000pc,Tablet Sleeve,Toys & Games,Electronics
P013,P074,33,0.00036,0.01404,0.01934,0.7259,Tablet Sleeve,Jigsaw Puzzle 1000pc,Electronics,Toys & Games
P052,P023,108,0.00117,0.02853,0.03931,0.72567,Adjustable Dumbbells,Glass Storage Set,Sports & Fitness,Home & Kitchen
P023,P052,108,0.00117,0.02965,0.04085,0.72567,Glass Storage Set,Adjustable Dumbbells,Home & Kitchen,Sports & Fitness
P040,P016,58,0.00063,0.01962,0.02704,0.7256,Fleece Pullover,Burr Coffee Grinder,Apparel,Home & Kitchen
P016,P040,58,0.00063,0.02314,0.0319,0.7256,Burr Coffee Grinder,Fleece Pullover,Home & Kitchen,Apparel
P001,P041,88,0.00095,0.02123,0.02927,0.72521,Wireless Earbuds,Merino Base Layer,Electronics,Apparel
P041,P001,88,0.00095,0.03244,0.04473,0.72521,Merino Base Layer,Wireless Earbuds,Apparel,Electronics
P052,P007,42,0.00045,0.01109,0.0153,0.72501,Adjustable Dumbbells,10in Tablet,Sports & Fitness,Electronics
P007,P052,42,0.00045,0.02962,0.04085,0.72501,10in Tablet,Adjustable Dumbbells,Electronics,Sports & Fitness
P017,P003,54,0.00058,0.01811,0.02498,0.72492,French Press,Smartwatch,Home & Kitchen,Electronics
P003,P017,54,0.00058,0.02333,0.03218,0.72492,Smartwatch,French Press,Electronics,Home & Kitchen
P042,P036,50,0.00054,0.01202,0.01659,0.72487,Hiking Boots,Insect Repellent,Apparel,Outdoor & Camping
P036,P042,50,0.00054,0.03253,0.04488,0.72487,Insect Repellent,Hiking Boots,Outdoor & Camping,Apparel
P047,P011,43,0.00046,0.01034,0.01427,0.72477,Chino Pants,E-Reader,Apparel,Electronics
P011,P047,43,0.00046,0.03253,0.04488,0.72477,E-Reader,Chino Pants,Electronics,Apparel
P029,P042,32,0.00035,0.03252,0.04488,0.72463,Camping Stove,Hiking Boots,Outdoor & Camping,Apparel
P042,P029,32,0.00035,0.00769,0.01062,0.72463,Hiking Boots,Camping Stove,Apparel,Outdoor & Camping
P037,P089,41,0.00044,0.01427,0.01969,0.72442,Sleeping Pad,Dried Mango,Outdoor & Camping,Gourmet Grocery
P089,P037,41,0.00044,0.02247,0.03101,0.72442,Dried Mango,Sleeping Pad,Gourmet Grocery,Outdoor & Camping
P035,P059,39,0.00042,0.03266,0.04509,0.72434,Cooler 30L,Gym Bag,Outdoor & Camping,Sports & Fitness
P059,P035,39,0.00042,0.00933,0.01288,0.72434,Gym Bag,Cooler 30L,Sports & Fitness,Outdoor & Camping
P012,P080,27,0.00029,0.00659,0.0091,0.72412,Gaming Mouse,Art Supplies Kit,Electronics,Toys & Games
P080,P012,27,0.00029,0.03203,0.04423,0.72412,Art Supplies Kit,Gaming Mouse,Toys & Games,Electronics
P030,P003,49,0.00053,0.01809,0.02498,0.72408,Headlamp,Smartwatch,Outdoor & Camping,Electronics
P003,P030,49,0.00053,0.02117,0.02923,0.72408,Smartwatch,Headlamp,Electronics,Outdoor & Camping
P042,P088,31,0.00033,0.00745,0.01029,0.72407,Hiking Boots,Gourmet Gift Basket,Apparel,Gourmet Grocery
P088,P042,31,0.00033,0.03249,0.04488,0.72407,Gourmet Gift Basket,Hiking Boots,Gourmet Grocery,Apparel
P056,P027,35,0.00038,0.02205,0.03046,0.72399,Jump Rope,2-Person Tent,Sports & Fitness,Outdoor & Camping
P027,P056,35,0.00038,0.0124,0.01712,0.72399,2-Person Tent,Jump Rope,Outdoor & Camping,Sports & Fitness
P008,P018,30,0.00032,0.01114,0.01539,0.72397,Noise-Cancelling Headphones,Non-Stick Pan Set,Electronics,Home & Kitchen
P018,P008,30,0.00032,0.02104,0.02906,0.72397,Non-Stick Pan Set,Noise-Cancelling Headphones,Home & Kitchen,Electronics
P005,P052,92,0.00099,0.02957,0.04085,0.72387,USB-C Fast Charger,Adjustable Dumbbells,Electronics,Sports & Fitness
P052,P005,92,0.00099,0.0243,0.03357,0.72387,Adjustable Dumbbells,USB-C Fast Charger,Sports & Fitness,Electronics
P033,P003,46,0.0005,0.01808,0.02498,0.72384,Camp Chair,Smartwatch,Outdoor & Camping,Electronics
P003,P033,46,0.0005,0.01987,0.02745,0.72384,Smartwatch,Camp Chair,Electronics,Outdoor & Camping
P014,P047,84,0.00091,0.03247,0.04488,0.72351,Chef Knife Set,Chino Pants,Home & Kitchen,Apparel
P047,P014,84,0.00091,0.0202,0.02792,0.72351,Chino Pants,Chef Knife Set,Apparel,Home & Kitchen
P023,P071,50,0.00054,0.01372,0.01897,0.72351,Glass Storage Set,Perfume 50ml,Home & Kitchen,Beauty & Care
P071,P023,50,0.00054,0.02844,0.03931,0.72351,Perfume 50ml,Glass Storage Set,Beauty & Care,Home & Kitchen
P088,P076,35,0.00038,0.03669,0.05072,0.72339,Gourmet Gift Basket,Plush Bear,Gourmet Grocery,Toys & Games
P076,P088,35,0.00038,0.00745,0.01029,0.72339,Plush Bear,Gourmet Gift Basket,Toys & Games,Gourmet Grocery
P017,P007,33,0.00036,0.01107,0.0153,0.72324,French Press,10in Tablet,Home & Kitchen,Electronics
P007,P017,33,0.00036,0.02327,0.03218,0.72324,10in Tablet,French Press,Electronics,Home & Kitchen
P062,P087,52,0.00056,0.01033,0.01429,0.72317,Vitamin C Serum,Hot Sauce Trio,Beauty & Care,Gourmet Grocery
P087,P062,52,0.00056,0.03927,0.05431,0.72317,Hot Sauce Trio,Vitamin C Serum,Gourmet Grocery,Beauty & Care
P030,P017,63,0.00068,0.02326,0.03218,0.72273,Headlamp,French Press,Outdoor & Camping,Home & Kitchen
P017,P030,63,0.00068,0.02113,0.02923,0.72273,French Press,Headlamp,Home & Kitchen,Outdoor & Camping
P075,P003,33,0.00036,0.01805,0.02498,0.72267,RC Car,Smartwatch,Toys & Games,Electronics
P003,P075,33,0.00036,0.01425,0.01973,0.72267,Smartwatch,RC Car,Electronics,Toys & Games
P022,P001,139,0.0015,0.03231,0.04473,0.72239,Linen Towel Set,Wireless Earbuds,Home & Kitchen,Electronics
P001,P022,139,0.0015,0.03353,0.04642,0.72239,Wireless Earbuds,Linen Towel Set,Electronics,Home & Kitchen
P039,P010,58,0.00063,0.02042,0.02827,0.72237,Rain Jacket,Action Camera,Apparel,Electronics
P010,P039,58,0.00063,0.02214,0.03065,0.72237,Action Camera,Rain Jacket,Electronics,Apparel
P014,P056,32,0.00035,0.01237,0.01712,0.72232,Chef Knife Set,Jump Rope,Home & Kitchen,Sports & Fitness
P056,P014,32,0.00035,0.02016,0.02792,0.72232,Jump Rope,Chef Knife Set,Sports & Fitness,Home & Kitchen
P027,P072,72,0.00078,0.0255,0.03532,0.72215,2-Person Tent,Building Blocks 500pc,Outdoor & Camping,Toys & Games
P072,P027,72,0.00078,0.022,0.03046,0.72215,Building Blocks 500pc,2-Person Tent,Toys & Games,Outdoor & Camping
P047,P061,56,0.0006,0.01346,0.01865,0.72212,Chino Pants,Yoga Block Set,Apparel,Sports & Fitness
P061,P047,56,0.0006,0.03241,0.04488,0.72212,Yoga Block Set,Chino Pants,Sports & Fitness,Apparel
P062,P005,122,0.00132,0.02424,0.03357,0.72208,Vitamin C Serum,USB-C Fast Charger,Beauty & Care,Electronics
P005,P062,122,0.00132,0.03922,0.05431,0.72208,USB-C Fast Charger,Vitamin C Serum,Electronics,Beauty & Care
P016,P044,65,0.0007,0.02594,0.03592,0.72206,Burr Coffee Grinder,Wool Socks 3-Pack,Home & Kitchen,Apparel
P044,P016,65,0.0007,0.01953,0.02704,0.72206,Wool Socks 3-Pack,Burr Coffee Grinder,Apparel,Home & Kitchen
P002,P062,29,0.00031,0.03919,0.05431,0.72159,Bluetooth Speaker,Vitamin C Serum,Electronics,Beauty & Care
P062,P002,29,0.00031,0.00576,0.00799,0.72159,Vitamin C Serum,Bluetooth Speaker,Beauty & Care,Electronics
P056,P021,27,0.00029,0.01701,0.02358,0.72159,Jump Rope,Air Fryer,Sports & Fitness,Home & Kitchen
P021,P056,27,0.00029,0.01236,0.01712,0.72159,Air Fryer,Jump Rope,Home & Kitchen,Sports & Fitness
P046,P036,43,0.00046,0.01196,0.01659,0.72139,Organic Cotton Tee,Insect Repellent,Apparel,Outdoor & Camping
P036,P046,43,0.00046,0.02798,0.03878,0.72139,Insect Repellent,Organic Cotton Tee,Outdoor & Camping,Apparel
P061,P023,49,0.00053,0.02836,0.03931,0.72135,Yoga Block Set,Glass Storage Set,Sports & Fitness,Home & Kitchen
P023,P061,49,0.00053,0.01345,0.01865,0.72135,Glass Storage Set,Yoga Block Set,Home & Kitchen,Sports & Fitness
P011,P059,43,0.00046,0.03253,0.04509,0.7213,E-Reader,Gym Bag,Electronics,Sports & Fitness
P059,P011,43,0.00046,0.01029,0.01427,0.7213,Gym Bag,E-Reader,Sports & Fitness,Electronics
P003,P024,28,0.0003,0.0121,0.01677,0.72129,Smartwatch,Electric Kettle,Electronics,Home & Kitchen
P024,P003,28,0.0003,0.01802,0.02498,0.72129,Electric Kettle,Smartwatch,Home & Kitchen,Electronics
P001,P048,111,0.0012,0.02678,0.03713,0.72122,Wireless Earbuds,Down Vest,Electronics,Apparel
P048,P001,111,0.0012,0.03226,0.04473,0.72122,Down Vest,Wireless Earbuds,Apparel,Electronics
P049,P059,69,0.00074,0.03252,0.04509,0.72108,Sun Hat,Gym Bag,Apparel,Sports & Fitness
P059,P049,69,0.00074,0.01651,0.0229,0.72108,Gym Bag,Sun Hat,Sports & Fitness,Apparel
P052,P087,39,0.00042,0.0103,0.01429,0.72102,Adjustable Dumbbells,Hot Sauce Trio,Sports & Fitness,Gourmet Grocery
P087,P052,39,0.00042,0.02946,0.04085,0.72102,Hot Sauce Trio,Adjustable Dumbbells,Gourmet Grocery,Sports & Fitness
P056,P004,62,0.00067,0.03907,0.05419,0.72093,Jump Rope,Phone Case,Sports & Fitness,Electronics
P004,P056,62,0.00067,0.01235,0.01712,0.72093,Phone Case,Jump Rope,Electronics,Sports & Fitness
P068,P084,40,0.00043,0.01352,0.01875,0.72081,Bamboo Toothbrush 4-Pack,Trail Mix 1kg,Beauty & Care,Gourmet Grocery
P084,P068,40,0.00043,0.02301,0.03193,0.72081,Trail Mix 1kg,Bamboo Toothbrush 4-Pack,Gourmet Grocery,Beauty & Care
P028,P057,33,0.00036,0.01153,0.016,0.72079,Sleeping Bag,Fitness Tracker,Outdoor & Camping,Sports & Fitness
P057,P028,33,0.00036,0.02225,0.03087,0.72079,Fitness Tracker,Sleeping Bag,Sports & Fitness,Outdoor & Camping
P046,P087,37,0.0004,0.01029,0.01429,0.72059,Organic Cotton Tee,Hot Sauce Trio,Apparel,Gourmet Grocery
P087,P046,37,0.0004,0.02795,0.03878,0.72059,Hot Sauce Trio,Organic Cotton Tee,Gourmet Grocery,Apparel
P010,P083,122,0.00132,0.04656,0.06463,0.72054,Action Camera,Extra Virgin Olive Oil,Electronics,Gourmet Grocery
P083,P010,122,0.00132,0.02037,0.02827,0.72054,Extra Virgin Olive Oil,Action Camera,Gourmet Grocery,Electronics
P026,P034,68,0.00073,0.02492,0.03458,0.72049,Scented Candle,Trekking Poles,Home & Kitchen,Outdoor & Camping
P034,P026,68,0.00073,0.02122,0.02945,0.72049,Trekking Poles,Scented Candle,Outdoor & Camping,Home & Kitchen
P062,P030,106,0.00114,0.02106,0.02923,0.72048,Vitamin C Serum,Headlamp,Beauty & Care,Outdoor & Camping
P030,P062,106,0.00114,0.03913,0.05431,0.72048,Headlamp,Vitamin C Serum,Outdoor & Camping,Beauty & Care
P089,P042,59,0.00064,0.03233,0.04488,0.72037,Dried Mango,Hiking Boots,Gourmet Grocery,Apparel
P042,P089,59,0.00064,0.01419,0.01969,0.72037,Hiking Boots,Dried Mango,Apparel,Gourmet Grocery
P001,P047,134,0.00145,0.03233,0.04488,0.72035,Wireless Earbuds,Chino Pants,Electronics,Apparel
P047,P001,134,0.00145,0.03222,0.04473,0.72035,Chino Pants,Wireless Earbuds,Apparel,Electronics
P012,P071,56,0.0006,0.01366,0.01897,0.72019,Gaming Mouse,Perfume 50ml,Electronics,Beauty & Care
P071,P012,56,0.0006,0.03185,0.04423,0.72019,Perfume 50ml,Gaming Mouse,Beauty & Care,Electronics
P040,P013,54,0.00058,0.01827,0.02537,0.7201,Fleece Pullover,Tablet Sleeve,Apparel,Electronics
P013,P040,54,0.00058,0.02297,0.0319,0.7201,Tablet Sleeve,Fleece Pullover,Electronics,Apparel
P048,P071,47,0.00051,0.01366,0.01897,0.72002,Down Vest,Perfume 50ml,Apparel,Beauty & Care
P071,P048,47,0.00051,0.02673,0.03713,0.72002,Perfume 50ml,Down Vest,Beauty & Care,Apparel
P074,P014,36,0.00039,0.02009,0.02792,0.71965,Jigsaw Puzzle 1000pc,Chef Knife Set,Toys & Games,Home & Kitchen
P014,P074,36,0.00039,0.01392,0.01934,0.71965,Chef Knife Set,Jigsaw Puzzle 1000pc,Home & Kitchen,Toys & Games
P075,P047,59,0.00064,0.03228,0.04488,0.71918,RC Car,Chino Pants,Toys & Games,Apparel
P047,P075,59,0.00064,0.01419,0.01973,0.71918,Chino Pants,RC Car,Apparel,Toys & Games
P001,P045,34,0.00037,0.0082,0.01141,0.71917,Wireless Earbuds,Denim Jacket,Electronics,Apparel
P045,P001,34,0.00037,0.03217,0.04473,0.71917,Denim Jacket,Wireless Earbuds,Apparel,Electronics
P012,P074,57,0.00062,0.01391,0.01934,0.71914,Gaming Mouse,Jigsaw Puzzle 1000pc,Electronics,Toys & Games
P074,P012,57,0.00062,0.03181,0.04423,0.71914,Jigsaw Puzzle 1000pc,Gaming Mouse,Toys & Games,Electronics
P039,P014,57,0.00062,0.02007,0.02792,0.71897,Rain Jacket,Chef Knife Set,Apparel,Home & Kitchen
P014,P039,57,0.00062,0.02203,0.03065,0.71897,Chef Knife Set,Rain Jacket,Home & Kitchen,Apparel
P025,P043,29,0.00031,0.01511,0.02102,0.71893,Dinnerware 16pc,Trail Running Shoes,Home & Kitchen,Apparel
P043,P025,29,0.00031,0.01489,0.02071,0.71893,Trail Running Shoes,Dinnerware 16pc,Apparel,Home & Kitchen
P078,P025,29,0.00031,0.01489,0.02071,0.71893,Card Game,Dinnerware 16pc,Toys & Games,Home & Kitchen
P025,P078,29,0.00031,0.01511,0.02102,0.71893,Dinnerware 16pc,Card Game,Home & Kitchen,Toys & Games
P022,P084,58,0.00063,0.01348,0.01875,0.71889,Linen Towel Set,Trail Mix 1kg,Home & Kitchen,Gourmet Grocery
P084,P022,58,0.00063,0.03337,0.04642,0.71889,Trail Mix 1kg,Linen Towel Set,Gourmet Grocery,Home & Kitchen
P046,P076,131,0.00141,0.03645,0.05072,0.7187,Organic Cotton Tee,Plush Bear,Apparel,Toys & Games
P076,P046,131,0.00141,0.02787,0.03878,0.7187,Plush Bear,Organic Cotton Tee,Toys & Games,Apparel
P009,P020,67,0.00072,0.02216,0.03084,0.71867,Smart Plug 2-Pack,Stand Mixer,Electronics,Home & Kitchen
P020,P009,67,0.00072,0.02344,0.03262,0.71867,Stand Mixer,Smart Plug 2-Pack,Home & Kitchen,Electronics
P008,P037,60,0.00065,0.02228,0.03101,0.71842,Noise-Cancelling Headphones,Sleeping Pad,Electronics,Outdoor & Camping
P037,P008,60,0.00065,0.02088,0.02906,0.71842,Sleeping Pad,Noise-Cancelling Headphones,Outdoor & Camping,Electronics
P027,P024,34,0.00037,0.01204,0.01677,0.71824,2-Person Tent,Electric Kettle,Outdoor & Camping,Home & Kitchen
P024,P027,34,0.00037,0.02188,0.03046,0.71824,Electric Kettle,2-Person Tent,Home & Kitchen,Outdoor & Camping
P023,P078,55,0.00059,0.0151,0.02102,0.71824,Glass Storage Set,Card Game,Home & Kitchen,Toys & Games
P078,P023,55,0.00059,0.02823,0.03931,0.71824,Card Game,Glass Storage Set,Toys & Games,Home & Kitchen
P008,P052,79,0.00085,0.02934,0.04085,0.71806,Noise-Cancelling Headphones,Adjustable Dumbbells,Electronics,Sports & Fitness
P052,P008,79,0.00085,0.02087,0.02906,0.71806,Adjustable Dumbbells,Noise-Cancelling Headphones,Sports & Fitness,Electronics
P086,P034,36,0.00039,0.02483,0.03458,0.71789,Raw Honey,Trekking Poles,Gourmet Grocery,Outdoor & Camping
P034,P086,36,0.00039,0.01123,0.01565,0.71789,Trekking Poles,Raw Honey,Outdoor & Camping,Gourmet Grocery
P025,P083,89,0.00096,0.04638,0.06463,0.71765,Dinnerware 16pc,Extra Virgin Olive Oil,Home & Kitchen,Gourmet Grocery
P083,P025,89,0.00096,0.01486,0.02071,0.71765,Extra Virgin Olive Oil,Dinnerware 16pc,Gourmet Grocery,Home & Kitchen
P072,P069,33,0.00036,0.01008,0.01405,0.71765,Building Blocks 500pc,Body Wash,Toys & Games,Beauty & Care
P069,P072,33,0.00036,0.02535,0.03532,0.71765,Body Wash,Building Blocks 500pc,Beauty & Care,Toys & Games
P081,P003,55,0.00059,0.01792,0.02498,0.71741,Single-Origin Coffee Beans,Smartwatch,Gourmet Grocery,Electronics
P003,P081,55,0.00059,0.02376,0.03312,0.71741,Smartwatch,Single-Origin Coffee Beans,Electronics,Gourmet Grocery
P077,P083,28,0.0003,0.04636,0.06463,0.71733,Science Kit,Extra Virgin Olive Oil,Toys & Games,Gourmet Grocery
P083,P077,28,0.0003,0.00468,0.00652,0.71733,Extra Virgin Olive Oil,Science Kit,Gourmet Grocery,Toys & Games
P005,P036,37,0.0004,0.01189,0.01659,0.7171,USB-C Fast Charger,Insect Repellent,Electronics,Outdoor & Camping
P036,P005,37,0.0004,0.02407,0.03357,0.7171,Insect Repellent,USB-C Fast Charger,Outdoor & Camping,Electronics
P004,P026,106,0.00114,0.02111,0.02945,0.71677,Phone Case,Scented Candle,Electronics,Home & Kitchen
P026,P004,106,0.00114,0.03884,0.05419,0.71677,Scented Candle,Phone Case,Home & Kitchen,Electronics
P027,P019,30,0.00032,0.01063,0.01483,0.71677,2-Person Tent,Cutting Board,Outdoor & Camping,Home & Kitchen
P019,P027,30,0.00032,0.02183,0.03046,0.71677,Cutting Board,2-Person Tent,Home & Kitchen,Outdoor & Camping
P016,P083,116,0.00125,0.04629,0.06463,0.71627,Burr Coffee Grinder,Extra Virgin Olive Oil,Home & Kitchen,Gourmet Grocery
P083,P016,116,0.00125,0.01937,0.02704,0.71627,Extra Virgin Olive Oil,Burr Coffee Grinder,Gourmet Grocery,Home & Kitchen
P005,P042,100,0.00108,0.03214,0.04488,0.71625,USB-C Fast Charger,Hiking Boots,Electronics,Apparel
P042,P005,100,0.00108,0.02404,0.03357,0.71625,Hiking Boots,USB-C Fast Charger,Apparel,Electronics
P020,P048,76,0.00082,0.02659,0.03713,0.71618,Stand Mixer,Down Vest,Home & Kitchen,Apparel
P048,P020,76,0.00082,0.02209,0.03084,0.71618,Down Vest,Stand Mixer,Apparel,Home & Kitchen
P031,P068,27,0.00029,0.02286,0.03193,0.71602,Hiking Backpack 40L,Bamboo Toothbrush 4-Pack,Outdoor & Camping,Beauty & Care
P068,P031,27,0.00029,0.00912,0.01274,0.71602,Bamboo Toothbrush 4-Pack,Hiking Backpack 40L,Beauty & Care,Outdoor & Camping
P001,P019,44,0.00047,0.01062,0.01483,0.71597,Wireless Earbuds,Cutting Board,Electronics,Home & Kitchen
P019,P001,44,0.00047,0.03202,0.04473,0.71597,Cutting Board,Wireless Earbuds,Home & Kitchen,Electronics
P068,P041,62,0.00067,0.02095,0.02927,0.71573,Bamboo Toothbrush 4-Pack,Merino Base Layer,Beauty & Care,Apparel
P041,P068,62,0.00067,0.02285,0.03193,0.71573,Merino Base Layer,Bamboo Toothbrush 4-Pack,Apparel,Beauty & Care
P015,P003,33,0.00036,0.01788,0.02498,0.71562,Cast Iron Skillet,Smartwatch,Home & Kitchen,Electronics
P003,P015,33,0.00036,0.01425,0.01992,0.71562,Smartwatch,Cast Iron Skillet,Electronics,Home & Kitchen
P053,P010,32,0.00035,0.02023,0.02827,0.71548,Resistance Bands,Action Camera,Sports & Fitness,Electronics
P010,P053,32,0.00035,0.01221,0.01707,0.71548,Action Camera,Resistance Bands,Electronics,Sports & Fitness
P084,P017,40,0.00043,0.02301,0.03218,0.71525,Trail Mix 1kg,French Press,Gourmet Grocery,Home & Kitchen
P017,P084,40,0.00043,0.01341,0.01875,0.71525,French Press,Trail Mix 1kg,Home & Kitchen,Gourmet Grocery
P049,P052,62,0.00067,0.02922,0.04085,0.71519,Sun Hat,Adjustable Dumbbells,Apparel,Sports & Fitness
P052,P049,62,0.00067,0.01638,0.0229,0.71519,Adjustable Dumbbells,Sun Hat,Sports & Fitness,Apparel
P055,P066,47,0.00051,0.01364,0.01907,0.71511,Foam Roller,Beard Oil,Sports & Fitness,Beauty & Care
P066,P055,47,0.00051,0.0266,0.0372,0.71511,Beard Oil,Foam Roller,Beauty & Care,Sports & Fitness
P006,P026,31,0.00033,0.02105,0.02945,0.71468,Power Bank 20K,Scented Candle,Electronics,Home & Kitchen
P026,P006,31,0.00033,0.01136,0.01589,0.71468,Scented Candle,Power Bank 20K,Home & Kitchen,Electronics
P083,P049,98,0.00106,0.01636,0.0229,0.71463,Extra Virgin Olive Oil,Sun Hat,Gourmet Grocery,Apparel
P049,P083,98,0.00106,0.04618,0.06463,0.71463,Sun Hat,Extra Virgin Olive Oil,Apparel,Gourmet Grocery
P015,P060,25,0.00027,0.01354,0.01896,0.71432,Cast Iron Skillet,Protein Shaker,Home & Kitchen,Sports & Fitness
P060,P015,25,0.00027,0.01423,0.01992,0.71432,Protein Shaker,Cast Iron Skillet,Sports & Fitness,Home & Kitchen
P067,P001,65,0.0007,0.03194,0.04473,0.71413,Lip Balm 4-Pack,Wireless Earbuds,Beauty & Care,Electronics
P001,P067,65,0.0007,0.01568,0.02196,0.71413,Wireless Earbuds,Lip Balm 4-Pack,Electronics,Beauty & Care
P053,P083,73,0.00079,0.04614,0.06463,0.71403,Resistance Bands,Extra Virgin Olive Oil,Sports & Fitness,Gourmet Grocery
P083,P053,73,0.00079,0.01219,0.01707,0.71403,Extra Virgin Olive Oil,Resistance Bands,Gourmet Grocery,Sports & Fitness
P042,P080,27,0.00029,0.00649,0.0091,0.71368,Hiking Boots,Art Supplies Kit,Apparel,Toys & Games
P080,P042,27,0.00029,0.03203,0.04488,0.71368,Art Supplies Kit,Hiking Boots,Toys & Games,Apparel
P072,P056,40,0.00043,0.01222,0.01712,0.71366,Building Blocks 500pc,Jump Rope,Toys & Games,Sports & Fitness
P056,P072,40,0.00043,0.0252,0.03532,0.71366,Jump Rope,Building Blocks 500pc,Sports & Fitness,Toys & Games
P012,P083,189,0.00204,0.04611,0.06463,0.71348,Gaming Mouse,Extra Virgin Olive Oil,Electronics,Gourmet Grocery
P083,P012,189,0.00204,0.03156,0.04423,0.71348,Extra Virgin Olive Oil,Gaming Mouse,Gourmet Grocery,Electronics
P057,P044,38,0.00041,0.02562,0.03592,0.71332,Fitness Tracker,Wool Socks 3-Pack,Sports & Fitness,Apparel
P044,P057,38,0.00041,0.01141,0.016,0.71332,Wool Socks 3-Pack,Fitness Tracker,Apparel,Sports & Fitness
P073,P047,42,0.00045,0.03201,0.04488,0.71331,Strategy Board Game,Chino Pants,Toys & Games,Apparel
P047,P073,42,0.00045,0.0101,0.01416,0.71331,Chino Pants,Strategy Board Game,Apparel,Toys & Games
P052,P044,97,0.00105,0.02562,0.03592,0.71323,Adjustable Dumbbells,Wool Socks 3-Pack,Sports & Fitness,Apparel
P044,P052,97,0.00105,0.02914,0.04085,0.71323,Wool Socks 3-Pack,Adjustable Dumbbells,Apparel,Sports & Fitness
P010,P056,32,0.00035,0.01221,0.01712,0.71322,Action Camera,Jump Rope,Electronics,Sports & Fitness
P056,P010,32,0.00035,0.02016,0.02827,0.71322,Jump Rope,Action Camera,Sports & Fitness,Electronics
P005,P022,103,0.00111,0.03311,0.04642,0.71321,USB-C Fast Charger,Linen Towel Set,Electronics,Home & Kitchen
P022,P005,103,0.00111,0.02394,0.03357,0.71321,Linen Towel Set,USB-C Fast Charger,Home & Kitchen,Electronics
P081,P076,111,0.0012,0.03617,0.05072,0.71315,Single-Origin Coffee Beans,Plush Bear,Gourmet Grocery,Toys & Games
P076,P081,111,0.0012,0.02362,0.03312,0.71315,Plush Bear,Single-Origin Coffee Beans,Toys & Games,Gourmet Grocery
P038,P022,33,0.00036,0.0331,0.04642,0.71302,Camp Lantern,Linen Towel Set,Outdoor & Camping,Home & Kitchen
P022,P038,33,0.00036,0.00767,0.01076,0.71302,Linen Towel Set,Camp Lantern,Home & Kitchen,Outdoor & Camping
P055,P022,114,0.00123,0.03307,0.04642,0.71244,Foam Roller,Linen Towel Set,Sports & Fitness,Home & Kitchen
P022,P055,114,0.00123,0.0265,0.0372,0.71244,Linen Towel Set,Foam Roller,Home & Kitchen,Sports & Fitness
P012,P056,50,0.00054,0.0122,0.01712,0.71231,Gaming Mouse,Jump Rope,Electronics,Sports & Fitness
P056,P012,50,0.00054,0.03151,0.04423,0.71231,Jump Rope,Gaming Mouse,Sports & Fitness,Electronics
P046,P025,53,0.00057,0.01475,0.02071,0.71216,Organic Cotton Tee,Dinnerware 16pc,Apparel,Home & Kitchen
P025,P046,53,0.00057,0.02762,0.03878,0.71216,Dinnerware 16pc,Organic Cotton Tee,Home & Kitchen,Apparel
P083,P064,76,0.00082,0.01269,0.01783,0.71187,Extra Virgin Olive Oil,Mineral Sunscreen,Gourmet Grocery,Beauty & Care
P064,P083,76,0.00082,0.046,0.06463,0.71187,Mineral Sunscreen,Extra Virgin Olive Oil,Beauty & Care,Gourmet Grocery
P061,P021,29,0.00031,0.01678,0.02358,0.7118,Yoga Block Set,Air Fryer,Sports & Fitness,Home & Kitchen
P021,P061,29,0.00031,0.01327,0.01865,0.7118,Air Fryer,Yoga Block Set,Home & Kitchen,Sports & Fitness
P055,P011,35,0.00038,0.01015,0.01427,0.71178,Foam Roller,E-Reader,Sports & Fitness,Electronics
P011,P055,35,0.00038,0.02648,0.0372,0.71178,E-Reader,Foam Roller,Electronics,Sports & Fitness
P038,P059,32,0.00035,0.0321,0.04509,0.71176,Camp Lantern,Gym Bag,Outdoor & Camping,Sports & Fitness
P059,P038,32,0.00035,0.00766,0.01076,0.71176,Gym Bag,Camp Lantern,Sports & Fitness,Outdoor & Camping
P074,P067,28,0.0003,0.01562,0.02196,0.71156,Jigsaw Puzzle 1000pc,Lip Balm 4-Pack,Toys & Games,Beauty & Care
P067,P074,28,0.0003,0.01376,0.01934,0.71156,Lip Balm 4-Pack,Jigsaw Puzzle 1000pc,Beauty & Care,Toys & Games
P004,P053,61,0.00066,0.01215,0.01707,0.71154,Phone Case,Resistance Bands,Electronics,Sports & Fitness
P053,P004,61,0.00066,0.03856,0.05419,0.71154,Resistance Bands,Phone Case,Sports & Fitness,Electronics
P055,P009,80,0.00086,0.02321,0.03262,0.71148,Foam Roller,Smart Plug 2-Pack,Sports & Fitness,Electronics
P009,P055,80,0.00086,0.02646,0.0372,0.71148,Smart Plug 2-Pack,Foam Roller,Electronics,Sports & Fitness
P074,P001,57,0.00062,0.03181,0.04473,0.71116,Jigsaw Puzzle 1000pc,Wireless Earbuds,Toys & Games,Electronics
P001,P074,57,0.00062,0.01375,0.01934,0.71116,Wireless Earbuds,Jigsaw Puzzle 1000pc,Electronics,Toys & Games
P037,P056,35,0.00038,0.01218,0.01712,0.71114,Sleeping Pad,Jump Rope,Outdoor & Camping,Sports & Fitness
P056,P037,35,0.00038,0.02205,0.03101,0.71114,Jump Rope,Sleeping Pad,Sports & Fitness,Outdoor & Camping
P035,P026,25,0.00027,0.02094,0.02945,0.71103,Cooler 30L,Scented Candle,Outdoor & Camping,Home & Kitchen
P026,P035,25,0.00027,0.00916,0.01288,0.71103,Scented Candle,Cooler 30L,Home & Kitchen,Outdoor & Camping
P006,P042,47,0.00051,0.03191,0.04488,0.71098,Power Bank 20K,Hiking Boots,Electronics,Apparel
P042,P006,47,0.00051,0.0113,0.01589,0.71098,Hiking Boots,Power Bank 20K,Apparel,Electronics
P046,P055,95,0.00103,0.02643,0.0372,0.71065,Organic Cotton Tee,Foam Roller,Apparel,Sports & Fitness
P055,P046,95,0.00103,0.02756,0.03878,0.71065,Foam Roller,Organic Cotton Tee,Sports & Fitness,Apparel
P020,P076,103,0.00111,0.03604,0.05072,0.71061,Stand Mixer,Plush Bear,Home & Kitchen,Toys & Games
P076,P020,103,0.00111,0.02191,0.03084,0.71061,Plush Bear,Stand Mixer,Toys & Games,Home & Kitchen
P021,P059,70,0.00076,0.03204,0.04509,0.71044,Air Fryer,Gym Bag,Home & Kitchen,Sports & Fitness
P059,P021,70,0.00076,0.01675,0.02358,0.71044,Gym Bag,Air Fryer,Sports & Fitness,Home & Kitchen
P072,P001,104,0.00112,0.03178,0.04473,0.71042,Building Blocks 500pc,Wireless Earbuds,Toys & Games,Electronics
P001,P072,104,0.00112,0.02509,0.03532,0.71042,Wireless Earbuds,Building Blocks 500pc,Electronics,Toys & Games
P040,P087,30,0.00032,0.01015,0.01429,0.71037,Fleece Pullover,Hot Sauce Trio,Apparel,Gourmet Grocery
P087,P040,30,0.00032,0.02266,0.0319,0.71037,Hot Sauce Trio,Fleece Pullover,Gourmet Grocery,Apparel
P049,P036,25,0.00027,0.01178,0.01659,0.71035,Sun Hat,Insect Repellent,Apparel,Outdoor & Camping
P036,P049,25,0.00027,0.01627,0.0229,0.71035,Insect Repellent,Sun Hat,Outdoor & Camping,Apparel
P020,P087,29,0.00031,0.01015,0.01429,0.71023,Stand Mixer,Hot Sauce Trio,Home & Kitchen,Gourmet Grocery
P087,P020,29,0.00031,0.0219,0.03084,0.71023,Hot Sauce Trio,Stand Mixer,Gourmet Grocery,Home & Kitchen
P052,P028,83,0.0009,0.02192,0.03087,0.71012,Adjustable Dumbbells,Sleeping Bag,Sports & Fitness,Outdoor & Camping
P028,P052,83,0.0009,0.02901,0.04085,0.71012,Sleeping Bag,Adjustable Dumbbells,Outdoor & Camping,Sports & Fitness
P062,P040,114,0.00123,0.02265,0.0319,0.71011,Vitamin C Serum,Fleece Pullover,Beauty & Care,Apparel
P040,P062,114,0.00123,0.03857,0.05431,0.71011,Fleece Pullover,Vitamin C Serum,Apparel,Beauty & Care
P052,P010,76,0.00082,0.02007,0.02827,0.71004,Adjustable Dumbbells,Action Camera,Sports & Fitness,Electronics
P010,P052,76,0.00082,0.02901,0.04085,0.71004,Action Camera,Adjustable Dumbbells,Electronics,Sports & Fitness
P062,P025,74,0.0008,0.0147,0.02071,0.71004,Vitamin C Serum,Dinnerware 16pc,Beauty & Care,Home & Kitchen
P025,P062,74,0.0008,0.03856,0.05431,0.71004,Dinnerware 16pc,Vitamin C Serum,Home & Kitchen,Beauty & Care
P046,P054,47,0.00051,0.01308,0.01842,0.70997,Organic Cotton Tee,Insulated Water Bottle,Apparel,Sports & Fitness
P054,P046,47,0.00051,0.02753,0.03878,0.70997,Insulated Water Bottle,Organic Cotton Tee,Sports & Fitness,Apparel
P048,P005,82,0.00088,0.02383,0.03357,0.70988,Down Vest,USB-C Fast Charger,Apparel,Electronics
P005,P048,82,0.00088,0.02636,0.03713,0.70988,USB-C Fast Charger,Down Vest,Electronics,Apparel
P017,P042,95,0.00103,0.03186,0.04488,0.70987,French Press,Hiking Boots,Home & Kitchen,Apparel
P042,P017,95,0.00103,0.02284,0.03218,0.70987,Hiking Boots,French Press,Apparel,Home & Kitchen
P081,P055,81,0.00087,0.02639,0.0372,0.70958,Single-Origin Coffee Beans,Foam Roller,Gourmet Grocery,Sports & Fitness
P055,P081,81,0.00087,0.0235,0.03312,0.70958,Foam Roller,Single-Origin Coffee Beans,Sports & Fitness,Gourmet Grocery
P033,P046,70,0.00076,0.02752,0.03878,0.70951,Camp Chair,Organic Cotton Tee,Outdoor & Camping,Apparel
P046,P033,70,0.00076,0.01948,0.02745,0.70951,Organic Cotton Tee,Camp Chair,Apparel,Outdoor & Camping
P004,P028,110,0.00119,0.0219,0.03087,0.7095,Phone Case,Sleeping Bag,Electronics,Outdoor & Camping
P028,P004,110,0.00119,0.03845,0.05419,0.7095,Sleeping Bag,Phone Case,Outdoor & Camping,Electronics
P072,P003,58,0.00063,0.01772,0.02498,0.70939,Building Blocks 500pc,Smartwatch,Toys & Games,Electronics
P003,P072,58,0.00063,0.02505,0.03532,0.70939,Smartwatch,Building Blocks 500pc,Electronics,Toys & Games
P083,P007,65,0.0007,0.01085,0.0153,0.70931,Extra Virgin Olive Oil,10in Tablet,Gourmet Grocery,Electronics
P007,P083,65,0.0007,0.04584,0.06463,0.70931,10in Tablet,Extra Virgin Olive Oil,Electronics,Gourmet Grocery
P062,P076,181,0.00195,0.03596,0.05072,0.7091,Vitamin C Serum,Plush Bear,Beauty & Care,Toys & Games
P076,P062,181,0.00195,0.03851,0.05431,0.7091,Plush Bear,Vitamin C Serum,Toys & Games,Beauty & Care
P061,P044,44,0.00047,0.02546,0.03592,0.70884,Yoga Block Set,Wool Socks 3-Pack,Sports & Fitness,Apparel
P044,P061,44,0.00047,0.01322,0.01865,0.70884,Wool Socks 3-Pack,Yoga Block Set,Apparel,Sports & Fitness
P026,P083,125,0.00135,0.0458,0.06463,0.70877,Scented Candle,Extra Virgin Olive Oil,Home & Kitchen,Gourmet Grocery
P083,P026,125,0.00135,0.02087,0.02945,0.70877,Extra Virgin Olive Oil,Scented Candle,Gourmet Grocery,Home & Kitchen
P055,P068,78,0.00084,0.02263,0.03193,0.7087,Foam Roller,Bamboo Toothbrush 4-Pack,Sports & Fitness,Beauty & Care
P068,P055,78,0.00084,0.02636,0.0372,0.7087,Bamboo Toothbrush 4-Pack,Foam Roller,Beauty & Care,Sports & Fitness
P008,P024,32,0.00035,0.01188,0.01677,0.70862,Noise-Cancelling Headphones,Electric Kettle,Electronics,Home & Kitchen
P024,P008,32,0.00035,0.02059,0.02906,0.70862,Electric Kettle,Noise-Cancelling Headphones,Home & Kitchen,Electronics
P059,P067,65,0.0007,0.01555,0.02196,0.70832,Gym Bag,Lip Balm 4-Pack,Sports & Fitness,Beauty & Care
P067,P059,65,0.0007,0.03194,0.04509,0.70832,Lip Balm 4-Pack,Gym Bag,Beauty & Care,Sports & Fitness
P070,P033,25,0.00027,0.01944,0.02745,0.70817,Face Mask Set,Camp Chair,Beauty & Care,Outdoor & Camping
P033,P070,25,0.00027,0.00983,0.01388,0.70817,Camp Chair,Face Mask Set,Outdoor & Camping,Beauty & Care
P076,P016,90,0.00097,0.01915,0.02704,0.70814,Plush Bear,Burr Coffee Grinder,Toys & Games,Home & Kitchen
P016,P076,90,0.00097,0.03591,0.05072,0.70814,Burr Coffee Grinder,Plush Bear,Home & Kitchen,Toys & Games
P023,P032,29,0.00031,0.00796,0.01124,0.70799,Glass Storage Set,Water Filter,Home & Kitchen,Outdoor & Camping
P032,P023,29,0.00031,0.02783,0.03931,0.70799,Water Filter,Glass Storage Set,Outdoor & Camping,Home & Kitchen
P060,P012,55,0.00059,0.0313,0.04423,0.70773,Protein Shaker,Gaming Mouse,Sports & Fitness,Electronics
P012,P060,55,0.00059,0.01342,0.01896,0.70773,Gaming Mouse,Protein Shaker,Electronics,Sports & Fitness
P061,P049,28,0.0003,0.0162,0.0229,0.70766,Yoga Block Set,Sun Hat,Sports & Fitness,Apparel
P049,P061,28,0.0003,0.0132,0.01865,0.70766,Sun Hat,Yoga Block Set,Apparel,Sports & Fitness
P050,P053,48,0.00052,0.01208,0.01707,0.70755,Leather Belt,Resistance Bands,Apparel,Sports & Fitness
P053,P050,48,0.00052,0.03034,0.04288,0.70755,Resistance Bands,Leather Belt,Sports & Fitness,Apparel
P081,P044,78,0.00084,0.02542,0.03592,0.70752,Single-Origin Coffee Beans,Wool Socks 3-Pack,Gourmet Grocery,Apparel
P044,P081,78,0.00084,0.02343,0.03312,0.70752,Wool Socks 3-Pack,Single-Origin Coffee Beans,Apparel,Gourmet Grocery
P044,P031,30,0.00032,0.00901,0.01274,0.70715,Wool Socks 3-Pack,Hiking Backpack 40L,Apparel,Outdoor & Camping
P031,P044,30,0.00032,0.0254,0.03592,0.70715,Hiking Backpack 40L,Wool Socks 3-Pack,Outdoor & Camping,Apparel
P059,P036,49,0.00053,0.01173,0.01659,0.70697,Gym Bag,Insect Repellent,Sports & Fitness,Outdoor & Camping
P036,P059,49,0.00053,0.03188,0.04509,0.70697,Insect Repellent,Gym Bag,Outdoor & Camping,Sports & Fitness
P078,P083,89,0.00096,0.04569,0.06463,0.70697,Card Game,Extra Virgin Olive Oil,Toys & Games,Gourmet Grocery
P083,P078,89,0.00096,0.01486,0.02102,0.70697,Extra Virgin Olive Oil,Card Game,Gourmet Grocery,Toys & Games
P050,P081,93,0.001,0.0234,0.03312,0.70666,Leather Belt,Single-Origin Coffee Beans,Apparel,Gourmet Grocery
P081,P050,93,0.001,0.0303,0.04288,0.70666,Single-Origin Coffee Beans,Leather Belt,Gourmet Grocery,Apparel
P089,P062,70,0.00076,0.03836,0.05431,0.70625,Dried Mango,Vitamin C Serum,Gourmet Grocery,Beauty & Care
P062,P089,70,0.00076,0.01391,0.01969,0.70625,Vitamin C Serum,Dried Mango,Beauty & Care,Gourmet Grocery
P056,P026,33,0.00036,0.02079,0.02945,0.70613,Jump Rope,Scented Candle,Sports & Fitness,Home & Kitchen
P026,P056,33,0.00036,0.01209,0.01712,0.70613,Scented Candle,Jump Rope,Home & Kitchen,Sports & Fitness
P028,P017,65,0.0007,0.02272,0.03218,0.70606,Sleeping Bag,French Press,Outdoor & Camping,Home & Kitchen
P017,P028,65,0.0007,0.0218,0.03087,0.70606,French Press,Sleeping Bag,Home & Kitchen,Outdoor & Camping
P055,P075,48,0.00052,0.01393,0.01973,0.70595,Foam Roller,RC Car,Sports & Fitness,Toys & Games
P075,P055,48,0.00052,0.02626,0.0372,0.70595,RC Car,Foam Roller,Toys & Games,Sports & Fitness
P017,P052,86,0.00093,0.02884,0.04085,0.70593,French Press,Adjustable Dumbbells,Home & Kitchen,Sports & Fitness
P052,P017,86,0.00093,0.02272,0.03218,0.70593,Adjustable Dumbbells,French Press,Sports & Fitness,Home & Kitchen
P071,P003,31,0.00033,0.01763,0.02498,0.7059,Perfume 50ml,Smartwatch,Beauty & Care,Electronics
P003,P071,31,0.00033,0.01339,0.01897,0.7059,Smartwatch,Perfume 50ml,Electronics,Beauty & Care
P048,P030,71,0.00077,0.02063,0.02923,0.70586,Down Vest,Headlamp,Apparel,Outdoor & Camping
P030,P048,71,0.00077,0.02621,0.03713,0.70586,Headlamp,Down Vest,Outdoor & Camping,Apparel
P055,P031,31,0.00033,0.00899,0.01274,0.70571,Foam Roller,Hiking Backpack 40L,Sports & Fitness,Outdoor & Camping
P031,P055,31,0.00033,0.02625,0.0372,0.70571,Hiking Backpack 40L,Foam Roller,Outdoor & Camping,Sports & Fitness
P023,P040,82,0.00088,0.02251,0.0319,0.70567,Glass Storage Set,Fleece Pullover,Home & Kitchen,Apparel
P040,P023,82,0.00088,0.02774,0.03931,0.70567,Fleece Pullover,Glass Storage Set,Apparel,Home & Kitchen
P037,P047,91,0.00098,0.03166,0.04488,0.70554,Sleeping Pad,Chino Pants,Outdoor & Camping,Apparel
P047,P037,91,0.00098,0.02188,0.03101,0.70554,Chino Pants,Sleeping Pad,Apparel,Outdoor & Camping
P037,P024,34,0.00037,0.01183,0.01677,0.7055,Sleeping Pad,Electric Kettle,Outdoor & Camping,Home & Kitchen
P024,P037,34,0.00037,0.02188,0.03101,0.7055,Electric Kettle,Sleeping Pad,Home & Kitchen,Outdoor & Camping
P050,P012,124,0.00134,0.0312,0.04423,0.70545,Leather Belt,Gaming Mouse,Apparel,Electronics
P012,P050,124,0.00134,0.03025,0.04288,0.70545,Gaming Mouse,Leather Belt,Electronics,Apparel
P056,P050,48,0.00052,0.03025,0.04288,0.70533,Jump Rope,Leather Belt,Sports & Fitness,Apparel
P050,P056,48,0.00052,0.01208,0.01712,0.70533,Leather Belt,Jump Rope,Apparel,Sports & Fitness
P085,P016,25,0.00027,0.01907,0.02704,0.7052,Loose Leaf Tea,Burr Coffee Grinder,Gourmet Grocery,Home & Kitchen
P016,P085,25,0.00027,0.00998,0.01415,0.7052,Burr Coffee Grinder,Loose Leaf Tea,Home & Kitchen,Gourmet Grocery
P041,P067,42,0.00045,0.01548,0.02196,0.705,Merino Base Layer,Lip Balm 4-Pack,Apparel,Beauty & Care
P067,P041,42,0.00045,0.02064,0.02927,0.705,Lip Balm 4-Pack,Merino Base Layer,Beauty & Care,Apparel
P030,P052,78,0.00084,0.02879,0.04085,0.70479,Headlamp,Adjustable Dumbbells,Outdoor & Camping,Sports & Fitness
P052,P030,78,0.00084,0.0206,0.02923,0.70479,Adjustable Dumbbells,Headlamp,Sports & Fitness,Outdoor & Camping
P052,P031,34,0.00037,0.00898,0.01274,0.7047,Adjustable Dumbbells,Hiking Backpack 40L,Sports & Fitness,Outdoor & Camping
P031,P052,34,0.00037,0.02879,0.04085,0.7047,Hiking Backpack 40L,Adjustable Dumbbells,Outdoor & Camping,Sports & Fitness
P059,P068,94,0.00101,0.02249,0.03193,0.70447,Gym Bag,Bamboo Toothbrush 4-Pack,Sports & Fitness,Beauty & Care
P068,P059,94,0.00101,0.03177,0.04509,0.70447,Bamboo Toothbrush 4-Pack,Gym Bag,Beauty & Care,Sports & Fitness
P046,P060,48,0.00052,0.01336,0.01896,0.70444,Organic Cotton Tee,Protein Shaker,Apparel,Sports & Fitness
P060,P046,48,0.00052,0.02732,0.03878,0.70444,Protein Shaker,Organic Cotton Tee,Sports & Fitness,Apparel
P070,P052,37,0.0004,0.02877,0.04085,0.70426,Face Mask Set,Adjustable Dumbbells,Beauty & Care,Sports & Fitness
P052,P070,37,0.0004,0.00977,0.01388,0.70426,Adjustable Dumbbells,Face Mask Set,Sports & Fitness,Beauty & Care
P037,P009,66,0.00071,0.02296,0.03262,0.704,Sleeping Pad,Smart Plug 2-Pack,Outdoor & Camping,Electronics
P009,P037,66,0.00071,0.02183,0.03101,0.704,Smart Plug 2-Pack,Sleeping Pad,Electronics,Outdoor & Camping
P076,P021,78,0.00084,0.0166,0.02358,0.70388,Plush Bear,Air Fryer,Toys & Games,Home & Kitchen
P021,P076,78,0.00084,0.0357,0.05072,0.70388,Air Fryer,Plush Bear,Home & Kitchen,Toys & Games
P034,P016,61,0.00066,0.01903,0.02704,0.70384,Trekking Poles,Burr Coffee Grinder,Outdoor & Camping,Home & Kitchen
P016,P034,61,0.00066,0.02434,0.03458,0.70384,Burr Coffee Grinder,Trekking Poles,Home & Kitchen,Outdoor & Camping
P001,P064,52,0.00056,0.01255,0.01783,0.70376,Wireless Earbuds,Mineral Sunscreen,Electronics,Beauty & Care
P064,P001,52,0.00056,0.03148,0.04473,0.70376,Mineral Sunscreen,Wireless Earbuds,Beauty & Care,Electronics
P087,P059,42,0.00045,0.03172,0.04509,0.70346,Hot Sauce Trio,Gym Bag,Gourmet Grocery,Sports & Fitness
P059,P087,42,0.00045,0.01005,0.01429,0.70346,Gym Bag,Hot Sauce Trio,Sports & Fitness,Gourmet Grocery
P020,P013,51,0.00055,0.01784,0.02537,0.70341,Stand Mixer,Tablet Sleeve,Home & Kitchen,Electronics
P013,P020,51,0.00055,0.02169,0.03084,0.70341,Tablet Sleeve,Stand Mixer,Electronics,Home & Kitchen
P063,P083,42,0.00045,0.04545,0.06463,0.70336,Daily Moisturizer,Extra Virgin Olive Oil,Beauty & Care,Gourmet Grocery
P083,P063,42,0.00045,0.00701,0.00997,0.70336,Extra Virgin Olive Oil,Daily Moisturizer,Gourmet Grocery,Beauty & Care
P004,P073,50,0.00054,0.00996,0.01416,0.70325,Phone Case,Strategy Board Game,Electronics,Toys & Games
P073,P004,50,0.00054,0.03811,0.05419,0.70325,Strategy Board Game,Phone Case,Toys & Games,Electronics
P003,P036,27,0.00029,0.01166,0.01659,0.70322,Smartwatch,Insect Repellent,Electronics,Outdoor & Camping
P036,P003,27,0.00029,0.01757,0.02498,0.70322,Insect Repellent,Smartwatch,Outdoor & Camping,Electronics
P041,P064,34,0.00037,0.01253,0.01783,0.70303,Merino Base Layer,Mineral Sunscreen,Apparel,Beauty & Care
P064,P041,34,0.00037,0.02058,0.02927,0.70303,Mineral Sunscreen,Merino Base Layer,Beauty & Care,Apparel
P066,P076,63,0.00068,0.03565,0.05072,0.70301,Beard Oil,Plush Bear,Beauty & Care,Toys & Games
P076,P066,63,0.00068,0.0134,0.01907,0.70301,Plush Bear,Beard Oil,Toys & Games,Beauty & Care
P006,P016,28,0.0003,0.01901,0.02704,0.70295,Power Bank 20K,Burr Coffee Grinder,Electronics,Home & Kitchen
P016,P006,28,0.0003,0.01117,0.01589,0.70295,Burr Coffee Grinder,Power Bank 20K,Home & Kitchen,Electronics
P016,P003,44,0.00047,0.01756,0.02498,0.70287,Burr Coffee Grinder,Smartwatch,Home & Kitchen,Electronics
P003,P016,44,0.00047,0.01901,0.02704,0.70287,Smartwatch,Burr Coffee Grinder,Electronics,Home & Kitchen
P005,P039,67,0.00072,0.02154,0.03065,0.70276,USB-C Fast Charger,Rain Jacket,Electronics,Apparel
P039,P005,67,0.00072,0.02359,0.03357,0.70276,Rain Jacket,USB-C Fast Charger,Apparel,Electronics
P048,P007,37,0.0004,0.01075,0.0153,0.70274,Down Vest,10in Tablet,Apparel,Electronics
P007,P048,37,0.0004,0.02609,0.03713,0.70274,10in Tablet,Down Vest,Electronics,Apparel
P083,P045,48,0.00052,0.00801,0.01141,0.70269,Extra Virgin Olive Oil,Denim Jacket,Gourmet Grocery,Apparel
P045,P083,48,0.00052,0.04541,0.06463,0.70269,Denim Jacket,Extra Virgin Olive Oil,Apparel,Gourmet Grocery
P034,P004,122,0.00132,0.03807,0.05419,0.70244,Trekking Poles,Phone Case,Outdoor & Camping,Electronics
P004,P034,122,0.00132,0.02429,0.03458,0.70244,Phone Case,Trekking Poles,Electronics,Outdoor & Camping
P014,P005,61,0.00066,0.02358,0.03357,0.7024,Chef Knife Set,USB-C Fast Charger,Home & Kitchen,Electronics
P005,P014,61,0.00066,0.01961,0.02792,0.7024,USB-C Fast Charger,Chef Knife Set,Electronics,Home & Kitchen
P030,P081,63,0.00068,0.02326,0.03312,0.70224,Headlamp,Single-Origin Coffee Beans,Outdoor & Camping,Gourmet Grocery
P081,P030,63,0.00068,0.02053,0.02923,0.70224,Single-Origin Coffee Beans,Headlamp,Gourmet Grocery,Outdoor & Camping
P056,P083,72,0.00078,0.04537,0.06463,0.70203,Jump Rope,Extra Virgin Olive Oil,Sports & Fitness,Gourmet Grocery
P083,P056,72,0.00078,0.01202,0.01712,0.70203,Extra Virgin Olive Oil,Jump Rope,Gourmet Grocery,Sports & Fitness
P022,P006,48,0.00052,0.01116,0.01589,0.70197,Linen Towel Set,Power Bank 20K,Home & Kitchen,Electronics
P006,P022,48,0.00052,0.03259,0.04642,0.70197,Power Bank 20K,Linen Towel Set,Electronics,Home & Kitchen
P055,P012,107,0.00115,0.03104,0.04423,0.70181,Foam Roller,Gaming Mouse,Sports & Fitness,Electronics
P012,P055,107,0.00115,0.0261,0.0372,0.70181,Gaming Mouse,Foam Roller,Electronics,Sports & Fitness
P068,P033,57,0.00062,0.01926,0.02745,0.70172,Bamboo Toothbrush 4-Pack,Camp Chair,Beauty & Care,Outdoor & Camping
P033,P068,57,0.00062,0.02241,0.03193,0.70172,Camp Chair,Bamboo Toothbrush 4-Pack,Outdoor & Camping,Beauty & Care
P027,P089,39,0.00042,0.01382,0.01969,0.70153,2-Person Tent,Dried Mango,Outdoor & Camping,Gourmet Grocery
P089,P027,39,0.00042,0.02137,0.03046,0.70153,Dried Mango,2-Person Tent,Gourmet Grocery,Outdoor & Camping
P041,P078,40,0.00043,0.01474,0.02102,0.70141,Merino Base Layer,Card Game,Apparel,Toys & Games
P078,P041,40,0.00043,0.02053,0.02927,0.70141,Card Game,Merino Base Layer,Toys & Games,Apparel
P074,P009,41,0.00044,0.02288,0.03262,0.70139,Jigsaw Puzzle 1000pc,Smart Plug 2-Pack,Toys & Games,Electronics
P009,P074,41,0.00044,0.01356,0.01934,0.70139,Smart Plug 2-Pack,Jigsaw Puzzle 1000pc,Electronics,Toys & Games
P013,P047,74,0.0008,0.03148,0.04488,0.70136,Tablet Sleeve,Chino Pants,Electronics,Apparel
P047,P013,74,0.0008,0.01779,0.02537,0.70136,Chino Pants,Tablet Sleeve,Apparel,Electronics
P018,P037,31,0.00033,0.02174,0.03101,0.70098,Non-Stick Pan Set,Sleeping Pad,Home & Kitchen,Outdoor & Camping
P037,P018,31,0.00033,0.01079,0.01539,0.70098,Sleeping Pad,Non-Stick Pan Set,Outdoor & Camping,Home & Kitchen
P059,P081,97,0.00105,0.02321,0.03312,0.7009,Gym Bag,Single-Origin Coffee Beans,Sports & Fitness,Gourmet Grocery
P081,P059,97,0.00105,0.03161,0.04509,0.7009,Single-Origin Coffee Beans,Gym Bag,Gourmet Grocery,Sports & Fitness
P022,P011,43,0.00046,0.01,0.01427,0.70068,Linen Towel Set,E-Reader,Home & Kitchen,Electronics
P011,P022,43,0.00046,0.03253,0.04642,0.70068,E-Reader,Linen Towel Set,Electronics,Home & Kitchen
P083,P066,80,0.00086,0.01336,0.01907,0.70057,Extra Virgin Olive Oil,Beard Oil,Gourmet Grocery,Beauty & Care
P066,P083,80,0.00086,0.04527,0.06463,0.70057,Beard Oil,Extra Virgin Olive Oil,Beauty & Care,Gourmet Grocery
P055,P025,50,0.00054,0.01451,0.02071,0.7005,Foam Roller,Dinnerware 16pc,Sports & Fitness,Home & Kitchen
P025,P055,50,0.00054,0.02606,0.0372,0.7005,Dinnerware 16pc,Foam Roller,Home & Kitchen,Sports & Fitness
P052,P042,119,0.00128,0.03143,0.04488,0.70038,Adjustable Dumbbells,Hiking Boots,Sports & Fitness,Apparel
P042,P052,119,0.00128,0.02861,0.04085,0.70038,Hiking Boots,Adjustable Dumbbells,Apparel,Sports & Fitness
P014,P052,74,0.0008,0.0286,0.04085,0.70018,Chef Knife Set,Adjustable Dumbbells,Home & Kitchen,Sports & Fitness
P052,P014,74,0.0008,0.01955,0.02792,0.70018,Adjustable Dumbbells,Chef Knife Set,Sports & Fitness,Home & Kitchen
P017,P044,75,0.00081,0.02515,0.03592,0.70015,French Press,Wool Socks 3-Pack,Home & Kitchen,Apparel
P044,P017,75,0.00081,0.02253,0.03218,0.70015,Wool Socks 3-Pack,French Press,Apparel,Home & Kitchen
P087,P012,41,0.00044,0.03097,0.04423,0.70012,Hot Sauce Trio,Gaming Mouse,Gourmet Grocery,Electronics
P012,P087,41,0.00044,0.01,0.01429,0.70012,Gaming Mouse,Hot Sauce Trio,Electronics,Gourmet Grocery
P062,P006,56,0.0006,0.01113,0.01589,0.70002,Vitamin C Serum,Power Bank 20K,Beauty & Care,Electronics
P006,P062,56,0.0006,0.03802,0.05431,0.70002,Power Bank 20K,Vitamin C Serum,Electronics,Beauty & Care
P012,P041,84,0.00091,0.02049,0.02927,0.70001,Gaming Mouse,Merino Base Layer,Electronics,Apparel
P041,P012,84,0.00091,0.03096,0.04423,0.70001,Merino Base Layer,Gaming Mouse,Apparel,Electronics
P022,P088,31,0.00033,0.00721,0.01029,0.7,Linen Towel Set,Gourmet Gift Basket,Home & Kitchen,Gourmet Grocery
P088,P022,31,0.00033,0.03249,0.04642,0.7,Gourmet Gift Basket,Linen Towel Set,Gourmet Grocery,Home & Kitchen
P016,P068,56,0.0006,0.02235,0.03193,0.69987,Burr Coffee Grinder,Bamboo Toothbrush 4-Pack,Home & Kitchen,Beauty & Care
P068,P016,56,0.0006,0.01893,0.02704,0.69987,Bamboo Toothbrush 4-Pack,Burr Coffee Grinder,Beauty & Care,Home & Kitchen
P058,P072,26,0.00028,0.02471,0.03532,0.69979,Kettlebell 12kg,Building Blocks 500pc,Sports & Fitness,Toys & Games
P072,P058,26,0.00028,0.00794,0.01135,0.69979,Building Blocks 500pc,Kettlebell 12kg,Toys & Games,Sports & Fitness
P057,P020,32,0.00035,0.02158,0.03084,0.69968,Fitness Tracker,Stand Mixer,Sports & Fitness,Home & Kitchen
P020,P057,32,0.00035,0.0112,0.016,0.69968,Stand Mixer,Fitness Tracker,Home & Kitchen,Sports & Fitness
P035,P044,30,0.00032,0.02513,0.03592,0.69945,Cooler 30L,Wool Socks 3-Pack,Outdoor & Camping,Apparel
P044,P035,30,0.00032,0.00901,0.01288,0.69945,Wool Socks 3-Pack,Cooler 30L,Apparel,Outdoor & Camping
P074,P083,81,0.00087,0.0452,0.06463,0.69943,Jigsaw Puzzle 1000pc,Extra Virgin Olive Oil,Toys & Games,Gourmet Grocery
P083,P074,81,0.00087,0.01352,0.01934,0.69943,Extra Virgin Olive Oil,Jigsaw Puzzle 1000pc,Gourmet Grocery,Toys & Games
P003,P059,73,0.00079,0.03153,0.04509,0.69928,Smartwatch,Gym Bag,Electronics,Sports & Fitness
P059,P003,73,0.00079,0.01747,0.02498,0.69928,Gym Bag,Smartwatch,Sports & Fitness,Electronics
P076,P001,147,0.00159,0.03128,0.04473,0.69928,Plush Bear,Wireless Earbuds,Toys & Games,Electronics
P001,P076,147,0.00159,0.03546,0.05072,0.69928,Wireless Earbuds,Plush Bear,Electronics,Toys & Games
P047,P022,135,0.00146,0.03246,0.04642,0.69924,Chino Pants,Linen Towel Set,Apparel,Home & Kitchen
P022,P047,135,0.00146,0.03138,0.04488,0.69924,Linen Towel Set,Chino Pants,Home & Kitchen,Apparel
P005,P081,72,0.00078,0.02314,0.03312,0.69886,USB-C Fast Charger,Single-Origin Coffee Beans,Electronics,Gourmet Grocery
P081,P005,72,0.00078,0.02346,0.03357,0.69886,Single-Origin Coffee Beans,USB-C Fast Charger,Gourmet Grocery,Electronics
P043,P014,38,0.00041,0.01951,0.02792,0.6988,Trail Running Shoes,Chef Knife Set,Apparel,Home & Kitchen
P014,P043,38,0.00041,0.01469,0.02102,0.6988,Chef Knife Set,Trail Running Shoes,Home & Kitchen,Apparel
P067,P022,66,0.00071,0.03243,0.04642,0.69865,Lip Balm 4-Pack,Linen Towel Set,Beauty & Care,Home & Kitchen
P022,P067,66,0.00071,0.01534,0.02196,0.69865,Linen Towel Set,Lip Balm 4-Pack,Home & Kitchen,Beauty & Care
P041,P007,29,0.00031,0.01069,0.0153,0.69859,Merino Base Layer,10in Tablet,Apparel,Electronics
P007,P041,29,0.00031,0.02045,0.02927,0.69859,10in Tablet,Merino Base Layer,Electronics,Apparel
P085,P048,34,0.00037,0.02593,0.03713,0.69847,Loose Leaf Tea,Down Vest,Gourmet Grocery,Apparel
P048,P085,34,0.00037,0.00988,0.01415,0.69847,Down Vest,Loose Leaf Tea,Apparel,Gourmet Grocery
P022,P086,47,0.00051,0.01093,0.01565,0.69825,Linen Towel Set,Raw Honey,Home & Kitchen,Gourmet Grocery
P086,P022,47,0.00051,0.03241,0.04642,0.69825,Raw Honey,Linen Towel Set,Gourmet Grocery,Home & Kitchen
P020,P034,69,0.00074,0.02414,0.03458,0.69809,Stand Mixer,Trekking Poles,Home & Kitchen,Outdoor & Camping
P034,P020,69,0.00074,0.02153,0.03084,0.69809,Trekking Poles,Stand Mixer,Outdoor & Camping,Home & Kitchen
P036,P009,35,0.00038,0.02277,0.03262,0.69809,Insect Repellent,Smart Plug 2-Pack,Outdoor & Camping,Electronics
P009,P036,35,0.00038,0.01158,0.01659,0.69809,Smart Plug 2-Pack,Insect Repellent,Electronics,Outdoor & Camping
P053,P072,39,0.00042,0.02465,0.03532,0.69802,Resistance Bands,Building Blocks 500pc,Sports & Fitness,Toys & Games
P072,P053,39,0.00042,0.01192,0.01707,0.69802,Building Blocks 500pc,Resistance Bands,Toys & Games,Sports & Fitness
P037,P014,56,0.0006,0.01949,0.02792,0.698,Sleeping Pad,Chef Knife Set,Outdoor & Camping,Home & Kitchen
P014,P037,56,0.0006,0.02165,0.03101,0.698,Chef Knife Set,Sleeping Pad,Home & Kitchen,Outdoor & Camping
P055,P076,122,0.00132,0.03539,0.05072,0.69787,Foam Roller,Plush Bear,Sports & Fitness,Toys & Games
P076,P055,122,0.00132,0.02596,0.0372,0.69787,Plush Bear,Foam Roller,Toys & Games,Sports & Fitness
P008,P068,60,0.00065,0.02228,0.03193,0.69779,Noise-Cancelling Headphones,Bamboo Toothbrush 4-Pack,Electronics,Beauty & Care
P068,P008,60,0.00065,0.02028,0.02906,0.69779,Bamboo Toothbrush 4-Pack,Noise-Cancelling Headphones,Beauty & Care,Electronics
P047,P078,61,0.00066,0.01467,0.02102,0.69776,Chino Pants,Card Game,Apparel,Toys & Games
P078,P047,61,0.00066,0.03131,0.04488,0.69776,Card Game,Chino Pants,Toys & Games,Apparel
P010,P089,36,0.00039,0.01374,0.01969,0.69774,Action Camera,Dried Mango,Electronics,Gourmet Grocery
P089,P010,36,0.00039,0.01973,0.02827,0.69774,Dried Mango,Action Camera,Gourmet Grocery,Electronics
P004,P059,158,0.0017,0.03146,0.04509,0.69769,Phone Case,Gym Bag,Electronics,Sports & Fitness
P059,P004,158,0.0017,0.03781,0.05419,0.69769,Gym Bag,Phone Case,Sports & Fitness,Electronics
P012,P072,101,0.00109,0.02464,0.03532,0.69767,Gaming Mouse,Building Blocks 500pc,Electronics,Toys & Games
P072,P012,101,0.00109,0.03086,0.04423,0.69767,Building Blocks 500pc,Gaming Mouse,Toys & Games,Electronics
P060,P042,55,0.00059,0.0313,0.04488,0.69752,Protein Shaker,Hiking Boots,Sports & Fitness,Apparel
P042,P060,55,0.00059,0.01322,0.01896,0.69752,Hiking Boots,Protein Shaker,Apparel,Sports & Fitness
P033,P055,66,0.00071,0.02594,0.0372,0.69749,Camp Chair,Foam Roller,Outdoor & Camping,Sports & Fitness
P055,P033,66,0.00071,0.01915,0.02745,0.69749,Foam Roller,Camp Chair,Sports & Fitness,Outdoor & Camping
P037,P068,64,0.00069,0.02227,0.03193,0.69743,Sleeping Pad,Bamboo Toothbrush 4-Pack,Outdoor & Camping,Beauty & Care
P068,P037,64,0.00069,0.02163,0.03101,0.69743,Bamboo Toothbrush 4-Pack,Sleeping Pad,Beauty & Care,Outdoor & Camping
P030,P019,28,0.0003,0.01034,0.01483,0.69713,Headlamp,Cutting Board,Outdoor & Camping,Home & Kitchen
P019,P030,28,0.0003,0.02038,0.02923,0.69713,Cutting Board,Headlamp,Home & Kitchen,Outdoor & Camping
P008,P061,35,0.00038,0.013,0.01865,0.69701,Noise-Cancelling Headphones,Yoga Block Set,Electronics,Sports & Fitness
P061,P008,35,0.00038,0.02025,0.02906,0.69701,Yoga Block Set,Noise-Cancelling Headphones,Sports & Fitness,Electronics
P068,P057,33,0.00036,0.01115,0.016,0.69692,Bamboo Toothbrush 4-Pack,Fitness Tracker,Beauty & Care,Sports & Fitness
P057,P068,33,0.00036,0.02225,0.03193,0.69692,Fitness Tracker,Bamboo Toothbrush 4-Pack,Sports & Fitness,Beauty & Care
P025,P047,60,0.00065,0.03127,0.04488,0.69669,Dinnerware 16pc,Chino Pants,Home & Kitchen,Apparel
P047,P025,60,0.00065,0.01443,0.02071,0.69669,Chino Pants,Dinnerware 16pc,Apparel,Home & Kitchen
P054,P072,42,0.00045,0.0246,0.03532,0.69666,Insulated Water Bottle,Building Blocks 500pc,Sports & Fitness,Toys & Games
P072,P054,42,0.00045,0.01283,0.01842,0.69666,Building Blocks 500pc,Insulated Water Bottle,Toys & Games,Sports & Fitness
P052,P074,51,0.00055,0.01347,0.01934,0.69663,Adjustable Dumbbells,Jigsaw Puzzle 1000pc,Sports & Fitness,Toys & Games
P074,P052,51,0.00055,0.02846,0.04085,0.69663,Jigsaw Puzzle 1000pc,Adjustable Dumbbells,Toys & Games,Sports & Fitness
P008,P075,37,0.0004,0.01374,0.01973,0.69653,Noise-Cancelling Headphones,RC Car,Electronics,Toys & Games
P075,P008,37,0.0004,0.02024,0.02906,0.69653,RC Car,Noise-Cancelling Headphones,Toys & Games,Electronics
P046,P021,59,0.00064,0.01642,0.02358,0.69627,Organic Cotton Tee,Air Fryer,Apparel,Home & Kitchen
P021,P046,59,0.00064,0.027,0.03878,0.69627,Air Fryer,Organic Cotton Tee,Home & Kitchen,Apparel
P016,P030,51,0.00055,0.02035,0.02923,0.6962,Burr Coffee Grinder,Headlamp,Home & Kitchen,Outdoor & Camping
P030,P016,51,0.00055,0.01883,0.02704,0.6962,Headlamp,Burr Coffee Grinder,Outdoor & Camping,Home & Kitchen
P020,P036,33,0.00036,0.01155,0.01659,0.6962,Stand Mixer,Insect Repellent,Home & Kitchen,Outdoor & Camping
P036,P020,33,0.00036,0.02147,0.03084,0.6962,Insect Repellent,Stand Mixer,Outdoor & Camping,Home & Kitchen
P049,P027,45,0.00049,0.02121,0.03046,0.69616,Sun Hat,2-Person Tent,Apparel,Outdoor & Camping
P027,P049,45,0.00049,0.01594,0.0229,0.69616,2-Person Tent,Sun Hat,Outdoor & Camping,Apparel
P083,P009,136,0.00147,0.02271,0.03262,0.69614,Extra Virgin Olive Oil,Smart Plug 2-Pack,Gourmet Grocery,Electronics
P009,P083,136,0.00147,0.04499,0.06463,0.69614,Smart Plug 2-Pack,Extra Virgin Olive Oil,Electronics,Gourmet Grocery
P057,P008,30,0.00032,0.02023,0.02906,0.69614,Fitness Tracker,Noise-Cancelling Headphones,Sports & Fitness,Electronics
P008,P057,30,0.00032,0.01114,0.016,0.69614,Noise-Cancelling Headphones,Fitness Tracker,Electronics,Sports & Fitness
P074,P027,38,0.00041,0.02121,0.03046,0.69613,Jigsaw Puzzle 1000pc,2-Person Tent,Toys & Games,Outdoor & Camping
P027,P074,38,0.00041,0.01346,0.01934,0.69613,2-Person Tent,Jigsaw Puzzle 1000pc,Outdoor & Camping,Toys & Games
P064,P017,37,0.0004,0.0224,0.03218,0.69604,Mineral Sunscreen,French Press,Beauty & Care,Home & Kitchen
P017,P064,37,0.0004,0.01241,0.01783,0.69604,French Press,Mineral Sunscreen,Home & Kitchen,Beauty & Care
P089,P047,57,0.00062,0.03123,0.04488,0.69595,Dried Mango,Chino Pants,Gourmet Grocery,Apparel
P047,P089,57,0.00062,0.01371,0.01969,0.69595,Chino Pants,Dried Mango,Apparel,Gourmet Grocery
P074,P023,49,0.00053,0.02734,0.03931,0.69559,Jigsaw Puzzle 1000pc,Glass Storage Set,Toys & Games,Home & Kitchen
P023,P074,49,0.00053,0.01345,0.01934,0.69559,Glass Storage Set,Jigsaw Puzzle 1000pc,Home & Kitchen,Toys & Games
P057,P046,40,0.00043,0.02697,0.03878,0.69549,Fitness Tracker,Organic Cotton Tee,Sports & Fitness,Apparel
P046,P057,40,0.00043,0.01113,0.016,0.69549,Organic Cotton Tee,Fitness Tracker,Apparel,Sports & Fitness
P057,P062,56,0.0006,0.03776,0.05431,0.6953,Fitness Tracker,Vitamin C Serum,Sports & Fitness,Beauty & Care
P062,P057,56,0.0006,0.01113,0.016,0.6953,Vitamin C Serum,Fitness Tracker,Beauty & Care,Sports & Fitness
P005,P021,51,0.00055,0.01639,0.02358,0.6953,USB-C Fast Charger,Air Fryer,Electronics,Home & Kitchen
P021,P005,51,0.00055,0.02334,0.03357,0.6953,Air Fryer,USB-C Fast Charger,Home & Kitchen,Electronics
P061,P003,30,0.00032,0.01736,0.02498,0.69499,Yoga Block Set,Smartwatch,Sports & Fitness,Electronics
P003,P061,30,0.00032,0.01296,0.01865,0.69499,Smartwatch,Yoga Block Set,Electronics,Sports & Fitness
P023,P060,48,0.00052,0.01318,0.01896,0.69497,Glass Storage Set,Protein Shaker,Home & Kitchen,Sports & Fitness
P060,P023,48,0.00052,0.02732,0.03931,0.69497,Protein Shaker,Glass Storage Set,Sports & Fitness,Home & Kitchen
P052,P041,77,0.00083,0.02034,0.02927,0.69473,Adjustable Dumbbells,Merino Base Layer,Sports & Fitness,Apparel
P041,P052,77,0.00083,0.02838,0.04085,0.69473,Merino Base Layer,Adjustable Dumbbells,Apparel,Sports & Fitness
P020,P056,34,0.00037,0.0119,0.01712,0.69469,Stand Mixer,Jump Rope,Home & Kitchen,Sports & Fitness
P056,P020,34,0.00037,0.02142,0.03084,0.69469,Jump Rope,Stand Mixer,Sports & Fitness,Home & Kitchen
P012,P016,77,0.00083,0.01879,0.02704,0.69468,Gaming Mouse,Burr Coffee Grinder,Electronics,Home & Kitchen
P016,P012,77,0.00083,0.03073,0.04423,0.69468,Burr Coffee Grinder,Gaming Mouse,Home & Kitchen,Electronics
P033,P085,25,0.00027,0.00983,0.01415,0.69466,Camp Chair,Loose Leaf Tea,Outdoor & Camping,Gourmet Grocery
P085,P033,25,0.00027,0.01907,0.02745,0.69466,Loose Leaf Tea,Camp Chair,Gourmet Grocery,Outdoor & Camping
P018,P010,28,0.0003,0.01964,0.02827,0.69453,Non-Stick Pan Set,Action Camera,Home & Kitchen,Electronics
P010,P018,28,0.0003,0.01069,0.01539,0.69453,Action Camera,Non-Stick Pan Set,Electronics,Home & Kitchen
P053,P022,51,0.00055,0.03224,0.04642,0.69446,Resistance Bands,Linen Towel Set,Sports & Fitness,Home & Kitchen
P022,P053,51,0.00055,0.01185,0.01707,0.69446,Linen Towel Set,Resistance Bands,Home & Kitchen,Sports & Fitness
P072,P042,102,0.0011,0.03116,0.04488,0.69441,Building Blocks 500pc,Hiking Boots,Toys & Games,Apparel
P042,P072,102,0.0011,0.02453,0.03532,0.69441,Hiking Boots,Building Blocks 500pc,Apparel,Toys & Games
P029,P004,37,0.0004,0.0376,0.05419,0.69388,Camping Stove,Phone Case,Outdoor & Camping,Electronics
P004,P029,37,0.0004,0.00737,0.01062,0.69388,Phone Case,Camping Stove,Electronics,Outdoor & Camping
P055,P023,94,0.00101,0.02727,0.03931,0.69371,Foam Roller,Glass Storage Set,Sports & Fitness,Home & Kitchen
P023,P055,94,0.00101,0.0258,0.0372,0.69371,Glass Storage Set,Foam Roller,Home & Kitchen,Sports & Fitness
P021,P037,47,0.00051,0.02151,0.03101,0.69361,Air Fryer,Sleeping Pad,Home & Kitchen,Outdoor & Camping
P037,P021,47,0.00051,0.01635,0.02358,0.69361,Sleeping Pad,Air Fryer,Outdoor & Camping,Home & Kitchen
P055,P006,38,0.00041,0.01102,0.01589,0.69357,Foam Roller,Power Bank 20K,Sports & Fitness,Electronics
P006,P055,38,0.00041,0.0258,0.0372,0.69357,Power Bank 20K,Foam Roller,Electronics,Sports & Fitness
P003,P041,47,0.00051,0.0203,0.02927,0.69351,Smartwatch,Merino Base Layer,Electronics,Apparel
P041,P003,47,0.00051,0.01732,0.02498,0.69351,Merino Base Layer,Smartwatch,Apparel,Electronics
P052,P016,71,0.00077,0.01875,0.02704,0.69351,Adjustable Dumbbells,Burr Coffee Grinder,Sports & Fitness,Home & Kitchen
P016,P052,71,0.00077,0.02833,0.04085,0.69351,Burr Coffee Grinder,Adjustable Dumbbells,Home & Kitchen,Sports & Fitness
P012,P061,53,0.00057,0.01293,0.01865,0.69344,Gaming Mouse,Yoga Block Set,Electronics,Sports & Fitness
P061,P012,53,0.00057,0.03067,0.04423,0.69344,Yoga Block Set,Gaming Mouse,Sports & Fitness,Electronics
P086,P020,31,0.00033,0.02138,0.03084,0.69324,Raw Honey,Stand Mixer,Gourmet Grocery,Home & Kitchen
P020,P086,31,0.00033,0.01085,0.01565,0.69324,Stand Mixer,Raw Honey,Home & Kitchen,Gourmet Grocery
P020,P041,58,0.00063,0.02029,0.02927,0.69322,Stand Mixer,Merino Base Layer,Home & Kitchen,Apparel
P041,P020,58,0.00063,0.02138,0.03084,0.69322,Merino Base Layer,Stand Mixer,Apparel,Home & Kitchen
P050,P073,39,0.00042,0.00981,0.01416,0.6932,Leather Belt,Strategy Board Game,Apparel,Toys & Games
P073,P050,39,0.00042,0.02973,0.04288,0.6932,Strategy Board Game,Leather Belt,Toys & Games,Apparel
P069,P046,35,0.00038,0.02688,0.03878,0.69316,Body Wash,Organic Cotton Tee,Beauty & Care,Apparel
P046,P069,35,0.00038,0.00974,0.01405,0.69316,Organic Cotton Tee,Body Wash,Apparel,Beauty & Care
P062,P001,156,0.00168,0.031,0.04473,0.69299,Vitamin C Serum,Wireless Earbuds,Beauty & Care,Electronics
P001,P062,156,0.00168,0.03764,0.05431,0.69299,Wireless Earbuds,Vitamin C Serum,Electronics,Beauty & Care
P001,P039,88,0.00095,0.02123,0.03065,0.69278,Wireless Earbuds,Rain Jacket,Electronics,Apparel
P039,P001,88,0.00095,0.03099,0.04473,0.69278,Rain Jacket,Wireless Earbuds,Apparel,Electronics
P050,P008,80,0.00086,0.02013,0.02906,0.69275,Leather Belt,Noise-Cancelling Headphones,Apparel,Electronics
P008,P050,80,0.00086,0.02971,0.04288,0.69275,Noise-Cancelling Headphones,Leather Belt,Electronics,Apparel
P050,P025,57,0.00062,0.01434,0.02071,0.69267,Leather Belt,Dinnerware 16pc,Apparel,Home & Kitchen
P025,P050,57,0.00062,0.0297,0.04288,0.69267,Dinnerware 16pc,Leather Belt,Home & Kitchen,Apparel
P048,P011,34,0.00037,0.00988,0.01427,0.69265,Down Vest,E-Reader,Apparel,Electronics
P011,P048,34,0.00037,0.02572,0.03713,0.69265,E-Reader,Down Vest,Electronics,Apparel
P086,P028,31,0.00033,0.02138,0.03087,0.69251,Raw Honey,Sleeping Bag,Gourmet Grocery,Outdoor & Camping
P028,P086,31,0.00033,0.01084,0.01565,0.69251,Sleeping Bag,Raw Honey,Outdoor & Camping,Gourmet Grocery
P033,P043,37,0.0004,0.01454,0.02102,0.69191,Camp Chair,Trail Running Shoes,Outdoor & Camping,Apparel
P043,P033,37,0.0004,0.01899,0.02745,0.69191,Trail Running Shoes,Camp Chair,Apparel,Outdoor & Camping
P076,P030,95,0.00103,0.02021,0.02923,0.69146,Plush Bear,Headlamp,Toys & Games,Outdoor & Camping
P030,P076,95,0.00103,0.03507,0.05072,0.69146,Headlamp,Plush Bear,Outdoor & Camping,Toys & Games
P068,P078,43,0.00046,0.01453,0.02102,0.69133,Bamboo Toothbrush 4-Pack,Card Game,Beauty & Care,Toys & Games
P078,P068,43,0.00046,0.02207,0.03193,0.69133,Card Game,Bamboo Toothbrush 4-Pack,Toys & Games,Beauty & Care
P048,P078,50,0.00054,0.01453,0.02102,0.69127,Down Vest,Card Game,Apparel,Toys & Games
P078,P048,50,0.00054,0.02567,0.03713,0.69127,Card Game,Down Vest,Toys & Games,Apparel
P052,P043,55,0.00059,0.01453,0.02102,0.69111,Adjustable Dumbbells,Trail Running Shoes,Sports & Fitness,Apparel
P052,P078,55,0.00059,0.01453,0.02102,0.69111,Adjustable Dumbbells,Card Game,Sports & Fitness,Toys & Games
P043,P052,55,0.00059,0.02823,0.04085,0.69111,Trail Running Shoes,Adjustable Dumbbells,Apparel,Sports & Fitness
P078,P052,55,0.00059,0.02823,0.04085,0.69111,Card Game,Adjustable Dumbbells,Toys & Games,Sports & Fitness
P010,P041,53,0.00057,0.02023,0.02927,0.691,Action Camera,Merino Base Layer,Electronics,Apparel
P041,P010,53,0.00057,0.01954,0.02827,0.691,Merino Base Layer,Action Camera,Apparel,Electronics
P006,P027,31,0.00033,0.02105,0.03046,0.69088,Power Bank 20K,2-Person Tent,Electronics,Outdoor & Camping
P027,P006,31,0.00033,0.01098,0.01589,0.69088,2-Person Tent,Power Bank 20K,Outdoor & Camping,Electronics
P039,P003,49,0.00053,0.01725,0.02498,0.69068,Rain Jacket,Smartwatch,Apparel,Electronics
P003,P039,49,0.00053,0.02117,0.03065,0.69068,Smartwatch,Rain Jacket,Electronics,Apparel
P010,P044,65,0.0007,0.02481,0.03592,0.69064,Action Camera,Wool Socks 3-Pack,Electronics,Apparel
P044,P010,65,0.0007,0.01953,0.02827,0.69064,Wool Socks 3-Pack,Action Camera,Apparel,Electronics
P040,P028,63,0.00068,0.02131,0.03087,0.69035,Fleece Pullover,Sleeping Bag,Apparel,Outdoor & Camping
P028,P040,63,0.00068,0.02202,0.0319,0.69035,Sleeping Bag,Fleece Pullover,Outdoor & Camping,Apparel
P081,P031,27,0.00029,0.0088,0.01274,0.69035,Single-Origin Coffee Beans,Hiking Backpack 40L,Gourmet Grocery,Outdoor & Camping
P031,P081,27,0.00029,0.02286,0.03312,0.69035,Hiking Backpack 40L,Single-Origin Coffee Beans,Outdoor & Camping,Gourmet Grocery
P024,P050,46,0.0005,0.0296,0.04288,0.69029,Electric Kettle,Leather Belt,Home & Kitchen,Apparel
P050,P024,46,0.0005,0.01158,0.01677,0.69029,Leather Belt,Electric Kettle,Apparel,Home & Kitchen
P062,P048,129,0.00139,0.02563,0.03713,0.69029,Vitamin C Serum,Down Vest,Beauty & Care,Apparel
P048,P062,129,0.00139,0.03749,0.05431,0.69029,Down Vest,Vitamin C Serum,Apparel,Beauty & Care
P060,P050,52,0.00056,0.0296,0.04288,0.69017,Protein Shaker,Leather Belt,Sports & Fitness,Apparel
P050,P060,52,0.00056,0.01309,0.01896,0.69017,Leather Belt,Protein Shaker,Apparel,Sports & Fitness
P053,P042,49,0.00053,0.03097,0.04488,0.69017,Resistance Bands,Hiking Boots,Sports & Fitness,Apparel
P042,P053,49,0.00053,0.01178,0.01707,0.69017,Hiking Boots,Resistance Bands,Apparel,Sports & Fitness
P033,P023,69,0.00074,0.02712,0.03931,0.68996,Camp Chair,Glass Storage Set,Outdoor & Camping,Home & Kitchen
P023,P033,69,0.00074,0.01894,0.02745,0.68996,Glass Storage Set,Camp Chair,Home & Kitchen,Outdoor & Camping
P037,P052,81,0.00087,0.02818,0.04085,0.68988,Sleeping Pad,Adjustable Dumbbells,Outdoor & Camping,Sports & Fitness
P052,P037,81,0.00087,0.02139,0.03101,0.68988,Adjustable Dumbbells,Sleeping Pad,Sports & Fitness,Outdoor & Camping
P033,P008,51,0.00055,0.02005,0.02906,0.68987,Camp Chair,Noise-Cancelling Headphones,Outdoor & Camping,Electronics
P008,P033,51,0.00055,0.01894,0.02745,0.68987,Noise-Cancelling Headphones,Camp Chair,Electronics,Outdoor & Camping
P015,P008,37,0.0004,0.02004,0.02906,0.68974,Cast Iron Skillet,Noise-Cancelling Headphones,Home & Kitchen,Electronics
P008,P015,37,0.0004,0.01374,0.01992,0.68974,Noise-Cancelling Headphones,Cast Iron Skillet,Electronics,Home & Kitchen
P061,P083,77,0.00083,0.04456,0.06463,0.68952,Yoga Block Set,Extra Virgin Olive Oil,Sports & Fitness,Gourmet Grocery
P083,P061,77,0.00083,0.01286,0.01865,0.68952,Extra Virgin Olive Oil,Yoga Block Set,Gourmet Grocery,Sports & Fitness
P030,P026,55,0.00059,0.0203,0.02945,0.68945,Headlamp,Scented Candle,Outdoor & Camping,Home & Kitchen
P026,P030,55,0.00059,0.02015,0.02923,0.68945,Scented Candle,Headlamp,Home & Kitchen,Outdoor & Camping
P009,P041,61,0.00066,0.02018,0.02927,0.68928,Smart Plug 2-Pack,Merino Base Layer,Electronics,Apparel
P041,P009,61,0.00066,0.02248,0.03262,0.68928,Merino Base Layer,Smart Plug 2-Pack,Apparel,Electronics
P004,P066,66,0.00071,0.01314,0.01907,0.68926,Phone Case,Beard Oil,Electronics,Beauty & Care
P066,P004,66,0.00071,0.03735,0.05419,0.68926,Beard Oil,Phone Case,Beauty & Care,Electronics
P037,P010,56,0.0006,0.01949,0.02827,0.68921,Sleeping Pad,Action Camera,Outdoor & Camping,Electronics
P010,P037,56,0.0006,0.02137,0.03101,0.68921,Action Camera,Sleeping Pad,Electronics,Outdoor & Camping
P012,P031,36,0.00039,0.00878,0.01274,0.68917,Gaming Mouse,Hiking Backpack 40L,Electronics,Outdoor & Camping
P031,P012,36,0.00039,0.03048,0.04423,0.68917,Hiking Backpack 40L,Gaming Mouse,Outdoor & Camping,Electronics
P084,P059,54,0.00058,0.03107,0.04509,0.68901,Trail Mix 1kg,Gym Bag,Gourmet Grocery,Sports & Fitness
P059,P084,54,0.00058,0.01292,0.01875,0.68901,Gym Bag,Trail Mix 1kg,Sports & Fitness,Gourmet Grocery
P008,P043,39,0.00042,0.01448,0.02102,0.68896,Noise-Cancelling Headphones,Trail Running Shoes,Electronics,Apparel
P043,P008,39,0.00042,0.02002,0.02906,0.68896,Trail Running Shoes,Noise-Cancelling Headphones,Apparel,Electronics
P019,P076,48,0.00052,0.03493,0.05072,0.68883,Cutting Board,Plush Bear,Home & Kitchen,Toys & Games
P076,P019,48,0.00052,0.01021,0.01483,0.68883,Plush Bear,Cutting Board,Toys & Games,Home & Kitchen
P001,P043,60,0.00065,0.01448,0.02102,0.68864,Wireless Earbuds,Trail Running Shoes,Electronics,Apparel
P043,P001,60,0.00065,0.0308,0.04473,0.68864,Trail Running Shoes,Wireless Earbuds,Apparel,Electronics
P044,P030,67,0.00072,0.02013,0.02923,0.6885,Wool Socks 3-Pack,Headlamp,Apparel,Outdoor & Camping
P030,P044,67,0.00072,0.02473,0.03592,0.6885,Headlamp,Wool Socks 3-Pack,Outdoor & Camping,Apparel
P076,P025,67,0.00072,0.01426,0.02071,0.68842,Plush Bear,Dinnerware 16pc,Toys & Games,Home & Kitchen
P025,P076,67,0.00072,0.03491,0.05072,0.68842,Dinnerware 16pc,Plush Bear,Home & Kitchen,Toys & Games
P046,P078,52,0.00056,0.01447,0.02102,0.68832,Organic Cotton Tee,Card Game,Apparel,Toys & Games
P078,P046,52,0.00056,0.02669,0.03878,0.68832,Card Game,Organic Cotton Tee,Toys & Games,Apparel
P061,P043,25,0.00027,0.01447,0.02102,0.68827,Yoga Block Set,Trail Running Shoes,Sports & Fitness,Apparel
P043,P061,25,0.00027,0.01283,0.01865,0.68827,Trail Running Shoes,Yoga Block Set,Apparel,Sports & Fitness
P026,P001,84,0.00091,0.03078,0.04473,0.68818,Scented Candle,Wireless Earbuds,Home & Kitchen,Electronics
P001,P026,84,0.00091,0.02027,0.02945,0.68818,Wireless Earbuds,Scented Candle,Electronics,Home & Kitchen
P013,P078,34,0.00037,0.01446,0.02102,0.688,Tablet Sleeve,Card Game,Electronics,Toys & Games
P078,P013,34,0.00037,0.01745,0.02537,0.688,Card Game,Tablet Sleeve,Toys & Games,Electronics
P047,P064,51,0.00055,0.01226,0.01783,0.6879,Chino Pants,Mineral Sunscreen,Apparel,Beauty & Care
P064,P047,51,0.00055,0.03087,0.04488,0.6879,Mineral Sunscreen,Chino Pants,Beauty & Care,Apparel
P042,P004,155,0.00167,0.03727,0.05419,0.68773,Hiking Boots,Phone Case,Apparel,Electronics
P004,P042,155,0.00167,0.03086,0.04488,0.68773,Phone Case,Hiking Boots,Electronics,Apparel
P048,P025,49,0.00053,0.01424,0.02071,0.68769,Down Vest,Dinnerware 16pc,Apparel,Home & Kitchen
P025,P048,49,0.00053,0.02553,0.03713,0.68769,Dinnerware 16pc,Down Vest,Home & Kitchen,Apparel
P008,P064,33,0.00036,0.01225,0.01783,0.68742,Noise-Cancelling Headphones,Mineral Sunscreen,Electronics,Beauty & Care
P064,P008,33,0.00036,0.01998,0.02906,0.68742,Mineral Sunscreen,Noise-Cancelling Headphones,Beauty & Care,Electronics
P075,P026,37,0.0004,0.02024,0.02945,0.68735,RC Car,Scented Candle,Toys & Games,Home & Kitchen
P026,P075,37,0.0004,0.01356,0.01973,0.68735,Scented Candle,RC Car,Home & Kitchen,Toys & Games
P049,P013,37,0.0004,0.01744,0.02537,0.68732,Sun Hat,Tablet Sleeve,Apparel,Electronics
P013,P049,37,0.0004,0.01574,0.0229,0.68732,Tablet Sleeve,Sun Hat,Electronics,Apparel
P050,P029,29,0.00031,0.0073,0.01062,0.68727,Leather Belt,Camping Stove,Apparel,Outdoor & Camping
P029,P050,29,0.00031,0.02947,0.04288,0.68727,Camping Stove,Leather Belt,Outdoor & Camping,Apparel
P024,P062,58,0.00063,0.03732,0.05431,0.68723,Electric Kettle,Vitamin C Serum,Home & Kitchen,Beauty & Care
P062,P024,58,0.00063,0.01152,0.01677,0.68723,Vitamin C Serum,Electric Kettle,Beauty & Care,Home & Kitchen
P017,P067,45,0.00049,0.01509,0.02196,0.68722,French Press,Lip Balm 4-Pack,Home & Kitchen,Beauty & Care
P067,P017,45,0.00049,0.02211,0.03218,0.68722,Lip Balm 4-Pack,French Press,Beauty & Care,Home & Kitchen
P022,P083,191,0.00206,0.0444,0.06463,0.68701,Linen Towel Set,Extra Virgin Olive Oil,Home & Kitchen,Gourmet Grocery
P083,P022,191,0.00206,0.03189,0.04642,0.68701,Extra Virgin Olive Oil,Linen Towel Set,Gourmet Grocery,Home & Kitchen
P055,P067,52,0.00056,0.01509,0.02196,0.68699,Foam Roller,Lip Balm 4-Pack,Sports & Fitness,Beauty & Care
P067,P055,52,0.00056,0.02555,0.0372,0.68699,Lip Balm 4-Pack,Foam Roller,Beauty & Care,Sports & Fitness
P057,P026,30,0.00032,0.02023,0.02945,0.68696,Fitness Tracker,Scented Candle,Sports & Fitness,Home & Kitchen
P026,P057,30,0.00032,0.01099,0.016,0.68696,Scented Candle,Fitness Tracker,Home & Kitchen,Sports & Fitness
P069,P001,40,0.00043,0.03072,0.04473,0.68687,Body Wash,Wireless Earbuds,Beauty & Care,Electronics
P001,P069,40,0.00043,0.00965,0.01405,0.68687,Wireless Earbuds,Body Wash,Electronics,Beauty & Care
P075,P025,26,0.00028,0.01422,0.02071,0.68687,RC Car,Dinnerware 16pc,Toys & Games,Home & Kitchen
P025,P075,26,0.00028,0.01355,0.01973,0.68687,Dinnerware 16pc,RC Car,Home & Kitchen,Toys & Games
P022,P060,56,0.0006,0.01302,0.01896,0.68659,Linen Towel Set,Protein Shaker,Home & Kitchen,Sports & Fitness
P060,P022,56,0.0006,0.03187,0.04642,0.68659,Protein Shaker,Linen Towel Set,Sports & Fitness,Home & Kitchen
P046,P058,28,0.0003,0.00779,0.01135,0.68631,Organic Cotton Tee,Kettlebell 12kg,Apparel,Sports & Fitness
P058,P046,28,0.0003,0.02662,0.03878,0.68631,Kettlebell 12kg,Organic Cotton Tee,Sports & Fitness,Apparel
P013,P055,60,0.00065,0.02552,0.0372,0.68614,Tablet Sleeve,Foam Roller,Electronics,Sports & Fitness
P055,P013,60,0.00065,0.01741,0.02537,0.68614,Foam Roller,Tablet Sleeve,Sports & Fitness,Electronics
P037,P076,100,0.00108,0.03479,0.05072,0.68607,Sleeping Pad,Plush Bear,Outdoor & Camping,Toys & Games
P076,P037,100,0.00108,0.02128,0.03101,0.68607,Plush Bear,Sleeping Pad,Toys & Games,Outdoor & Camping
P048,P019,35,0.00038,0.01017,0.01483,0.68604,Down Vest,Cutting Board,Apparel,Home & Kitchen
P019,P048,35,0.00038,0.02547,0.03713,0.68604,Cutting Board,Down Vest,Home & Kitchen,Apparel
P027,P005,65,0.0007,0.02303,0.03357,0.68589,2-Person Tent,USB-C Fast Charger,Outdoor & Camping,Electronics
P005,P027,65,0.0007,0.02089,0.03046,0.68589,USB-C Fast Charger,2-Person Tent,Electronics,Outdoor & Camping
P062,P041,101,0.00109,0.02007,0.02927,0.68548,Vitamin C Serum,Merino Base Layer,Beauty & Care,Apparel
P041,P062,101,0.00109,0.03723,0.05431,0.68548,Merino Base Layer,Vitamin C Serum,Apparel,Beauty & Care
P040,P084,38,0.00041,0.01286,0.01875,0.68546,Fleece Pullover,Trail Mix 1kg,Apparel,Gourmet Grocery
P084,P040,38,0.00041,0.02186,0.0319,0.68546,Trail Mix 1kg,Fleece Pullover,Gourmet Grocery,Apparel
P064,P010,32,0.00035,0.01937,0.02827,0.68516,Mineral Sunscreen,Action Camera,Beauty & Care,Electronics
P010,P064,32,0.00035,0.01221,0.01783,0.68516,Action Camera,Mineral Sunscreen,Electronics,Beauty & Care
P008,P071,35,0.00038,0.013,0.01897,0.68512,Noise-Cancelling Headphones,Perfume 50ml,Electronics,Beauty & Care
P071,P008,35,0.00038,0.01991,0.02906,0.68512,Perfume 50ml,Noise-Cancelling Headphones,Beauty & Care,Electronics
P012,P081,93,0.001,0.02269,0.03312,0.68511,Gaming Mouse,Single-Origin Coffee Beans,Electronics,Gourmet Grocery
P081,P012,93,0.001,0.0303,0.04423,0.68511,Single-Origin Coffee Beans,Gaming Mouse,Gourmet Grocery,Electronics
P036,P052,43,0.00046,0.02798,0.04085,0.68481,Insect Repellent,Adjustable Dumbbells,Outdoor & Camping,Sports & Fitness
P052,P036,43,0.00046,0.01136,0.01659,0.68481,Adjustable Dumbbells,Insect Repellent,Sports & Fitness,Outdoor & Camping
P041,P023,73,0.00079,0.02691,0.03931,0.68449,Merino Base Layer,Glass Storage Set,Apparel,Home & Kitchen
P023,P041,73,0.00079,0.02004,0.02927,0.68449,Glass Storage Set,Merino Base Layer,Home & Kitchen,Apparel
P040,P009,66,0.00071,0.02233,0.03262,0.68447,Fleece Pullover,Smart Plug 2-Pack,Apparel,Electronics
P009,P040,66,0.00071,0.02183,0.0319,0.68447,Smart Plug 2-Pack,Fleece Pullover,Electronics,Apparel
P015,P028,39,0.00042,0.02113,0.03087,0.68433,Cast Iron Skillet,Sleeping Bag,Home & Kitchen,Outdoor & Camping
P028,P015,39,0.00042,0.01363,0.01992,0.68433,Sleeping Bag,Cast Iron Skillet,Outdoor & Camping,Home & Kitchen
P012,P064,50,0.00054,0.0122,0.01783,0.68428,Gaming Mouse,Mineral Sunscreen,Electronics,Beauty & Care
P064,P012,50,0.00054,0.03027,0.04423,0.68428,Mineral Sunscreen,Gaming Mouse,Beauty & Care,Electronics
P013,P027,49,0.00053,0.02084,0.03046,0.6842,Tablet Sleeve,2-Person Tent,Electronics,Outdoor & Camping
P027,P013,49,0.00053,0.01736,0.02537,0.6842,2-Person Tent,Tablet Sleeve,Outdoor & Camping,Electronics
P017,P031,26,0.00028,0.00872,0.01274,0.68418,French Press,Hiking Backpack 40L,Home & Kitchen,Outdoor & Camping
P031,P017,26,0.00028,0.02202,0.03218,0.68418,Hiking Backpack 40L,French Press,Outdoor & Camping,Home & Kitchen
P061,P014,33,0.00036,0.0191,0.02792,0.68411,Yoga Block Set,Chef Knife Set,Sports & Fitness,Home & Kitchen
P014,P061,33,0.00036,0.01276,0.01865,0.68411,Chef Knife Set,Yoga Block Set,Home & Kitchen,Sports & Fitness
P004,P083,222,0.0024,0.04421,0.06463,0.68403,Phone Case,Extra Virgin Olive Oil,Electronics,Gourmet Grocery
P083,P004,222,0.0024,0.03707,0.05419,0.68403,Extra Virgin Olive Oil,Phone Case,Gourmet Grocery,Electronics
P023,P083,161,0.00174,0.04419,0.06463,0.68386,Glass Storage Set,Extra Virgin Olive Oil,Home & Kitchen,Gourmet Grocery
P083,P023,161,0.00174,0.02688,0.03931,0.68386,Extra Virgin Olive Oil,Glass Storage Set,Gourmet Grocery,Home & Kitchen
P054,P010,33,0.00036,0.01933,0.02827,0.68381,Insulated Water Bottle,Action Camera,Sports & Fitness,Electronics
P010,P054,33,0.00036,0.0126,0.01842,0.68381,Action Camera,Insulated Water Bottle,Electronics,Sports & Fitness
P072,P017,72,0.00078,0.022,0.03218,0.68365,Building Blocks 500pc,French Press,Toys & Games,Home & Kitchen
P017,P072,72,0.00078,0.02414,0.03532,0.68365,French Press,Building Blocks 500pc,Home & Kitchen,Toys & Games
P033,P064,31,0.00033,0.01219,0.01783,0.68358,Camp Chair,Mineral Sunscreen,Outdoor & Camping,Beauty & Care
P064,P033,31,0.00033,0.01877,0.02745,0.68358,Mineral Sunscreen,Camp Chair,Beauty & Care,Outdoor & Camping
P055,P064,42,0.00045,0.01218,0.01783,0.68352,Foam Roller,Mineral Sunscreen,Sports & Fitness,Beauty & Care
P064,P055,42,0.00045,0.02542,0.0372,0.68352,Mineral Sunscreen,Foam Roller,Beauty & Care,Sports & Fitness
P062,P019,51,0.00055,0.01013,0.01483,0.68345,Vitamin C Serum,Cutting Board,Beauty & Care,Home & Kitchen
P019,P062,51,0.00055,0.03712,0.05431,0.68345,Cutting Board,Vitamin C Serum,Home & Kitchen,Beauty & Care
P061,P017,38,0.00041,0.02199,0.03218,0.68342,Yoga Block Set,French Press,Sports & Fitness,Home & Kitchen
P017,P061,38,0.00041,0.01274,0.01865,0.68342,French Press,Yoga Block Set,Home & Kitchen,Sports & Fitness
P056,P076,55,0.00059,0.03466,0.05072,0.68335,Jump Rope,Plush Bear,Sports & Fitness,Toys & Games
P076,P056,55,0.00059,0.0117,0.01712,0.68335,Plush Bear,Jump Rope,Toys & Games,Sports & Fitness
P025,P066,25,0.00027,0.01303,0.01907,0.68325,Dinnerware 16pc,Beard Oil,Home & Kitchen,Beauty & Care
P066,P025,25,0.00027,0.01415,0.02071,0.68325,Beard Oil,Dinnerware 16pc,Beauty & Care,Home & Kitchen
P072,P043,47,0.00051,0.01436,0.02102,0.68315,Building Blocks 500pc,Trail Running Shoes,Toys & Games,Apparel
P043,P072,47,0.00051,0.02413,0.03532,0.68315,Trail Running Shoes,Building Blocks 500pc,Apparel,Toys & Games
P048,P059,106,0.00114,0.0308,0.04509,0.68313,Down Vest,Gym Bag,Apparel,Sports & Fitness
P059,P048,106,0.00114,0.02536,0.03713,0.68313,Gym Bag,Down Vest,Sports & Fitness,Apparel
P035,P081,27,0.00029,0.02261,0.03312,0.68283,Cooler 30L,Single-Origin Coffee Beans,Outdoor & Camping,Gourmet Grocery
P081,P035,27,0.00029,0.0088,0.01288,0.68283,Single-Origin Coffee Beans,Cooler 30L,Gourmet Grocery,Outdoor & Camping
P047,P076,144,0.00155,0.03462,0.05072,0.6827,Chino Pants,Plush Bear,Apparel,Toys & Games
P076,P047,144,0.00155,0.03064,0.04488,0.6827,Plush Bear,Chino Pants,Toys & Games,Apparel
P008,P027,56,0.0006,0.02079,0.03046,0.68264,Noise-Cancelling Headphones,2-Person Tent,Electronics,Outdoor & Camping
P027,P008,56,0.0006,0.01984,0.02906,0.68264,2-Person Tent,Noise-Cancelling Headphones,Outdoor & Camping,Electronics
P075,P042,56,0.0006,0.03063,0.04488,0.68262,RC Car,Hiking Boots,Toys & Games,Apparel
P042,P075,56,0.0006,0.01346,0.01973,0.68262,Hiking Boots,RC Car,Apparel,Toys & Games
P062,P083,222,0.0024,0.04411,0.06463,0.68254,Vitamin C Serum,Extra Virgin Olive Oil,Beauty & Care,Gourmet Grocery
P083,P062,222,0.0024,0.03707,0.05431,0.68254,Extra Virgin Olive Oil,Vitamin C Serum,Gourmet Grocery,Beauty & Care
P046,P084,46,0.0005,0.0128,0.01875,0.68247,Organic Cotton Tee,Trail Mix 1kg,Apparel,Gourmet Grocery
P084,P046,46,0.0005,0.02647,0.03878,0.68247,Trail Mix 1kg,Organic Cotton Tee,Gourmet Grocery,Apparel
P034,P084,41,0.00044,0.01279,0.01875,0.68212,Trekking Poles,Trail Mix 1kg,Outdoor & Camping,Gourmet Grocery
P084,P034,41,0.00044,0.02359,0.03458,0.68212,Trail Mix 1kg,Trekking Poles,Gourmet Grocery,Outdoor & Camping
P028,P059,88,0.00095,0.03076,0.04509,0.6821,Sleeping Bag,Gym Bag,Outdoor & Camping,Sports & Fitness
P059,P028,88,0.00095,0.02106,0.03087,0.6821,Gym Bag,Sleeping Bag,Sports & Fitness,Outdoor & Camping
P007,P014,27,0.00029,0.01904,0.02792,0.68209,10in Tablet,Chef Knife Set,Electronics,Home & Kitchen
P014,P007,27,0.00029,0.01044,0.0153,0.68209,Chef Knife Set,10in Tablet,Home & Kitchen,Electronics
P008,P073,26,0.00028,0.00965,0.01416,0.68196,Noise-Cancelling Headphones,Strategy Board Game,Electronics,Toys & Games
P073,P008,26,0.00028,0.01982,0.02906,0.68196,Strategy Board Game,Noise-Cancelling Headphones,Toys & Games,Electronics
P075,P023,49,0.00053,0.02681,0.03931,0.68189,RC Car,Glass Storage Set,Toys & Games,Home & Kitchen
P023,P075,49,0.00053,0.01345,0.01973,0.68189,Glass Storage Set,RC Car,Home & Kitchen,Toys & Games
P033,P013,44,0.00047,0.0173,0.02537,0.68177,Camp Chair,Tablet Sleeve,Outdoor & Camping,Electronics
P013,P033,44,0.00047,0.01872,0.02745,0.68177,Tablet Sleeve,Camp Chair,Electronics,Outdoor & Camping
P023,P009,81,0.00087,0.02223,0.03262,0.68162,Glass Storage Set,Smart Plug 2-Pack,Home & Kitchen,Electronics
P009,P023,81,0.00087,0.02679,0.03931,0.68162,Smart Plug 2-Pack,Glass Storage Set,Electronics,Home & Kitchen
P072,P036,37,0.0004,0.0113,0.01659,0.68161,Building Blocks 500pc,Insect Repellent,Toys & Games,Outdoor & Camping
P036,P072,37,0.0004,0.02407,0.03532,0.68161,Insect Repellent,Building Blocks 500pc,Outdoor & Camping,Toys & Games
P041,P024,31,0.00033,0.01143,0.01677,0.68142,Merino Base Layer,Electric Kettle,Apparel,Home & Kitchen
P024,P041,31,0.00033,0.01995,0.02927,0.68142,Electric Kettle,Merino Base Layer,Home & Kitchen,Apparel
P034,P049,50,0.00054,0.0156,0.0229,0.68132,Trekking Poles,Sun Hat,Outdoor & Camping,Apparel
P049,P034,50,0.00054,0.02356,0.03458,0.68132,Sun Hat,Trekking Poles,Apparel,Outdoor & Camping
P023,P003,62,0.00067,0.01702,0.02498,0.68129,Glass Storage Set,Smartwatch,Home & Kitchen,Electronics
P003,P023,62,0.00067,0.02678,0.03931,0.68129,Smartwatch,Glass Storage Set,Electronics,Home & Kitchen
P069,P059,40,0.00043,0.03072,0.04509,0.68129,Body Wash,Gym Bag,Beauty & Care,Sports & Fitness
P059,P069,40,0.00043,0.00957,0.01405,0.68129,Gym Bag,Body Wash,Sports & Fitness,Beauty & Care
P032,P076,36,0.00039,0.03455,0.05072,0.68122,Water Filter,Plush Bear,Outdoor & Camping,Toys & Games
P076,P032,36,0.00039,0.00766,0.01124,0.68122,Plush Bear,Water Filter,Toys & Games,Outdoor & Camping
P019,P042,42,0.00045,0.03057,0.04488,0.68113,Cutting Board,Hiking Boots,Home & Kitchen,Apparel
P042,P019,42,0.00045,0.0101,0.01483,0.68113,Hiking Boots,Cutting Board,Apparel,Home & Kitchen
P042,P066,54,0.00058,0.01298,0.01907,0.68096,Hiking Boots,Beard Oil,Apparel,Beauty & Care
P066,P042,54,0.00058,0.03056,0.04488,0.68096,Beard Oil,Hiking Boots,Beauty & Care,Apparel
P027,P069,27,0.00029,0.00956,0.01405,0.68076,2-Person Tent,Body Wash,Outdoor & Camping,Beauty & Care
P069,P027,27,0.00029,0.02074,0.03046,0.68076,Body Wash,2-Person Tent,Beauty & Care,Outdoor & Camping
P050,P001,121,0.00131,0.03045,0.04473,0.68075,Leather Belt,Wireless Earbuds,Apparel,Electronics
P001,P050,121,0.00131,0.02919,0.04288,0.68075,Wireless Earbuds,Leather Belt,Electronics,Apparel
P012,P027,85,0.00092,0.02074,0.03046,0.68074,Gaming Mouse,2-Person Tent,Electronics,Outdoor & Camping
P027,P012,85,0.00092,0.03011,0.04423,0.68074,2-Person Tent,Gaming Mouse,Outdoor & Camping,Electronics
P040,P012,89,0.00096,0.03011,0.04423,0.68071,Fleece Pullover,Gaming Mouse,Apparel,Electronics
P012,P040,89,0.00096,0.02171,0.0319,0.68071,Gaming Mouse,Fleece Pullover,Electronics,Apparel
P039,P053,33,0.00036,0.01162,0.01707,0.68068,Rain Jacket,Resistance Bands,Apparel,Sports & Fitness
P053,P039,33,0.00036,0.02086,0.03065,0.68068,Resistance Bands,Rain Jacket,Sports & Fitness,Apparel
P076,P089,63,0.00068,0.0134,0.01969,0.68066,Plush Bear,Dried Mango,Toys & Games,Gourmet Grocery
P089,P076,63,0.00068,0.03452,0.05072,0.68066,Dried Mango,Plush Bear,Gourmet Grocery,Toys & Games
P055,P084,44,0.00047,0.01276,0.01875,0.68064,Foam Roller,Trail Mix 1kg,Sports & Fitness,Gourmet Grocery
P084,P055,44,0.00047,0.02532,0.0372,0.68064,Trail Mix 1kg,Foam Roller,Gourmet Grocery,Sports & Fitness
P072,P052,91,0.00098,0.0278,0.04085,0.68056,Building Blocks 500pc,Adjustable Dumbbells,Toys & Games,Sports & Fitness
P052,P072,91,0.00098,0.02404,0.03532,0.68056,Adjustable Dumbbells,Building Blocks 500pc,Sports & Fitness,Toys & Games
P012,P038,30,0.00032,0.00732,0.01076,0.6803,Gaming Mouse,Camp Lantern,Electronics,Outdoor & Camping
P038,P012,30,0.00032,0.03009,0.04423,0.6803,Camp Lantern,Gaming Mouse,Outdoor & Camping,Electronics
P058,P001,32,0.00035,0.03042,0.04473,0.68008,Kettlebell 12kg,Wireless Earbuds,Sports & Fitness,Electronics
P001,P058,32,0.00035,0.00772,0.01135,0.68008,Wireless Earbuds,Kettlebell 12kg,Electronics,Sports & Fitness
P068,P001,90,0.00097,0.03042,0.04473,0.68003,Bamboo Toothbrush 4-Pack,Wireless Earbuds,Beauty & Care,Electronics
P001,P068,90,0.00097,0.02171,0.03193,0.68003,Wireless Earbuds,Bamboo Toothbrush 4-Pack,Electronics,Beauty & Care
P055,P026,69,0.00074,0.02002,0.02945,0.67976,Foam Roller,Scented Candle,Sports & Fitness,Home & Kitchen
P026,P055,69,0.00074,0.02528,0.0372,0.67976,Scented Candle,Foam Roller,Home & Kitchen,Sports & Fitness
P085,P044,32,0.00035,0.02441,0.03592,0.6795,Loose Leaf Tea,Wool Socks 3-Pack,Gourmet Grocery,Apparel
P044,P085,32,0.00035,0.00961,0.01415,0.6795,Wool Socks 3-Pack,Loose Leaf Tea,Apparel,Gourmet Grocery
P047,P029,30,0.00032,0.00721,0.01062,0.67935,Chino Pants,Camping Stove,Apparel,Outdoor & Camping
P029,P047,30,0.00032,0.03049,0.04488,0.67935,Camping Stove,Chino Pants,Outdoor & Camping,Apparel
P072,P032,25,0.00027,0.00764,0.01124,0.67933,Building Blocks 500pc,Water Filter,Toys & Games,Outdoor & Camping
P032,P072,25,0.00027,0.02399,0.03532,0.67933,Water Filter,Building Blocks 500pc,Outdoor & Camping,Toys & Games
P044,P012,100,0.00108,0.03004,0.04423,0.67914,Wool Socks 3-Pack,Gaming Mouse,Apparel,Electronics
P012,P044,100,0.00108,0.0244,0.03592,0.67914,Gaming Mouse,Wool Socks 3-Pack,Electronics,Apparel
P030,P009,60,0.00065,0.02215,0.03262,0.67898,Headlamp,Smart Plug 2-Pack,Outdoor & Camping,Electronics
P009,P030,60,0.00065,0.01985,0.02923,0.67898,Smart Plug 2-Pack,Headlamp,Electronics,Outdoor & Camping
P023,P047,111,0.0012,0.03047,0.04488,0.67893,Glass Storage Set,Chino Pants,Home & Kitchen,Apparel
P047,P023,111,0.0012,0.02669,0.03931,0.67893,Chino Pants,Glass Storage Set,Apparel,Home & Kitchen
P050,P009,88,0.00095,0.02214,0.03262,0.67884,Leather Belt,Smart Plug 2-Pack,Apparel,Electronics
P009,P050,88,0.00095,0.02911,0.04288,0.67884,Smart Plug 2-Pack,Leather Belt,Electronics,Apparel
P022,P056,50,0.00054,0.01162,0.01712,0.6787,Linen Towel Set,Jump Rope,Home & Kitchen,Sports & Fitness
P056,P022,50,0.00054,0.03151,0.04642,0.6787,Jump Rope,Linen Towel Set,Sports & Fitness,Home & Kitchen
P037,P006,31,0.00033,0.01079,0.01589,0.67862,Sleeping Pad,Power Bank 20K,Outdoor & Camping,Electronics
P006,P037,31,0.00033,0.02105,0.03101,0.67862,Power Bank 20K,Sleeping Pad,Electronics,Outdoor & Camping
P086,P001,44,0.00047,0.03034,0.04473,0.67844,Raw Honey,Wireless Earbuds,Gourmet Grocery,Electronics
P001,P086,44,0.00047,0.01062,0.01565,0.67844,Wireless Earbuds,Raw Honey,Electronics,Gourmet Grocery
P089,P046,48,0.00052,0.0263,0.03878,0.67819,Dried Mango,Organic Cotton Tee,Gourmet Grocery,Apparel
P046,P089,48,0.00052,0.01336,0.01969,0.67819,Organic Cotton Tee,Dried Mango,Apparel,Gourmet Grocery
P064,P022,52,0.00056,0.03148,0.04642,0.67807,Mineral Sunscreen,Linen Towel Set,Beauty & Care,Home & Kitchen
P022,P064,52,0.00056,0.01209,0.01783,0.67807,Linen Towel Set,Mineral Sunscreen,Home & Kitchen,Beauty & Care
P078,P067,29,0.00031,0.01489,0.02196,0.67795,Card Game,Lip Balm 4-Pack,Toys & Games,Beauty & Care
P067,P078,29,0.00031,0.01425,0.02102,0.67795,Lip Balm 4-Pack,Card Game,Beauty & Care,Toys & Games
P044,P014,63,0.00068,0.01892,0.02792,0.67793,Wool Socks 3-Pack,Chef Knife Set,Apparel,Home & Kitchen
P014,P044,63,0.00068,0.02435,0.03592,0.67793,Chef Knife Set,Wool Socks 3-Pack,Home & Kitchen,Apparel
P013,P083,103,0.00111,0.04381,0.06463,0.67793,Tablet Sleeve,Extra Virgin Olive Oil,Electronics,Gourmet Grocery
P083,P013,103,0.00111,0.0172,0.02537,0.67793,Extra Virgin Olive Oil,Tablet Sleeve,Gourmet Grocery,Electronics
P016,P072,60,0.00065,0.02394,0.03532,0.67792,Burr Coffee Grinder,Building Blocks 500pc,Home & Kitchen,Toys & Games
P072,P016,60,0.00065,0.01833,0.02704,0.67792,Building Blocks 500pc,Burr Coffee Grinder,Toys & Games,Home & Kitchen
P067,P009,45,0.00049,0.02211,0.03262,0.6779,Lip Balm 4-Pack,Smart Plug 2-Pack,Beauty & Care,Electronics
P009,P067,45,0.00049,0.01489,0.02196,0.6779,Smart Plug 2-Pack,Lip Balm 4-Pack,Electronics,Beauty & Care
P040,P033,55,0.00059,0.01861,0.02745,0.67779,Fleece Pullover,Camp Chair,Apparel,Outdoor & Camping
P033,P040,55,0.00059,0.02162,0.0319,0.67779,Camp Chair,Fleece Pullover,Outdoor & Camping,Apparel
P037,P041,57,0.00062,0.01983,0.02927,0.67747,Sleeping Pad,Merino Base Layer,Outdoor & Camping,Apparel
P041,P037,57,0.00062,0.02101,0.03101,0.67747,Merino Base Layer,Sleeping Pad,Apparel,Outdoor & Camping
P085,P041,26,0.00028,0.01983,0.02927,0.67745,Loose Leaf Tea,Merino Base Layer,Gourmet Grocery,Apparel
P041,P085,26,0.00028,0.00958,0.01415,0.67745,Merino Base Layer,Loose Leaf Tea,Apparel,Gourmet Grocery
P011,P014,25,0.00027,0.01891,0.02792,0.67743,E-Reader,Chef Knife Set,Electronics,Home & Kitchen
P014,P011,25,0.00027,0.00966,0.01427,0.67743,Chef Knife Set,E-Reader,Home & Kitchen,Electronics
P069,P083,57,0.00062,0.04378,0.06463,0.67743,Body Wash,Extra Virgin Olive Oil,Beauty & Care,Gourmet Grocery
P083,P069,57,0.00062,0.00952,0.01405,0.67743,Extra Virgin Olive Oil,Body Wash,Gourmet Grocery,Beauty & Care
P017,P048,75,0.00081,0.02515,0.03713,0.67736,French Press,Down Vest,Home & Kitchen,Apparel
P048,P017,75,0.00081,0.0218,0.03218,0.67736,Down Vest,French Press,Apparel,Home & Kitchen
P047,P088,29,0.00031,0.00697,0.01029,0.67735,Chino Pants,Gourmet Gift Basket,Apparel,Gourmet Grocery
P088,P047,29,0.00031,0.0304,0.04488,0.67735,Gourmet Gift Basket,Chino Pants,Gourmet Grocery,Apparel
P014,P059,79,0.00085,0.03054,0.04509,0.67719,Chef Knife Set,Gym Bag,Home & Kitchen,Sports & Fitness
P059,P014,79,0.00085,0.0189,0.02792,0.67719,Gym Bag,Chef Knife Set,Sports & Fitness,Home & Kitchen
P052,P069,36,0.00039,0.00951,0.01405,0.67681,Adjustable Dumbbells,Body Wash,Sports & Fitness,Beauty & Care
P069,P052,36,0.00039,0.02765,0.04085,0.67681,Body Wash,Adjustable Dumbbells,Beauty & Care,Sports & Fitness
P075,P043,26,0.00028,0.01422,0.02102,0.67665,RC Car,Trail Running Shoes,Toys & Games,Apparel
P043,P075,26,0.00028,0.01335,0.01973,0.67665,Trail Running Shoes,RC Car,Apparel,Toys & Games
P023,P066,47,0.00051,0.0129,0.01907,0.67664,Glass Storage Set,Beard Oil,Home & Kitchen,Beauty & Care
P066,P023,47,0.00051,0.0266,0.03931,0.67664,Beard Oil,Glass Storage Set,Beauty & Care,Home & Kitchen
P013,P034,55,0.00059,0.02339,0.03458,0.67645,Tablet Sleeve,Trekking Poles,Electronics,Outdoor & Camping
P034,P013,55,0.00059,0.01716,0.02537,0.67645,Trekking Poles,Tablet Sleeve,Outdoor & Camping,Electronics
P084,P012,52,0.00056,0.02992,0.04423,0.67644,Trail Mix 1kg,Gaming Mouse,Gourmet Grocery,Electronics
P012,P084,52,0.00056,0.01269,0.01875,0.67644,Gaming Mouse,Trail Mix 1kg,Electronics,Gourmet Grocery
P081,P064,37,0.0004,0.01206,0.01783,0.67631,Single-Origin Coffee Beans,Mineral Sunscreen,Gourmet Grocery,Beauty & Care
P064,P081,37,0.0004,0.0224,0.03312,0.67631,Mineral Sunscreen,Single-Origin Coffee Beans,Beauty & Care,Gourmet Grocery
P074,P048,45,0.00049,0.02511,0.03713,0.67631,Jigsaw Puzzle 1000pc,Down Vest,Toys & Games,Apparel
P048,P074,45,0.00049,0.01308,0.01934,0.67631,Down Vest,Jigsaw Puzzle 1000pc,Apparel,Toys & Games
P029,P083,43,0.00046,0.0437,0.06463,0.6762,Camping Stove,Extra Virgin Olive Oil,Outdoor & Camping,Gourmet Grocery
P083,P029,43,0.00046,0.00718,0.01062,0.6762,Extra Virgin Olive Oil,Camping Stove,Gourmet Grocery,Outdoor & Camping
P068,P043,42,0.00045,0.01419,0.02102,0.67526,Bamboo Toothbrush 4-Pack,Trail Running Shoes,Beauty & Care,Apparel
P043,P068,42,0.00045,0.02156,0.03193,0.67526,Trail Running Shoes,Bamboo Toothbrush 4-Pack,Apparel,Beauty & Care
P009,P028,63,0.00068,0.02084,0.03087,0.67505,Smart Plug 2-Pack,Sleeping Bag,Electronics,Outdoor & Camping
P028,P009,63,0.00068,0.02202,0.03262,0.67505,Sleeping Bag,Smart Plug 2-Pack,Outdoor & Camping,Electronics
P012,P052,113,0.00122,0.02757,0.04085,0.6748,Gaming Mouse,Adjustable Dumbbells,Electronics,Sports & Fitness
P052,P012,113,0.00122,0.02985,0.04423,0.6748,Adjustable Dumbbells,Gaming Mouse,Sports & Fitness,Electronics
P072,P048,82,0.00088,0.02505,0.03713,0.67474,Building Blocks 500pc,Down Vest,Toys & Games,Apparel
P048,P072,82,0.00088,0.02383,0.03532,0.67474,Down Vest,Building Blocks 500pc,Apparel,Toys & Games
P062,P026,100,0.00108,0.01987,0.02945,0.67472,Vitamin C Serum,Scented Candle,Beauty & Care,Home & Kitchen
P026,P062,100,0.00108,0.03664,0.05431,0.67472,Scented Candle,Vitamin C Serum,Home & Kitchen,Beauty & Care
P004,P086,53,0.00057,0.01055,0.01565,0.6745,Phone Case,Raw Honey,Electronics,Gourmet Grocery
P086,P004,53,0.00057,0.03655,0.05419,0.6745,Raw Honey,Phone Case,Gourmet Grocery,Electronics
P013,P072,56,0.0006,0.02382,0.03532,0.67444,Tablet Sleeve,Building Blocks 500pc,Electronics,Toys & Games
P072,P013,56,0.0006,0.01711,0.02537,0.67444,Building Blocks 500pc,Tablet Sleeve,Toys & Games,Electronics
P033,P047,77,0.00083,0.03027,0.04488,0.67443,Camp Chair,Chino Pants,Outdoor & Camping,Apparel
P047,P033,77,0.00083,0.01851,0.02745,0.67443,Chino Pants,Camp Chair,Apparel,Outdoor & Camping
P027,P081,63,0.00068,0.02232,0.03312,0.67389,2-Person Tent,Single-Origin Coffee Beans,Outdoor & Camping,Gourmet Grocery
P081,P027,63,0.00068,0.02053,0.03046,0.67389,Single-Origin Coffee Beans,2-Person Tent,Gourmet Grocery,Outdoor & Camping
P076,P040,101,0.00109,0.02149,0.0319,0.67371,Plush Bear,Fleece Pullover,Toys & Games,Apparel
P040,P076,101,0.00109,0.03417,0.05072,0.67371,Fleece Pullover,Plush Bear,Apparel,Toys & Games
P015,P012,55,0.00059,0.02979,0.04423,0.67361,Cast Iron Skillet,Gaming Mouse,Home & Kitchen,Electronics
P012,P015,55,0.00059,0.01342,0.01992,0.67361,Gaming Mouse,Cast Iron Skillet,Electronics,Home & Kitchen
P005,P072,74,0.0008,0.02379,0.03532,0.6735,USB-C Fast Charger,Building Blocks 500pc,Electronics,Toys & Games
P072,P005,74,0.0008,0.02261,0.03357,0.6735,Building Blocks 500pc,USB-C Fast Charger,Toys & Games,Electronics
P081,P072,73,0.00079,0.02379,0.03532,0.67349,Single-Origin Coffee Beans,Building Blocks 500pc,Gourmet Grocery,Toys & Games
P072,P081,73,0.00079,0.0223,0.03312,0.67349,Building Blocks 500pc,Single-Origin Coffee Beans,Toys & Games,Gourmet Grocery
P067,P039,42,0.00045,0.02064,0.03065,0.67347,Lip Balm 4-Pack,Rain Jacket,Beauty & Care,Apparel
P039,P067,42,0.00045,0.01479,0.02196,0.67347,Rain Jacket,Lip Balm 4-Pack,Apparel,Beauty & Care
P076,P012,140,0.00151,0.02979,0.04423,0.67345,Plush Bear,Gaming Mouse,Toys & Games,Electronics
P012,P076,140,0.00151,0.03415,0.05072,0.67345,Gaming Mouse,Plush Bear,Electronics,Toys & Games
P008,P030,53,0.00057,0.01968,0.02923,0.67326,Noise-Cancelling Headphones,Headlamp,Electronics,Outdoor & Camping
P030,P008,53,0.00057,0.01956,0.02906,0.67326,Headlamp,Noise-Cancelling Headphones,Outdoor & Camping,Electronics
P021,P047,66,0.00071,0.03021,0.04488,0.67306,Air Fryer,Chino Pants,Home & Kitchen,Apparel
P047,P021,66,0.00071,0.01587,0.02358,0.67306,Chino Pants,Air Fryer,Apparel,Home & Kitchen
P004,P032,38,0.00041,0.00757,0.01124,0.67296,Phone Case,Water Filter,Electronics,Outdoor & Camping
P032,P004,38,0.00041,0.03647,0.05419,0.67296,Water Filter,Phone Case,Outdoor & Camping,Electronics
P015,P076,63,0.00068,0.03413,0.05072,0.67292,Cast Iron Skillet,Plush Bear,Home & Kitchen,Toys & Games
P076,P015,63,0.00068,0.0134,0.01992,0.67292,Plush Bear,Cast Iron Skillet,Toys & Games,Home & Kitchen
P005,P078,44,0.00047,0.01414,0.02102,0.67285,USB-C Fast Charger,Card Game,Electronics,Toys & Games
P078,P005,44,0.00047,0.02259,0.03357,0.67285,Card Game,USB-C Fast Charger,Toys & Games,Electronics
P060,P014,33,0.00036,0.01878,0.02792,0.67282,Protein Shaker,Chef Knife Set,Sports & Fitness,Home & Kitchen
P014,P060,33,0.00036,0.01276,0.01896,0.67282,Chef Knife Set,Protein Shaker,Home & Kitchen,Sports & Fitness
P013,P053,27,0.00029,0.01148,0.01707,0.67276,Tablet Sleeve,Resistance Bands,Electronics,Sports & Fitness
P053,P013,27,0.00029,0.01707,0.02537,0.67276,Resistance Bands,Tablet Sleeve,Sports & Fitness,Electronics
P075,P067,27,0.00029,0.01477,0.02196,0.67263,RC Car,Lip Balm 4-Pack,Toys & Games,Beauty & Care
P067,P075,27,0.00029,0.01327,0.01973,0.67263,Lip Balm 4-Pack,RC Car,Beauty & Care,Toys & Games
P049,P078,30,0.00032,0.01414,0.02102,0.67257,Sun Hat,Card Game,Apparel,Toys & Games
P078,P049,30,0.00032,0.0154,0.0229,0.67257,Card Game,Sun Hat,Toys & Games,Apparel
P004,P060,64,0.00069,0.01274,0.01896,0.67218,Phone Case,Protein Shaker,Electronics,Sports & Fitness
P060,P004,64,0.00069,0.03643,0.05419,0.67218,Protein Shaker,Phone Case,Sports & Fitness,Electronics
P063,P059,28,0.0003,0.0303,0.04509,0.672,Daily Moisturizer,Gym Bag,Beauty & Care,Sports & Fitness
P059,P063,28,0.0003,0.0067,0.00997,0.672,Gym Bag,Daily Moisturizer,Sports & Fitness,Beauty & Care
P055,P048,86,0.00093,0.02495,0.03713,0.67193,Foam Roller,Down Vest,Sports & Fitness,Apparel
P048,P055,86,0.00093,0.02499,0.0372,0.67193,Down Vest,Foam Roller,Apparel,Sports & Fitness
P033,P017,55,0.00059,0.02162,0.03218,0.67188,Camp Chair,French Press,Outdoor & Camping,Home & Kitchen
P017,P033,55,0.00059,0.01844,0.02745,0.67188,French Press,Camp Chair,Home & Kitchen,Outdoor & Camping
P009,P076,103,0.00111,0.03407,0.05072,0.67182,Smart Plug 2-Pack,Plush Bear,Electronics,Toys & Games
P076,P009,103,0.00111,0.02191,0.03262,0.67182,Plush Bear,Smart Plug 2-Pack,Toys & Games,Electronics
P023,P039,75,0.00081,0.02059,0.03065,0.6718,Glass Storage Set,Rain Jacket,Home & Kitchen,Apparel
P039,P023,75,0.00081,0.02641,0.03931,0.6718,Rain Jacket,Glass Storage Set,Apparel,Home & Kitchen
P049,P028,44,0.00047,0.02074,0.03087,0.67165,Sun Hat,Sleeping Bag,Apparel,Outdoor & Camping
P028,P049,44,0.00047,0.01538,0.0229,0.67165,Sleeping Bag,Sun Hat,Outdoor & Camping,Apparel
P039,P064,34,0.00037,0.01197,0.01783,0.67159,Rain Jacket,Mineral Sunscreen,Apparel,Beauty & Care
P064,P039,34,0.00037,0.02058,0.03065,0.67159,Mineral Sunscreen,Rain Jacket,Beauty & Care,Apparel
P062,P032,38,0.00041,0.00755,0.01124,0.67149,Vitamin C Serum,Water Filter,Beauty & Care,Outdoor & Camping
P032,P062,38,0.00041,0.03647,0.05431,0.67149,Water Filter,Vitamin C Serum,Outdoor & Camping,Beauty & Care
P030,P050,78,0.00084,0.02879,0.04288,0.67145,Headlamp,Leather Belt,Outdoor & Camping,Apparel
P050,P030,78,0.00084,0.01963,0.02923,0.67145,Leather Belt,Headlamp,Apparel,Outdoor & Camping
P072,P083,142,0.00153,0.04339,0.06463,0.67134,Building Blocks 500pc,Extra Virgin Olive Oil,Toys & Games,Gourmet Grocery
P083,P072,142,0.00153,0.02371,0.03532,0.67134,Extra Virgin Olive Oil,Building Blocks 500pc,Gourmet Grocery,Toys & Games
P015,P048,46,0.0005,0.02492,0.03713,0.67111,Cast Iron Skillet,Down Vest,Home & Kitchen,Apparel
P048,P015,46,0.0005,0.01337,0.01992,0.67111,Down Vest,Cast Iron Skillet,Apparel,Home & Kitchen
P026,P048,68,0.00073,0.02492,0.03713,0.67108,Scented Candle,Down Vest,Home & Kitchen,Apparel
P048,P026,68,0.00073,0.01976,0.02945,0.67108,Down Vest,Scented Candle,Apparel,Home & Kitchen
P004,P044,121,0.00131,0.02409,0.03592,0.67073,Phone Case,Wool Socks 3-Pack,Electronics,Apparel
P044,P004,121,0.00131,0.03635,0.05419,0.67073,Wool Socks 3-Pack,Phone Case,Apparel,Electronics
P024,P059,47,0.00051,0.03024,0.04509,0.6707,Electric Kettle,Gym Bag,Home & Kitchen,Sports & Fitness
P059,P024,47,0.00051,0.01125,0.01677,0.6707,Gym Bag,Electric Kettle,Sports & Fitness,Home & Kitchen
P052,P089,50,0.00054,0.01321,0.01969,0.67063,Adjustable Dumbbells,Dried Mango,Sports & Fitness,Gourmet Grocery
P089,P052,50,0.00054,0.0274,0.04085,0.67063,Dried Mango,Adjustable Dumbbells,Gourmet Grocery,Sports & Fitness
P001,P066,53,0.00057,0.01279,0.01907,0.67061,Wireless Earbuds,Beard Oil,Electronics,Beauty & Care
P066,P001,53,0.00057,0.02999,0.04473,0.67061,Beard Oil,Wireless Earbuds,Beauty & Care,Electronics
P086,P012,43,0.00046,0.02966,0.04423,0.67046,Raw Honey,Gaming Mouse,Gourmet Grocery,Electronics
P012,P086,43,0.00046,0.01049,0.01565,0.67046,Gaming Mouse,Raw Honey,Electronics,Gourmet Grocery
P087,P055,33,0.00036,0.02492,0.0372,0.6701,Hot Sauce Trio,Foam Roller,Gourmet Grocery,Sports & Fitness
P055,P087,33,0.00036,0.00957,0.01429,0.6701,Foam Roller,Hot Sauce Trio,Sports & Fitness,Gourmet Grocery
P017,P043,42,0.00045,0.01408,0.02102,0.67005,French Press,Trail Running Shoes,Home & Kitchen,Apparel
P043,P017,42,0.00045,0.02156,0.03218,0.67005,Trail Running Shoes,French Press,Apparel,Home & Kitchen
P014,P083,112,0.00121,0.04329,0.06463,0.66992,Chef Knife Set,Extra Virgin Olive Oil,Home & Kitchen,Gourmet Grocery
P083,P014,112,0.00121,0.0187,0.02792,0.66992,Extra Virgin Olive Oil,Chef Knife Set,Gourmet Grocery,Home & Kitchen
P004,P049,77,0.00083,0.01533,0.0229,0.66961,Phone Case,Sun Hat,Electronics,Apparel
P049,P004,77,0.00083,0.03629,0.05419,0.66961,Sun Hat,Phone Case,Apparel,Electronics
P050,P087,38,0.00041,0.00956,0.01429,0.6693,Leather Belt,Hot Sauce Trio,Apparel,Gourmet Grocery
P087,P050,38,0.00041,0.0287,0.04288,0.6693,Hot Sauce Trio,Leather Belt,Gourmet Grocery,Apparel
P089,P068,39,0.00042,0.02137,0.03193,0.66928,Dried Mango,Bamboo Toothbrush 4-Pack,Gourmet Grocery,Beauty & Care
P068,P089,39,0.00042,0.01318,0.01969,0.66928,Bamboo Toothbrush 4-Pack,Dried Mango,Beauty & Care,Gourmet Grocery
P057,P023,39,0.00042,0.0263,0.03931,0.66899,Fitness Tracker,Glass Storage Set,Sports & Fitness,Home & Kitchen
P023,P057,39,0.00042,0.01071,0.016,0.66899,Glass Storage Set,Fitness Tracker,Home & Kitchen,Sports & Fitness
P075,P049,28,0.0003,0.01532,0.0229,0.66894,RC Car,Sun Hat,Toys & Games,Apparel
P049,P075,28,0.0003,0.0132,0.01973,0.66894,Sun Hat,RC Car,Apparel,Toys & Games
P084,P004,63,0.00068,0.03625,0.05419,0.66891,Trail Mix 1kg,Phone Case,Gourmet Grocery,Electronics
P004,P084,63,0.00068,0.01254,0.01875,0.66891,Phone Case,Trail Mix 1kg,Electronics,Gourmet Grocery
P016,P033,46,0.0005,0.01836,0.02745,0.66867,Burr Coffee Grinder,Camp Chair,Home & Kitchen,Outdoor & Camping
P033,P016,46,0.0005,0.01808,0.02704,0.66867,Camp Chair,Burr Coffee Grinder,Outdoor & Camping,Home & Kitchen
P041,P076,92,0.00099,0.03391,0.05072,0.66864,Merino Base Layer,Plush Bear,Apparel,Toys & Games
P076,P041,92,0.00099,0.01957,0.02927,0.66864,Plush Bear,Merino Base Layer,Toys & Games,Apparel
P028,P067,42,0.00045,0.01468,0.02196,0.66853,Sleeping Bag,Lip Balm 4-Pack,Outdoor & Camping,Beauty & Care
P067,P028,42,0.00045,0.02064,0.03087,0.66853,Lip Balm 4-Pack,Sleeping Bag,Beauty & Care,Outdoor & Camping
P042,P062,151,0.00163,0.03631,0.05431,0.66852,Hiking Boots,Vitamin C Serum,Apparel,Beauty & Care
P062,P042,151,0.00163,0.03,0.04488,0.66852,Vitamin C Serum,Hiking Boots,Beauty & Care,Apparel
P073,P068,28,0.0003,0.02134,0.03193,0.66839,Strategy Board Game,Bamboo Toothbrush 4-Pack,Toys & Games,Beauty & Care
P068,P073,28,0.0003,0.00946,0.01416,0.66839,Bamboo Toothbrush 4-Pack,Strategy Board Game,Beauty & Care,Toys & Games
P069,P017,28,0.0003,0.02151,0.03218,0.66833,Body Wash,French Press,Beauty & Care,Home & Kitchen
P017,P069,28,0.0003,0.00939,0.01405,0.66833,French Press,Body Wash,Home & Kitchen,Beauty & Care
P075,P068,39,0.00042,0.02133,0.03193,0.66818,RC Car,Bamboo Toothbrush 4-Pack,Toys & Games,Beauty & Care
P068,P075,39,0.00042,0.01318,0.01973,0.66818,Bamboo Toothbrush 4-Pack,RC Car,Beauty & Care,Toys & Games
P054,P001,51,0.00055,0.02988,0.04473,0.66798,Insulated Water Bottle,Wireless Earbuds,Sports & Fitness,Electronics
P001,P054,51,0.00055,0.0123,0.01842,0.66798,Wireless Earbuds,Insulated Water Bottle,Electronics,Sports & Fitness
P032,P044,25,0.00027,0.02399,0.03592,0.6679,Water Filter,Wool Socks 3-Pack,Outdoor & Camping,Apparel
P044,P032,25,0.00027,0.00751,0.01124,0.6679,Wool Socks 3-Pack,Water Filter,Apparel,Outdoor & Camping
P081,P067,45,0.00049,0.01466,0.02196,0.66774,Single-Origin Coffee Beans,Lip Balm 4-Pack,Gourmet Grocery,Beauty & Care
P067,P081,45,0.00049,0.02211,0.03312,0.66774,Lip Balm 4-Pack,Single-Origin Coffee Beans,Beauty & Care,Gourmet Grocery
P033,P006,27,0.00029,0.01061,0.01589,0.66772,Camp Chair,Power Bank 20K,Outdoor & Camping,Electronics
P006,P033,27,0.00029,0.01833,0.02745,0.66772,Power Bank 20K,Camp Chair,Electronics,Outdoor & Camping
P030,P012,80,0.00086,0.02953,0.04423,0.66766,Headlamp,Gaming Mouse,Outdoor & Camping,Electronics
P012,P030,80,0.00086,0.01952,0.02923,0.66766,Gaming Mouse,Headlamp,Electronics,Outdoor & Camping
P025,P003,32,0.00035,0.01668,0.02498,0.66754,Dinnerware 16pc,Smartwatch,Home & Kitchen,Electronics
P003,P025,32,0.00035,0.01382,0.02071,0.66754,Smartwatch,Dinnerware 16pc,Electronics,Home & Kitchen
P039,P017,61,0.00066,0.02148,0.03218,0.66751,Rain Jacket,French Press,Apparel,Home & Kitchen
P017,P039,61,0.00066,0.02046,0.03065,0.66751,French Press,Rain Jacket,Home & Kitchen,Apparel
P086,P055,36,0.00039,0.02483,0.0372,0.66749,Raw Honey,Foam Roller,Gourmet Grocery,Sports & Fitness
P055,P086,36,0.00039,0.01044,0.01565,0.66749,Foam Roller,Raw Honey,Sports & Fitness,Gourmet Grocery
P033,P026,50,0.00054,0.01965,0.02945,0.66743,Camp Chair,Scented Candle,Outdoor & Camping,Home & Kitchen
P026,P033,50,0.00054,0.01832,0.02745,0.66743,Scented Candle,Camp Chair,Home & Kitchen,Outdoor & Camping
P020,P064,34,0.00037,0.0119,0.01783,0.66736,Stand Mixer,Mineral Sunscreen,Home & Kitchen,Beauty & Care
P064,P020,34,0.00037,0.02058,0.03084,0.66736,Mineral Sunscreen,Stand Mixer,Beauty & Care,Home & Kitchen
P017,P001,89,0.00096,0.02985,0.04473,0.66728,French Press,Wireless Earbuds,Home & Kitchen,Electronics
P001,P017,89,0.00096,0.02147,0.03218,0.66728,Wireless Earbuds,French Press,Electronics,Home & Kitchen
P055,P017,74,0.0008,0.02147,0.03218,0.66717,Foam Roller,French Press,Sports & Fitness,Home & Kitchen
P017,P055,74,0.0008,0.02482,0.0372,0.66717,French Press,Foam Roller,Home & Kitchen,Sports & Fitness
P022,P087,41,0.00044,0.00953,0.01429,0.66708,Linen Towel Set,Hot Sauce Trio,Home & Kitchen,Gourmet Grocery
P087,P022,41,0.00044,0.03097,0.04642,0.66708,Hot Sauce Trio,Linen Towel Set,Gourmet Grocery,Home & Kitchen
P073,P028,27,0.00029,0.02058,0.03087,0.6666,Strategy Board Game,Sleeping Bag,Toys & Games,Outdoor & Camping
P028,P073,27,0.00029,0.00944,0.01416,0.6666,Sleeping Bag,Strategy Board Game,Outdoor & Camping,Toys & Games
P081,P078,43,0.00046,0.01401,0.02102,0.66655,Single-Origin Coffee Beans,Card Game,Gourmet Grocery,Toys & Games
P078,P081,43,0.00046,0.02207,0.03312,0.66655,Card Game,Single-Origin Coffee Beans,Toys & Games,Gourmet Grocery
P003,P027,47,0.00051,0.0203,0.03046,0.66648,Smartwatch,2-Person Tent,Electronics,Outdoor & Camping
P027,P003,47,0.00051,0.01665,0.02498,0.66648,2-Person Tent,Smartwatch,Outdoor & Camping,Electronics
P040,P027,60,0.00065,0.0203,0.03046,0.66633,Fleece Pullover,2-Person Tent,Apparel,Outdoor & Camping
P027,P040,60,0.00065,0.02125,0.0319,0.66633,2-Person Tent,Fleece Pullover,Outdoor & Camping,Apparel
P012,P018,42,0.00045,0.01025,0.01539,0.66589,Gaming Mouse,Non-Stick Pan Set,Electronics,Home & Kitchen
P018,P012,42,0.00045,0.02945,0.04423,0.66589,Non-Stick Pan Set,Gaming Mouse,Home & Kitchen,Electronics
P024,P040,33,0.00036,0.02124,0.0319,0.66575,Electric Kettle,Fleece Pullover,Home & Kitchen,Apparel
P040,P024,33,0.00036,0.01116,0.01677,0.66575,Fleece Pullover,Electric Kettle,Apparel,Home & Kitchen
P012,P059,123,0.00133,0.03001,0.04509,0.66544,Gaming Mouse,Gym Bag,Electronics,Sports & Fitness
P059,P012,123,0.00133,0.02943,0.04423,0.66544,Gym Bag,Gaming Mouse,Sports & Fitness,Electronics
P019,P055,34,0.00037,0.02475,0.0372,0.66528,Cutting Board,Foam Roller,Home & Kitchen,Sports & Fitness
P055,P019,34,0.00037,0.00986,0.01483,0.66528,Foam Roller,Cutting Board,Sports & Fitness,Home & Kitchen
P021,P001,65,0.0007,0.02975,0.04473,0.66511,Air Fryer,Wireless Earbuds,Home & Kitchen,Electronics
P085,P001,39,0.00042,0.02975,0.04473,0.66511,Loose Leaf Tea,Wireless Earbuds,Gourmet Grocery,Electronics
P001,P085,39,0.00042,0.00941,0.01415,0.66511,Wireless Earbuds,Loose Leaf Tea,Electronics,Gourmet Grocery
P001,P021,65,0.0007,0.01568,0.02358,0.66511,Wireless Earbuds,Air Fryer,Electronics,Home & Kitchen
P050,P006,42,0.00045,0.01057,0.01589,0.66492,Leather Belt,Power Bank 20K,Apparel,Electronics
P006,P050,42,0.00045,0.02851,0.04288,0.66492,Power Bank 20K,Leather Belt,Electronics,Apparel
P054,P020,35,0.00038,0.0205,0.03084,0.66485,Insulated Water Bottle,Stand Mixer,Sports & Fitness,Home & Kitchen
P020,P054,35,0.00038,0.01225,0.01842,0.66485,Stand Mixer,Insulated Water Bottle,Home & Kitchen,Sports & Fitness
P036,P083,66,0.00071,0.04294,0.06463,0.66446,Insect Repellent,Extra Virgin Olive Oil,Outdoor & Camping,Gourmet Grocery
P083,P036,66,0.00071,0.01102,0.01659,0.66446,Extra Virgin Olive Oil,Insect Repellent,Gourmet Grocery,Outdoor & Camping
P013,P026,46,0.0005,0.01957,0.02945,0.66444,Tablet Sleeve,Scented Candle,Electronics,Home & Kitchen
P026,P013,46,0.0005,0.01686,0.02537,0.66444,Scented Candle,Tablet Sleeve,Home & Kitchen,Electronics
P014,P012,76,0.00082,0.02938,0.04423,0.66419,Chef Knife Set,Gaming Mouse,Home & Kitchen,Electronics
P012,P014,76,0.00082,0.01854,0.02792,0.66419,Gaming Mouse,Chef Knife Set,Electronics,Home & Kitchen
P070,P041,25,0.00027,0.01944,0.02927,0.66405,Face Mask Set,Merino Base Layer,Beauty & Care,Apparel
P041,P070,25,0.00027,0.00921,0.01388,0.66405,Merino Base Layer,Face Mask Set,Apparel,Beauty & Care
P081,P040,65,0.0007,0.02118,0.0319,0.664,Single-Origin Coffee Beans,Fleece Pullover,Gourmet Grocery,Apparel
P040,P081,65,0.0007,0.02199,0.03312,0.664,Fleece Pullover,Single-Origin Coffee Beans,Apparel,Gourmet Grocery
P055,P041,67,0.00072,0.01944,0.02927,0.66395,Foam Roller,Merino Base Layer,Sports & Fitness,Apparel
P041,P055,67,0.00072,0.0247,0.0372,0.66395,Merino Base Layer,Foam Roller,Apparel,Sports & Fitness
P046,P081,79,0.00085,0.02198,0.03312,0.66375,Organic Cotton Tee,Single-Origin Coffee Beans,Apparel,Gourmet Grocery
P081,P046,79,0.00085,0.02574,0.03878,0.66375,Single-Origin Coffee Beans,Organic Cotton Tee,Gourmet Grocery,Apparel
P074,P050,51,0.00055,0.02846,0.04288,0.66368,Jigsaw Puzzle 1000pc,Leather Belt,Toys & Games,Apparel
P050,P074,51,0.00055,0.01283,0.01934,0.66368,Leather Belt,Jigsaw Puzzle 1000pc,Apparel,Toys & Games
P039,P018,29,0.00031,0.01021,0.01539,0.66361,Rain Jacket,Non-Stick Pan Set,Apparel,Home & Kitchen
P018,P039,29,0.00031,0.02034,0.03065,0.66361,Non-Stick Pan Set,Rain Jacket,Home & Kitchen,Apparel
P008,P040,57,0.00062,0.02117,0.0319,0.66357,Noise-Cancelling Headphones,Fleece Pullover,Electronics,Apparel
P040,P008,57,0.00062,0.01928,0.02906,0.66357,Fleece Pullover,Noise-Cancelling Headphones,Apparel,Electronics
P078,P022,60,0.00065,0.0308,0.04642,0.66351,Card Game,Linen Towel Set,Toys & Games,Home & Kitchen
P022,P078,60,0.00065,0.01395,0.02102,0.66351,Linen Towel Set,Card Game,Home & Kitchen,Toys & Games
P033,P060,32,0.00035,0.01258,0.01896,0.66346,Camp Chair,Protein Shaker,Outdoor & Camping,Sports & Fitness
P060,P033,32,0.00035,0.01821,0.02745,0.66346,Protein Shaker,Camp Chair,Sports & Fitness,Outdoor & Camping
P043,P004,70,0.00076,0.03593,0.05419,0.66311,Trail Running Shoes,Phone Case,Apparel,Electronics
P004,P043,70,0.00076,0.01394,0.02102,0.66311,Phone Case,Trail Running Shoes,Electronics,Apparel
P012,P034,94,0.00101,0.02293,0.03458,0.66309,Gaming Mouse,Trekking Poles,Electronics,Outdoor & Camping
P034,P012,94,0.00101,0.02933,0.04423,0.66309,Trekking Poles,Gaming Mouse,Outdoor & Camping,Electronics
P028,P072,67,0.00072,0.02342,0.03532,0.66308,Sleeping Bag,Building Blocks 500pc,Outdoor & Camping,Toys & Games
P072,P028,67,0.00072,0.02047,0.03087,0.66308,Building Blocks 500pc,Sleeping Bag,Toys & Games,Outdoor & Camping
P034,P025,44,0.00047,0.01373,0.02071,0.66298,Trekking Poles,Dinnerware 16pc,Outdoor & Camping,Home & Kitchen
P025,P034,44,0.00047,0.02293,0.03458,0.66298,Dinnerware 16pc,Trekking Poles,Home & Kitchen,Outdoor & Camping
P055,P089,45,0.00049,0.01305,0.01969,0.66292,Foam Roller,Dried Mango,Sports & Fitness,Gourmet Grocery
P089,P055,45,0.00049,0.02466,0.0372,0.66292,Dried Mango,Foam Roller,Gourmet Grocery,Sports & Fitness
P062,P028,103,0.00111,0.02046,0.03087,0.6629,Vitamin C Serum,Sleeping Bag,Beauty & Care,Outdoor & Camping
P028,P062,103,0.00111,0.036,0.05431,0.6629,Sleeping Bag,Vitamin C Serum,Outdoor & Camping,Beauty & Care
P059,P083,179,0.00193,0.04283,0.06463,0.6628,Gym Bag,Extra Virgin Olive Oil,Sports & Fitness,Gourmet Grocery
P083,P059,179,0.00193,0.02989,0.04509,0.6628,Extra Virgin Olive Oil,Gym Bag,Gourmet Grocery,Sports & Fitness
P047,P020,85,0.00092,0.02044,0.03084,0.66271,Chino Pants,Stand Mixer,Apparel,Home & Kitchen
P020,P047,85,0.00092,0.02974,0.04488,0.66271,Stand Mixer,Chino Pants,Home & Kitchen,Apparel
P033,P059,76,0.00082,0.02987,0.04509,0.66249,Camp Chair,Gym Bag,Outdoor & Camping,Sports & Fitness
P059,P033,76,0.00082,0.01819,0.02745,0.66249,Gym Bag,Camp Chair,Sports & Fitness,Outdoor & Camping
P037,P078,40,0.00043,0.01392,0.02102,0.66212,Sleeping Pad,Card Game,Outdoor & Camping,Toys & Games
P078,P037,40,0.00043,0.02053,0.03101,0.66212,Card Game,Sleeping Pad,Toys & Games,Outdoor & Camping
P050,P068,84,0.00091,0.02114,0.03193,0.662,Leather Belt,Bamboo Toothbrush 4-Pack,Apparel,Beauty & Care
P068,P050,84,0.00091,0.02839,0.04288,0.662,Bamboo Toothbrush 4-Pack,Leather Belt,Beauty & Care,Apparel
P030,P060,34,0.00037,0.01255,0.01896,0.66199,Headlamp,Protein Shaker,Outdoor & Camping,Sports & Fitness
P060,P030,34,0.00037,0.01935,0.02923,0.66199,Protein Shaker,Headlamp,Sports & Fitness,Outdoor & Camping
P062,P045,38,0.00041,0.00755,0.01141,0.66196,Vitamin C Serum,Denim Jacket,Beauty & Care,Apparel
P045,P062,38,0.00041,0.03595,0.05431,0.66196,Denim Jacket,Vitamin C Serum,Apparel,Beauty & Care
P083,P070,55,0.00059,0.00918,0.01388,0.66179,Extra Virgin Olive Oil,Face Mask Set,Gourmet Grocery,Beauty & Care
P070,P083,55,0.00059,0.04277,0.06463,0.66179,Face Mask Set,Extra Virgin Olive Oil,Beauty & Care,Gourmet Grocery
P019,P059,41,0.00044,0.02984,0.04509,0.66173,Cutting Board,Gym Bag,Home & Kitchen,Sports & Fitness
P059,P019,41,0.00044,0.00981,0.01483,0.66173,Gym Bag,Cutting Board,Sports & Fitness,Home & Kitchen
P070,P046,33,0.00036,0.02566,0.03878,0.66168,Face Mask Set,Organic Cotton Tee,Beauty & Care,Apparel
P046,P070,33,0.00036,0.00918,0.01388,0.66168,Organic Cotton Tee,Face Mask Set,Apparel,Beauty & Care
P062,P043,70,0.00076,0.01391,0.02102,0.66166,Vitamin C Serum,Trail Running Shoes,Beauty & Care,Apparel
P043,P062,70,0.00076,0.03593,0.05431,0.66166,Trail Running Shoes,Vitamin C Serum,Apparel,Beauty & Care
P026,P027,55,0.00059,0.02015,0.03046,0.66161,Scented Candle,2-Person Tent,Home & Kitchen,Outdoor & Camping
P027,P026,55,0.00059,0.01948,0.02945,0.66161,2-Person Tent,Scented Candle,Outdoor & Camping,Home & Kitchen
P027,P067,41,0.00044,0.01452,0.02196,0.6614,2-Person Tent,Lip Balm 4-Pack,Outdoor & Camping,Beauty & Care
P067,P027,41,0.00044,0.02015,0.03046,0.6614,Lip Balm 4-Pack,2-Person Tent,Beauty & Care,Outdoor & Camping
P004,P071,63,0.00068,0.01254,0.01897,0.6613,Phone Case,Perfume 50ml,Electronics,Beauty & Care
P071,P004,63,0.00068,0.03584,0.05419,0.6613,Perfume 50ml,Phone Case,Beauty & Care,Electronics
P086,P047,43,0.00046,0.02966,0.04488,0.66079,Raw Honey,Chino Pants,Gourmet Grocery,Apparel
P047,P086,43,0.00046,0.01034,0.01565,0.66079,Chino Pants,Raw Honey,Apparel,Gourmet Grocery
P008,P083,115,0.00124,0.0427,0.06463,0.66079,Noise-Cancelling Headphones,Extra Virgin Olive Oil,Electronics,Gourmet Grocery
P083,P008,115,0.00124,0.0192,0.02906,0.66079,Extra Virgin Olive Oil,Noise-Cancelling Headphones,Gourmet Grocery,Electronics
P068,P054,36,0.00039,0.01217,0.01842,0.66051,Bamboo Toothbrush 4-Pack,Insulated Water Bottle,Beauty & Care,Sports & Fitness
P054,P068,36,0.00039,0.02109,0.03193,0.66051,Insulated Water Bottle,Bamboo Toothbrush 4-Pack,Sports & Fitness,Beauty & Care
P062,P012,147,0.00159,0.02921,0.04423,0.66034,Vitamin C Serum,Gaming Mouse,Beauty & Care,Electronics
P012,P062,147,0.00159,0.03586,0.05431,0.66034,Gaming Mouse,Vitamin C Serum,Electronics,Beauty & Care
P010,P023,68,0.00073,0.02595,0.03931,0.66024,Action Camera,Glass Storage Set,Electronics,Home & Kitchen
P023,P010,68,0.00073,0.01867,0.02827,0.66024,Glass Storage Set,Action Camera,Home & Kitchen,Electronics
P059,P010,78,0.00084,0.01866,0.02827,0.6602,Gym Bag,Action Camera,Sports & Fitness,Electronics
P010,P059,78,0.00084,0.02977,0.04509,0.6602,Action Camera,Gym Bag,Electronics,Sports & Fitness
P019,P028,28,0.0003,0.02038,0.03087,0.6601,Cutting Board,Sleeping Bag,Home & Kitchen,Outdoor & Camping
P028,P019,28,0.0003,0.00979,0.01483,0.6601,Sleeping Bag,Cutting Board,Outdoor & Camping,Home & Kitchen
P004,P033,91,0.00098,0.01812,0.02745,0.66009,Phone Case,Camp Chair,Electronics,Outdoor & Camping
P033,P004,91,0.00098,0.03577,0.05419,0.66009,Camp Chair,Phone Case,Outdoor & Camping,Electronics
P022,P059,128,0.00138,0.02975,0.04509,0.65981,Linen Towel Set,Gym Bag,Home & Kitchen,Sports & Fitness
P059,P022,128,0.00138,0.03063,0.04642,0.65981,Gym Bag,Linen Towel Set,Sports & Fitness,Home & Kitchen
P049,P005,47,0.00051,0.02215,0.03357,0.65979,Sun Hat,USB-C Fast Charger,Apparel,Electronics
P005,P049,47,0.00051,0.01511,0.0229,0.65979,USB-C Fast Charger,Sun Hat,Electronics,Apparel
P030,P005,60,0.00065,0.02215,0.03357,0.65977,Headlamp,USB-C Fast Charger,Outdoor & Camping,Electronics
P005,P030,60,0.00065,0.01929,0.02923,0.65977,USB-C Fast Charger,Headlamp,Electronics,Outdoor & Camping
P006,P028,30,0.00032,0.02037,0.03087,0.65971,Power Bank 20K,Sleeping Bag,Electronics,Outdoor & Camping
P028,P006,30,0.00032,0.01049,0.01589,0.65971,Sleeping Bag,Power Bank 20K,Outdoor & Camping,Electronics
P062,P073,47,0.00051,0.00934,0.01416,0.65961,Vitamin C Serum,Strategy Board Game,Beauty & Care,Toys & Games
P073,P062,47,0.00051,0.03582,0.05431,0.65961,Strategy Board Game,Vitamin C Serum,Toys & Games,Beauty & Care
P047,P052,112,0.00121,0.02693,0.04085,0.65918,Chino Pants,Adjustable Dumbbells,Apparel,Sports & Fitness
P052,P047,112,0.00121,0.02958,0.04488,0.65918,Adjustable Dumbbells,Chino Pants,Sports & Fitness,Apparel
P030,P068,57,0.00062,0.02104,0.03193,0.65898,Headlamp,Bamboo Toothbrush 4-Pack,Outdoor & Camping,Beauty & Care
P068,P030,57,0.00062,0.01926,0.02923,0.65898,Bamboo Toothbrush 4-Pack,Headlamp,Beauty & Care,Outdoor & Camping
P046,P083,153,0.00165,0.04257,0.06463,0.65874,Organic Cotton Tee,Extra Virgin Olive Oil,Apparel,Gourmet Grocery
P083,P046,153,0.00165,0.02555,0.03878,0.65874,Extra Virgin Olive Oil,Organic Cotton Tee,Gourmet Grocery,Apparel
P039,P056,32,0.00035,0.01127,0.01712,0.65797,Rain Jacket,Jump Rope,Apparel,Sports & Fitness
P056,P039,32,0.00035,0.02016,0.03065,0.65797,Jump Rope,Rain Jacket,Sports & Fitness,Apparel
P023,P028,74,0.0008,0.02031,0.03087,0.65797,Glass Storage Set,Sleeping Bag,Home & Kitchen,Outdoor & Camping
P028,P023,74,0.0008,0.02587,0.03931,0.65797,Sleeping Bag,Glass Storage Set,Outdoor & Camping,Home & Kitchen
P012,P023,106,0.00114,0.02586,0.03931,0.65784,Gaming Mouse,Glass Storage Set,Electronics,Home & Kitchen
P023,P012,106,0.00114,0.0291,0.04423,0.65784,Glass Storage Set,Gaming Mouse,Home & Kitchen,Electronics
P055,P028,70,0.00076,0.02031,0.03087,0.6578,Foam Roller,Sleeping Bag,Sports & Fitness,Outdoor & Camping
P028,P055,70,0.00076,0.02447,0.0372,0.6578,Sleeping Bag,Foam Roller,Outdoor & Camping,Sports & Fitness
P022,P010,80,0.00086,0.0186,0.02827,0.65777,Linen Towel Set,Action Camera,Home & Kitchen,Electronics
P010,P022,80,0.00086,0.03053,0.04642,0.65777,Action Camera,Linen Towel Set,Electronics,Home & Kitchen
P013,P084,29,0.00031,0.01234,0.01875,0.65773,Tablet Sleeve,Trail Mix 1kg,Electronics,Gourmet Grocery
P084,P013,29,0.00031,0.01669,0.02537,0.65773,Trail Mix 1kg,Tablet Sleeve,Gourmet Grocery,Electronics
P087,P037,27,0.00029,0.02039,0.03101,0.65757,Hot Sauce Trio,Sleeping Pad,Gourmet Grocery,Outdoor & Camping
P037,P087,27,0.00029,0.00939,0.01429,0.65757,Sleeping Pad,Hot Sauce Trio,Outdoor & Camping,Gourmet Grocery
P050,P084,49,0.00053,0.01233,0.01875,0.65746,Leather Belt,Trail Mix 1kg,Apparel,Gourmet Grocery
P084,P050,49,0.00053,0.02819,0.04288,0.65746,Trail Mix 1kg,Leather Belt,Gourmet Grocery,Apparel
P013,P025,32,0.00035,0.01361,0.02071,0.65732,Tablet Sleeve,Dinnerware 16pc,Electronics,Home & Kitchen
P025,P013,32,0.00035,0.01668,0.02537,0.65732,Dinnerware 16pc,Tablet Sleeve,Home & Kitchen,Electronics
P072,P059,97,0.00105,0.02964,0.04509,0.65721,Building Blocks 500pc,Gym Bag,Toys & Games,Sports & Fitness
P059,P072,97,0.00105,0.02321,0.03532,0.65721,Gym Bag,Building Blocks 500pc,Sports & Fitness,Toys & Games
P027,P055,69,0.00074,0.02444,0.0372,0.65713,2-Person Tent,Foam Roller,Outdoor & Camping,Sports & Fitness
P055,P027,69,0.00074,0.02002,0.03046,0.65713,Foam Roller,2-Person Tent,Sports & Fitness,Outdoor & Camping
P039,P021,44,0.00047,0.01549,0.02358,0.65711,Rain Jacket,Air Fryer,Apparel,Home & Kitchen
P021,P039,44,0.00047,0.02014,0.03065,0.65711,Air Fryer,Rain Jacket,Home & Kitchen,Apparel
P055,P010,64,0.00069,0.01857,0.02827,0.65674,Foam Roller,Action Camera,Sports & Fitness,Electronics
P010,P055,64,0.00069,0.02443,0.0372,0.65674,Action Camera,Foam Roller,Electronics,Sports & Fitness
P081,P041,59,0.00064,0.01922,0.02927,0.65669,Single-Origin Coffee Beans,Merino Base Layer,Gourmet Grocery,Apparel
P041,P081,59,0.00064,0.02175,0.03312,0.65669,Merino Base Layer,Single-Origin Coffee Beans,Apparel,Gourmet Grocery
P031,P022,36,0.00039,0.03048,0.04642,0.65665,Hiking Backpack 40L,Linen Towel Set,Outdoor & Camping,Home & Kitchen
P022,P031,36,0.00039,0.00837,0.01274,0.65665,Linen Towel Set,Hiking Backpack 40L,Home & Kitchen,Outdoor & Camping
P042,P058,31,0.00033,0.00745,0.01135,0.65661,Hiking Boots,Kettlebell 12kg,Apparel,Sports & Fitness
P058,P042,31,0.00033,0.02947,0.04488,0.65661,Kettlebell 12kg,Hiking Boots,Sports & Fitness,Apparel
P010,P014,48,0.00052,0.01832,0.02792,0.65629,Action Camera,Chef Knife Set,Electronics,Home & Kitchen
P014,P010,48,0.00052,0.01855,0.02827,0.65629,Chef Knife Set,Action Camera,Home & Kitchen,Electronics
P008,P085,25,0.00027,0.00928,0.01415,0.65623,Noise-Cancelling Headphones,Loose Leaf Tea,Electronics,Gourmet Grocery
P085,P008,25,0.00027,0.01907,0.02906,0.65623,Loose Leaf Tea,Noise-Cancelling Headphones,Gourmet Grocery,Electronics
P075,P052,49,0.00053,0.02681,0.04085,0.65613,RC Car,Adjustable Dumbbells,Toys & Games,Sports & Fitness
P052,P075,49,0.00053,0.01294,0.01973,0.65613,Adjustable Dumbbells,RC Car,Sports & Fitness,Toys & Games
P081,P006,32,0.00035,0.01043,0.01589,0.656,Single-Origin Coffee Beans,Power Bank 20K,Gourmet Grocery,Electronics
P006,P081,32,0.00035,0.02172,0.03312,0.656,Power Bank 20K,Single-Origin Coffee Beans,Electronics,Gourmet Grocery
P003,P056,26,0.00028,0.01123,0.01712,0.65584,Smartwatch,Jump Rope,Electronics,Sports & Fitness
P056,P003,26,0.00028,0.01638,0.02498,0.65584,Jump Rope,Smartwatch,Sports & Fitness,Electronics
P020,P070,26,0.00028,0.0091,0.01388,0.65558,Stand Mixer,Face Mask Set,Home & Kitchen,Beauty & Care
P070,P020,26,0.00028,0.02022,0.03084,0.65558,Face Mask Set,Stand Mixer,Beauty & Care,Home & Kitchen
P039,P074,36,0.00039,0.01268,0.01934,0.65554,Rain Jacket,Jigsaw Puzzle 1000pc,Apparel,Toys & Games
P074,P039,36,0.00039,0.02009,0.03065,0.65554,Jigsaw Puzzle 1000pc,Rain Jacket,Toys & Games,Apparel
P038,P050,28,0.0003,0.02808,0.04288,0.65492,Camp Lantern,Leather Belt,Outdoor & Camping,Apparel
P050,P038,28,0.0003,0.00705,0.01076,0.65492,Leather Belt,Camp Lantern,Apparel,Outdoor & Camping
P042,P083,176,0.0019,0.04232,0.06463,0.65482,Hiking Boots,Extra Virgin Olive Oil,Apparel,Gourmet Grocery
P083,P042,176,0.0019,0.02939,0.04488,0.65482,Extra Virgin Olive Oil,Hiking Boots,Gourmet Grocery,Apparel
P046,P005,79,0.00085,0.02198,0.03357,0.65479,Organic Cotton Tee,USB-C Fast Charger,Apparel,Electronics
P005,P046,79,0.00085,0.02539,0.03878,0.65479,USB-C Fast Charger,Organic Cotton Tee,Electronics,Apparel
P076,P028,95,0.00103,0.02021,0.03087,0.65473,Plush Bear,Sleeping Bag,Toys & Games,Outdoor & Camping
P028,P076,95,0.00103,0.03321,0.05072,0.65473,Sleeping Bag,Plush Bear,Outdoor & Camping,Toys & Games
P067,P043,28,0.0003,0.01376,0.02102,0.65457,Lip Balm 4-Pack,Trail Running Shoes,Beauty & Care,Apparel
P043,P067,28,0.0003,0.01437,0.02196,0.65457,Trail Running Shoes,Lip Balm 4-Pack,Apparel,Beauty & Care
P001,P078,57,0.00062,0.01375,0.02102,0.65421,Wireless Earbuds,Card Game,Electronics,Toys & Games
P078,P001,57,0.00062,0.02926,0.04473,0.65421,Card Game,Wireless Earbuds,Toys & Games,Electronics
P048,P035,29,0.00031,0.00843,0.01288,0.65413,Down Vest,Cooler 30L,Apparel,Outdoor & Camping
P035,P048,29,0.00031,0.02429,0.03713,0.65413,Cooler 30L,Down Vest,Outdoor & Camping,Apparel
P015,P001,54,0.00058,0.02925,0.04473,0.65402,Cast Iron Skillet,Wireless Earbuds,Home & Kitchen,Electronics
P001,P015,54,0.00058,0.01303,0.01992,0.65402,Wireless Earbuds,Cast Iron Skillet,Electronics,Home & Kitchen
P060,P027,35,0.00038,0.01992,0.03046,0.65394,Protein Shaker,2-Person Tent,Sports & Fitness,Outdoor & Camping
P027,P060,35,0.00038,0.0124,0.01896,0.65394,2-Person Tent,Protein Shaker,Outdoor & Camping,Sports & Fitness
P052,P083,160,0.00173,0.04226,0.06463,0.65394,Adjustable Dumbbells,Extra Virgin Olive Oil,Sports & Fitness,Gourmet Grocery
P083,P052,160,0.00173,0.02672,0.04085,0.65394,Extra Virgin Olive Oil,Adjustable Dumbbells,Gourmet Grocery,Sports & Fitness
P046,P052,96,0.00104,0.02671,0.04085,0.65383,Organic Cotton Tee,Adjustable Dumbbells,Apparel,Sports & Fitness
P052,P046,96,0.00104,0.02536,0.03878,0.65383,Adjustable Dumbbells,Organic Cotton Tee,Sports & Fitness,Apparel
P005,P016,55,0.00059,0.01768,0.02704,0.65378,USB-C Fast Charger,Burr Coffee Grinder,Electronics,Home & Kitchen
P016,P005,55,0.00059,0.02195,0.03357,0.65378,Burr Coffee Grinder,USB-C Fast Charger,Home & Kitchen,Electronics
P010,P043,36,0.00039,0.01374,0.02102,0.65368,Action Camera,Trail Running Shoes,Electronics,Apparel
P043,P010,36,0.00039,0.01848,0.02827,0.65368,Trail Running Shoes,Action Camera,Apparel,Electronics
P067,P034,46,0.0005,0.0226,0.03458,0.65361,Lip Balm 4-Pack,Trekking Poles,Beauty & Care,Outdoor & Camping
P034,P067,46,0.0005,0.01435,0.02196,0.65361,Trekking Poles,Lip Balm 4-Pack,Outdoor & Camping,Beauty & Care
P044,P022,101,0.00109,0.03034,0.04642,0.65357,Wool Socks 3-Pack,Linen Towel Set,Apparel,Home & Kitchen
P022,P044,101,0.00109,0.02348,0.03592,0.65357,Linen Towel Set,Wool Socks 3-Pack,Home & Kitchen,Apparel
P040,P025,40,0.00043,0.01353,0.02071,0.65348,Fleece Pullover,Dinnerware 16pc,Apparel,Home & Kitchen
P025,P040,40,0.00043,0.02084,0.0319,0.65348,Dinnerware 16pc,Fleece Pullover,Home & Kitchen,Apparel
P067,P020,41,0.00044,0.02015,0.03084,0.6533,Lip Balm 4-Pack,Stand Mixer,Beauty & Care,Home & Kitchen
P020,P067,41,0.00044,0.01435,0.02196,0.6533,Stand Mixer,Lip Balm 4-Pack,Home & Kitchen,Beauty & Care
P050,P067,57,0.00062,0.01434,0.02196,0.65318,Leather Belt,Lip Balm 4-Pack,Apparel,Beauty & Care
P067,P050,57,0.00062,0.02801,0.04288,0.65318,Lip Balm 4-Pack,Leather Belt,Beauty & Care,Apparel
P021,P043,30,0.00032,0.01373,0.02102,0.65318,Air Fryer,Trail Running Shoes,Home & Kitchen,Apparel
P043,P021,30,0.00032,0.0154,0.02358,0.65318,Trail Running Shoes,Air Fryer,Apparel,Home & Kitchen
P035,P047,35,0.00038,0.02931,0.04488,0.65317,Cooler 30L,Chino Pants,Outdoor & Camping,Apparel
P047,P035,35,0.00038,0.00842,0.01288,0.65317,Chino Pants,Cooler 30L,Apparel,Outdoor & Camping
P081,P060,38,0.00041,0.01238,0.01896,0.65308,Single-Origin Coffee Beans,Protein Shaker,Gourmet Grocery,Sports & Fitness
P060,P081,38,0.00041,0.02163,0.03312,0.65308,Protein Shaker,Single-Origin Coffee Beans,Sports & Fitness,Gourmet Grocery
P047,P055,101,0.00109,0.02428,0.0372,0.6529,Chino Pants,Foam Roller,Apparel,Sports & Fitness
P055,P047,101,0.00109,0.0293,0.04488,0.6529,Foam Roller,Chino Pants,Sports & Fitness,Apparel
P058,P023,27,0.00029,0.02567,0.03931,0.65289,Kettlebell 12kg,Glass Storage Set,Sports & Fitness,Home & Kitchen
P023,P058,27,0.00029,0.00741,0.01135,0.65289,Glass Storage Set,Kettlebell 12kg,Home & Kitchen,Sports & Fitness
P011,P044,31,0.00033,0.02345,0.03592,0.65278,E-Reader,Wool Socks 3-Pack,Electronics,Apparel
P044,P011,31,0.00033,0.00931,0.01427,0.65278,Wool Socks 3-Pack,E-Reader,Apparel,Electronics
P086,P076,48,0.00052,0.0331,0.05072,0.65272,Raw Honey,Plush Bear,Gourmet Grocery,Toys & Games
P076,P086,48,0.00052,0.01021,0.01565,0.65272,Plush Bear,Raw Honey,Toys & Games,Gourmet Grocery
P076,P039,94,0.00101,0.02,0.03065,0.65263,Plush Bear,Rain Jacket,Toys & Games,Apparel
P039,P076,94,0.00101,0.0331,0.05072,0.65263,Rain Jacket,Plush Bear,Apparel,Toys & Games
P016,P060,31,0.00033,0.01237,0.01896,0.65247,Burr Coffee Grinder,Protein Shaker,Home & Kitchen,Sports & Fitness
P060,P016,31,0.00033,0.01764,0.02704,0.65247,Protein Shaker,Burr Coffee Grinder,Sports & Fitness,Home & Kitchen
P054,P044,40,0.00043,0.02343,0.03592,0.65233,Insulated Water Bottle,Wool Socks 3-Pack,Sports & Fitness,Apparel
P044,P054,40,0.00043,0.01202,0.01842,0.65233,Wool Socks 3-Pack,Insulated Water Bottle,Apparel,Sports & Fitness
P022,P039,86,0.00093,0.01999,0.03065,0.65232,Linen Towel Set,Rain Jacket,Home & Kitchen,Apparel
P039,P022,86,0.00093,0.03028,0.04642,0.65232,Rain Jacket,Linen Towel Set,Apparel,Home & Kitchen
P048,P064,40,0.00043,0.01162,0.01783,0.65211,Down Vest,Mineral Sunscreen,Apparel,Beauty & Care
P064,P048,40,0.00043,0.02421,0.03713,0.65211,Mineral Sunscreen,Down Vest,Beauty & Care,Apparel
P071,P014,32,0.00035,0.0182,0.02792,0.65206,Perfume 50ml,Chef Knife Set,Beauty & Care,Home & Kitchen
P014,P071,32,0.00035,0.01237,0.01897,0.65206,Chef Knife Set,Perfume 50ml,Home & Kitchen,Beauty & Care
P027,P059,83,0.0009,0.0294,0.04509,0.652,2-Person Tent,Gym Bag,Outdoor & Camping,Sports & Fitness
P059,P027,83,0.0009,0.01986,0.03046,0.652,Gym Bag,2-Person Tent,Sports & Fitness,Outdoor & Camping
P004,P069,46,0.0005,0.00916,0.01405,0.65196,Phone Case,Body Wash,Electronics,Beauty & Care
P069,P004,46,0.0005,0.03533,0.05419,0.65196,Body Wash,Phone Case,Beauty & Care,Electronics
P087,P044,31,0.00033,0.02341,0.03592,0.6518,Hot Sauce Trio,Wool Socks 3-Pack,Gourmet Grocery,Apparel
P044,P087,31,0.00033,0.00931,0.01429,0.6518,Wool Socks 3-Pack,Hot Sauce Trio,Apparel,Gourmet Grocery
P062,P055,122,0.00132,0.02424,0.0372,0.6517,Vitamin C Serum,Foam Roller,Beauty & Care,Sports & Fitness
P055,P062,122,0.00132,0.03539,0.05431,0.6517,Foam Roller,Vitamin C Serum,Sports & Fitness,Beauty & Care
P027,P009,60,0.00065,0.02125,0.03262,0.65156,2-Person Tent,Smart Plug 2-Pack,Outdoor & Camping,Electronics
P009,P027,60,0.00065,0.01985,0.03046,0.65156,Smart Plug 2-Pack,2-Person Tent,Electronics,Outdoor & Camping
P064,P072,38,0.00041,0.023,0.03532,0.6513,Mineral Sunscreen,Building Blocks 500pc,Beauty & Care,Toys & Games
P072,P064,38,0.00041,0.01161,0.01783,0.6513,Building Blocks 500pc,Mineral Sunscreen,Toys & Games,Beauty & Care
P047,P083,175,0.00189,0.04208,0.06463,0.6511,Chino Pants,Extra Virgin Olive Oil,Apparel,Gourmet Grocery
P083,P047,175,0.00189,0.02922,0.04488,0.6511,Extra Virgin Olive Oil,Chino Pants,Gourmet Grocery,Apparel
P085,P027,26,0.00028,0.01983,0.03046,0.65105,Loose Leaf Tea,2-Person Tent,Gourmet Grocery,Outdoor & Camping
P027,P085,26,0.00028,0.00921,0.01415,0.65105,2-Person Tent,Loose Leaf Tea,Outdoor & Camping,Gourmet Grocery
P054,P014,31,0.00033,0.01816,0.02792,0.65056,Insulated Water Bottle,Chef Knife Set,Sports & Fitness,Home & Kitchen
P014,P054,31,0.00033,0.01198,0.01842,0.65056,Chef Knife Set,Insulated Water Bottle,Home & Kitchen,Sports & Fitness
P071,P076,58,0.00063,0.03299,0.05072,0.65053,Perfume 50ml,Plush Bear,Beauty & Care,Toys & Games
P076,P071,58,0.00063,0.01234,0.01897,0.65053,Plush Bear,Perfume 50ml,Toys & Games,Beauty & Care
P022,P050,120,0.00129,0.02789,0.04288,0.65048,Linen Towel Set,Leather Belt,Home & Kitchen,Apparel
P050,P022,120,0.00129,0.0302,0.04642,0.65048,Leather Belt,Linen Towel Set,Apparel,Home & Kitchen
P013,P071,29,0.00031,0.01234,0.01897,0.65025,Tablet Sleeve,Perfume 50ml,Electronics,Beauty & Care
P071,P013,29,0.00031,0.0165,0.02537,0.65025,Perfume 50ml,Tablet Sleeve,Beauty & Care,Electronics
P069,P040,27,0.00029,0.02074,0.0319,0.65013,Body Wash,Fleece Pullover,Beauty & Care,Apparel
P040,P069,27,0.00029,0.00913,0.01405,0.65013,Fleece Pullover,Body Wash,Apparel,Beauty & Care
P050,P071,49,0.00053,0.01233,0.01897,0.64998,Leather Belt,Perfume 50ml,Apparel,Beauty & Care
P071,P050,49,0.00053,0.02787,0.04288,0.64998,Perfume 50ml,Leather Belt,Beauty & Care,Apparel
P044,P060,41,0.00044,0.01232,0.01896,0.64961,Wool Socks 3-Pack,Protein Shaker,Apparel,Sports & Fitness
P060,P044,41,0.00044,0.02334,0.03592,0.64961,Protein Shaker,Wool Socks 3-Pack,Sports & Fitness,Apparel
P046,P020,72,0.00078,0.02003,0.03084,0.6496,Organic Cotton Tee,Stand Mixer,Apparel,Home & Kitchen
P020,P046,72,0.00078,0.02519,0.03878,0.6496,Stand Mixer,Organic Cotton Tee,Home & Kitchen,Apparel
P069,P081,28,0.0003,0.02151,0.03312,0.64939,Body Wash,Single-Origin Coffee Beans,Beauty & Care,Gourmet Grocery
P081,P069,28,0.0003,0.00912,0.01405,0.64939,Single-Origin Coffee Beans,Body Wash,Gourmet Grocery,Beauty & Care
P044,P003,54,0.00058,0.01622,0.02498,0.64936,Wool Socks 3-Pack,Smartwatch,Apparel,Electronics
P003,P044,54,0.00058,0.02333,0.03592,0.64936,Smartwatch,Wool Socks 3-Pack,Electronics,Apparel
P005,P064,36,0.00039,0.01157,0.01783,0.64915,USB-C Fast Charger,Mineral Sunscreen,Electronics,Beauty & Care
P064,P005,36,0.00039,0.02179,0.03357,0.64915,Mineral Sunscreen,USB-C Fast Charger,Beauty & Care,Electronics
P074,P022,54,0.00058,0.03013,0.04642,0.64914,Jigsaw Puzzle 1000pc,Linen Towel Set,Toys & Games,Home & Kitchen
P022,P074,54,0.00058,0.01255,0.01934,0.64914,Linen Towel Set,Jigsaw Puzzle 1000pc,Home & Kitchen,Toys & Games
P058,P004,37,0.0004,0.03517,0.05419,0.64903,Kettlebell 12kg,Phone Case,Sports & Fitness,Electronics
P004,P058,37,0.0004,0.00737,0.01135,0.64903,Phone Case,Kettlebell 12kg,Electronics,Sports & Fitness
P050,P032,29,0.00031,0.0073,0.01124,0.64902,Leather Belt,Water Filter,Apparel,Outdoor & Camping
P032,P050,29,0.00031,0.02783,0.04288,0.64902,Water Filter,Leather Belt,Outdoor & Camping,Apparel
P040,P086,30,0.00032,0.01015,0.01565,0.64864,Fleece Pullover,Raw Honey,Apparel,Gourmet Grocery
P086,P040,30,0.00032,0.02069,0.0319,0.64864,Raw Honey,Fleece Pullover,Gourmet Grocery,Apparel
P046,P073,33,0.00036,0.00918,0.01416,0.64857,Organic Cotton Tee,Strategy Board Game,Apparel,Toys & Games
P073,P046,33,0.00036,0.02515,0.03878,0.64857,Strategy Board Game,Organic Cotton Tee,Toys & Games,Apparel
P061,P026,33,0.00036,0.0191,0.02945,0.64851,Yoga Block Set,Scented Candle,Sports & Fitness,Home & Kitchen
P026,P061,33,0.00036,0.01209,0.01865,0.64851,Scented Candle,Yoga Block Set,Home & Kitchen,Sports & Fitness
P068,P083,124,0.00134,0.04191,0.06463,0.64845,Bamboo Toothbrush 4-Pack,Extra Virgin Olive Oil,Beauty & Care,Gourmet Grocery
P083,P068,124,0.00134,0.0207,0.03193,0.64845,Extra Virgin Olive Oil,Bamboo Toothbrush 4-Pack,Gourmet Grocery,Beauty & Care
P027,P007,28,0.0003,0.00992,0.0153,0.64822,2-Person Tent,10in Tablet,Outdoor & Camping,Electronics
P007,P027,28,0.0003,0.01975,0.03046,0.64822,10in Tablet,2-Person Tent,Electronics,Outdoor & Camping
P004,P038,35,0.00038,0.00697,0.01076,0.64781,Phone Case,Camp Lantern,Electronics,Outdoor & Camping
P038,P004,35,0.00038,0.03511,0.05419,0.64781,Camp Lantern,Phone Case,Outdoor & Camping,Electronics
P046,P006,37,0.0004,0.01029,0.01589,0.6477,Organic Cotton Tee,Power Bank 20K,Apparel,Electronics
P006,P046,37,0.0004,0.02512,0.03878,0.6477,Power Bank 20K,Organic Cotton Tee,Electronics,Apparel
P062,P058,37,0.0004,0.00735,0.01135,0.64761,Vitamin C Serum,Kettlebell 12kg,Beauty & Care,Sports & Fitness
P058,P062,37,0.0004,0.03517,0.05431,0.64761,Kettlebell 12kg,Vitamin C Serum,Sports & Fitness,Beauty & Care
P050,P034,89,0.00096,0.0224,0.03458,0.64757,Leather Belt,Trekking Poles,Apparel,Outdoor & Camping
P034,P050,89,0.00096,0.02777,0.04288,0.64757,Trekking Poles,Leather Belt,Outdoor & Camping,Apparel
P085,P026,25,0.00027,0.01907,0.02945,0.64757,Loose Leaf Tea,Scented Candle,Gourmet Grocery,Home & Kitchen
P026,P085,25,0.00027,0.00916,0.01415,0.64757,Scented Candle,Loose Leaf Tea,Home & Kitchen,Gourmet Grocery
P062,P054,60,0.00065,0.01192,0.01842,0.64721,Vitamin C Serum,Insulated Water Bottle,Beauty & Care,Sports & Fitness
P054,P062,60,0.00065,0.03515,0.05431,0.64721,Insulated Water Bottle,Vitamin C Serum,Sports & Fitness,Beauty & Care
P039,P085,26,0.00028,0.00915,0.01415,0.64715,Rain Jacket,Loose Leaf Tea,Apparel,Gourmet Grocery
P085,P039,26,0.00028,0.01983,0.03065,0.64715,Loose Leaf Tea,Rain Jacket,Gourmet Grocery,Apparel
P020,P042,83,0.0009,0.02904,0.04488,0.64711,Stand Mixer,Hiking Boots,Home & Kitchen,Apparel
P042,P020,83,0.0009,0.01996,0.03084,0.64711,Hiking Boots,Stand Mixer,Apparel,Home & Kitchen
P046,P013,59,0.00064,0.01642,0.02537,0.6471,Organic Cotton Tee,Tablet Sleeve,Apparel,Electronics
P013,P046,59,0.00064,0.0251,0.03878,0.6471,Tablet Sleeve,Organic Cotton Tee,Electronics,Apparel
P073,P026,25,0.00027,0.01905,0.02945,0.64708,Strategy Board Game,Scented Candle,Toys & Games,Home & Kitchen
P026,P073,25,0.00027,0.00916,0.01416,0.64708,Scented Candle,Strategy Board Game,Home & Kitchen,Toys & Games
P019,P009,29,0.00031,0.02111,0.03262,0.64703,Cutting Board,Smart Plug 2-Pack,Home & Kitchen,Electronics
P009,P019,29,0.00031,0.00959,0.01483,0.64703,Smart Plug 2-Pack,Cutting Board,Electronics,Home & Kitchen
P023,P062,128,0.00138,0.03514,0.05431,0.64696,Glass Storage Set,Vitamin C Serum,Home & Kitchen,Beauty & Care
P062,P023,128,0.00138,0.02543,0.03931,0.64696,Vitamin C Serum,Glass Storage Set,Beauty & Care,Home & Kitchen
P004,P046,126,0.00136,0.02509,0.03878,0.64695,Phone Case,Organic Cotton Tee,Electronics,Apparel
P046,P004,126,0.00136,0.03506,0.05419,0.64695,Organic Cotton Tee,Phone Case,Apparel,Electronics
P062,P036,54,0.00058,0.01073,0.01659,0.64691,Vitamin C Serum,Insect Repellent,Beauty & Care,Outdoor & Camping
P036,P062,54,0.00058,0.03513,0.05431,0.64691,Insect Repellent,Vitamin C Serum,Outdoor & Camping,Beauty & Care
P041,P008,51,0.00055,0.0188,0.02906,0.6469,Merino Base Layer,Noise-Cancelling Headphones,Apparel,Electronics
P008,P041,51,0.00055,0.01894,0.02927,0.6469,Noise-Cancelling Headphones,Merino Base Layer,Electronics,Apparel
P039,P052,75,0.00081,0.02641,0.04085,0.64642,Rain Jacket,Adjustable Dumbbells,Apparel,Sports & Fitness
P052,P039,75,0.00081,0.01981,0.03065,0.64642,Adjustable Dumbbells,Rain Jacket,Sports & Fitness,Apparel
P076,P059,137,0.00148,0.02915,0.04509,0.6464,Plush Bear,Gym Bag,Toys & Games,Sports & Fitness
P059,P076,137,0.00148,0.03278,0.05072,0.6464,Gym Bag,Plush Bear,Sports & Fitness,Toys & Games
P066,P039,35,0.00038,0.01981,0.03065,0.64635,Beard Oil,Rain Jacket,Beauty & Care,Apparel
P039,P066,35,0.00038,0.01232,0.01907,0.64635,Rain Jacket,Beard Oil,Apparel,Beauty & Care
P049,P060,26,0.00028,0.01225,0.01896,0.64626,Sun Hat,Protein Shaker,Apparel,Sports & Fitness
P060,P049,26,0.00028,0.0148,0.0229,0.64626,Protein Shaker,Sun Hat,Sports & Fitness,Apparel
P084,P062,61,0.00066,0.0351,0.05431,0.64626,Trail Mix 1kg,Vitamin C Serum,Gourmet Grocery,Beauty & Care
P062,P084,61,0.00066,0.01212,0.01875,0.64626,Vitamin C Serum,Trail Mix 1kg,Beauty & Care,Gourmet Grocery
P012,P026,78,0.00084,0.01903,0.02945,0.6462,Gaming Mouse,Scented Candle,Electronics,Home & Kitchen
P026,P012,78,0.00084,0.02858,0.04423,0.6462,Scented Candle,Gaming Mouse,Home & Kitchen,Electronics
P037,P083,120,0.00129,0.04175,0.06463,0.64609,Sleeping Pad,Extra Virgin Olive Oil,Outdoor & Camping,Gourmet Grocery
P083,P037,120,0.00129,0.02004,0.03101,0.64609,Extra Virgin Olive Oil,Sleeping Pad,Gourmet Grocery,Outdoor & Camping
P057,P042,43,0.00046,0.029,0.04488,0.64609,Fitness Tracker,Hiking Boots,Sports & Fitness,Apparel
P042,P057,43,0.00046,0.01034,0.016,0.64609,Hiking Boots,Fitness Tracker,Apparel,Sports & Fitness
P055,P044,80,0.00086,0.02321,0.03592,0.64608,Foam Roller,Wool Socks 3-Pack,Sports & Fitness,Apparel
P044,P055,80,0.00086,0.02403,0.0372,0.64608,Wool Socks 3-Pack,Foam Roller,Apparel,Sports & Fitness
P052,P081,81,0.00087,0.02139,0.03312,0.64604,Adjustable Dumbbells,Single-Origin Coffee Beans,Sports & Fitness,Gourmet Grocery
P081,P052,81,0.00087,0.02639,0.04085,0.64604,Single-Origin Coffee Beans,Adjustable Dumbbells,Gourmet Grocery,Sports & Fitness
P020,P028,57,0.00062,0.01994,0.03087,0.64602,Stand Mixer,Sleeping Bag,Home & Kitchen,Outdoor & Camping
P028,P020,57,0.00062,0.01992,0.03084,0.64602,Sleeping Bag,Stand Mixer,Outdoor & Camping,Home & Kitchen
P046,P072,82,0.00088,0.02282,0.03532,0.64602,Organic Cotton Tee,Building Blocks 500pc,Apparel,Toys & Games
P072,P046,82,0.00088,0.02505,0.03878,0.64602,Building Blocks 500pc,Organic Cotton Tee,Toys & Games,Apparel
P023,P005,79,0.00085,0.02169,0.03357,0.64598,Glass Storage Set,USB-C Fast Charger,Home & Kitchen,Electronics
P005,P023,79,0.00085,0.02539,0.03931,0.64598,USB-C Fast Charger,Glass Storage Set,Electronics,Home & Kitchen
P041,P011,25,0.00027,0.00921,0.01427,0.64597,Merino Base Layer,E-Reader,Apparel,Electronics
P011,P041,25,0.00027,0.01891,0.02927,0.64597,E-Reader,Merino Base Layer,Electronics,Apparel
P076,P044,109,0.00118,0.02319,0.03592,0.64561,Plush Bear,Wool Socks 3-Pack,Toys & Games,Apparel
P044,P076,109,0.00118,0.03274,0.05072,0.64561,Wool Socks 3-Pack,Plush Bear,Apparel,Toys & Games
P016,P043,34,0.00037,0.01357,0.02102,0.64545,Burr Coffee Grinder,Trail Running Shoes,Home & Kitchen,Apparel
P043,P016,34,0.00037,0.01745,0.02704,0.64545,Trail Running Shoes,Burr Coffee Grinder,Apparel,Home & Kitchen
P028,P060,35,0.00038,0.01223,0.01896,0.64526,Sleeping Bag,Protein Shaker,Outdoor & Camping,Sports & Fitness
P060,P028,35,0.00038,0.01992,0.03087,0.64526,Protein Shaker,Sleeping Bag,Sports & Fitness,Outdoor & Camping
P023,P059,106,0.00114,0.0291,0.04509,0.64525,Glass Storage Set,Gym Bag,Home & Kitchen,Sports & Fitness
P059,P023,106,0.00114,0.02536,0.03931,0.64525,Gym Bag,Glass Storage Set,Sports & Fitness,Home & Kitchen
P024,P047,45,0.00049,0.02896,0.04488,0.64525,Electric Kettle,Chino Pants,Home & Kitchen,Apparel
P047,P024,45,0.00049,0.01082,0.01677,0.64525,Chino Pants,Electric Kettle,Apparel,Home & Kitchen
P043,P009,41,0.00044,0.02105,0.03262,0.64522,Trail Running Shoes,Smart Plug 2-Pack,Apparel,Electronics
P009,P043,41,0.00044,0.01356,0.02102,0.64522,Smart Plug 2-Pack,Trail Running Shoes,Electronics,Apparel
P078,P009,41,0.00044,0.02105,0.03262,0.64522,Card Game,Smart Plug 2-Pack,Toys & Games,Electronics
P009,P078,41,0.00044,0.01356,0.02102,0.64522,Smart Plug 2-Pack,Card Game,Electronics,Toys & Games
P028,P054,34,0.00037,0.01188,0.01842,0.64518,Sleeping Bag,Insulated Water Bottle,Outdoor & Camping,Sports & Fitness
P054,P028,34,0.00037,0.01992,0.03087,0.64518,Insulated Water Bottle,Sleeping Bag,Sports & Fitness,Outdoor & Camping
P055,P074,43,0.00046,0.01247,0.01934,0.64512,Foam Roller,Jigsaw Puzzle 1000pc,Sports & Fitness,Toys & Games
P074,P055,43,0.00046,0.024,0.0372,0.64512,Jigsaw Puzzle 1000pc,Foam Roller,Toys & Games,Sports & Fitness
P028,P071,35,0.00038,0.01223,0.01897,0.64489,Sleeping Bag,Perfume 50ml,Outdoor & Camping,Beauty & Care
P071,P028,35,0.00038,0.01991,0.03087,0.64489,Perfume 50ml,Sleeping Bag,Beauty & Care,Outdoor & Camping
P022,P036,46,0.0005,0.01069,0.01659,0.64471,Linen Towel Set,Insect Repellent,Home & Kitchen,Outdoor & Camping
P036,P022,46,0.0005,0.02993,0.04642,0.64471,Insect Repellent,Linen Towel Set,Outdoor & Camping,Home & Kitchen
P055,P014,62,0.00067,0.01799,0.02792,0.64433,Foam Roller,Chef Knife Set,Sports & Fitness,Home & Kitchen
P014,P055,62,0.00067,0.02397,0.0372,0.64433,Chef Knife Set,Foam Roller,Home & Kitchen,Sports & Fitness
P008,P076,88,0.00095,0.03268,0.05072,0.64432,Noise-Cancelling Headphones,Plush Bear,Electronics,Toys & Games
P076,P008,88,0.00095,0.01872,0.02906,0.64432,Plush Bear,Noise-Cancelling Headphones,Toys & Games,Electronics
P026,P074,34,0.00037,0.01246,0.01934,0.6443,Scented Candle,Jigsaw Puzzle 1000pc,Home & Kitchen,Toys & Games
P074,P026,34,0.00037,0.01897,0.02945,0.6443,Jigsaw Puzzle 1000pc,Scented Candle,Toys & Games,Home & Kitchen
P005,P060,38,0.00041,0.01221,0.01896,0.64427,USB-C Fast Charger,Protein Shaker,Electronics,Sports & Fitness
P060,P005,38,0.00041,0.02163,0.03357,0.64427,Protein Shaker,USB-C Fast Charger,Sports & Fitness,Electronics
P062,P003,81,0.00087,0.01609,0.02498,0.64426,Vitamin C Serum,Smartwatch,Beauty & Care,Electronics
P003,P062,81,0.00087,0.03499,0.05431,0.64426,Smartwatch,Vitamin C Serum,Electronics,Beauty & Care
P053,P026,30,0.00032,0.01896,0.02945,0.64397,Resistance Bands,Scented Candle,Sports & Fitness,Home & Kitchen
P026,P053,30,0.00032,0.01099,0.01707,0.64397,Scented Candle,Resistance Bands,Home & Kitchen,Sports & Fitness
P012,P029,28,0.0003,0.00683,0.01062,0.64334,Gaming Mouse,Camping Stove,Electronics,Outdoor & Camping
P029,P012,28,0.0003,0.02846,0.04423,0.64334,Camping Stove,Gaming Mouse,Outdoor & Camping,Electronics
P086,P050,40,0.00043,0.02759,0.04288,0.64331,Raw Honey,Leather Belt,Gourmet Grocery,Apparel
P050,P086,40,0.00043,0.01007,0.01565,0.64331,Leather Belt,Raw Honey,Apparel,Gourmet Grocery
P053,P023,40,0.00043,0.02528,0.03931,0.6432,Resistance Bands,Glass Storage Set,Sports & Fitness,Home & Kitchen
P023,P053,40,0.00043,0.01098,0.01707,0.6432,Glass Storage Set,Resistance Bands,Home & Kitchen,Sports & Fitness
P037,P020,57,0.00062,0.01983,0.03084,0.6431,Sleeping Pad,Stand Mixer,Outdoor & Camping,Home & Kitchen
P020,P037,57,0.00062,0.01994,0.03101,0.6431,Stand Mixer,Sleeping Pad,Home & Kitchen,Outdoor & Camping
P044,P026,63,0.00068,0.01892,0.02945,0.64265,Wool Socks 3-Pack,Scented Candle,Apparel,Home & Kitchen
P026,P044,63,0.00068,0.02309,0.03592,0.64265,Scented Candle,Wool Socks 3-Pack,Home & Kitchen,Apparel
P009,P068,62,0.00067,0.02051,0.03193,0.64234,Smart Plug 2-Pack,Bamboo Toothbrush 4-Pack,Electronics,Beauty & Care
P068,P009,62,0.00067,0.02095,0.03262,0.64234,Bamboo Toothbrush 4-Pack,Smart Plug 2-Pack,Beauty & Care,Electronics
P040,P014,53,0.00057,0.01793,0.02792,0.64229,Fleece Pullover,Chef Knife Set,Apparel,Home & Kitchen
P014,P040,53,0.00057,0.02049,0.0319,0.64229,Chef Knife Set,Fleece Pullover,Home & Kitchen,Apparel
P001,P083,172,0.00186,0.0415,0.06463,0.6421,Wireless Earbuds,Extra Virgin Olive Oil,Electronics,Gourmet Grocery
P083,P001,172,0.00186,0.02872,0.04473,0.6421,Extra Virgin Olive Oil,Wireless Earbuds,Gourmet Grocery,Electronics
P050,P016,69,0.00074,0.01736,0.02704,0.64209,Leather Belt,Burr Coffee Grinder,Apparel,Home & Kitchen
P016,P050,69,0.00074,0.02753,0.04288,0.64209,Burr Coffee Grinder,Leather Belt,Home & Kitchen,Apparel
P046,P066,44,0.00047,0.01224,0.01907,0.64208,Organic Cotton Tee,Beard Oil,Apparel,Beauty & Care
P066,P046,44,0.00047,0.0249,0.03878,0.64208,Beard Oil,Organic Cotton Tee,Beauty & Care,Apparel
P021,P004,76,0.00082,0.03478,0.05419,0.64186,Air Fryer,Phone Case,Home & Kitchen,Electronics
P004,P021,76,0.00082,0.01513,0.02358,0.64186,Phone Case,Air Fryer,Electronics,Home & Kitchen
P088,P052,25,0.00027,0.02621,0.04085,0.64145,Gourmet Gift Basket,Adjustable Dumbbells,Gourmet Grocery,Sports & Fitness
P052,P088,25,0.00027,0.0066,0.01029,0.64145,Adjustable Dumbbells,Gourmet Gift Basket,Sports & Fitness,Gourmet Grocery
P022,P009,90,0.00097,0.02092,0.03262,0.64134,Linen Towel Set,Smart Plug 2-Pack,Home & Kitchen,Electronics
P009,P022,90,0.00097,0.02977,0.04642,0.64134,Smart Plug 2-Pack,Linen Towel Set,Electronics,Home & Kitchen
P072,P062,114,0.00123,0.03483,0.05431,0.64134,Building Blocks 500pc,Vitamin C Serum,Toys & Games,Beauty & Care
P062,P072,114,0.00123,0.02265,0.03532,0.64134,Vitamin C Serum,Building Blocks 500pc,Beauty & Care,Toys & Games
P009,P034,67,0.00072,0.02216,0.03458,0.64086,Smart Plug 2-Pack,Trekking Poles,Electronics,Outdoor & Camping
P034,P009,67,0.00072,0.0209,0.03262,0.64086,Trekking Poles,Smart Plug 2-Pack,Outdoor & Camping,Electronics
P055,P015,44,0.00047,0.01276,0.01992,0.64082,Foam Roller,Cast Iron Skillet,Sports & Fitness,Home & Kitchen
P015,P055,44,0.00047,0.02384,0.0372,0.64082,Cast Iron Skillet,Foam Roller,Home & Kitchen,Sports & Fitness
P010,P066,32,0.00035,0.01221,0.01907,0.64057,Action Camera,Beard Oil,Electronics,Beauty & Care
P066,P010,32,0.00035,0.01811,0.02827,0.64057,Beard Oil,Action Camera,Beauty & Care,Electronics
P062,P046,125,0.00135,0.02484,0.03878,0.64041,Vitamin C Serum,Organic Cotton Tee,Beauty & Care,Apparel
P046,P062,125,0.00135,0.03478,0.05431,0.64041,Organic Cotton Tee,Vitamin C Serum,Apparel,Beauty & Care
P087,P076,43,0.00046,0.03248,0.05072,0.64038,Hot Sauce Trio,Plush Bear,Gourmet Grocery,Toys & Games
P076,P087,43,0.00046,0.00915,0.01429,0.64038,Plush Bear,Hot Sauce Trio,Toys & Games,Gourmet Grocery
P064,P044,38,0.00041,0.023,0.03592,0.64034,Mineral Sunscreen,Wool Socks 3-Pack,Beauty & Care,Apparel
P044,P064,38,0.00041,0.01141,0.01783,0.64034,Wool Socks 3-Pack,Mineral Sunscreen,Apparel,Beauty & Care
P012,P024,44,0.00047,0.01073,0.01677,0.64014,Gaming Mouse,Electric Kettle,Electronics,Home & Kitchen
P024,P012,44,0.00047,0.02831,0.04423,0.64014,Electric Kettle,Gaming Mouse,Home & Kitchen,Electronics
P012,P028,81,0.00087,0.01976,0.03087,0.64009,Gaming Mouse,Sleeping Bag,Electronics,Outdoor & Camping
P028,P012,81,0.00087,0.02831,0.04423,0.64009,Sleeping Bag,Gaming Mouse,Outdoor & Camping,Electronics
P017,P085,27,0.00029,0.00905,0.01415,0.64004,French Press,Loose Leaf Tea,Home & Kitchen,Gourmet Grocery
P085,P017,27,0.00029,0.02059,0.03218,0.64004,Loose Leaf Tea,French Press,Gourmet Grocery,Home & Kitchen
P044,P068,68,0.00073,0.02043,0.03193,0.63974,Wool Socks 3-Pack,Bamboo Toothbrush 4-Pack,Apparel,Beauty & Care
P068,P044,68,0.00073,0.02298,0.03592,0.63974,Bamboo Toothbrush 4-Pack,Wool Socks 3-Pack,Beauty & Care,Apparel
P052,P009,79,0.00085,0.02087,0.03262,0.63968,Adjustable Dumbbells,Smart Plug 2-Pack,Sports & Fitness,Electronics
P009,P052,79,0.00085,0.02613,0.04085,0.63968,Smart Plug 2-Pack,Adjustable Dumbbells,Electronics,Sports & Fitness
P076,P007,46,0.0005,0.00979,0.0153,0.63964,Plush Bear,10in Tablet,Toys & Games,Electronics
P007,P076,46,0.0005,0.03244,0.05072,0.63964,10in Tablet,Plush Bear,Electronics,Toys & Games
P054,P047,49,0.00053,0.02871,0.04488,0.63963,Insulated Water Bottle,Chino Pants,Sports & Fitness,Apparel
P047,P054,49,0.00053,0.01178,0.01842,0.63963,Chino Pants,Insulated Water Bottle,Apparel,Sports & Fitness
P049,P022,63,0.00068,0.02969,0.04642,0.63956,Sun Hat,Linen Towel Set,Apparel,Home & Kitchen
P022,P049,63,0.00068,0.01464,0.0229,0.63956,Linen Towel Set,Sun Hat,Home & Kitchen,Apparel
P046,P027,70,0.00076,0.01948,0.03046,0.63938,Organic Cotton Tee,2-Person Tent,Apparel,Outdoor & Camping
P027,P046,70,0.00076,0.0248,0.03878,0.63938,2-Person Tent,Organic Cotton Tee,Outdoor & Camping,Apparel
P021,P074,27,0.00029,0.01236,0.01934,0.63904,Air Fryer,Jigsaw Puzzle 1000pc,Home & Kitchen,Toys & Games
P074,P021,27,0.00029,0.01507,0.02358,0.63904,Jigsaw Puzzle 1000pc,Air Fryer,Toys & Games,Home & Kitchen
P076,P061,56,0.0006,0.01191,0.01865,0.639,Plush Bear,Yoga Block Set,Toys & Games,Sports & Fitness
P061,P076,56,0.0006,0.03241,0.05072,0.639,Yoga Block Set,Plush Bear,Sports & Fitness,Toys & Games
P089,P028,36,0.00039,0.01973,0.03087,0.63896,Dried Mango,Sleeping Bag,Gourmet Grocery,Outdoor & Camping
P028,P089,36,0.00039,0.01258,0.01969,0.63896,Sleeping Bag,Dried Mango,Outdoor & Camping,Gourmet Grocery
P014,P084,31,0.00033,0.01198,0.01875,0.63895,Chef Knife Set,Trail Mix 1kg,Home & Kitchen,Gourmet Grocery
P084,P014,31,0.00033,0.01784,0.02792,0.63895,Trail Mix 1kg,Chef Knife Set,Gourmet Grocery,Home & Kitchen
P075,P020,36,0.00039,0.01969,0.03084,0.63858,RC Car,Stand Mixer,Toys & Games,Home & Kitchen
P020,P075,36,0.00039,0.0126,0.01973,0.63858,Stand Mixer,RC Car,Home & Kitchen,Toys & Games
P004,P023,126,0.00136,0.02509,0.03931,0.63825,Phone Case,Glass Storage Set,Electronics,Home & Kitchen
P023,P004,126,0.00136,0.03459,0.05419,0.63825,Glass Storage Set,Phone Case,Home & Kitchen,Electronics
P016,P046,62,0.00067,0.02474,0.03878,0.63795,Burr Coffee Grinder,Organic Cotton Tee,Home & Kitchen,Apparel
P046,P016,62,0.00067,0.01725,0.02704,0.63795,Organic Cotton Tee,Burr Coffee Grinder,Apparel,Home & Kitchen
P038,P023,25,0.00027,0.02508,0.03931,0.63788,Camp Lantern,Glass Storage Set,Outdoor & Camping,Home & Kitchen
P023,P038,25,0.00027,0.00686,0.01076,0.63788,Glass Storage Set,Camp Lantern,Home & Kitchen,Outdoor & Camping
P052,P025,50,0.00054,0.01321,0.02071,0.63778,Adjustable Dumbbells,Dinnerware 16pc,Sports & Fitness,Home & Kitchen
P025,P052,50,0.00054,0.02606,0.04085,0.63778,Dinnerware 16pc,Adjustable Dumbbells,Home & Kitchen,Sports & Fitness
P033,P075,32,0.00035,0.01258,0.01973,0.63769,Camp Chair,RC Car,Outdoor & Camping,Toys & Games
P075,P033,32,0.00035,0.01751,0.02745,0.63769,RC Car,Camp Chair,Toys & Games,Outdoor & Camping
P028,P008,53,0.00057,0.01852,0.02906,0.63749,Sleeping Bag,Noise-Cancelling Headphones,Outdoor & Camping,Electronics
P008,P028,53,0.00057,0.01968,0.03087,0.63749,Noise-Cancelling Headphones,Sleeping Bag,Electronics,Outdoor & Camping
P076,P013,76,0.00082,0.01617,0.02537,0.63741,Plush Bear,Tablet Sleeve,Toys & Games,Electronics
P013,P076,76,0.00082,0.03233,0.05072,0.63741,Tablet Sleeve,Plush Bear,Electronics,Toys & Games
P072,P004,113,0.00122,0.03452,0.05419,0.6371,Building Blocks 500pc,Phone Case,Toys & Games,Electronics
P004,P072,113,0.00122,0.0225,0.03532,0.6371,Phone Case,Building Blocks 500pc,Electronics,Toys & Games
P044,P021,50,0.00054,0.01502,0.02358,0.63703,Wool Socks 3-Pack,Air Fryer,Apparel,Home & Kitchen
P021,P044,50,0.00054,0.02288,0.03592,0.63703,Air Fryer,Wool Socks 3-Pack,Home & Kitchen,Apparel
P042,P026,78,0.00084,0.01875,0.02945,0.63688,Hiking Boots,Scented Candle,Apparel,Home & Kitchen
P026,P042,78,0.00084,0.02858,0.04488,0.63688,Scented Candle,Hiking Boots,Home & Kitchen,Apparel
P060,P017,36,0.00039,0.02049,0.03218,0.63676,Protein Shaker,French Press,Sports & Fitness,Home & Kitchen
P017,P060,36,0.00039,0.01207,0.01896,0.63676,French Press,Protein Shaker,Home & Kitchen,Sports & Fitness
P050,P020,78,0.00084,0.01963,0.03084,0.63644,Leather Belt,Stand Mixer,Apparel,Home & Kitchen
P020,P050,78,0.00084,0.02729,0.04288,0.63644,Stand Mixer,Leather Belt,Home & Kitchen,Apparel
P040,P020,58,0.00063,0.01962,0.03084,0.63623,Fleece Pullover,Stand Mixer,Apparel,Home & Kitchen
P020,P040,58,0.00063,0.02029,0.0319,0.63623,Stand Mixer,Fleece Pullover,Home & Kitchen,Apparel
P023,P068,74,0.0008,0.02031,0.03193,0.63618,Glass Storage Set,Bamboo Toothbrush 4-Pack,Home & Kitchen,Beauty & Care
P068,P023,74,0.0008,0.02501,0.03931,0.63618,Bamboo Toothbrush 4-Pack,Glass Storage Set,Beauty & Care,Home & Kitchen
P062,P044,115,0.00124,0.02285,0.03592,0.63608,Vitamin C Serum,Wool Socks 3-Pack,Beauty & Care,Apparel
P044,P062,115,0.00124,0.03454,0.05431,0.63608,Wool Socks 3-Pack,Vitamin C Serum,Apparel,Beauty & Care
P008,P078,36,0.00039,0.01337,0.02102,0.63596,Noise-Cancelling Headphones,Card Game,Electronics,Toys & Games
P078,P008,36,0.00039,0.01848,0.02906,0.63596,Card Game,Noise-Cancelling Headphones,Toys & Games,Electronics
P061,P034,38,0.00041,0.02199,0.03458,0.63587,Yoga Block Set,Trekking Poles,Sports & Fitness,Outdoor & Camping
P034,P061,38,0.00041,0.01186,0.01865,0.63587,Trekking Poles,Yoga Block Set,Outdoor & Camping,Sports & Fitness
P061,P022,51,0.00055,0.02951,0.04642,0.63578,Yoga Block Set,Linen Towel Set,Sports & Fitness,Home & Kitchen
P022,P061,51,0.00055,0.01185,0.01865,0.63578,Linen Towel Set,Yoga Block Set,Home & Kitchen,Sports & Fitness
P044,P009,69,0.00074,0.02073,0.03262,0.6354,Wool Socks 3-Pack,Smart Plug 2-Pack,Apparel,Electronics
P009,P044,69,0.00074,0.02283,0.03592,0.6354,Smart Plug 2-Pack,Wool Socks 3-Pack,Electronics,Apparel
P005,P044,71,0.00077,0.02282,0.03592,0.63533,USB-C Fast Charger,Wool Socks 3-Pack,Electronics,Apparel
P044,P005,71,0.00077,0.02133,0.03357,0.63533,Wool Socks 3-Pack,USB-C Fast Charger,Apparel,Electronics
P048,P067,48,0.00052,0.01395,0.02196,0.63525,Down Vest,Lip Balm 4-Pack,Apparel,Beauty & Care
P067,P048,48,0.00052,0.02359,0.03713,0.63525,Lip Balm 4-Pack,Down Vest,Beauty & Care,Apparel
P030,P055,64,0.00069,0.02362,0.0372,0.63516,Headlamp,Foam Roller,Outdoor & Camping,Sports & Fitness
P055,P030,64,0.00069,0.01857,0.02923,0.63516,Foam Roller,Headlamp,Sports & Fitness,Outdoor & Camping
P052,P018,37,0.0004,0.00977,0.01539,0.63512,Adjustable Dumbbells,Non-Stick Pan Set,Sports & Fitness,Home & Kitchen
P018,P052,37,0.0004,0.02595,0.04085,0.63512,Non-Stick Pan Set,Adjustable Dumbbells,Home & Kitchen,Sports & Fitness
P084,P009,36,0.00039,0.02071,0.03262,0.63499,Trail Mix 1kg,Smart Plug 2-Pack,Gourmet Grocery,Electronics
P009,P084,36,0.00039,0.01191,0.01875,0.63499,Smart Plug 2-Pack,Trail Mix 1kg,Electronics,Gourmet Grocery
P072,P021,49,0.00053,0.01497,0.02358,0.63497,Building Blocks 500pc,Air Fryer,Toys & Games,Home & Kitchen
P021,P072,49,0.00053,0.02243,0.03532,0.63497,Air Fryer,Building Blocks 500pc,Home & Kitchen,Toys & Games
P055,P043,46,0.0005,0.01334,0.02102,0.63486,Foam Roller,Trail Running Shoes,Sports & Fitness,Apparel
P043,P055,46,0.0005,0.02361,0.0372,0.63486,Trail Running Shoes,Foam Roller,Apparel,Sports & Fitness
P008,P017,55,0.00059,0.02042,0.03218,0.6347,Noise-Cancelling Headphones,French Press,Electronics,Home & Kitchen
P017,P008,55,0.00059,0.01844,0.02906,0.6347,French Press,Noise-Cancelling Headphones,Home & Kitchen,Electronics
P004,P025,66,0.00071,0.01314,0.02071,0.63467,Phone Case,Dinnerware 16pc,Electronics,Home & Kitchen
P025,P004,66,0.00071,0.03439,0.05419,0.63467,Dinnerware 16pc,Phone Case,Home & Kitchen,Electronics
P076,P031,38,0.00041,0.00809,0.01274,0.63444,Plush Bear,Hiking Backpack 40L,Toys & Games,Outdoor & Camping
P031,P076,38,0.00041,0.03218,0.05072,0.63444,Hiking Backpack 40L,Plush Bear,Outdoor & Camping,Toys & Games
P052,P003,60,0.00065,0.01585,0.02498,0.63441,Adjustable Dumbbells,Smartwatch,Sports & Fitness,Electronics
P003,P052,60,0.00065,0.02592,0.04085,0.63441,Smartwatch,Adjustable Dumbbells,Electronics,Sports & Fitness
P042,P001,118,0.00127,0.02837,0.04473,0.63434,Hiking Boots,Wireless Earbuds,Apparel,Electronics
P001,P042,118,0.00127,0.02847,0.04488,0.63434,Wireless Earbuds,Hiking Boots,Electronics,Apparel
P020,P084,34,0.00037,0.0119,0.01875,0.63434,Stand Mixer,Trail Mix 1kg,Home & Kitchen,Gourmet Grocery
P084,P020,34,0.00037,0.01956,0.03084,0.63434,Trail Mix 1kg,Stand Mixer,Gourmet Grocery,Home & Kitchen
P074,P047,51,0.00055,0.02846,0.04488,0.63416,Jigsaw Puzzle 1000pc,Chino Pants,Toys & Games,Apparel
P047,P074,51,0.00055,0.01226,0.01934,0.63416,Chino Pants,Jigsaw Puzzle 1000pc,Apparel,Toys & Games
P072,P020,64,0.00069,0.01955,0.03084,0.63405,Building Blocks 500pc,Stand Mixer,Toys & Games,Home & Kitchen
P020,P072,64,0.00069,0.02239,0.03532,0.63405,Stand Mixer,Building Blocks 500pc,Home & Kitchen,Toys & Games
P047,P009,86,0.00093,0.02068,0.03262,0.63391,Chino Pants,Smart Plug 2-Pack,Apparel,Electronics
P009,P047,86,0.00093,0.02845,0.04488,0.63391,Smart Plug 2-Pack,Chino Pants,Electronics,Apparel
P081,P010,55,0.00059,0.01792,0.02827,0.6339,Single-Origin Coffee Beans,Action Camera,Gourmet Grocery,Electronics
P010,P081,55,0.00059,0.02099,0.03312,0.6339,Action Camera,Single-Origin Coffee Beans,Electronics,Gourmet Grocery
P089,P034,40,0.00043,0.02192,0.03458,0.63376,Dried Mango,Trekking Poles,Gourmet Grocery,Outdoor & Camping
P034,P089,40,0.00043,0.01248,0.01969,0.63376,Trekking Poles,Dried Mango,Outdoor & Camping,Gourmet Grocery
P080,P062,29,0.00031,0.0344,0.05431,0.63343,Art Supplies Kit,Vitamin C Serum,Toys & Games,Beauty & Care
P062,P080,29,0.00031,0.00576,0.0091,0.63343,Vitamin C Serum,Art Supplies Kit,Beauty & Care,Toys & Games
P040,P083,121,0.00131,0.04093,0.06463,0.6334,Fleece Pullover,Extra Virgin Olive Oil,Apparel,Gourmet Grocery
P083,P040,121,0.00131,0.0202,0.0319,0.6334,Extra Virgin Olive Oil,Fleece Pullover,Gourmet Grocery,Apparel
P074,P020,35,0.00038,0.01953,0.03084,0.63332,Jigsaw Puzzle 1000pc,Stand Mixer,Toys & Games,Home & Kitchen
P020,P074,35,0.00038,0.01225,0.01934,0.63332,Stand Mixer,Jigsaw Puzzle 1000pc,Home & Kitchen,Toys & Games
P076,P068,95,0.00103,0.02021,0.03193,0.63304,Plush Bear,Bamboo Toothbrush 4-Pack,Toys & Games,Beauty & Care
P068,P076,95,0.00103,0.03211,0.05072,0.63304,Bamboo Toothbrush 4-Pack,Plush Bear,Beauty & Care,Toys & Games
P055,P016,59,0.00064,0.01712,0.02704,0.63297,Foam Roller,Burr Coffee Grinder,Sports & Fitness,Home & Kitchen
P016,P055,59,0.00064,0.02354,0.0372,0.63297,Burr Coffee Grinder,Foam Roller,Home & Kitchen,Sports & Fitness
P027,P062,97,0.00105,0.03436,0.05431,0.63268,2-Person Tent,Vitamin C Serum,Outdoor & Camping,Beauty & Care
P062,P027,97,0.00105,0.01927,0.03046,0.63268,Vitamin C Serum,2-Person Tent,Beauty & Care,Outdoor & Camping
P033,P083,104,0.00112,0.04088,0.06463,0.63258,Camp Chair,Extra Virgin Olive Oil,Outdoor & Camping,Gourmet Grocery
P083,P033,104,0.00112,0.01737,0.02745,0.63258,Extra Virgin Olive Oil,Camp Chair,Gourmet Grocery,Outdoor & Camping
P043,P020,38,0.00041,0.01951,0.03084,0.63254,Trail Running Shoes,Stand Mixer,Apparel,Home & Kitchen
P020,P043,38,0.00041,0.0133,0.02102,0.63254,Stand Mixer,Trail Running Shoes,Home & Kitchen,Apparel
P036,P012,43,0.00046,0.02798,0.04423,0.63251,Insect Repellent,Gaming Mouse,Outdoor & Camping,Electronics
P012,P036,43,0.00046,0.01049,0.01659,0.63251,Gaming Mouse,Insect Repellent,Electronics,Outdoor & Camping
P039,P059,81,0.00087,0.02852,0.04509,0.63248,Rain Jacket,Gym Bag,Apparel,Sports & Fitness
P059,P039,81,0.00087,0.01938,0.03065,0.63248,Gym Bag,Rain Jacket,Sports & Fitness,Apparel
P083,P034,131,0.00141,0.02187,0.03458,0.63247,Extra Virgin Olive Oil,Trekking Poles,Gourmet Grocery,Outdoor & Camping
P034,P083,131,0.00141,0.04087,0.06463,0.63247,Trekking Poles,Extra Virgin Olive Oil,Outdoor & Camping,Gourmet Grocery
P008,P049,39,0.00042,0.01448,0.0229,0.63246,Noise-Cancelling Headphones,Sun Hat,Electronics,Apparel
P049,P008,39,0.00042,0.01838,0.02906,0.63246,Sun Hat,Noise-Cancelling Headphones,Apparel,Electronics
P006,P059,42,0.00045,0.02851,0.04509,0.63231,Power Bank 20K,Gym Bag,Electronics,Sports & Fitness
P059,P006,42,0.00045,0.01005,0.01589,0.63231,Gym Bag,Power Bank 20K,Sports & Fitness,Electronics
P037,P005,61,0.00066,0.02122,0.03357,0.63226,Sleeping Pad,USB-C Fast Charger,Outdoor & Camping,Electronics
P005,P037,61,0.00066,0.01961,0.03101,0.63226,USB-C Fast Charger,Sleeping Pad,Electronics,Outdoor & Camping
P061,P042,49,0.00053,0.02836,0.04488,0.63185,Yoga Block Set,Hiking Boots,Sports & Fitness,Apparel
P042,P061,49,0.00053,0.01178,0.01865,0.63185,Hiking Boots,Yoga Block Set,Apparel,Sports & Fitness
P020,P027,55,0.00059,0.01924,0.03046,0.63175,Stand Mixer,2-Person Tent,Home & Kitchen,Outdoor & Camping
P027,P020,55,0.00059,0.01948,0.03084,0.63175,2-Person Tent,Stand Mixer,Outdoor & Camping,Home & Kitchen
P008,P016,46,0.0005,0.01708,0.02704,0.63167,Noise-Cancelling Headphones,Burr Coffee Grinder,Electronics,Home & Kitchen
P016,P008,46,0.0005,0.01836,0.02906,0.63167,Burr Coffee Grinder,Noise-Cancelling Headphones,Home & Kitchen,Electronics
P060,P039,34,0.00037,0.01935,0.03065,0.63145,Protein Shaker,Rain Jacket,Sports & Fitness,Apparel
P039,P060,34,0.00037,0.01197,0.01896,0.63145,Rain Jacket,Protein Shaker,Apparel,Sports & Fitness
P004,P070,44,0.00047,0.00876,0.01388,0.63138,Phone Case,Face Mask Set,Electronics,Beauty & Care
P070,P004,44,0.00047,0.03421,0.05419,0.63138,Face Mask Set,Phone Case,Beauty & Care,Electronics
P029,P059,28,0.0003,0.02846,0.04509,0.63102,Camping Stove,Gym Bag,Outdoor & Camping,Sports & Fitness
P059,P029,28,0.0003,0.0067,0.01062,0.63102,Gym Bag,Camping Stove,Sports & Fitness,Outdoor & Camping
P053,P008,29,0.00031,0.01833,0.02906,0.63082,Resistance Bands,Noise-Cancelling Headphones,Sports & Fitness,Electronics
P008,P053,29,0.00031,0.01077,0.01707,0.63082,Noise-Cancelling Headphones,Resistance Bands,Electronics,Sports & Fitness
P059,P050,113,0.00122,0.02704,0.04288,0.63057,Gym Bag,Leather Belt,Sports & Fitness,Apparel
P050,P059,113,0.00122,0.02843,0.04509,0.63057,Leather Belt,Gym Bag,Apparel,Sports & Fitness
P046,P024,38,0.00041,0.01057,0.01677,0.63053,Organic Cotton Tee,Electric Kettle,Apparel,Home & Kitchen
P024,P046,38,0.00041,0.02445,0.03878,0.63053,Electric Kettle,Organic Cotton Tee,Home & Kitchen,Apparel
P047,P066,50,0.00054,0.01202,0.01907,0.63052,Chino Pants,Beard Oil,Apparel,Beauty & Care
P066,P047,50,0.00054,0.0283,0.04488,0.63052,Beard Oil,Chino Pants,Beauty & Care,Apparel
P059,P030,77,0.00083,0.01843,0.02923,0.63032,Gym Bag,Headlamp,Sports & Fitness,Outdoor & Camping
P030,P059,77,0.00083,0.02842,0.04509,0.63032,Headlamp,Gym Bag,Outdoor & Camping,Sports & Fitness
P033,P074,31,0.00033,0.01219,0.01934,0.63017,Camp Chair,Jigsaw Puzzle 1000pc,Outdoor & Camping,Toys & Games
P074,P033,31,0.00033,0.0173,0.02745,0.63017,Jigsaw Puzzle 1000pc,Camp Chair,Toys & Games,Outdoor & Camping
P037,P074,35,0.00038,0.01218,0.01934,0.62979,Sleeping Pad,Jigsaw Puzzle 1000pc,Outdoor & Camping,Toys & Games
P074,P037,35,0.00038,0.01953,0.03101,0.62979,Jigsaw Puzzle 1000pc,Sleeping Pad,Toys & Games,Outdoor & Camping
P012,P032,29,0.00031,0.00707,0.01124,0.62922,Gaming Mouse,Water Filter,Electronics,Outdoor & Camping
P032,P012,29,0.00031,0.02783,0.04423,0.62922,Water Filter,Gaming Mouse,Outdoor & Camping,Electronics
P016,P013,40,0.00043,0.01596,0.02537,0.62919,Burr Coffee Grinder,Tablet Sleeve,Home & Kitchen,Electronics
P013,P016,40,0.00043,0.01701,0.02704,0.62919,Tablet Sleeve,Burr Coffee Grinder,Electronics,Home & Kitchen
P074,P068,36,0.00039,0.02009,0.03193,0.62918,Jigsaw Puzzle 1000pc,Bamboo Toothbrush 4-Pack,Toys & Games,Beauty & Care
P068,P074,36,0.00039,0.01217,0.01934,0.62918,Bamboo Toothbrush 4-Pack,Jigsaw Puzzle 1000pc,Beauty & Care,Toys & Games
P076,P006,47,0.00051,0.01,0.01589,0.62914,Plush Bear,Power Bank 20K,Toys & Games,Electronics
P006,P076,47,0.00051,0.03191,0.05072,0.62914,Power Bank 20K,Plush Bear,Electronics,Toys & Games
P084,P041,32,0.00035,0.01841,0.02927,0.62893,Trail Mix 1kg,Merino Base Layer,Gourmet Grocery,Apparel
P041,P084,32,0.00035,0.0118,0.01875,0.62893,Merino Base Layer,Trail Mix 1kg,Apparel,Gourmet Grocery
P083,P031,48,0.00052,0.00801,0.01274,0.62891,Extra Virgin Olive Oil,Hiking Backpack 40L,Gourmet Grocery,Outdoor & Camping
P031,P083,48,0.00052,0.04064,0.06463,0.62891,Hiking Backpack 40L,Extra Virgin Olive Oil,Outdoor & Camping,Gourmet Grocery
P027,P076,90,0.00097,0.03188,0.05072,0.62862,2-Person Tent,Plush Bear,Outdoor & Camping,Toys & Games
P076,P027,90,0.00097,0.01915,0.03046,0.62862,Plush Bear,2-Person Tent,Toys & Games,Outdoor & Camping
P018,P034,31,0.00033,0.02174,0.03458,0.62859,Non-Stick Pan Set,Trekking Poles,Home & Kitchen,Outdoor & Camping
P034,P018,31,0.00033,0.00967,0.01539,0.62859,Trekking Poles,Non-Stick Pan Set,Outdoor & Camping,Home & Kitchen
P075,P027,35,0.00038,0.01915,0.03046,0.62854,RC Car,2-Person Tent,Toys & Games,Outdoor & Camping
P027,P075,35,0.00038,0.0124,0.01973,0.62854,2-Person Tent,RC Car,Outdoor & Camping,Toys & Games
P015,P062,63,0.00068,0.03413,0.05431,0.6284,Cast Iron Skillet,Vitamin C Serum,Home & Kitchen,Beauty & Care
P062,P015,63,0.00068,0.01252,0.01992,0.6284,Vitamin C Serum,Cast Iron Skillet,Beauty & Care,Home & Kitchen
P016,P054,29,0.00031,0.01157,0.01842,0.62826,Burr Coffee Grinder,Insulated Water Bottle,Home & Kitchen,Sports & Fitness
P054,P016,29,0.00031,0.01699,0.02704,0.62826,Insulated Water Bottle,Burr Coffee Grinder,Sports & Fitness,Home & Kitchen
P030,P022,79,0.00085,0.02916,0.04642,0.6282,Headlamp,Linen Towel Set,Outdoor & Camping,Home & Kitchen
P022,P030,79,0.00085,0.01836,0.02923,0.6282,Linen Towel Set,Headlamp,Home & Kitchen,Outdoor & Camping
P089,P016,31,0.00033,0.01699,0.02704,0.62816,Dried Mango,Burr Coffee Grinder,Gourmet Grocery,Home & Kitchen
P016,P089,31,0.00033,0.01237,0.01969,0.62816,Burr Coffee Grinder,Dried Mango,Home & Kitchen,Gourmet Grocery
P081,P008,56,0.0006,0.01825,0.02906,0.62793,Single-Origin Coffee Beans,Noise-Cancelling Headphones,Gourmet Grocery,Electronics
P008,P081,56,0.0006,0.02079,0.03312,0.62793,Noise-Cancelling Headphones,Single-Origin Coffee Beans,Electronics,Gourmet Grocery
P056,P081,33,0.00036,0.02079,0.03312,0.6279,Jump Rope,Single-Origin Coffee Beans,Sports & Fitness,Gourmet Grocery
P081,P056,33,0.00036,0.01075,0.01712,0.6279,Single-Origin Coffee Beans,Jump Rope,Gourmet Grocery,Sports & Fitness
P015,P042,52,0.00056,0.02817,0.04488,0.62768,Cast Iron Skillet,Hiking Boots,Home & Kitchen,Apparel
P042,P015,52,0.00056,0.0125,0.01992,0.62768,Hiking Boots,Cast Iron Skillet,Apparel,Home & Kitchen
P013,P044,53,0.00057,0.02254,0.03592,0.62757,Tablet Sleeve,Wool Socks 3-Pack,Electronics,Apparel
P044,P013,53,0.00057,0.01592,0.02537,0.62757,Wool Socks 3-Pack,Tablet Sleeve,Apparel,Electronics
P013,P043,31,0.00033,0.01319,0.02102,0.6273,Tablet Sleeve,Trail Running Shoes,Electronics,Apparel
P043,P013,31,0.00033,0.01591,0.02537,0.6273,Trail Running Shoes,Tablet Sleeve,Apparel,Electronics
P022,P041,79,0.00085,0.01836,0.02927,0.62728,Linen Towel Set,Merino Base Layer,Home & Kitchen,Apparel
P041,P022,79,0.00085,0.02912,0.04642,0.62728,Merino Base Layer,Linen Towel Set,Apparel,Home & Kitchen
P044,P024,35,0.00038,0.01051,0.01677,0.62698,Wool Socks 3-Pack,Electric Kettle,Apparel,Home & Kitchen
P024,P044,35,0.00038,0.02252,0.03592,0.62698,Electric Kettle,Wool Socks 3-Pack,Home & Kitchen,Apparel
P061,P027,33,0.00036,0.0191,0.03046,0.62692,Yoga Block Set,2-Person Tent,Sports & Fitness,Outdoor & Camping
P027,P061,33,0.00036,0.01169,0.01865,0.62692,2-Person Tent,Yoga Block Set,Outdoor & Camping,Sports & Fitness
P004,P089,62,0.00067,0.01235,0.01969,0.62691,Phone Case,Dried Mango,Electronics,Gourmet Grocery
P089,P004,62,0.00067,0.03397,0.05419,0.62691,Dried Mango,Phone Case,Gourmet Grocery,Electronics
P036,P008,28,0.0003,0.01822,0.02906,0.6269,Insect Repellent,Noise-Cancelling Headphones,Outdoor & Camping,Electronics
P008,P036,28,0.0003,0.0104,0.01659,0.6269,Noise-Cancelling Headphones,Insect Repellent,Electronics,Outdoor & Camping
P005,P018,30,0.00032,0.00964,0.01539,0.62669,USB-C Fast Charger,Non-Stick Pan Set,Electronics,Home & Kitchen
P018,P005,30,0.00032,0.02104,0.03357,0.62669,Non-Stick Pan Set,USB-C Fast Charger,Home & Kitchen,Electronics
P013,P089,29,0.00031,0.01234,0.01969,0.62638,Tablet Sleeve,Dried Mango,Electronics,Gourmet Grocery
P089,P013,29,0.00031,0.01589,0.02537,0.62638,Dried Mango,Tablet Sleeve,Gourmet Grocery,Electronics
P001,P070,36,0.00039,0.00869,0.01388,0.62588,Wireless Earbuds,Face Mask Set,Electronics,Beauty & Care
P070,P001,36,0.00039,0.02799,0.04473,0.62588,Face Mask Set,Wireless Earbuds,Beauty & Care,Electronics
P005,P041,57,0.00062,0.01832,0.02927,0.62586,USB-C Fast Charger,Merino Base Layer,Electronics,Apparel
P041,P005,57,0.00062,0.02101,0.03357,0.62586,Merino Base Layer,USB-C Fast Charger,Apparel,Electronics
P044,P034,72,0.00078,0.02163,0.03458,0.62538,Wool Socks 3-Pack,Trekking Poles,Apparel,Outdoor & Camping
P034,P044,72,0.00078,0.02246,0.03592,0.62538,Trekking Poles,Wool Socks 3-Pack,Outdoor & Camping,Apparel
P004,P081,104,0.00112,0.02071,0.03312,0.62534,Phone Case,Single-Origin Coffee Beans,Electronics,Gourmet Grocery
P081,P004,104,0.00112,0.03389,0.05419,0.62534,Single-Origin Coffee Beans,Phone Case,Gourmet Grocery,Electronics
P083,P060,71,0.00077,0.01186,0.01896,0.6253,Extra Virgin Olive Oil,Protein Shaker,Gourmet Grocery,Sports & Fitness
P060,P083,71,0.00077,0.04041,0.06463,0.6253,Protein Shaker,Extra Virgin Olive Oil,Sports & Fitness,Gourmet Grocery
P014,P008,47,0.00051,0.01817,0.02906,0.6252,Chef Knife Set,Noise-Cancelling Headphones,Home & Kitchen,Electronics
P008,P014,47,0.00051,0.01745,0.02792,0.6252,Noise-Cancelling Headphones,Chef Knife Set,Electronics,Home & Kitchen
P018,P042,40,0.00043,0.02805,0.04488,0.62504,Non-Stick Pan Set,Hiking Boots,Home & Kitchen,Apparel
P042,P018,40,0.00043,0.00962,0.01539,0.62504,Hiking Boots,Non-Stick Pan Set,Apparel,Home & Kitchen
P004,P017,101,0.00109,0.02011,0.03218,0.62501,Phone Case,French Press,Electronics,Home & Kitchen
P017,P004,101,0.00109,0.03387,0.05419,0.62501,French Press,Phone Case,Home & Kitchen,Electronics
P004,P031,40,0.00043,0.00796,0.01274,0.62501,Phone Case,Hiking Backpack 40L,Electronics,Outdoor & Camping
P031,P004,40,0.00043,0.03387,0.05419,0.62501,Hiking Backpack 40L,Phone Case,Outdoor & Camping,Electronics
P037,P059,81,0.00087,0.02818,0.04509,0.625,Sleeping Pad,Gym Bag,Outdoor & Camping,Sports & Fitness
P059,P037,81,0.00087,0.01938,0.03101,0.625,Gym Bag,Sleeping Pad,Sports & Fitness,Outdoor & Camping
P030,P040,54,0.00058,0.01993,0.0319,0.62493,Headlamp,Fleece Pullover,Outdoor & Camping,Apparel
P040,P030,54,0.00058,0.01827,0.02923,0.62493,Fleece Pullover,Headlamp,Apparel,Outdoor & Camping
P039,P075,35,0.00038,0.01232,0.01973,0.62478,Rain Jacket,RC Car,Apparel,Toys & Games
P075,P039,35,0.00038,0.01915,0.03065,0.62478,RC Car,Rain Jacket,Toys & Games,Apparel
P031,P001,33,0.00036,0.02794,0.04473,0.62473,Hiking Backpack 40L,Wireless Earbuds,Outdoor & Camping,Electronics
P001,P031,33,0.00036,0.00796,0.01274,0.62473,Wireless Earbuds,Hiking Backpack 40L,Electronics,Outdoor & Camping
P014,P013,41,0.00044,0.01585,0.02537,0.62472,Chef Knife Set,Tablet Sleeve,Home & Kitchen,Electronics
P013,P014,41,0.00044,0.01744,0.02792,0.62472,Tablet Sleeve,Chef Knife Set,Electronics,Home & Kitchen
P048,P033,59,0.00064,0.01715,0.02745,0.6246,Down Vest,Camp Chair,Apparel,Outdoor & Camping
P033,P048,59,0.00064,0.02319,0.03713,0.6246,Camp Chair,Down Vest,Outdoor & Camping,Apparel
P039,P013,45,0.00049,0.01585,0.02537,0.62459,Rain Jacket,Tablet Sleeve,Apparel,Electronics
P013,P039,45,0.00049,0.01914,0.03065,0.62459,Tablet Sleeve,Rain Jacket,Electronics,Apparel
P066,P009,36,0.00039,0.02037,0.03262,0.62457,Beard Oil,Smart Plug 2-Pack,Beauty & Care,Electronics
P009,P066,36,0.00039,0.01191,0.01907,0.62457,Smart Plug 2-Pack,Beard Oil,Electronics,Beauty & Care
P028,P025,37,0.0004,0.01293,0.02071,0.62454,Sleeping Bag,Dinnerware 16pc,Outdoor & Camping,Home & Kitchen
P025,P028,37,0.0004,0.01928,0.03087,0.62454,Dinnerware 16pc,Sleeping Bag,Home & Kitchen,Outdoor & Camping
P037,P039,55,0.00059,0.01914,0.03065,0.62447,Sleeping Pad,Rain Jacket,Outdoor & Camping,Apparel
P039,P037,55,0.00059,0.01937,0.03101,0.62447,Rain Jacket,Sleeping Pad,Apparel,Outdoor & Camping
P054,P040,34,0.00037,0.01992,0.0319,0.62444,Insulated Water Bottle,Fleece Pullover,Sports & Fitness,Apparel
P040,P054,34,0.00037,0.0115,0.01842,0.62444,Fleece Pullover,Insulated Water Bottle,Apparel,Sports & Fitness
P044,P075,41,0.00044,0.01232,0.01973,0.62438,Wool Socks 3-Pack,RC Car,Apparel,Toys & Games
P075,P044,41,0.00044,0.02243,0.03592,0.62438,RC Car,Wool Socks 3-Pack,Toys & Games,Apparel
P047,P067,57,0.00062,0.01371,0.02196,0.62413,Chino Pants,Lip Balm 4-Pack,Apparel,Beauty & Care
P067,P047,57,0.00062,0.02801,0.04488,0.62413,Lip Balm 4-Pack,Chino Pants,Beauty & Care,Apparel
P008,P022,78,0.00084,0.02896,0.04642,0.62394,Noise-Cancelling Headphones,Linen Towel Set,Electronics,Home & Kitchen
P022,P008,78,0.00084,0.01813,0.02906,0.62394,Linen Towel Set,Noise-Cancelling Headphones,Home & Kitchen,Electronics
P060,P001,49,0.00053,0.02789,0.04473,0.62352,Protein Shaker,Wireless Earbuds,Sports & Fitness,Electronics
P001,P060,49,0.00053,0.01182,0.01896,0.62352,Wireless Earbuds,Protein Shaker,Electronics,Sports & Fitness
P022,P076,136,0.00147,0.03161,0.05072,0.62334,Linen Towel Set,Plush Bear,Home & Kitchen,Toys & Games
P076,P022,136,0.00147,0.02894,0.04642,0.62334,Plush Bear,Linen Towel Set,Toys & Games,Home & Kitchen
P053,P076,50,0.00054,0.03161,0.05072,0.62319,Resistance Bands,Plush Bear,Sports & Fitness,Toys & Games
P076,P053,50,0.00054,0.01064,0.01707,0.62319,Plush Bear,Resistance Bands,Toys & Games,Sports & Fitness
P048,P081,71,0.00077,0.02063,0.03312,0.62306,Down Vest,Single-Origin Coffee Beans,Apparel,Gourmet Grocery
P081,P048,71,0.00077,0.02313,0.03713,0.62306,Single-Origin Coffee Beans,Down Vest,Gourmet Grocery,Apparel
P025,P009,39,0.00042,0.02032,0.03262,0.62302,Dinnerware 16pc,Smart Plug 2-Pack,Home & Kitchen,Electronics
P009,P025,39,0.00042,0.0129,0.02071,0.62302,Smart Plug 2-Pack,Dinnerware 16pc,Electronics,Home & Kitchen
P034,P059,90,0.00097,0.02808,0.04509,0.62272,Trekking Poles,Gym Bag,Outdoor & Camping,Sports & Fitness
P059,P034,90,0.00097,0.02154,0.03458,0.62272,Gym Bag,Trekking Poles,Sports & Fitness,Outdoor & Camping
P087,P042,37,0.0004,0.02795,0.04488,0.6227,Hot Sauce Trio,Hiking Boots,Gourmet Grocery,Apparel
P042,P087,37,0.0004,0.0089,0.01429,0.6227,Hiking Boots,Hot Sauce Trio,Apparel,Gourmet Grocery
P061,P072,38,0.00041,0.02199,0.03532,0.62265,Yoga Block Set,Building Blocks 500pc,Sports & Fitness,Toys & Games
P072,P061,38,0.00041,0.01161,0.01865,0.62265,Building Blocks 500pc,Yoga Block Set,Toys & Games,Sports & Fitness
P069,P020,25,0.00027,0.0192,0.03084,0.62262,Body Wash,Stand Mixer,Beauty & Care,Home & Kitchen
P020,P069,25,0.00027,0.00875,0.01405,0.62262,Stand Mixer,Body Wash,Home & Kitchen,Beauty & Care
P020,P030,52,0.00056,0.01819,0.02923,0.62242,Stand Mixer,Headlamp,Home & Kitchen,Outdoor & Camping
P030,P020,52,0.00056,0.0192,0.03084,0.62242,Headlamp,Stand Mixer,Outdoor & Camping,Home & Kitchen
P055,P050,92,0.00099,0.02669,0.04288,0.6224,Foam Roller,Leather Belt,Sports & Fitness,Apparel
P050,P055,92,0.00099,0.02315,0.0372,0.6224,Leather Belt,Foam Roller,Apparel,Sports & Fitness
P037,P001,80,0.00086,0.02784,0.04473,0.62235,Sleeping Pad,Wireless Earbuds,Outdoor & Camping,Electronics
P001,P037,80,0.00086,0.0193,0.03101,0.62235,Wireless Earbuds,Sleeping Pad,Electronics,Outdoor & Camping
P050,P052,101,0.00109,0.02542,0.04085,0.62211,Leather Belt,Adjustable Dumbbells,Apparel,Sports & Fitness
P052,P050,101,0.00109,0.02668,0.04288,0.62211,Adjustable Dumbbells,Leather Belt,Sports & Fitness,Apparel
P076,P024,49,0.00053,0.01043,0.01677,0.62173,Plush Bear,Electric Kettle,Toys & Games,Home & Kitchen
P024,P076,49,0.00053,0.03153,0.05072,0.62173,Electric Kettle,Plush Bear,Home & Kitchen,Toys & Games
P001,P049,59,0.00064,0.01423,0.0229,0.62163,Wireless Earbuds,Sun Hat,Electronics,Apparel
P049,P001,59,0.00064,0.0278,0.04473,0.62163,Sun Hat,Wireless Earbuds,Apparel,Electronics
P086,P017,29,0.00031,0.02,0.03218,0.62155,Raw Honey,French Press,Gourmet Grocery,Home & Kitchen
P017,P086,29,0.00031,0.00973,0.01565,0.62155,French Press,Raw Honey,Home & Kitchen,Gourmet Grocery
P044,P074,40,0.00043,0.01202,0.01934,0.62139,Wool Socks 3-Pack,Jigsaw Puzzle 1000pc,Apparel,Toys & Games
P074,P044,40,0.00043,0.02232,0.03592,0.62139,Jigsaw Puzzle 1000pc,Wool Socks 3-Pack,Toys & Games,Apparel
P004,P018,48,0.00052,0.00956,0.01539,0.62115,Phone Case,Non-Stick Pan Set,Electronics,Home & Kitchen
P018,P004,48,0.00052,0.03366,0.05419,0.62115,Non-Stick Pan Set,Phone Case,Home & Kitchen,Electronics
P047,P071,49,0.00053,0.01178,0.01897,0.62107,Chino Pants,Perfume 50ml,Apparel,Beauty & Care
P071,P047,49,0.00053,0.02787,0.04488,0.62107,Perfume 50ml,Chino Pants,Beauty & Care,Apparel
P040,P052,75,0.00081,0.02537,0.04085,0.62105,Fleece Pullover,Adjustable Dumbbells,Apparel,Sports & Fitness
P052,P040,75,0.00081,0.01981,0.0319,0.62105,Adjustable Dumbbells,Fleece Pullover,Sports & Fitness,Apparel
P055,P020,66,0.00071,0.01915,0.03084,0.62086,Foam Roller,Stand Mixer,Sports & Fitness,Home & Kitchen
P020,P055,66,0.00071,0.02309,0.0372,0.62086,Stand Mixer,Foam Roller,Home & Kitchen,Sports & Fitness
P016,P061,29,0.00031,0.01157,0.01865,0.62062,Burr Coffee Grinder,Yoga Block Set,Home & Kitchen,Sports & Fitness
P061,P016,29,0.00031,0.01678,0.02704,0.62062,Yoga Block Set,Burr Coffee Grinder,Sports & Fitness,Home & Kitchen
P075,P009,37,0.0004,0.02024,0.03262,0.6205,RC Car,Smart Plug 2-Pack,Toys & Games,Electronics
P009,P075,37,0.0004,0.01224,0.01973,0.6205,Smart Plug 2-Pack,RC Car,Electronics,Toys & Games
P032,P022,30,0.00032,0.02879,0.04642,0.62021,Water Filter,Linen Towel Set,Outdoor & Camping,Home & Kitchen
P022,P032,30,0.00032,0.00697,0.01124,0.62021,Linen Towel Set,Water Filter,Home & Kitchen,Outdoor & Camping
P010,P057,26,0.00028,0.00992,0.016,0.62013,Action Camera,Fitness Tracker,Electronics,Sports & Fitness
P057,P010,26,0.00028,0.01753,0.02827,0.62013,Fitness Tracker,Action Camera,Sports & Fitness,Electronics
P068,P026,54,0.00058,0.01825,0.02945,0.61972,Bamboo Toothbrush 4-Pack,Scented Candle,Beauty & Care,Home & Kitchen
P026,P068,54,0.00058,0.01979,0.03193,0.61972,Scented Candle,Bamboo Toothbrush 4-Pack,Home & Kitchen,Beauty & Care
P066,P030,32,0.00035,0.01811,0.02923,0.61952,Beard Oil,Headlamp,Beauty & Care,Outdoor & Camping
P030,P066,32,0.00035,0.01181,0.01907,0.61952,Headlamp,Beard Oil,Outdoor & Camping,Beauty & Care
P055,P083,138,0.00149,0.04003,0.06463,0.61949,Foam Roller,Extra Virgin Olive Oil,Sports & Fitness,Gourmet Grocery
P083,P055,138,0.00149,0.02304,0.0372,0.61949,Extra Virgin Olive Oil,Foam Roller,Gourmet Grocery,Sports & Fitness
P072,P024,34,0.00037,0.01039,0.01677,0.61949,Building Blocks 500pc,Electric Kettle,Toys & Games,Home & Kitchen
P024,P072,34,0.00037,0.02188,0.03532,0.61949,Electric Kettle,Building Blocks 500pc,Home & Kitchen,Toys & Games
P061,P020,33,0.00036,0.0191,0.03084,0.61924,Yoga Block Set,Stand Mixer,Sports & Fitness,Home & Kitchen
P020,P061,33,0.00036,0.01155,0.01865,0.61924,Stand Mixer,Yoga Block Set,Home & Kitchen,Sports & Fitness
P063,P004,31,0.00033,0.03355,0.05419,0.61911,Daily Moisturizer,Phone Case,Beauty & Care,Electronics
P004,P063,31,0.00033,0.00617,0.00997,0.61911,Phone Case,Daily Moisturizer,Electronics,Beauty & Care
P033,P054,29,0.00031,0.0114,0.01842,0.61887,Camp Chair,Insulated Water Bottle,Outdoor & Camping,Sports & Fitness
P054,P033,29,0.00031,0.01699,0.02745,0.61887,Insulated Water Bottle,Camp Chair,Sports & Fitness,Outdoor & Camping
P034,P052,81,0.00087,0.02527,0.04085,0.61863,Trekking Poles,Adjustable Dumbbells,Outdoor & Camping,Sports & Fitness
P052,P034,81,0.00087,0.02139,0.03458,0.61863,Adjustable Dumbbells,Trekking Poles,Sports & Fitness,Outdoor & Camping
P040,P055,68,0.00073,0.023,0.0372,0.61847,Fleece Pullover,Foam Roller,Apparel,Sports & Fitness
P055,P040,68,0.00073,0.01973,0.0319,0.61847,Foam Roller,Fleece Pullover,Sports & Fitness,Apparel
P044,P015,41,0.00044,0.01232,0.01992,0.61829,Wool Socks 3-Pack,Cast Iron Skillet,Apparel,Home & Kitchen
P015,P044,41,0.00044,0.02221,0.03592,0.61829,Cast Iron Skillet,Wool Socks 3-Pack,Home & Kitchen,Apparel
P033,P022,73,0.00079,0.02869,0.04642,0.61814,Camp Chair,Linen Towel Set,Outdoor & Camping,Home & Kitchen
P022,P033,73,0.00079,0.01697,0.02745,0.61814,Linen Towel Set,Camp Chair,Home & Kitchen,Outdoor & Camping
P004,P040,99,0.00107,0.01971,0.0319,0.61803,Phone Case,Fleece Pullover,Electronics,Apparel
P040,P004,99,0.00107,0.03349,0.05419,0.61803,Fleece Pullover,Phone Case,Apparel,Electronics
P041,P030,49,0.00053,0.01806,0.02923,0.61786,Merino Base Layer,Headlamp,Apparel,Outdoor & Camping
P030,P041,49,0.00053,0.01809,0.02927,0.61786,Headlamp,Merino Base Layer,Outdoor & Camping,Apparel
P042,P056,44,0.00047,0.01058,0.01712,0.61779,Hiking Boots,Jump Rope,Apparel,Sports & Fitness
P056,P042,44,0.00047,0.02773,0.04488,0.61779,Jump Rope,Hiking Boots,Sports & Fitness,Apparel
P058,P083,42,0.00045,0.03992,0.06463,0.61778,Kettlebell 12kg,Extra Virgin Olive Oil,Sports & Fitness,Gourmet Grocery
P083,P058,42,0.00045,0.00701,0.01135,0.61778,Extra Virgin Olive Oil,Kettlebell 12kg,Gourmet Grocery,Sports & Fitness
P042,P068,82,0.00088,0.01972,0.03193,0.61749,Hiking Boots,Bamboo Toothbrush 4-Pack,Apparel,Beauty & Care
P068,P042,82,0.00088,0.02771,0.04488,0.61749,Bamboo Toothbrush 4-Pack,Hiking Boots,Beauty & Care,Apparel
P014,P068,51,0.00055,0.01971,0.03193,0.61742,Chef Knife Set,Bamboo Toothbrush 4-Pack,Home & Kitchen,Beauty & Care
P068,P014,51,0.00055,0.01724,0.02792,0.61742,Bamboo Toothbrush 4-Pack,Chef Knife Set,Beauty & Care,Home & Kitchen
P009,P021,44,0.00047,0.01456,0.02358,0.61733,Smart Plug 2-Pack,Air Fryer,Electronics,Home & Kitchen
P021,P009,44,0.00047,0.02014,0.03262,0.61733,Air Fryer,Smart Plug 2-Pack,Home & Kitchen,Electronics
P075,P034,39,0.00042,0.02133,0.03458,0.6169,RC Car,Trekking Poles,Toys & Games,Outdoor & Camping
P034,P075,39,0.00042,0.01217,0.01973,0.6169,Trekking Poles,RC Car,Outdoor & Camping,Toys & Games
P020,P003,44,0.00047,0.0154,0.02498,0.6163,Stand Mixer,Smartwatch,Home & Kitchen,Electronics
P003,P020,44,0.00047,0.01901,0.03084,0.6163,Smartwatch,Stand Mixer,Electronics,Home & Kitchen
P052,P021,55,0.00059,0.01453,0.02358,0.61615,Adjustable Dumbbells,Air Fryer,Sports & Fitness,Home & Kitchen
P021,P052,55,0.00059,0.02517,0.04085,0.61615,Air Fryer,Adjustable Dumbbells,Home & Kitchen,Sports & Fitness
P072,P055,75,0.00081,0.02291,0.0372,0.61607,Building Blocks 500pc,Foam Roller,Toys & Games,Sports & Fitness
P055,P072,75,0.00081,0.02176,0.03532,0.61607,Foam Roller,Building Blocks 500pc,Sports & Fitness,Toys & Games
P013,P042,65,0.0007,0.02765,0.04488,0.61606,Tablet Sleeve,Hiking Boots,Electronics,Apparel
P042,P013,65,0.0007,0.01563,0.02537,0.61606,Hiking Boots,Tablet Sleeve,Apparel,Electronics
P020,P078,37,0.0004,0.01295,0.02102,0.61589,Stand Mixer,Card Game,Home & Kitchen,Toys & Games
P078,P020,37,0.0004,0.01899,0.03084,0.61589,Card Game,Stand Mixer,Toys & Games,Home & Kitchen
P044,P036,34,0.00037,0.01021,0.01659,0.61581,Wool Socks 3-Pack,Insect Repellent,Apparel,Outdoor & Camping
P036,P044,34,0.00037,0.02212,0.03592,0.61581,Insect Repellent,Wool Socks 3-Pack,Outdoor & Camping,Apparel
P011,P023,32,0.00035,0.02421,0.03931,0.61576,E-Reader,Glass Storage Set,Electronics,Home & Kitchen
P023,P011,32,0.00035,0.00878,0.01427,0.61576,Glass Storage Set,E-Reader,Home & Kitchen,Electronics
P034,P068,63,0.00068,0.01966,0.03193,0.61563,Trekking Poles,Bamboo Toothbrush 4-Pack,Outdoor & Camping,Beauty & Care
P068,P034,63,0.00068,0.02129,0.03458,0.61563,Bamboo Toothbrush 4-Pack,Trekking Poles,Beauty & Care,Outdoor & Camping
P076,P045,33,0.00036,0.00702,0.01141,0.61559,Plush Bear,Denim Jacket,Toys & Games,Apparel
P045,P076,33,0.00036,0.03122,0.05072,0.61559,Denim Jacket,Plush Bear,Apparel,Toys & Games
P017,P066,35,0.00038,0.01174,0.01907,0.61557,French Press,Beard Oil,Home & Kitchen,Beauty & Care
P066,P017,35,0.00038,0.01981,0.03218,0.61557,Beard Oil,French Press,Beauty & Care,Home & Kitchen
P005,P074,37,0.0004,0.01189,0.01934,0.61506,USB-C Fast Charger,Jigsaw Puzzle 1000pc,Electronics,Toys & Games
P074,P005,37,0.0004,0.02065,0.03357,0.61506,Jigsaw Puzzle 1000pc,USB-C Fast Charger,Toys & Games,Electronics
P005,P067,42,0.00045,0.0135,0.02196,0.61481,USB-C Fast Charger,Lip Balm 4-Pack,Electronics,Beauty & Care
P067,P005,42,0.00045,0.02064,0.03357,0.61481,Lip Balm 4-Pack,USB-C Fast Charger,Beauty & Care,Electronics
P015,P009,37,0.0004,0.02004,0.03262,0.61445,Cast Iron Skillet,Smart Plug 2-Pack,Home & Kitchen,Electronics
P009,P015,37,0.0004,0.01224,0.01992,0.61445,Smart Plug 2-Pack,Cast Iron Skillet,Electronics,Home & Kitchen
P053,P040,31,0.00033,0.0196,0.0319,0.61433,Resistance Bands,Fleece Pullover,Sports & Fitness,Apparel
P040,P053,31,0.00033,0.01049,0.01707,0.61433,Fleece Pullover,Resistance Bands,Apparel,Sports & Fitness
P046,P026,65,0.0007,0.01809,0.02945,0.61416,Organic Cotton Tee,Scented Candle,Apparel,Home & Kitchen
P026,P046,65,0.0007,0.02382,0.03878,0.61416,Scented Candle,Organic Cotton Tee,Home & Kitchen,Apparel
P012,P066,48,0.00052,0.01171,0.01907,0.61416,Gaming Mouse,Beard Oil,Electronics,Beauty & Care
P066,P012,48,0.00052,0.02716,0.04423,0.61416,Beard Oil,Gaming Mouse,Beauty & Care,Electronics
P057,P033,25,0.00027,0.01686,0.02745,0.61409,Fitness Tracker,Camp Chair,Sports & Fitness,Outdoor & Camping
P033,P057,25,0.00027,0.00983,0.016,0.61409,Camp Chair,Fitness Tracker,Outdoor & Camping,Sports & Fitness
P001,P023,100,0.00108,0.02413,0.03931,0.61372,Wireless Earbuds,Glass Storage Set,Electronics,Home & Kitchen
P023,P001,100,0.00108,0.02745,0.04473,0.61372,Glass Storage Set,Wireless Earbuds,Home & Kitchen,Electronics
P010,P030,47,0.00051,0.01794,0.02923,0.61368,Action Camera,Headlamp,Electronics,Outdoor & Camping
P030,P010,47,0.00051,0.01735,0.02827,0.61368,Headlamp,Action Camera,Outdoor & Camping,Electronics
P020,P004,95,0.00103,0.03324,0.05419,0.61339,Stand Mixer,Phone Case,Home & Kitchen,Electronics
P004,P020,95,0.00103,0.01892,0.03084,0.61339,Phone Case,Stand Mixer,Electronics,Home & Kitchen
P048,P036,35,0.00038,0.01017,0.01659,0.61329,Down Vest,Insect Repellent,Apparel,Outdoor & Camping
P036,P048,35,0.00038,0.02277,0.03713,0.61329,Insect Repellent,Down Vest,Outdoor & Camping,Apparel
P086,P009,29,0.00031,0.02,0.03262,0.61312,Raw Honey,Smart Plug 2-Pack,Gourmet Grocery,Electronics
P009,P086,29,0.00031,0.00959,0.01565,0.61312,Smart Plug 2-Pack,Raw Honey,Electronics,Gourmet Grocery
P073,P005,27,0.00029,0.02058,0.03357,0.61303,Strategy Board Game,USB-C Fast Charger,Toys & Games,Electronics
P005,P073,27,0.00029,0.00868,0.01416,0.61303,USB-C Fast Charger,Strategy Board Game,Electronics,Toys & Games
P044,P028,63,0.00068,0.01892,0.03087,0.613,Wool Socks 3-Pack,Sleeping Bag,Apparel,Outdoor & Camping
P028,P044,63,0.00068,0.02202,0.03592,0.613,Sleeping Bag,Wool Socks 3-Pack,Outdoor & Camping,Apparel
P029,P022,28,0.0003,0.02846,0.04642,0.61298,Camping Stove,Linen Towel Set,Outdoor & Camping,Home & Kitchen
P022,P029,28,0.0003,0.00651,0.01062,0.61298,Linen Towel Set,Camping Stove,Home & Kitchen,Outdoor & Camping
P068,P013,46,0.0005,0.01555,0.02537,0.61279,Bamboo Toothbrush 4-Pack,Tablet Sleeve,Beauty & Care,Electronics
P013,P068,46,0.0005,0.01957,0.03193,0.61279,Tablet Sleeve,Bamboo Toothbrush 4-Pack,Electronics,Beauty & Care
P027,P023,68,0.00073,0.02409,0.03931,0.61276,2-Person Tent,Glass Storage Set,Outdoor & Camping,Home & Kitchen
P023,P027,68,0.00073,0.01867,0.03046,0.61276,Glass Storage Set,2-Person Tent,Home & Kitchen,Outdoor & Camping
P025,P012,52,0.00056,0.0271,0.04423,0.61264,Dinnerware 16pc,Gaming Mouse,Home & Kitchen,Electronics
P012,P025,52,0.00056,0.01269,0.02071,0.61264,Gaming Mouse,Dinnerware 16pc,Electronics,Home & Kitchen
P055,P034,73,0.00079,0.02118,0.03458,0.61236,Foam Roller,Trekking Poles,Sports & Fitness,Outdoor & Camping
P034,P055,73,0.00079,0.02278,0.0372,0.61236,Trekking Poles,Foam Roller,Outdoor & Camping,Sports & Fitness
P037,P084,33,0.00036,0.01148,0.01875,0.61225,Sleeping Pad,Trail Mix 1kg,Outdoor & Camping,Gourmet Grocery
P084,P037,33,0.00036,0.01899,0.03101,0.61225,Trail Mix 1kg,Sleeping Pad,Gourmet Grocery,Outdoor & Camping
P072,P067,44,0.00047,0.01344,0.02196,0.6122,Building Blocks 500pc,Lip Balm 4-Pack,Toys & Games,Beauty & Care
P067,P072,44,0.00047,0.02162,0.03532,0.6122,Lip Balm 4-Pack,Building Blocks 500pc,Beauty & Care,Toys & Games
P081,P062,102,0.0011,0.03324,0.05431,0.61197,Single-Origin Coffee Beans,Vitamin C Serum,Gourmet Grocery,Beauty & Care
P062,P081,102,0.0011,0.02027,0.03312,0.61197,Vitamin C Serum,Single-Origin Coffee Beans,Beauty & Care,Gourmet Grocery
P021,P042,60,0.00065,0.02746,0.04488,0.61188,Air Fryer,Hiking Boots,Home & Kitchen,Apparel
P042,P021,60,0.00065,0.01443,0.02358,0.61188,Hiking Boots,Air Fryer,Apparel,Home & Kitchen
P028,P048,65,0.0007,0.02272,0.03713,0.61188,Sleeping Bag,Down Vest,Outdoor & Camping,Apparel
P048,P028,65,0.0007,0.01889,0.03087,0.61188,Down Vest,Sleeping Bag,Apparel,Outdoor & Camping
P033,P020,48,0.00052,0.01887,0.03084,0.61181,Camp Chair,Stand Mixer,Outdoor & Camping,Home & Kitchen
P020,P033,48,0.00052,0.01679,0.02745,0.61181,Stand Mixer,Camp Chair,Home & Kitchen,Outdoor & Camping
P034,P007,30,0.00032,0.00936,0.0153,0.61174,Trekking Poles,10in Tablet,Outdoor & Camping,Electronics
P007,P034,30,0.00032,0.02116,0.03458,0.61174,10in Tablet,Trekking Poles,Electronics,Outdoor & Camping
P066,P003,27,0.00029,0.01528,0.02498,0.61169,Beard Oil,Smartwatch,Beauty & Care,Electronics
P003,P066,27,0.00029,0.01166,0.01907,0.61169,Smartwatch,Beard Oil,Electronics,Beauty & Care
P053,P037,30,0.00032,0.01896,0.03101,0.61148,Resistance Bands,Sleeping Pad,Sports & Fitness,Outdoor & Camping
P037,P053,30,0.00032,0.01044,0.01707,0.61148,Sleeping Pad,Resistance Bands,Outdoor & Camping,Sports & Fitness
P061,P033,29,0.00031,0.01678,0.02745,0.61135,Yoga Block Set,Camp Chair,Sports & Fitness,Outdoor & Camping
P033,P061,29,0.00031,0.0114,0.01865,0.61135,Camp Chair,Yoga Block Set,Outdoor & Camping,Sports & Fitness
P004,P068,98,0.00106,0.01951,0.03193,0.61116,Phone Case,Bamboo Toothbrush 4-Pack,Electronics,Beauty & Care
P068,P004,98,0.00106,0.03312,0.05419,0.61116,Bamboo Toothbrush 4-Pack,Phone Case,Beauty & Care,Electronics
P050,P088,25,0.00027,0.00629,0.01029,0.61111,Leather Belt,Gourmet Gift Basket,Apparel,Gourmet Grocery
P088,P050,25,0.00027,0.02621,0.04288,0.61111,Gourmet Gift Basket,Leather Belt,Gourmet Grocery,Apparel
P036,P001,42,0.00045,0.02733,0.04473,0.61095,Insect Repellent,Wireless Earbuds,Outdoor & Camping,Electronics
P001,P036,42,0.00045,0.01013,0.01659,0.61095,Wireless Earbuds,Insect Repellent,Electronics,Outdoor & Camping
P039,P034,60,0.00065,0.02113,0.03458,0.61088,Rain Jacket,Trekking Poles,Apparel,Outdoor & Camping
P034,P039,60,0.00065,0.01872,0.03065,0.61088,Trekking Poles,Rain Jacket,Outdoor & Camping,Apparel
P023,P037,69,0.00074,0.01894,0.03101,0.61074,Glass Storage Set,Sleeping Pad,Home & Kitchen,Outdoor & Camping
P037,P023,69,0.00074,0.02401,0.03931,0.61074,Sleeping Pad,Glass Storage Set,Outdoor & Camping,Home & Kitchen
P048,P027,64,0.00069,0.0186,0.03046,0.61057,Down Vest,2-Person Tent,Apparel,Outdoor & Camping
P027,P048,64,0.00069,0.02267,0.03713,0.61057,2-Person Tent,Down Vest,Outdoor & Camping,Apparel
P081,P070,26,0.00028,0.00847,0.01388,0.6105,Single-Origin Coffee Beans,Face Mask Set,Gourmet Grocery,Beauty & Care
P070,P081,26,0.00028,0.02022,0.03312,0.6105,Face Mask Set,Single-Origin Coffee Beans,Beauty & Care,Gourmet Grocery
P012,P021,59,0.00064,0.01439,0.02358,0.61049,Gaming Mouse,Air Fryer,Electronics,Home & Kitchen
P021,P012,59,0.00064,0.027,0.04423,0.61049,Air Fryer,Gaming Mouse,Home & Kitchen,Electronics
P087,P017,26,0.00028,0.01964,0.03218,0.61028,Hot Sauce Trio,French Press,Gourmet Grocery,Home & Kitchen
P017,P087,26,0.00028,0.00872,0.01429,0.61028,French Press,Hot Sauce Trio,Home & Kitchen,Gourmet Grocery
P030,P084,31,0.00033,0.01144,0.01875,0.61018,Headlamp,Trail Mix 1kg,Outdoor & Camping,Gourmet Grocery
P084,P030,31,0.00033,0.01784,0.02923,0.61018,Trail Mix 1kg,Headlamp,Gourmet Grocery,Outdoor & Camping
P084,P021,25,0.00027,0.01438,0.02358,0.61009,Trail Mix 1kg,Air Fryer,Gourmet Grocery,Home & Kitchen
P021,P084,25,0.00027,0.01144,0.01875,0.61009,Air Fryer,Trail Mix 1kg,Home & Kitchen,Gourmet Grocery
P071,P016,29,0.00031,0.0165,0.02704,0.61003,Perfume 50ml,Burr Coffee Grinder,Beauty & Care,Home & Kitchen
P016,P071,29,0.00031,0.01157,0.01897,0.61003,Burr Coffee Grinder,Perfume 50ml,Home & Kitchen,Beauty & Care
P074,P041,32,0.00035,0.01786,0.02927,0.60998,Jigsaw Puzzle 1000pc,Merino Base Layer,Toys & Games,Apparel
P041,P074,32,0.00035,0.0118,0.01934,0.60998,Merino Base Layer,Jigsaw Puzzle 1000pc,Apparel,Toys & Games
P081,P047,84,0.00091,0.02737,0.04488,0.60988,Single-Origin Coffee Beans,Chino Pants,Gourmet Grocery,Apparel
P047,P081,84,0.00091,0.0202,0.03312,0.60988,Chino Pants,Single-Origin Coffee Beans,Apparel,Gourmet Grocery
P003,P067,31,0.00033,0.01339,0.02196,0.60982,Smartwatch,Lip Balm 4-Pack,Electronics,Beauty & Care
P067,P003,31,0.00033,0.01523,0.02498,0.60982,Lip Balm 4-Pack,Smartwatch,Beauty & Care,Electronics
P054,P034,36,0.00039,0.02109,0.03458,0.60981,Insulated Water Bottle,Trekking Poles,Sports & Fitness,Outdoor & Camping
P034,P054,36,0.00039,0.01123,0.01842,0.60981,Trekking Poles,Insulated Water Bottle,Outdoor & Camping,Sports & Fitness
P070,P040,25,0.00027,0.01944,0.0319,0.60946,Face Mask Set,Fleece Pullover,Beauty & Care,Apparel
P040,P070,25,0.00027,0.00846,0.01388,0.60946,Fleece Pullover,Face Mask Set,Apparel,Beauty & Care
P088,P001,26,0.00028,0.02725,0.04473,0.60933,Gourmet Gift Basket,Wireless Earbuds,Gourmet Grocery,Electronics
P001,P088,26,0.00028,0.00627,0.01029,0.60933,Wireless Earbuds,Gourmet Gift Basket,Electronics,Gourmet Grocery
P010,P026,47,0.00051,0.01794,0.02945,0.60918,Action Camera,Scented Candle,Electronics,Home & Kitchen
P026,P010,47,0.00051,0.01722,0.02827,0.60918,Scented Candle,Action Camera,Home & Kitchen,Electronics
P046,P030,64,0.00069,0.01781,0.02923,0.60918,Organic Cotton Tee,Headlamp,Apparel,Outdoor & Camping
P030,P046,64,0.00069,0.02362,0.03878,0.60918,Headlamp,Organic Cotton Tee,Outdoor & Camping,Apparel
P037,P048,65,0.0007,0.02262,0.03713,0.60911,Sleeping Pad,Down Vest,Outdoor & Camping,Apparel
P048,P037,65,0.0007,0.01889,0.03101,0.60911,Down Vest,Sleeping Pad,Apparel,Outdoor & Camping
P003,P068,45,0.00049,0.01944,0.03193,0.60879,Smartwatch,Bamboo Toothbrush 4-Pack,Electronics,Beauty & Care
P068,P003,45,0.00049,0.01521,0.02498,0.60879,Bamboo Toothbrush 4-Pack,Smartwatch,Beauty & Care,Electronics
P060,P047,48,0.00052,0.02732,0.04488,0.60874,Protein Shaker,Chino Pants,Sports & Fitness,Apparel
P047,P060,48,0.00052,0.01154,0.01896,0.60874,Chino Pants,Protein Shaker,Apparel,Sports & Fitness
P062,P037,95,0.00103,0.01888,0.03101,0.60864,Vitamin C Serum,Sleeping Pad,Beauty & Care,Outdoor & Camping
P037,P062,95,0.00103,0.03305,0.05431,0.60864,Sleeping Pad,Vitamin C Serum,Outdoor & Camping,Beauty & Care
P007,P050,37,0.0004,0.02609,0.04288,0.60849,10in Tablet,Leather Belt,Electronics,Apparel
P050,P007,37,0.0004,0.00931,0.0153,0.60849,Leather Belt,10in Tablet,Apparel,Electronics
P071,P042,48,0.00052,0.0273,0.04488,0.6084,Perfume 50ml,Hiking Boots,Beauty & Care,Apparel
P042,P071,48,0.00052,0.01154,0.01897,0.6084,Hiking Boots,Perfume 50ml,Apparel,Beauty & Care
P021,P050,57,0.00062,0.02609,0.04288,0.60834,Air Fryer,Leather Belt,Home & Kitchen,Apparel
P050,P021,57,0.00062,0.01434,0.02358,0.60834,Leather Belt,Air Fryer,Apparel,Home & Kitchen
P010,P025,33,0.00036,0.0126,0.02071,0.60826,Action Camera,Dinnerware 16pc,Electronics,Home & Kitchen
P025,P010,33,0.00036,0.0172,0.02827,0.60826,Dinnerware 16pc,Action Camera,Home & Kitchen,Electronics
P050,P023,95,0.00103,0.02391,0.03931,0.60812,Leather Belt,Glass Storage Set,Apparel,Home & Kitchen
P023,P050,95,0.00103,0.02608,0.04288,0.60812,Glass Storage Set,Leather Belt,Home & Kitchen,Apparel
P033,P084,29,0.00031,0.0114,0.01875,0.60783,Camp Chair,Trail Mix 1kg,Outdoor & Camping,Gourmet Grocery
P084,P033,29,0.00031,0.01669,0.02745,0.60783,Trail Mix 1kg,Camp Chair,Gourmet Grocery,Outdoor & Camping
P086,P052,36,0.00039,0.02483,0.04085,0.60773,Raw Honey,Adjustable Dumbbells,Gourmet Grocery,Sports & Fitness
P052,P086,36,0.00039,0.00951,0.01565,0.60773,Adjustable Dumbbells,Raw Honey,Sports & Fitness,Gourmet Grocery
P016,P078,32,0.00035,0.01277,0.02102,0.60748,Burr Coffee Grinder,Card Game,Home & Kitchen,Toys & Games
P078,P016,32,0.00035,0.01643,0.02704,0.60748,Card Game,Burr Coffee Grinder,Toys & Games,Home & Kitchen
P005,P050,81,0.00087,0.02604,0.04288,0.60717,USB-C Fast Charger,Leather Belt,Electronics,Apparel
P050,P005,81,0.00087,0.02038,0.03357,0.60717,Leather Belt,USB-C Fast Charger,Apparel,Electronics
P014,P064,28,0.0003,0.01082,0.01783,0.60716,Chef Knife Set,Mineral Sunscreen,Home & Kitchen,Beauty & Care
P064,P014,28,0.0003,0.01695,0.02792,0.60716,Mineral Sunscreen,Chef Knife Set,Beauty & Care,Home & Kitchen
P019,P005,28,0.0003,0.02038,0.03357,0.60705,Cutting Board,USB-C Fast Charger,Home & Kitchen,Electronics
P005,P019,28,0.0003,0.009,0.01483,0.60705,USB-C Fast Charger,Cutting Board,Electronics,Home & Kitchen
P016,P066,29,0.00031,0.01157,0.01907,0.60692,Burr Coffee Grinder,Beard Oil,Home & Kitchen,Beauty & Care
P066,P016,29,0.00031,0.01641,0.02704,0.60692,Beard Oil,Burr Coffee Grinder,Beauty & Care,Home & Kitchen
P011,P042,36,0.00039,0.02723,0.04488,0.60679,E-Reader,Hiking Boots,Electronics,Apparel
P042,P011,36,0.00039,0.00866,0.01427,0.60679,Hiking Boots,E-Reader,Apparel,Electronics
P055,P007,32,0.00035,0.00928,0.0153,0.60672,Foam Roller,10in Tablet,Sports & Fitness,Electronics
P007,P055,32,0.00035,0.02257,0.0372,0.60672,10in Tablet,Foam Roller,Electronics,Sports & Fitness
P059,P075,50,0.00054,0.01196,0.01973,0.60656,Gym Bag,RC Car,Sports & Fitness,Toys & Games
P075,P059,50,0.00054,0.02735,0.04509,0.60656,RC Car,Gym Bag,Toys & Games,Sports & Fitness
P071,P040,34,0.00037,0.01934,0.0319,0.60633,Perfume 50ml,Fleece Pullover,Beauty & Care,Apparel
P040,P071,34,0.00037,0.0115,0.01897,0.60633,Fleece Pullover,Perfume 50ml,Apparel,Beauty & Care
P028,P013,44,0.00047,0.01538,0.02537,0.60623,Sleeping Bag,Tablet Sleeve,Outdoor & Camping,Electronics
P013,P028,44,0.00047,0.01872,0.03087,0.60623,Tablet Sleeve,Sleeping Bag,Electronics,Outdoor & Camping
P060,P068,34,0.00037,0.01935,0.03193,0.60606,Protein Shaker,Bamboo Toothbrush 4-Pack,Sports & Fitness,Beauty & Care
P068,P060,34,0.00037,0.01149,0.01896,0.60606,Bamboo Toothbrush 4-Pack,Protein Shaker,Beauty & Care,Sports & Fitness
P076,P060,54,0.00058,0.01149,0.01896,0.60601,Plush Bear,Protein Shaker,Toys & Games,Sports & Fitness
P060,P076,54,0.00058,0.03073,0.05072,0.60601,Protein Shaker,Plush Bear,Sports & Fitness,Toys & Games
P035,P012,32,0.00035,0.0268,0.04423,0.60593,Cooler 30L,Gaming Mouse,Outdoor & Camping,Electronics
P012,P035,32,0.00035,0.00781,0.01288,0.60593,Gaming Mouse,Cooler 30L,Electronics,Outdoor & Camping
P055,P039,64,0.00069,0.01857,0.03065,0.60586,Foam Roller,Rain Jacket,Sports & Fitness,Apparel
P039,P055,64,0.00069,0.02254,0.0372,0.60586,Rain Jacket,Foam Roller,Apparel,Sports & Fitness
P064,P003,25,0.00027,0.01513,0.02498,0.6058,Mineral Sunscreen,Smartwatch,Beauty & Care,Electronics
P003,P064,25,0.00027,0.0108,0.01783,0.6058,Smartwatch,Mineral Sunscreen,Electronics,Beauty & Care
P033,P081,51,0.00055,0.02005,0.03312,0.60535,Camp Chair,Single-Origin Coffee Beans,Outdoor & Camping,Gourmet Grocery
P081,P033,51,0.00055,0.01662,0.02745,0.60535,Single-Origin Coffee Beans,Camp Chair,Gourmet Grocery,Outdoor & Camping
P012,P039,76,0.00082,0.01854,0.03065,0.60502,Gaming Mouse,Rain Jacket,Electronics,Apparel
P039,P012,76,0.00082,0.02676,0.04423,0.60502,Rain Jacket,Gaming Mouse,Apparel,Electronics
P034,P022,90,0.00097,0.02808,0.04642,0.60492,Trekking Poles,Linen Towel Set,Outdoor & Camping,Home & Kitchen
P022,P034,90,0.00097,0.02092,0.03458,0.60492,Linen Towel Set,Trekking Poles,Home & Kitchen,Outdoor & Camping
P063,P001,25,0.00027,0.02706,0.04473,0.60492,Daily Moisturizer,Wireless Earbuds,Beauty & Care,Electronics
P001,P063,25,0.00027,0.00603,0.00997,0.60492,Wireless Earbuds,Daily Moisturizer,Electronics,Beauty & Care
P025,P037,36,0.00039,0.01876,0.03101,0.60491,Dinnerware 16pc,Sleeping Pad,Home & Kitchen,Outdoor & Camping
P037,P025,36,0.00039,0.01253,0.02071,0.60491,Sleeping Pad,Dinnerware 16pc,Outdoor & Camping,Home & Kitchen
P086,P046,34,0.00037,0.02345,0.03878,0.60462,Raw Honey,Organic Cotton Tee,Gourmet Grocery,Apparel
P046,P086,34,0.00037,0.00946,0.01565,0.60462,Organic Cotton Tee,Raw Honey,Apparel,Gourmet Grocery
P008,P023,64,0.00069,0.02377,0.03931,0.60456,Noise-Cancelling Headphones,Glass Storage Set,Electronics,Home & Kitchen
P023,P008,64,0.00069,0.01757,0.02906,0.60456,Glass Storage Set,Noise-Cancelling Headphones,Home & Kitchen,Electronics
P039,P028,53,0.00057,0.01866,0.03087,0.6045,Rain Jacket,Sleeping Bag,Apparel,Outdoor & Camping
P028,P039,53,0.00057,0.01852,0.03065,0.6045,Sleeping Bag,Rain Jacket,Outdoor & Camping,Apparel
P074,P046,42,0.00045,0.02344,0.03878,0.60435,Jigsaw Puzzle 1000pc,Organic Cotton Tee,Toys & Games,Apparel
P046,P074,42,0.00045,0.01169,0.01934,0.60435,Organic Cotton Tee,Jigsaw Puzzle 1000pc,Apparel,Toys & Games
P033,P041,45,0.00049,0.01769,0.02927,0.60423,Camp Chair,Merino Base Layer,Outdoor & Camping,Apparel
P041,P033,45,0.00049,0.01659,0.02745,0.60423,Merino Base Layer,Camp Chair,Apparel,Outdoor & Camping
P026,P047,74,0.0008,0.02712,0.04488,0.60422,Scented Candle,Chino Pants,Home & Kitchen,Apparel
P047,P026,74,0.0008,0.01779,0.02945,0.60422,Chino Pants,Scented Candle,Apparel,Home & Kitchen
P076,P052,116,0.00125,0.02468,0.04085,0.60413,Plush Bear,Adjustable Dumbbells,Toys & Games,Sports & Fitness
P052,P076,116,0.00125,0.03064,0.05072,0.60413,Adjustable Dumbbells,Plush Bear,Sports & Fitness,Toys & Games
P089,P020,34,0.00037,0.01863,0.03084,0.6041,Dried Mango,Stand Mixer,Gourmet Grocery,Home & Kitchen
P020,P089,34,0.00037,0.0119,0.01969,0.6041,Stand Mixer,Dried Mango,Home & Kitchen,Gourmet Grocery
P040,P068,57,0.00062,0.01928,0.03193,0.60392,Fleece Pullover,Bamboo Toothbrush 4-Pack,Apparel,Beauty & Care
P068,P040,57,0.00062,0.01926,0.0319,0.60392,Bamboo Toothbrush 4-Pack,Fleece Pullover,Beauty & Care,Apparel
P046,P012,96,0.00104,0.02671,0.04423,0.6039,Organic Cotton Tee,Gaming Mouse,Apparel,Electronics
P012,P046,96,0.00104,0.02342,0.03878,0.6039,Gaming Mouse,Organic Cotton Tee,Electronics,Apparel
P030,P006,26,0.00028,0.0096,0.01589,0.60383,Headlamp,Power Bank 20K,Outdoor & Camping,Electronics
P006,P030,26,0.00028,0.01765,0.02923,0.60383,Power Bank 20K,Headlamp,Electronics,Outdoor & Camping
P034,P014,54,0.00058,0.01685,0.02792,0.60356,Trekking Poles,Chef Knife Set,Outdoor & Camping,Home & Kitchen
P014,P034,54,0.00058,0.02087,0.03458,0.60356,Chef Knife Set,Trekking Poles,Home & Kitchen,Outdoor & Camping
P047,P015,50,0.00054,0.01202,0.01992,0.60354,Chino Pants,Cast Iron Skillet,Apparel,Home & Kitchen
P015,P047,50,0.00054,0.02709,0.04488,0.60354,Cast Iron Skillet,Chino Pants,Home & Kitchen,Apparel
P055,P001,93,0.001,0.02698,0.04473,0.60321,Foam Roller,Wireless Earbuds,Sports & Fitness,Electronics
P001,P055,93,0.001,0.02244,0.0372,0.60321,Wireless Earbuds,Foam Roller,Electronics,Sports & Fitness
P053,P034,33,0.00036,0.02086,0.03458,0.60316,Resistance Bands,Trekking Poles,Sports & Fitness,Outdoor & Camping
P034,P053,33,0.00036,0.0103,0.01707,0.60316,Trekking Poles,Resistance Bands,Outdoor & Camping,Sports & Fitness
P050,P027,73,0.00079,0.01837,0.03046,0.60303,Leather Belt,2-Person Tent,Apparel,Outdoor & Camping
P027,P050,73,0.00079,0.02586,0.04288,0.60303,2-Person Tent,Leather Belt,Outdoor & Camping,Apparel
P062,P009,99,0.00107,0.01967,0.03262,0.60301,Vitamin C Serum,Smart Plug 2-Pack,Beauty & Care,Electronics
P009,P062,99,0.00107,0.03275,0.05431,0.60301,Smart Plug 2-Pack,Vitamin C Serum,Electronics,Beauty & Care
P039,P062,93,0.001,0.03275,0.05431,0.60296,Rain Jacket,Vitamin C Serum,Apparel,Beauty & Care
P062,P039,93,0.001,0.01848,0.03065,0.60296,Vitamin C Serum,Rain Jacket,Beauty & Care,Apparel
P033,P039,47,0.00051,0.01847,0.03065,0.60286,Camp Chair,Rain Jacket,Outdoor & Camping,Apparel
P039,P033,47,0.00051,0.01655,0.02745,0.60286,Rain Jacket,Camp Chair,Apparel,Outdoor & Camping
P033,P009,50,0.00054,0.01965,0.03262,0.60252,Camp Chair,Smart Plug 2-Pack,Outdoor & Camping,Electronics
P009,P033,50,0.00054,0.01654,0.02745,0.60252,Smart Plug 2-Pack,Camp Chair,Electronics,Outdoor & Camping
P005,P070,26,0.00028,0.00836,0.01388,0.60226,USB-C Fast Charger,Face Mask Set,Electronics,Beauty & Care
P070,P005,26,0.00028,0.02022,0.03357,0.60226,Face Mask Set,USB-C Fast Charger,Beauty & Care,Electronics
P067,P042,55,0.00059,0.02703,0.04488,0.60223,Lip Balm 4-Pack,Hiking Boots,Beauty & Care,Apparel
P042,P067,55,0.00059,0.01322,0.02196,0.60223,Hiking Boots,Lip Balm 4-Pack,Apparel,Beauty & Care
P037,P067,38,0.00041,0.01322,0.02196,0.60212,Sleeping Pad,Lip Balm 4-Pack,Outdoor & Camping,Beauty & Care
P067,P037,38,0.00041,0.01867,0.03101,0.60212,Lip Balm 4-Pack,Sleeping Pad,Beauty & Care,Outdoor & Camping
P020,P008,50,0.00054,0.01749,0.02906,0.60204,Stand Mixer,Noise-Cancelling Headphones,Home & Kitchen,Electronics
P008,P020,50,0.00054,0.01857,0.03084,0.60204,Noise-Cancelling Headphones,Stand Mixer,Electronics,Home & Kitchen
P068,P021,42,0.00045,0.01419,0.02358,0.60201,Bamboo Toothbrush 4-Pack,Air Fryer,Beauty & Care,Home & Kitchen
P021,P068,42,0.00045,0.01922,0.03193,0.60201,Air Fryer,Bamboo Toothbrush 4-Pack,Home & Kitchen,Beauty & Care
P044,P033,55,0.00059,0.01652,0.02745,0.60185,Wool Socks 3-Pack,Camp Chair,Apparel,Outdoor & Camping
P033,P044,55,0.00059,0.02162,0.03592,0.60185,Camp Chair,Wool Socks 3-Pack,Outdoor & Camping,Apparel
P028,P001,77,0.00083,0.02691,0.04473,0.60173,Sleeping Bag,Wireless Earbuds,Outdoor & Camping,Electronics
P001,P028,77,0.00083,0.01858,0.03087,0.60173,Wireless Earbuds,Sleeping Bag,Electronics,Outdoor & Camping
P084,P076,53,0.00057,0.03049,0.05072,0.60129,Trail Mix 1kg,Plush Bear,Gourmet Grocery,Toys & Games
P076,P084,53,0.00057,0.01128,0.01875,0.60129,Plush Bear,Trail Mix 1kg,Toys & Games,Gourmet Grocery
P033,P072,54,0.00058,0.02123,0.03532,0.60101,Camp Chair,Building Blocks 500pc,Outdoor & Camping,Toys & Games
P072,P033,54,0.00058,0.0165,0.02745,0.60101,Building Blocks 500pc,Camp Chair,Toys & Games,Outdoor & Camping
P057,P047,40,0.00043,0.02697,0.04488,0.60101,Fitness Tracker,Chino Pants,Sports & Fitness,Apparel
P047,P057,40,0.00043,0.00962,0.016,0.60101,Chino Pants,Fitness Tracker,Apparel,Sports & Fitness
P026,P041,48,0.00052,0.01759,0.02927,0.60082,Scented Candle,Merino Base Layer,Home & Kitchen,Apparel
P041,P026,48,0.00052,0.01769,0.02945,0.60082,Merino Base Layer,Scented Candle,Apparel,Home & Kitchen
P034,P072,68,0.00073,0.02122,0.03532,0.60074,Trekking Poles,Building Blocks 500pc,Outdoor & Camping,Toys & Games
P072,P034,68,0.00073,0.02078,0.03458,0.60074,Building Blocks 500pc,Trekking Poles,Toys & Games,Outdoor & Camping
P067,P026,36,0.00039,0.01769,0.02945,0.60074,Lip Balm 4-Pack,Scented Candle,Beauty & Care,Home & Kitchen
P026,P067,36,0.00039,0.01319,0.02196,0.60074,Scented Candle,Lip Balm 4-Pack,Home & Kitchen,Beauty & Care
P004,P022,140,0.00151,0.02788,0.04642,0.60053,Phone Case,Linen Towel Set,Electronics,Home & Kitchen
P022,P004,140,0.00151,0.03254,0.05419,0.60053,Linen Towel Set,Phone Case,Home & Kitchen,Electronics
P030,P064,29,0.00031,0.01071,0.01783,0.60053,Headlamp,Mineral Sunscreen,Outdoor & Camping,Beauty & Care
P064,P030,29,0.00031,0.01755,0.02923,0.60053,Mineral Sunscreen,Headlamp,Beauty & Care,Outdoor & Camping
P005,P026,55,0.00059,0.01768,0.02945,0.60036,USB-C Fast Charger,Scented Candle,Electronics,Home & Kitchen
P026,P005,55,0.00059,0.02015,0.03357,0.60036,Scented Candle,USB-C Fast Charger,Home & Kitchen,Electronics
P044,P078,42,0.00045,0.01262,0.02102,0.60021,Wool Socks 3-Pack,Card Game,Apparel,Toys & Games
P078,P044,42,0.00045,0.02156,0.03592,0.60021,Card Game,Wool Socks 3-Pack,Toys & Games,Apparel
P041,P036,27,0.00029,0.00995,0.01659,0.60006,Merino Base Layer,Insect Repellent,Apparel,Outdoor & Camping
P036,P041,27,0.00029,0.01757,0.02927,0.60006,Insect Repellent,Merino Base Layer,Outdoor & Camping,Apparel
P023,P067,48,0.00052,0.01318,0.02196,0.60003,Glass Storage Set,Lip Balm 4-Pack,Home & Kitchen,Beauty & Care
P067,P023,48,0.00052,0.02359,0.03931,0.60003,Lip Balm 4-Pack,Glass Storage Set,Beauty & Care,Home & Kitchen
P005,P084,35,0.00038,0.01125,0.01875,0.59989,USB-C Fast Charger,Trail Mix 1kg,Electronics,Gourmet Grocery
P084,P005,35,0.00038,0.02014,0.03357,0.59989,Trail Mix 1kg,USB-C Fast Charger,Gourmet Grocery,Electronics
P075,P037,34,0.00037,0.0186,0.03101,0.59975,RC Car,Sleeping Pad,Toys & Games,Outdoor & Camping
P037,P075,34,0.00037,0.01183,0.01973,0.59975,Sleeping Pad,RC Car,Outdoor & Camping,Toys & Games
P016,P067,33,0.00036,0.01317,0.02196,0.59968,Burr Coffee Grinder,Lip Balm 4-Pack,Home & Kitchen,Beauty & Care
P067,P016,33,0.00036,0.01622,0.02704,0.59968,Lip Balm 4-Pack,Burr Coffee Grinder,Beauty & Care,Home & Kitchen
P049,P023,50,0.00054,0.02356,0.03931,0.5994,Sun Hat,Glass Storage Set,Apparel,Home & Kitchen
P023,P049,50,0.00054,0.01372,0.0229,0.5994,Glass Storage Set,Sun Hat,Home & Kitchen,Apparel
P022,P072,91,0.00098,0.02115,0.03532,0.59893,Linen Towel Set,Building Blocks 500pc,Home & Kitchen,Toys & Games
P072,P022,91,0.00098,0.0278,0.04642,0.59893,Building Blocks 500pc,Linen Towel Set,Toys & Games,Home & Kitchen
P041,P083,105,0.00113,0.0387,0.06463,0.59888,Merino Base Layer,Extra Virgin Olive Oil,Apparel,Gourmet Grocery
P083,P041,105,0.00113,0.01753,0.02927,0.59888,Extra Virgin Olive Oil,Merino Base Layer,Gourmet Grocery,Apparel
P003,P084,26,0.00028,0.01123,0.01875,0.59886,Smartwatch,Trail Mix 1kg,Electronics,Gourmet Grocery
P084,P003,26,0.00028,0.01496,0.02498,0.59886,Trail Mix 1kg,Smartwatch,Gourmet Grocery,Electronics
P041,P018,25,0.00027,0.00921,0.01539,0.59886,Merino Base Layer,Non-Stick Pan Set,Apparel,Home & Kitchen
P018,P041,25,0.00027,0.01753,0.02927,0.59886,Non-Stick Pan Set,Merino Base Layer,Home & Kitchen,Apparel
P052,P024,38,0.00041,0.01004,0.01677,0.59856,Adjustable Dumbbells,Electric Kettle,Sports & Fitness,Home & Kitchen
P024,P052,38,0.00041,0.02445,0.04085,0.59856,Electric Kettle,Adjustable Dumbbells,Home & Kitchen,Sports & Fitness
P017,P047,80,0.00086,0.02683,0.04488,0.59779,French Press,Chino Pants,Home & Kitchen,Apparel
P047,P017,80,0.00086,0.01924,0.03218,0.59779,Chino Pants,French Press,Apparel,Home & Kitchen
P027,P071,32,0.00035,0.01134,0.01897,0.59755,2-Person Tent,Perfume 50ml,Outdoor & Camping,Beauty & Care
P071,P027,32,0.00035,0.0182,0.03046,0.59755,Perfume 50ml,2-Person Tent,Beauty & Care,Outdoor & Camping
P040,P026,52,0.00056,0.01759,0.02945,0.59738,Fleece Pullover,Scented Candle,Apparel,Home & Kitchen
P026,P040,52,0.00056,0.01905,0.0319,0.59738,Scented Candle,Fleece Pullover,Home & Kitchen,Apparel
P046,P009,70,0.00076,0.01948,0.03262,0.59708,Organic Cotton Tee,Smart Plug 2-Pack,Apparel,Electronics
P009,P046,70,0.00076,0.02316,0.03878,0.59708,Smart Plug 2-Pack,Organic Cotton Tee,Electronics,Apparel
P074,P042,48,0.00052,0.02679,0.04488,0.59685,Jigsaw Puzzle 1000pc,Hiking Boots,Toys & Games,Apparel
P042,P074,48,0.00052,0.01154,0.01934,0.59685,Hiking Boots,Jigsaw Puzzle 1000pc,Apparel,Toys & Games
P049,P012,56,0.0006,0.02639,0.04423,0.59665,Sun Hat,Gaming Mouse,Apparel,Electronics
P012,P049,56,0.0006,0.01366,0.0229,0.59665,Gaming Mouse,Sun Hat,Electronics,Apparel
P048,P034,71,0.00077,0.02063,0.03458,0.59662,Down Vest,Trekking Poles,Apparel,Outdoor & Camping
P034,P048,71,0.00077,0.02215,0.03713,0.59662,Trekking Poles,Down Vest,Outdoor & Camping,Apparel
P023,P086,34,0.00037,0.00933,0.01565,0.59649,Glass Storage Set,Raw Honey,Home & Kitchen,Gourmet Grocery
P086,P023,34,0.00037,0.02345,0.03931,0.59649,Raw Honey,Glass Storage Set,Gourmet Grocery,Home & Kitchen
P027,P064,30,0.00032,0.01063,0.01783,0.59615,2-Person Tent,Mineral Sunscreen,Outdoor & Camping,Beauty & Care
P064,P027,30,0.00032,0.01816,0.03046,0.59615,Mineral Sunscreen,2-Person Tent,Beauty & Care,Outdoor & Camping
P083,P035,46,0.0005,0.00768,0.01288,0.59615,Extra Virgin Olive Oil,Cooler 30L,Gourmet Grocery,Outdoor & Camping
P035,P083,46,0.0005,0.03853,0.06463,0.59615,Cooler 30L,Extra Virgin Olive Oil,Outdoor & Camping,Gourmet Grocery
P001,P018,38,0.00041,0.00917,0.01539,0.59579,Wireless Earbuds,Non-Stick Pan Set,Electronics,Home & Kitchen
P018,P001,38,0.00041,0.02665,0.04473,0.59579,Non-Stick Pan Set,Wireless Earbuds,Home & Kitchen,Electronics
P026,P066,31,0.00033,0.01136,0.01907,0.59576,Scented Candle,Beard Oil,Home & Kitchen,Beauty & Care
P066,P026,31,0.00033,0.01754,0.02945,0.59576,Beard Oil,Scented Candle,Beauty & Care,Home & Kitchen
P013,P041,41,0.00044,0.01744,0.02927,0.59571,Tablet Sleeve,Merino Base Layer,Electronics,Apparel
P041,P013,41,0.00044,0.01511,0.02537,0.59571,Merino Base Layer,Tablet Sleeve,Apparel,Electronics
P081,P042,82,0.00088,0.02672,0.04488,0.59536,Single-Origin Coffee Beans,Hiking Boots,Gourmet Grocery,Apparel
P042,P081,82,0.00088,0.01972,0.03312,0.59536,Hiking Boots,Single-Origin Coffee Beans,Apparel,Gourmet Grocery
P048,P073,29,0.00031,0.00843,0.01416,0.5953,Down Vest,Strategy Board Game,Apparel,Toys & Games
P073,P048,29,0.00031,0.0221,0.03713,0.5953,Strategy Board Game,Down Vest,Toys & Games,Apparel
P086,P044,31,0.00033,0.02138,0.03592,0.59516,Raw Honey,Wool Socks 3-Pack,Gourmet Grocery,Apparel
P044,P086,31,0.00033,0.00931,0.01565,0.59516,Wool Socks 3-Pack,Raw Honey,Apparel,Gourmet Grocery
P014,P050,66,0.00071,0.02551,0.04288,0.59494,Chef Knife Set,Leather Belt,Home & Kitchen,Apparel
P050,P014,66,0.00071,0.01661,0.02792,0.59494,Leather Belt,Chef Knife Set,Apparel,Home & Kitchen
P005,P069,26,0.00028,0.00836,0.01405,0.59486,USB-C Fast Charger,Body Wash,Electronics,Beauty & Care
P069,P005,26,0.00028,0.01997,0.03357,0.59486,Body Wash,USB-C Fast Charger,Beauty & Care,Electronics
P046,P028,66,0.00071,0.01836,0.03087,0.59484,Organic Cotton Tee,Sleeping Bag,Apparel,Outdoor & Camping
P028,P046,66,0.00071,0.02307,0.03878,0.59484,Sleeping Bag,Organic Cotton Tee,Outdoor & Camping,Apparel
P001,P025,51,0.00055,0.0123,0.02071,0.59419,Wireless Earbuds,Dinnerware 16pc,Electronics,Home & Kitchen
P025,P001,51,0.00055,0.02658,0.04473,0.59419,Dinnerware 16pc,Wireless Earbuds,Home & Kitchen,Electronics
P018,P062,46,0.0005,0.03226,0.05431,0.59397,Non-Stick Pan Set,Vitamin C Serum,Home & Kitchen,Beauty & Care
P062,P018,46,0.0005,0.00914,0.01539,0.59397,Vitamin C Serum,Non-Stick Pan Set,Beauty & Care,Home & Kitchen
P048,P056,35,0.00038,0.01017,0.01712,0.59396,Down Vest,Jump Rope,Apparel,Sports & Fitness
P056,P048,35,0.00038,0.02205,0.03713,0.59396,Jump Rope,Down Vest,Sports & Fitness,Apparel
P053,P068,30,0.00032,0.01896,0.03193,0.59391,Resistance Bands,Bamboo Toothbrush 4-Pack,Sports & Fitness,Beauty & Care
P068,P053,30,0.00032,0.01014,0.01707,0.59391,Bamboo Toothbrush 4-Pack,Resistance Bands,Beauty & Care,Sports & Fitness
P034,P043,40,0.00043,0.01248,0.02102,0.59374,Trekking Poles,Trail Running Shoes,Outdoor & Camping,Apparel
P043,P034,40,0.00043,0.02053,0.03458,0.59374,Trail Running Shoes,Trekking Poles,Apparel,Outdoor & Camping
P026,P028,50,0.00054,0.01832,0.03087,0.59347,Scented Candle,Sleeping Bag,Home & Kitchen,Outdoor & Camping
P028,P026,50,0.00054,0.01748,0.02945,0.59347,Sleeping Bag,Scented Candle,Outdoor & Camping,Home & Kitchen
P016,P010,42,0.00045,0.01676,0.02827,0.59282,Burr Coffee Grinder,Action Camera,Home & Kitchen,Electronics
P010,P016,42,0.00045,0.01603,0.02704,0.59282,Action Camera,Burr Coffee Grinder,Electronics,Home & Kitchen
P056,P040,30,0.00032,0.0189,0.0319,0.59264,Jump Rope,Fleece Pullover,Sports & Fitness,Apparel
P040,P056,30,0.00032,0.01015,0.01712,0.59264,Fleece Pullover,Jump Rope,Apparel,Sports & Fitness
P047,P027,75,0.00081,0.01803,0.03046,0.59199,Chino Pants,2-Person Tent,Apparel,Outdoor & Camping
P027,P047,75,0.00081,0.02657,0.04488,0.59199,2-Person Tent,Chino Pants,Outdoor & Camping,Apparel
P008,P025,33,0.00036,0.01225,0.02071,0.59177,Noise-Cancelling Headphones,Dinnerware 16pc,Electronics,Home & Kitchen
P025,P008,33,0.00036,0.0172,0.02906,0.59177,Dinnerware 16pc,Noise-Cancelling Headphones,Home & Kitchen,Electronics
P044,P037,61,0.00066,0.01832,0.03101,0.59086,Wool Socks 3-Pack,Sleeping Pad,Apparel,Outdoor & Camping
P037,P044,61,0.00066,0.02122,0.03592,0.59086,Sleeping Pad,Wool Socks 3-Pack,Outdoor & Camping,Apparel
P029,P001,26,0.00028,0.02642,0.04473,0.59075,Camping Stove,Wireless Earbuds,Outdoor & Camping,Electronics
P001,P029,26,0.00028,0.00627,0.01062,0.59075,Wireless Earbuds,Camping Stove,Electronics,Outdoor & Camping
P017,P006,28,0.0003,0.00939,0.01589,0.59075,French Press,Power Bank 20K,Home & Kitchen,Electronics
P006,P017,28,0.0003,0.01901,0.03218,0.59075,Power Bank 20K,French Press,Electronics,Home & Kitchen
P057,P081,29,0.00031,0.01955,0.03312,0.59049,Fitness Tracker,Single-Origin Coffee Beans,Sports & Fitness,Gourmet Grocery
P081,P057,29,0.00031,0.00945,0.016,0.59049,Single-Origin Coffee Beans,Fitness Tracker,Gourmet Grocery,Sports & Fitness
P048,P052,83,0.0009,0.02412,0.04085,0.59043,Down Vest,Adjustable Dumbbells,Apparel,Sports & Fitness
P052,P048,83,0.0009,0.02192,0.03713,0.59043,Adjustable Dumbbells,Down Vest,Sports & Fitness,Apparel
P085,P046,30,0.00032,0.02288,0.03878,0.59006,Loose Leaf Tea,Organic Cotton Tee,Gourmet Grocery,Apparel
P046,P085,30,0.00032,0.00835,0.01415,0.59006,Organic Cotton Tee,Loose Leaf Tea,Apparel,Gourmet Grocery
P027,P078,35,0.00038,0.0124,0.02102,0.58982,2-Person Tent,Card Game,Outdoor & Camping,Toys & Games
P078,P027,35,0.00038,0.01797,0.03046,0.58982,Card Game,2-Person Tent,Toys & Games,Outdoor & Camping
P038,P083,38,0.00041,0.03811,0.06463,0.58978,Camp Lantern,Extra Virgin Olive Oil,Outdoor & Camping,Gourmet Grocery
P083,P038,38,0.00041,0.00634,0.01076,0.58978,Extra Virgin Olive Oil,Camp Lantern,Gourmet Grocery,Outdoor & Camping
P083,P028,109,0.00118,0.0182,0.03087,0.58953,Extra Virgin Olive Oil,Sleeping Bag,Gourmet Grocery,Outdoor & Camping
P028,P083,109,0.00118,0.0381,0.06463,0.58953,Sleeping Bag,Extra Virgin Olive Oil,Outdoor & Camping,Gourmet Grocery
P053,P017,30,0.00032,0.01896,0.03218,0.58933,Resistance Bands,French Press,Sports & Fitness,Home & Kitchen
P017,P053,30,0.00032,0.01006,0.01707,0.58933,French Press,Resistance Bands,Home & Kitchen,Sports & Fitness
P055,P008,59,0.00064,0.01712,0.02906,0.58902,Foam Roller,Noise-Cancelling Headphones,Sports & Fitness,Electronics
P008,P055,59,0.00064,0.02191,0.0372,0.58902,Noise-Cancelling Headphones,Foam Roller,Electronics,Sports & Fitness
P086,P027,26,0.00028,0.01793,0.03046,0.58864,Raw Honey,2-Person Tent,Gourmet Grocery,Outdoor & Camping
P027,P086,26,0.00028,0.00921,0.01565,0.58864,2-Person Tent,Raw Honey,Outdoor & Camping,Gourmet Grocery
P083,P006,56,0.0006,0.00935,0.01589,0.58828,Extra Virgin Olive Oil,Power Bank 20K,Gourmet Grocery,Electronics
P006,P083,56,0.0006,0.03802,0.06463,0.58828,Power Bank 20K,Extra Virgin Olive Oil,Electronics,Gourmet Grocery
P005,P055,68,0.00073,0.02186,0.0372,0.58765,USB-C Fast Charger,Foam Roller,Electronics,Sports & Fitness
P055,P005,68,0.00073,0.01973,0.03357,0.58765,Foam Roller,USB-C Fast Charger,Sports & Fitness,Electronics
P056,P017,30,0.00032,0.0189,0.03218,0.58748,Jump Rope,French Press,Sports & Fitness,Home & Kitchen
P017,P056,30,0.00032,0.01006,0.01712,0.58748,French Press,Jump Rope,Home & Kitchen,Sports & Fitness
P046,P022,98,0.00106,0.02727,0.04642,0.5874,Organic Cotton Tee,Linen Towel Set,Apparel,Home & Kitchen
P022,P046,98,0.00106,0.02278,0.03878,0.5874,Linen Towel Set,Organic Cotton Tee,Home & Kitchen,Apparel
P004,P078,62,0.00067,0.01235,0.02102,0.58733,Phone Case,Card Game,Electronics,Toys & Games
P078,P004,62,0.00067,0.03183,0.05419,0.58733,Card Game,Phone Case,Toys & Games,Electronics
P004,P035,38,0.00041,0.00757,0.01288,0.58729,Phone Case,Cooler 30L,Electronics,Outdoor & Camping
P035,P004,38,0.00041,0.03183,0.05419,0.58729,Cooler 30L,Phone Case,Outdoor & Camping,Electronics
P032,P052,25,0.00027,0.02399,0.04085,0.58728,Water Filter,Adjustable Dumbbells,Outdoor & Camping,Sports & Fitness
P052,P032,25,0.00027,0.0066,0.01124,0.58728,Adjustable Dumbbells,Water Filter,Sports & Fitness,Outdoor & Camping
P006,P023,34,0.00037,0.02308,0.03931,0.58718,Power Bank 20K,Glass Storage Set,Electronics,Home & Kitchen
P023,P006,34,0.00037,0.00933,0.01589,0.58718,Glass Storage Set,Power Bank 20K,Home & Kitchen,Electronics
P076,P014,77,0.00083,0.01638,0.02792,0.58688,Plush Bear,Chef Knife Set,Toys & Games,Home & Kitchen
P014,P076,77,0.00083,0.02976,0.05072,0.58688,Chef Knife Set,Plush Bear,Home & Kitchen,Toys & Games
P017,P036,29,0.00031,0.00973,0.01659,0.58637,French Press,Insect Repellent,Home & Kitchen,Outdoor & Camping
P036,P017,29,0.00031,0.01887,0.03218,0.58637,Insect Repellent,French Press,Outdoor & Camping,Home & Kitchen
P035,P062,38,0.00041,0.03183,0.05431,0.58601,Cooler 30L,Vitamin C Serum,Outdoor & Camping,Beauty & Care
P062,P035,38,0.00041,0.00755,0.01288,0.58601,Vitamin C Serum,Cooler 30L,Beauty & Care,Outdoor & Camping
P012,P073,34,0.00037,0.00829,0.01416,0.5859,Gaming Mouse,Strategy Board Game,Electronics,Toys & Games
P073,P012,34,0.00037,0.02591,0.04423,0.5859,Strategy Board Game,Gaming Mouse,Toys & Games,Electronics
P055,P035,26,0.00028,0.00754,0.01288,0.58544,Foam Roller,Cooler 30L,Sports & Fitness,Outdoor & Camping
P035,P055,26,0.00028,0.02178,0.0372,0.58544,Cooler 30L,Foam Roller,Outdoor & Camping,Sports & Fitness
P049,P076,63,0.00068,0.02969,0.05072,0.5854,Sun Hat,Plush Bear,Apparel,Toys & Games
P076,P049,63,0.00068,0.0134,0.0229,0.5854,Plush Bear,Sun Hat,Toys & Games,Apparel
P001,P071,46,0.0005,0.0111,0.01897,0.58502,Wireless Earbuds,Perfume 50ml,Electronics,Beauty & Care
P071,P001,46,0.0005,0.02617,0.04473,0.58502,Perfume 50ml,Wireless Earbuds,Beauty & Care,Electronics
P031,P047,31,0.00033,0.02625,0.04488,0.58489,Hiking Backpack 40L,Chino Pants,Outdoor & Camping,Apparel
P047,P031,31,0.00033,0.00745,0.01274,0.58489,Chino Pants,Hiking Backpack 40L,Apparel,Outdoor & Camping
P057,P083,56,0.0006,0.03776,0.06463,0.58431,Fitness Tracker,Extra Virgin Olive Oil,Sports & Fitness,Gourmet Grocery
P083,P057,56,0.0006,0.00935,0.016,0.58431,Extra Virgin Olive Oil,Fitness Tracker,Gourmet Grocery,Sports & Fitness
P037,P066,32,0.00035,0.01113,0.01907,0.58396,Sleeping Pad,Beard Oil,Outdoor & Camping,Beauty & Care
P066,P037,32,0.00035,0.01811,0.03101,0.58396,Beard Oil,Sleeping Pad,Beauty & Care,Outdoor & Camping
P046,P068,67,0.00072,0.01864,0.03193,0.58385,Organic Cotton Tee,Bamboo Toothbrush 4-Pack,Apparel,Beauty & Care
P068,P046,67,0.00072,0.02264,0.03878,0.58385,Bamboo Toothbrush 4-Pack,Organic Cotton Tee,Beauty & Care,Apparel
P047,P019,36,0.00039,0.00866,0.01483,0.58382,Chino Pants,Cutting Board,Apparel,Home & Kitchen
P019,P047,36,0.00039,0.0262,0.04488,0.58382,Cutting Board,Chino Pants,Home & Kitchen,Apparel
P023,P072,75,0.00081,0.02059,0.03532,0.58292,Glass Storage Set,Building Blocks 500pc,Home & Kitchen,Toys & Games
P072,P023,75,0.00081,0.02291,0.03931,0.58292,Building Blocks 500pc,Glass Storage Set,Toys & Games,Home & Kitchen
P070,P076,38,0.00041,0.02955,0.05072,0.58264,Face Mask Set,Plush Bear,Beauty & Care,Toys & Games
P076,P070,38,0.00041,0.00809,0.01388,0.58264,Plush Bear,Face Mask Set,Toys & Games,Beauty & Care
P054,P017,32,0.00035,0.01875,0.03218,0.58259,Insulated Water Bottle,French Press,Sports & Fitness,Home & Kitchen
P017,P054,32,0.00035,0.01073,0.01842,0.58259,French Press,Insulated Water Bottle,Home & Kitchen,Sports & Fitness
P043,P028,35,0.00038,0.01797,0.03087,0.58199,Trail Running Shoes,Sleeping Bag,Apparel,Outdoor & Camping
P028,P043,35,0.00038,0.01223,0.02102,0.58199,Sleeping Bag,Trail Running Shoes,Outdoor & Camping,Apparel
P062,P053,50,0.00054,0.00993,0.01707,0.58196,Vitamin C Serum,Resistance Bands,Beauty & Care,Sports & Fitness
P053,P062,50,0.00054,0.03161,0.05431,0.58196,Resistance Bands,Vitamin C Serum,Sports & Fitness,Beauty & Care
P074,P059,47,0.00051,0.02623,0.04509,0.58162,Jigsaw Puzzle 1000pc,Gym Bag,Toys & Games,Sports & Fitness
P059,P074,47,0.00051,0.01125,0.01934,0.58162,Gym Bag,Jigsaw Puzzle 1000pc,Sports & Fitness,Toys & Games
P023,P031,27,0.00029,0.00741,0.01274,0.58158,Glass Storage Set,Hiking Backpack 40L,Home & Kitchen,Outdoor & Camping
P031,P023,27,0.00029,0.02286,0.03931,0.58158,Hiking Backpack 40L,Glass Storage Set,Outdoor & Camping,Home & Kitchen
P067,P076,60,0.00065,0.02948,0.05072,0.58136,Lip Balm 4-Pack,Plush Bear,Beauty & Care,Toys & Games
P076,P067,60,0.00065,0.01277,0.02196,0.58136,Plush Bear,Lip Balm 4-Pack,Toys & Games,Beauty & Care
P053,P009,30,0.00032,0.01896,0.03262,0.58134,Resistance Bands,Smart Plug 2-Pack,Sports & Fitness,Electronics
P009,P053,30,0.00032,0.00992,0.01707,0.58134,Smart Plug 2-Pack,Resistance Bands,Electronics,Sports & Fitness
P028,P010,47,0.00051,0.01643,0.02827,0.58107,Sleeping Bag,Action Camera,Outdoor & Camping,Electronics
P010,P028,47,0.00051,0.01794,0.03087,0.58107,Action Camera,Sleeping Bag,Electronics,Outdoor & Camping
P027,P083,106,0.00114,0.03755,0.06463,0.58102,2-Person Tent,Extra Virgin Olive Oil,Outdoor & Camping,Gourmet Grocery
P083,P027,106,0.00114,0.0177,0.03046,0.58102,Extra Virgin Olive Oil,2-Person Tent,Gourmet Grocery,Outdoor & Camping
P041,P027,48,0.00052,0.01769,0.03046,0.58081,Merino Base Layer,2-Person Tent,Apparel,Outdoor & Camping
P027,P041,48,0.00052,0.017,0.02927,0.58081,2-Person Tent,Merino Base Layer,Outdoor & Camping,Apparel
P020,P068,53,0.00057,0.01854,0.03193,0.58079,Stand Mixer,Bamboo Toothbrush 4-Pack,Home & Kitchen,Beauty & Care
P068,P020,53,0.00057,0.01791,0.03084,0.58079,Bamboo Toothbrush 4-Pack,Stand Mixer,Beauty & Care,Home & Kitchen
P044,P053,33,0.00036,0.00991,0.01707,0.58069,Wool Socks 3-Pack,Resistance Bands,Apparel,Sports & Fitness
P053,P044,33,0.00036,0.02086,0.03592,0.58069,Resistance Bands,Wool Socks 3-Pack,Sports & Fitness,Apparel
P042,P022,112,0.00121,0.02693,0.04642,0.58011,Hiking Boots,Linen Towel Set,Apparel,Home & Kitchen
P022,P042,112,0.00121,0.02603,0.04488,0.58011,Linen Towel Set,Hiking Boots,Home & Kitchen,Apparel
P062,P013,74,0.0008,0.0147,0.02537,0.57957,Vitamin C Serum,Tablet Sleeve,Beauty & Care,Electronics
P013,P062,74,0.0008,0.03148,0.05431,0.57957,Tablet Sleeve,Vitamin C Serum,Electronics,Beauty & Care
P001,P053,41,0.00044,0.00989,0.01707,0.57944,Wireless Earbuds,Resistance Bands,Electronics,Sports & Fitness
P053,P001,41,0.00044,0.02592,0.04473,0.57944,Resistance Bands,Wireless Earbuds,Sports & Fitness,Electronics
P033,P062,80,0.00086,0.03145,0.05431,0.57903,Camp Chair,Vitamin C Serum,Outdoor & Camping,Beauty & Care
P062,P033,80,0.00086,0.0159,0.02745,0.57903,Vitamin C Serum,Camp Chair,Beauty & Care,Outdoor & Camping
P044,P056,33,0.00036,0.00991,0.01712,0.57886,Wool Socks 3-Pack,Jump Rope,Apparel,Sports & Fitness
P056,P044,33,0.00036,0.02079,0.03592,0.57886,Jump Rope,Wool Socks 3-Pack,Sports & Fitness,Apparel
P089,P033,29,0.00031,0.01589,0.02745,0.57886,Dried Mango,Camp Chair,Gourmet Grocery,Outdoor & Camping
P033,P089,29,0.00031,0.0114,0.01969,0.57886,Camp Chair,Dried Mango,Outdoor & Camping,Gourmet Grocery
P050,P028,71,0.00077,0.01787,0.03087,0.57872,Leather Belt,Sleeping Bag,Apparel,Outdoor & Camping
P028,P050,71,0.00077,0.02482,0.04288,0.57872,Sleeping Bag,Leather Belt,Outdoor & Camping,Apparel
P027,P001,73,0.00079,0.02586,0.04473,0.57815,2-Person Tent,Wireless Earbuds,Outdoor & Camping,Electronics
P001,P027,73,0.00079,0.01761,0.03046,0.57815,Wireless Earbuds,2-Person Tent,Electronics,Outdoor & Camping
P016,P074,28,0.0003,0.01117,0.01934,0.57782,Burr Coffee Grinder,Jigsaw Puzzle 1000pc,Home & Kitchen,Toys & Games
P074,P016,28,0.0003,0.01562,0.02704,0.57782,Jigsaw Puzzle 1000pc,Burr Coffee Grinder,Toys & Games,Home & Kitchen
P044,P001,86,0.00093,0.02583,0.04473,0.57758,Wool Socks 3-Pack,Wireless Earbuds,Apparel,Electronics
P001,P044,86,0.00093,0.02075,0.03592,0.57758,Wireless Earbuds,Wool Socks 3-Pack,Electronics,Apparel
P004,P019,43,0.00046,0.00856,0.01483,0.57751,Phone Case,Cutting Board,Electronics,Home & Kitchen
P019,P004,43,0.00046,0.0313,0.05419,0.57751,Cutting Board,Phone Case,Home & Kitchen,Electronics
P050,P033,63,0.00068,0.01585,0.02745,0.5775,Leather Belt,Camp Chair,Apparel,Outdoor & Camping
P033,P050,63,0.00068,0.02476,0.04288,0.5775,Camp Chair,Leather Belt,Outdoor & Camping,Apparel
P042,P073,34,0.00037,0.00818,0.01416,0.57744,Hiking Boots,Strategy Board Game,Apparel,Toys & Games
P073,P042,34,0.00037,0.02591,0.04488,0.57744,Strategy Board Game,Hiking Boots,Toys & Games,Apparel
P052,P084,41,0.00044,0.01083,0.01875,0.57744,Adjustable Dumbbells,Trail Mix 1kg,Sports & Fitness,Gourmet Grocery
P084,P052,41,0.00044,0.02359,0.04085,0.57744,Trail Mix 1kg,Adjustable Dumbbells,Gourmet Grocery,Sports & Fitness
P037,P049,38,0.00041,0.01322,0.0229,0.57744,Sleeping Pad,Sun Hat,Outdoor & Camping,Apparel
P049,P037,38,0.00041,0.01791,0.03101,0.57744,Sun Hat,Sleeping Pad,Apparel,Outdoor & Camping
P004,P085,41,0.00044,0.00816,0.01415,0.57711,Phone Case,Loose Leaf Tea,Electronics,Gourmet Grocery
P085,P004,41,0.00044,0.03127,0.05419,0.57711,Loose Leaf Tea,Phone Case,Gourmet Grocery,Electronics
P023,P056,36,0.00039,0.00988,0.01712,0.57706,Glass Storage Set,Jump Rope,Home & Kitchen,Sports & Fitness
P056,P023,36,0.00039,0.02268,0.03931,0.57706,Jump Rope,Glass Storage Set,Sports & Fitness,Home & Kitchen
P023,P048,78,0.00084,0.02141,0.03713,0.57664,Glass Storage Set,Down Vest,Home & Kitchen,Apparel
P048,P023,78,0.00084,0.02267,0.03931,0.57664,Down Vest,Glass Storage Set,Apparel,Home & Kitchen
P058,P050,26,0.00028,0.02471,0.04288,0.57635,Kettlebell 12kg,Leather Belt,Sports & Fitness,Apparel
P050,P058,26,0.00028,0.00654,0.01135,0.57635,Leather Belt,Kettlebell 12kg,Apparel,Sports & Fitness
P028,P047,74,0.0008,0.02587,0.04488,0.57634,Sleeping Bag,Chino Pants,Outdoor & Camping,Apparel
P047,P028,74,0.0008,0.01779,0.03087,0.57634,Chino Pants,Sleeping Bag,Apparel,Outdoor & Camping
P005,P034,62,0.00067,0.01993,0.03458,0.57626,USB-C Fast Charger,Trekking Poles,Electronics,Outdoor & Camping
P034,P005,62,0.00067,0.01934,0.03357,0.57626,Trekking Poles,USB-C Fast Charger,Outdoor & Camping,Electronics
P037,P050,71,0.00077,0.0247,0.04288,0.5761,Sleeping Pad,Leather Belt,Outdoor & Camping,Apparel
P050,P037,71,0.00077,0.01787,0.03101,0.5761,Leather Belt,Sleeping Pad,Apparel,Outdoor & Camping
P060,P009,33,0.00036,0.01878,0.03262,0.57578,Protein Shaker,Smart Plug 2-Pack,Sports & Fitness,Electronics
P009,P060,33,0.00036,0.01092,0.01896,0.57578,Smart Plug 2-Pack,Protein Shaker,Electronics,Sports & Fitness
P024,P001,40,0.00043,0.02574,0.04473,0.57549,Electric Kettle,Wireless Earbuds,Home & Kitchen,Electronics
P001,P024,40,0.00043,0.00965,0.01677,0.57549,Wireless Earbuds,Electric Kettle,Electronics,Home & Kitchen
P062,P061,54,0.00058,0.01073,0.01865,0.57541,Vitamin C Serum,Yoga Block Set,Beauty & Care,Sports & Fitness
P061,P062,54,0.00058,0.03125,0.05431,0.57541,Yoga Block Set,Vitamin C Serum,Sports & Fitness,Beauty & Care
P043,P022,52,0.00056,0.02669,0.04642,0.57504,Trail Running Shoes,Linen Towel Set,Apparel,Home & Kitchen
P022,P043,52,0.00056,0.01209,0.02102,0.57504,Linen Towel Set,Trail Running Shoes,Home & Kitchen,Apparel
P081,P007,27,0.00029,0.0088,0.0153,0.57497,Single-Origin Coffee Beans,10in Tablet,Gourmet Grocery,Electronics
P007,P081,27,0.00029,0.01904,0.03312,0.57497,10in Tablet,Single-Origin Coffee Beans,Electronics,Gourmet Grocery
P030,P072,55,0.00059,0.0203,0.03532,0.57486,Headlamp,Building Blocks 500pc,Outdoor & Camping,Toys & Games
P072,P030,55,0.00059,0.0168,0.02923,0.57486,Building Blocks 500pc,Headlamp,Toys & Games,Outdoor & Camping
P047,P006,38,0.00041,0.00914,0.01589,0.57484,Chino Pants,Power Bank 20K,Apparel,Electronics
P006,P047,38,0.00041,0.0258,0.04488,0.57484,Power Bank 20K,Chino Pants,Electronics,Apparel
P067,P044,42,0.00045,0.02064,0.03592,0.57455,Lip Balm 4-Pack,Wool Socks 3-Pack,Beauty & Care,Apparel
P044,P067,42,0.00045,0.01262,0.02196,0.57455,Wool Socks 3-Pack,Lip Balm 4-Pack,Apparel,Beauty & Care
P062,P034,100,0.00108,0.01987,0.03458,0.57451,Vitamin C Serum,Trekking Poles,Beauty & Care,Outdoor & Camping
P034,P062,100,0.00108,0.0312,0.05431,0.57451,Trekking Poles,Vitamin C Serum,Outdoor & Camping,Beauty & Care
P030,P015,31,0.00033,0.01144,0.01992,0.57448,Headlamp,Cast Iron Skillet,Outdoor & Camping,Home & Kitchen
P015,P030,31,0.00033,0.01679,0.02923,0.57448,Cast Iron Skillet,Headlamp,Home & Kitchen,Outdoor & Camping
P068,P007,26,0.00028,0.00879,0.0153,0.57426,Bamboo Toothbrush 4-Pack,10in Tablet,Beauty & Care,Electronics
P007,P068,26,0.00028,0.01834,0.03193,0.57426,10in Tablet,Bamboo Toothbrush 4-Pack,Electronics,Beauty & Care
P037,P046,64,0.00069,0.02227,0.03878,0.57421,Sleeping Pad,Organic Cotton Tee,Outdoor & Camping,Apparel
P046,P037,64,0.00069,0.01781,0.03101,0.57421,Organic Cotton Tee,Sleeping Pad,Apparel,Outdoor & Camping
P072,P041,55,0.00059,0.0168,0.02927,0.57401,Building Blocks 500pc,Merino Base Layer,Toys & Games,Apparel
P041,P072,55,0.00059,0.02027,0.03532,0.57401,Merino Base Layer,Building Blocks 500pc,Apparel,Toys & Games
P005,P068,57,0.00062,0.01832,0.03193,0.57383,USB-C Fast Charger,Bamboo Toothbrush 4-Pack,Electronics,Beauty & Care
P068,P005,57,0.00062,0.01926,0.03357,0.57383,Bamboo Toothbrush 4-Pack,USB-C Fast Charger,Beauty & Care,Electronics
P072,P049,43,0.00046,0.01314,0.0229,0.57376,Building Blocks 500pc,Sun Hat,Toys & Games,Apparel
P049,P072,43,0.00046,0.02026,0.03532,0.57376,Sun Hat,Building Blocks 500pc,Apparel,Toys & Games
P081,P043,37,0.0004,0.01206,0.02102,0.57355,Single-Origin Coffee Beans,Trail Running Shoes,Gourmet Grocery,Apparel
P043,P081,37,0.0004,0.01899,0.03312,0.57355,Trail Running Shoes,Single-Origin Coffee Beans,Apparel,Gourmet Grocery
P062,P016,78,0.00084,0.0155,0.02704,0.57311,Vitamin C Serum,Burr Coffee Grinder,Beauty & Care,Home & Kitchen
P016,P062,78,0.00084,0.03113,0.05431,0.57311,Burr Coffee Grinder,Vitamin C Serum,Home & Kitchen,Beauty & Care
P064,P076,48,0.00052,0.02906,0.05072,0.57291,Mineral Sunscreen,Plush Bear,Beauty & Care,Toys & Games
P076,P064,48,0.00052,0.01021,0.01783,0.57291,Plush Bear,Mineral Sunscreen,Toys & Games,Beauty & Care
P057,P001,38,0.00041,0.02562,0.04473,0.57289,Fitness Tracker,Wireless Earbuds,Sports & Fitness,Electronics
P001,P057,38,0.00041,0.00917,0.016,0.57289,Wireless Earbuds,Fitness Tracker,Electronics,Sports & Fitness
P057,P072,30,0.00032,0.02023,0.03532,0.57278,Fitness Tracker,Building Blocks 500pc,Sports & Fitness,Toys & Games
P072,P057,30,0.00032,0.00917,0.016,0.57278,Building Blocks 500pc,Fitness Tracker,Toys & Games,Sports & Fitness
P050,P026,67,0.00072,0.01686,0.02945,0.57253,Leather Belt,Scented Candle,Apparel,Home & Kitchen
P026,P050,67,0.00072,0.02455,0.04288,0.57253,Scented Candle,Leather Belt,Home & Kitchen,Apparel
P015,P033,29,0.00031,0.01571,0.02745,0.57227,Cast Iron Skillet,Camp Chair,Home & Kitchen,Outdoor & Camping
P033,P015,29,0.00031,0.0114,0.01992,0.57227,Camp Chair,Cast Iron Skillet,Outdoor & Camping,Home & Kitchen
P047,P087,34,0.00037,0.00818,0.01429,0.57221,Chino Pants,Hot Sauce Trio,Apparel,Gourmet Grocery
P087,P047,34,0.00037,0.02568,0.04488,0.57221,Hot Sauce Trio,Chino Pants,Gourmet Grocery,Apparel
P058,P047,27,0.00029,0.02567,0.04488,0.57189,Kettlebell 12kg,Chino Pants,Sports & Fitness,Apparel
P047,P058,27,0.00029,0.00649,0.01135,0.57189,Chino Pants,Kettlebell 12kg,Apparel,Sports & Fitness
P089,P009,34,0.00037,0.01863,0.03262,0.57112,Dried Mango,Smart Plug 2-Pack,Gourmet Grocery,Electronics
P009,P089,34,0.00037,0.01125,0.01969,0.57112,Smart Plug 2-Pack,Dried Mango,Electronics,Gourmet Grocery
P083,P054,63,0.00068,0.01052,0.01842,0.57109,Extra Virgin Olive Oil,Insulated Water Bottle,Gourmet Grocery,Sports & Fitness
P054,P083,63,0.00068,0.03691,0.06463,0.57109,Insulated Water Bottle,Extra Virgin Olive Oil,Sports & Fitness,Gourmet Grocery
P040,P060,32,0.00035,0.01083,0.01896,0.57099,Fleece Pullover,Protein Shaker,Apparel,Sports & Fitness
P060,P040,32,0.00035,0.01821,0.0319,0.57099,Protein Shaker,Fleece Pullover,Sports & Fitness,Apparel
P053,P046,35,0.00038,0.02212,0.03878,0.57048,Resistance Bands,Organic Cotton Tee,Sports & Fitness,Apparel
P046,P053,35,0.00038,0.00974,0.01707,0.57048,Organic Cotton Tee,Resistance Bands,Apparel,Sports & Fitness
P046,P067,45,0.00049,0.01252,0.02196,0.57019,Organic Cotton Tee,Lip Balm 4-Pack,Apparel,Beauty & Care
P067,P046,45,0.00049,0.02211,0.03878,0.57019,Lip Balm 4-Pack,Organic Cotton Tee,Beauty & Care,Apparel
P064,P004,51,0.00055,0.03087,0.05419,0.56969,Mineral Sunscreen,Phone Case,Beauty & Care,Electronics
P004,P064,51,0.00055,0.01016,0.01783,0.56969,Phone Case,Mineral Sunscreen,Electronics,Beauty & Care
P060,P003,25,0.00027,0.01423,0.02498,0.5696,Protein Shaker,Smartwatch,Sports & Fitness,Electronics
P003,P060,25,0.00027,0.0108,0.01896,0.5696,Smartwatch,Protein Shaker,Electronics,Sports & Fitness
P016,P048,53,0.00057,0.02115,0.03713,0.56959,Burr Coffee Grinder,Down Vest,Home & Kitchen,Apparel
P048,P016,53,0.00057,0.0154,0.02704,0.56959,Down Vest,Burr Coffee Grinder,Apparel,Home & Kitchen
P025,P033,30,0.00032,0.01563,0.02745,0.56949,Dinnerware 16pc,Camp Chair,Home & Kitchen,Outdoor & Camping
P033,P025,30,0.00032,0.01179,0.02071,0.56949,Camp Chair,Dinnerware 16pc,Outdoor & Camping,Home & Kitchen
P012,P075,46,0.0005,0.01122,0.01973,0.56893,Gaming Mouse,RC Car,Electronics,Toys & Games
P075,P012,46,0.0005,0.02516,0.04423,0.56893,RC Car,Gaming Mouse,Toys & Games,Electronics
P011,P034,26,0.00028,0.01967,0.03458,0.56868,E-Reader,Trekking Poles,Electronics,Outdoor & Camping
P034,P011,26,0.00028,0.00811,0.01427,0.56868,Trekking Poles,E-Reader,Outdoor & Camping,Electronics
P017,P013,43,0.00046,0.01442,0.02537,0.56841,French Press,Tablet Sleeve,Home & Kitchen,Electronics
P013,P017,43,0.00046,0.01829,0.03218,0.56841,Tablet Sleeve,French Press,Electronics,Home & Kitchen
P034,P019,27,0.00029,0.00842,0.01483,0.5682,Trekking Poles,Cutting Board,Outdoor & Camping,Home & Kitchen
P019,P034,27,0.00029,0.01965,0.03458,0.5682,Cutting Board,Trekking Poles,Home & Kitchen,Outdoor & Camping
P054,P048,36,0.00039,0.02109,0.03713,0.56799,Insulated Water Bottle,Down Vest,Sports & Fitness,Apparel
P048,P054,36,0.00039,0.01046,0.01842,0.56799,Down Vest,Insulated Water Bottle,Apparel,Sports & Fitness
P028,P018,25,0.00027,0.00874,0.01539,0.56788,Sleeping Bag,Non-Stick Pan Set,Outdoor & Camping,Home & Kitchen
P018,P028,25,0.00027,0.01753,0.03087,0.56788,Non-Stick Pan Set,Sleeping Bag,Home & Kitchen,Outdoor & Camping
P072,P008,54,0.00058,0.0165,0.02906,0.56776,Building Blocks 500pc,Noise-Cancelling Headphones,Toys & Games,Electronics
P008,P072,54,0.00058,0.02005,0.03532,0.56776,Noise-Cancelling Headphones,Building Blocks 500pc,Electronics,Toys & Games
P040,P066,32,0.00035,0.01083,0.01907,0.56776,Fleece Pullover,Beard Oil,Apparel,Beauty & Care
P066,P040,32,0.00035,0.01811,0.0319,0.56776,Beard Oil,Fleece Pullover,Beauty & Care,Apparel
P011,P076,38,0.00041,0.02874,0.05072,0.56677,E-Reader,Plush Bear,Electronics,Toys & Games
P076,P011,38,0.00041,0.00809,0.01427,0.56677,Plush Bear,E-Reader,Toys & Games,Electronics
P001,P084,44,0.00047,0.01062,0.01875,0.56602,Wireless Earbuds,Trail Mix 1kg,Electronics,Gourmet Grocery
P084,P001,44,0.00047,0.02532,0.04473,0.56602,Trail Mix 1kg,Wireless Earbuds,Gourmet Grocery,Electronics
P047,P007,36,0.00039,0.00866,0.0153,0.56571,Chino Pants,10in Tablet,Apparel,Electronics
P007,P047,36,0.00039,0.02539,0.04488,0.56571,10in Tablet,Chino Pants,Electronics,Apparel
P008,P089,30,0.00032,0.01114,0.01969,0.56569,Noise-Cancelling Headphones,Dried Mango,Electronics,Gourmet Grocery
P089,P008,30,0.00032,0.01644,0.02906,0.56569,Dried Mango,Noise-Cancelling Headphones,Gourmet Grocery,Electronics
P047,P036,39,0.00042,0.00938,0.01659,0.5654,Chino Pants,Insect Repellent,Apparel,Outdoor & Camping
P036,P047,39,0.00042,0.02537,0.04488,0.5654,Insect Repellent,Chino Pants,Outdoor & Camping,Apparel
P017,P059,76,0.00082,0.02549,0.04509,0.56518,French Press,Gym Bag,Home & Kitchen,Sports & Fitness
P059,P017,76,0.00082,0.01819,0.03218,0.56518,Gym Bag,French Press,Sports & Fitness,Home & Kitchen
P072,P040,59,0.00064,0.01803,0.0319,0.56514,Building Blocks 500pc,Fleece Pullover,Toys & Games,Apparel
P040,P072,59,0.00064,0.01996,0.03532,0.56514,Fleece Pullover,Building Blocks 500pc,Apparel,Toys & Games
P015,P005,35,0.00038,0.01896,0.03357,0.56479,Cast Iron Skillet,USB-C Fast Charger,Home & Kitchen,Electronics
P005,P015,35,0.00038,0.01125,0.01992,0.56479,USB-C Fast Charger,Cast Iron Skillet,Electronics,Home & Kitchen
P004,P014,79,0.00085,0.01573,0.02792,0.56352,Phone Case,Chef Knife Set,Electronics,Home & Kitchen
P014,P004,79,0.00085,0.03054,0.05419,0.56352,Chef Knife Set,Phone Case,Home & Kitchen,Electronics
P014,P033,40,0.00043,0.01546,0.02745,0.56325,Chef Knife Set,Camp Chair,Home & Kitchen,Outdoor & Camping
P033,P014,40,0.00043,0.01572,0.02792,0.56325,Camp Chair,Chef Knife Set,Outdoor & Camping,Home & Kitchen
P070,P044,26,0.00028,0.02022,0.03592,0.56282,Face Mask Set,Wool Socks 3-Pack,Beauty & Care,Apparel
P044,P070,26,0.00028,0.00781,0.01388,0.56282,Wool Socks 3-Pack,Face Mask Set,Apparel,Beauty & Care
P067,P021,27,0.00029,0.01327,0.02358,0.56273,Lip Balm 4-Pack,Air Fryer,Beauty & Care,Home & Kitchen
P021,P067,27,0.00029,0.01236,0.02196,0.56273,Air Fryer,Lip Balm 4-Pack,Home & Kitchen,Beauty & Care
P016,P009,46,0.0005,0.01836,0.03262,0.56272,Burr Coffee Grinder,Smart Plug 2-Pack,Home & Kitchen,Electronics
P009,P016,46,0.0005,0.01522,0.02704,0.56272,Smart Plug 2-Pack,Burr Coffee Grinder,Electronics,Home & Kitchen
P042,P008,68,0.00073,0.01635,0.02906,0.56265,Hiking Boots,Noise-Cancelling Headphones,Apparel,Electronics
P008,P042,68,0.00073,0.02525,0.04488,0.56265,Noise-Cancelling Headphones,Hiking Boots,Electronics,Apparel
P037,P013,41,0.00044,0.01427,0.02537,0.56234,Sleeping Pad,Tablet Sleeve,Outdoor & Camping,Electronics
P013,P037,41,0.00044,0.01744,0.03101,0.56234,Tablet Sleeve,Sleeping Pad,Electronics,Outdoor & Camping
P027,P044,57,0.00062,0.02019,0.03592,0.56209,2-Person Tent,Wool Socks 3-Pack,Outdoor & Camping,Apparel
P044,P027,57,0.00062,0.01712,0.03046,0.56209,Wool Socks 3-Pack,2-Person Tent,Apparel,Outdoor & Camping
P081,P075,34,0.00037,0.01108,0.01973,0.56164,Single-Origin Coffee Beans,RC Car,Gourmet Grocery,Toys & Games
P075,P081,34,0.00037,0.0186,0.03312,0.56164,RC Car,Single-Origin Coffee Beans,Toys & Games,Gourmet Grocery
P072,P037,57,0.00062,0.01742,0.03101,0.56156,Building Blocks 500pc,Sleeping Pad,Toys & Games,Outdoor & Camping
P037,P072,57,0.00062,0.01983,0.03532,0.56156,Sleeping Pad,Building Blocks 500pc,Outdoor & Camping,Toys & Games
P035,P076,34,0.00037,0.02848,0.05072,0.56147,Cooler 30L,Plush Bear,Outdoor & Camping,Toys & Games
P076,P035,34,0.00037,0.00723,0.01288,0.56147,Plush Bear,Cooler 30L,Toys & Games,Outdoor & Camping
P036,P050,37,0.0004,0.02407,0.04288,0.56138,Insect Repellent,Leather Belt,Outdoor & Camping,Apparel
P050,P036,37,0.0004,0.00931,0.01659,0.56138,Leather Belt,Insect Repellent,Apparel,Outdoor & Camping
P033,P078,30,0.00032,0.01179,0.02102,0.56101,Camp Chair,Card Game,Outdoor & Camping,Toys & Games
P078,P033,30,0.00032,0.0154,0.02745,0.56101,Card Game,Camp Chair,Toys & Games,Outdoor & Camping
P040,P074,32,0.00035,0.01083,0.01934,0.55984,Fleece Pullover,Jigsaw Puzzle 1000pc,Apparel,Toys & Games
P074,P040,32,0.00035,0.01786,0.0319,0.55984,Jigsaw Puzzle 1000pc,Fleece Pullover,Toys & Games,Apparel
P055,P036,32,0.00035,0.00928,0.01659,0.55974,Foam Roller,Insect Repellent,Sports & Fitness,Outdoor & Camping
P036,P055,32,0.00035,0.02082,0.0372,0.55974,Insect Repellent,Foam Roller,Outdoor & Camping,Sports & Fitness
P012,P019,34,0.00037,0.00829,0.01483,0.55946,Gaming Mouse,Cutting Board,Electronics,Home & Kitchen
P019,P012,34,0.00037,0.02475,0.04423,0.55946,Cutting Board,Gaming Mouse,Home & Kitchen,Electronics
P072,P007,28,0.0003,0.00855,0.0153,0.5591,Building Blocks 500pc,10in Tablet,Toys & Games,Electronics
P007,P072,28,0.0003,0.01975,0.03532,0.5591,10in Tablet,Building Blocks 500pc,Electronics,Toys & Games
P018,P009,26,0.00028,0.01823,0.03262,0.55894,Non-Stick Pan Set,Smart Plug 2-Pack,Home & Kitchen,Electronics
P009,P018,26,0.00028,0.0086,0.01539,0.55894,Smart Plug 2-Pack,Non-Stick Pan Set,Electronics,Home & Kitchen
P034,P024,30,0.00032,0.00936,0.01677,0.55821,Trekking Poles,Electric Kettle,Outdoor & Camping,Home & Kitchen
P024,P034,30,0.00032,0.01931,0.03458,0.55821,Electric Kettle,Trekking Poles,Home & Kitchen,Outdoor & Camping
P054,P027,29,0.00031,0.01699,0.03046,0.55771,Insulated Water Bottle,2-Person Tent,Sports & Fitness,Outdoor & Camping
P027,P054,29,0.00031,0.01027,0.01842,0.55771,2-Person Tent,Insulated Water Bottle,Outdoor & Camping,Sports & Fitness
P013,P066,25,0.00027,0.01063,0.01907,0.5577,Tablet Sleeve,Beard Oil,Electronics,Beauty & Care
P066,P013,25,0.00027,0.01415,0.02537,0.5577,Beard Oil,Tablet Sleeve,Beauty & Care,Electronics
P087,P004,40,0.00043,0.03021,0.05419,0.5575,Hot Sauce Trio,Phone Case,Gourmet Grocery,Electronics
P004,P087,40,0.00043,0.00796,0.01429,0.5575,Phone Case,Hot Sauce Trio,Electronics,Gourmet Grocery
P055,P049,44,0.00047,0.01276,0.0229,0.55747,Foam Roller,Sun Hat,Sports & Fitness,Apparel
P049,P055,44,0.00047,0.02074,0.0372,0.55747,Sun Hat,Foam Roller,Apparel,Sports & Fitness
P078,P012,48,0.00052,0.02464,0.04423,0.55709,Card Game,Gaming Mouse,Toys & Games,Electronics
P012,P078,48,0.00052,0.01171,0.02102,0.55709,Gaming Mouse,Card Game,Electronics,Toys & Games
P014,P003,36,0.00039,0.01392,0.02498,0.55707,Chef Knife Set,Smartwatch,Home & Kitchen,Electronics
P003,P014,36,0.00039,0.01555,0.02792,0.55707,Smartwatch,Chef Knife Set,Electronics,Home & Kitchen
P054,P026,28,0.0003,0.0164,0.02945,0.55702,Insulated Water Bottle,Scented Candle,Sports & Fitness,Home & Kitchen
P026,P054,28,0.0003,0.01026,0.01842,0.55702,Scented Candle,Insulated Water Bottle,Home & Kitchen,Sports & Fitness
P019,P072,27,0.00029,0.01965,0.03532,0.5564,Cutting Board,Building Blocks 500pc,Home & Kitchen,Toys & Games
P072,P019,27,0.00029,0.00825,0.01483,0.5564,Building Blocks 500pc,Cutting Board,Toys & Games,Home & Kitchen
P005,P066,33,0.00036,0.01061,0.01907,0.55633,USB-C Fast Charger,Beard Oil,Electronics,Beauty & Care
P066,P005,33,0.00036,0.01868,0.03357,0.55633,Beard Oil,USB-C Fast Charger,Beauty & Care,Electronics
P081,P074,33,0.00036,0.01075,0.01934,0.55607,Single-Origin Coffee Beans,Jigsaw Puzzle 1000pc,Gourmet Grocery,Toys & Games
P074,P081,33,0.00036,0.01842,0.03312,0.55607,Jigsaw Puzzle 1000pc,Single-Origin Coffee Beans,Toys & Games,Gourmet Grocery
P027,P021,37,0.0004,0.01311,0.02358,0.55589,2-Person Tent,Air Fryer,Outdoor & Camping,Home & Kitchen
P021,P027,37,0.0004,0.01693,0.03046,0.55589,Air Fryer,2-Person Tent,Home & Kitchen,Outdoor & Camping
P021,P034,42,0.00045,0.01922,0.03458,0.55581,Air Fryer,Trekking Poles,Home & Kitchen,Outdoor & Camping
P034,P021,42,0.00045,0.0131,0.02358,0.55581,Trekking Poles,Air Fryer,Outdoor & Camping,Home & Kitchen
P027,P039,48,0.00052,0.017,0.03065,0.55484,2-Person Tent,Rain Jacket,Outdoor & Camping,Apparel
P039,P027,48,0.00052,0.0169,0.03046,0.55484,Rain Jacket,2-Person Tent,Apparel,Outdoor & Camping
P068,P027,50,0.00054,0.0169,0.03046,0.55471,Bamboo Toothbrush 4-Pack,2-Person Tent,Beauty & Care,Outdoor & Camping
P027,P068,50,0.00054,0.01771,0.03193,0.55471,2-Person Tent,Bamboo Toothbrush 4-Pack,Outdoor & Camping,Beauty & Care
P042,P076,117,0.00126,0.02813,0.05072,0.55469,Hiking Boots,Plush Bear,Apparel,Toys & Games
P076,P042,117,0.00126,0.02489,0.04488,0.55469,Plush Bear,Hiking Boots,Toys & Games,Apparel
P030,P061,28,0.0003,0.01034,0.01865,0.55432,Headlamp,Yoga Block Set,Outdoor & Camping,Sports & Fitness
P061,P030,28,0.0003,0.0162,0.02923,0.55432,Yoga Block Set,Headlamp,Sports & Fitness,Outdoor & Camping
P035,P023,26,0.00028,0.02178,0.03931,0.55394,Cooler 30L,Glass Storage Set,Outdoor & Camping,Home & Kitchen
P023,P035,26,0.00028,0.00714,0.01288,0.55394,Glass Storage Set,Cooler 30L,Home & Kitchen,Outdoor & Camping
P073,P044,26,0.00028,0.01982,0.03592,0.55167,Strategy Board Game,Wool Socks 3-Pack,Toys & Games,Apparel
P044,P073,26,0.00028,0.00781,0.01416,0.55167,Wool Socks 3-Pack,Strategy Board Game,Apparel,Toys & Games
P037,P017,51,0.00055,0.01775,0.03218,0.55148,Sleeping Pad,French Press,Outdoor & Camping,Home & Kitchen
P017,P037,51,0.00055,0.0171,0.03101,0.55148,French Press,Sleeping Pad,Home & Kitchen,Outdoor & Camping
P016,P047,62,0.00067,0.02474,0.04488,0.55128,Burr Coffee Grinder,Chino Pants,Home & Kitchen,Apparel
P047,P016,62,0.00067,0.01491,0.02704,0.55128,Chino Pants,Burr Coffee Grinder,Apparel,Home & Kitchen
P086,P059,36,0.00039,0.02483,0.04509,0.55057,Raw Honey,Gym Bag,Gourmet Grocery,Sports & Fitness
P059,P086,36,0.00039,0.00861,0.01565,0.55057,Gym Bag,Raw Honey,Sports & Fitness,Gourmet Grocery
P011,P083,47,0.00051,0.03555,0.06463,0.55013,E-Reader,Extra Virgin Olive Oil,Electronics,Gourmet Grocery
P083,P011,47,0.00051,0.00785,0.01427,0.55013,Extra Virgin Olive Oil,E-Reader,Gourmet Grocery,Electronics
P046,P075,39,0.00042,0.01085,0.01973,0.55013,Organic Cotton Tee,RC Car,Apparel,Toys & Games
P075,P046,39,0.00042,0.02133,0.03878,0.55013,RC Car,Organic Cotton Tee,Toys & Games,Apparel
P049,P020,36,0.00039,0.01697,0.03084,0.55011,Sun Hat,Stand Mixer,Apparel,Home & Kitchen
P020,P049,36,0.00039,0.0126,0.0229,0.55011,Stand Mixer,Sun Hat,Home & Kitchen,Apparel
P047,P068,73,0.00079,0.01755,0.03193,0.54972,Chino Pants,Bamboo Toothbrush 4-Pack,Apparel,Beauty & Care
P068,P047,73,0.00079,0.02467,0.04488,0.54972,Bamboo Toothbrush 4-Pack,Chino Pants,Beauty & Care,Apparel
P054,P042,42,0.00045,0.0246,0.04488,0.54825,Insulated Water Bottle,Hiking Boots,Sports & Fitness,Apparel
P042,P054,42,0.00045,0.0101,0.01842,0.54825,Hiking Boots,Insulated Water Bottle,Apparel,Sports & Fitness
P005,P083,110,0.00119,0.03536,0.06463,0.54713,USB-C Fast Charger,Extra Virgin Olive Oil,Electronics,Gourmet Grocery
P083,P005,110,0.00119,0.01837,0.03357,0.54713,Extra Virgin Olive Oil,USB-C Fast Charger,Gourmet Grocery,Electronics
P007,P022,36,0.00039,0.02539,0.04642,0.5469,10in Tablet,Linen Towel Set,Electronics,Home & Kitchen
P022,P007,36,0.00039,0.00837,0.0153,0.5469,Linen Towel Set,10in Tablet,Home & Kitchen,Electronics
P018,P044,28,0.0003,0.01964,0.03592,0.54661,Non-Stick Pan Set,Wool Socks 3-Pack,Home & Kitchen,Apparel
P044,P018,28,0.0003,0.00841,0.01539,0.54661,Wool Socks 3-Pack,Non-Stick Pan Set,Apparel,Home & Kitchen
P056,P034,30,0.00032,0.0189,0.03458,0.5466,Jump Rope,Trekking Poles,Sports & Fitness,Outdoor & Camping
P034,P056,30,0.00032,0.00936,0.01712,0.5466,Trekking Poles,Jump Rope,Outdoor & Camping,Sports & Fitness
P059,P043,48,0.00052,0.01149,0.02102,0.54643,Gym Bag,Trail Running Shoes,Sports & Fitness,Apparel
P043,P059,48,0.00052,0.02464,0.04509,0.54643,Trail Running Shoes,Gym Bag,Apparel,Sports & Fitness
P031,P046,25,0.00027,0.02117,0.03878,0.54584,Hiking Backpack 40L,Organic Cotton Tee,Outdoor & Camping,Apparel
P046,P031,25,0.00027,0.00696,0.01274,0.54584,Organic Cotton Tee,Hiking Backpack 40L,Apparel,Outdoor & Camping
P062,P031,35,0.00038,0.00695,0.01274,0.54569,Vitamin C Serum,Hiking Backpack 40L,Beauty & Care,Outdoor & Camping
P031,P062,35,0.00038,0.02964,0.05431,0.54569,Hiking Backpack 40L,Vitamin C Serum,Outdoor & Camping,Beauty & Care
P037,P040,50,0.00054,0.0174,0.0319,0.54542,Sleeping Pad,Fleece Pullover,Outdoor & Camping,Apparel
P040,P037,50,0.00054,0.01691,0.03101,0.54542,Fleece Pullover,Sleeping Pad,Apparel,Outdoor & Camping
P048,P070,26,0.00028,0.00756,0.01388,0.5445,Down Vest,Face Mask Set,Apparel,Beauty & Care
P070,P048,26,0.00028,0.02022,0.03713,0.5445,Face Mask Set,Down Vest,Beauty & Care,Apparel
P021,P078,25,0.00027,0.01144,0.02102,0.54432,Air Fryer,Card Game,Home & Kitchen,Toys & Games
P078,P021,25,0.00027,0.01283,0.02358,0.54432,Card Game,Air Fryer,Toys & Games,Home & Kitchen
P054,P008,27,0.00029,0.01582,0.02906,0.54431,Insulated Water Bottle,Noise-Cancelling Headphones,Sports & Fitness,Electronics
P008,P054,27,0.00029,0.01003,0.01842,0.54431,Noise-Cancelling Headphones,Insulated Water Bottle,Electronics,Sports & Fitness
P019,P046,29,0.00031,0.02111,0.03878,0.54423,Cutting Board,Organic Cotton Tee,Home & Kitchen,Apparel
P046,P019,29,0.00031,0.00807,0.01483,0.54423,Organic Cotton Tee,Cutting Board,Apparel,Home & Kitchen
P012,P047,100,0.00108,0.0244,0.04488,0.54361,Gaming Mouse,Chino Pants,Electronics,Apparel
P047,P012,100,0.00108,0.02404,0.04423,0.54361,Chino Pants,Gaming Mouse,Apparel,Electronics
P026,P037,46,0.0005,0.01686,0.03101,0.54353,Scented Candle,Sleeping Pad,Home & Kitchen,Outdoor & Camping
P037,P026,46,0.0005,0.01601,0.02945,0.54353,Sleeping Pad,Scented Candle,Outdoor & Camping,Home & Kitchen
P089,P022,46,0.0005,0.02521,0.04642,0.54297,Dried Mango,Linen Towel Set,Gourmet Grocery,Home & Kitchen
P022,P089,46,0.0005,0.01069,0.01969,0.54297,Linen Towel Set,Dried Mango,Home & Kitchen,Gourmet Grocery
P012,P037,69,0.00074,0.01683,0.03101,0.5428,Gaming Mouse,Sleeping Pad,Electronics,Outdoor & Camping
P037,P012,69,0.00074,0.02401,0.04423,0.5428,Sleeping Pad,Gaming Mouse,Outdoor & Camping,Electronics
P034,P071,33,0.00036,0.0103,0.01897,0.54278,Trekking Poles,Perfume 50ml,Outdoor & Camping,Beauty & Care
P071,P034,33,0.00036,0.01877,0.03458,0.54278,Perfume 50ml,Trekking Poles,Beauty & Care,Outdoor & Camping
P062,P029,29,0.00031,0.00576,0.01062,0.54266,Vitamin C Serum,Camping Stove,Beauty & Care,Outdoor & Camping
P029,P062,29,0.00031,0.02947,0.05431,0.54266,Camping Stove,Vitamin C Serum,Outdoor & Camping,Beauty & Care
P073,P022,33,0.00036,0.02515,0.04642,0.54183,Strategy Board Game,Linen Towel Set,Toys & Games,Home & Kitchen
P022,P073,33,0.00036,0.00767,0.01416,0.54183,Linen Towel Set,Strategy Board Game,Home & Kitchen,Toys & Games
P081,P061,31,0.00033,0.0101,0.01865,0.54172,Single-Origin Coffee Beans,Yoga Block Set,Gourmet Grocery,Sports & Fitness
P061,P081,31,0.00033,0.01794,0.03312,0.54172,Yoga Block Set,Single-Origin Coffee Beans,Sports & Fitness,Gourmet Grocery
P052,P085,29,0.00031,0.00766,0.01415,0.54146,Adjustable Dumbbells,Loose Leaf Tea,Sports & Fitness,Gourmet Grocery
P085,P052,29,0.00031,0.02212,0.04085,0.54146,Loose Leaf Tea,Adjustable Dumbbells,Gourmet Grocery,Sports & Fitness
P085,P059,32,0.00035,0.02441,0.04509,0.54129,Loose Leaf Tea,Gym Bag,Gourmet Grocery,Sports & Fitness
P059,P085,32,0.00035,0.00766,0.01415,0.54129,Gym Bag,Loose Leaf Tea,Sports & Fitness,Gourmet Grocery
P046,P001,87,0.00094,0.02421,0.04473,0.54122,Organic Cotton Tee,Wireless Earbuds,Apparel,Electronics
P001,P046,87,0.00094,0.02099,0.03878,0.54122,Wireless Earbuds,Organic Cotton Tee,Electronics,Apparel
P054,P030,27,0.00029,0.01582,0.02923,0.5411,Insulated Water Bottle,Headlamp,Sports & Fitness,Outdoor & Camping
P030,P054,27,0.00029,0.00997,0.01842,0.5411,Headlamp,Insulated Water Bottle,Outdoor & Camping,Sports & Fitness
P052,P073,29,0.00031,0.00766,0.01416,0.54105,Adjustable Dumbbells,Strategy Board Game,Sports & Fitness,Toys & Games
P073,P052,29,0.00031,0.0221,0.04085,0.54105,Strategy Board Game,Adjustable Dumbbells,Toys & Games,Sports & Fitness
P022,P013,59,0.00064,0.01371,0.02537,0.54061,Linen Towel Set,Tablet Sleeve,Home & Kitchen,Electronics
P013,P022,59,0.00064,0.0251,0.04642,0.54061,Tablet Sleeve,Linen Towel Set,Electronics,Home & Kitchen
P062,P088,28,0.0003,0.00556,0.01029,0.54043,Vitamin C Serum,Gourmet Gift Basket,Beauty & Care,Gourmet Grocery
P088,P062,28,0.0003,0.02935,0.05431,0.54043,Gourmet Gift Basket,Vitamin C Serum,Gourmet Grocery,Beauty & Care
P087,P001,32,0.00035,0.02417,0.04473,0.54037,Hot Sauce Trio,Wireless Earbuds,Gourmet Grocery,Electronics
P001,P087,32,0.00035,0.00772,0.01429,0.54037,Wireless Earbuds,Hot Sauce Trio,Electronics,Gourmet Grocery
P061,P050,40,0.00043,0.02315,0.04288,0.53981,Yoga Block Set,Leather Belt,Sports & Fitness,Apparel
P050,P061,40,0.00043,0.01007,0.01865,0.53981,Leather Belt,Yoga Block Set,Apparel,Sports & Fitness
P081,P013,42,0.00045,0.01369,0.02537,0.53945,Single-Origin Coffee Beans,Tablet Sleeve,Gourmet Grocery,Electronics
P013,P081,42,0.00045,0.01786,0.03312,0.53945,Tablet Sleeve,Single-Origin Coffee Beans,Electronics,Gourmet Grocery
P018,P076,39,0.00042,0.02735,0.05072,0.53926,Non-Stick Pan Set,Plush Bear,Home & Kitchen,Toys & Games
P076,P018,39,0.00042,0.0083,0.01539,0.53926,Plush Bear,Non-Stick Pan Set,Toys & Games,Home & Kitchen
P071,P033,26,0.00028,0.01479,0.02745,0.53875,Perfume 50ml,Camp Chair,Beauty & Care,Outdoor & Camping
P033,P071,26,0.00028,0.01022,0.01897,0.53875,Camp Chair,Perfume 50ml,Outdoor & Camping,Beauty & Care
P005,P089,33,0.00036,0.01061,0.01969,0.53865,USB-C Fast Charger,Dried Mango,Electronics,Gourmet Grocery
P089,P005,33,0.00036,0.01808,0.03357,0.53865,Dried Mango,USB-C Fast Charger,Gourmet Grocery,Electronics
P012,P017,71,0.00077,0.01732,0.03218,0.5383,Gaming Mouse,French Press,Electronics,Home & Kitchen
P017,P012,71,0.00077,0.02381,0.04423,0.5383,French Press,Gaming Mouse,Home & Kitchen,Electronics
P064,P009,29,0.00031,0.01755,0.03262,0.53815,Mineral Sunscreen,Smart Plug 2-Pack,Beauty & Care,Electronics
P009,P064,29,0.00031,0.00959,0.01783,0.53815,Smart Plug 2-Pack,Mineral Sunscreen,Electronics,Beauty & Care
P023,P087,28,0.0003,0.00769,0.01429,0.53798,Glass Storage Set,Hot Sauce Trio,Home & Kitchen,Gourmet Grocery
P087,P023,28,0.0003,0.02115,0.03931,0.53798,Hot Sauce Trio,Glass Storage Set,Gourmet Grocery,Home & Kitchen
P020,P012,68,0.00073,0.02379,0.04423,0.53793,Stand Mixer,Gaming Mouse,Home & Kitchen,Electronics
P012,P020,68,0.00073,0.01659,0.03084,0.53793,Gaming Mouse,Stand Mixer,Electronics,Home & Kitchen
P008,P044,52,0.00056,0.01931,0.03592,0.53753,Noise-Cancelling Headphones,Wool Socks 3-Pack,Electronics,Apparel
P044,P008,52,0.00056,0.01562,0.02906,0.53753,Wool Socks 3-Pack,Noise-Cancelling Headphones,Apparel,Electronics
P046,P061,36,0.00039,0.01002,0.01865,0.5372,Organic Cotton Tee,Yoga Block Set,Apparel,Sports & Fitness
P061,P046,36,0.00039,0.02083,0.03878,0.5372,Yoga Block Set,Organic Cotton Tee,Sports & Fitness,Apparel
P042,P070,31,0.00033,0.00745,0.01388,0.53714,Hiking Boots,Face Mask Set,Apparel,Beauty & Care
P070,P042,31,0.00033,0.02411,0.04488,0.53714,Face Mask Set,Hiking Boots,Beauty & Care,Apparel
P025,P044,37,0.0004,0.01928,0.03592,0.53674,Dinnerware 16pc,Wool Socks 3-Pack,Home & Kitchen,Apparel
P044,P025,37,0.0004,0.01111,0.02071,0.53674,Wool Socks 3-Pack,Dinnerware 16pc,Apparel,Home & Kitchen
P064,P050,38,0.00041,0.023,0.04288,0.53641,Mineral Sunscreen,Leather Belt,Beauty & Care,Apparel
P050,P064,38,0.00041,0.00956,0.01783,0.53641,Leather Belt,Mineral Sunscreen,Apparel,Beauty & Care
P021,P008,34,0.00037,0.01556,0.02906,0.53548,Air Fryer,Noise-Cancelling Headphones,Home & Kitchen,Electronics
P008,P021,34,0.00037,0.01263,0.02358,0.53548,Noise-Cancelling Headphones,Air Fryer,Electronics,Home & Kitchen
P034,P047,77,0.00083,0.02402,0.04488,0.53534,Trekking Poles,Chino Pants,Outdoor & Camping,Apparel
P047,P034,77,0.00083,0.01851,0.03458,0.53534,Chino Pants,Trekking Poles,Apparel,Outdoor & Camping
P023,P044,70,0.00076,0.01921,0.03592,0.53491,Glass Storage Set,Wool Socks 3-Pack,Home & Kitchen,Apparel
P044,P023,70,0.00076,0.02103,0.03931,0.53491,Wool Socks 3-Pack,Glass Storage Set,Apparel,Home & Kitchen
P012,P045,25,0.00027,0.0061,0.01141,0.53474,Gaming Mouse,Denim Jacket,Electronics,Apparel
P045,P012,25,0.00027,0.02365,0.04423,0.53474,Denim Jacket,Gaming Mouse,Apparel,Electronics
P057,P050,34,0.00037,0.02293,0.04288,0.53464,Fitness Tracker,Leather Belt,Sports & Fitness,Apparel
P050,P057,34,0.00037,0.00856,0.016,0.53464,Leather Belt,Fitness Tracker,Apparel,Sports & Fitness
P032,P047,25,0.00027,0.02399,0.04488,0.53461,Water Filter,Chino Pants,Outdoor & Camping,Apparel
P047,P032,25,0.00027,0.00601,0.01124,0.53461,Chino Pants,Water Filter,Apparel,Outdoor & Camping
P042,P025,46,0.0005,0.01106,0.02071,0.53413,Hiking Boots,Dinnerware 16pc,Apparel,Home & Kitchen
P025,P042,46,0.0005,0.02397,0.04488,0.53413,Dinnerware 16pc,Hiking Boots,Home & Kitchen,Apparel
P010,P017,45,0.00049,0.01718,0.03218,0.53377,Action Camera,French Press,Electronics,Home & Kitchen
P017,P010,45,0.00049,0.01509,0.02827,0.53377,French Press,Action Camera,Home & Kitchen,Electronics
P035,P052,26,0.00028,0.02178,0.04085,0.53302,Cooler 30L,Adjustable Dumbbells,Outdoor & Camping,Sports & Fitness
P052,P035,26,0.00028,0.00687,0.01288,0.53302,Adjustable Dumbbells,Cooler 30L,Sports & Fitness,Outdoor & Camping
P015,P034,34,0.00037,0.01842,0.03458,0.53256,Cast Iron Skillet,Trekking Poles,Home & Kitchen,Outdoor & Camping
P034,P015,34,0.00037,0.01061,0.01992,0.53256,Trekking Poles,Cast Iron Skillet,Outdoor & Camping,Home & Kitchen
P025,P072,36,0.00039,0.01876,0.03532,0.53117,Dinnerware 16pc,Building Blocks 500pc,Home & Kitchen,Toys & Games
P072,P025,36,0.00039,0.011,0.02071,0.53117,Building Blocks 500pc,Dinnerware 16pc,Toys & Games,Home & Kitchen
P039,P036,25,0.00027,0.0088,0.01659,0.53076,Rain Jacket,Insect Repellent,Apparel,Outdoor & Camping
P036,P039,25,0.00027,0.01627,0.03065,0.53076,Insect Repellent,Rain Jacket,Outdoor & Camping,Apparel
P081,P036,27,0.00029,0.0088,0.01659,0.53045,Single-Origin Coffee Beans,Insect Repellent,Gourmet Grocery,Outdoor & Camping
P036,P081,27,0.00029,0.01757,0.03312,0.53045,Insect Repellent,Single-Origin Coffee Beans,Outdoor & Camping,Gourmet Grocery
P062,P052,109,0.00118,0.02166,0.04085,0.53012,Vitamin C Serum,Adjustable Dumbbells,Beauty & Care,Sports & Fitness
P052,P062,109,0.00118,0.02879,0.05431,0.53012,Adjustable Dumbbells,Vitamin C Serum,Sports & Fitness,Beauty & Care
P036,P023,32,0.00035,0.02082,0.03931,0.52963,Insect Repellent,Glass Storage Set,Outdoor & Camping,Home & Kitchen
P023,P036,32,0.00035,0.00878,0.01659,0.52963,Glass Storage Set,Insect Repellent,Home & Kitchen,Outdoor & Camping
P081,P009,53,0.00057,0.01727,0.03262,0.52941,Single-Origin Coffee Beans,Smart Plug 2-Pack,Gourmet Grocery,Electronics
P009,P081,53,0.00057,0.01753,0.03312,0.52941,Smart Plug 2-Pack,Single-Origin Coffee Beans,Electronics,Gourmet Grocery
P018,P048,28,0.0003,0.01964,0.03713,0.52882,Non-Stick Pan Set,Down Vest,Home & Kitchen,Apparel
P048,P018,28,0.0003,0.00814,0.01539,0.52882,Down Vest,Non-Stick Pan Set,Apparel,Home & Kitchen
P046,P017,61,0.00066,0.01697,0.03218,0.52747,Organic Cotton Tee,French Press,Apparel,Home & Kitchen
P017,P046,61,0.00066,0.02046,0.03878,0.52747,French Press,Organic Cotton Tee,Home & Kitchen,Apparel
P033,P001,60,0.00065,0.02358,0.04473,0.52731,Camp Chair,Wireless Earbuds,Outdoor & Camping,Electronics
P001,P033,60,0.00065,0.01448,0.02745,0.52731,Wireless Earbuds,Camp Chair,Electronics,Outdoor & Camping
P025,P039,31,0.00033,0.01615,0.03065,0.52713,Dinnerware 16pc,Rain Jacket,Home & Kitchen,Apparel
P039,P025,31,0.00033,0.01092,0.02071,0.52713,Rain Jacket,Dinnerware 16pc,Apparel,Home & Kitchen
P022,P071,43,0.00046,0.01,0.01897,0.52691,Linen Towel Set,Perfume 50ml,Home & Kitchen,Beauty & Care
P071,P022,43,0.00046,0.02446,0.04642,0.52691,Perfume 50ml,Linen Towel Set,Beauty & Care,Home & Kitchen
P019,P044,26,0.00028,0.01892,0.03592,0.52678,Cutting Board,Wool Socks 3-Pack,Home & Kitchen,Apparel
P044,P019,26,0.00028,0.00781,0.01483,0.52678,Wool Socks 3-Pack,Cutting Board,Apparel,Home & Kitchen
P037,P004,82,0.00088,0.02853,0.05419,0.52651,Sleeping Pad,Phone Case,Outdoor & Camping,Electronics
P004,P037,82,0.00088,0.01633,0.03101,0.52651,Phone Case,Sleeping Pad,Electronics,Outdoor & Camping
P040,P015,31,0.00033,0.01049,0.01992,0.52648,Fleece Pullover,Cast Iron Skillet,Apparel,Home & Kitchen
P015,P040,31,0.00033,0.01679,0.0319,0.52648,Cast Iron Skillet,Fleece Pullover,Home & Kitchen,Apparel
P034,P008,49,0.00053,0.01529,0.02906,0.52612,Trekking Poles,Noise-Cancelling Headphones,Outdoor & Camping,Electronics
P008,P034,49,0.00053,0.0182,0.03458,0.52612,Noise-Cancelling Headphones,Trekking Poles,Electronics,Outdoor & Camping
P040,P017,50,0.00054,0.01691,0.03218,0.52567,Fleece Pullover,French Press,Apparel,Home & Kitchen
P017,P040,50,0.00054,0.01677,0.0319,0.52567,French Press,Fleece Pullover,Home & Kitchen,Apparel
P058,P076,28,0.0003,0.02662,0.05072,0.5248,Kettlebell 12kg,Plush Bear,Sports & Fitness,Toys & Games
P076,P058,28,0.0003,0.00596,0.01135,0.5248,Plush Bear,Kettlebell 12kg,Toys & Games,Sports & Fitness
P009,P017,51,0.00055,0.01687,0.03218,0.5243,Smart Plug 2-Pack,French Press,Electronics,Home & Kitchen
P017,P009,51,0.00055,0.0171,0.03262,0.5243,French Press,Smart Plug 2-Pack,Home & Kitchen,Electronics
P089,P041,28,0.0003,0.01534,0.02927,0.52408,Dried Mango,Merino Base Layer,Gourmet Grocery,Apparel
P041,P089,28,0.0003,0.01032,0.01969,0.52408,Merino Base Layer,Dried Mango,Apparel,Gourmet Grocery
P059,P073,31,0.00033,0.00742,0.01416,0.52397,Gym Bag,Strategy Board Game,Sports & Fitness,Toys & Games
P073,P059,31,0.00033,0.02363,0.04509,0.52397,Strategy Board Game,Gym Bag,Toys & Games,Sports & Fitness
P075,P050,41,0.00044,0.02243,0.04288,0.52304,RC Car,Leather Belt,Toys & Games,Apparel
P050,P075,41,0.00044,0.01032,0.01973,0.52304,Leather Belt,RC Car,Apparel,Toys & Games
P003,P055,45,0.00049,0.01944,0.0372,0.5226,Smartwatch,Foam Roller,Electronics,Sports & Fitness
P055,P003,45,0.00049,0.01305,0.02498,0.5226,Foam Roller,Smartwatch,Sports & Fitness,Electronics
P075,P010,27,0.00029,0.01477,0.02827,0.52244,RC Car,Action Camera,Toys & Games,Electronics
P010,P075,27,0.00029,0.01031,0.01973,0.52244,Action Camera,RC Car,Electronics,Toys & Games
P027,P043,31,0.00033,0.01098,0.02102,0.52241,2-Person Tent,Trail Running Shoes,Outdoor & Camping,Apparel
P043,P027,31,0.00033,0.01591,0.03046,0.52241,Trail Running Shoes,2-Person Tent,Apparel,Outdoor & Camping
P028,P024,25,0.00027,0.00874,0.01677,0.5211,Sleeping Bag,Electric Kettle,Outdoor & Camping,Home & Kitchen
P024,P028,25,0.00027,0.01609,0.03087,0.5211,Electric Kettle,Sleeping Bag,Home & Kitchen,Outdoor & Camping
P022,P003,56,0.0006,0.01302,0.02498,0.5211,Linen Towel Set,Smartwatch,Home & Kitchen,Electronics
P003,P022,56,0.0006,0.02419,0.04642,0.5211,Smartwatch,Linen Towel Set,Electronics,Home & Kitchen
P009,P054,29,0.00031,0.00959,0.01842,0.52081,Smart Plug 2-Pack,Insulated Water Bottle,Electronics,Sports & Fitness
P054,P009,29,0.00031,0.01699,0.03262,0.52081,Insulated Water Bottle,Smart Plug 2-Pack,Sports & Fitness,Electronics
P023,P042,85,0.00092,0.02333,0.04488,0.51991,Glass Storage Set,Hiking Boots,Home & Kitchen,Apparel
P042,P023,85,0.00092,0.02044,0.03931,0.51991,Hiking Boots,Glass Storage Set,Apparel,Home & Kitchen
P044,P066,33,0.00036,0.00991,0.01907,0.5199,Wool Socks 3-Pack,Beard Oil,Apparel,Beauty & Care
P066,P044,33,0.00036,0.01868,0.03592,0.5199,Beard Oil,Wool Socks 3-Pack,Beauty & Care,Apparel
P039,P071,28,0.0003,0.00986,0.01897,0.51973,Rain Jacket,Perfume 50ml,Apparel,Beauty & Care
P071,P039,28,0.0003,0.01593,0.03065,0.51973,Perfume 50ml,Rain Jacket,Beauty & Care,Apparel
P050,P054,38,0.00041,0.00956,0.01842,0.51913,Leather Belt,Insulated Water Bottle,Apparel,Sports & Fitness
P054,P050,38,0.00041,0.02226,0.04288,0.51913,Insulated Water Bottle,Leather Belt,Sports & Fitness,Apparel
P057,P076,39,0.00042,0.0263,0.05072,0.51854,Fitness Tracker,Plush Bear,Sports & Fitness,Toys & Games
P076,P057,39,0.00042,0.0083,0.016,0.51854,Plush Bear,Fitness Tracker,Toys & Games,Sports & Fitness
P034,P040,53,0.00057,0.01654,0.0319,0.51844,Trekking Poles,Fleece Pullover,Outdoor & Camping,Apparel
P040,P034,53,0.00057,0.01793,0.03458,0.51844,Fleece Pullover,Trekking Poles,Apparel,Outdoor & Camping
P030,P025,29,0.00031,0.01071,0.02071,0.51697,Headlamp,Dinnerware 16pc,Outdoor & Camping,Home & Kitchen
P025,P030,29,0.00031,0.01511,0.02923,0.51697,Dinnerware 16pc,Headlamp,Home & Kitchen,Outdoor & Camping
P041,P025,29,0.00031,0.01069,0.02071,0.51621,Merino Base Layer,Dinnerware 16pc,Apparel,Home & Kitchen
P025,P041,29,0.00031,0.01511,0.02927,0.51621,Dinnerware 16pc,Merino Base Layer,Home & Kitchen,Apparel
P072,P071,32,0.00035,0.00978,0.01897,0.51539,Building Blocks 500pc,Perfume 50ml,Toys & Games,Beauty & Care
P071,P072,32,0.00035,0.0182,0.03532,0.51539,Perfume 50ml,Building Blocks 500pc,Beauty & Care,Toys & Games
P081,P053,27,0.00029,0.0088,0.01707,0.51536,Single-Origin Coffee Beans,Resistance Bands,Gourmet Grocery,Sports & Fitness
P053,P081,27,0.00029,0.01707,0.03312,0.51536,Resistance Bands,Single-Origin Coffee Beans,Sports & Fitness,Gourmet Grocery
P040,P089,30,0.00032,0.01015,0.01969,0.51536,Fleece Pullover,Dried Mango,Apparel,Gourmet Grocery
P089,P040,30,0.00032,0.01644,0.0319,0.51536,Dried Mango,Fleece Pullover,Gourmet Grocery,Apparel
P064,P046,33,0.00036,0.01998,0.03878,0.51509,Mineral Sunscreen,Organic Cotton Tee,Beauty & Care,Apparel
P046,P064,33,0.00036,0.00918,0.01783,0.51509,Organic Cotton Tee,Mineral Sunscreen,Apparel,Beauty & Care
P028,P068,47,0.00051,0.01643,0.03193,0.5145,Sleeping Bag,Bamboo Toothbrush 4-Pack,Outdoor & Camping,Beauty & Care
P068,P028,47,0.00051,0.01588,0.03087,0.5145,Bamboo Toothbrush 4-Pack,Sleeping Bag,Beauty & Care,Outdoor & Camping
P038,P076,26,0.00028,0.02608,0.05072,0.5142,Camp Lantern,Plush Bear,Outdoor & Camping,Toys & Games
P076,P038,26,0.00028,0.00553,0.01076,0.5142,Plush Bear,Camp Lantern,Toys & Games,Outdoor & Camping
P003,P050,51,0.00055,0.02203,0.04288,0.51374,Smartwatch,Leather Belt,Electronics,Apparel
P050,P003,51,0.00055,0.01283,0.02498,0.51374,Leather Belt,Smartwatch,Apparel,Electronics
P010,P027,41,0.00044,0.01565,0.03046,0.51372,Action Camera,2-Person Tent,Electronics,Outdoor & Camping
P027,P010,41,0.00044,0.01452,0.02827,0.51372,2-Person Tent,Action Camera,Outdoor & Camping,Electronics
P037,P071,28,0.0003,0.00974,0.01897,0.51358,Sleeping Pad,Perfume 50ml,Outdoor & Camping,Beauty & Care
P071,P037,28,0.0003,0.01593,0.03101,0.51358,Perfume 50ml,Sleeping Pad,Beauty & Care,Outdoor & Camping
P026,P049,32,0.00035,0.01173,0.0229,0.5121,Scented Candle,Sun Hat,Home & Kitchen,Apparel
P049,P026,32,0.00035,0.01508,0.02945,0.5121,Sun Hat,Scented Candle,Apparel,Home & Kitchen
P033,P076,66,0.00071,0.02594,0.05072,0.51154,Camp Chair,Plush Bear,Outdoor & Camping,Toys & Games
P076,P033,66,0.00071,0.01404,0.02745,0.51154,Plush Bear,Camp Chair,Toys & Games,Outdoor & Camping
P030,P043,29,0.00031,0.01071,0.02102,0.50928,Headlamp,Trail Running Shoes,Outdoor & Camping,Apparel
P043,P030,29,0.00031,0.01489,0.02923,0.50928,Trail Running Shoes,Headlamp,Apparel,Outdoor & Camping
P060,P008,26,0.00028,0.0148,0.02906,0.50924,Protein Shaker,Noise-Cancelling Headphones,Sports & Fitness,Electronics
P008,P060,26,0.00028,0.00965,0.01896,0.50924,Noise-Cancelling Headphones,Protein Shaker,Electronics,Sports & Fitness
P010,P084,25,0.00027,0.00954,0.01875,0.50879,Action Camera,Trail Mix 1kg,Electronics,Gourmet Grocery
P084,P010,25,0.00027,0.01438,0.02827,0.50879,Trail Mix 1kg,Action Camera,Gourmet Grocery,Electronics
P057,P034,26,0.00028,0.01753,0.03458,0.50694,Fitness Tracker,Trekking Poles,Sports & Fitness,Outdoor & Camping
P034,P057,26,0.00028,0.00811,0.016,0.50694,Trekking Poles,Fitness Tracker,Outdoor & Camping,Sports & Fitness
P028,P074,28,0.0003,0.00979,0.01934,0.50612,Sleeping Bag,Jigsaw Puzzle 1000pc,Outdoor & Camping,Toys & Games
P074,P028,28,0.0003,0.01562,0.03087,0.50612,Jigsaw Puzzle 1000pc,Sleeping Bag,Toys & Games,Outdoor & Camping
P034,P076,82,0.00088,0.02559,0.05072,0.50448,Trekking Poles,Plush Bear,Outdoor & Camping,Toys & Games
P076,P034,82,0.00088,0.01745,0.03458,0.50448,Plush Bear,Trekking Poles,Toys & Games,Outdoor & Camping
P042,P078,44,0.00047,0.01058,0.02102,0.5033,Hiking Boots,Card Game,Apparel,Toys & Games
P078,P042,44,0.00047,0.02259,0.04488,0.5033,Card Game,Hiking Boots,Toys & Games,Apparel
P076,P029,25,0.00027,0.00532,0.01062,0.50096,Plush Bear,Camping Stove,Toys & Games,Outdoor & Camping
P029,P076,25,0.00027,0.02541,0.05072,0.50096,Camping Stove,Plush Bear,Outdoor & Camping,Toys & Games
P040,P078,31,0.00033,0.01049,0.02102,0.49891,Fleece Pullover,Card Game,Apparel,Toys & Games
P078,P040,31,0.00033,0.01591,0.0319,0.49891,Card Game,Fleece Pullover,Toys & Games,Apparel
P014,P009,42,0.00045,0.01624,0.03262,0.4977,Chef Knife Set,Smart Plug 2-Pack,Home & Kitchen,Electronics
P009,P014,42,0.00045,0.01389,0.02792,0.4977,Smart Plug 2-Pack,Chef Knife Set,Electronics,Home & Kitchen
P048,P084,32,0.00035,0.0093,0.01875,0.49587,Down Vest,Trail Mix 1kg,Apparel,Gourmet Grocery
P084,P048,32,0.00035,0.01841,0.03713,0.49587,Trail Mix 1kg,Down Vest,Gourmet Grocery,Apparel
P052,P026,55,0.00059,0.01453,0.02945,0.49332,Adjustable Dumbbells,Scented Candle,Sports & Fitness,Home & Kitchen
P026,P052,55,0.00059,0.02015,0.04085,0.49332,Scented Candle,Adjustable Dumbbells,Home & Kitchen,Sports & Fitness
P017,P041,43,0.00046,0.01442,0.02927,0.49257,French Press,Merino Base Layer,Home & Kitchen,Apparel
P041,P017,43,0.00046,0.01585,0.03218,0.49257,Merino Base Layer,French Press,Apparel,Home & Kitchen
P044,P071,31,0.00033,0.00931,0.01897,0.49089,Wool Socks 3-Pack,Perfume 50ml,Apparel,Beauty & Care
P071,P044,31,0.00033,0.01763,0.03592,0.49089,Perfume 50ml,Wool Socks 3-Pack,Beauty & Care,Apparel
P006,P034,25,0.00027,0.01697,0.03458,0.49075,Power Bank 20K,Trekking Poles,Electronics,Outdoor & Camping
P034,P006,25,0.00027,0.0078,0.01589,0.49075,Trekking Poles,Power Bank 20K,Outdoor & Camping,Electronics
P070,P050,27,0.00029,0.021,0.04288,0.48961,Face Mask Set,Leather Belt,Beauty & Care,Apparel
P050,P070,27,0.00029,0.00679,0.01388,0.48961,Leather Belt,Face Mask Set,Apparel,Beauty & Care
P078,P059,43,0.00046,0.02207,0.04509,0.48951,Card Game,Gym Bag,Toys & Games,Sports & Fitness
P059,P078,43,0.00046,0.01029,0.02102,0.48951,Gym Bag,Card Game,Sports & Fitness,Toys & Games
P042,P016,55,0.00059,0.01322,0.02704,0.48904,Hiking Boots,Burr Coffee Grinder,Apparel,Home & Kitchen
P016,P042,55,0.00059,0.02195,0.04488,0.48904,Burr Coffee Grinder,Hiking Boots,Home & Kitchen,Apparel
P026,P084,25,0.00027,0.00916,0.01875,0.48847,Scented Candle,Trail Mix 1kg,Home & Kitchen,Gourmet Grocery
P084,P026,25,0.00027,0.01438,0.02945,0.48847,Trail Mix 1kg,Scented Candle,Gourmet Grocery,Home & Kitchen
P030,P075,26,0.00028,0.0096,0.01973,0.48657,Headlamp,RC Car,Outdoor & Camping,Toys & Games
P075,P030,26,0.00028,0.01422,0.02923,0.48657,RC Car,Headlamp,Toys & Games,Outdoor & Camping
P038,P062,26,0.00028,0.02608,0.05431,0.48018,Camp Lantern,Vitamin C Serum,Outdoor & Camping,Beauty & Care
P062,P038,26,0.00028,0.00517,0.01076,0.48018,Vitamin C Serum,Camp Lantern,Beauty & Care,Outdoor & Camping
P069,P042,28,0.0003,0.02151,0.04488,0.47919,Body Wash,Hiking Boots,Beauty & Care,Apparel
P042,P069,28,0.0003,0.00673,0.01405,0.47919,Hiking Boots,Body Wash,Apparel,Beauty & Care
P003,P048,41,0.00044,0.01771,0.03713,0.47698,Smartwatch,Down Vest,Electronics,Apparel
P048,P003,41,0.00044,0.01192,0.02498,0.47698,Down Vest,Smartwatch,Apparel,Electronics
P085,P047,28,0.0003,0.02136,0.04488,0.4759,Loose Leaf Tea,Chino Pants,Gourmet Grocery,Apparel
P047,P085,28,0.0003,0.00673,0.01415,0.4759,Chino Pants,Loose Leaf Tea,Apparel,Gourmet Grocery
P004,P024,40,0.00043,0.00796,0.01677,0.47499,Phone Case,Electric Kettle,Electronics,Home & Kitchen
P024,P004,40,0.00043,0.02574,0.05419,0.47499,Electric Kettle,Phone Case,Home & Kitchen,Electronics
P026,P003,32,0.00035,0.01173,0.02498,0.46941,Scented Candle,Smartwatch,Home & Kitchen,Electronics
P003,P026,32,0.00035,0.01382,0.02945,0.46941,Smartwatch,Scented Candle,Electronics,Home & Kitchen
P013,P030,32,0.00035,0.01361,0.02923,0.46563,Tablet Sleeve,Headlamp,Electronics,Outdoor & Camping
P030,P013,32,0.00035,0.01181,0.02537,0.46563,Headlamp,Tablet Sleeve,Outdoor & Camping,Electronics
P036,P076,36,0.00039,0.02342,0.05072,0.46183,Insect Repellent,Plush Bear,Outdoor & Camping,Toys & Games
P076,P036,36,0.00039,0.00766,0.01659,0.46183,Plush Bear,Insect Repellent,Toys & Games,Outdoor & Camping
P083,P003,69,0.00074,0.01152,0.02498,0.46121,Extra Virgin Olive Oil,Smartwatch,Gourmet Grocery,Electronics
P003,P083,69,0.00074,0.02981,0.06463,0.46121,Smartwatch,Extra Virgin Olive Oil,Electronics,Gourmet Grocery
P081,P054,26,0.00028,0.00847,0.01842,0.45993,Single-Origin Coffee Beans,Insulated Water Bottle,Gourmet Grocery,Sports & Fitness
P054,P081,26,0.00028,0.01523,0.03312,0.45993,Insulated Water Bottle,Single-Origin Coffee Beans,Sports & Fitness,Gourmet Grocery
P017,P089,27,0.00029,0.00905,0.01969,0.45978,French Press,Dried Mango,Home & Kitchen,Gourmet Grocery
P089,P017,27,0.00029,0.01479,0.03218,0.45978,Dried Mango,French Press,Gourmet Grocery,Home & Kitchen
P070,P012,26,0.00028,0.02022,0.04423,0.4571,Face Mask Set,Gaming Mouse,Beauty & Care,Electronics
P012,P070,26,0.00028,0.00634,0.01388,0.4571,Gaming Mouse,Face Mask Set,Electronics,Beauty & Care
P013,P021,25,0.00027,0.01063,0.02358,0.45101,Tablet Sleeve,Air Fryer,Electronics,Home & Kitchen
P021,P013,25,0.00027,0.01144,0.02537,0.45101,Air Fryer,Tablet Sleeve,Home & Kitchen,Electronics
P034,P041,41,0.00044,0.01279,0.02927,0.43698,Trekking Poles,Merino Base Layer,Outdoor & Camping,Apparel
P041,P034,41,0.00044,0.01511,0.03458,0.43698,Merino Base Layer,Trekking Poles,Apparel,Outdoor & Camping
P020,P010,35,0.00038,0.01225,0.02827,0.43317,Stand Mixer,Action Camera,Home & Kitchen,Electronics
P010,P020,35,0.00038,0.01336,0.03084,0.43317,Action Camera,Stand Mixer,Electronics,Home & Kitchen
P012,P085,25,0.00027,0.0061,0.01415,0.43113,Gaming Mouse,Loose Leaf Tea,Electronics,Gourmet Grocery
P085,P012,25,0.00027,0.01907,0.04423,0.43113,Loose Leaf Tea,Gaming Mouse,Gourmet Grocery,Electronics
