customer_id,churn_probability,risk_tier,expected_profit_loss,revenue_at_risk,revenue_365d,recency_days,frequency,order_trend,target_for_retention,segment
C17957,0.832,High,523.0021,1301.7553,4759.13,124,59,0.25,1,Champions
C16362,0.8624,High,441.0944,1097.8868,3872.27,143,45,0.25,1,Champions
C10654,0.8174,High,361.3069,899.2951,3346.56,148,41,0.5,1,Champions
C16208,0.9784,High,317.6323,790.5888,2457.89,230,52,1.0,1,Champions
C05170,0.9476,High,300.2607,747.3507,2398.97,192,48,1.0,1,Champions
C07872,0.9459,High,288.0744,717.0189,2305.65,191,34,1.0,1,Champions
C10047,0.8692,High,284.32,707.6741,2476.48,153,62,0.5,1,Champions
C10946,0.6916,High,283.1406,704.7387,3099.67,120,41,0.2,1,Champions
C17228,0.8056,High,263.4295,655.6776,2475.72,180,28,0.5,1,Champions
C05529,0.9873,High,261.414,650.661,2004.51,214,50,1.0,1,Champions
C04953,0.6511,High,248.1536,617.6557,2885.56,145,28,0.5,1,Champions
C17564,0.8437,High,246.6801,613.9883,2213.48,203,23,1.0,1,Champions
C12950,0.8374,High,244.1802,607.766,2207.62,221,10,1.0,1,Champions
C11289,0.9825,High,241.7651,601.7548,1862.88,279,27,1.0,1,Champions
C12156,0.632,High,240.1713,597.7879,2876.91,146,12,0.5,1,Champions
C11123,0.8452,High,235.6986,586.6553,2111.35,178,33,0.5,1,Champions
C07770,0.9095,High,232.4212,578.4979,1934.66,182,42,1.0,1,Champions
C14189,0.8991,High,231.3937,575.9403,1948.35,210,12,1.0,1,Steady Regulars
C05775,0.9664,High,231.2067,575.475,1811.24,250,28,1.0,1,Champions
C16259,0.6753,High,226.1198,562.8135,2534.88,109,57,0.1,1,Champions
C04225,0.9721,High,208.7491,519.5777,1625.71,214,42,1.0,1,Champions
C14854,0.9296,High,201.5226,501.591,1641.15,280,10,1.0,1,Steady Regulars
C02490,0.5087,Medium,197.4626,491.4856,2938.67,95,63,0.3333,1,Champions
C02384,0.603,High,193.382,481.3289,2428.0,108,51,0.1429,1,Champions
C16511,0.9726,High,191.6836,477.1015,1492.09,271,25,1.0,1,Champions
C00723,0.7279,High,191.6061,476.9088,1992.97,115,31,0.1111,1,Champions
C10930,0.6997,High,190.5114,474.1841,2061.31,178,9,0.5,1,Steady Regulars
C07672,0.9167,High,190.3425,473.7636,1571.93,187,23,1.0,1,Champions
C17838,0.9802,High,185.3408,461.3144,1431.57,259,37,1.0,1,Champions
C12997,0.9499,High,183.1712,455.9142,1459.86,193,45,1.0,1,Champions
C01435,0.5281,Medium,182.2656,453.6603,2613.12,144,16,0.3333,1,Champions
C06122,0.5024,Medium,180.6492,449.6369,2721.96,124,29,0.2,1,Champions
C05242,0.7715,High,180.2361,448.6087,1768.71,184,18,1.0,1,Champions
C13897,0.9927,High,178.1847,443.5027,1358.89,320,27,1.0,1,Champions
C14489,0.8744,High,176.9329,440.387,1531.89,262,6,1.0,1,Steady Regulars
C04798,0.9703,High,176.6771,439.7504,1378.53,236,16,1.0,1,Champions
C00418,0.6661,High,172.5814,429.5563,1961.57,130,4,0.5,1,Steady Regulars
C02688,0.3257,Medium,171.7074,427.3808,3991.0,75,81,0.4,1,Champions
C07185,0.9604,High,168.8289,420.2161,1330.92,290,11,1.0,1,Steady Regulars
C15950,0.7374,High,167.5026,416.915,1719.79,232,14,1.0,1,Champions
C00299,0.986,High,166.155,413.5609,1275.82,272,25,1.0,1,Champions
C08117,0.6568,High,166.0091,413.1975,1913.64,116,42,0.2,1,Champions
C15243,0.5084,Medium,164.8394,410.2863,2454.44,134,25,0.5,1,Champions
C12692,0.7664,High,164.7931,410.1711,1627.91,188,1,1.0,1,Steady Regulars
C16495,0.7358,High,164.6462,409.8054,1694.07,202,5,1.0,1,Steady Regulars
C14830,0.7571,High,163.6309,407.2784,1636.21,188,19,1.0,1,Champions
C00661,0.8407,High,160.7241,400.0433,1447.37,232,14,1.0,1,Champions
C01279,0.5603,Medium,160.3506,399.1137,2166.51,127,8,0.5,1,Champions
C04713,0.8503,High,155.9896,388.259,1388.93,310,2,1.0,1,Steady Regulars
C00063,0.9167,High,155.7366,387.6294,1286.2,186,46,1.0,1,Champions
C04578,0.7068,High,153.1696,381.24,1640.59,178,7,0.5,1,Steady Regulars
C13974,0.6397,High,152.5277,379.6423,1805.1,131,9,0.5,1,Champions
C06934,0.8096,High,152.4999,379.5732,1426.03,207,20,1.0,1,Champions
C05478,0.6848,High,150.6792,375.0415,1665.86,171,9,0.5,1,Champions
C16226,0.703,High,150.0537,373.4847,1615.93,226,8,1.0,1,Steady Regulars
C03882,0.6997,High,149.8014,372.8566,1620.91,219,7,1.0,1,Champions
C07692,0.8335,High,149.6072,372.3732,1358.9,282,11,1.0,1,Champions
C04795,0.4376,Medium,147.1972,366.3747,2546.37,121,19,0.3333,1,Champions
C14557,0.5854,Medium,147.1296,366.2065,1902.92,173,12,0.5,1,Steady Regulars
C16600,0.981,High,147.1275,366.2014,1135.45,219,39,1.0,1,Champions
C13418,0.5046,Medium,146.2857,364.1061,2194.64,118,13,0.3333,1,Champions
C00353,0.6018,High,145.3433,361.7603,1828.39,165,9,0.5,1,Champions
C12394,0.9277,High,144.7253,360.2221,1181.1,318,13,1.0,1,Champions
C10313,0.6793,High,143.6786,357.6169,1601.25,151,27,0.5,1,Champions
C06294,0.529,Medium,141.9823,353.3949,2032.06,123,8,0.25,1,Champions
C16467,0.3445,Medium,140.9427,350.8073,3097.45,86,59,0.25,1,Champions
C09344,0.6477,High,139.0835,346.1797,1625.8,181,15,1.0,1,Champions
C02012,0.323,Medium,138.7536,345.3585,3252.01,79,44,0.2857,1,Champions
C03838,0.9777,High,138.2836,344.1888,1070.74,236,30,1.0,1,Champions
C00991,0.8592,High,137.5748,342.4246,1212.17,239,16,1.0,1,Champions
C04867,0.8207,High,137.2361,341.5814,1265.94,296,5,1.0,1,Steady Regulars
C09804,0.7063,High,136.9802,340.9447,1468.25,178,7,0.5,1,Steady Regulars
C15476,0.1997,Low,136.9395,340.8433,5192.58,45,32,0.3333,1,Champions
C15220,0.9897,High,136.8556,340.6344,1046.88,279,23,1.0,1,Champions
C00165,0.9654,High,136.6608,340.1494,1071.66,260,18,1.0,1,Champions
C04165,0.6134,High,136.2628,339.1589,1681.73,145,19,0.5,1,Champions
C10031,0.5575,Medium,136.0003,338.5056,1846.81,139,4,0.25,1,Steady Regulars
C12215,0.776,High,135.8979,338.2506,1325.86,205,6,1.0,1,Steady Regulars
C13639,0.3559,Medium,135.3537,336.8962,2878.91,103,30,0.25,1,Champions
C05996,0.5655,Medium,135.3193,336.8105,1811.64,167,18,0.3333,1,Champions
C15178,0.9463,High,134.3472,334.391,1074.87,204,16,1.0,1,Champions
C08669,0.4904,Medium,133.6975,332.7739,2064.08,114,13,0.25,1,Champions
C06754,0.6584,High,131.5733,327.4869,1512.81,175,7,0.5,1,Steady Regulars
C09741,0.5585,Medium,130.8815,325.7649,1774.29,104,22,0.3333,1,Champions
C17728,0.6395,High,129.2248,321.6414,1529.79,145,23,0.25,1,Champions
C04283,0.9347,High,128.8833,320.7912,1043.91,319,8,1.0,1,Steady Regulars
C17267,0.5838,Medium,126.9438,315.964,1646.29,121,5,0.5,1,Steady Regulars
C10421,0.6936,High,126.4157,314.6495,1379.85,152,17,0.5,1,Champions
C15360,0.1704,Low,125.989,313.5874,5596.64,66,55,0.75,1,Champions
C14942,0.7045,High,125.3345,311.9583,1346.86,194,9,1.0,1,Steady Regulars
C14121,0.0888,Low,123.9492,308.5104,10561.81,36,51,0.3333,1,Champions
C04234,0.411,Medium,123.4534,307.2763,2274.11,109,16,0.5,1,Champions
C11300,0.9809,High,122.3562,304.5452,944.41,293,23,1.0,1,Champions
C17027,0.9605,High,122.3014,304.409,963.95,344,19,1.0,1,Champions
C11777,0.7766,High,121.7706,303.0877,1187.1,167,22,0.5,1,Champions
C10186,0.8301,High,121.3074,301.9349,1106.33,278,4,1.0,1,Steady Regulars
C07922,0.9702,High,121.2884,301.8876,946.43,278,18,1.0,1,Champions
C11591,0.7841,High,120.5528,300.0566,1163.94,245,2,1.0,1,Steady Regulars
C15670,0.3859,Medium,119.3131,296.9711,2340.48,111,21,0.3333,1,Champions
C03182,0.5655,Medium,118.9266,296.0091,1592.2,129,21,0.5,1,Champions
C15287,0.8891,High,118.8092,295.7167,1011.69,277,8,1.0,1,Steady Regulars
C08825,0.546,Medium,118.6246,295.2573,1644.89,123,6,0.25,1,Steady Regulars
C13050,0.1149,Low,117.8311,293.2823,7764.73,45,89,0.3,1,Champions
C16006,0.91,High,116.3367,289.5629,967.88,257,21,1.0,1,Champions
C15812,0.4856,Medium,115.4883,287.4512,1800.58,96,43,0.25,1,Champions
C02577,0.6856,High,115.4579,287.3753,1274.93,55,1,2.0,1,Steady Regulars
C08469,0.6888,High,115.3653,287.1449,1267.92,132,2,0.5,1,Steady Regulars
C14425,0.4286,Medium,115.3209,287.0344,2037.11,94,13,0.0769,1,Champions
C07059,0.746,High,115.0924,286.4657,1167.96,144,1,0.5,1,Steady Regulars
C14081,0.7145,High,114.9408,286.0885,1217.83,233,11,1.0,1,Champions
C08344,0.837,High,114.5122,285.0215,1035.81,234,12,1.0,1,Champions
C16781,0.594,Medium,113.8603,283.399,1451.29,178,7,0.5,1,Steady Regulars
C03229,0.7901,High,113.5275,282.5707,1087.84,250,5,1.0,1,Steady Regulars
C05091,0.972,High,112.1967,279.2583,873.89,206,16,1.0,1,Champions
C11656,0.7523,High,112.159,279.1645,1128.64,236,16,1.0,1,Champions
C08517,0.8191,High,111.3526,277.1572,1029.2,187,14,1.0,1,Champions
C13910,0.6194,High,111.2318,276.8566,1359.58,169,16,0.3333,1,Champions
C16940,0.289,Low,110.5466,275.1512,2895.63,91,20,0.1111,1,Champions
C11584,0.7282,High,110.491,275.0127,1148.68,178,18,0.5,1,Champions
C14213,0.7696,High,110.1835,274.2473,1083.86,228,6,1.0,1,Steady Regulars
C08680,0.7405,High,109.6936,273.028,1121.44,199,4,1.0,1,Steady Regulars
C04199,0.788,High,109.5721,272.7257,1052.78,205,7,1.0,1,Steady Regulars
C16747,0.4422,Medium,109.3708,272.2245,1872.5,116,27,0.1667,1,Champions
C03624,0.9538,High,109.0669,271.4682,865.69,192,39,1.0,1,Champions
C11012,0.7312,High,108.7506,270.6809,1125.92,224,3,1.0,1,Steady Regulars
C17354,0.7989,High,108.6919,270.5349,1029.96,153,1,0.5,1,Steady Regulars
C15316,0.9604,High,108.1963,269.3014,852.94,347,17,1.0,1,Champions
C04930,0.7381,High,108.1196,269.1103,1109.02,234,8,1.0,1,Steady Regulars
C16347,0.5725,Medium,107.5196,267.617,1421.8,157,10,0.5,1,Champions
C00695,0.4872,Medium,106.4506,264.9561,1654.16,146,11,0.3333,1,Champions
C16267,0.3095,Medium,105.3352,262.1799,2576.43,80,10,0.6667,1,Champions
C01793,0.8021,High,104.9451,261.2089,990.54,242,6,1.0,1,Steady Regulars
C16020,0.5959,Medium,103.4928,257.5941,1314.8,157,8,0.5,1,Steady Regulars
C15021,0.9619,High,103.2815,257.0683,812.92,202,28,1.0,1,Champions
C02691,0.3348,Medium,103.0532,256.5002,2330.36,107,12,0.1429,1,Champions
C07042,0.9807,High,102.962,256.2731,794.83,257,22,1.0,1,Champions
C01110,0.5935,Medium,102.492,255.1033,1307.34,157,11,0.5,1,Champions
C03414,0.674,High,102.2192,254.4242,1148.11,23,1,2.0,1,Steady Regulars
C11849,0.8557,High,101.8295,253.4543,900.92,238,20,1.0,1,Champions
C01846,0.7554,High,101.0589,251.5363,1012.81,214,9,1.0,1,Champions
C12121,0.2851,Low,100.8867,251.1077,2678.89,58,4,3.0,1,Steady Regulars
C06692,0.6072,High,100.8138,250.926,1256.9,117,32,0.5,1,Champions
C00599,0.6111,High,100.63,250.4686,1246.72,175,16,0.5,1,Champions
C16867,0.335,Medium,100.566,250.3095,2272.42,77,10,0.6667,1,Champions
C00193,0.3862,Medium,100.5369,250.2368,1970.89,24,2,2.0,1,Steady Regulars
C15327,0.5875,Medium,100.5074,250.1635,1295.15,174,10,0.5,1,Champions
C14855,0.3005,Medium,100.2122,249.4287,2524.79,71,49,0.25,1,Champions
C05735,0.7605,High,100.0442,249.0106,995.99,201,16,1.0,1,Champions
C02229,0.5792,Medium,99.9134,248.685,1305.92,117,4,0.3333,1,Steady Regulars
C16464,0.7687,High,99.5328,247.7379,980.29,157,3,0.5,1,Steady Regulars
C17732,0.6202,High,99.3722,247.338,1213.12,155,27,0.3333,1,Champions
C02483,0.7891,High,99.2136,246.9432,951.89,229,6,1.0,1,Steady Regulars
C00772,0.8249,High,99.1659,246.8245,910.16,243,1,1.0,1,Steady Regulars
C08186,0.1746,Low,98.9448,246.2743,4289.63,56,29,0.4286,1,Champions
C04124,0.8293,High,98.7449,245.7766,901.46,178,37,0.5,1,Champions
C07542,0.2231,Low,98.5859,245.381,3345.34,68,64,0.5,1,Champions
C16997,0.6889,High,98.2639,244.5796,1079.86,156,3,0.5,1,Steady Regulars
C10651,0.516,Medium,98.1026,244.1779,1439.43,161,9,0.25,1,Steady Regulars
C05859,0.6202,High,98.0972,244.1646,1197.49,162,7,0.5,1,Steady Regulars
C10815,0.7883,High,98.0829,244.129,941.93,243,3,1.0,1,Steady Regulars
C01899,0.4371,Medium,97.9731,243.8557,1696.97,130,15,0.3333,1,Champions
C16672,0.8091,High,97.8136,243.4588,915.27,326,5,1.0,1,Steady Regulars
C12006,0.794,High,97.5355,242.7664,930.01,209,11,1.0,1,Steady Regulars
C07946,0.6852,High,97.4956,242.6673,1077.3,167,20,0.5,1,Champions
C03125,0.8436,High,97.383,242.3869,873.95,249,1,1.0,1,Steady Regulars
C13514,0.7299,High,97.3055,242.1939,1009.29,193,4,1.0,1,Steady Regulars
C17478,0.926,High,97.1017,241.6867,793.87,269,18,1.0,1,Champions
C04248,0.5681,Medium,96.9494,241.3076,1291.95,140,6,0.5,1,Steady Regulars
C08974,0.9346,High,96.9435,241.2929,785.27,284,20,1.0,1,Champions
C09598,0.2781,Low,96.772,240.8662,2634.48,87,44,0.6667,1,Champions
C12367,0.6291,High,96.5543,240.3242,1161.87,175,5,0.5,1,Steady Regulars
C02457,0.2535,Low,96.1952,239.4303,2872.68,75,18,2.0,1,Champions
C16524,0.3352,Medium,96.0851,239.1564,2170.23,84,10,0.6667,1,Champions
C05029,0.5921,Medium,95.7144,238.2336,1223.8,139,25,0.25,1,Champions
C09346,0.7402,High,95.5838,237.9088,977.67,230,3,1.0,1,Steady Regulars
C00327,0.7704,High,95.231,237.0306,935.88,202,3,1.0,1,Steady Regulars
C02558,0.6495,High,94.9907,236.4324,1107.29,181,4,1.0,1,Steady Regulars
C16584,0.665,High,94.8994,236.2053,1080.45,173,17,0.5,1,Champions
C01048,0.4463,Medium,94.8378,236.0519,1608.88,101,40,0.25,1,Champions
C11010,0.5401,Medium,94.7175,235.7524,1327.79,140,8,0.5,1,Steady Regulars
C02641,0.7456,High,94.531,235.2882,959.88,179,1,0.5,1,Steady Regulars
C03214,0.97,High,94.401,234.9647,736.81,274,24,1.0,1,Champions
C10407,0.4446,Medium,94.3626,234.8691,1606.9,113,27,0.3333,1,Champions
C00797,0.4585,Medium,94.2875,234.6823,1556.74,128,21,0.3333,1,Champions
C09236,0.7691,High,94.0769,234.158,926.09,197,4,1.0,1,Steady Regulars
C02944,0.7057,High,93.6707,233.147,1004.94,209,9,1.0,1,Steady Regulars
C11585,0.5547,Medium,93.176,231.9157,1271.76,174,9,0.5,1,Steady Regulars
C06251,0.416,Medium,92.9499,231.353,1691.4,94,17,0.5,1,Champions
C14196,0.8766,High,92.8595,231.1279,801.96,350,1,1.0,1,Steady Regulars
C10306,0.6371,High,92.8066,230.9963,1102.85,166,7,0.5,1,Steady Regulars
C08288,0.8203,High,92.5232,230.2908,853.95,262,4,1.0,1,Steady Regulars
C00690,0.7412,High,92.5032,230.2411,944.89,206,4,1.0,1,Steady Regulars
C14699,0.7383,High,92.4504,230.1097,947.97,198,8,1.0,1,Champions
C04745,0.3708,Medium,91.7773,228.4343,1874.05,73,7,0.5,1,Champions
C15427,0.7032,High,91.6831,228.1999,987.07,179,15,0.5,1,Champions
C13693,0.6381,High,91.3519,227.3754,1083.89,151,8,0.5,1,Steady Regulars
C11372,0.7951,High,91.1529,226.88,867.91,218,3,1.0,1,Steady Regulars
C05851,0.2288,Low,90.6387,225.6002,2998.7,67,18,0.5,1,Champions
C00936,0.6624,High,90.3712,224.9346,1032.84,156,25,0.3333,1,Champions
C07402,0.8966,High,90.2446,224.6194,761.98,356,1,1.0,1,Steady Regulars
C14233,0.8887,High,90.2367,224.5996,768.74,183,38,1.0,1,Champions
C00154,0.9157,High,89.9869,223.9779,743.95,326,1,1.0,1,Steady Regulars
C04800,0.6409,High,89.9021,223.7668,1061.96,10,1,2.0,1,Steady Regulars
C13212,0.272,Low,89.73,223.3386,2497.54,84,26,0.4,1,Champions
C01643,0.6714,High,89.7,223.2639,1011.42,169,9,0.5,1,Champions
C12014,0.868,High,89.6453,223.1278,781.93,351,1,1.0,1,Steady Regulars
C17674,0.8315,High,89.6202,223.0651,815.98,176,1,0.5,1,Steady Regulars
C04260,0.8832,High,89.5886,222.9865,767.95,285,14,1.0,1,Champions
C13556,0.7599,High,89.2231,222.0769,888.96,10,1,2.0,1,Steady Regulars
C08441,0.497,Medium,89.0005,221.5227,1355.76,141,15,0.5,1,Champions
C02255,0.4438,Medium,88.9741,221.4571,1517.79,137,9,0.25,1,Champions
C10756,0.5122,Medium,88.9644,221.4328,1314.86,147,11,0.5,1,Champions
C13794,0.843,High,88.9625,221.4283,798.92,262,5,1.0,1,Steady Regulars
C15698,0.9861,High,88.8145,221.0598,681.87,257,24,1.0,1,Champions
C11489,0.1656,Low,88.7588,220.9212,4057.29,38,42,0.6667,1,Champions
C05692,0.9077,High,88.7166,220.8161,739.97,333,1,1.0,1,Steady Regulars
C17688,0.4921,Medium,88.0659,219.1966,1354.93,11,2,2.0,1,Steady Regulars
C12627,0.5503,Medium,87.4817,217.7425,1203.52,148,5,0.3333,1,Steady Regulars
C12350,0.6207,High,87.321,217.3425,1065.04,136,6,0.1667,1,Steady Regulars
C13115,0.5165,Medium,87.2899,217.265,1279.57,143,25,0.25,1,Champions
C15452,0.7264,High,86.7339,215.8812,903.95,101,1,0.5,1,Steady Regulars
C06001,0.4867,Medium,86.7103,215.8226,1348.76,146,11,0.3333,1,Steady Regulars
C10431,0.7954,High,86.672,215.7272,824.99,218,4,1.0,1,Steady Regulars
C10281,0.7349,High,86.5672,215.4663,891.82,190,6,1.0,1,Steady Regulars
C15420,0.2593,Low,86.2128,214.5841,2516.82,50,12,0.6667,1,Champions
C06929,0.4423,Medium,86.1711,214.4805,1475.01,35,6,2.0,1,Steady Regulars
C14793,0.8256,High,85.9743,213.9906,788.36,336,4,1.0,1,Steady Regulars
C01123,0.4631,Medium,85.638,213.1534,1399.9,130,6,0.3333,1,Steady Regulars
C04198,0.4131,Medium,85.3722,212.4918,1564.73,120,13,0.5,1,Champions
C02334,0.6984,High,85.2006,212.0647,923.56,216,5,1.0,1,Steady Regulars
C07200,0.5582,Medium,85.1232,211.8721,1154.5,139,19,0.3333,1,Champions
C04903,0.4546,Medium,85.122,211.8692,1417.61,121,22,0.25,1,Champions
C10876,0.8445,High,84.9987,211.5622,761.98,273,1,1.0,1,Steady Regulars
C01761,0.6338,High,84.8974,211.3102,1014.09,170,22,0.5,1,Champions
C05259,0.7885,High,84.5628,210.4772,811.96,154,1,0.5,1,Steady Regulars
C11955,0.9855,High,84.4664,210.2373,648.87,242,50,1.0,1,Champions
C00078,0.2121,Low,84.4305,210.148,3014.11,29,11,2.5,1,Champions
C05637,0.2992,Low,84.3957,210.0614,2135.24,95,37,0.3333,1,Champions
C09018,0.9801,High,84.2677,209.7429,650.95,305,13,1.0,1,Champions
C17308,0.6764,High,84.2463,209.6895,942.96,111,1,0.5,1,Steady Regulars
C12707,0.9538,High,84.1431,209.4328,667.91,279,18,1.0,1,Champions
C01597,0.8835,High,84.1392,209.4229,720.97,308,1,1.0,1,Steady Regulars
C08654,0.8349,High,84.1309,209.4024,762.86,304,4,1.0,1,Steady Regulars
C06258,0.5313,Medium,83.9744,209.0129,1196.66,163,9,0.5,1,Champions
C14314,0.906,High,83.8893,208.801,700.97,315,1,1.0,1,Steady Regulars
C01642,0.3627,Medium,83.8554,208.7166,1750.18,88,7,0.5,1,Steady Regulars
C10842,0.6718,High,83.693,208.3125,943.17,139,3,0.5,1,Steady Regulars
C10363,0.3113,Medium,83.3621,207.4889,2027.48,24,6,2.0,1,Steady Regulars
C08426,0.7896,High,83.1723,207.0163,797.41,173,33,0.5,1,Champions
C05913,0.7302,High,83.0385,206.6834,860.97,60,1,2.0,1,Steady Regulars
C02951,0.6734,High,82.8883,206.3095,931.92,205,4,1.0,1,Steady Regulars
C13303,0.9786,High,82.7566,205.9818,640.24,244,33,1.0,1,Champions
C00450,0.6421,High,82.7025,205.8469,975.12,165,8,0.5,1,Champions
C01091,0.5468,Medium,82.6845,205.8023,1144.89,145,5,0.3333,1,Steady Regulars
C16950,0.6242,High,82.6071,205.6097,1001.95,30,1,2.0,1,Steady Regulars
C05557,0.8412,High,82.5301,205.4179,742.74,230,1,1.0,1,Steady Regulars
C17429,0.1551,Low,82.511,205.3705,4028.23,47,15,1.0,1,Champions
C05150,0.8136,High,82.4171,205.1368,766.94,274,3,1.0,1,Steady Regulars
C05615,0.7472,High,82.2855,204.8092,833.7,188,13,1.0,1,Champions
C14786,0.7217,High,82.1382,204.4424,861.66,242,7,1.0,1,Steady Regulars
C11101,0.417,Medium,81.9746,204.0353,1488.18,107,10,0.3333,1,Champions
C16603,0.1895,Low,81.9733,204.0321,3274.76,3,10,0.8,1,Champions
C04738,0.7325,High,81.9626,204.0053,847.13,200,8,1.0,1,Steady Regulars
C03089,0.6489,High,81.9013,203.8529,955.51,194,10,1.0,1,Champions
C07332,0.9859,High,81.8998,203.8491,628.89,287,41,1.0,1,Champions
C07887,0.6059,High,81.8612,203.7531,1022.88,156,9,0.5,1,Champions
C02362,0.3432,Medium,81.7868,203.5678,1804.27,5,8,0.6667,1,Champions
C15441,0.805,High,81.715,203.3891,768.52,256,12,1.0,1,Champions
C03834,0.8959,High,81.5425,202.9597,689.05,262,17,1.0,1,Champions
C04183,0.795,High,81.25,202.2317,773.74,208,11,1.0,1,Champions
C00429,0.5476,Medium,81.2172,202.1501,1122.84,126,23,0.3333,1,Champions
C12821,0.9122,High,81.1941,202.0927,673.85,187,47,1.0,1,Champions
C11603,0.6534,High,81.1328,201.9401,939.99,136,9,0.25,1,Steady Regulars
C07910,0.4097,Medium,81.0783,201.8043,1498.07,84,15,1.0,1,Champions
C10645,0.5698,Medium,81.0751,201.7965,1077.13,186,9,1.0,1,Champions
C10445,0.2141,Low,81.0746,201.7952,2866.28,62,17,1.0,1,Champions
C02992,0.4709,Medium,80.9878,201.5791,1302.06,123,18,0.5,1,Champions
C02674,0.5923,Medium,80.6557,200.7525,1030.92,181,5,1.0,1,Steady Regulars
C00515,0.3407,Medium,80.5929,200.5963,1790.81,7,6,1.0,1,Champions
C07222,0.5916,Medium,80.5347,200.4512,1030.6,160,19,0.5,1,Champions
C15305,0.6157,High,80.5082,200.3853,989.92,101,2,0.5,1,Steady Regulars
C09896,0.4864,Medium,80.2411,199.7206,1248.89,145,11,0.5,1,Champions
C03381,0.7946,High,79.8017,198.6268,760.36,240,6,1.0,1,Steady Regulars
C09590,0.4397,Medium,79.734,198.4585,1372.78,99,22,0.5,1,Champions
C10951,0.8772,High,79.7024,198.3797,687.89,247,10,1.0,1,Champions
C14014,0.778,High,79.6383,198.2203,774.95,156,1,0.5,1,Steady Regulars
C00230,0.2841,Low,79.5965,198.1161,2121.23,52,10,1.5,1,Champions
C11231,0.3997,Medium,79.5333,197.9589,1506.6,97,7,0.5,1,Steady Regulars
C11869,0.5935,Medium,79.4018,197.6315,1012.93,129,6,0.5,1,Steady Regulars
C10830,0.4052,Medium,79.3382,197.4732,1482.17,117,15,0.5,1,Champions
C11222,0.737,High,79.1403,196.9806,812.94,237,7,1.0,1,Steady Regulars
C06111,0.512,Medium,79.0499,196.7556,1168.97,115,30,0.2,1,Champions
C09212,0.9921,High,78.8771,196.3256,601.92,324,73,1.0,1,Champions
C03650,0.4056,Medium,78.8633,196.2912,1471.94,102,26,0.5,1,Champions
C04654,0.4901,Medium,78.8411,196.236,1217.94,88,3,2.0,1,Steady Regulars
C10665,0.856,High,78.6923,195.8656,695.98,9,1,2.0,1,Steady Regulars
C01148,0.7202,High,78.5381,195.4818,825.62,190,10,1.0,1,Champions
C05343,0.5255,Medium,78.3066,194.9056,1128.13,130,23,0.5,1,Champions
C14273,0.4922,Medium,78.0551,194.2796,1200.52,138,12,0.3333,1,Champions
C13577,0.8716,High,78.0531,194.2748,677.98,318,5,1.0,1,Steady Regulars
C00985,0.6753,High,77.9692,194.0659,874.14,172,23,0.3333,1,Champions
C02918,0.3853,Medium,77.9665,194.0591,1531.83,25,8,1.0,1,Champions
C08404,0.8106,High,77.5117,192.9271,723.97,129,1,0.5,1,Steady Regulars
C07349,0.5918,Medium,77.4657,192.8125,990.98,137,8,0.5,1,Champions
C04937,0.7955,High,77.3086,192.4216,735.73,202,2,1.0,1,Steady Regulars
C05565,0.5462,Medium,77.1908,192.1282,1069.88,132,5,0.5,1,Steady Regulars
C15142,0.5656,Medium,77.0908,191.8796,1031.93,158,4,0.3333,1,Steady Regulars
C08628,0.7186,High,77.0062,191.669,811.27,172,20,0.5,1,Champions
C14700,0.7353,High,76.8178,191.2,790.88,213,9,1.0,1,Steady Regulars
C10718,0.6712,High,76.7143,190.9424,865.3,186,12,1.0,1,Champions
C12476,0.4563,Medium,76.6042,190.6682,1270.9,121,21,0.25,1,Champions
C13584,0.6785,High,76.5522,190.5388,854.11,199,6,1.0,1,Steady Regulars
C11686,0.8473,High,76.5264,190.4747,683.77,294,1,1.0,1,Steady Regulars
C14846,0.5667,Medium,76.3887,190.132,1020.42,134,26,0.5,1,Champions
C15840,0.8914,High,76.3713,190.0886,648.61,267,9,1.0,1,Steady Regulars
C06355,0.7736,High,76.2172,189.705,745.91,209,7,1.0,1,Steady Regulars
C01922,0.378,Medium,76.0105,189.1906,1522.45,75,7,0.5,1,Champions
C02329,0.6095,High,75.9892,189.1375,943.92,125,3,0.5,1,Steady Regulars
C03283,0.7057,High,75.7785,188.6132,812.94,235,7,1.0,1,Steady Regulars
C06147,0.1602,Low,75.6577,188.3124,3574.41,47,12,0.6667,1,Champions
C05641,0.155,Low,75.6571,188.3109,3694.58,78,32,1.5,1,Champions
C04236,0.9932,High,75.6525,188.2994,576.69,286,42,1.0,1,Champions
C17398,0.5799,Medium,75.5943,188.1547,986.91,97,2,0.5,1,Steady Regulars
C05035,0.4097,Medium,75.4328,187.7527,1393.94,55,6,1.0,1,Steady Regulars
C08761,0.9391,High,75.2894,187.3958,606.98,332,1,1.0,1,Steady Regulars
C14412,0.6089,High,75.1915,187.1522,934.9,151,7,0.5,1,Steady Regulars
C04908,0.9778,High,75.1603,187.0745,581.96,294,30,1.0,1,Champions
C11094,0.8383,High,75.0698,186.8493,677.98,325,8,1.0,1,Steady Regulars
C04214,0.7914,High,75.0492,186.798,717.96,210,2,1.0,1,Steady Regulars
C16522,0.4581,Medium,74.9294,186.4997,1238.28,60,3,1.0,1,Steady Regulars
C04309,0.4607,Medium,74.913,186.4588,1231.1,63,6,1.0,1,Champions
C03075,0.5246,Medium,74.892,186.4066,1080.87,178,6,0.5,1,Steady Regulars
C16095,0.3236,Medium,74.5972,185.6729,1745.12,87,9,0.6667,1,Champions
C16434,0.7028,High,74.5234,185.4893,802.84,234,5,1.0,1,Steady Regulars
C06595,0.5428,Medium,74.42,185.2317,1037.88,161,8,0.5,1,Steady Regulars
C13330,0.137,Low,74.4105,185.2081,4111.41,48,20,0.3333,1,Champions
C15565,0.1474,Low,74.372,185.1125,3820.24,48,27,0.375,1,Champions
C11321,0.5563,Medium,74.2749,184.8708,1010.85,179,7,0.5,1,Steady Regulars
C02594,0.8221,High,74.2729,184.8658,683.94,9,1,2.0,1,Steady Regulars
C13242,0.6412,High,74.1912,184.6623,876.05,171,6,0.5,1,Steady Regulars
C15942,0.6292,High,74.1543,184.5706,892.28,128,28,0.5,1,Champions
C11958,0.855,High,74.0742,184.371,655.89,249,18,1.0,1,Champions
C15520,0.5145,Medium,74.065,184.3482,1089.84,114,26,0.25,1,Champions
C08665,0.624,High,73.8664,183.854,896.12,145,3,0.5,1,Steady Regulars
C03307,0.3236,Medium,73.8199,183.7382,1727.19,55,9,1.0,1,Champions
C12674,0.404,Medium,73.7681,183.6094,1382.21,124,11,0.25,1,Champions
C14861,0.8739,High,73.6393,183.2887,637.95,304,2,1.0,1,Steady Regulars
C01000,0.607,High,73.5249,183.004,917.1,164,7,0.5,1,Steady Regulars
C16725,0.712,High,73.5106,182.9682,781.68,193,9,1.0,1,Champions
C02095,0.6264,High,73.4494,182.8159,887.7,160,23,0.3333,1,Champions
C01799,0.741,High,73.3966,182.6847,749.93,230,3,1.0,1,Steady Regulars
C03286,0.9108,High,73.3801,182.6436,609.97,319,1,1.0,1,Steady Regulars
C01465,0.477,Medium,73.3684,182.6143,1164.46,111,4,0.3333,1,Steady Regulars
C14259,0.4868,Medium,73.2374,182.2884,1138.9,134,17,0.5,1,Champions
C05978,0.9673,High,73.2018,182.1996,572.94,303,19,1.0,1,Champions
C02728,0.8605,High,73.1977,182.1895,643.98,207,1,1.0,1,Steady Regulars
C04300,0.5693,Medium,73.084,181.9064,971.94,46,1,2.0,1,Steady Regulars
C07411,0.6904,High,73.0382,181.7925,800.91,178,6,0.5,1,Steady Regulars
C06131,0.8057,High,72.9862,181.6631,685.78,290,1,1.0,1,Deal Hunters
C13280,0.4635,Medium,72.9051,181.4613,1190.94,123,21,0.5,1,Champions
C06733,0.6368,High,72.793,181.1823,865.44,162,4,0.5,1,Steady Regulars
C17441,0.4458,Medium,72.756,181.0901,1235.56,130,7,0.25,1,Steady Regulars
C10139,0.3269,Medium,72.7234,181.0089,1684.35,93,39,0.125,1,Champions
C00267,0.4398,Medium,72.7222,181.0059,1251.7,102,9,0.3333,1,Champions
C11561,0.9148,High,72.565,180.6147,600.55,363,5,1.0,1,Steady Regulars
C11345,0.3711,Medium,72.5621,180.6075,1480.36,98,28,0.1667,1,Champions
C13637,0.2322,Low,72.4882,180.4236,2363.71,81,42,0.6667,1,Champions
C01892,0.9318,High,72.4874,180.4215,588.96,364,7,1.0,1,Steady Regulars
C00048,0.7846,High,72.4159,180.2437,698.74,189,1,1.0,1,Steady Regulars
C02008,0.8581,High,72.3954,180.1925,638.72,245,12,1.0,1,Champions
C01349,0.3871,Medium,72.3394,180.0533,1414.63,68,9,1.0,1,Champions
C00058,0.8476,High,72.1771,179.6492,644.72,240,14,1.0,1,Steady Regulars
C01213,0.6587,High,72.1141,179.4925,828.9,114,1,0.5,1,Steady Regulars
C01707,0.9872,High,72.0934,179.441,552.89,343,22,1.0,1,Champions
C09810,0.9484,High,72.0253,179.2715,574.97,333,1,1.0,1,Steady Regulars
C13353,0.8246,High,71.9922,179.1891,660.97,154,1,0.5,1,Steady Regulars
C05393,0.7174,High,71.834,178.7953,758.04,197,5,1.0,1,Steady Regulars
C07829,0.7792,High,71.7341,178.5466,696.94,213,2,1.0,1,Steady Regulars
C11384,0.8503,High,71.6531,178.345,637.96,352,3,1.0,1,Steady Regulars
C13189,0.8437,High,71.649,178.3347,642.94,254,4,1.0,1,Steady Regulars
C11890,0.5301,Medium,71.5498,178.0878,1021.86,117,6,0.3333,1,Steady Regulars
C15824,0.6912,High,71.4773,177.9076,782.89,194,12,1.0,1,Champions
C04110,0.2758,Low,71.4382,177.8101,1960.76,76,6,0.3333,1,Steady Regulars
C15369,0.1599,Low,71.4269,177.7821,3381.93,33,37,0.4,1,Champions
C17099,0.7758,High,71.412,177.745,696.91,261,5,1.0,1,Steady Regulars
C06743,0.2293,Low,71.1066,176.9847,2348.01,4,4,1.0,1,Champions
C05255,0.4321,Medium,70.8733,176.4042,1241.69,94,9,0.25,1,Champions
C11017,0.3143,Medium,70.8576,176.365,1706.59,12,11,2.0,1,Champions
C07534,0.3363,Medium,70.8402,176.3217,1594.86,14,5,3.0,1,Champions
C09428,0.4694,Medium,70.7642,176.1325,1141.31,141,12,0.3333,1,Champions
C03686,0.6996,High,70.7323,176.0532,765.4,161,21,0.5,1,Champions
C13271,0.9396,High,70.5873,175.6923,568.76,353,14,1.0,1,Champions
C13309,0.743,High,70.5535,175.6081,718.9,201,5,1.0,1,Steady Regulars
C07826,0.8491,High,70.4446,175.3371,628.11,302,7,1.0,1,Steady Regulars
C17435,0.8714,High,70.4318,175.3052,611.92,318,3,1.0,1,Steady Regulars
C10973,0.4237,Medium,70.4063,175.2416,1257.94,117,15,0.25,1,Champions
C01996,0.2405,Low,70.3252,175.0398,2214.07,12,7,1.5,1,Champions
C02692,0.832,High,70.3162,175.0175,639.82,183,25,1.0,1,Champions
C05627,0.2141,Low,70.2849,174.9397,2485.15,23,7,1.3333,1,Champions
C05863,0.2286,Low,70.2794,174.9258,2327.78,20,7,2.0,1,Champions
C12458,0.7837,High,70.1781,174.6738,677.97,95,1,0.5,1,Steady Regulars
C08031,0.3415,Medium,70.1737,174.6629,1555.72,53,10,1.0,1,Champions
C02273,0.6832,High,70.1171,174.5218,776.96,69,1,2.0,1,Steady Regulars
C07555,0.3518,Medium,70.1059,174.4939,1508.82,50,3,2.0,1,Steady Regulars
C17230,0.2928,Low,70.0311,174.3077,1810.47,34,11,3.0,1,Champions
C14034,0.5468,Medium,69.7594,173.6314,965.82,118,6,0.3333,1,Steady Regulars
C03204,0.3408,Medium,69.6273,173.3028,1546.53,81,15,0.6667,1,Champions
C10412,0.6798,High,69.5241,173.0458,774.29,236,7,1.0,1,Champions
C06525,0.8744,High,69.4592,172.8843,601.38,256,14,1.0,1,Champions
C02133,0.2396,Low,69.3753,172.6756,2191.83,85,32,0.3333,1,Champions
C11684,0.8181,High,69.247,172.3562,640.85,223,19,1.0,1,Champions
C00960,0.7283,High,69.1987,172.2359,719.36,14,1,2.0,1,Steady Regulars
C08221,0.7923,High,69.1442,172.1002,660.74,197,2,1.0,1,Steady Regulars
C01155,0.385,Medium,69.0978,171.9847,1358.87,96,8,0.3333,1,Steady Regulars
C00074,0.1679,Low,69.0933,171.9737,3115.64,63,19,0.5,1,Champions
C11611,0.8084,High,69.0806,171.9419,646.92,286,5,1.0,1,Steady Regulars
C06133,0.5406,Medium,69.047,171.8584,966.9,161,5,0.5,1,Steady Regulars
C02631,0.7767,High,69.0059,171.756,672.6,282,6,1.0,1,Steady Regulars
C05921,0.8002,High,68.8539,171.3779,651.46,221,1,1.0,1,Steady Regulars
C00379,0.7822,High,68.8043,171.2543,665.97,4,1,2.0,1,Steady Regulars
C03539,0.1768,Low,68.794,171.2288,2945.97,14,12,2.5,1,Champions
C00126,0.8335,High,68.6909,170.972,623.96,255,2,1.0,1,Steady Regulars
C17059,0.4613,Medium,68.572,170.6761,1125.34,81,6,0.6667,1,Steady Regulars
C10059,0.9319,High,68.552,170.6263,556.94,325,1,1.0,1,Steady Regulars
C09351,0.9054,High,68.5349,170.5837,573.09,293,5,1.0,1,Steady Regulars
C14078,0.5286,Medium,68.3852,170.2111,979.49,67,7,2.0,1,Champions
C05599,0.8749,High,68.2893,169.9725,590.95,208,1,1.0,1,Steady Regulars
C06533,0.2136,Low,68.2201,169.8002,2417.72,17,7,3.0,1,Champions
C15195,0.3389,Medium,68.1688,169.6726,1522.96,58,8,1.0,1,Champions
C08244,0.2177,Low,68.1448,169.6128,2369.77,74,15,3.0,1,Champions
C07952,0.6964,High,68.0621,169.407,739.97,107,1,0.5,1,Steady Regulars
C07961,0.8587,High,68.0429,169.3591,599.93,211,1,1.0,1,Steady Regulars
C15338,0.4486,Medium,68.0175,169.296,1147.98,125,18,0.2,1,Champions
C08977,0.7684,High,67.9941,169.2378,669.93,204,3,1.0,1,Steady Regulars
C14712,0.3258,Medium,67.8998,169.003,1577.66,86,10,1.0,1,Champions
C01092,0.3377,Medium,67.8419,168.859,1520.71,96,37,0.1111,1,Champions
C02003,0.6787,High,67.8341,168.8396,756.7,198,5,1.0,1,Steady Regulars
C14146,0.8953,High,67.6426,168.3629,571.98,247,1,1.0,1,Steady Regulars
C05465,0.4429,Medium,67.6119,168.2865,1155.78,73,10,0.6667,1,Champions
C12269,0.7812,High,67.6038,168.2662,655.15,205,1,1.0,1,Deal Hunters
C00287,0.3389,Medium,67.523,168.0651,1508.4,34,9,1.0,1,Champions
C01219,0.7984,High,67.4871,167.9759,639.9,248,13,1.0,1,Champions
C00289,0.4114,Medium,67.4818,167.9626,1241.87,107,13,0.25,1,Champions
C07810,0.3779,Medium,67.4753,167.9464,1351.64,103,29,0.25,1,Champions
C13803,0.6788,High,67.4143,167.7946,751.88,185,10,1.0,1,Champions
C12592,0.5187,Medium,67.3408,167.6116,982.97,138,9,0.5,1,Champions
C14134,0.7855,High,67.3297,167.584,648.91,222,15,1.0,1,Champions
C08418,0.4064,Medium,67.3154,167.5484,1253.85,96,6,0.3333,1,Steady Regulars
C03805,0.8326,High,67.3054,167.5235,611.97,41,1,2.0,1,Steady Regulars
C05368,0.1285,Low,67.2595,167.4092,3961.89,53,60,0.3,1,Champions
C07409,0.8384,High,67.1711,167.1894,606.57,328,6,1.0,1,Steady Regulars
C04570,0.4065,Medium,67.0593,166.911,1248.8,121,18,0.2,1,Champions
C10539,0.6602,High,67.0527,166.8945,768.91,155,2,0.5,1,Steady Regulars
C11057,0.8051,High,66.986,166.7285,629.93,272,3,1.0,1,Steady Regulars
C00016,0.5684,Medium,66.8689,166.4372,890.69,144,4,0.3333,1,Steady Regulars
C05079,0.5748,Medium,66.8408,166.3672,880.36,145,24,0.5,1,Champions
C12849,0.7604,High,66.8242,166.3259,665.34,4,1,2.0,1,Deal Hunters
C13680,0.571,Medium,66.7745,166.2022,885.38,153,7,0.5,1,Champions
C01528,0.9238,High,66.7413,166.1195,546.98,334,1,1.0,1,Steady Regulars
C08045,0.5413,Medium,66.718,166.0616,933.13,18,1,2.0,1,Steady Regulars
C15807,0.5663,Medium,66.6415,165.871,890.95,15,1,2.0,1,Steady Regulars
C07664,0.2467,Low,66.4561,165.4097,2039.19,43,13,0.5,1,Champions
C00933,0.8049,High,66.4379,165.3643,624.92,251,7,1.0,1,Steady Regulars
C03041,0.7579,High,66.4269,165.3369,663.57,235,3,1.0,1,Steady Regulars
C06050,0.2486,Low,66.3881,165.2405,2021.72,86,20,2.0,1,Champions
C02573,0.2426,Low,66.2526,164.9032,2067.69,29,8,3.0,1,Champions
C12702,0.8126,High,66.2206,164.8236,616.93,256,12,1.0,1,Champions
C00915,0.1909,Low,66.2078,164.7917,2625.6,34,15,1.3333,1,Champions
C16300,0.5112,Medium,66.1751,164.7101,980.04,109,4,0.3333,1,Steady Regulars
C01801,0.4613,Medium,66.0974,164.5169,1084.88,155,14,0.3333,1,Champions
C03732,0.7197,High,66.0921,164.5036,695.25,228,3,1.0,1,Steady Regulars
C02911,0.96,High,65.9833,164.2327,520.37,237,20,1.0,1,Champions
C12949,0.9402,High,65.9367,164.1169,530.95,320,1,1.0,1,Steady Regulars
C04380,0.8346,High,65.9192,164.0733,597.97,364,4,1.0,1,Steady Regulars
C06040,0.3908,Medium,65.9113,164.0537,1276.99,110,9,0.2,1,Steady Regulars
C09423,0.2543,Low,65.8987,164.0224,1962.21,75,13,1.0,1,Champions
C03520,0.8672,High,65.8539,163.9107,574.94,270,3,1.0,1,Steady Regulars
C15906,0.921,High,65.8378,163.8707,541.21,279,12,1.0,1,Champions
C07176,0.3659,Medium,65.7819,163.7316,1361.19,97,5,0.25,1,Steady Regulars
C16906,0.4816,Medium,65.7633,163.6853,1033.86,118,14,0.5,1,Champions
C10051,0.152,Low,65.7092,163.5507,3273.83,8,12,0.4,1,Champions
C15042,0.9009,High,65.6864,163.4938,551.98,299,1,1.0,1,Steady Regulars
C17852,0.3569,Medium,65.649,163.4009,1392.54,107,14,0.2,1,Champions
C16910,0.732,High,65.6434,163.3867,678.91,228,12,1.0,1,Champions
C01506,0.6212,High,65.6377,163.3725,799.98,195,11,1.0,1,Champions
C06098,0.4656,Medium,65.5486,163.1509,1065.92,133,18,0.5,1,Champions
C12102,0.3444,Medium,65.4747,162.967,1439.45,13,9,1.5,1,Champions
C13298,0.7279,High,65.4669,162.9475,680.9,146,1,0.5,1,Steady Regulars
C15979,0.4126,Medium,65.4518,162.91,1200.9,18,8,2.0,1,Champions
C17436,0.3989,Medium,65.437,162.8732,1241.9,104,5,0.2,1,Steady Regulars
C03166,0.5825,Medium,65.3121,162.5621,848.9,69,4,1.0,1,Steady Regulars
C07199,0.5042,Medium,65.2683,162.4533,979.93,112,8,0.3333,1,Champions
C15443,0.8338,High,65.1992,162.2812,591.97,356,2,1.0,1,Steady Regulars
C07452,0.8735,High,65.0628,161.9416,563.9,234,21,1.0,1,Champions
C16645,0.1594,Low,65.0057,161.7997,3088.25,18,15,2.0,1,Champions
C13073,0.3462,Medium,64.8821,161.4918,1418.81,68,5,3.0,1,Steady Regulars
C01202,0.8555,High,64.8568,161.4289,573.94,292,7,1.0,1,Steady Regulars
C14467,0.136,Low,64.8519,161.4167,3610.03,51,27,0.5,1,Champions
C02634,0.5706,Medium,64.7744,161.2239,859.38,149,11,0.5,1,Champions
C11241,0.7974,High,64.6858,161.0034,614.13,257,5,1.0,1,Steady Regulars
C10030,0.4834,Medium,64.6162,160.8302,1012.08,125,16,0.3333,1,Champions
C16587,0.5995,Medium,64.5743,160.7259,815.52,164,4,0.3333,1,Steady Regulars
C05562,0.3632,Medium,64.5077,160.5602,1344.5,37,8,1.5,1,Champions
C15601,0.5559,Medium,64.4597,160.4407,877.81,168,8,0.5,1,Champions
C11530,0.7357,High,64.4353,160.3797,663.04,186,7,1.0,1,Steady Regulars
C08131,0.9787,High,64.3651,160.2052,497.92,254,23,1.0,1,Champions
C03011,0.2884,Low,64.313,160.0755,1688.39,1,10,1.5,1,Champions
C08235,0.328,Medium,64.3114,160.0715,1484.5,9,10,0.6667,1,Champions
C03690,0.5055,Medium,64.2971,160.0358,962.96,75,6,2.0,1,Steady Regulars
C13697,0.7515,High,64.2809,159.9955,647.57,222,3,1.0,1,Steady Regulars
C06798,0.7749,High,64.2764,159.9843,627.98,179,1,0.5,1,Steady Regulars
C05321,0.5113,Medium,64.1203,159.5958,949.46,6,4,1.0,1,Champions
C04985,0.7838,High,64.0792,159.4935,618.92,217,6,1.0,1,Steady Regulars
C06753,0.3904,Medium,64.0493,159.4192,1242.19,65,4,1.0,1,Steady Regulars
C13785,0.5402,Medium,64.0483,159.4166,897.68,117,5,0.3333,1,Steady Regulars
C17664,0.4126,Medium,63.9173,159.0905,1172.94,47,7,1.0,1,Steady Regulars
C03122,0.3101,Medium,63.8582,158.9434,1558.91,11,11,2.0,1,Champions
C11773,0.6253,High,63.7588,158.696,771.9,154,15,0.5,1,Champions
C11788,0.7849,High,63.701,158.5522,614.44,217,15,1.0,1,Champions
C02020,0.4502,Medium,63.6811,158.5027,1070.86,102,15,0.3333,1,Champions
C03350,0.2254,Low,63.5582,158.1967,2135.05,61,37,0.6667,1,Champions
C11327,0.7219,High,63.4745,157.9885,665.71,143,1,0.5,1,Steady Regulars
C15227,0.5506,Medium,63.4266,157.8691,872.06,152,4,0.5,1,Steady Regulars
C09056,0.339,Medium,63.4078,157.8224,1416.08,61,9,1.0,1,Champions
C08322,0.8056,High,63.407,157.8204,595.89,293,11,1.0,1,Champions
C06919,0.7205,High,63.2847,157.5159,664.97,80,1,2.0,1,Steady Regulars
C08026,0.2584,Low,63.2524,157.4355,1853.43,65,13,0.75,1,Champions
C07196,0.1964,Low,63.2484,157.4256,2438.68,17,10,1.0,1,Champions
C05354,0.5841,Medium,63.1784,157.2513,818.91,179,6,0.5,1,Steady Regulars
C04881,0.7181,High,63.1645,157.2168,665.9,172,2,0.5,1,Steady Regulars
C08571,0.5356,Medium,63.1305,157.1321,892.39,140,9,0.5,1,Champions
C13230,0.4973,Medium,62.9893,156.7809,958.92,63,3,2.0,1,Steady Regulars
C04767,0.8409,High,62.9696,156.7318,566.95,302,2,1.0,1,Steady Regulars
C04687,0.4788,Medium,62.8988,156.5556,994.64,136,6,0.25,1,Steady Regulars
C00190,0.3806,Medium,62.8831,156.5163,1250.95,105,31,0.3333,1,Champions
C16962,0.3078,Medium,62.8449,156.4213,1545.68,11,9,0.6667,1,Champions
C02366,0.4826,Medium,62.7477,156.1793,984.27,142,23,0.3333,1,Champions
C00291,0.4593,Medium,62.7296,156.1344,1033.98,105,6,0.5,1,Steady Regulars
C16755,0.5976,Medium,62.7253,156.1236,794.69,133,3,0.3333,1,Steady Regulars
C13221,0.2363,Low,62.6121,155.8419,2005.99,59,14,2.0,1,Champions
C15937,0.2828,Low,62.6031,155.8195,1675.83,72,12,3.0,1,Champions
C17416,0.9714,High,62.6015,155.8155,487.9,331,17,1.0,1,Champions
C05374,0.3392,Medium,62.5376,155.6566,1395.71,56,9,0.6667,1,Champions
C04017,0.8513,High,62.5156,155.6018,555.97,362,3,1.0,1,Steady Regulars
C09861,0.1737,Low,62.5154,155.6013,2725.24,33,20,0.6667,1,Champions
C14644,0.2427,Low,62.5145,155.599,1950.26,85,16,1.0,1,Champions
C09258,0.7987,High,62.4653,155.4764,592.11,192,12,1.0,1,Champions
C02648,0.9255,High,62.4645,155.4744,510.97,361,6,1.0,1,Steady Regulars
C03067,0.5076,Medium,62.4577,155.4576,931.51,137,6,0.3333,1,Steady Regulars
C15036,0.5524,Medium,62.4494,155.4369,855.87,177,10,0.3333,1,Steady Regulars
C15516,0.3842,Medium,62.4173,155.3569,1229.91,69,2,1.0,1,Steady Regulars
C01753,0.9756,High,62.3117,155.0941,483.55,324,16,1.0,1,Champions
C07285,0.5925,Medium,62.2246,154.8774,795.12,127,9,0.5,1,Steady Regulars
C05662,0.2922,Low,62.2073,154.8344,1611.84,28,7,1.5,1,Champions
C10704,0.5798,Medium,62.1773,154.7596,811.92,80,5,1.0,1,Steady Regulars
C10520,0.6702,High,62.076,154.5076,701.24,118,2,0.3333,1,Steady Regulars
C06222,0.7292,High,62.0283,154.3889,643.98,163,1,0.5,1,Steady Regulars
C15349,0.6178,High,62.0123,154.3489,759.91,176,9,0.5,1,Champions
C16494,0.7614,High,61.9509,154.1961,615.95,202,4,1.0,1,Steady Regulars
C14780,0.6242,High,61.8588,153.9669,750.29,174,12,0.5,1,Champions
C09221,0.8623,High,61.7782,153.7664,542.38,362,4,1.0,1,Steady Regulars
C10376,0.7966,High,61.774,153.7559,587.11,229,5,1.0,1,Steady Regulars
C07019,0.7872,High,61.6527,153.4538,592.95,5,1,2.0,1,Steady Regulars
C17475,0.2726,Low,61.6386,153.4189,1711.69,30,9,1.0,1,Champions
C10316,0.7982,High,61.5703,153.2488,583.96,225,3,1.0,1,Steady Regulars
C09117,0.3488,Medium,61.525,153.1361,1335.28,47,11,0.6667,1,Champions
C00988,0.6816,High,61.5217,153.128,683.31,186,5,1.0,1,Steady Regulars
C07939,0.2156,Low,61.5154,153.1122,2160.0,9,9,0.75,1,Champions
C07108,0.6368,High,61.4562,152.9648,730.67,175,8,0.5,1,Champions
C03249,0.5005,Medium,61.4396,152.9234,929.44,115,5,0.5,1,Steady Regulars
C12239,0.1162,Low,61.4331,152.9074,4001.68,10,20,1.3333,1,Champions
C10084,0.8426,High,61.4322,152.9052,551.98,346,6,1.0,1,Champions
C14642,0.7556,High,61.3701,152.7505,614.93,200,12,1.0,1,Champions
C14378,0.5779,Medium,61.3243,152.6365,803.41,177,8,0.5,1,Steady Regulars
C03319,0.8443,High,61.3233,152.6342,549.89,279,12,1.0,1,Champions
C10610,0.8241,High,61.2777,152.5206,562.96,225,1,1.0,1,Steady Regulars
C14909,0.8849,High,61.2397,152.426,523.96,343,10,1.0,1,Champions
C16735,0.7499,High,61.195,152.3148,617.84,166,26,0.5,1,Champions
C03767,0.7848,High,61.0935,152.062,589.36,200,14,1.0,1,Champions
C02950,0.3954,Medium,61.0488,151.9507,1168.89,86,8,2.0,1,Champions
C17717,0.6569,High,61.0315,151.9078,703.34,167,18,0.5,1,Champions
C14052,0.9237,High,60.9958,151.819,499.95,295,1,1.0,1,Steady Regulars
C11572,0.3598,Medium,60.9387,151.6768,1282.37,6,6,3.0,1,Champions
C15375,0.6725,High,60.792,151.3117,684.33,172,7,0.5,1,Steady Regulars
C11296,0.2891,Low,60.7799,151.2816,1591.79,78,15,0.5,1,Champions
C01873,0.466,Medium,60.7607,151.2339,987.06,117,4,0.25,1,Steady Regulars
C08632,0.6808,High,60.7216,151.1365,675.23,189,4,1.0,1,Steady Regulars
C03546,0.9287,High,60.7169,151.1246,494.96,348,8,1.0,1,Steady Regulars
C10800,0.2487,Low,60.7147,151.1193,1847.87,25,12,1.0,1,Champions
C07211,0.2516,Low,60.6721,151.0133,1825.4,58,18,0.3333,1,Champions
C11797,0.802,High,60.6501,150.9585,572.5,236,13,1.0,1,Champions
C12986,0.9221,High,60.6491,150.9561,497.96,360,1,1.0,1,Steady Regulars
C10632,0.7817,High,60.6054,150.8473,586.95,267,2,1.0,1,Steady Regulars
C05511,0.6445,High,60.6008,150.8358,711.9,28,1,2.0,1,Steady Regulars
C07150,0.3737,Medium,60.5582,150.7297,1226.82,96,11,0.3333,1,Champions
C02205,0.4388,Medium,60.5048,150.5968,1043.91,65,2,1.0,1,Steady Regulars
C14129,0.7435,High,60.4708,150.5123,615.74,183,1,1.0,1,Steady Regulars
C03308,0.3067,Medium,60.464,150.4953,1492.75,59,5,1.0,1,Steady Regulars
C01139,0.2559,Low,60.4308,150.4126,1787.76,96,16,0.2,1,Champions
C11816,0.2874,Low,60.3856,150.3002,1590.49,66,5,1.0,1,Steady Regulars
C01362,0.9908,High,60.3821,150.2915,461.37,338,30,1.0,1,Champions
C16903,0.9758,High,60.3064,150.103,467.88,267,16,1.0,1,Champions
C05794,0.7702,High,60.1174,149.6326,590.96,73,1,2.0,1,Steady Regulars
C03284,0.3495,Medium,60.0512,149.4679,1300.69,99,13,0.25,1,Champions
C01514,0.4976,Medium,59.9944,149.3264,912.86,121,6,0.5,1,Steady Regulars
C06156,0.8408,High,59.9622,149.2464,539.93,259,2,1.0,1,Steady Regulars
C14768,0.675,High,59.9496,149.2148,672.34,118,3,0.3333,1,Steady Regulars
C01790,0.3904,Medium,59.9256,149.1551,1162.23,41,5,0.5,1,Steady Regulars
C00758,0.3085,Medium,59.9034,149.0998,1469.84,80,6,2.0,1,Steady Regulars
C06566,0.6851,High,59.9008,149.0935,661.91,207,4,1.0,1,Steady Regulars
C05869,0.4449,Medium,59.882,149.0467,1018.91,101,9,0.25,1,Champions
C11840,0.7237,High,59.8795,149.0405,626.38,119,1,0.5,1,Deal Hunters
C15583,0.8173,High,59.802,148.8475,553.95,197,19,1.0,1,Champions
C02430,0.7172,High,59.7699,148.7677,630.95,87,1,2.0,1,Steady Regulars
C17802,0.9366,High,59.7444,148.7041,482.94,272,12,1.0,1,Champions
C05597,0.5897,Medium,59.7149,148.6308,766.65,145,6,0.5,1,Steady Regulars
C17757,0.6681,High,59.6892,148.5667,676.36,62,1,2.0,1,Deal Hunters
C13323,0.6116,High,59.6807,148.5456,738.72,5,1,2.0,1,Steady Regulars
C15221,0.2198,Low,59.5702,148.2707,2052.01,80,18,2.0,1,Champions
C01485,0.7617,High,59.5577,148.2395,591.94,180,28,0.5,1,Champions
C11757,0.8707,High,59.4409,147.9486,516.83,265,16,1.0,1,Champions
C14704,0.3889,Medium,59.4036,147.856,1156.33,2,5,1.0,1,Champions
C04591,0.8973,High,59.3781,147.7924,500.96,349,1,1.0,1,Steady Regulars
C12718,0.2075,Low,59.3599,147.7471,2165.91,35,19,1.3333,1,Champions
C14938,0.7538,High,59.335,147.6851,595.93,232,2,1.0,1,Steady Regulars
C08114,0.759,High,59.3303,147.6734,591.83,209,3,1.0,1,Steady Regulars
C00554,0.7338,High,59.3147,147.6347,611.98,104,1,0.5,1,Steady Regulars
C03015,0.4376,Medium,59.2594,147.497,1025.11,26,6,1.0,1,Champions
C10444,0.885,High,59.145,147.2121,505.95,314,3,1.0,1,Steady Regulars
C09719,0.7338,High,59.0241,146.9113,608.95,222,6,1.0,1,Steady Regulars
C07870,0.7263,High,59.0101,146.8765,615.1,206,4,1.0,1,Steady Regulars
C13091,0.7624,High,59.0083,146.8719,585.93,182,1,1.0,1,Steady Regulars
C12991,0.2103,Low,58.9928,146.8334,2123.84,34,15,0.6667,1,Champions
C09615,0.9266,High,58.985,146.8139,481.94,320,1,1.0,1,Steady Regulars
C14003,0.2509,Low,58.8724,146.5336,1776.54,3,10,1.0,1,Champions
C04139,0.2827,Low,58.8101,146.3786,1574.68,78,4,0.5,1,Steady Regulars
C10928,0.2253,Low,58.6949,146.0919,1971.93,62,11,2.0,1,Champions
C16376,0.464,Medium,58.6384,145.9514,956.86,145,6,0.3333,1,Steady Regulars
C02984,0.3493,Medium,58.5669,145.7734,1269.55,109,7,0.2,1,Steady Regulars
C11951,0.6811,High,58.5414,145.7099,650.72,190,10,1.0,1,Champions
C03735,0.3041,Medium,58.537,145.6989,1457.35,108,19,0.25,1,Champions
C11030,0.29,Low,58.4673,145.5256,1526.3,36,12,4.0,1,Champions
C09627,0.1291,Low,58.466,145.5221,3428.99,25,41,0.3333,1,Champions
C17177,0.6209,High,58.3685,145.2796,711.65,145,4,0.3333,1,Steady Regulars
C09467,0.1117,Low,58.3665,145.2746,3954.31,37,16,0.4286,1,Champions
C17621,0.8013,High,58.3129,145.1413,550.97,287,9,1.0,1,Steady Regulars
C00870,0.807,High,58.3018,145.1135,546.96,230,2,1.0,1,Steady Regulars
C09087,0.2109,Low,58.2713,145.0375,2092.11,85,19,0.75,1,Champions
C01119,0.2082,Low,58.0851,144.5741,2112.31,34,12,1.3333,1,Champions
C05611,0.2556,Low,58.0252,144.4251,1718.44,33,6,1.0,1,Champions
C15842,0.3539,Medium,58.0048,144.3743,1240.83,111,23,0.1667,1,Champions
C05329,0.4964,Medium,57.955,144.2503,883.87,136,7,0.25,1,Champions
C15069,0.826,High,57.93,144.1881,530.97,291,8,1.0,1,Steady Regulars
C12647,0.3353,Medium,57.8924,144.0945,1307.04,52,9,1.5,1,Champions
C02218,0.5048,Medium,57.8304,143.9401,867.32,12,5,1.0,1,Steady Regulars
C12280,0.8019,High,57.8264,143.9303,545.91,294,7,1.0,1,Steady Regulars
C10592,0.9778,High,57.7906,143.8412,447.46,352,11,1.0,1,Champions
C03373,0.631,High,57.7581,143.7602,692.95,145,25,0.5,1,Champions
C08914,0.8886,High,57.7445,143.7264,491.96,252,1,1.0,1,Steady Regulars
C16536,0.9127,High,57.7443,143.7259,478.97,326,1,1.0,1,Steady Regulars
C11356,0.3118,Medium,57.6438,143.4757,1399.64,69,14,0.6667,1,Champions
C12937,0.4086,Medium,57.527,143.1851,1065.86,27,5,1.5,1,Champions
C07958,0.8287,High,57.4648,143.0302,524.95,158,1,0.5,1,Steady Regulars
C11977,0.2919,Low,57.4594,143.0167,1490.31,77,15,0.5,1,Champions
C06732,0.3346,Medium,57.4031,142.8766,1298.88,86,12,1.0,1,Champions
C06690,0.7311,High,57.3934,142.8524,594.34,55,1,2.0,1,Steady Regulars
C01475,0.7881,High,57.3913,142.8473,551.34,193,1,1.0,1,Steady Regulars
C05718,0.2371,Low,57.3724,142.8003,1832.02,13,6,0.5,1,Champions
C15115,0.1945,Low,57.3331,142.7025,2231.35,12,11,1.3333,1,Champions
C16844,0.395,Medium,57.2856,142.5843,1098.08,66,6,1.0,1,Steady Regulars
C05923,0.1881,Low,57.2816,142.5743,2305.45,80,22,0.25,1,Champions
C07936,0.8368,High,57.2498,142.4951,517.94,223,1,1.0,1,Steady Regulars
C07181,0.4436,Medium,56.9997,141.8726,972.89,60,2,2.0,1,Steady Regulars
C08397,0.8592,High,56.9705,141.8,501.98,328,11,1.0,1,Steady Regulars
C12551,0.6251,High,56.9506,141.7504,689.72,166,4,0.5,1,Steady Regulars
C14850,0.6965,High,56.9398,141.7236,618.91,200,12,1.0,1,Champions
C03995,0.2081,Low,56.9361,141.7142,2071.12,83,12,0.5,1,Champions
C14242,0.7725,High,56.9263,141.6899,557.86,210,9,1.0,1,Steady Regulars
C14548,0.4489,Medium,56.9143,141.6601,959.96,16,2,2.0,1,Steady Regulars
C15130,0.7946,High,56.8737,141.559,541.89,307,2,1.0,1,Steady Regulars
C06771,0.8305,High,56.8731,141.5575,518.45,232,17,1.0,1,Champions
C01440,0.2443,Low,56.8445,141.4863,1761.23,8,12,1.0,1,Champions
C16875,0.9264,High,56.7743,141.3116,463.97,319,1,1.0,1,Steady Regulars
C04192,0.2462,Low,56.6875,141.0955,1743.24,2,10,4.0,1,Champions
C11474,0.2643,Low,56.6757,141.0661,1623.37,53,8,1.5,1,Champions
C01467,0.8315,High,56.6702,141.0526,515.96,23,1,2.0,1,Steady Regulars
C01379,0.9013,High,56.6649,141.0393,475.96,296,1,1.0,1,Steady Regulars
C15229,0.1596,Low,56.6339,140.9622,2685.74,83,40,1.0,1,Champions
C04305,0.5318,Medium,56.6033,140.8859,805.82,127,5,0.5,1,Steady Regulars
C15187,0.8998,High,56.5674,140.7967,475.94,264,3,1.0,1,Steady Regulars
C01388,0.2886,Low,56.5346,140.7149,1482.88,26,5,1.5,1,Champions
C17156,0.2442,Low,56.5165,140.6698,1752.43,80,17,0.4,1,Champions
C15924,0.6578,High,56.514,140.6638,650.41,171,9,0.5,1,Champions
C10009,0.2224,Low,56.4349,140.4668,1921.52,17,11,5.0,1,Champions
C02158,0.2508,Low,56.2788,140.0782,1698.64,5,10,1.5,1,Champions
C07005,0.5196,Medium,56.2725,140.0627,819.92,134,20,0.3333,1,Champions
C13508,0.273,Low,56.2359,139.9715,1559.35,69,11,0.6667,1,Champions
C08069,0.2709,Low,56.2068,139.899,1570.98,37,10,1.3333,1,Champions
C06273,0.2446,Low,56.1464,139.7488,1738.03,85,13,0.5,1,Champions
C16327,0.6008,High,56.092,139.6134,706.84,176,10,0.5,1,Steady Regulars
C11368,0.4181,Medium,56.0458,139.4984,1014.89,23,5,0.5,1,Champions
C16771,0.4492,Medium,56.038,139.479,944.4,150,10,0.3333,1,Steady Regulars
C15738,0.8831,High,55.9908,139.3615,479.98,292,1,1.0,1,Steady Regulars
C04624,0.8975,High,55.9881,139.3546,472.3,338,1,1.0,1,Deal Hunters
C16211,0.4602,Medium,55.9783,139.3304,920.92,94,6,0.5,1,Steady Regulars
C15592,0.6803,High,55.9749,139.3219,622.93,176,2,0.5,1,Steady Regulars
C13596,0.586,Medium,55.9272,139.2032,722.57,133,3,0.3333,1,Deal Hunters
C06213,0.3446,Medium,55.855,139.0234,1227.25,15,11,1.0,1,Champions
C07266,0.7552,High,55.7757,138.8261,559.16,219,4,1.0,1,Deal Hunters
C11959,0.2196,Low,55.7297,138.7117,1921.02,54,9,0.4,1,Champions
C05383,0.3233,Medium,55.7212,138.6904,1304.84,19,11,3.0,1,Champions
C06974,0.3966,Medium,55.6724,138.5688,1062.71,34,5,3.0,1,Champions
C06446,0.1922,Low,55.6478,138.5078,2191.79,80,31,1.0,1,Champions
C08558,0.9548,High,55.6079,138.4084,440.94,241,25,1.0,1,Champions
C10923,0.5573,Medium,55.5905,138.3652,755.16,110,4,0.5,1,Steady Regulars
C00543,0.3035,Medium,55.556,138.2793,1385.83,59,18,0.5,1,Champions
C09265,0.136,Low,55.5124,138.1708,3091.33,24,10,0.4286,1,Champions
C05741,0.8038,High,55.5057,138.1541,522.76,180,1,0.5,1,Steady Regulars
C13022,0.4628,Medium,55.5013,138.143,907.88,117,10,0.5,1,Champions
C05419,0.5155,Medium,55.491,138.1175,814.9,132,4,0.25,1,Steady Regulars
C16743,0.3142,Medium,55.4736,138.0741,1336.7,38,8,0.6667,1,Champions
C15638,0.1279,Low,55.338,137.7365,3275.1,32,38,0.6667,1,Champions
C07496,0.4708,Medium,55.3053,137.6553,889.29,116,7,0.3333,1,Steady Regulars
C02678,0.5964,Medium,55.2996,137.641,701.92,1,3,2.0,1,Steady Regulars
C02927,0.6122,High,55.2708,137.5693,683.5,168,4,0.5,1,Steady Regulars
C01901,0.6161,High,55.2492,137.5155,678.94,98,2,0.5,1,Steady Regulars
C15138,0.5926,Medium,55.2433,137.5009,705.7,178,9,0.5,1,Steady Regulars
C01421,0.8713,High,55.2401,137.493,479.98,283,1,1.0,1,Steady Regulars
C07448,0.9009,High,55.2084,137.414,463.95,225,14,1.0,1,Champions
C12811,0.7014,High,55.2062,137.4086,595.85,172,2,0.5,1,Steady Regulars
C10752,0.8529,High,55.1929,137.3753,489.91,246,2,1.0,1,Steady Regulars
C10089,0.5498,Medium,55.1895,137.3671,759.94,150,3,0.5,1,Steady Regulars
C17883,0.4806,Medium,55.163,137.3011,868.89,79,2,2.0,1,Steady Regulars
C07162,0.558,Medium,55.1179,137.1888,747.88,152,12,0.5,1,Champions
C15563,0.788,High,55.0793,137.0926,529.18,210,6,1.0,1,Steady Regulars
C03994,0.6651,High,55.0743,137.0804,626.92,119,1,0.5,1,Steady Regulars
C16869,0.4297,Medium,55.0638,137.0541,970.2,105,12,0.3333,1,Champions
C04088,0.5103,Medium,55.0629,137.0518,816.88,114,3,0.25,1,Steady Regulars
C03862,0.3479,Medium,54.9991,136.893,1196.84,47,9,1.0,1,Champions
C12813,0.3871,Medium,54.9413,136.7493,1074.62,76,12,1.5,1,Champions
C11224,0.2849,Low,54.8813,136.6,1458.4,57,18,1.5,1,Champions
C03088,0.7731,High,54.829,136.4698,536.94,222,16,1.0,1,Champions
C08047,0.8539,High,54.8034,136.4061,485.91,278,14,1.0,1,Champions
C00630,0.6486,High,54.7402,136.2487,638.94,201,6,1.0,1,Steady Regulars
C08024,0.4155,Medium,54.7315,136.2271,997.34,91,6,0.25,1,Steady Regulars
C05483,0.2937,Low,54.729,136.2207,1410.83,21,10,2.0,1,Champions
C08713,0.3671,Medium,54.6479,136.0191,1126.89,65,4,0.6667,1,Steady Regulars
C00144,0.6414,High,54.6416,136.0032,644.92,122,4,0.3333,1,Steady Regulars
C02858,0.5908,Medium,54.6161,135.9398,699.92,45,1,2.0,1,Steady Regulars
C17097,0.7192,High,54.5458,135.7649,574.15,245,10,1.0,1,Steady Regulars
C08329,0.4095,Medium,54.5264,135.7166,1008.14,100,9,0.3333,1,Champions
C04376,0.3272,Medium,54.5243,135.7113,1261.41,99,20,0.25,1,Champions
C01568,0.7627,High,54.2977,135.1473,538.96,121,1,0.5,1,Steady Regulars
C12607,0.9195,High,54.2891,135.1259,446.97,313,1,1.0,1,Steady Regulars
C15278,0.8507,High,54.2698,135.0779,482.97,249,1,1.0,1,Steady Regulars
C09521,0.6187,High,54.2585,135.0497,663.91,94,2,0.5,1,Steady Regulars
C01823,0.4267,Medium,54.2166,134.9455,962.03,57,9,2.0,1,Champions
C04823,0.3311,Medium,54.198,134.899,1239.42,55,12,0.6667,1,Champions
C05653,0.4862,Medium,54.1899,134.879,843.88,70,4,2.0,1,Steady Regulars
C04475,0.6518,High,54.1464,134.7707,628.95,159,4,0.5,1,Steady Regulars
C04315,0.5147,Medium,54.1117,134.6844,795.92,130,25,0.3333,1,Champions
C03371,0.3308,Medium,54.0683,134.5762,1237.57,91,7,0.3333,1,Steady Regulars
C04631,0.3122,Medium,54.0648,134.5677,1311.13,90,12,1.0,1,Champions
C10118,0.8817,High,54.0461,134.5211,464.05,324,1,1.0,1,Steady Regulars
C04939,0.7591,High,54.0378,134.5005,538.94,218,3,1.0,1,Steady Regulars
C00273,0.6823,High,53.9917,134.3856,599.05,122,2,0.5,1,Steady Regulars
C16541,0.1866,Low,53.9858,134.371,2190.85,1,16,4.0,1,Champions
C16673,0.3586,Medium,53.9806,134.358,1139.69,18,6,2.0,1,Champions
C17600,0.8277,High,53.8986,134.154,492.97,275,4,1.0,1,Steady Regulars
C00437,0.2382,Low,53.8319,133.988,1710.65,88,12,0.4,1,Champions
C01269,0.3441,Medium,53.8133,133.9416,1183.88,74,12,3.0,1,Champions
C00346,0.7401,High,53.7834,133.8672,550.15,217,3,1.0,1,Steady Regulars
C03585,0.4405,Medium,53.7703,133.8345,924.06,85,8,2.0,1,Champions
C14694,0.6178,High,53.6914,133.6382,657.97,73,4,2.0,1,Steady Regulars
C02914,0.4598,Medium,53.6848,133.6218,883.88,110,9,0.5,1,Champions
C01407,0.1484,Low,53.6726,133.5914,2738.76,24,15,0.8,1,Champions
C09452,0.4907,Medium,53.66,133.5601,827.88,54,3,1.0,1,Steady Regulars
C14885,0.4831,Medium,53.6168,133.4526,840.26,125,9,0.5,1,Champions
C07902,0.4561,Medium,53.5564,133.3023,888.96,47,4,3.0,1,Steady Regulars
C13766,0.1931,Low,53.5365,133.2527,2098.92,47,7,0.4,1,Champions
C13544,0.8236,High,53.52,133.2115,491.96,224,1,1.0,1,Steady Regulars
C05497,0.2957,Low,53.5197,133.211,1370.15,99,7,0.1429,1,Steady Regulars
C05856,0.7333,High,53.4614,133.0657,551.94,189,13,1.0,1,Champions
C14674,0.7856,High,53.4581,133.0575,515.16,215,2,1.0,1,Steady Regulars
C13182,0.4259,Medium,53.4444,133.0235,950.06,33,9,2.0,1,Champions
C15371,0.1795,Low,53.408,132.9327,2253.18,43,19,0.5,1,Champions
C11515,0.4652,Medium,53.3253,132.7269,867.84,126,9,0.5,1,Champions
C17801,0.2724,Low,53.325,132.7263,1481.8,53,6,3.0,1,Champions
C09610,0.6989,High,53.2574,132.5581,576.94,152,2,0.5,1,Steady Regulars
C03871,0.0406,Low,53.2574,132.558,9928.41,5,80,3.6,1,Champions
C11080,0.2612,Low,53.2508,132.5415,1543.65,63,7,2.0,1,Champions
C02263,0.6565,High,53.2362,132.5051,613.94,179,4,0.5,1,Steady Regulars
C02032,0.3321,Medium,53.2112,132.443,1213.13,10,9,1.5,1,Champions
C14941,0.5885,Medium,53.1307,132.2426,683.55,91,4,0.5,1,Steady Regulars
C14530,0.1184,Low,53.0486,132.0384,3391.67,65,38,0.8,1,Champions
C12909,0.3798,Medium,53.0464,132.0329,1057.3,17,8,1.0,1,Champions
C03145,0.2545,Low,53.0059,131.932,1576.69,31,4,1.5,1,Steady Regulars
C00656,0.4402,Medium,52.9901,131.8928,911.39,33,5,1.5,1,Steady Regulars
C05835,0.8702,High,52.9802,131.868,460.91,288,4,1.0,1,Steady Regulars
C00207,0.8914,High,52.9741,131.8529,449.92,338,4,1.0,1,Steady Regulars
C09052,0.6255,High,52.8704,131.5947,639.94,26,1,2.0,1,Steady Regulars
C03178,0.563,Medium,52.8067,131.4362,710.13,151,10,0.5,1,Champions
C11374,0.935,High,52.7352,131.2581,426.98,331,1,1.0,1,Steady Regulars
C00782,0.3532,Medium,52.6968,131.1626,1129.45,73,8,1.0,1,Steady Regulars
C16559,0.2228,Low,52.6827,131.1275,1790.2,14,8,1.6667,1,Champions
C01682,0.7525,High,52.6726,131.1024,529.95,236,5,1.0,1,Steady Regulars
C15724,0.2269,Low,52.6595,131.0698,1756.68,55,13,1.0,1,Champions
C14316,0.9162,High,52.6357,131.0105,434.95,311,1,1.0,1,Steady Regulars
C00551,0.3614,Medium,52.6057,130.936,1101.9,46,10,1.0,1,Champions
C08195,0.3737,Medium,52.5586,130.8187,1064.84,127,11,0.3333,1,Champions
C06045,0.9543,High,52.5392,130.7703,416.82,284,14,1.0,1,Champions
C12976,0.6518,High,52.4265,130.4898,608.96,70,1,2.0,1,Steady Regulars
C12203,0.5123,Medium,52.421,130.4763,774.72,135,11,0.5,1,Steady Regulars
C02868,0.2922,Low,52.4073,130.4421,1357.83,92,16,0.1667,1,Champions
C09682,0.7587,High,52.4012,130.4268,522.92,215,6,1.0,1,Steady Regulars
C14117,0.2683,Low,52.3642,130.3347,1477.64,65,7,0.6,1,Steady Regulars
C03521,0.5683,Medium,52.2484,130.0465,695.98,15,2,2.0,1,Steady Regulars
C06359,0.1245,Low,52.24,130.0257,3177.68,24,21,0.5,1,Champions
C00746,0.2624,Low,52.1593,129.8247,1504.62,47,5,0.5,1,Steady Regulars
C14224,0.8737,High,52.1588,129.8235,451.98,271,1,1.0,1,Steady Regulars
C00663,0.7339,High,52.1414,129.7802,537.85,245,5,1.0,1,Steady Regulars
C00160,0.4638,Medium,52.1263,129.7427,850.84,2,2,2.0,1,Steady Regulars
C05417,0.9695,High,52.1195,129.7257,406.98,348,19,1.0,1,Champions
C06531,0.8154,High,52.0764,129.6184,483.5,205,14,1.0,1,Champions
C13750,0.8111,High,52.062,129.5826,485.97,268,14,1.0,1,Champions
C15339,0.2305,Low,52.0488,129.5498,1709.58,23,5,0.5,1,Steady Regulars
C02299,0.8457,High,52.0476,129.5467,465.95,256,2,1.0,1,Steady Regulars
C08017,0.1952,Low,52.0145,129.4645,2017.57,72,22,1.5,1,Champions
C17981,0.8948,High,51.9981,129.4236,439.95,332,5,1.0,1,Steady Regulars
C00922,0.8149,High,51.8782,129.1251,481.98,5,1,2.0,1,New & Promising
C08592,0.5283,Medium,51.8689,129.102,743.26,98,5,0.5,1,Steady Regulars
C07624,0.1815,Low,51.8625,129.0861,2163.81,75,35,0.5,1,Champions
C12463,0.7788,High,51.8226,128.9867,503.77,235,2,1.0,1,Deal Hunters
C10135,0.3893,Medium,51.821,128.9829,1007.76,46,9,2.0,1,Champions
C09577,0.3379,Medium,51.8035,128.9393,1160.69,86,5,2.0,1,Steady Regulars
C01646,0.4891,Medium,51.7959,128.9202,801.71,147,5,0.5,1,Steady Regulars
C03306,0.2975,Low,51.7938,128.9151,1318.12,29,4,2.0,1,Steady Regulars
C15301,0.3388,Medium,51.7867,128.8974,1157.16,109,19,0.2,1,Champions
C09883,0.8374,High,51.7582,128.8265,467.96,267,1,1.0,1,Steady Regulars
C04048,0.8266,High,51.7516,128.81,473.98,5,1,2.0,1,New & Promising
C16015,0.1129,Low,51.7479,128.8008,3471.59,20,17,0.4286,1,Champions
C16549,0.4735,Medium,51.7297,128.7556,827.14,100,11,0.25,1,Champions
C14513,0.2041,Low,51.6778,128.6264,1916.56,69,11,0.4,1,Champions
C13172,0.8952,High,51.668,128.602,436.97,318,1,1.0,1,Steady Regulars
C02848,0.3504,Medium,51.6445,128.5436,1115.89,24,4,1.0,1,Steady Regulars
C12884,0.6894,High,51.6365,128.5235,567.09,193,12,1.0,1,Champions
C05418,0.9892,High,51.6037,128.442,394.96,365,33,1.0,1,Champions
C16739,0.257,Low,51.5911,128.4107,1519.56,67,54,0.6667,1,Champions
C07449,0.5604,Medium,51.589,128.4054,696.94,110,4,0.3333,1,Steady Regulars
C12625,0.245,Low,51.5844,128.3939,1594.13,65,14,2.0,1,Champions
C01539,0.6299,High,51.5489,128.3055,619.61,140,4,0.5,1,Steady Regulars
C14383,0.241,Low,51.5238,128.243,1618.64,33,9,1.0,1,Champions
C15813,0.23,Low,51.5235,128.2423,1695.94,69,14,0.6667,1,Champions
C11281,0.5669,Medium,51.5151,128.2214,687.94,88,5,1.0,1,Steady Regulars
C17803,0.9004,High,51.4919,128.1638,432.93,251,1,1.0,1,Steady Regulars
C06047,0.5058,Medium,51.4488,128.0563,770.04,134,11,0.5,1,Champions
C06196,0.4906,Medium,51.443,128.0419,793.82,17,2,2.0,1,Steady Regulars
C11075,0.2824,Low,51.4414,128.0381,1378.9,79,11,1.0,1,Steady Regulars
C00217,0.573,Medium,51.4345,128.0209,679.55,151,9,0.5,1,Champions
C03010,0.7291,High,51.4218,127.9892,533.93,222,3,1.0,1,Steady Regulars
C05936,0.6241,High,51.4188,127.9817,623.76,44,2,2.0,1,Steady Regulars
C05572,0.2108,Low,51.3973,127.9281,1845.54,14,6,2.5,1,Champions
C16285,0.2592,Low,51.3032,127.6939,1498.22,21,10,3.0,1,Champions
C09135,0.4674,Medium,51.3018,127.6904,830.94,12,4,1.0,1,Champions
C15409,0.2542,Low,51.2971,127.6787,1527.84,12,11,0.75,1,Champions
C01752,0.8616,High,51.2077,127.4562,449.97,276,4,1.0,1,Steady Regulars
C01598,0.8909,High,51.1861,127.4024,434.95,302,8,1.0,1,Steady Regulars
C15134,0.2276,Low,51.1796,127.3864,1702.56,36,9,1.3333,1,Champions
C06674,0.6584,High,51.1497,127.3118,588.14,198,8,1.0,1,Steady Regulars
C07995,0.2087,Low,51.1326,127.2695,1855.15,47,9,1.3333,1,Steady Regulars
C15092,0.1398,Low,51.0802,127.1388,2766.1,7,17,0.6,1,Champions
C05788,0.2955,Low,51.0396,127.0379,1307.79,74,15,1.0,1,Champions
C15582,0.2144,Low,50.9723,126.8704,1800.2,45,18,0.8,1,Champions
C08476,0.547,Medium,50.9286,126.7617,704.91,176,6,0.5,1,Steady Regulars
C12784,0.183,Low,50.9018,126.6949,2106.06,32,11,1.0,1,Champions
C12496,0.3682,Medium,50.8764,126.6317,1046.15,11,9,2.0,1,Champions
C06626,0.3412,Medium,50.8685,126.6121,1128.8,13,9,1.5,1,Champions
C12053,0.3632,Medium,50.7651,126.3546,1058.18,47,11,1.0,1,Champions
C07491,0.7409,High,50.7442,126.3027,518.52,190,5,1.0,1,Steady Regulars
C10805,0.9875,High,50.7277,126.2615,388.92,256,73,1.0,1,Champions
C17406,0.4737,Medium,50.6607,126.0947,809.71,121,17,0.3333,1,Champions
C05939,0.8611,High,50.6095,125.9674,444.96,206,1,1.0,1,Steady Regulars
C07643,0.6634,High,50.6087,125.9655,577.55,42,1,2.0,1,Deal Hunters
C08324,0.3893,Medium,50.5959,125.9336,983.82,14,11,2.0,1,Champions
C01324,0.8421,High,50.563,125.8516,454.57,216,1,1.0,1,Steady Regulars
C12059,0.2104,Low,50.558,125.8393,1818.93,57,14,0.5,1,Champions
C11845,0.3253,Medium,50.5439,125.804,1176.25,109,18,0.3333,1,Champions
C11731,0.4719,Medium,50.542,125.7993,810.88,113,5,0.5,1,Steady Regulars
C05068,0.6817,High,50.5068,125.7118,560.92,215,3,1.0,1,Steady Regulars
C05300,0.3987,Medium,50.4962,125.6854,958.75,31,5,2.0,1,Steady Regulars
C04370,0.7467,High,50.4861,125.6603,511.89,184,3,1.0,1,Steady Regulars
C12338,0.2958,Low,50.4861,125.6602,1291.96,16,6,0.5,1,Champions
C15830,0.3572,Medium,50.4757,125.6343,1069.93,59,8,0.6667,1,Champions
C16548,0.6208,High,50.4388,125.5424,615.1,163,6,0.5,1,Steady Regulars
C12340,0.6527,High,50.4317,125.5248,584.96,89,1,2.0,1,Steady Regulars
C00792,0.3997,Medium,50.4207,125.4973,954.94,96,12,0.5,1,Champions
C02256,0.3239,Medium,50.4124,125.4768,1178.22,46,4,1.0,1,Steady Regulars
C10701,0.1953,Low,50.3959,125.4357,1953.66,49,9,0.75,1,Champions
C16185,0.3127,Medium,50.3932,125.429,1219.88,92,15,0.3333,1,Champions
C10691,0.2727,Low,50.3699,125.371,1398.63,34,6,1.0,1,Steady Regulars
C05855,0.8084,High,50.3537,125.3306,471.57,196,1,1.0,1,Steady Regulars
C16871,0.8915,High,50.3536,125.3303,427.6,257,18,1.0,1,Champions
C12276,0.7679,High,50.3051,125.2097,495.94,200,2,1.0,1,Steady Regulars
C13272,0.385,Medium,50.288,125.1672,988.91,125,13,0.3333,1,Champions
C14061,0.4415,Medium,50.279,125.1448,862.11,129,13,0.25,1,Champions
C01746,0.14,Low,50.2734,125.1308,2718.43,58,14,0.6667,1,Champions
C13898,0.6902,High,50.2205,124.9991,550.9,122,2,0.5,1,Steady Regulars
C00544,0.8225,High,50.2095,124.9718,462.18,237,3,1.0,1,Steady Regulars
C09588,0.7333,High,50.1662,124.864,517.94,101,1,0.5,1,Steady Regulars
C16674,0.373,Medium,50.1501,124.824,1017.91,98,16,0.5,1,Champions
C17376,0.6577,High,50.1372,124.7917,577.09,169,2,0.5,1,Deal Hunters
C01029,0.629,High,50.1301,124.7741,603.39,157,4,0.3333,1,Steady Regulars
C02964,0.5617,Medium,50.0641,124.6099,674.72,1,5,1.0,1,Champions
C12307,0.8367,High,50.0613,124.603,452.98,2,1,2.0,1,New & Promising
C06310,0.7267,High,50.0067,124.4669,520.96,222,15,1.0,1,Champions
C05820,0.4685,Medium,50.0064,124.4662,808.13,97,8,0.3333,1,Steady Regulars
C01570,0.8355,High,49.993,124.433,452.99,15,1,2.0,1,Steady Regulars
C17893,0.2739,Low,49.9844,124.4115,1381.54,72,19,0.6667,1,Champions
C08002,0.2001,Low,49.9612,124.3538,1889.88,18,13,1.0,1,Champions
C06884,0.7975,High,49.954,124.3359,474.2,168,1,0.5,1,Deal Hunters
C02209,0.2933,Low,49.9455,124.3147,1289.21,70,8,1.0,1,Champions
C09232,0.2808,Low,49.9063,124.2171,1345.68,38,11,2.0,1,Champions
C13969,0.7955,High,49.9051,124.2141,474.96,218,1,1.0,1,Steady Regulars
C02979,0.7184,High,49.8889,124.1738,525.75,58,1,2.0,1,Steady Regulars
C01569,0.3175,Medium,49.8457,124.0663,1188.64,5,7,1.0,1,Champions
C11714,0.4259,Medium,49.8305,124.0285,885.83,113,10,0.5,1,Champions
C01811,0.8609,High,49.7977,123.9467,437.91,308,5,1.0,1,Steady Regulars
C11783,0.2953,Low,49.7583,123.8486,1275.71,31,5,2.0,1,Steady Regulars
C12995,0.6236,High,49.7499,123.8278,603.96,51,1,2.0,1,Steady Regulars
C02721,0.665,High,49.7493,123.8263,566.39,140,2,0.5,1,Steady Regulars
C03328,0.2133,Low,49.731,123.7807,1764.75,21,8,0.6667,1,Champions
C05821,0.5073,Medium,49.7196,123.7524,741.96,48,3,3.0,1,Steady Regulars
C06730,0.4998,Medium,49.6557,123.5935,752.13,109,6,0.5,1,Champions
C13809,0.6776,High,49.582,123.4098,553.97,178,7,0.5,1,Steady Regulars
C07383,0.1956,Low,49.5724,123.386,1918.52,53,23,1.0,1,Champions
C04261,0.5611,Medium,49.52,123.2557,668.11,139,4,0.5,1,Steady Regulars
C09752,0.9008,High,49.4962,123.1963,415.98,303,1,1.0,1,Steady Regulars
C09606,0.1797,Low,49.4838,123.1654,2084.96,63,42,0.5,1,Champions
C03695,0.9006,High,49.4831,123.1638,415.98,305,1,1.0,1,Steady Regulars
C06119,0.4921,Medium,49.4531,123.0892,760.89,107,6,0.3333,1,Steady Regulars
C03476,0.9322,High,49.422,123.0117,401.37,280,18,1.0,1,Champions
C02653,0.8451,High,49.3861,122.9224,442.41,250,8,1.0,1,Champions
C15356,0.8593,High,49.3701,122.8826,434.98,231,1,1.0,1,Steady Regulars
C10178,0.7918,High,49.3576,122.8514,471.9,210,3,1.0,1,Steady Regulars
C04996,0.3262,Medium,49.3272,122.7756,1144.87,47,7,1.0,1,Champions
C00595,0.4057,Medium,49.2312,122.5368,918.77,111,10,0.5,1,Champions
C10254,0.9178,High,49.2155,122.4976,405.97,331,1,1.0,1,Steady Regulars
C16967,0.8063,High,49.2021,122.4643,461.97,223,2,1.0,1,Steady Regulars
C03903,0.8115,High,49.1917,122.4385,458.94,252,2,1.0,1,Steady Regulars
C14988,0.7938,High,49.1709,122.3867,468.93,216,4,1.0,1,Steady Regulars
C10147,0.6893,High,49.161,122.3621,539.95,71,1,2.0,1,Steady Regulars
C14929,0.8325,High,49.1504,122.3357,446.98,217,1,1.0,1,Steady Regulars
C14307,0.8513,High,49.1349,122.297,436.95,261,1,1.0,1,Steady Regulars
C17126,0.8024,High,49.0599,122.1105,462.91,260,3,1.0,1,Steady Regulars
C13480,0.1997,Low,49.0592,122.1086,1859.94,68,13,0.6667,1,Champions
C13030,0.9096,High,49.0187,122.0078,407.97,312,1,1.0,1,Steady Regulars
C10818,0.6326,High,48.9912,121.9393,586.3,161,5,0.5,1,Steady Regulars
C02723,0.9658,High,48.9825,121.9178,383.96,355,12,1.0,1,Champions
C08067,0.3432,Medium,48.9561,121.8519,1079.81,75,11,1.3333,1,Champions
C09321,0.7607,High,48.9546,121.8484,487.18,32,1,2.0,1,Deal Hunters
C09012,0.1319,Low,48.9421,121.8173,2809.87,22,11,1.5,1,Champions
C09983,0.5578,Medium,48.9149,121.7494,663.93,42,5,2.0,1,Steady Regulars
C02163,0.3322,Medium,48.8561,121.6031,1113.44,31,6,3.0,1,Steady Regulars
C12844,0.6013,High,48.8407,121.5647,614.91,92,3,0.3333,1,Steady Regulars
C15506,0.7999,High,48.8012,121.4666,461.9,240,4,1.0,1,Steady Regulars
C04111,0.5925,Medium,48.7479,121.3339,622.92,64,4,1.0,1,Steady Regulars
C11176,0.2224,Low,48.7391,121.312,1659.46,55,19,1.5,1,Champions
C12955,0.1675,Low,48.7126,121.2459,2201.37,19,21,0.5,1,Champions
C13691,0.2553,Low,48.6663,121.1307,1443.32,14,10,0.75,1,Champions
C11463,0.8646,High,48.6435,121.0739,425.94,270,4,1.0,1,Steady Regulars
C10453,0.3705,Medium,48.6145,121.0017,993.25,76,8,2.0,1,Champions
C10802,0.26,Low,48.6102,120.9911,1415.53,29,13,3.0,1,Champions
C08968,0.89,High,48.5491,120.8389,412.97,335,2,1.0,1,Steady Regulars
C11235,0.1714,Low,48.5466,120.8328,2143.96,49,25,2.0,1,Champions
C05537,0.264,Low,48.5446,120.8277,1391.86,18,6,1.0,1,Champions
C02297,0.8641,High,48.503,120.7244,424.96,203,1,1.0,1,Steady Regulars
C06583,0.4398,Medium,48.5007,120.7185,834.85,77,4,0.6667,1,Steady Regulars
C12136,0.9001,High,48.5003,120.7175,407.92,275,6,1.0,1,Steady Regulars
C13379,0.3502,Medium,48.4801,120.6673,1048.0,20,10,1.5,1,Champions
C09138,0.9131,High,48.4775,120.6608,401.94,313,1,1.0,1,Steady Regulars
C02478,0.6156,High,48.4586,120.6137,595.93,103,3,0.3333,1,Steady Regulars
C16031,0.7291,High,48.3867,120.4349,502.44,153,2,0.5,1,Steady Regulars
C06138,0.2058,Low,48.3751,120.406,1779.91,13,16,0.75,1,Champions
C14377,0.3519,Medium,48.3541,120.3536,1040.32,62,4,1.0,1,Steady Regulars
C02240,0.6442,High,48.328,120.2886,567.93,181,12,1.0,1,Champions
C16996,0.5119,Medium,48.2659,120.1342,713.8,135,7,0.3333,1,Steady Regulars
C09758,0.7834,High,48.216,120.0099,465.95,263,3,1.0,1,Steady Regulars
C09076,0.1188,Low,48.2061,119.9853,3071.21,61,29,0.75,1,Champions
C15633,0.413,Medium,48.1688,119.8924,882.98,77,5,0.6667,1,Steady Regulars
C12956,0.8176,High,48.1645,119.8817,445.97,5,1,2.0,1,New & Promising
C07740,0.2959,Low,48.1218,119.7754,1231.38,36,9,3.0,1,Champions
C04142,0.4773,Medium,48.102,119.7262,762.9,138,10,0.5,1,Champions
C12252,0.5786,Medium,48.0982,119.7168,629.32,158,4,0.3333,1,Steady Regulars
C01078,0.3345,Medium,48.0902,119.6967,1088.29,61,13,2.0,1,Champions
C09146,0.2892,Low,48.0894,119.6948,1258.88,6,7,1.5,1,Champions
C10577,0.4318,Medium,48.0784,119.6674,842.93,112,12,0.5,1,Steady Regulars
C05431,0.2487,Low,48.0745,119.6577,1463.3,68,4,1.0,1,Steady Regulars
C02421,0.9076,High,48.0703,119.6472,400.98,335,1,1.0,1,Steady Regulars
C17679,0.6791,High,48.0257,119.5363,535.4,199,6,1.0,1,Steady Regulars
C16742,0.3183,Medium,48.0221,119.5273,1142.23,89,11,1.0,1,Champions
C02777,0.0661,Low,48.0172,119.515,5497.11,8,82,3.0,1,Champions
C14647,0.1384,Low,47.9676,119.3915,2624.7,17,5,2.0,1,Champions
C16206,0.1806,Low,47.9659,119.3873,2010.52,90,22,0.6667,1,Champions
C11185,0.1746,Low,47.9186,119.2698,2077.98,32,12,0.5,1,Champions
C15041,0.97,High,47.9086,119.2447,373.92,303,13,1.0,1,Champions
C09605,0.9623,High,47.907,119.2408,376.89,241,26,1.0,1,Champions
C08266,0.3731,Medium,47.8577,119.1182,971.12,18,5,4.0,1,Steady Regulars
C07350,0.3437,Medium,47.8394,119.0727,1053.83,61,7,1.5,1,Steady Regulars
C13440,0.5131,Medium,47.8011,118.9772,705.34,132,5,0.25,1,Steady Regulars
C01727,0.6188,High,47.728,118.7953,583.9,77,1,2.0,1,Steady Regulars
C01031,0.824,High,47.6674,118.6443,437.96,195,1,1.0,1,Steady Regulars
C16010,0.2612,Low,47.6657,118.6403,1381.79,32,7,1.0,1,Steady Regulars
C11072,0.8719,High,47.6653,118.6393,413.9,319,2,1.0,1,Steady Regulars
C00171,0.3295,Medium,47.6052,118.4897,1093.68,10,7,4.0,1,Champions
C05812,0.3269,Medium,47.5778,118.4215,1102.03,55,7,3.0,1,Steady Regulars
C13600,0.321,Medium,47.5517,118.3566,1121.51,10,6,5.0,1,Champions
C05651,0.5777,Medium,47.5332,118.3103,622.95,154,6,0.5,1,Steady Regulars
C05912,0.3605,Medium,47.5235,118.2863,997.9,1,5,1.5,1,Champions
C14169,0.1405,Low,47.5123,118.2583,2559.49,1,20,2.5,1,Champions
C11090,0.4393,Medium,47.457,118.1208,817.85,126,15,0.2,1,Champions
C06326,0.6431,High,47.4512,118.1064,558.64,146,3,0.5,1,Steady Regulars
C09369,0.6935,High,47.4509,118.1056,517.97,30,1,2.0,1,Deal Hunters
C05998,0.1968,Low,47.4301,118.0538,1824.28,41,27,0.3333,1,Champions
C00631,0.7719,High,47.4094,118.0022,465.01,198,6,1.0,1,Steady Regulars
C10187,0.1817,Low,47.3723,117.9098,1973.6,40,18,1.0,1,Champions
C15119,0.4812,Medium,47.3501,117.8547,744.9,115,8,0.3333,1,Champions
C12563,0.4546,Medium,47.318,117.7747,787.94,53,4,1.0,1,Steady Regulars
C10500,0.5328,Medium,47.2916,117.7091,671.95,19,4,2.0,1,Steady Regulars
C01027,0.1791,Low,47.2627,117.6373,1998.1,9,15,2.3333,1,Champions
C02029,0.3226,Medium,47.2429,117.5879,1108.86,5,7,3.0,1,Champions
C04825,0.3707,Medium,47.2336,117.5648,964.63,11,5,1.0,1,Champions
C07621,0.3467,Medium,47.2239,117.5405,1031.12,9,5,3.0,1,Steady Regulars
C00560,0.1354,Low,47.1878,117.4507,2638.8,13,29,0.3333,1,Champions
C00992,0.1144,Low,47.1321,117.312,3119.05,58,16,0.4286,1,Champions
C13295,0.1148,Low,47.1131,117.2649,3108.28,27,44,0.5,1,Champions
C09771,0.3963,Medium,47.105,117.2447,899.86,78,15,1.0,1,Champions
C17515,0.7863,High,47.1043,117.243,453.52,226,7,1.0,1,Steady Regulars
C15199,0.1668,Low,47.0145,117.0194,2133.94,51,17,1.5,1,Champions
C08390,0.4877,Medium,47.0117,117.0124,729.81,64,8,2.0,1,Steady Regulars
C17194,0.9448,High,46.9891,116.9561,376.51,315,16,1.0,1,Champions
C11645,0.7839,High,46.9812,116.9365,453.73,197,3,1.0,1,Steady Regulars
C07508,0.7809,High,46.9621,116.8889,455.27,217,11,1.0,1,Champions
C14978,0.2516,Low,46.9602,116.8843,1413.22,54,17,2.0,1,Champions
C16479,0.172,Low,46.9319,116.8139,2065.33,30,11,1.0,1,Champions
C11711,0.758,High,46.8551,116.6225,467.98,123,1,0.5,1,Steady Regulars
C17143,0.547,Medium,46.8158,116.5249,647.95,117,12,0.5,1,Champions
C02555,0.646,High,46.8027,116.4923,548.46,61,1,2.0,1,Steady Regulars
C12464,0.5361,Medium,46.8014,116.4889,660.93,11,3,3.0,1,Steady Regulars
C03778,0.4894,Medium,46.7941,116.4707,723.92,120,9,0.3333,1,Champions
C08154,0.5018,Medium,46.7643,116.3965,705.59,71,9,2.0,1,Steady Regulars
C08234,0.2107,Low,46.7292,116.3091,1679.4,94,8,0.1667,1,Champions
C09797,0.3164,Medium,46.6745,116.1732,1116.89,7,12,3.0,1,Champions
C14101,0.2932,Low,46.6162,116.0281,1203.74,87,18,1.3333,1,Champions
C09406,0.7442,High,46.5926,115.9692,473.97,101,1,0.5,1,Steady Regulars
C09984,0.4046,Medium,46.5821,115.9431,871.6,19,5,3.0,1,Champions
C01593,0.2569,Low,46.547,115.8557,1371.8,71,14,0.5,1,Champions
C13916,0.5321,Medium,46.5372,115.8314,662.11,99,5,0.3333,1,Steady Regulars
C13743,0.3328,Medium,46.5068,115.7556,1057.93,27,11,2.0,1,Champions
C03714,0.2498,Low,46.5051,115.7514,1409.45,91,7,0.2,1,Champions
C08023,0.1376,Low,46.5018,115.7433,2559.11,2,21,1.3333,1,Champions
C05205,0.8343,High,46.5013,115.7419,421.97,253,3,1.0,1,Steady Regulars
C11621,0.241,Low,46.4943,115.7246,1460.85,34,8,0.4,1,Champions
C07880,0.2887,Low,46.48,115.689,1218.83,56,13,1.0,1,Champions
C06441,0.2906,Low,46.477,115.6814,1210.82,58,13,2.0,1,Champions
C14832,0.338,Medium,46.4724,115.6701,1040.79,96,20,0.3333,1,Champions
C08417,0.3009,Medium,46.4587,115.636,1168.97,83,29,2.0,1,Champions
C02189,0.2735,Low,46.4209,115.5419,1284.96,20,9,1.0,1,Champions
C09514,0.2372,Low,46.4162,115.5303,1481.51,47,9,0.8,1,Champions
C00796,0.5575,Medium,46.4045,115.5012,630.15,96,7,0.5,1,Champions
C12145,0.158,Low,46.3892,115.4629,2223.39,3,17,1.0,1,Champions
C04802,0.4448,Medium,46.3874,115.4586,789.55,37,2,2.0,1,Deal Hunters
C05108,0.8019,High,46.3719,115.4198,437.77,243,6,1.0,1,Steady Regulars
C16242,0.2134,Low,46.3405,115.3419,1643.94,5,13,1.0,1,Champions
C05780,0.8654,High,46.2886,115.2125,404.96,316,1,1.0,1,Steady Regulars
C14249,0.1803,Low,46.2848,115.2031,1943.03,27,16,0.6667,1,Champions
C05162,0.2758,Low,46.2687,115.163,1269.86,24,11,1.5,1,Champions
C01478,0.2962,Low,46.26,115.1414,1182.24,15,9,1.0,1,Champions
C04824,0.8712,High,46.2533,115.1247,401.95,307,6,1.0,1,Steady Regulars
C12196,0.689,High,46.2258,115.0563,507.96,45,1,2.0,1,Steady Regulars
C16129,0.6734,High,46.2241,115.0519,519.7,141,5,0.5,1,Steady Regulars
C04979,0.766,High,46.2234,115.0503,456.85,208,17,1.0,1,Champions
C12440,0.502,Medium,46.2231,115.0497,697.11,20,2,2.0,1,Steady Regulars
C12872,0.7575,High,46.2203,115.0425,461.95,188,2,1.0,1,Steady Regulars
C00889,0.1573,Low,46.2084,115.013,2223.4,40,10,1.3333,1,Champions
C07884,0.2989,Low,46.1376,114.8367,1168.56,28,9,3.0,1,Champions
C12465,0.5204,Medium,46.1129,114.7752,670.89,129,9,0.3333,1,Champions
C05341,0.3847,Medium,46.0743,114.6791,906.79,86,5,0.6667,1,Steady Regulars
C10173,0.5308,Medium,46.0622,114.6492,656.92,110,4,0.3333,1,Steady Regulars
C12697,0.1132,Low,46.0507,114.6205,3078.93,62,32,0.7143,1,Champions
C02932,0.8165,High,46.0035,114.5029,426.56,143,1,0.5,1,Steady Regulars
C10507,0.1262,Low,45.8926,114.2269,2753.17,7,14,0.75,1,Champions
C15351,0.1841,Low,45.8625,114.152,1885.6,1,15,2.5,1,Champions
C12789,0.7159,High,45.859,114.1434,484.94,220,6,1.0,1,Steady Regulars
C12488,0.1446,Low,45.7873,113.9648,2397.64,20,13,0.2857,1,Champions
C06553,0.9096,High,45.7731,113.9295,380.99,337,3,1.0,1,Steady Regulars
C12461,0.8151,High,45.7464,113.863,424.89,291,9,1.0,1,Steady Regulars
C15012,0.5864,Medium,45.7255,113.8109,590.3,117,5,0.3333,1,Steady Regulars
C01064,0.7071,High,45.7147,113.7843,489.48,168,18,0.5,1,Champions
C02913,0.5935,Medium,45.7043,113.7583,582.96,137,3,0.5,1,Steady Regulars
C12250,0.5846,Medium,45.6248,113.5604,590.87,145,24,0.5,1,Champions
C06677,0.4214,Medium,45.6096,113.5225,819.35,147,10,0.3333,1,Champions
C07244,0.5215,Medium,45.5092,113.2728,660.69,34,3,2.0,1,Steady Regulars
C05093,0.5248,Medium,45.4865,113.2162,656.18,127,8,0.5,1,Steady Regulars
C12663,0.7971,High,45.4796,113.1989,431.96,149,1,0.5,1,Steady Regulars
C16767,0.6592,High,45.4498,113.1249,521.96,108,1,0.5,1,Steady Regulars
C07771,0.1687,Low,45.4389,113.0977,2038.86,6,18,1.3333,1,Champions
C06093,0.2843,Low,45.3831,112.9587,1208.71,59,6,1.0,1,Steady Regulars
C12772,0.4103,Medium,45.3806,112.9527,837.41,49,5,1.0,1,Steady Regulars
C01200,0.5113,Medium,45.3623,112.907,671.62,13,3,1.0,1,Steady Regulars
C15872,0.7347,High,45.3503,112.8773,467.32,244,15,1.0,1,Champions
C06801,0.49,Medium,45.3416,112.8554,700.53,33,7,1.0,1,Champions
C08273,0.3691,Medium,45.334,112.8367,929.78,104,14,0.3333,1,Champions
C09916,0.1212,Low,45.3234,112.8101,2830.32,36,18,1.5,1,Champions
C11290,0.9352,High,45.2949,112.7392,366.69,253,10,1.0,1,Champions
C06162,0.8999,High,45.2882,112.7226,380.99,358,1,1.0,1,Steady Regulars
C15756,0.3365,Medium,45.2798,112.7018,1018.65,102,25,0.2,1,Champions
C13112,0.3295,Medium,45.2759,112.6921,1040.15,99,11,0.25,1,Champions
C06220,0.2817,Low,45.2612,112.6553,1216.23,29,8,1.0,1,Champions
C08000,0.4638,Medium,45.2434,112.6111,738.49,133,8,0.3333,1,Steady Regulars
C03664,0.5853,Medium,45.2237,112.5619,584.93,52,1,2.0,1,Steady Regulars
C12781,0.8515,High,45.2086,112.5244,401.95,278,5,1.0,1,Steady Regulars
C01172,0.8912,High,45.1958,112.4926,383.95,297,12,1.0,1,Champions
C07522,0.8724,High,45.1657,112.4177,391.97,205,1,1.0,1,Steady Regulars
C06559,0.4491,Medium,45.1531,112.3864,761.14,147,16,0.25,1,Champions
C04735,0.7682,High,45.1481,112.374,444.93,226,5,1.0,1,Steady Regulars
C09121,0.3946,Medium,45.1357,112.3431,865.87,28,6,1.5,1,Steady Regulars
C15209,0.7963,High,45.1217,112.3081,428.97,224,1,1.0,1,Steady Regulars
C00057,0.809,High,45.0917,112.2336,421.96,359,3,1.0,1,Steady Regulars
C12819,0.1539,Low,45.0716,112.1836,2216.94,58,29,0.5,1,Champions
C04123,0.5087,Medium,45.0553,112.143,670.52,83,9,2.0,1,Champions
C01907,0.3333,Medium,45.052,112.1346,1023.42,22,11,1.0,1,Champions
C05909,0.7527,High,45.0318,112.0845,452.92,210,13,1.0,1,Champions
C09581,0.2223,Low,45.0181,112.0504,1533.2,1,14,2.5,1,Champions
C10324,0.8416,High,45.0174,112.0487,404.94,242,4,1.0,1,Steady Regulars
C16883,0.8686,High,45.0158,112.0446,392.34,320,5,1.0,1,Steady Regulars
C14035,0.3095,Medium,44.9941,111.9906,1100.58,93,13,0.3333,1,Champions
C09485,0.772,High,44.9653,111.9188,440.98,187,2,1.0,1,Steady Regulars
C12449,0.3245,Medium,44.9509,111.883,1048.83,106,16,0.5,1,Champions
C15191,0.1469,Low,44.9508,111.8829,2316.92,40,19,2.0,1,Champions
C17941,0.7511,High,44.9407,111.8577,452.99,64,1,2.0,1,Steady Regulars
C05402,0.7175,High,44.9201,111.8064,473.98,95,1,0.5,1,Steady Regulars
C12593,0.5878,Medium,44.9181,111.8015,578.56,81,4,2.0,1,Steady Regulars
C07723,0.2197,Low,44.9124,111.7872,1547.49,36,11,2.0,1,Champions
C04850,0.2827,Low,44.8697,111.6808,1201.46,10,9,2.5,1,Champions
C13076,0.5746,Medium,44.8214,111.5607,590.55,22,1,2.0,1,Steady Regulars
C09081,0.8702,High,44.8212,111.5603,389.93,257,5,1.0,1,Steady Regulars
C14783,0.3497,Medium,44.817,111.5499,970.32,40,7,1.0,1,Champions
C14660,0.2419,Low,44.7583,111.4036,1400.85,76,6,0.6667,1,Steady Regulars
C07618,0.4176,Medium,44.731,111.3358,810.95,92,5,0.3333,1,Steady Regulars
C05231,0.8281,High,44.7295,111.332,408.91,236,7,1.0,1,Steady Regulars
C04334,0.346,Medium,44.7105,111.2848,978.4,53,2,1.0,1,Steady Regulars
C04217,0.8693,High,44.6624,111.165,388.97,298,1,1.0,1,Steady Regulars
C06812,0.4384,Medium,44.6392,111.1072,770.89,117,6,0.3333,1,Steady Regulars
C12363,0.8621,High,44.6339,111.094,391.98,352,1,1.0,1,Steady Regulars
C01760,0.5387,Medium,44.6136,111.0436,626.96,76,4,3.0,1,Steady Regulars
C00046,0.3098,Medium,44.6102,111.035,1090.27,17,4,4.0,1,Steady Regulars
C14474,0.6891,High,44.5941,110.995,489.94,111,1,0.5,1,Steady Regulars
C15733,0.2385,Low,44.5891,110.9825,1415.13,38,13,1.0,1,Champions
C00323,0.8588,High,44.5745,110.9461,392.96,365,1,1.0,1,Steady Regulars
C17795,0.7515,High,44.5634,110.9185,448.96,74,1,2.0,1,Steady Regulars
C17220,0.8379,High,44.5291,110.8331,402.34,239,1,1.0,1,Deal Hunters
C13620,0.2939,Low,44.4537,110.6456,1144.95,29,9,0.5,1,Champions
C04057,0.338,Medium,44.4388,110.6084,995.3,17,6,4.0,1,Champions
C07166,0.7131,High,44.4337,110.5957,471.76,33,1,2.0,1,Deal Hunters
C14475,0.1656,Low,44.4195,110.5603,2030.84,26,19,2.0,1,Champions
C16152,0.2242,Low,44.3624,110.4182,1498.23,2,12,1.5,1,Champions
C14592,0.4223,Medium,44.3395,110.3612,794.91,50,8,0.75,1,Steady Regulars
C17830,0.2183,Low,44.3328,110.3446,1537.42,33,7,0.75,1,Champions
C12508,0.6449,High,44.2903,110.2388,519.96,65,2,2.0,1,Steady Regulars
C16822,0.4154,Medium,44.246,110.1286,806.43,39,4,0.6667,1,Steady Regulars
C05389,0.7231,High,44.2183,110.0597,462.96,221,3,1.0,1,Steady Regulars
C03427,0.2328,Low,44.2135,110.0478,1438.0,30,8,1.0,1,Champions
C15421,0.8477,High,44.1943,110.0,394.71,238,1,1.0,1,Deal Hunters
C01113,0.6451,High,44.1838,109.9738,518.53,177,5,0.5,1,Steady Regulars
C03113,0.2196,Low,44.169,109.9368,1522.9,15,10,2.0,1,Champions
C12345,0.1863,Low,44.1158,109.8045,1793.05,20,13,2.0,1,Champions
C13120,0.1393,Low,44.112,109.7951,2397.0,76,39,1.3333,1,Champions
C12317,0.2569,Low,44.0883,109.7361,1299.08,47,12,2.5,1,Champions
C05623,0.3581,Medium,44.0846,109.7267,931.88,57,7,1.0,1,Steady Regulars
C14551,0.2714,Low,44.0667,109.6824,1229.05,20,5,1.0,1,Steady Regulars
C00167,0.3294,Medium,44.0651,109.6784,1012.9,13,12,3.0,1,Champions
C10987,0.3416,Medium,44.065,109.678,976.64,11,7,4.0,1,Champions
C17789,0.6632,High,44.0579,109.6605,502.97,114,1,0.5,1,Steady Regulars
C00930,0.3122,Medium,44.0283,109.5867,1067.51,31,10,0.6667,1,Champions
C17244,0.8374,High,44.0156,109.5552,397.95,260,4,1.0,1,Steady Regulars
C16032,0.3265,Medium,43.9956,109.5054,1020.18,84,6,0.6667,1,Steady Regulars
C04606,0.3567,Medium,43.9603,109.4173,932.93,55,9,0.75,1,Champions
C04074,0.2464,Low,43.9576,109.4107,1350.75,43,11,0.6667,1,Champions
C03845,0.5924,Medium,43.9402,109.3675,561.51,111,3,0.3333,1,Steady Regulars
C14481,0.3621,Medium,43.94,109.3669,918.61,94,10,0.5,1,Champions
C01966,0.2695,Low,43.9233,109.3254,1233.78,6,8,0.5,1,Champions
C02705,0.0952,Low,43.9156,109.3063,3491.73,1,13,0.8,1,Champions
C10369,0.7396,High,43.915,109.3046,449.51,214,3,1.0,1,Deal Hunters
C15180,0.5351,Medium,43.8879,109.2372,620.93,132,6,0.5,1,Steady Regulars
C02582,0.1824,Low,43.8718,109.1972,1821.16,34,19,0.4,1,Champions
C07013,0.2046,Low,43.8661,109.183,1623.11,32,16,0.5,1,Champions
C11546,0.1857,Low,43.8361,109.1083,1787.38,50,19,0.6667,1,Champions
C12887,0.8095,High,43.8348,109.105,409.96,2,1,2.0,1,New & Promising
C08960,0.1496,Low,43.83,109.0932,2218.57,11,18,0.3333,1,Champions
C16963,0.6795,High,43.7969,109.0106,487.96,106,1,0.5,1,Steady Regulars
C01920,0.1659,Low,43.795,109.006,1998.06,53,19,1.5,1,Champions
C16200,0.4809,Medium,43.7746,108.9553,689.09,19,4,1.5,1,Steady Regulars
C17800,0.1718,Low,43.7425,108.8753,1927.2,75,24,0.3333,1,Champions
C13740,0.2692,Low,43.6938,108.7541,1228.82,20,5,2.0,1,Champions
C09414,0.598,Medium,43.6591,108.6679,552.75,180,3,0.5,1,Steady Regulars
C00957,0.1261,Low,43.6302,108.5958,2619.6,13,19,2.5,1,Champions
C08361,0.7402,High,43.5843,108.4816,445.75,217,3,1.0,1,Steady Regulars
C10972,0.3403,Medium,43.5504,108.3971,968.75,62,7,2.0,1,Steady Regulars
C12416,0.368,Medium,43.5382,108.367,895.71,65,11,1.0,1,Champions
C04701,0.635,High,43.5284,108.3426,518.93,101,3,0.3333,1,Steady Regulars
C06428,0.8728,High,43.517,108.3141,377.46,284,2,1.0,1,Steady Regulars
C08473,0.3554,Medium,43.5065,108.288,926.82,60,5,2.0,1,Steady Regulars
C08222,0.6876,High,43.4897,108.2461,478.84,118,1,0.5,1,Steady Regulars
C15886,0.3886,Medium,43.4738,108.2064,846.93,59,11,1.0,1,Champions
C13722,0.0949,Low,43.4686,108.1937,3466.71,12,18,0.4286,1,Champions
C13581,0.148,Low,43.4606,108.1738,2222.73,1,16,2.0,1,Champions
C02248,0.7246,High,43.4476,108.1412,453.95,128,1,0.5,1,Steady Regulars
C03949,0.5109,Medium,43.4409,108.1246,643.69,150,10,0.3333,1,Champions
C03329,0.2773,Low,43.4408,108.1245,1185.81,71,15,0.5,1,Champions
C01941,0.2982,Low,43.4404,108.1235,1102.85,70,4,1.5,1,Steady Regulars
C14791,0.5955,Medium,43.4219,108.0773,552.01,137,4,0.5,1,Steady Regulars
C13570,0.7254,High,43.4054,108.0364,452.99,56,1,2.0,1,Steady Regulars
C10952,0.4792,Medium,43.3646,107.9349,685.09,43,4,0.6667,1,Steady Regulars
C03408,0.8613,High,43.3418,107.8781,380.99,286,1,1.0,1,Steady Regulars
C05403,0.7666,High,43.3224,107.8297,427.84,140,1,0.5,1,Deal Hunters
C07892,0.7663,High,43.3202,107.8243,427.98,155,1,0.5,1,Steady Regulars
C05694,0.5096,Medium,43.2902,107.7497,643.12,19,5,1.0,1,Champions
C16704,0.457,Medium,43.2628,107.6813,716.72,24,9,2.0,1,Champions
C07170,0.3434,Medium,43.2516,107.6534,953.59,15,5,1.5,1,Steady Regulars
C02872,0.3051,Medium,43.2474,107.6431,1072.98,12,4,3.0,1,Steady Regulars
C09311,0.4385,Medium,43.2424,107.6307,746.52,14,4,0.6667,1,Steady Regulars
C06356,0.6371,High,43.2175,107.5687,513.55,203,9,1.0,1,Steady Regulars
C11103,0.1963,Low,43.1824,107.4812,1665.42,40,9,0.5,1,Champions
C01222,0.3265,Medium,43.1798,107.4747,1001.15,36,10,1.0,1,Champions
C10901,0.5124,Medium,43.1764,107.4663,637.94,68,4,1.5,1,Steady Regulars
C12751,0.3868,Medium,43.1745,107.4616,845.06,13,8,1.5,1,Champions
C09904,0.3194,Medium,43.1694,107.449,1023.13,96,41,0.25,1,Champions
C03663,0.0463,Low,43.1563,107.4164,7056.54,6,42,0.4545,1,Champions
C06015,0.2627,Low,43.1249,107.3382,1242.79,82,23,0.5,1,Champions
C11137,0.8391,High,43.1063,107.2919,388.94,258,16,1.0,1,Champions
C05618,0.1732,Low,43.0748,107.2133,1882.96,22,31,0.5,1,Champions
C07498,0.2421,Low,43.0621,107.1818,1346.83,6,11,6.0,1,Champions
C06369,0.8276,High,43.0507,107.1536,393.82,364,3,1.0,1,Steady Regulars
C00621,0.1976,Low,42.9764,106.9684,1646.42,5,15,2.0,1,Champions
C06332,0.249,Low,42.9511,106.9055,1305.84,5,9,4.0,1,Champions
C17533,0.9883,High,42.9398,106.8774,328.94,361,20,1.0,1,Champions
C01310,0.1622,Low,42.9237,106.8373,2003.82,44,20,2.0,1,Champions
C17631,0.2789,Low,42.8704,106.7046,1163.78,106,22,0.25,1,Champions
C00386,0.9143,High,42.8673,106.697,354.97,318,1,1.0,1,Steady Regulars
C17062,0.2531,Low,42.84,106.6289,1281.35,14,14,1.3333,1,Champions
C09383,0.1934,Low,42.8294,106.6026,1676.8,35,8,0.3333,1,Champions
C05798,0.386,Medium,42.819,106.5766,839.88,56,7,0.6667,1,Champions
C08541,0.1116,Low,42.7829,106.4869,2901.28,50,23,2.0,1,Champions
C01859,0.1488,Low,42.7744,106.4657,2176.19,36,20,0.5,1,Champions
C05146,0.5355,Medium,42.7708,106.4568,604.7,43,5,2.0,1,Champions
C09470,0.4719,Medium,42.7558,106.4195,685.92,13,2,2.0,1,Steady Regulars
C12139,0.1753,Low,42.7052,106.2936,1844.53,52,20,1.0,1,Champions
C07193,0.2226,Low,42.6979,106.2752,1452.16,33,8,4.0,1,Steady Regulars
C01651,0.3571,Medium,42.6894,106.2542,905.08,30,9,1.0,1,Champions
C15158,0.2482,Low,42.6761,106.2211,1301.87,90,23,0.2857,1,Champions
C09557,0.2436,Low,42.6711,106.2086,1325.96,17,8,1.0,1,Champions
C17037,0.3033,Medium,42.6616,106.1849,1064.85,21,7,3.0,1,Champions
C04826,0.4688,Medium,42.6498,106.1555,688.74,30,6,3.0,1,Steady Regulars
C15274,0.1218,Low,42.6391,106.1291,2649.98,16,15,1.2,1,Champions
C16662,0.807,High,42.6333,106.1146,399.96,102,1,0.5,1,Steady Regulars
C02160,0.4122,Medium,42.63,106.1063,783.03,112,5,0.25,1,Steady Regulars
C05514,0.8492,High,42.6192,106.0793,379.96,213,1,1.0,1,Steady Regulars
C11635,0.2214,Low,42.5648,105.944,1455.8,47,18,0.2222,1,Champions
C08983,0.2822,Low,42.5583,105.9278,1141.63,34,9,0.6,1,Champions
C12609,0.3965,Medium,42.5256,105.8464,812.03,18,4,3.0,1,Steady Regulars
C11212,0.6491,High,42.5237,105.8418,495.94,95,2,0.5,1,Steady Regulars
C12815,0.7575,High,42.4997,105.782,424.73,137,1,0.5,1,Steady Regulars
C00432,0.3,Low,42.4642,105.6937,1071.64,13,6,2.0,1,Champions
C10455,0.2783,Low,42.4154,105.5723,1153.66,10,12,1.3333,1,Champions
C05957,0.373,Medium,42.4147,105.5704,860.87,48,7,3.0,1,Steady Regulars
C17899,0.8036,High,42.4133,105.567,399.58,40,1,2.0,1,Deal Hunters
C17604,0.5608,Medium,42.4115,105.5624,572.59,37,4,0.6667,1,Steady Regulars
C02844,0.8586,High,42.3813,105.4873,373.71,284,10,1.0,1,Steady Regulars
C13708,0.4898,Medium,42.3698,105.4586,654.93,77,6,1.0,1,Champions
C02619,0.3541,Medium,42.3198,105.3342,904.68,89,12,2.0,1,Champions
C10641,0.61,High,42.2183,105.0817,523.96,4,1,2.0,1,New & Promising
C05275,0.8388,High,42.2117,105.0651,380.99,265,1,1.0,1,Steady Regulars
C14910,0.3841,Medium,42.2057,105.0501,831.92,77,11,2.0,1,Champions
C09523,0.2515,Low,42.1189,104.8343,1267.96,23,11,1.0,1,Champions
C03001,0.4236,Medium,42.1075,104.8057,752.49,23,5,0.6667,1,Champions
C14935,0.5428,Medium,42.0597,104.6867,586.63,132,8,0.5,1,Champions
C10489,0.1057,Low,42.0546,104.6741,3011.09,30,20,0.4,1,Champions
C16148,0.1909,Low,42.0391,104.6355,1667.35,9,17,0.5,1,Champions
C00297,0.4816,Medium,42.0279,104.6076,660.67,144,13,0.5,1,Champions
C06664,0.3945,Medium,42.0189,104.5854,806.37,80,4,1.0,1,Steady Regulars
C14865,0.4889,Medium,42.001,104.5408,650.37,128,12,0.3333,1,Champions
C12114,0.7241,High,41.983,104.4959,438.97,61,1,2.0,1,Steady Regulars
C11874,0.5349,Medium,41.9595,104.4375,593.9,110,7,0.25,1,Steady Regulars
C10293,0.6265,High,41.9498,104.4132,506.95,184,9,1.0,1,Champions
C11933,0.2178,Low,41.9299,104.3639,1457.77,47,12,0.6667,1,Champions
C12760,0.3946,Medium,41.9078,104.3087,804.03,58,4,0.6667,1,Steady Regulars
C10662,0.4522,Medium,41.863,104.1974,700.93,68,7,0.6667,1,Steady Regulars
C08149,0.1491,Low,41.8437,104.1493,2124.32,8,15,1.0,1,Champions
C15289,0.8102,High,41.8423,104.1458,390.97,169,1,0.5,1,Deal Hunters
C05898,0.2276,Low,41.832,104.1202,1391.49,47,7,1.0,1,Steady Regulars
C14420,0.7192,High,41.8299,104.115,440.33,198,2,1.0,1,Steady Regulars
C09480,0.23,Low,41.8255,104.1038,1376.78,13,7,0.6667,1,Champions
C10144,0.3424,Medium,41.7906,104.0169,923.91,58,4,0.6667,1,Steady Regulars
C03990,0.5459,Medium,41.7474,103.9094,578.96,5,3,2.0,1,Steady Regulars
C00924,0.6338,High,41.6877,103.7609,497.93,228,7,1.0,1,Steady Regulars
C16357,0.2027,Low,41.6621,103.6972,1556.2,20,9,1.0,1,Champions
C11280,0.6752,High,41.6474,103.6606,466.96,194,4,1.0,1,Steady Regulars
C17494,0.2242,Low,41.6034,103.5512,1404.76,18,5,4.0,1,Champions
C12750,0.8267,High,41.595,103.5302,380.94,247,5,1.0,1,Steady Regulars
C15034,0.0625,Low,41.5946,103.5293,5036.63,17,24,1.2222,1,Champions
C13676,0.2078,Low,41.5899,103.5176,1514.89,72,22,2.0,1,Champions
C10971,0.2688,Low,41.5775,103.4865,1170.89,76,13,1.0,1,Champions
C12112,0.3453,Medium,41.5398,103.3927,910.85,15,10,1.5,1,Champions
C09123,0.6763,High,41.5354,103.3818,464.97,108,1,0.5,1,Steady Regulars
C14728,0.2491,Low,41.5258,103.358,1261.93,19,10,1.5,1,Champions
C09038,0.3613,Medium,41.5146,103.3301,869.89,12,5,4.0,1,Champions
C00083,0.6185,High,41.5081,103.314,508.05,129,3,0.5,1,Steady Regulars
C03967,0.8632,High,41.4999,103.2934,363.97,304,1,1.0,1,Steady Regulars
C10721,0.7577,High,41.4907,103.2707,414.57,297,1,1.0,1,Deal Hunters
C13487,0.5624,Medium,41.4846,103.2553,558.4,43,1,2.0,1,Steady Regulars
C09357,0.2127,Low,41.4726,103.2256,1476.32,24,6,1.0,1,Champions
C04116,0.6696,High,41.4486,103.1659,468.66,130,2,0.5,1,Steady Regulars
C08510,0.8863,High,41.4389,103.1418,353.98,272,4,1.0,1,Steady Regulars
C00272,0.1271,Low,41.4169,103.0869,2467.92,21,21,1.3333,1,Champions
C07442,0.1405,Low,41.4142,103.0803,2231.53,61,51,0.75,1,Champions
C00757,0.2772,Low,41.403,103.0523,1130.83,76,10,1.0,1,Champions
C06478,0.8588,High,41.3977,103.039,364.96,295,2,1.0,1,Steady Regulars
C12329,0.8119,High,41.39,103.02,385.97,247,2,1.0,1,Steady Regulars
C08206,0.8236,High,41.3788,102.992,380.38,198,1,1.0,1,Steady Regulars
C13010,0.8505,High,41.3359,102.8853,367.95,274,1,1.0,1,Steady Regulars
C02640,0.0571,Low,41.3267,102.8623,5479.11,39,29,0.4444,1,Champions
C04147,0.5137,Medium,41.3131,102.8286,608.87,100,4,0.3333,1,Steady Regulars
C03634,0.3156,Medium,41.3108,102.8229,990.9,38,8,2.0,1,Champions
C05177,0.1696,Low,41.3101,102.8211,1843.58,10,9,1.0,1,Champions
C14083,0.2504,Low,41.2932,102.779,1248.4,38,10,2.0,1,Champions
C09008,0.1788,Low,41.2918,102.7755,1748.44,4,23,1.5,1,Champions
C11630,0.3273,Medium,41.2218,102.6014,953.4,34,7,1.5,1,Champions
C13940,0.2749,Low,41.1934,102.5306,1134.3,33,16,1.3333,1,Champions
C10037,0.1341,Low,41.1828,102.5043,2325.73,5,23,1.1667,1,Champions
C16782,0.9195,High,41.1699,102.4721,338.99,340,1,1.0,1,Steady Regulars
C05289,0.1923,Low,41.1506,102.4241,1620.23,26,15,2.0,1,Champions
C04666,0.7983,High,41.1427,102.4045,390.16,126,1,0.5,1,Deal Hunters
C13885,0.5408,Medium,41.1414,102.4013,575.95,11,6,1.0,1,Champions
C02527,0.5183,Medium,41.1398,102.3971,600.91,10,4,2.0,1,Steady Regulars
C12335,0.1459,Low,41.1142,102.3336,2133.14,22,14,1.6667,1,Champions
C11423,0.1922,Low,41.1042,102.3087,1618.84,6,10,1.5,1,Champions
C07067,0.1985,Low,41.1011,102.3009,1567.65,19,17,1.3333,1,Champions
C12925,0.8078,High,41.0719,102.2282,384.93,218,1,1.0,1,Steady Regulars
C03254,0.2476,Low,41.0704,102.2245,1255.89,18,9,0.6667,1,Champions
C07250,0.6863,High,41.0671,102.2163,452.99,76,1,2.0,1,Steady Regulars
C08915,0.296,Low,41.0437,102.1581,1049.79,20,7,3.0,1,Champions
C11795,0.424,Medium,40.9943,102.0351,731.9,59,6,1.0,1,Steady Regulars
C15921,0.616,High,40.9894,102.0229,503.78,166,9,0.5,1,Champions
C15211,0.8431,High,40.9788,101.9964,367.97,262,1,1.0,1,Steady Regulars
C14045,0.2272,Low,40.9646,101.9612,1365.24,18,13,3.0,1,Champions
C12744,0.783,High,40.9516,101.9287,395.97,156,1,0.5,1,Steady Regulars
C05554,0.1629,Low,40.9376,101.8938,1902.03,33,24,0.5,1,Champions
C10257,0.6622,High,40.9303,101.8759,467.94,165,2,0.5,1,Steady Regulars
C10758,0.7845,High,40.9273,101.8683,394.98,165,1,0.5,1,Steady Regulars
C17770,0.375,Medium,40.9156,101.8392,825.92,57,3,2.0,1,Steady Regulars
C01326,0.89,High,40.9062,101.8158,347.98,356,1,1.0,1,Deal Hunters
C12921,0.4235,Medium,40.9038,101.8099,731.27,34,3,3.0,1,Steady Regulars
C16991,0.7052,High,40.8857,101.7647,438.96,54,1,2.0,1,Steady Regulars
C13065,0.1263,Low,40.8757,101.74,2449.66,25,14,0.6,1,Champions
C09975,0.8809,High,40.8372,101.644,350.96,251,1,1.0,1,Steady Regulars
C02475,0.5381,Medium,40.8325,101.6323,574.53,152,7,0.5,1,Steady Regulars
C06867,0.6814,High,40.7728,101.4836,452.99,15,1,2.0,1,Steady Regulars
C16291,0.9298,High,40.7709,101.4791,331.98,312,1,1.0,1,Steady Regulars
C17166,0.3166,Medium,40.705,101.3151,973.33,41,2,1.0,1,Deal Hunters
C16897,0.2706,Low,40.7031,101.3102,1138.83,68,19,1.5,1,Champions
C04276,0.8257,High,40.6896,101.2766,373.06,32,1,2.0,1,Deal Hunters
C16859,0.925,High,40.6758,101.2422,332.93,276,18,1.0,1,Champions
C09982,0.1088,Low,40.6719,101.2327,2829.2,31,18,0.3333,1,Champions
C16262,0.9164,High,40.6674,101.2213,335.97,361,1,1.0,1,Steady Regulars
C16339,0.2496,Low,40.648,101.1732,1232.81,2,9,1.0,1,Champions
C14653,0.9132,High,40.6475,101.1719,336.97,308,1,1.0,1,Steady Regulars
C03009,0.258,Low,40.6414,101.1567,1192.73,37,15,0.6667,1,Champions
C04344,0.2536,Low,40.629,101.1258,1212.89,70,15,1.5,1,Champions
C01436,0.2549,Low,40.6234,101.1119,1206.57,83,22,0.5,1,Champions
C14235,0.8427,High,40.6225,101.1098,364.96,300,7,1.0,1,Steady Regulars
C11365,0.761,High,40.6058,101.068,403.94,123,1,0.5,1,Steady Regulars
C10482,0.8351,High,40.5882,101.0242,367.98,215,1,1.0,1,Steady Regulars
C16047,0.6336,High,40.5864,101.0198,484.92,166,4,0.5,1,Steady Regulars
C12503,0.1792,Low,40.5817,101.008,1714.23,13,15,2.0,1,Champions
C04317,0.7269,High,40.5716,100.983,422.57,137,1,0.5,1,Deal Hunters
C13329,0.312,Medium,40.5543,100.9399,983.92,10,5,1.5,1,Steady Regulars
C04516,0.198,Low,40.5368,100.8962,1550.28,3,16,1.3333,1,Champions
C10483,0.6613,High,40.5264,100.8704,463.97,191,5,1.0,1,Steady Regulars
C15398,0.7464,High,40.52,100.8545,410.98,205,16,1.0,1,Champions
C16815,0.9046,High,40.5069,100.822,338.99,299,1,1.0,1,Steady Regulars
C07602,0.6108,High,40.4985,100.8009,501.96,147,24,0.3333,1,Champions
C11328,0.3334,Medium,40.4625,100.7113,918.88,108,15,0.5,1,Champions
C08194,0.7811,High,40.4401,100.6556,391.98,229,5,1.0,1,Steady Regulars
C04866,0.4534,Medium,40.4142,100.5913,674.89,102,8,0.3333,1,Champions
C00596,0.2119,Low,40.4023,100.5616,1443.15,21,13,5.0,1,Champions
C09143,0.5112,Medium,40.4022,100.5613,598.37,99,5,0.3333,1,Steady Regulars
C04934,0.8057,High,40.3899,100.5306,379.51,287,8,1.0,1,Steady Regulars
C05201,0.7091,High,40.3632,100.4643,430.93,177,3,0.5,1,Steady Regulars
C14226,0.315,Medium,40.3626,100.4627,970.18,9,9,1.0,1,Champions
C01970,0.4694,Medium,40.3617,100.4606,650.93,46,2,2.0,1,Steady Regulars
C12049,0.2595,Low,40.3376,100.4005,1176.75,71,15,0.6667,1,Champions
C15058,0.815,High,40.33,100.3817,374.62,228,6,1.0,1,Steady Regulars
C07791,0.3697,Medium,40.3213,100.3599,825.66,106,7,0.25,1,Steady Regulars
C13475,0.786,High,40.3205,100.3581,388.37,335,2,1.0,1,Steady Regulars
C14596,0.797,High,40.314,100.3418,382.96,262,5,1.0,1,Steady Regulars
C10459,0.4482,Medium,40.3072,100.3247,680.9,96,9,0.3333,1,Champions
C12510,0.6547,High,40.2961,100.2972,465.95,40,1,2.0,1,Steady Regulars
C02744,0.2772,Low,40.2275,100.1265,1098.81,12,10,1.0,1,Champions
C14458,0.5084,Medium,40.2201,100.1082,598.94,70,4,2.0,1,Steady Regulars
C13698,0.4961,Medium,40.2149,100.0952,613.68,118,5,0.5,1,Steady Regulars
C15753,0.8317,High,40.1997,100.0572,365.94,254,2,1.0,1,Steady Regulars
C17451,0.8569,High,40.1773,100.0014,354.97,249,3,1.0,1,Steady Regulars
C08534,0.2999,Low,40.156,99.9485,1013.69,20,7,0.5,1,Champions
C12930,0.7774,High,40.1493,99.932,390.98,228,2,1.0,1,Steady Regulars
C01130,0.9373,High,40.1102,99.8345,323.98,327,1,1.0,1,Steady Regulars
C08347,0.1032,Low,40.0917,99.7886,2940.09,23,20,0.375,1,Champions
C03023,0.644,High,40.078,99.7543,471.12,190,6,1.0,1,Steady Regulars
C16159,0.7658,High,40.0533,99.693,395.97,122,1,0.5,1,Steady Regulars
C15312,0.8379,High,40.0503,99.6854,361.88,33,1,2.0,1,Deal Hunters
C11782,0.6138,High,40.047,99.6772,493.94,140,3,0.5,1,Steady Regulars
C02670,0.8381,High,40.0456,99.6737,361.76,353,1,1.0,1,Steady Regulars
C08422,0.2058,Low,40.0149,99.5974,1472.09,4,5,4.0,1,Champions
C01564,0.2051,Low,40.006,99.5752,1476.57,47,8,1.5,1,Champions
C13051,0.1578,Low,40.0025,99.5665,1918.81,14,14,1.5,1,Champions
C03705,0.8847,High,39.9566,99.4522,341.93,268,17,1.0,1,Champions
C15492,0.4837,Medium,39.9552,99.4487,625.39,130,16,0.3333,1,Champions
C02766,0.541,Medium,39.9523,99.4416,559.06,33,2,2.0,1,Deal Hunters
C01205,0.5632,Medium,39.9416,99.4149,536.94,64,2,2.0,1,Steady Regulars
C12764,0.7809,High,39.9116,99.3403,386.92,210,3,1.0,1,Steady Regulars
C12643,0.5226,Medium,39.896,99.3014,577.94,71,2,2.0,1,Steady Regulars
C10552,0.2502,Low,39.8738,99.2461,1206.43,30,8,1.0,1,Steady Regulars
C17985,0.1193,Low,39.8621,99.217,2529.92,26,14,1.0,1,Champions
C06455,0.2854,Low,39.8421,99.1673,1057.05,36,16,4.0,1,Champions
C01065,0.9215,High,39.8001,99.0627,326.97,294,1,1.0,1,Steady Regulars
C03107,0.1412,Low,39.7697,98.9871,2131.7,71,23,1.0,1,Champions
C14822,0.3133,Medium,39.7416,98.9171,960.3,60,3,1.0,1,Steady Regulars
C00496,0.2443,Low,39.7403,98.9139,1231.61,77,21,0.75,1,Champions
C06545,0.4922,Medium,39.7181,98.8586,610.95,68,3,2.0,1,Steady Regulars
C17431,0.4152,Medium,39.687,98.7812,723.73,17,7,1.0,1,Steady Regulars
C07944,0.2806,Low,39.6821,98.7691,1070.66,5,8,4.0,1,Champions
C16331,0.2978,Low,39.6416,98.6681,1007.87,41,13,1.0,1,Champions
C12554,0.1196,Low,39.635,98.6518,2508.48,37,18,1.3333,1,Champions
C04672,0.3485,Medium,39.6281,98.6346,860.89,48,4,3.0,1,Steady Regulars
C04611,0.439,Medium,39.6219,98.6191,683.26,33,6,3.0,1,Champions
C13671,0.655,High,39.6092,98.5875,457.85,180,4,0.5,1,Steady Regulars
C10314,0.2796,Low,39.5862,98.5302,1071.82,17,12,0.75,1,Champions
C10398,0.9431,High,39.5822,98.5202,317.76,352,12,1.0,1,Champions
C15841,0.6885,High,39.5816,98.519,435.22,186,13,1.0,1,Champions
C02549,0.5192,Medium,39.5464,98.4311,576.7,116,4,0.3333,1,Steady Regulars
C09218,0.3598,Medium,39.545,98.4278,832.04,27,11,1.0,1,Champions
C04084,0.1754,Low,39.4982,98.3111,1704.36,12,15,0.6,1,Champions
C06862,0.8584,High,39.4703,98.2417,348.13,297,4,1.0,1,Steady Regulars
C14887,0.3965,Medium,39.459,98.2138,753.46,13,8,1.0,1,Champions
C11606,0.7277,High,39.4204,98.1177,410.13,191,4,1.0,1,Steady Regulars
C17131,0.7325,High,39.4164,98.1076,407.36,175,27,0.5,1,Champions
C10938,0.2537,Low,39.412,98.0966,1176.07,57,16,3.0,1,Champions
C12385,0.888,High,39.4075,98.0854,335.98,288,1,1.0,1,Steady Regulars
C11125,0.7581,High,39.3971,98.0595,393.42,196,4,1.0,1,Steady Regulars
C02460,0.2407,Low,39.3478,97.9369,1237.35,93,16,0.25,1,Champions
C03019,0.3441,Medium,39.3216,97.8717,865.1,17,5,1.5,1,Steady Regulars
C12304,0.729,High,39.284,97.7781,407.99,160,1,0.5,1,Steady Regulars
C05084,0.8005,High,39.2753,97.7566,371.43,133,1,0.5,1,Deal Hunters
C08148,0.5073,Medium,39.2713,97.7465,586.09,118,6,0.5,1,Steady Regulars
C05328,0.0753,Low,39.2673,97.7365,3946.68,27,25,0.8333,1,Champions
C13453,0.2388,Low,39.2149,97.6062,1243.35,24,11,2.0,1,Champions
C11013,0.6614,High,39.2067,97.5857,448.8,186,14,1.0,1,Champions
C17823,0.4497,Medium,39.1983,97.5648,659.97,130,10,0.3333,1,Champions
C13526,0.3702,Medium,39.1935,97.5529,801.6,100,16,0.3333,1,Champions
C09949,0.7638,High,39.1814,97.5228,388.34,269,1,1.0,1,Steady Regulars
C08615,0.1358,Low,39.1673,97.4876,2184.04,80,35,0.75,1,Champions
C02859,0.0583,Low,39.1638,97.4789,5088.3,14,25,0.75,1,Champions
C01125,0.2465,Low,39.143,97.4272,1202.06,15,10,1.3333,1,Champions
C10836,0.3936,Medium,39.1406,97.4213,752.87,97,4,0.25,1,Steady Regulars
C14065,0.5656,Medium,39.1388,97.4167,523.89,122,5,0.5,1,Steady Regulars
C05217,0.7839,High,39.1375,97.4134,377.97,10,1,2.0,1,New & Promising
C11430,0.8869,High,39.1222,97.3755,333.96,239,1,1.0,1,Steady Regulars
C16180,0.866,High,39.1193,97.3681,341.97,279,1,1.0,1,Steady Regulars
C15397,0.3251,Medium,39.1175,97.3637,910.92,55,3,1.5,1,Steady Regulars
C11894,0.4942,Medium,39.0939,97.3049,598.92,21,3,2.0,1,Steady Regulars
C04831,0.1598,Low,39.0904,97.2962,1852.23,17,16,1.3333,1,Champions
C05137,0.2186,Low,39.0627,97.2273,1353.02,14,12,5.0,1,Champions
C09113,0.972,High,39.0225,97.1272,303.93,248,26,1.0,1,Champions
C00468,0.3435,Medium,39.0114,97.0996,859.83,105,18,0.25,1,Champions
C15380,0.7894,High,38.9952,97.0594,373.97,224,3,1.0,1,Steady Regulars
C12279,0.1568,Low,38.9695,96.9953,1881.08,50,19,0.5,1,Champions
C11647,0.1457,Low,38.9682,96.9922,2024.84,4,6,1.0,1,Champions
C07016,0.8815,High,38.8887,96.7942,333.98,250,1,1.0,1,Steady Regulars
C06890,0.4791,Medium,38.8875,96.7912,614.52,153,8,0.25,1,Champions
C16537,0.793,High,38.8583,96.7186,370.98,161,1,0.5,1,Steady Regulars
C04272,0.3855,Medium,38.8453,96.6862,762.92,57,6,2.0,1,Steady Regulars
C04059,0.1209,Low,38.8395,96.6717,2431.28,12,15,0.75,1,Champions
C16628,0.3796,Medium,38.8331,96.6558,774.48,76,10,1.5,1,Champions
C16793,0.5729,Medium,38.8172,96.6161,512.96,51,1,2.0,1,Steady Regulars
C13099,0.5419,Medium,38.8051,96.5861,542.16,129,4,0.3333,1,Steady Regulars
C06738,0.213,Low,38.7931,96.5564,1378.89,34,8,0.75,1,Champions
C04749,0.2561,Low,38.7872,96.5417,1146.41,13,11,2.0,1,Champions
C17555,0.6673,High,38.7798,96.5231,439.95,206,6,1.0,1,Steady Regulars
C04566,0.7974,High,38.7547,96.4608,367.97,177,1,0.5,1,Steady Regulars
C10018,0.6624,High,38.7535,96.4578,442.95,20,1,2.0,1,Steady Regulars
C07436,0.8055,High,38.725,96.3869,363.95,252,9,1.0,1,Champions
C10708,0.3712,Medium,38.7216,96.3783,789.83,57,5,1.0,1,Steady Regulars
C13757,0.2972,Low,38.7148,96.3615,986.24,36,12,2.0,1,Champions
C06145,0.177,Low,38.6935,96.3083,1655.2,48,25,0.6667,1,Champions
C02324,0.7956,High,38.668,96.2449,367.97,153,1,0.5,1,Steady Regulars
C01819,0.4586,Medium,38.642,96.1802,637.9,5,2,1.0,1,Steady Regulars
C00634,0.2282,Low,38.6297,96.1497,1281.82,90,28,0.5,1,Champions
C02874,0.7674,High,38.6151,96.1133,380.93,98,1,0.5,1,Steady Regulars
C12501,0.72,High,38.6098,96.1,405.98,164,1,0.5,1,Steady Regulars
C14317,0.306,Medium,38.607,96.093,955.24,58,5,0.5,1,Champions
C07889,0.084,Low,38.5927,96.0574,3479.28,62,32,0.6667,1,Champions
C09459,0.6282,High,38.5806,96.0273,464.95,43,1,2.0,1,Steady Regulars
C11348,0.2278,Low,38.554,95.9612,1281.03,9,9,1.0,1,Champions
C14432,0.2822,Low,38.5468,95.9432,1033.95,41,2,1.0,1,Steady Regulars
C11864,0.3979,Medium,38.541,95.9287,733.24,34,7,1.0,1,Champions
C11940,0.7763,High,38.5263,95.8923,375.74,241,7,1.0,1,Steady Regulars
C13834,0.1989,Low,38.4879,95.7966,1464.81,55,16,3.0,1,Champions
C08166,0.15,Low,38.4869,95.7941,1942.73,45,28,3.0,1,Champions
C10607,0.3023,Medium,38.4743,95.7629,963.49,42,11,1.0,1,Champions
C10796,0.574,Medium,38.4638,95.7366,507.35,180,6,0.5,1,Steady Regulars
C17302,0.1364,Low,38.4458,95.6918,2134.24,39,10,0.8,1,Champions
C08909,0.3941,Medium,38.4123,95.6085,737.98,19,8,2.0,1,Champions
C11827,0.8993,High,38.3865,95.5442,323.14,288,3,1.0,1,Steady Regulars
C00494,0.109,Low,38.357,95.4708,2663.86,46,10,0.75,1,Champions
C17641,0.3536,Medium,38.3461,95.4436,820.9,12,9,1.0,1,Champions
C09848,0.2466,Low,38.3402,95.4291,1177.17,14,11,1.5,1,Champions
C09168,0.5355,Medium,38.3373,95.4219,541.96,72,6,2.0,1,Steady Regulars
C07482,0.4169,Medium,38.318,95.3736,695.92,5,3,1.0,1,Steady Regulars
C15228,0.5284,Medium,38.3124,95.3598,548.92,122,8,0.3333,1,Champions
C16305,0.7226,High,38.2752,95.2671,400.99,133,1,0.5,1,Steady Regulars
C00851,0.2491,Low,38.2573,95.2227,1162.63,79,5,1.0,1,Steady Regulars
C02989,0.0564,Low,38.2255,95.1435,5128.19,1,22,0.6667,1,Champions
C04072,0.3625,Medium,38.2253,95.143,798.26,41,10,1.0,1,Champions
C11736,0.4992,Medium,38.2251,95.1424,579.67,85,7,2.0,1,Steady Regulars
C05635,0.1737,Low,38.2073,95.0981,1665.38,22,19,1.0,1,Champions
C03909,0.2387,Low,38.1936,95.064,1211.39,13,8,1.0,1,Champions
C05941,0.478,Medium,38.1923,95.0609,604.9,141,4,0.3333,1,Steady Regulars
C15901,0.8286,High,38.1906,95.0567,348.94,272,4,1.0,1,Steady Regulars
C10098,0.7964,High,38.1817,95.0345,362.96,174,1,0.5,1,Steady Regulars
C05749,0.7354,High,38.1703,95.0062,392.94,64,1,2.0,1,Steady Regulars
C11954,0.7664,High,38.1594,94.979,376.94,3,1,2.0,1,New & Promising
C14258,0.5431,Medium,38.1591,94.9782,531.92,2,4,0.6667,1,Champions
C03297,0.2266,Low,38.1387,94.9275,1274.02,51,8,0.2857,1,Steady Regulars
C00136,0.8404,High,38.0668,94.7486,342.94,252,5,1.0,1,Steady Regulars
C02091,0.1745,Low,38.0663,94.7472,1651.45,17,26,2.0,1,Champions
C03745,0.4868,Medium,38.06,94.7317,591.95,73,6,2.0,1,Champions
C05204,0.7847,High,38.0331,94.6647,366.95,228,5,1.0,1,Steady Regulars
C07305,0.7128,High,38.0322,94.6624,403.94,61,1,2.0,1,Steady Regulars
C07103,0.3426,Medium,38.019,94.6296,840.18,24,6,1.5,1,Steady Regulars
C01015,0.2656,Low,38.0181,94.6273,1083.56,5,10,2.5,1,Champions
C15998,0.5217,Medium,38.0165,94.6234,551.64,159,10,0.5,1,Champions
C05016,0.4629,Medium,37.9604,94.4836,620.9,71,3,1.0,1,Steady Regulars
C12823,0.6974,High,37.9489,94.4549,411.97,63,1,2.0,1,Steady Regulars
C01590,0.7366,High,37.9422,94.4384,389.96,217,13,1.0,1,Champions
C01307,0.8253,High,37.9361,94.4233,347.99,9,1,2.0,1,New & Promising
C05622,0.7263,High,37.9257,94.3972,395.33,172,2,0.5,1,Steady Regulars
C17811,0.8135,High,37.9192,94.381,352.91,223,2,1.0,1,Steady Regulars
C09373,0.7419,High,37.9139,94.368,386.89,242,14,1.0,1,Champions
C02389,0.2518,Low,37.9073,94.3514,1139.82,53,13,2.0,1,Champions
C05000,0.0712,Low,37.9047,94.3449,4029.04,17,33,1.0,1,Champions
C15933,0.4839,Medium,37.8981,94.3285,592.96,93,7,0.5,1,Steady Regulars
C14492,0.1119,Low,37.8921,94.3136,2563.71,24,21,5.0,1,Champions
C14156,0.1404,Low,37.8575,94.2276,2040.65,43,25,1.5,1,Champions
C10383,0.9671,High,37.8022,94.0898,295.93,357,13,1.0,1,Champions
C03654,0.311,Medium,37.7592,93.983,919.05,12,5,4.0,1,Steady Regulars
C05394,0.2475,Low,37.7297,93.9096,1154.24,23,10,1.3333,1,Champions
C01735,0.1584,Low,37.6909,93.8128,1801.9,22,13,0.6,1,Champions
C17134,0.3439,Medium,37.6522,93.7167,828.88,6,6,0.6667,1,Champions
C05974,0.748,High,37.6486,93.7076,381.04,240,12,1.0,1,Champions
C01900,0.8311,High,37.6417,93.6905,342.87,293,3,1.0,1,Steady Regulars
C12030,0.6472,High,37.625,93.6489,440.14,185,8,1.0,1,Champions
C13461,0.2129,Low,37.6119,93.6163,1337.27,12,14,0.75,1,Champions
C12060,0.3273,Medium,37.5826,93.5434,869.34,40,5,2.0,1,Steady Regulars
C09894,0.5275,Medium,37.5419,93.4421,538.82,7,4,2.0,1,Champions
C10166,0.166,Low,37.5388,93.4342,1712.31,77,25,0.6667,1,Champions
C17983,0.7405,High,37.5358,93.4268,383.76,53,1,2.0,1,Steady Regulars
C02450,0.5444,Medium,37.5344,93.4233,521.98,101,4,0.5,1,Steady Regulars
C15176,0.7599,High,37.4372,93.1814,372.97,97,1,0.5,1,Steady Regulars
C00139,0.5868,Medium,37.4284,93.1594,482.91,166,11,0.5,1,Champions
C12430,0.7148,High,37.3778,93.0335,395.88,207,6,1.0,1,Steady Regulars
C08099,0.9461,High,37.3588,92.9862,298.95,317,6,1.0,1,Steady Regulars
C05254,0.7441,High,37.3457,92.9536,379.96,181,1,1.0,1,Steady Regulars
C14319,0.5201,Medium,37.3243,92.9003,543.34,81,6,1.0,1,Champions
C14336,0.1941,Low,37.277,92.7827,1453.87,5,3,1.5,1,Steady Regulars
C12606,0.3304,Medium,37.2708,92.7673,854.03,24,10,5.0,1,Champions
C14999,0.3094,Medium,37.2691,92.763,911.88,11,5,1.0,1,Champions
C03583,0.8554,High,37.264,92.7503,329.82,246,1,1.0,1,Steady Regulars
C02400,0.0407,Low,37.2543,92.7263,6927.66,3,79,2.0,1,Champions
C16591,0.2397,Low,37.2537,92.7246,1176.85,49,15,3.0,1,Champions
C17086,0.6658,High,37.1947,92.5778,422.92,23,1,2.0,1,Steady Regulars
C17735,0.6213,High,37.1738,92.5258,452.99,5,1,2.0,1,New & Promising
C00784,0.6929,High,37.1541,92.4768,405.94,28,1,2.0,1,Steady Regulars
C08185,0.2493,Low,37.1528,92.4735,1128.19,2,7,1.5,1,Champions
C01207,0.4786,Medium,37.1311,92.4196,587.32,50,9,1.0,1,Champions
C10832,0.9187,High,37.1289,92.414,305.98,296,4,1.0,1,Steady Regulars
C01377,0.3773,Medium,37.1239,92.4015,744.91,116,10,0.3333,1,Steady Regulars
C10336,0.5574,Medium,37.1013,92.3453,503.94,10,5,3.0,1,Steady Regulars
C03907,0.0936,Low,37.0917,92.3215,2999.41,10,17,2.0,1,Champions
C07839,0.6574,High,37.0743,92.2783,426.95,18,1,2.0,1,Steady Regulars
C07818,0.4556,Medium,37.0646,92.2541,615.94,10,2,1.0,1,Steady Regulars
C16299,0.7463,High,37.0621,92.2479,375.98,78,1,2.0,1,Steady Regulars
C03522,0.1919,Low,37.0589,92.2399,1462.23,30,16,0.5,1,Champions
C02513,0.8243,High,37.0124,92.1241,339.95,251,2,1.0,1,Steady Regulars
C11131,0.5541,Medium,37.0106,92.1197,505.72,150,5,0.3333,1,Steady Regulars
C13081,0.4357,Medium,37.0011,92.0959,642.92,111,20,0.3333,1,Champions
C14518,0.4903,Medium,36.9832,92.0514,571.08,135,9,0.5,1,Champions
C08817,0.4332,Medium,36.9706,92.0202,646.08,106,13,0.3333,1,Steady Regulars
C10240,0.5704,Medium,36.9705,92.0199,490.73,168,13,0.5,1,Champions
C14385,0.4089,Medium,36.9238,91.9036,683.65,100,10,0.3333,1,Champions
C07744,0.2217,Low,36.8977,91.8386,1259.84,39,6,1.5,1,Steady Regulars
C14576,0.4376,Medium,36.8578,91.7393,637.62,137,9,0.3333,1,Champions
C07051,0.8873,High,36.801,91.5979,313.99,288,1,1.0,1,Steady Regulars
C03872,0.1417,Low,36.7803,91.5463,1964.93,58,13,0.7143,1,Champions
C15418,0.9247,High,36.7594,91.4945,300.96,292,8,1.0,1,Steady Regulars
C01675,0.2884,Low,36.7549,91.4831,964.77,84,29,0.5,1,Champions
C11229,0.6143,High,36.7534,91.4795,452.99,49,2,2.0,1,Steady Regulars
C09596,0.0601,Low,36.747,91.4636,4629.51,22,79,0.75,1,Champions
C01167,0.3879,Medium,36.7449,91.4584,717.1,90,4,0.6667,1,Steady Regulars
C10081,0.4966,Medium,36.7321,91.4265,559.96,3,2,2.0,1,Steady Regulars
C14635,0.9086,High,36.7211,91.3989,305.96,365,1,1.0,1,Steady Regulars
C10218,0.1074,Low,36.7209,91.3984,2587.76,17,27,0.6,1,Champions
C00878,0.7394,High,36.719,91.3937,375.96,42,1,2.0,1,Steady Regulars
C11116,0.7595,High,36.7147,91.3831,365.97,124,1,0.5,1,Steady Regulars
C16460,0.1939,Low,36.6597,91.2462,1431.61,24,16,1.3333,1,Champions
C17039,0.6127,High,36.6484,91.2182,452.87,53,3,1.0,1,Steady Regulars
C09951,0.4514,Medium,36.6429,91.2043,614.6,142,12,0.5,1,Champions
C01261,0.2863,Low,36.6421,91.2024,968.78,22,10,3.0,1,Champions
C04597,0.3453,Medium,36.6288,91.1693,802.99,19,5,3.0,1,Champions
C14818,0.5525,Medium,36.6164,91.1384,501.73,103,3,0.5,1,Steady Regulars
C16431,0.8615,High,36.6112,91.1256,321.73,355,1,1.0,1,Steady Regulars
C10950,0.2345,Low,36.6057,91.1119,1181.98,45,11,0.5,1,Champions
C11947,0.3058,Medium,36.5798,91.0474,905.61,38,11,1.0,1,Champions
C05733,0.8655,High,36.5581,90.9935,319.77,308,1,1.0,1,Steady Regulars
C08884,0.1254,Low,36.5554,90.9866,2206.55,11,17,1.0,1,Champions
C07556,0.719,High,36.5427,90.9551,384.76,188,5,1.0,1,Steady Regulars
C01083,0.5228,Medium,36.539,90.9458,529.11,33,2,2.0,1,Steady Regulars
C12755,0.3299,Medium,36.5334,90.9319,838.29,25,5,1.0,1,Steady Regulars
C01104,0.6132,High,36.5262,90.9139,450.94,94,2,0.5,1,Steady Regulars
C14679,0.157,Low,36.5123,90.8793,1761.04,40,11,0.5,1,Champions
C12636,0.0988,Low,36.5042,90.8591,2796.2,9,30,0.6,1,Champions
C16096,0.1839,Low,36.4956,90.8379,1502.74,12,12,0.6667,1,Champions
C05828,0.9235,High,36.4692,90.772,298.96,319,1,1.0,1,Steady Regulars
C11157,0.7669,High,36.4623,90.7548,359.97,67,1,2.0,1,Steady Regulars
C15668,0.2934,Low,36.4251,90.6624,939.91,19,10,1.5,1,Champions
C10180,0.5877,Medium,36.4199,90.6493,469.14,34,4,2.0,1,Steady Regulars
C00427,0.8872,High,36.4064,90.6158,310.68,297,3,1.0,1,Steady Regulars
C10046,0.7921,High,36.4055,90.6135,347.94,9,1,2.0,1,New & Promising
C06486,0.3844,Medium,36.3588,90.4972,716.06,15,7,1.0,1,Champions
C11987,0.3254,Medium,36.358,90.4952,845.87,55,11,1.0,1,Champions
C15971,0.1025,Low,36.3572,90.4933,2684.71,5,16,2.5,1,Champions
C02168,0.6491,High,36.3497,90.4745,423.94,95,2,0.5,1,Steady Regulars
C09779,0.9574,High,36.289,90.3235,286.95,363,9,1.0,1,Steady Regulars
C17384,0.9438,High,36.2723,90.282,290.95,361,1,1.0,1,Steady Regulars
C15953,0.3728,Medium,36.2641,90.2615,736.44,12,9,1.5,1,Champions
C02697,0.3542,Medium,36.207,90.1193,773.85,26,10,1.5,1,Champions
C11351,0.2528,Low,36.2045,90.1132,1084.2,82,20,0.6667,1,Champions
C04195,0.6886,High,36.1962,90.0925,397.98,9,1,2.0,1,New & Promising
C09800,0.3989,Medium,36.1886,90.0737,686.88,20,7,3.0,1,Champions
C04251,0.4118,Medium,36.1769,90.0445,665.16,104,5,0.3333,1,Steady Regulars
C17138,0.7755,High,36.1575,89.9961,352.98,158,1,0.5,1,Steady Regulars
C11253,0.439,Medium,36.1373,89.946,623.16,122,4,0.25,1,Steady Regulars
C17276,0.6205,High,36.1361,89.9429,440.89,165,7,0.5,1,Steady Regulars
C07301,0.5225,Medium,36.1307,89.9296,523.54,89,7,2.0,1,Steady Regulars
C10451,0.1578,Low,36.1279,89.9225,1733.18,26,10,0.5,1,Champions
C14437,0.696,High,36.1269,89.9201,392.97,15,1,2.0,1,Steady Regulars
C06223,0.8956,High,36.1019,89.858,305.18,356,1,1.0,1,Deal Hunters
C09864,0.7159,High,36.1006,89.8547,381.76,173,3,0.3333,1,Steady Regulars
C17065,0.8435,High,36.0983,89.8489,323.98,251,1,1.0,1,Steady Regulars
C11207,0.4,Medium,36.0629,89.7607,682.64,15,4,3.0,1,Steady Regulars
C08782,0.5557,Medium,36.0494,89.7272,491.09,152,4,0.5,1,Steady Regulars
C15939,0.752,High,36.0492,89.7266,362.94,235,4,1.0,1,Steady Regulars
C11429,0.9028,High,36.0392,89.7018,302.21,292,18,1.0,1,Champions
C07911,0.0427,Low,36.0328,89.686,6393.47,14,37,0.6364,1,Champions
C11939,0.8732,High,36.027,89.6715,312.36,326,3,1.0,1,Steady Regulars
C14886,0.5411,Medium,36.0188,89.6511,503.93,28,3,1.0,1,Steady Regulars
C10989,0.8683,High,36.0141,89.6393,313.99,271,1,1.0,1,Steady Regulars
C06285,0.8262,High,36.0108,89.6312,329.98,17,1,2.0,1,New & Promising
C00927,0.8261,High,36.005,89.6166,329.98,30,1,2.0,1,Steady Regulars
C12281,0.8359,High,35.9923,89.5852,325.98,253,1,1.0,1,Steady Regulars
C03295,0.2439,Low,35.9923,89.585,1117.33,29,10,3.0,1,Champions
C02797,0.3619,Medium,35.989,89.5769,752.78,31,10,3.0,1,Champions
C04154,0.0791,Low,35.9697,89.5288,3444.22,44,11,1.3333,1,Champions
C03085,0.6043,High,35.9579,89.4994,450.45,75,2,2.0,1,Steady Regulars
C07705,0.7844,High,35.9515,89.4836,346.97,274,9,1.0,1,Champions
C02216,0.2639,Low,35.9465,89.471,1031.13,17,15,1.5,1,Champions
C13217,0.8859,High,35.9431,89.4626,307.17,359,1,1.0,1,Deal Hunters
C13374,0.3101,Medium,35.9287,89.4268,877.29,45,4,1.5,1,Steady Regulars
C06527,0.4707,Medium,35.925,89.4175,577.87,85,7,2.0,1,Champions
C08643,0.2258,Low,35.913,89.3878,1204.37,23,14,0.6,1,Champions
C04018,0.1962,Low,35.8711,89.2834,1383.87,21,12,3.0,1,Champions
C09574,0.6117,High,35.8698,89.2802,443.93,160,14,0.5,1,Champions
C17050,0.7184,High,35.8642,89.2661,377.97,71,1,2.0,1,Steady Regulars
C16609,0.7256,High,35.8553,89.2441,374.08,65,1,2.0,1,Steady Regulars
C11124,0.4335,Medium,35.8445,89.2173,625.93,111,5,0.3333,1,Steady Regulars
C03351,0.6731,High,35.8286,89.1775,402.98,64,2,2.0,1,Steady Regulars
C09449,0.6279,High,35.8219,89.1608,431.94,126,3,0.5,1,Steady Regulars
C15255,0.7228,High,35.7979,89.1011,374.95,64,1,2.0,1,Steady Regulars
C10027,0.8364,High,35.7919,89.0863,323.96,266,1,1.0,1,Steady Regulars
C06789,0.2565,Low,35.767,89.0242,1055.59,33,7,4.0,1,Champions
C16920,0.6329,High,35.7585,89.0031,427.76,123,2,0.5,1,Steady Regulars
C00623,0.2638,Low,35.7573,89.0,1026.36,31,12,3.0,1,Champions
C01045,0.6505,High,35.7386,88.9537,415.95,183,13,1.0,1,Champions
C13311,0.5807,Medium,35.7263,88.923,465.76,87,5,1.0,1,Steady Regulars
C13495,0.2069,Low,35.7115,88.8861,1306.99,7,15,3.0,1,Champions
C16676,0.2404,Low,35.7069,88.8748,1124.68,16,10,1.0,1,Champions
C09931,0.2931,Low,35.6849,88.82,921.72,98,18,0.25,1,Champions
C09742,0.3976,Medium,35.6751,88.7955,679.26,24,8,4.0,1,Steady Regulars
C09433,0.0605,Low,35.6631,88.7656,4462.67,44,61,0.3333,1,Champions
C07237,0.1958,Low,35.6494,88.7315,1378.3,11,15,1.5,1,Champions
C06791,0.2214,Low,35.646,88.7232,1218.78,76,8,0.75,1,Steady Regulars
C01249,0.2195,Low,35.641,88.7107,1229.33,32,6,1.0,1,Steady Regulars
C13667,0.1543,Low,35.6284,88.6793,1747.83,15,21,4.0,1,Champions
C00491,0.833,High,35.6271,88.676,323.81,239,4,1.0,1,Steady Regulars
C02135,0.7836,High,35.6015,88.6124,343.95,175,1,0.5,1,Steady Regulars
C05931,0.5453,Medium,35.5762,88.5494,493.94,145,3,0.5,1,Steady Regulars
C13467,0.6091,High,35.5601,88.5094,441.96,180,2,0.5,1,Steady Regulars
C06458,0.2442,Low,35.5464,88.4752,1101.85,63,16,1.5,1,Champions
C12933,0.8626,High,35.5392,88.4573,311.93,312,2,1.0,1,Steady Regulars
C17549,0.3769,Medium,35.5263,88.4253,713.53,43,11,2.0,1,Champions
C04156,0.2068,Low,35.5232,88.4174,1300.2,63,19,1.5,1,Champions
C02469,0.7723,High,35.4972,88.3527,347.99,51,1,2.0,1,Steady Regulars
C05452,0.3585,Medium,35.4788,88.3069,749.27,8,7,5.0,1,Champions
C15993,0.6252,High,35.4566,88.2518,429.36,160,8,0.5,1,Champions
C03739,0.2138,Low,35.4484,88.2312,1255.19,40,16,0.6667,1,Champions
C03533,0.9066,High,35.4406,88.212,295.94,341,6,1.0,1,Steady Regulars
C16246,0.6176,High,35.4006,88.1124,433.95,109,1,0.5,1,Steady Regulars
C05353,0.8903,High,35.3913,88.0893,300.96,356,7,1.0,1,Champions
C09228,0.2652,Low,35.3802,88.0616,1009.84,75,9,0.5,1,Steady Regulars
C06010,0.7012,High,35.3764,88.0521,381.93,213,11,1.0,1,Champions
C11168,0.4278,Medium,35.3734,88.0446,625.94,13,9,3.0,1,Champions
C02303,0.1949,Low,35.3698,88.0356,1373.7,18,10,2.5,1,Champions
C07313,0.1158,Low,35.3505,87.9875,2311.2,55,24,0.5,1,Champions
C08854,0.6298,High,35.3501,87.9866,424.95,90,1,2.0,1,Steady Regulars
C13431,0.6793,High,35.3436,87.9704,393.92,126,2,0.3333,1,Steady Regulars
C14070,0.6725,High,35.3322,87.942,397.74,183,4,1.0,1,Steady Regulars
C00670,0.3453,Medium,35.3302,87.9372,774.64,80,14,0.5,1,Champions
C03874,0.1908,Low,35.3297,87.9358,1401.54,38,14,0.6667,1,Champions
C13159,0.5778,Medium,35.3282,87.9321,462.86,136,3,0.3333,1,Steady Regulars
C05364,0.7711,High,35.3205,87.9131,346.79,137,1,0.5,1,Deal Hunters
C03287,0.3702,Medium,35.3021,87.8671,721.91,71,4,3.0,1,Steady Regulars
C05020,0.0652,Low,35.3018,87.8663,4096.09,3,32,0.6,1,Champions
C17222,0.5454,Medium,35.2945,87.8482,489.95,121,5,0.5,1,Steady Regulars
C01215,0.6517,High,35.2879,87.8317,409.96,179,4,0.5,1,Steady Regulars
C16970,0.0417,Low,35.2545,87.7487,6401.95,14,33,0.5455,1,Champions
C00277,0.1891,Low,35.2495,87.7363,1411.37,4,7,2.0,1,Deal Hunters
C16975,0.7572,High,35.2439,87.7222,352.37,184,1,1.0,1,Steady Regulars
C14050,0.2814,Low,35.2389,87.7097,948.22,49,5,1.0,1,Steady Regulars
C07568,0.3474,Medium,35.2325,87.6939,767.9,32,5,0.5,1,Steady Regulars
C11613,0.0823,Low,35.2219,87.6675,3241.87,19,27,1.6667,1,Champions
C14150,0.8058,High,35.2121,87.643,330.83,302,2,1.0,1,Steady Regulars
C11677,0.4138,Medium,35.1986,87.6095,643.93,29,2,1.0,1,Steady Regulars
C08480,0.1816,Low,35.181,87.5657,1466.83,19,14,1.3333,1,Champions
C13653,0.7126,High,35.1628,87.5204,373.57,165,1,0.5,1,Deal Hunters
C03761,0.5199,Medium,35.1588,87.5105,511.97,93,5,0.3333,1,Steady Regulars
C03970,0.2238,Low,35.1471,87.4814,1188.84,85,20,1.5,1,Champions
C11857,0.2367,Low,35.1445,87.475,1124.07,69,19,1.0,1,Champions
C09141,0.1616,Low,35.1362,87.4543,1646.36,44,29,1.25,1,Champions
C11961,0.6909,High,35.1286,87.4354,384.94,162,4,0.5,1,Steady Regulars
C11383,0.4739,Medium,35.1238,87.4234,561.09,92,5,0.5,1,Steady Regulars
C01520,0.9634,High,35.1209,87.4162,275.99,363,16,1.0,1,Champions
C07387,0.2889,Low,35.1169,87.4061,920.14,104,23,0.25,1,Champions
C12273,0.2093,Low,35.1127,87.3957,1269.95,25,24,0.6667,1,Champions
C16592,0.3118,Medium,35.0818,87.3189,851.79,80,13,0.6667,1,Champions
C02936,0.8762,High,35.0648,87.2766,302.98,355,8,1.0,1,Steady Regulars
C17738,0.1803,Low,35.0453,87.2278,1471.85,5,17,1.0,1,Champions
C11153,0.8716,High,35.0117,87.1445,304.12,252,8,1.0,1,Steady Regulars
C17250,0.3328,Medium,35.0055,87.1289,796.34,4,4,1.5,1,Steady Regulars
C02581,0.3892,Medium,35.0035,87.124,680.93,2,4,2.0,1,Champions
C15779,0.2753,Low,35.0018,87.1198,962.67,13,8,1.0,1,Champions
C03021,0.852,High,34.9976,87.1093,310.97,255,1,1.0,1,Steady Regulars
C10617,0.5671,Medium,34.9753,87.0538,466.92,66,4,0.6667,1,Steady Regulars
C02028,0.235,Low,34.9614,87.019,1126.53,35,6,0.6667,1,Steady Regulars
C15814,0.0734,Low,34.9611,87.0185,3605.1,18,25,2.0,1,Champions
C00043,0.1317,Low,34.9535,86.9994,2009.53,35,17,2.3333,1,Champions
C17716,0.189,Low,34.9334,86.9494,1399.09,68,12,0.75,1,Champions
C06079,0.6025,High,34.9295,86.9397,438.92,175,7,0.5,1,Steady Regulars
C13994,0.2927,Low,34.9135,86.8999,903.11,31,7,2.0,1,Steady Regulars
C07657,0.6865,High,34.9085,86.8875,384.97,61,1,2.0,1,Steady Regulars
C12793,0.5872,Medium,34.9012,86.8694,449.98,149,6,0.5,1,Steady Regulars
C01533,0.6573,High,34.8992,86.8644,401.98,164,3,0.3333,1,Steady Regulars
C17558,0.472,Medium,34.8976,86.8603,559.71,18,7,1.0,1,Champions
C13597,0.7255,High,34.88,86.8166,363.96,118,2,0.3333,1,Steady Regulars
C02877,0.7979,High,34.8628,86.7737,330.77,8,1,2.0,1,New & Promising
C01688,0.4145,Medium,34.8519,86.7466,636.53,34,5,2.0,1,Steady Regulars
C08146,0.5192,Medium,34.8225,86.6735,507.79,111,5,0.5,1,Steady Regulars
C06755,0.2634,Low,34.8187,86.6639,1000.73,18,5,1.0,1,Champions
C05690,0.5434,Medium,34.8052,86.6303,484.91,18,5,3.0,1,Champions
C12301,0.2884,Low,34.7746,86.5542,912.9,81,8,3.0,1,Steady Regulars
C11926,0.3259,Medium,34.7586,86.5143,807.5,3,4,4.0,1,Steady Regulars
C01241,0.7832,High,34.7576,86.5119,335.97,199,1,1.0,1,Steady Regulars
C11838,0.8759,High,34.7481,86.4882,300.33,346,3,1.0,1,Steady Regulars
C05480,0.8652,High,34.7384,86.4641,303.96,363,4,1.0,1,Steady Regulars
C02136,0.6054,High,34.7033,86.3767,433.98,72,1,2.0,1,Steady Regulars
C01664,0.9281,High,34.6895,86.3424,282.97,335,1,1.0,1,Steady Regulars
C09410,0.2094,Low,34.6738,86.3034,1253.87,20,9,1.5,1,Champions
C13967,0.1004,Low,34.66,86.269,2614.33,3,22,1.0,1,Champions
C01498,0.4691,Medium,34.6323,86.2001,558.94,40,4,1.0,1,Steady Regulars
C06026,0.4091,Medium,34.6319,86.1989,640.83,112,7,0.25,1,Champions
C03322,0.7235,High,34.6313,86.1974,362.39,197,10,1.0,1,Steady Regulars
C02089,0.3223,Medium,34.6176,86.1633,813.16,105,19,0.2,1,Champions
C02092,0.0913,Low,34.6151,86.1571,2871.05,11,34,0.2857,1,Champions
C08303,0.7063,High,34.6095,86.1432,370.95,16,1,2.0,1,Steady Regulars
C12157,0.1898,Low,34.6089,86.1418,1380.42,30,13,1.25,1,Champions
C11679,0.3716,Medium,34.6031,86.1272,704.9,40,12,5.0,1,Champions
C11043,0.7958,High,34.5788,86.0668,328.98,48,1,2.0,1,Steady Regulars
C17455,0.5988,Medium,34.5585,86.0162,436.94,5,4,3.0,1,Steady Regulars
C05709,0.3153,Medium,34.5574,86.0136,829.86,5,9,1.0,1,Champions
C12947,0.2464,Low,34.555,86.0076,1061.87,25,12,1.5,1,Champions
C03103,0.1,Low,34.5513,85.9984,2616.61,5,22,1.0,1,Champions
C15677,0.4655,Medium,34.5493,85.9934,561.95,12,2,2.0,1,Steady Regulars
C00224,0.5978,Medium,34.5037,85.88,436.94,12,3,1.0,1,Steady Regulars
C04306,0.8782,High,34.4744,85.807,297.18,353,3,1.0,1,Steady Regulars
C05444,0.1799,Low,34.4528,85.7533,1449.6,2,12,0.75,1,Champions
C00860,0.255,Low,34.4359,85.7111,1022.57,5,14,3.0,1,Champions
C04032,0.7022,High,34.4082,85.6421,370.95,233,9,1.0,1,Champions
C08013,0.5103,Medium,34.3745,85.5583,509.94,75,2,2.0,1,Steady Regulars
C03497,0.576,Medium,34.356,85.5124,451.58,124,9,0.5,1,Steady Regulars
C18000,0.3114,Medium,34.3275,85.4413,834.5,35,5,1.5,1,Steady Regulars
C10624,0.345,Medium,34.319,85.4203,753.04,19,6,3.0,1,Champions
C12119,0.6171,High,34.3148,85.4097,420.95,144,3,0.5,1,Steady Regulars
C17948,0.1035,Low,34.3091,85.3954,2510.64,14,17,0.4286,1,Champions
C00783,0.0368,Low,34.3041,85.3831,7063.13,3,87,1.5714,1,Champions
C10203,0.3562,Medium,34.2994,85.3714,729.06,49,4,4.0,1,Steady Regulars
C13541,0.899,High,34.2915,85.3518,288.78,354,1,1.0,1,Deal Hunters
C17836,0.1766,Low,34.2533,85.2566,1468.57,9,12,0.6667,1,Champions
C06327,0.1827,Low,34.2134,85.1574,1417.83,41,10,2.0,1,Champions
C16727,0.2698,Low,34.2127,85.1555,959.98,24,5,1.5,1,Steady Regulars
C10807,0.2442,Low,34.2057,85.1382,1060.43,31,8,3.0,1,Champions
C06451,0.1501,Low,34.1845,85.0855,1724.25,19,25,1.5,1,Champions
C15546,0.2395,Low,34.1577,85.0188,1079.66,2,5,5.0,1,Steady Regulars
C11574,0.7288,High,34.1446,84.9861,354.67,226,4,1.0,1,Steady Regulars
C10099,0.1196,Low,34.14,84.9746,2160.89,18,13,1.0,1,Champions
C09625,0.0793,Low,34.1246,84.9363,3256.43,14,34,0.4286,1,Champions
C07719,0.7781,High,34.1178,84.9194,331.95,234,5,1.0,1,Steady Regulars
C03886,0.741,High,34.1151,84.9127,348.55,186,2,1.0,1,Steady Regulars
C17526,0.7684,High,34.0988,84.8722,335.94,223,1,1.0,1,Steady Regulars
C15240,0.8117,High,34.0909,84.8524,317.98,151,1,0.5,1,Steady Regulars
C03382,0.5961,Medium,34.0904,84.8512,432.93,176,9,0.5,1,Steady Regulars
C05581,0.4405,Medium,34.0844,84.8362,585.73,55,8,1.0,1,Champions
C10386,0.15,Low,34.0769,84.8177,1720.11,66,34,0.5,1,Champions
C06512,0.1881,Low,34.0627,84.7824,1371.1,37,18,1.6667,1,Champions
C14593,0.5947,Medium,34.0567,84.7674,433.52,151,4,0.5,1,Steady Regulars
C17273,0.1812,Low,34.0434,84.7342,1422.02,53,12,2.0,1,Champions
C06562,0.5497,Medium,34.0382,84.7214,468.8,132,7,0.3333,1,Steady Regulars
C15147,0.8133,High,34.0221,84.6813,316.7,282,3,1.0,1,Deal Hunters
C07803,0.536,Medium,34.0161,84.6662,480.45,156,5,0.5,1,Steady Regulars
C16144,0.7755,High,34.0043,84.6369,331.96,269,11,1.0,1,Champions
C13713,0.2593,Low,34.0012,84.6293,992.89,42,5,2.0,1,Steady Regulars
C07153,0.3909,Medium,33.9963,84.617,658.42,16,8,3.0,1,Champions
C02188,0.5048,Medium,33.9917,84.6055,509.76,29,4,1.0,1,Steady Regulars
C14350,0.8905,High,33.991,84.6038,288.99,271,15,1.0,1,Champions
C12413,0.2393,Low,33.977,84.569,1074.88,15,4,0.6667,1,Steady Regulars
C08162,0.7644,High,33.9702,84.5519,336.43,219,7,1.0,1,Steady Regulars
C09558,0.3893,Medium,33.9455,84.4905,660.18,101,31,0.25,1,Champions
C00480,0.1954,Low,33.9379,84.4716,1314.91,34,11,1.0,1,Champions
C09842,0.2791,Low,33.9343,84.4627,920.51,15,3,3.0,1,Steady Regulars
C17731,0.0366,Low,33.9263,84.4427,7025.9,11,44,1.5,1,Champions
C00357,0.7532,High,33.9245,84.4382,340.98,185,1,1.0,1,Steady Regulars
C09561,0.2066,Low,33.922,84.4321,1242.79,60,18,0.75,1,Champions
C12274,0.3455,Medium,33.92,84.427,743.21,26,10,3.0,1,Champions
C17718,0.2674,Low,33.8989,84.3746,959.88,3,4,4.0,1,Steady Regulars
C10495,0.3895,Medium,33.8971,84.37,658.93,47,7,3.0,1,Champions
C09886,0.2837,Low,33.8329,84.2103,902.92,59,2,3.0,1,Steady Regulars
C11748,0.229,Low,33.8307,84.2049,1118.45,44,13,0.6667,1,Champions
C10508,0.7342,High,33.8192,84.1761,348.73,143,1,0.5,1,Steady Regulars
C07135,0.2122,Low,33.7925,84.1097,1205.67,39,15,0.5,1,Champions
C06702,0.5405,Medium,33.7841,84.0889,473.25,32,3,1.0,1,Steady Regulars
C11421,0.8121,High,33.7837,84.0878,314.96,278,12,1.0,1,Champions
C08678,0.2774,Low,33.7817,84.0828,921.95,1,8,1.0,1,Champions
C13243,0.282,Low,33.7275,83.9481,905.59,2,6,3.0,1,Champions
C02987,0.7728,High,33.6817,83.834,329.95,245,5,1.0,1,Steady Regulars
C04050,0.5072,Medium,33.678,83.8248,502.72,34,5,2.0,1,Steady Regulars
C14498,0.1927,Low,33.6702,83.8054,1322.96,68,19,0.5,1,Champions
C08545,0.3158,Medium,33.6631,83.7876,806.96,20,5,1.0,1,Champions
C17508,0.2803,Low,33.6509,83.7573,908.91,21,8,1.0,1,Champions
C11659,0.1397,Low,33.6386,83.7267,1823.55,10,23,6.0,1,Champions
C04209,0.4046,Medium,33.6102,83.6561,628.85,90,12,1.0,1,Champions
C16829,0.1686,Low,33.5945,83.617,1508.18,4,24,1.0,1,Champions
C04265,0.1046,Low,33.5879,83.6005,2431.82,31,20,1.4,1,Champions
C04482,0.5076,Medium,33.5818,83.5852,500.9,120,8,0.5,1,Steady Regulars
C04618,0.7207,High,33.5768,83.5728,352.73,241,2,1.0,1,Deal Hunters
C08889,0.3721,Medium,33.5759,83.5705,683.19,67,9,0.6667,1,Champions
C17914,0.5338,Medium,33.575,83.5684,476.14,132,10,0.3333,1,Champions
C00347,0.281,Low,33.5514,83.5096,904.09,9,13,3.0,1,Champions
C04001,0.0364,Low,33.5358,83.4709,6969.35,18,91,2.1667,1,Champions
C14903,0.2503,Low,33.5238,83.4408,1013.91,16,9,1.5,1,Champions
C09444,0.2142,Low,33.4943,83.3675,1183.91,12,19,1.3333,1,Champions
C08624,0.1962,Low,33.484,83.3419,1292.34,40,7,3.0,1,Steady Regulars
C17812,0.0975,Low,33.4758,83.3215,2599.25,31,9,1.0,1,Champions
C07957,0.3253,Medium,33.4724,83.3129,778.92,14,5,4.0,1,Steady Regulars
C16132,0.1786,Low,33.4697,83.3062,1418.74,13,14,2.5,1,Champions
C13807,0.3096,Medium,33.4485,83.2535,817.89,67,13,1.0,1,Champions
C01364,0.6111,High,33.4441,83.2426,414.35,184,9,1.0,1,Champions
C17120,0.8012,High,33.4369,83.2245,315.95,259,7,1.0,1,Champions
C02344,0.248,Low,33.4285,83.2037,1020.67,12,13,1.3333,1,Champions
C16946,0.7271,High,33.4224,83.1885,347.99,77,1,2.0,1,Steady Regulars
C09490,0.3244,Medium,33.4151,83.1705,779.94,6,6,1.5,1,Champions
C11039,0.7333,High,33.4136,83.1666,344.97,91,1,0.5,1,Steady Regulars
C08748,0.348,Medium,33.3946,83.1194,726.4,38,7,1.5,1,Champions
C10556,0.3854,Medium,33.3736,83.0671,655.53,22,4,1.0,1,Steady Regulars
C03143,0.0457,Low,33.3625,83.0394,5524.63,5,29,1.5,1,Champions
C06117,0.8713,High,33.3456,82.9973,289.75,299,7,1.0,1,Steady Regulars
C10683,0.1776,Low,33.3192,82.9317,1420.26,90,27,0.6667,1,Champions
C00671,0.6454,High,33.3043,82.8945,390.65,24,1,2.0,1,Steady Regulars
C01084,0.2786,Low,33.2933,82.8672,904.68,15,9,1.5,1,Champions
C07045,0.8871,High,33.2746,82.8207,283.98,338,10,1.0,1,Champions
C01094,0.754,High,33.2591,82.7821,333.94,230,9,1.0,1,Champions
C01359,0.2674,Low,33.2373,82.7279,940.92,26,12,1.0,1,Champions
C10112,0.6338,High,33.2183,82.6804,396.77,161,3,0.3333,1,Steady Regulars
C04480,0.5436,Medium,33.2154,82.6734,462.55,82,3,3.0,1,Steady Regulars
C11563,0.5727,Medium,33.2079,82.6547,438.96,59,1,2.0,1,Steady Regulars
C12968,0.8261,High,33.2063,82.6507,304.33,246,4,1.0,1,Steady Regulars
C14876,0.1688,Low,33.2046,82.6464,1489.17,38,24,1.0,1,Champions
C03392,0.5472,Medium,33.2003,82.6358,459.3,157,4,0.5,1,Deal Hunters
C03131,0.8003,High,33.1925,82.6162,313.99,257,4,1.0,1,Steady Regulars
C15684,0.8969,High,33.1705,82.5616,279.98,311,1,1.0,1,Steady Regulars
C08780,0.2041,Low,33.1619,82.5401,1230.24,3,7,0.75,1,Champions
C08976,0.7214,High,33.1578,82.53,347.99,102,1,0.5,1,Steady Regulars
C09663,0.1506,Low,33.1505,82.5118,1666.94,30,26,0.3333,1,Champions
C04277,0.1827,Low,33.1457,82.5,1373.74,8,7,1.0,1,Champions
C16474,0.3935,Medium,33.1433,82.494,637.72,4,4,1.5,1,Steady Regulars
C02349,0.0265,Low,33.1236,82.4449,9479.59,4,51,1.2857,1,Champions
C03513,0.6831,High,33.119,82.4334,367.05,167,18,0.5,1,Champions
C09911,0.1295,Low,33.1162,82.4265,1935.33,19,11,0.5,1,Champions
C00234,0.2563,Low,33.1049,82.3983,977.84,41,12,0.5,1,Champions
C16397,0.3228,Medium,33.1006,82.3876,776.4,23,13,1.3333,1,Champions
C04341,0.6328,High,33.0977,82.3803,395.99,169,2,0.5,1,Steady Regulars
C02465,0.1941,Low,33.0877,82.3554,1290.86,11,5,4.0,1,Steady Regulars
C11671,0.2975,Low,33.0822,82.3418,841.77,5,4,4.0,1,Steady Regulars
C08759,0.2576,Low,33.0714,82.3149,971.93,18,7,1.5,1,Steady Regulars
C12927,0.8371,High,33.0593,82.2848,298.98,314,3,1.0,1,Steady Regulars
C14732,0.1719,Low,33.0555,82.2754,1456.0,63,20,3.0,1,Champions
C17409,0.2227,Low,33.0438,82.2461,1123.4,84,20,0.75,1,Champions
C14328,0.7818,High,33.038,82.2317,319.94,207,1,1.0,1,Steady Regulars
C01708,0.5277,Medium,33.0358,82.2264,473.97,101,2,0.5,1,Steady Regulars
C04491,0.1801,Low,33.0313,82.215,1388.74,17,21,0.6,1,Champions
C00888,0.6849,High,33.0168,82.1791,364.94,155,3,0.5,1,Steady Regulars
C05027,0.5674,Medium,33.0008,82.1391,440.3,155,4,0.3333,1,Steady Regulars
C07120,0.2262,Low,32.9829,82.0947,1103.92,14,14,1.0,1,Champions
C09195,0.3256,Medium,32.943,81.9953,765.88,55,8,1.5,1,Champions
C06601,0.2369,Low,32.9403,81.9885,1052.63,30,6,0.6667,1,Champions
C17952,0.1273,Low,32.9386,81.9843,1959.62,11,19,4.0,1,Champions
C00348,0.2861,Low,32.8866,81.855,870.33,26,4,4.0,1,Steady Regulars
C05517,0.2189,Low,32.8757,81.8278,1137.24,26,9,1.5,1,Champions
C17939,0.5545,Medium,32.868,81.8087,448.72,180,9,0.5,1,Steady Regulars
C15773,0.0482,Low,32.8644,81.7997,5157.54,1,43,1.0,1,Champions
C04561,0.3469,Medium,32.8599,81.7884,717.16,12,6,1.5,1,Steady Regulars
C10085,0.1731,Low,32.8447,81.7507,1436.85,52,15,2.0,1,Champions
C01096,0.8372,High,32.8412,81.7419,296.97,231,1,1.0,1,Steady Regulars
C05385,0.3937,Medium,32.8411,81.7417,631.51,87,8,0.6667,1,Steady Regulars
C15128,0.4506,Medium,32.8242,81.6997,551.51,6,6,3.0,1,Steady Regulars
C09055,0.1302,Low,32.8201,81.6895,1909.1,24,14,0.2857,1,Champions
C05154,0.8597,High,32.8165,81.6804,288.99,211,1,1.0,1,Steady Regulars
C15239,0.8902,High,32.8042,81.65,278.98,324,1,1.0,1,Steady Regulars
C07475,0.5602,Medium,32.7753,81.5779,442.95,61,1,2.0,1,Steady Regulars
C14309,0.2938,Low,32.7653,81.5531,844.39,18,7,1.3333,1,Champions
C00788,0.5646,Medium,32.7486,81.5115,439.15,147,4,0.5,1,Steady Regulars
C07613,0.7699,High,32.7432,81.4979,321.99,162,1,0.5,1,Steady Regulars
C08433,0.3292,Medium,32.7372,81.4831,752.83,21,6,1.3333,1,Champions
C12357,0.7695,High,32.7257,81.4545,321.99,186,1,1.0,1,Steady Regulars
C15736,0.3355,Medium,32.6845,81.352,737.51,19,12,2.0,1,Champions
C13077,0.0925,Low,32.6811,81.3434,2675.62,55,16,1.0,1,Champions
C17535,0.1534,Low,32.6731,81.3235,1612.13,36,28,0.5,1,Champions
C00615,0.0769,Low,32.6689,81.3131,3215.32,45,60,0.5714,1,Champions
C01497,0.8412,High,32.6641,81.3012,293.97,132,1,0.5,1,Steady Regulars
C06693,0.1491,Low,32.6533,81.2742,1658.51,76,12,0.75,1,Champions
C15043,0.2797,Low,32.6369,81.2335,883.46,48,13,3.0,1,Champions
C16821,0.2946,Low,32.6341,81.2264,838.7,23,11,1.0,1,Champions
C12176,0.1594,Low,32.5978,81.1362,1548.52,14,9,0.6667,1,Champions
C16631,0.4572,Medium,32.5925,81.1229,539.64,143,10,0.2,1,Champions
C13758,0.46,Medium,32.5615,81.0458,535.89,58,5,1.0,1,Deal Hunters
C09623,0.5755,Medium,32.5323,80.9731,427.97,152,3,0.5,1,Steady Regulars
C12928,0.384,Medium,32.5245,80.9536,641.24,117,9,0.1667,1,Steady Regulars
C02126,0.1114,Low,32.5105,80.9188,2209.26,31,24,0.6,1,Champions
C12308,0.3123,Medium,32.4716,80.8219,787.26,25,7,4.0,1,Steady Regulars
C07671,0.5202,Medium,32.4576,80.7872,472.36,31,2,2.0,1,Steady Regulars
C03012,0.5978,Medium,32.4507,80.7699,410.97,14,4,2.0,1,Steady Regulars
C07531,0.2076,Low,32.4353,80.7318,1182.82,72,36,0.5,1,Champions
C07586,0.7094,High,32.4165,80.685,345.97,84,1,2.0,1,Steady Regulars
C07335,0.2264,Low,32.4064,80.6597,1083.87,72,18,0.6667,1,Champions
C05951,0.4122,Medium,32.3925,80.625,594.89,95,10,0.5,1,Steady Regulars
C09473,0.1685,Low,32.3891,80.6168,1455.51,65,21,1.3333,1,Champions
C17829,0.2786,Low,32.376,80.584,879.81,34,4,1.5,1,Deal Hunters
C10095,0.7587,High,32.3665,80.5604,322.95,217,5,1.0,1,Steady Regulars
C17459,0.8599,High,32.3656,80.5582,284.95,259,3,1.0,1,Steady Regulars
C03707,0.6157,High,32.3605,80.5456,397.92,114,4,0.3333,1,Steady Regulars
C05984,0.8007,High,32.3599,80.544,305.97,177,1,0.5,1,Steady Regulars
C16056,0.2578,Low,32.3392,80.4926,949.88,18,5,3.0,1,Steady Regulars
C03073,0.4035,Medium,32.3388,80.4915,606.81,15,5,2.0,1,Champions
C00759,0.7088,High,32.3315,80.4733,345.33,181,3,1.0,1,Steady Regulars
C15498,0.1305,Low,32.3262,80.4602,1874.82,45,8,1.25,1,Champions
C01660,0.5224,Medium,32.3211,80.4474,468.4,80,2,2.0,1,Steady Regulars
C16891,0.1857,Low,32.2935,80.3787,1316.37,27,14,2.0,1,Champions
C01904,0.7852,High,32.2852,80.3581,311.29,263,10,1.0,1,Champions
C11174,0.2513,Low,32.2765,80.3363,972.23,21,12,3.0,1,Champions
C16638,0.1206,Low,32.2505,80.2716,2024.6,16,18,0.3333,1,Champions
C10418,0.199,Low,32.2377,80.2397,1226.22,81,32,1.5,1,Champions
C07438,0.1119,Low,32.2141,80.181,2180.29,5,15,0.8,1,Champions
C06482,0.7839,High,32.2112,80.1739,311.08,169,1,0.5,1,Deal Hunters
C16280,0.6624,High,32.2029,80.1532,368.03,139,3,0.5,1,Steady Regulars
C09736,0.1721,Low,32.1979,80.1408,1416.13,4,16,1.3333,1,Champions
C08192,0.952,High,32.185,80.1087,255.95,330,1,1.0,1,Steady Regulars
C17152,0.4815,Medium,32.173,80.0789,505.91,146,14,0.3333,1,Champions
C14688,0.3757,Medium,32.1501,80.0218,647.84,33,12,2.0,1,Champions
C12193,0.8421,High,32.1409,79.9989,288.94,290,7,1.0,1,Steady Regulars
C09854,0.8955,High,32.0764,79.8383,271.19,362,1,1.0,1,Deal Hunters
C17449,0.714,High,32.0688,79.8195,340.04,142,2,0.3333,1,Steady Regulars
C12612,0.5166,Medium,32.0665,79.8137,469.94,99,4,0.3333,1,Steady Regulars
C00821,0.8501,High,32.0599,79.7973,285.53,292,10,1.0,1,Champions
C00833,0.2444,Low,32.0571,79.7902,992.83,53,14,0.5,1,Champions
C00251,0.3567,Medium,32.0488,79.7697,680.3,14,10,1.3333,1,Champions
C10155,0.0691,Low,32.0481,79.7679,3510.41,51,45,1.0,1,Champions
C07255,0.9224,High,32.0366,79.7392,262.94,294,7,1.0,1,Steady Regulars
C04435,0.7699,High,32.0301,79.7232,314.96,226,1,1.0,1,Steady Regulars
C14926,0.3108,Medium,32.0212,79.7009,779.89,14,11,2.0,1,Champions
C03867,0.6248,High,32.0159,79.6878,387.94,171,15,0.5,1,Champions
C05314,0.8298,High,32.0032,79.6563,291.99,106,1,0.5,1,Steady Regulars
C13084,0.1283,Low,32.0028,79.6553,1887.8,20,15,1.0,1,Champions
C07322,0.7815,High,31.9942,79.6337,309.96,162,1,0.5,1,Steady Regulars
C00416,0.0699,Low,31.9822,79.6039,3462.81,42,34,0.8571,1,Champions
C11808,0.3173,Medium,31.9564,79.5397,762.44,110,17,0.25,1,Champions
C16501,0.0673,Low,31.9472,79.5168,3595.89,1,23,1.6667,1,Champions
C00396,0.6348,High,31.9421,79.5042,380.96,173,7,0.5,1,Steady Regulars
C03591,0.7112,High,31.9357,79.4881,339.96,177,1,0.5,1,Steady Regulars
C01491,0.228,Low,31.9322,79.4794,1060.27,26,8,1.5,1,Steady Regulars
C10415,0.4226,Medium,31.925,79.4615,571.9,40,3,3.0,1,Steady Regulars
C14306,0.1698,Low,31.8975,79.393,1422.59,20,17,1.5,1,Champions
C08051,0.8355,High,31.8916,79.3783,288.99,176,1,0.5,1,Steady Regulars
C17334,0.6034,High,31.8832,79.3574,400.02,46,4,1.0,1,Steady Regulars
C14239,0.2877,Low,31.8396,79.2489,837.89,6,7,5.0,1,Champions
C09299,0.1498,Low,31.8155,79.1891,1608.3,1,18,0.75,1,Champions
C02542,0.2778,Low,31.815,79.1878,866.93,50,9,1.5,1,Steady Regulars
C02981,0.6423,High,31.8147,79.187,374.97,97,2,0.5,1,Steady Regulars
C12380,0.4885,Medium,31.8091,79.1729,492.93,55,2,2.0,1,Steady Regulars
C04118,0.6368,High,31.7913,79.1288,377.93,159,6,0.5,1,Steady Regulars
C11859,0.1825,Low,31.7912,79.1284,1318.99,36,15,0.75,1,Champions
C07385,0.341,Medium,31.7709,79.078,705.38,5,7,0.5,1,Champions
C07502,0.894,High,31.7578,79.0454,268.93,345,5,1.0,1,Steady Regulars
C02767,0.3568,Medium,31.7377,78.9952,673.42,52,3,3.0,1,Steady Regulars
C14386,0.1506,Low,31.7351,78.9888,1595.19,31,15,2.0,1,Champions
C12489,0.8104,High,31.7334,78.9846,296.46,284,1,1.0,1,Deal Hunters
C07367,0.168,Low,31.7243,78.962,1429.68,16,9,1.5,1,Champions
C10194,0.6125,High,31.7165,78.9426,392.0,15,3,3.0,1,Steady Regulars
C12306,0.0509,Low,31.7153,78.9395,4720.56,26,36,1.1667,1,Champions
C04899,0.5613,Medium,31.7066,78.918,427.65,102,7,0.5,1,Champions
C09320,0.7385,High,31.6997,78.9007,324.97,24,1,2.0,1,Steady Regulars
C16992,0.3932,Medium,31.6208,78.7044,608.89,71,12,2.0,1,Champions
C12401,0.0791,Low,31.6097,78.6766,3023.5,14,12,1.0,1,Champions
C05674,0.1513,Low,31.6077,78.6717,1581.29,46,21,2.0,1,Champions
C02636,0.2143,Low,31.6045,78.6638,1116.34,34,9,1.0,1,Champions
C12277,0.2503,Low,31.5947,78.6394,955.45,18,5,2.0,1,Steady Regulars
C09635,0.6951,High,31.5833,78.6111,343.98,138,1,0.5,1,Steady Regulars
C11580,0.187,Low,31.5824,78.6088,1278.71,3,8,1.0,1,Champions
C07815,0.1263,Low,31.5696,78.5769,1892.72,3,14,2.0,1,Champions
C05760,0.1945,Low,31.5269,78.4707,1226.99,4,15,1.0,1,Champions
C11045,0.1516,Low,31.5199,78.4532,1573.92,46,17,1.0,1,Champions
C04497,0.2108,Low,31.5157,78.4428,1131.84,85,17,0.6667,1,Champions
C17901,0.4186,Medium,31.5144,78.4395,569.9,105,4,0.25,1,Steady Regulars
C03687,0.4012,Medium,31.4985,78.4,594.34,20,11,2.0,1,Champions
C03046,0.9575,High,31.4846,78.3654,248.95,334,5,1.0,1,Steady Regulars
C04694,0.1469,Low,31.47,78.329,1621.81,38,17,1.3333,1,Champions
C09802,0.4255,Medium,31.4645,78.3155,559.84,70,7,0.5,1,Steady Regulars
C16057,0.8632,High,31.4634,78.3126,275.94,255,3,1.0,1,Steady Regulars
C10578,0.1038,Low,31.4581,78.2994,2295.37,27,29,1.0,1,Champions
C11916,0.1087,Low,31.4523,78.285,2191.15,30,19,2.0,1,Champions
C11486,0.1886,Low,31.4482,78.2747,1262.28,50,16,0.4,1,Champions
C17630,0.6297,High,31.4344,78.2404,377.93,200,7,1.0,1,Steady Regulars
C02340,0.3079,Medium,31.4328,78.2365,772.78,95,7,0.25,1,Steady Regulars
C03230,0.2713,Low,31.4174,78.1981,876.77,1,7,1.0,1,Champions
C00467,0.1816,Low,31.3923,78.1356,1308.38,12,12,2.3333,1,Champions
C14857,0.2399,Low,31.3892,78.1278,990.54,20,5,1.5,1,Champions
C11654,0.6925,High,31.3875,78.1236,343.14,189,3,1.0,1,Steady Regulars
C12427,0.195,Low,31.3863,78.1208,1218.61,41,26,0.4,1,Champions
C07430,0.1578,Low,31.3799,78.1047,1505.33,28,22,0.3333,1,Champions
C15591,0.6985,High,31.3644,78.0663,339.96,99,1,0.5,1,Steady Regulars
C00497,0.8216,High,31.3608,78.0572,288.99,242,1,1.0,1,Steady Regulars
C11718,0.5612,Medium,31.3511,78.0331,422.97,131,5,0.5,1,Steady Regulars
C07708,0.1066,Low,31.3374,77.9991,2225.46,5,25,0.6667,1,Champions
C08430,0.089,Low,31.3316,77.9845,2665.62,8,25,0.6667,1,Champions
C16449,0.5233,Medium,31.3065,77.9219,452.9,167,7,0.5,1,Steady Regulars
C10853,0.7405,High,31.2979,77.9006,319.99,68,1,2.0,1,Steady Regulars
C00977,0.6656,High,31.2967,77.8977,355.97,51,1,2.0,1,Steady Regulars
C14545,0.8647,High,31.2912,77.8841,273.95,304,5,1.0,1,Steady Regulars
C00205,0.7613,High,31.2889,77.8784,311.16,213,2,1.0,1,Steady Regulars
C15155,0.2929,Low,31.2797,77.8554,808.44,81,15,1.0,1,Champions
C08876,0.8191,High,31.2669,77.8236,288.99,241,1,1.0,1,Steady Regulars
C15162,0.7059,High,31.2269,77.724,334.92,238,15,1.0,1,Champions
C08506,0.6574,High,31.2233,77.7149,359.56,185,6,1.0,1,Steady Regulars
C05471,0.6203,High,31.2124,77.6878,380.93,158,4,0.5,1,Steady Regulars
C00112,0.8171,High,31.1896,77.6312,288.99,162,1,0.5,1,Steady Regulars
C14304,0.046,Low,31.1792,77.6053,5133.12,1,113,0.9091,1,Champions
C09498,0.4238,Medium,31.1742,77.5927,556.94,76,8,1.0,1,Steady Regulars
C07792,0.5396,Medium,31.1727,77.589,437.34,37,2,2.0,1,Deal Hunters
C06490,0.1397,Low,31.1716,77.5862,1688.7,26,7,0.5,1,Champions
C10761,0.1457,Low,31.1603,77.5581,1618.87,11,19,1.3333,1,Champions
C17606,0.2711,Low,31.1438,77.517,869.78,22,5,0.6667,1,Steady Regulars
C08443,0.1917,Low,31.1203,77.4585,1229.2,14,17,0.5,1,Champions
C09173,0.2798,Low,31.1191,77.4556,842.02,34,3,0.6667,1,Steady Regulars
C02380,0.8353,High,31.0771,77.3511,281.68,259,15,1.0,1,Champions
C11703,0.3965,Medium,31.0765,77.3497,593.34,38,5,1.5,1,Steady Regulars
C05929,0.2184,Low,31.0686,77.33,1076.84,26,5,4.0,1,Champions
C14245,0.5213,Medium,31.058,77.3034,451.08,128,6,0.5,1,Steady Regulars
C09525,0.3344,Medium,31.0528,77.2906,703.09,31,4,0.6667,1,Steady Regulars
C08899,0.5468,Medium,31.0521,77.2889,429.96,53,2,2.0,1,Steady Regulars
C02086,0.1632,Low,31.0506,77.2851,1440.55,24,23,0.6667,1,Champions
C11510,0.093,Low,31.0431,77.2664,2527.85,1,31,1.0,1,Champions
C09442,0.6533,High,31.0355,77.2475,359.65,139,3,0.5,1,Steady Regulars
C17519,0.5377,Medium,31.0309,77.2361,436.94,105,5,0.5,1,Champions
C11931,0.2701,Low,31.0264,77.2249,869.72,22,10,0.6667,1,Champions
C02910,0.7292,High,31.0154,77.1974,321.99,185,1,1.0,1,Steady Regulars
C01432,0.847,High,30.9988,77.1562,277.09,281,5,1.0,1,Steady Regulars
C06860,0.0316,Low,30.9855,77.1231,7417.11,2,62,2.5,1,Champions
C10537,0.4107,Medium,30.9705,77.0859,570.95,69,2,1.0,1,Steady Regulars
C02815,0.2331,Low,30.9661,77.0747,1005.66,17,11,3.0,1,Champions
C11051,0.3519,Medium,30.9627,77.0664,666.09,82,4,0.6667,1,Steady Regulars
C17407,0.2783,Low,30.9415,77.0136,841.75,24,5,4.0,1,Deal Hunters
C17668,0.5106,Medium,30.9086,76.9318,458.33,138,11,0.3333,1,Champions
C01138,0.5853,Medium,30.9068,76.9272,399.74,136,6,0.3333,1,Steady Regulars
C02464,0.8414,High,30.8912,76.8884,277.96,249,1,1.0,1,Steady Regulars
C16826,0.1837,Low,30.8862,76.876,1272.59,21,22,2.5,1,Champions
C04581,0.1373,Low,30.8803,76.8613,1702.41,36,15,1.0,1,Champions
C04290,0.2845,Low,30.8709,76.8378,821.57,41,7,1.5,1,Champions
C15974,0.3834,Medium,30.8414,76.7644,608.94,42,4,2.0,1,Steady Regulars
C17330,0.6968,High,30.8326,76.7426,334.98,7,1,2.0,1,New & Promising
C11960,0.5439,Medium,30.809,76.6838,428.88,144,10,0.5,1,Champions
C10515,0.1672,Low,30.795,76.6489,1394.18,40,24,1.0,1,Champions
C12691,0.9477,High,30.7918,76.641,245.97,332,2,1.0,1,Steady Regulars
C08339,0.194,Low,30.7779,76.6065,1201.05,3,4,3.0,1,Champions
C14686,0.8814,High,30.777,76.6042,264.37,335,1,1.0,1,Deal Hunters
C06840,0.3285,Medium,30.7606,76.5633,708.88,48,9,1.5,1,Champions
C11514,0.1617,Low,30.7533,76.5453,1440.05,36,15,1.0,1,Champions
C16937,0.6631,High,30.7397,76.5114,350.97,50,1,2.0,1,Steady Regulars
C00166,0.8109,High,30.7388,76.5091,286.98,293,2,1.0,1,Steady Regulars
C10698,0.7411,High,30.7366,76.5035,313.99,229,2,1.0,1,Steady Regulars
C12847,0.8461,High,30.7265,76.4785,274.95,359,6,1.0,1,Steady Regulars
C15453,0.3319,Medium,30.7263,76.4779,700.94,23,12,2.0,1,Champions
C17998,0.9799,High,30.7262,76.4776,237.38,359,15,1.0,1,Champions
C06113,0.0715,Low,30.7229,76.4694,3254.95,35,36,0.6667,1,Champions
C04190,0.2789,Low,30.7186,76.4589,833.84,21,10,0.6667,1,Champions
C12423,0.8332,High,30.7024,76.4184,278.98,254,1,1.0,1,Steady Regulars
C08401,0.1793,Low,30.6931,76.3954,1296.06,64,26,0.6,1,Champions
C07969,0.1125,Low,30.6921,76.3929,2064.8,17,18,4.0,1,Champions
C15856,0.0701,Low,30.6901,76.3877,3312.32,14,67,0.4286,1,Champions
C09169,0.8351,High,30.6615,76.3167,277.98,262,1,1.0,1,Steady Regulars
C09064,0.1294,Low,30.6499,76.2877,1793.29,25,23,0.6,1,Champions
C12725,0.8921,High,30.6351,76.2511,259.97,286,1,1.0,1,Steady Regulars
C01960,0.7543,High,30.611,76.1909,307.24,197,7,1.0,1,Steady Regulars
C03119,0.2707,Low,30.6031,76.1713,855.78,72,10,2.0,1,Champions
C02638,0.1101,Low,30.5912,76.1417,2103.01,11,25,0.75,1,Champions
C01505,0.2604,Low,30.5702,76.0893,888.89,26,3,3.0,1,Steady Regulars
C00257,0.406,Medium,30.5656,76.078,569.91,77,4,1.0,1,Steady Regulars
C14478,0.3847,Medium,30.5654,76.0776,601.46,34,9,1.5,1,Champions
C06786,0.6077,High,30.5624,76.07,380.77,82,3,1.0,1,Steady Regulars
C13423,0.1204,Low,30.5564,76.055,1921.21,48,18,0.5,1,Champions
C05475,0.6157,High,30.5519,76.0438,375.64,139,3,0.5,1,Steady Regulars
C14595,0.2585,Low,30.5242,75.975,893.86,54,13,1.5,1,Champions
C09011,0.2648,Low,30.5174,75.958,872.43,64,15,1.0,1,Champions
C02436,0.1395,Low,30.495,75.9022,1654.88,2,14,0.5,1,Champions
C07408,0.1951,Low,30.4866,75.8814,1183.04,47,7,1.0,1,Champions
C00380,0.3736,Medium,30.4835,75.8736,617.8,104,15,0.1667,1,Champions
C11693,0.1717,Low,30.4747,75.8516,1343.86,4,13,2.0,1,Champions
C03080,0.3369,Medium,30.4564,75.8061,684.49,33,9,0.6667,1,Champions
C03357,0.2008,Low,30.4256,75.7295,1147.34,1,10,1.5,1,Champions
C01786,0.3758,Medium,30.4206,75.7171,612.92,72,3,1.0,0,Steady Regulars
C11653,0.233,Low,30.4083,75.6865,988.04,24,4,1.5,0,Steady Regulars
C12527,0.1974,Low,30.3999,75.6656,1166.0,63,25,0.4,0,Champions
C11839,0.0793,Low,30.3875,75.6346,2901.11,15,12,0.5714,0,Champions
C14957,0.2378,Low,30.3688,75.5881,966.66,19,12,1.5,0,Champions
C07012,0.2096,Low,30.3606,75.5677,1096.68,32,15,1.0,0,Champions
C08589,0.3681,Medium,30.3585,75.5625,624.32,77,8,0.6667,0,Champions
C12211,0.0945,Low,30.3442,75.5269,2431.63,16,14,1.0,0,Champions
C13013,0.8796,High,30.3412,75.5195,261.16,281,8,1.0,0,Steady Regulars
C11313,0.1112,Low,30.3311,75.4944,2065.62,17,13,3.0,0,Champions
C11913,0.4388,Medium,30.3108,75.4437,522.92,1,3,2.0,0,Steady Regulars
C03556,0.0918,Low,30.3005,75.4182,2499.97,17,12,0.5,0,Champions
C11171,0.2133,Low,30.2965,75.4082,1075.25,24,8,1.0,0,Champions
C14665,0.1979,Low,30.2846,75.3786,1158.7,12,19,5.0,0,Champions
C01356,0.2228,Low,30.2574,75.311,1028.09,15,13,1.6667,0,Champions
C12194,0.7135,High,30.2518,75.297,320.98,78,1,2.0,0,Steady Regulars
C15970,0.9485,High,30.2502,75.293,241.46,238,22,1.0,0,Champions
C13868,0.2012,Low,30.2396,75.2666,1137.86,6,16,1.0,0,Champions
C02405,0.8437,High,30.2296,75.2417,271.25,221,3,1.0,0,Steady Regulars
C16602,0.7482,High,30.2295,75.2414,305.9,202,5,1.0,0,Steady Regulars
C12495,0.2281,Low,30.2261,75.2329,1003.23,62,14,2.0,0,Champions
C16679,0.2532,Low,30.2253,75.231,903.88,48,6,0.75,0,Steady Regulars
C15707,0.0832,Low,30.225,75.2301,2750.44,53,24,1.3333,0,Champions
C02783,0.347,Medium,30.2248,75.2298,659.42,3,4,1.5,0,Steady Regulars
C16345,0.1746,Low,30.2217,75.2219,1310.51,17,16,2.0,0,Champions
C15073,0.1915,Low,30.2083,75.1886,1194.54,12,15,0.8,0,Champions
C02283,0.8933,High,30.1993,75.1661,255.95,310,2,1.0,0,Steady Regulars
C06936,0.8564,High,30.1969,75.1602,266.95,346,2,1.0,0,Steady Regulars
C02238,0.7142,High,30.1854,75.1317,319.99,108,1,0.5,0,Steady Regulars
C14880,0.2406,Low,30.1835,75.1269,949.9,44,15,1.5,0,Champions
C10780,0.8623,High,30.1804,75.1193,264.97,260,1,1.0,0,Steady Regulars
C09226,0.3983,Medium,30.1741,75.1034,573.52,116,10,0.5,0,Champions
C06177,0.3867,Medium,30.1531,75.0511,590.32,23,10,1.5,0,Champions
C08866,0.4657,Medium,30.1348,75.0058,489.89,101,3,0.5,0,Steady Regulars
C15794,0.7033,High,30.1333,75.002,324.37,181,1,1.0,0,Steady Regulars
C00336,0.6406,High,30.1226,74.9753,355.97,69,1,2.0,0,Steady Regulars
C07807,0.6974,High,30.1201,74.969,326.97,117,1,0.5,0,Steady Regulars
C04432,0.2296,Low,30.1166,74.9604,993.26,18,15,2.0,0,Champions
C11500,0.87,High,30.1042,74.9294,261.97,212,1,1.0,0,Steady Regulars
C05757,0.5361,Medium,30.0993,74.9174,425.07,130,6,0.5,0,Steady Regulars
C13476,0.066,Low,30.096,74.9091,3454.37,20,20,4.0,0,Champions
C04628,0.3134,Medium,30.0869,74.8866,726.87,5,7,1.0,0,Champions
C09730,0.2918,Low,30.0802,74.8697,780.41,72,5,1.0,0,Steady Regulars
C01361,0.159,Low,30.0477,74.7889,1430.81,6,6,2.0,0,Steady Regulars
C10892,0.9401,High,30.0458,74.7842,241.95,319,9,1.0,0,Steady Regulars
C10217,0.6985,High,30.0338,74.7544,325.52,132,1,0.5,0,Deal Hunters
C11025,0.2685,Low,30.0265,74.7362,846.78,9,9,4.0,0,Champions
C16507,0.2398,Low,30.0248,74.732,947.9,56,16,1.5,0,Champions
C00996,0.1974,Low,29.9911,74.648,1149.95,11,16,1.0,0,Champions
C12473,0.9421,High,29.9849,74.6325,240.95,303,14,1.0,0,Champions
C09972,0.6304,High,29.9713,74.5987,359.96,43,1,2.0,0,Steady Regulars
C01360,0.1054,Low,29.9705,74.5967,2152.68,30,21,2.0,0,Champions
C05249,0.3915,Medium,29.9519,74.5504,579.2,33,5,3.0,0,Steady Regulars
C14578,0.2126,Low,29.9473,74.539,1066.58,15,19,1.0,0,Champions
C09379,0.2313,Low,29.9309,74.4983,979.83,71,19,2.0,0,Champions
C16543,0.0274,Low,29.9059,74.4359,8273.03,3,60,1.4,0,Champions
C06764,0.6269,High,29.8893,74.3945,360.97,96,1,0.5,0,Steady Regulars
C06161,0.436,Medium,29.8827,74.3783,518.91,95,8,0.3333,0,Steady Regulars
C10120,0.3636,Medium,29.8676,74.3406,621.93,107,12,0.3333,0,Champions
C01459,0.1334,Low,29.8587,74.3185,1694.47,14,9,0.4286,0,Champions
C10840,0.1864,Low,29.8571,74.3145,1212.48,40,5,1.0,0,Steady Regulars
C06556,0.6744,High,29.8387,74.2688,334.98,84,1,2.0,0,Steady Regulars
C16966,0.0638,Low,29.8299,74.2467,3539.6,13,27,2.0,0,Champions
C10091,0.1868,Low,29.8291,74.2447,1208.62,24,4,2.0,0,Steady Regulars
C17542,0.546,Medium,29.822,74.2271,413.5,28,3,2.0,0,Steady Regulars
C02026,0.1341,Low,29.821,74.2246,1683.01,1,22,1.0,0,Champions
C05590,0.1621,Low,29.782,74.1276,1391.2,8,24,1.0,0,Champions
C14373,0.3512,Medium,29.777,74.1151,641.9,82,10,0.75,0,Steady Regulars
C05161,0.64,High,29.7534,74.0564,351.98,79,1,2.0,0,Steady Regulars
C17277,0.5856,Medium,29.743,74.0304,384.55,25,1,2.0,0,Deal Hunters
C06967,0.7721,High,29.7349,74.0104,291.57,16,1,2.0,0,Deal Hunters
C07247,0.2057,Low,29.7183,73.969,1093.67,19,5,2.0,0,Steady Regulars
C02528,0.7783,High,29.7087,73.9452,288.99,232,1,1.0,0,Steady Regulars
C16620,0.6463,High,29.7027,73.9302,347.94,113,1,0.5,0,Steady Regulars
C09359,0.5272,Medium,29.7007,73.9251,426.54,12,4,1.0,0,Steady Regulars
C03174,0.519,Medium,29.638,73.7691,432.35,38,4,4.0,0,Steady Regulars
C07682,0.3682,Medium,29.6109,73.7018,608.79,22,7,1.0,0,Champions
C02149,0.3911,Medium,29.5997,73.6738,572.91,114,11,0.5,0,Champions
C14097,0.1852,Low,29.5903,73.6505,1209.9,8,11,2.0,0,Champions
C08262,0.3993,Medium,29.584,73.6349,560.9,47,10,0.6667,0,Champions
C00786,0.3975,Medium,29.5542,73.5605,562.85,19,5,0.6667,0,Steady Regulars
C11447,0.2358,Low,29.5372,73.5183,948.28,44,13,3.0,0,Champions
C01862,0.7308,High,29.5348,73.5124,305.97,224,8,1.0,0,Steady Regulars
C06711,0.2579,Low,29.5321,73.5056,866.9,2,4,0.5,0,Steady Regulars
C03466,0.4629,Medium,29.5276,73.4945,482.88,101,8,0.5,0,Steady Regulars
C09341,0.2096,Low,29.5021,73.4309,1065.55,64,15,1.0,0,Champions
C04332,0.3023,Medium,29.4975,73.4194,738.66,84,5,0.75,0,Steady Regulars
C03772,0.416,Medium,29.4947,73.4124,536.71,120,9,0.5,0,Champions
C14864,0.6977,High,29.4885,73.397,319.99,58,1,2.0,0,Steady Regulars
C00210,0.4075,Medium,29.4883,73.3965,547.8,32,7,1.0,0,Champions
C06400,0.0416,Low,29.4877,73.3951,5371.95,2,25,1.2857,0,Champions
C00754,0.9112,High,29.4864,73.3917,244.98,319,4,1.0,0,Steady Regulars
C17602,0.2472,Low,29.4731,73.3588,902.73,53,2,3.0,0,Steady Regulars
C02931,0.3057,Medium,29.4727,73.3578,729.94,2,11,1.0,0,Champions
C17560,0.1478,Low,29.4651,73.3389,1508.87,32,13,2.5,0,Champions
C05882,0.1214,Low,29.4515,73.3051,1837.37,19,21,1.6667,0,Champions
C01415,0.0504,Low,29.4465,73.2926,4426.09,22,72,0.6667,0,Champions
C17613,0.4186,Medium,29.4456,73.2904,532.52,60,4,1.0,0,Steady Regulars
C15849,0.3302,Medium,29.4427,73.2831,675.0,53,13,2.0,0,Champions
C15710,0.5293,Medium,29.4263,73.2422,420.93,117,6,0.3333,0,Steady Regulars
C10042,0.0697,Low,29.4242,73.237,3197.07,11,24,0.5,0,Champions
C00211,0.0998,Low,29.4099,73.2015,2230.37,10,20,1.3333,0,Champions
C14441,0.3131,Medium,29.4032,73.1846,711.03,14,5,3.0,0,Champions
C04600,0.7107,High,29.3986,73.1734,313.19,55,1,2.0,0,Deal Hunters
C03703,0.1486,Low,29.3915,73.1557,1497.51,1,30,1.0,0,Champions
C11438,0.817,High,29.3527,73.0589,271.99,138,1,0.5,0,Deal Hunters
C04931,0.4442,Medium,29.3282,72.9981,499.83,75,4,1.0,0,Steady Regulars
C03464,0.2531,Low,29.3162,72.9682,876.96,32,12,1.0,0,Champions
C03086,0.1272,Low,29.3038,72.9372,1744.22,14,18,0.8,0,Champions
C10900,0.6059,High,29.2885,72.8993,365.98,22,1,2.0,0,Steady Regulars
C16502,0.1662,Low,29.2878,72.8976,1334.08,18,21,0.75,0,Champions
C01149,0.7566,High,29.2766,72.8695,292.94,181,2,1.0,0,Steady Regulars
C15469,0.6904,High,29.2694,72.8516,320.97,5,1,2.0,0,New & Promising
C08557,0.7045,High,29.2639,72.8379,314.46,146,1,0.5,0,Deal Hunters
C06245,0.7997,High,29.2581,72.8236,276.99,3,1,2.0,0,New & Promising
C05932,0.8359,High,29.254,72.8134,264.95,291,1,1.0,0,Steady Regulars
C16372,0.1717,Low,29.2468,72.7954,1289.74,15,17,2.0,0,Champions
C15129,0.2271,Low,29.2447,72.7902,974.8,28,9,1.0,0,Champions
C01376,0.491,Medium,29.2447,72.7902,450.89,40,3,1.0,0,Steady Regulars
C05915,0.2137,Low,29.2353,72.7669,1035.84,47,22,0.5,0,Champions
C08978,0.5903,Medium,29.2169,72.7211,374.69,72,3,1.0,0,Steady Regulars
C11502,0.7762,High,29.216,72.7189,284.97,223,3,1.0,0,Steady Regulars
C15372,0.4852,Medium,29.2121,72.7092,455.84,109,6,0.5,0,Champions
C07357,0.607,High,29.1842,72.6396,363.98,54,1,2.0,0,Steady Regulars
C14351,0.3431,Medium,29.1772,72.6223,643.89,8,6,0.75,0,Steady Regulars
C10162,0.3557,Medium,29.1736,72.6132,620.88,65,12,1.0,0,Champions
C04027,0.843,High,29.1628,72.5864,261.91,267,4,1.0,0,Steady Regulars
C16027,0.3445,Medium,29.1605,72.5807,640.87,49,3,0.6667,0,Steady Regulars
C09161,0.1736,Low,29.149,72.5521,1271.17,20,10,3.0,0,Champions
C15002,0.1425,Low,29.138,72.5247,1547.58,50,15,1.0,0,Champions
C04643,0.2404,Low,29.1203,72.4805,916.88,42,5,1.0,0,Steady Regulars
C06129,0.5335,Medium,29.0992,72.428,412.95,5,1,2.0,0,New & Promising
C15621,0.8572,High,29.0958,72.4196,256.98,348,7,1.0,0,Steady Regulars
C03234,0.2325,Low,29.0912,72.4083,947.22,14,15,1.0,0,Champions
C17364,0.6587,High,29.0575,72.3243,333.97,13,1,2.0,0,New & Promising
C08407,0.6567,High,29.0569,72.3229,334.97,55,1,2.0,0,Steady Regulars
C04028,0.8301,High,29.054,72.3157,264.98,233,1,1.0,0,Steady Regulars
C08744,0.613,High,29.0424,72.2866,358.7,125,3,0.3333,0,Steady Regulars
C08447,0.2448,Low,29.0336,72.2649,897.95,45,2,3.0,0,Steady Regulars
C15755,0.532,Medium,29.0333,72.264,413.18,136,12,0.5,0,Steady Regulars
C07919,0.3201,Medium,29.0207,72.2326,686.39,19,10,1.5,0,Champions
C12379,0.1041,Low,29.0119,72.2107,2110.11,17,26,0.5,0,Champions
C15260,0.2321,Low,28.9984,72.1773,945.84,28,6,1.0,0,Champions
C16902,0.163,Low,28.9899,72.156,1346.27,35,21,0.6667,0,Champions
C01844,0.5188,Medium,28.9856,72.1454,422.95,110,7,0.3333,0,Steady Regulars
C16516,0.233,Low,28.9784,72.1275,941.43,5,9,4.0,0,Champions
C07562,0.3491,Medium,28.9548,72.0687,627.95,79,4,1.0,0,Steady Regulars
C05128,0.0876,Low,28.9541,72.0669,2501.33,16,17,0.5,0,Champions
C07721,0.0417,Low,28.9485,72.0531,5250.55,4,74,3.6667,0,Champions
C10473,0.8664,High,28.9482,72.0522,252.96,277,2,1.0,0,Steady Regulars
C11112,0.5243,Medium,28.9478,72.0513,418.02,109,2,0.3333,0,Steady Regulars
C07231,0.0653,Low,28.9413,72.0351,3354.7,6,24,1.25,0,Champions
C09464,0.2089,Low,28.9375,72.0257,1048.88,31,13,1.0,0,Champions
C03175,0.2934,Low,28.9084,71.9533,745.88,13,3,3.0,0,Steady Regulars
C16419,0.5516,Medium,28.9,71.9322,396.63,77,4,2.0,0,Steady Regulars
C15393,0.257,Low,28.8974,71.9258,851.13,33,15,1.0,0,Champions
C11799,0.3448,Medium,28.8969,71.9246,634.47,46,8,2.0,0,Champions
C03084,0.3367,Medium,28.8939,71.917,649.61,16,9,3.0,0,Champions
C04128,0.6235,High,28.8813,71.8856,350.68,158,9,0.5,0,Champions
C15402,0.5508,Medium,28.8811,71.8854,396.97,13,5,3.0,0,Steady Regulars
C14960,0.0474,Low,28.876,71.8726,4612.97,21,74,0.5714,0,Champions
C07977,0.2852,Low,28.8696,71.8566,766.29,68,11,1.5,0,Champions
C03428,0.3438,Medium,28.8591,71.8304,635.5,17,10,1.3333,0,Champions
C13970,0.1162,Low,28.8522,71.8134,1879.96,1,10,2.3333,0,Champions
C07187,0.7886,High,28.8501,71.8082,276.96,284,1,1.0,0,Deal Hunters
C02463,0.2872,Low,28.8208,71.7352,759.79,78,10,0.75,0,Champions
C08871,0.0418,Low,28.8207,71.7349,5214.79,18,56,1.0,0,Champions
C10609,0.7437,High,28.8196,71.7321,293.36,149,4,0.5,0,Steady Regulars
C05026,0.5865,Medium,28.8179,71.728,371.98,18,1,2.0,0,Steady Regulars
C07398,0.8624,High,28.8162,71.7237,252.96,347,1,1.0,0,Steady Regulars
C17500,0.1851,Low,28.8006,71.6849,1177.9,17,6,4.0,0,Champions
C01283,0.5384,Medium,28.797,71.6759,404.94,60,1,2.0,0,Steady Regulars
C09255,0.4299,Medium,28.7854,71.6469,506.94,89,2,2.0,0,Steady Regulars
C17375,0.2204,Low,28.7852,71.6464,988.71,23,8,2.0,0,Champions
C06022,0.8979,High,28.7695,71.6074,242.56,359,1,1.0,0,Steady Regulars
C14701,0.6279,High,28.769,71.6061,346.87,64,3,1.0,0,Steady Regulars
C11487,0.3339,Medium,28.7514,71.5624,651.95,52,7,0.5,0,Champions
C08579,0.2416,Low,28.7413,71.5372,900.61,75,8,0.75,0,Steady Regulars
C11269,0.745,High,28.7341,71.5194,291.99,128,2,0.5,0,Steady Regulars
C14160,0.9255,High,28.723,71.4918,234.97,332,11,1.0,0,Steady Regulars
C08562,0.1989,Low,28.7186,71.4809,1093.17,1,15,4.0,0,Champions
C01351,0.8798,High,28.7008,71.4366,246.96,353,1,1.0,0,Steady Regulars
C02048,0.3641,Medium,28.6995,71.4331,596.76,17,8,0.6,0,Champions
C08932,0.5665,Medium,28.6988,71.4315,383.56,30,1,2.0,0,Steady Regulars
C00980,0.3427,Medium,28.6933,71.4178,633.85,47,4,2.0,0,Steady Regulars
C01972,0.7516,High,28.6886,71.4061,288.98,135,1,0.5,0,Deal Hunters
C17442,0.2376,Low,28.6847,71.3964,914.05,33,10,2.0,0,Champions
C05789,0.2723,Low,28.6789,71.3819,797.25,62,7,1.5,0,Steady Regulars
C00617,0.0973,Low,28.6657,71.3491,2230.82,28,24,2.5,0,Champions
C05543,0.8511,High,28.6644,71.3459,254.97,302,5,1.0,0,Steady Regulars
C10751,0.889,High,28.6622,71.3405,244.08,340,1,1.0,0,Deal Hunters
C10629,0.3032,Medium,28.6544,71.3209,715.38,18,5,3.0,0,Steady Regulars
C03054,0.245,Low,28.6339,71.2698,884.64,25,11,0.6667,0,Champions
C04282,0.0985,Low,28.6225,71.2416,2198.82,12,21,1.3333,0,Champions
C07366,0.0965,Low,28.6041,71.1959,2243.13,48,27,0.3333,0,Champions
C06126,0.0773,Low,28.6022,71.1909,2802.85,16,18,0.5714,0,Champions
C02769,0.183,Low,28.6017,71.1899,1182.95,63,20,1.0,0,Champions
C12871,0.1416,Low,28.6003,71.1864,1529.15,38,12,1.3333,0,Champions
C07634,0.519,Medium,28.5851,71.1484,416.96,48,1,2.0,0,Steady Regulars
C14529,0.2665,Low,28.5753,71.124,811.87,74,6,1.3333,0,Steady Regulars
C10544,0.3278,Medium,28.5743,71.1217,659.96,34,8,1.5,0,Champions
C10513,0.1326,Low,28.5601,71.0864,1630.79,19,24,3.0,0,Champions
C03339,0.1562,Low,28.554,71.071,1383.65,10,18,1.5,0,Champions
C05333,0.0896,Low,28.5382,71.0318,2411.95,14,24,0.6667,0,Champions
C04488,0.4833,Medium,28.5328,71.0182,446.95,60,4,1.0,0,Steady Regulars
C17181,0.1164,Low,28.531,71.0138,1854.88,3,18,0.8,0,Champions
C01152,0.0565,Low,28.5192,70.9846,3823.14,39,35,1.0,0,Champions
C13780,0.2335,Low,28.5,70.9367,923.93,31,6,0.75,0,Steady Regulars
C10205,0.083,Low,28.4986,70.9332,2599.51,27,21,0.8,0,Champions
C09086,0.5263,Medium,28.4956,70.9258,409.93,103,2,0.5,0,Steady Regulars
C05570,0.7572,High,28.4913,70.9149,284.87,136,1,0.5,0,Deal Hunters
C08428,0.2225,Low,28.4866,70.9034,969.13,13,8,5.0,0,Champions
C12236,0.5446,Medium,28.4842,70.8973,395.95,53,1,2.0,0,Steady Regulars
C05269,0.1786,Low,28.4829,70.8941,1207.47,71,25,0.5,0,Champions
C00362,0.9257,High,28.4825,70.893,232.95,253,6,1.0,0,Steady Regulars
C08722,0.7753,High,28.4641,70.8474,277.96,139,2,0.3333,0,Steady Regulars
C03395,0.3153,Medium,28.4429,70.7947,682.95,53,2,1.0,0,Steady Regulars
C03768,0.8412,High,28.4423,70.7929,255.97,301,2,1.0,0,Steady Regulars
C16876,0.6464,High,28.4302,70.7628,332.98,74,1,2.0,0,Steady Regulars
C08054,0.3227,Medium,28.43,70.7624,666.89,100,15,0.2,0,Champions
C12660,0.1129,Low,28.4256,70.7515,1906.02,21,15,0.4,0,Champions
C17430,0.138,Low,28.3956,70.6769,1558.2,26,19,0.6667,0,Champions
C11287,0.1681,Low,28.392,70.6679,1278.44,7,17,1.3333,0,Champions
C15909,0.1894,Low,28.3889,70.66,1134.77,25,5,2.0,0,Steady Regulars
C02537,0.914,High,28.3667,70.6048,234.96,299,1,1.0,0,Steady Regulars
C09285,0.2786,Low,28.366,70.6031,770.96,12,10,1.6667,0,Champions
C15464,0.181,Low,28.3368,70.5305,1185.38,23,8,1.3333,0,Steady Regulars
C17581,0.2813,Low,28.3096,70.4628,762.02,60,7,1.5,0,Champions
C16003,0.8276,High,28.3087,70.4606,258.97,300,1,1.0,0,Steady Regulars
C15070,0.6781,High,28.3021,70.4441,315.98,225,9,1.0,0,Steady Regulars
C12042,0.1673,Low,28.3001,70.4391,1280.78,36,3,1.5,0,Steady Regulars
C07356,0.19,Low,28.2938,70.4235,1127.25,45,23,1.5,0,Champions
C04106,0.0254,Low,28.2921,70.4191,8422.94,5,73,1.5,0,Champions
C08927,0.4687,Medium,28.2888,70.4111,456.98,23,4,2.0,0,Steady Regulars
C13062,0.7989,High,28.276,70.3791,267.97,217,1,1.0,0,Steady Regulars
C01322,0.3829,Medium,28.2686,70.3607,558.96,31,8,2.0,0,Champions
C09267,0.2598,Low,28.2378,70.284,823.02,19,8,1.0,0,Champions
C16665,0.813,High,28.2363,70.2804,262.94,179,1,0.5,0,Steady Regulars
C11366,0.2428,Low,28.2334,70.2731,880.29,27,9,2.0,0,Champions
C08980,0.5467,Medium,28.233,70.2721,390.94,139,3,0.3333,0,Deal Hunters
C05679,0.4207,Medium,28.2285,70.2609,507.97,53,2,1.0,0,Steady Regulars
C06409,0.7391,High,28.2146,70.2263,288.99,175,2,0.5,0,Steady Regulars
C10353,0.6641,High,28.2046,70.2014,321.55,134,2,0.5,0,Steady Regulars
C17967,0.691,High,28.2018,70.1944,308.97,149,1,0.5,0,Steady Regulars
C02335,0.7708,High,28.2011,70.1927,276.99,48,1,2.0,0,Steady Regulars
C00198,0.109,Low,28.1798,70.1397,1957.15,28,34,1.0,0,Champions
C14707,0.6959,High,28.1462,70.0562,306.2,158,8,0.5,0,Champions
C11076,0.3426,Medium,28.1421,70.0459,621.92,80,11,2.0,0,Champions
C02345,0.7863,High,28.1421,70.0458,270.95,263,7,1.0,0,Steady Regulars
C05649,0.2262,Low,28.1403,70.0414,941.75,3,11,1.6667,0,Champions
C00753,0.5543,Medium,28.1144,69.9768,383.96,30,3,3.0,0,Steady Regulars
C11109,0.1396,Low,28.1123,69.9717,1524.07,27,18,1.5,0,Champions
C06911,0.1972,Low,28.105,69.9536,1078.75,33,5,1.0,0,Steady Regulars
C11315,0.9411,High,28.0926,69.9227,225.99,338,1,1.0,0,Steady Regulars
C06785,0.6502,High,28.0854,69.9048,327.04,10,1,2.0,0,Deal Hunters
C04340,0.802,High,28.0707,69.8682,264.97,196,1,1.0,0,Steady Regulars
C03404,0.1967,Low,28.0688,69.8635,1080.59,19,6,1.3333,0,Champions
C13621,0.2576,Low,28.0636,69.8505,824.83,53,17,4.0,0,Champions
C00249,0.1305,Low,28.0476,69.8107,1626.74,34,12,1.0,0,Champions
C09808,0.6632,High,28.0251,69.7547,319.92,82,3,1.0,0,Steady Regulars
C11932,0.3258,Medium,28.0247,69.7537,651.17,1,6,2.0,0,Champions
C12882,0.2306,Low,28.0243,69.7526,920.16,10,13,2.0,0,Champions
C06461,0.1211,Low,28.0142,69.7275,1751.75,10,22,3.0,0,Champions
C07111,0.6224,High,28.0134,69.7254,340.73,137,3,0.3333,0,Steady Regulars
C17179,0.1354,Low,28.0064,69.7081,1565.87,61,12,4.0,0,Champions
C11592,0.1539,Low,27.9877,69.6616,1376.62,36,19,0.6,0,Champions
C13229,0.7513,High,27.9776,69.6365,281.93,122,1,0.5,0,Steady Regulars
C03953,0.7618,High,27.9693,69.6157,277.95,123,1,0.5,0,Steady Regulars
C11379,0.8239,High,27.9662,69.6079,256.97,278,9,1.0,0,Champions
C09136,0.2515,Low,27.9587,69.5894,841.62,23,5,2.0,0,Champions
C04219,0.4901,Medium,27.957,69.5852,431.9,116,6,0.5,0,Steady Regulars
C12883,0.2789,Low,27.9548,69.5797,758.91,62,4,4.0,0,Steady Regulars
C01075,0.5437,Medium,27.947,69.5604,389.13,38,5,2.0,0,Deal Hunters
C11652,0.6064,High,27.946,69.5578,348.91,67,4,2.0,0,Steady Regulars
C10403,0.0681,Low,27.9454,69.5562,3108.68,8,10,3.0,0,Champions
C14617,0.1761,Low,27.9262,69.5086,1200.79,16,7,1.5,0,Champions
C12390,0.6271,High,27.9091,69.4659,336.96,76,1,2.0,0,Steady Regulars
C15024,0.5705,Medium,27.9068,69.4602,370.36,126,3,0.3333,0,Steady Regulars
C00501,0.0942,Low,27.8984,69.4393,2242.06,49,29,1.0,0,Champions
C12021,0.5543,Medium,27.8888,69.4153,380.92,106,3,0.3333,0,Steady Regulars
C16219,0.9342,High,27.8861,69.4086,225.99,320,1,1.0,0,Steady Regulars
C00263,0.5178,Medium,27.8851,69.4061,407.71,14,4,2.0,0,Deal Hunters
C08758,0.2473,Low,27.8698,69.368,853.21,39,6,6.0,0,Champions
C14691,0.2648,Low,27.8661,69.3588,796.61,13,5,1.0,0,Steady Regulars
C09166,0.2587,Low,27.8632,69.3517,815.39,11,4,4.0,0,Steady Regulars
C14654,0.1484,Low,27.8548,69.3308,1420.98,24,18,0.5,0,Champions
C13181,0.9091,High,27.854,69.3289,231.97,209,1,1.0,0,Steady Regulars
C04449,0.4532,Medium,27.8327,69.2759,464.97,96,5,0.5,0,Steady Regulars
C17505,0.3569,Medium,27.8106,69.2209,589.96,78,2,1.0,0,Steady Regulars
C17239,0.7713,High,27.8077,69.2136,272.96,200,4,1.0,0,Steady Regulars
C10247,0.3668,Medium,27.795,69.1818,573.74,75,4,4.0,0,Steady Regulars
C02570,0.0391,Low,27.7851,69.1574,5382.48,4,99,0.75,0,Champions
C01248,0.3547,Medium,27.7736,69.1286,592.8,33,9,3.0,0,Champions
C03861,0.0294,Low,27.7713,69.1229,7161.78,2,27,1.1111,0,Champions
C06132,0.8244,High,27.761,69.0972,254.94,224,2,1.0,0,Steady Regulars
C16744,0.1469,Low,27.7569,69.0871,1430.65,38,20,3.0,0,Champions
C11983,0.4796,Medium,27.7562,69.0854,438.11,37,5,1.0,0,Steady Regulars
C12583,0.3214,Medium,27.7558,69.0844,653.71,49,4,1.0,0,Steady Regulars
C17896,0.5968,Medium,27.7512,69.0728,352.04,33,1,2.0,0,Deal Hunters
C11709,0.8097,High,27.7481,69.0653,259.45,281,1,1.0,0,Steady Regulars
C10374,0.7403,High,27.7476,69.064,283.77,196,2,1.0,0,Steady Regulars
C10365,0.5049,Medium,27.7422,69.0505,415.98,53,3,2.0,0,Steady Regulars
C13044,0.1875,Low,27.7397,69.0442,1120.2,52,7,0.4,0,Champions
C07160,0.9331,High,27.7289,69.0173,224.97,358,2,1.0,0,Deal Hunters
C05829,0.8428,High,27.7154,68.9838,248.97,280,5,1.0,0,Steady Regulars
C04307,0.0787,Low,27.7129,68.9775,2664.61,27,26,1.3333,0,Champions
C01043,0.0701,Low,27.7064,68.9614,2994.08,1,21,2.6667,0,Champions
C14516,0.3784,Medium,27.695,68.9331,554.07,29,5,1.0,0,Steady Regulars
C08141,0.7407,High,27.685,68.9081,282.96,95,1,0.5,0,Steady Regulars
C01443,0.5088,Medium,27.6837,68.905,411.93,113,5,0.3333,0,Steady Regulars
C02920,0.4089,Medium,27.6805,68.8969,512.52,31,2,1.0,0,Steady Regulars
C17935,0.1813,Low,27.6772,68.8887,1155.54,31,6,1.3333,0,Steady Regulars
C02904,0.2285,Low,27.6723,68.8765,916.9,9,5,1.5,0,Steady Regulars
C02244,0.927,High,27.6701,68.871,225.99,353,1,1.0,0,Steady Regulars
C11769,0.0649,Low,27.6634,68.8544,3225.23,21,28,1.6667,0,Champions
C08751,0.0807,Low,27.6481,68.8164,2592.4,37,30,1.0,0,Champions
C14958,0.9102,High,27.6476,68.815,229.97,296,1,1.0,0,Steady Regulars
C02198,0.3592,Medium,27.6322,68.7767,582.37,14,10,0.6667,0,Champions
C16547,0.4084,Medium,27.6173,68.7396,511.96,98,11,0.5,0,Steady Regulars
C10983,0.2165,Low,27.6172,68.7394,965.75,34,14,0.6667,0,Champions
C17978,0.1519,Low,27.6061,68.7118,1376.01,31,16,1.5,0,Champions
C00858,0.6219,High,27.5836,68.6557,335.77,119,3,0.5,0,Steady Regulars
C06114,0.2346,Low,27.5754,68.6354,889.81,32,10,1.0,0,Champions
C12229,0.715,High,27.5751,68.6345,291.99,134,1,0.5,0,Steady Regulars
C11504,0.7403,High,27.5716,68.6258,281.96,182,1,1.0,0,Steady Regulars
C10433,0.7324,High,27.5386,68.5438,284.65,224,4,1.0,0,Steady Regulars
C10920,0.9218,High,27.5162,68.488,225.99,318,1,1.0,0,Steady Regulars
C06649,0.3148,Medium,27.4807,68.3996,660.93,6,9,2.0,0,Champions
C10449,0.9458,High,27.4789,68.3951,219.95,329,1,1.0,0,Steady Regulars
C10413,0.8219,High,27.4639,68.3579,252.97,248,5,1.0,0,Steady Regulars
C03018,0.0455,Low,27.443,68.3059,4568.62,30,87,1.0,0,Champions
C05240,0.3394,Medium,27.4402,68.2988,612.17,60,11,2.0,0,Champions
C14681,0.0896,Low,27.4397,68.2976,2318.24,6,18,1.5,0,Champions
C00650,0.1671,Low,27.4391,68.2961,1242.91,17,7,1.6667,0,Champions
C16959,0.5987,Medium,27.4258,68.2629,346.79,145,4,0.5,0,Steady Regulars
C00477,0.0908,Low,27.4196,68.2476,2287.42,6,22,0.75,0,Champions
C09790,0.6216,High,27.417,68.241,333.94,87,1,2.0,0,Steady Regulars
C15456,0.3737,Medium,27.4135,68.2324,555.37,16,4,1.0,0,Steady Regulars
C16581,0.3094,Medium,27.4044,68.2097,670.51,14,6,2.0,0,Champions
C03342,0.2524,Low,27.4022,68.2042,822.0,6,8,3.0,0,Champions
C17008,0.7463,High,27.401,68.2011,277.97,121,1,0.5,0,Steady Regulars
C08741,0.2317,Low,27.3845,68.1601,894.92,35,3,1.5,0,Steady Regulars
C02050,0.1233,Low,27.3777,68.1433,1681.06,60,12,0.8,0,Champions
C17720,0.7699,High,27.3617,68.1033,269.05,206,3,1.0,0,Steady Regulars
C08598,0.1351,Low,27.3592,68.0973,1533.03,1,12,0.6,0,Champions
C01639,0.5618,Medium,27.3342,68.0351,368.33,35,3,1.0,0,Steady Regulars
C17974,0.6407,High,27.332,68.0294,322.94,30,1,2.0,0,Steady Regulars
C14112,0.7147,High,27.3301,68.0247,289.51,169,3,0.5,0,Steady Regulars
C02019,0.9074,High,27.3216,68.0035,227.95,341,1,1.0,0,Deal Hunters
C14137,0.172,Low,27.3182,67.9951,1202.76,11,13,5.0,0,Champions
C06378,0.1702,Low,27.3154,67.9882,1214.7,20,19,0.5,0,Champions
C00607,0.9333,High,27.3,67.9498,221.46,314,12,1.0,0,Champions
C12623,0.554,Medium,27.2946,67.9363,372.97,27,6,3.0,0,Steady Regulars
C13250,0.2858,Low,27.2775,67.8938,722.63,14,15,1.5,0,Champions
C13993,0.1391,Low,27.2578,67.8448,1483.86,20,17,1.3333,0,Champions
C08128,0.2258,Low,27.2524,67.8314,913.6,21,4,0.6667,0,Steady Regulars
C00628,0.17,Low,27.2459,67.8153,1213.14,52,11,0.5,0,Champions
C17881,0.0909,Low,27.2414,67.804,2269.06,24,30,0.5,0,Champions
C05169,0.5943,Medium,27.2368,67.7925,346.96,141,4,0.3333,0,Steady Regulars
C09996,0.5165,Medium,27.2349,67.7879,399.22,24,4,1.0,0,Steady Regulars
C02608,0.5219,Medium,27.2231,67.7584,394.87,85,5,1.0,0,Steady Regulars
C16949,0.331,Medium,27.2186,67.7472,622.55,35,2,1.0,0,Steady Regulars
C15537,0.8731,High,27.214,67.7359,235.98,193,1,1.0,0,Steady Regulars
C08349,0.0289,Low,27.2097,67.7251,7127.76,11,120,1.2222,0,Champions
C13704,0.3423,Medium,27.2089,67.7231,601.85,72,6,0.5,0,Steady Regulars
C08699,0.2865,Low,27.2067,67.7176,718.93,1,4,2.0,0,Steady Regulars
C14994,0.7218,High,27.1693,67.6245,284.96,201,11,1.0,0,Champions
C11555,0.4525,Medium,27.1683,67.622,454.53,108,8,0.25,0,Champions
C06594,0.5364,Medium,27.1571,67.5942,383.26,99,4,0.3333,0,Steady Regulars
C09634,0.272,Low,27.1511,67.5793,755.6,33,5,1.0,0,Steady Regulars
C12442,0.8711,High,27.1487,67.5734,235.96,244,2,1.0,0,Steady Regulars
C01190,0.9589,High,27.1467,67.5682,214.34,362,8,1.0,0,Steady Regulars
C03220,0.3554,Medium,27.1324,67.5327,577.91,97,13,0.5,0,Champions
C17072,0.5022,Medium,27.1271,67.5196,408.95,5,3,3.0,0,Steady Regulars
C15035,0.8347,High,27.1177,67.496,245.96,211,3,1.0,0,Steady Regulars
C17528,0.4685,Medium,27.0965,67.4434,437.84,107,9,0.5,0,Champions
C12002,0.0659,Low,27.0945,67.4384,3113.54,34,31,0.6667,0,Champions
C15666,0.1156,Low,27.0855,67.416,1773.78,12,21,1.3333,0,Champions
C04231,0.0669,Low,27.0764,67.3932,3062.13,11,15,0.5,0,Champions
C08941,0.7796,High,27.073,67.385,262.9,286,11,1.0,0,Champions
C14587,0.2374,Low,27.0627,67.3593,862.89,55,17,1.0,0,Champions
C00378,0.547,Medium,27.0223,67.2587,373.98,44,2,2.0,0,Steady Regulars
C04870,0.9051,High,27.0189,67.2503,225.99,289,1,1.0,0,Steady Regulars
C04354,0.1838,Low,27.0082,67.2237,1112.44,75,7,0.5,0,Steady Regulars
C00932,0.0576,Low,26.9974,67.1968,3550.6,29,12,0.8,0,Champions
C13235,0.2703,Low,26.9848,67.1654,755.92,63,17,1.5,0,Champions
C03969,0.5947,Medium,26.9812,67.1563,343.5,183,7,1.0,0,Steady Regulars
C13267,0.1319,Low,26.9782,67.149,1548.66,16,26,0.75,0,Champions
C17227,0.6358,High,26.9528,67.0857,320.95,39,1,2.0,0,Steady Regulars
C13632,0.1248,Low,26.9461,67.0691,1634.78,46,26,1.5,0,Champions
C11400,0.8193,High,26.9414,67.0572,248.96,310,7,1.0,0,Steady Regulars
C14748,0.8679,High,26.9311,67.0318,234.92,223,4,1.0,0,Steady Regulars
C08564,0.0907,Low,26.9076,66.9732,2246.87,4,17,0.5,0,Champions
C02999,0.8742,High,26.9031,66.9619,232.98,275,1,1.0,0,Steady Regulars
C17315,0.9012,High,26.9022,66.9597,225.99,298,1,1.0,0,Steady Regulars
C17694,0.9258,High,26.8993,66.9525,219.98,327,1,1.0,0,Steady Regulars
C14429,0.7142,High,26.8827,66.9111,284.97,109,1,0.5,0,Steady Regulars
C16411,0.2637,Low,26.8557,66.844,771.06,24,10,1.0,0,Champions
C15475,0.8263,High,26.8471,66.8226,245.97,163,1,0.5,0,Steady Regulars
C09269,0.7472,High,26.8431,66.8126,271.96,221,8,1.0,0,Steady Regulars
C08563,0.2321,Low,26.8265,66.7714,875.11,6,3,3.0,0,Steady Regulars
C00658,0.7903,High,26.8258,66.7696,256.98,220,5,1.0,0,Steady Regulars
C06249,0.2437,Low,26.8176,66.7492,833.27,26,7,0.6667,0,Champions
C01894,0.0954,Low,26.8152,66.7431,2127.77,39,23,0.75,0,Champions
C10529,0.6592,High,26.8144,66.7413,307.97,57,1,2.0,0,Steady Regulars
C02862,0.3561,Medium,26.807,66.7229,569.94,62,9,0.6667,0,Champions
C13047,0.5928,Medium,26.777,66.6482,341.96,85,1,2.0,0,Steady Regulars
C13739,0.2174,Low,26.7733,66.6388,932.29,28,8,1.3333,0,Champions
C17408,0.1031,Low,26.7671,66.6236,1966.13,27,29,1.3333,0,Champions
C04948,0.3204,Medium,26.76,66.6059,632.26,9,9,1.3333,0,Champions
C10538,0.1563,Low,26.7581,66.6012,1296.29,18,13,1.0,0,Champions
C15000,0.1112,Low,26.7567,66.5976,1822.26,6,19,1.3333,0,Champions
C13357,0.1604,Low,26.7335,66.5398,1261.41,30,26,0.6667,0,Champions
C11318,0.2271,Low,26.7323,66.5368,891.12,13,15,3.0,0,Champions
C01781,0.301,Medium,26.7262,66.5216,672.3,59,4,1.5,0,Steady Regulars
C15060,0.7489,High,26.7043,66.4672,269.97,220,1,1.0,0,Steady Regulars
C10394,0.0883,Low,26.7011,66.4593,2288.77,5,31,0.8333,0,Champions
C16696,0.4388,Medium,26.6797,66.4059,460.36,13,2,2.0,0,Steady Regulars
C08475,0.1441,Low,26.678,66.4016,1401.83,42,17,0.75,0,Champions
C12911,0.0831,Low,26.6768,66.3988,2429.26,30,21,1.3333,0,Champions
C04928,0.1105,Low,26.6752,66.3947,1827.71,1,25,0.5,0,Champions
C14826,0.2477,Low,26.671,66.3844,815.09,59,5,4.0,0,Steady Regulars
C11245,0.4006,Medium,26.6319,66.2869,503.26,37,4,0.6667,0,Deal Hunters
C08203,0.1423,Low,26.6165,66.2487,1415.78,1,23,3.0,0,Champions
C15120,0.3387,Medium,26.6122,66.2379,594.91,71,5,0.5,0,Steady Regulars
C13996,0.1108,Low,26.602,66.2126,1816.95,1,24,1.0,0,Champions
C04485,0.3292,Medium,26.5986,66.204,611.66,47,3,1.5,0,Deal Hunters
C13741,0.2362,Low,26.5887,66.1795,852.07,28,7,0.5,0,Champions
C10839,0.5035,Medium,26.5853,66.1709,399.74,122,9,0.5,0,Champions
C04893,0.293,Low,26.5842,66.1683,686.87,19,9,0.4,0,Champions
C08214,0.6471,High,26.5821,66.163,310.98,152,1,0.5,0,Steady Regulars
C15619,0.3073,Medium,26.5614,66.1115,654.34,79,3,1.5,0,Steady Regulars
C12537,0.0707,Low,26.5463,66.0738,2842.84,10,18,0.8,0,Champions
C10732,0.6513,High,26.5188,66.0054,308.25,11,1,2.0,0,New & Promising
C15975,0.6432,High,26.5048,65.9707,311.98,122,2,0.3333,0,Steady Regulars
C06910,0.211,Low,26.4988,65.9558,950.86,5,7,3.0,0,Champions
C07154,0.5144,Medium,26.477,65.9014,389.68,129,11,0.3333,0,Champions
C03457,0.5957,Medium,26.4621,65.8644,336.32,165,11,0.5,0,Champions
C17402,0.4309,Medium,26.4606,65.8606,464.89,130,13,0.5,0,Champions
C16791,0.3332,Medium,26.4511,65.8369,600.94,75,2,1.0,0,Steady Regulars
C01217,0.0699,Low,26.4361,65.7995,2863.19,11,28,2.0,0,Champions
C11602,0.0742,Low,26.4294,65.7829,2695.14,10,17,0.75,0,Champions
C01964,0.1659,Low,26.429,65.7819,1206.16,46,17,1.3333,0,Champions
C05076,0.6413,High,26.4247,65.7712,311.97,103,3,0.3333,0,Steady Regulars
C02075,0.5886,Medium,26.3967,65.7016,339.54,140,25,0.5,0,Champions
C10570,0.1571,Low,26.3796,65.659,1271.03,50,23,2.0,0,Champions
C05178,0.2487,Low,26.3728,65.642,802.86,38,5,0.6667,0,Steady Regulars
C04762,0.0513,Low,26.3151,65.4985,3882.07,14,63,0.4,0,Champions
C01488,0.6187,High,26.3129,65.493,321.99,172,1,0.5,0,Steady Regulars
C13149,0.6261,High,26.2994,65.4593,318.03,17,3,1.0,0,Steady Regulars
C04783,0.8504,High,26.299,65.4583,234.13,237,3,1.0,0,Steady Regulars
C05872,0.638,High,26.2892,65.434,311.95,31,4,1.0,0,Steady Regulars
C14580,0.182,Low,26.2871,65.4288,1093.26,5,10,2.5,0,Champions
C04547,0.7835,High,26.2837,65.4203,253.97,173,1,0.5,0,Steady Regulars
C16072,0.1976,Low,26.2499,65.3362,1005.9,26,15,2.0,0,Champions
C17443,0.1972,Low,26.2478,65.3309,1007.74,13,8,2.0,0,Champions
C02758,0.4867,Medium,26.2384,65.3074,408.15,95,6,0.3333,0,Steady Regulars
C12086,0.6533,High,26.2307,65.2884,303.98,88,1,2.0,0,Steady Regulars
C08865,0.521,Medium,26.2155,65.2506,380.94,78,6,2.0,0,Steady Regulars
C11682,0.878,High,26.2067,65.2286,225.96,249,1,1.0,0,Steady Regulars
C10140,0.3909,Medium,26.2059,65.2266,507.49,23,8,0.5,0,Champions
C05817,0.2794,Low,26.1952,65.2,709.86,13,9,1.0,0,Champions
C12261,0.3987,Medium,26.1692,65.1352,496.92,54,4,3.0,0,Steady Regulars
C17609,0.4102,Medium,26.167,65.1299,482.96,44,2,1.0,0,Steady Regulars
C07923,0.257,Low,26.1667,65.1291,770.9,2,9,1.0,0,Champions
C07702,0.235,Low,26.1643,65.1231,842.85,41,6,0.75,0,Steady Regulars
C03121,0.0585,Low,26.1498,65.0871,3382.18,4,40,0.5,0,Champions
C16330,0.2881,Low,26.1468,65.0796,687.11,23,7,1.5,0,Champions
C07085,0.2112,Low,26.1178,65.0074,936.37,14,4,1.5,0,Steady Regulars
C03740,0.1383,Low,26.1132,64.9959,1429.43,1,25,1.0,0,Champions
C03835,0.422,Medium,26.109,64.9854,468.43,25,4,3.0,0,Steady Regulars
C09204,0.8411,High,26.104,64.9731,234.95,281,9,1.0,0,Steady Regulars
C13760,0.7573,High,26.1034,64.9715,260.97,8,1,2.0,0,New & Promising
C09799,0.9061,High,26.0875,64.9319,217.98,323,2,1.0,0,Steady Regulars
C05179,0.7262,High,26.0852,64.9262,271.95,7,1,2.0,0,New & Promising
C01903,0.054,Low,26.0801,64.9135,3654.29,14,31,0.5714,0,Champions
C02094,0.2903,Low,26.0784,64.9093,680.12,85,12,1.0,0,Champions
C07477,0.2872,Low,26.0705,64.8896,687.16,23,10,1.5,0,Champions
C01449,0.8729,High,26.054,64.8485,225.97,279,3,1.0,0,Steady Regulars
C03233,0.3207,Medium,26.0529,64.8458,614.96,15,4,0.6667,0,Steady Regulars
C16439,0.8767,High,26.0503,64.8394,224.96,275,1,1.0,0,Steady Regulars
C02560,0.3678,Medium,26.036,64.8037,535.89,1,4,2.0,0,Champions
C06046,0.5977,Medium,26.0334,64.7973,329.73,154,4,0.5,0,Steady Regulars
C04447,0.1831,Low,26.0192,64.762,1075.66,22,8,3.0,0,Champions
C15544,0.1023,Low,26.018,64.7589,1925.18,69,33,2.0,0,Champions
C08082,0.8381,High,26.014,64.7491,234.98,240,3,1.0,0,Steady Regulars
C16342,0.8138,High,26.011,64.7415,241.97,139,1,0.5,0,Steady Regulars
C13493,0.5792,Medium,26.0047,64.7258,339.9,114,4,0.3333,0,Steady Regulars
C11257,0.1283,Low,25.9944,64.7003,1533.67,44,13,2.5,0,Champions
C00644,0.2387,Low,25.978,64.6593,823.91,6,6,0.5,0,Champions
C01742,0.4606,Medium,25.9747,64.6512,426.91,1,2,2.0,0,Steady Regulars
C16598,0.1417,Low,25.973,64.6471,1388.0,36,11,1.0,0,Champions
C15503,0.7534,High,25.9688,64.6365,260.95,203,3,1.0,0,Steady Regulars
C01625,0.3782,Medium,25.9628,64.6215,519.74,34,3,2.0,0,Deal Hunters
C02063,0.5639,Medium,25.9607,64.6163,348.56,35,5,2.0,0,Champions
C07585,0.8807,High,25.9589,64.612,223.14,320,4,1.0,0,Steady Regulars
C03514,0.1006,Low,25.9415,64.5684,1951.65,37,21,0.8,0,Champions
C10926,0.2039,Low,25.9312,64.543,962.68,20,4,1.0,0,Steady Regulars
C14629,0.7193,High,25.9282,64.5355,272.9,134,2,0.5,0,Steady Regulars
C04721,0.5406,Medium,25.9176,64.5091,362.98,6,4,2.0,0,Champions
C16596,0.2796,Low,25.9105,64.4915,701.63,71,12,1.5,0,Champions
C03561,0.2933,Low,25.9104,64.4911,668.9,9,2,1.0,0,Steady Regulars
C01876,0.4552,Medium,25.9018,64.4697,430.77,61,2,2.0,0,Steady Regulars
C16105,0.2461,Low,25.8849,64.4276,796.19,7,7,2.5,0,Champions
C16024,0.7422,High,25.878,64.4104,263.97,113,1,0.5,0,Steady Regulars
C09721,0.7902,High,25.8727,64.3972,247.88,164,1,0.5,0,Steady Regulars
C04965,0.1852,Low,25.8715,64.3944,1057.7,17,5,1.3333,0,Steady Regulars
C02929,0.5518,Medium,25.8705,64.3919,354.94,91,1,0.5,0,Steady Regulars
C04889,0.3326,Medium,25.866,64.3807,588.84,49,3,1.0,0,Steady Regulars
C17986,0.4304,Medium,25.8616,64.3696,454.9,96,11,0.2,0,Champions
C03039,0.0939,Low,25.8566,64.3572,2084.68,64,28,1.0,0,Champions
C08202,0.8034,High,25.848,64.3358,243.59,38,1,2.0,0,Deal Hunters
C07076,0.0816,Low,25.8307,64.2927,2396.36,29,21,2.5,0,Champions
C15219,0.2605,Low,25.828,64.2859,750.5,36,16,1.0,0,Champions
C11676,0.1612,Low,25.8269,64.2832,1212.76,18,6,1.3333,0,Champions
C16233,0.9011,High,25.8228,64.273,216.95,298,5,1.0,0,Steady Regulars
C16866,0.2533,Low,25.8218,64.2707,771.64,33,6,0.4,0,Steady Regulars
C12000,0.2938,Low,25.8199,64.2659,665.31,40,12,1.5,0,Champions
C02325,0.8422,High,25.8058,64.2308,231.98,186,1,1.0,0,Steady Regulars
C02487,0.8455,High,25.7965,64.2077,230.98,282,2,1.0,0,Steady Regulars
C13106,0.5412,Medium,25.7879,64.1862,360.72,26,4,2.0,0,Steady Regulars
C09597,0.1251,Low,25.7751,64.1543,1559.81,11,18,0.5,0,Champions
C17232,0.3057,Medium,25.7594,64.1153,637.92,55,13,3.0,0,Champions
C09679,0.2186,Low,25.7483,64.0877,891.55,68,7,0.4,0,Steady Regulars
C09420,0.7876,High,25.7349,64.0542,247.37,306,2,1.0,0,Steady Regulars
C06241,0.3592,Medium,25.7267,64.0338,542.2,60,11,0.6667,0,Champions
C11581,0.7435,High,25.7265,64.0334,261.96,224,11,1.0,0,Champions
C02107,0.0691,Low,25.6964,63.9586,2815.22,1,31,1.3333,0,Champions
C16649,0.0802,Low,25.6877,63.937,2424.59,1,14,1.3333,0,Champions
C04627,0.0492,Low,25.6646,63.8794,3951.13,5,23,1.0,0,Champions
C15517,0.8373,High,25.6556,63.8568,231.98,215,1,1.0,0,Steady Regulars
C10183,0.7648,High,25.6525,63.8493,253.94,235,8,1.0,0,Steady Regulars
C04413,0.3892,Medium,25.6509,63.8454,498.93,15,4,3.0,0,Steady Regulars
C03354,0.7542,High,25.6377,63.8123,257.37,145,2,0.3333,0,Steady Regulars
C14499,0.6096,High,25.6353,63.8064,318.36,17,1,2.0,0,New & Promising
C13747,0.1685,Low,25.6223,63.774,1151.18,25,16,0.5,0,Champions
C07473,0.4789,Medium,25.6196,63.7674,404.97,7,4,3.0,0,Steady Regulars
C13926,0.0339,Low,25.6189,63.7656,5729.09,1,84,2.2857,0,Champions
C04972,0.7574,High,25.6075,63.7372,255.98,118,1,0.5,0,Steady Regulars
C00001,0.3731,Medium,25.6051,63.7314,519.55,60,6,1.0,0,Steady Regulars
C04916,0.9274,High,25.5971,63.7113,208.96,273,8,1.0,0,Steady Regulars
C01611,0.091,Low,25.5917,63.6978,2129.46,6,20,1.2,0,Champions
C07146,0.637,High,25.5732,63.6518,303.94,72,1,2.0,0,Steady Regulars
C16073,0.4772,Medium,25.5716,63.6478,405.7,141,16,0.3333,0,Champions
C08923,0.092,Low,25.5644,63.6299,2102.67,14,22,2.5,0,Champions
C10561,0.8838,High,25.5624,63.6248,218.96,251,4,1.0,0,Steady Regulars
C07690,0.2673,Low,25.554,63.6041,723.65,39,9,0.75,0,Champions
C03212,0.8557,High,25.5422,63.5747,225.97,268,1,1.0,0,Steady Regulars
C16392,0.5055,Medium,25.54,63.5691,382.53,16,1,2.0,0,Steady Regulars
C00278,0.4698,Medium,25.5211,63.5222,411.28,150,5,0.25,0,Steady Regulars
C12017,0.1947,Low,25.5184,63.5155,992.11,16,15,2.5,0,Champions
C03135,0.6924,High,25.5127,63.5012,278.96,148,3,0.5,0,Steady Regulars
C00678,0.246,Low,25.506,63.4845,784.89,47,4,1.5,0,Steady Regulars
C02624,0.3675,Medium,25.4884,63.4408,525.11,21,10,1.0,0,Champions
C03158,0.4237,Medium,25.4866,63.4363,455.36,74,7,1.0,0,Steady Regulars
C05726,0.189,Low,25.4847,63.4317,1020.82,3,8,1.25,0,Champions
C15177,0.2326,Low,25.467,63.3874,828.82,63,15,1.0,0,Champions
C11855,0.0634,Low,25.4428,63.3272,3038.12,12,30,1.0,0,Champions
C11912,0.695,High,25.4273,63.2886,276.99,22,1,2.0,0,New & Promising
C09408,0.1054,Low,25.4105,63.2469,1824.42,21,39,0.6667,0,Champions
C14450,0.6702,High,25.4055,63.2345,286.97,49,1,2.0,0,Steady Regulars
C12190,0.3474,Medium,25.3985,63.217,553.52,79,13,1.0,0,Champions
C07587,0.8508,High,25.3977,63.2151,225.99,279,3,1.0,0,Steady Regulars
C05311,0.072,Low,25.3977,63.215,2671.58,12,30,0.4286,0,Champions
C09001,0.6916,High,25.3918,63.2004,277.97,9,1,2.0,0,New & Promising
C17085,0.8504,High,25.3816,63.1748,225.96,338,9,1.0,0,Steady Regulars
C13406,0.1604,Low,25.3648,63.1332,1197.42,6,18,2.5,0,Champions
C10288,0.5494,Medium,25.357,63.1137,349.42,138,8,0.5,0,Steady Regulars
C02111,0.0384,Low,25.354,63.1063,5002.5,31,61,0.5714,0,Champions
C02600,0.831,High,25.3532,63.1042,230.98,282,1,1.0,0,Steady Regulars
C10246,0.496,Medium,25.3509,63.0986,386.94,133,10,0.3333,0,Champions
C13343,0.287,Low,25.3384,63.0675,668.45,14,8,6.0,0,Champions
C05477,0.9403,High,25.3345,63.0578,203.97,346,5,1.0,0,Steady Regulars
C00653,0.275,Low,25.3338,63.056,697.56,24,12,3.0,0,Champions
C10685,0.2133,Low,25.3271,63.0392,899.07,30,15,1.5,0,Champions
C10110,0.8087,High,25.3109,62.9991,236.95,175,2,0.5,0,Steady Regulars
C01990,0.1234,Low,25.3106,62.9983,1552.46,31,9,0.8,0,Champions
C08392,0.1987,Low,25.2988,62.9689,963.75,11,9,1.0,0,Champions
C05160,0.268,Low,25.2956,62.9609,714.45,44,5,0.6667,0,Steady Regulars
C10102,0.8707,High,25.2948,62.959,219.94,282,3,1.0,0,Steady Regulars
C13054,0.1915,Low,25.2916,62.951,999.78,1,9,2.5,0,Champions
C11417,0.3784,Medium,25.2794,62.9206,505.75,31,3,3.0,0,Steady Regulars
C16726,0.5694,Medium,25.2686,62.8938,335.96,121,10,0.25,0,Champions
C14904,0.6637,High,25.2462,62.8378,287.99,59,1,2.0,0,Deal Hunters
C16390,0.4809,Medium,25.2163,62.7634,396.95,29,2,2.0,0,Steady Regulars
C09636,0.183,Low,25.2114,62.7513,1042.91,14,12,1.0,0,Champions
C05937,0.5889,Medium,25.1975,62.7167,323.95,82,4,2.0,0,Steady Regulars
C17593,0.4105,Medium,25.1963,62.7138,464.72,119,4,0.25,0,Deal Hunters
C05842,0.7541,High,25.1956,62.7119,252.96,215,7,1.0,0,Steady Regulars
C02140,0.488,Medium,25.1938,62.7074,390.89,75,9,1.0,0,Champions
C07261,0.8593,High,25.1926,62.7046,221.95,292,2,1.0,0,Steady Regulars
C13936,0.1361,Low,25.1758,62.6627,1400.87,16,16,1.0,0,Champions
C11594,0.0387,Low,25.1587,62.62,4920.93,13,68,0.5,0,Champions
C13411,0.1169,Low,25.1534,62.607,1628.74,9,28,0.5,0,Champions
C15203,0.8608,High,25.1487,62.5951,221.17,327,6,1.0,0,Steady Regulars
C08972,0.2007,Low,25.1242,62.5343,947.91,6,3,1.5,0,Steady Regulars
C07869,0.26,Low,25.1217,62.5282,731.38,35,9,0.6667,0,Champions
C03565,0.184,Low,25.114,62.5089,1033.06,38,11,1.0,0,Champions
C05286,0.1685,Low,25.1056,62.4881,1127.9,5,5,0.75,0,Champions
C10878,0.406,Medium,25.0983,62.4697,467.98,36,4,0.6667,0,Steady Regulars
C17925,0.1179,Low,25.0899,62.4489,1610.79,8,21,1.75,0,Champions
C15479,0.8147,High,25.0714,62.4028,232.98,173,1,0.5,0,Steady Regulars
C05953,0.2427,Low,25.0672,62.3925,782.1,34,3,1.5,0,Steady Regulars
C14090,0.2555,Low,25.0638,62.384,742.62,31,11,1.3333,0,Champions
C13126,0.8291,High,25.0524,62.3555,228.76,191,1,1.0,0,Deal Hunters
C12422,0.3734,Medium,25.0411,62.3273,507.7,18,9,2.0,0,Champions
C05373,0.2042,Low,25.0396,62.3237,928.48,11,13,6.0,0,Champions
C14369,0.443,Medium,25.0383,62.3205,427.92,109,8,0.3333,0,Steady Regulars
C11814,0.1463,Low,25.0352,62.3128,1295.9,19,7,2.0,0,Champions
C06384,0.411,Medium,25.0191,62.2727,460.87,51,7,1.0,0,Champions
C07020,0.1962,Low,25.0153,62.2631,965.45,21,12,1.0,0,Champions
C11842,0.2497,Low,25.0124,62.2561,758.25,17,15,2.0,0,Champions
C05041,0.5693,Medium,25.0116,62.2539,332.64,145,7,0.5,0,Steady Regulars
C13070,0.1763,Low,24.9888,62.1973,1072.82,47,23,0.6667,0,Champions
C05459,0.1687,Low,24.9887,62.1971,1121.73,22,19,0.75,0,Champions
C05538,0.6349,High,24.9884,62.1963,297.97,104,3,0.3333,0,Steady Regulars
C11343,0.5685,Medium,24.9766,62.167,332.63,114,3,0.5,0,Steady Regulars
C11120,0.1927,Low,24.9631,62.1333,980.72,14,16,2.0,0,Champions
C09807,0.2571,Low,24.9583,62.1214,734.91,69,6,0.6667,0,Steady Regulars
C04253,0.1932,Low,24.9572,62.1187,977.81,34,14,1.0,0,Champions
C11128,0.1768,Low,24.9457,62.0901,1068.45,33,8,0.4,0,Steady Regulars
C08787,0.1611,Low,24.9311,62.0537,1171.35,25,15,0.5,0,Champions
C10728,0.2596,Low,24.9156,62.015,726.74,15,2,1.0,0,Steady Regulars
C03436,0.8267,High,24.8918,61.9558,227.94,290,6,1.0,0,Steady Regulars
C03937,0.3156,Medium,24.8763,61.9174,596.68,22,5,1.0,0,Champions
C14496,0.0841,Low,24.8738,61.911,2238.09,25,20,1.75,0,Champions
C09247,0.1067,Low,24.8637,61.8859,1763.94,32,20,1.0,0,Champions
C15671,0.2872,Low,24.8594,61.8753,655.41,24,3,3.0,0,Deal Hunters
C11919,0.8794,High,24.8541,61.862,213.97,302,1,1.0,0,Steady Regulars
C15471,0.3069,Medium,24.8528,61.8588,613.05,76,7,0.6667,0,Champions
C17887,0.1518,Low,24.851,61.8544,1239.05,38,7,0.6,0,Steady Regulars
C01774,0.1708,Low,24.8302,61.8026,1100.89,47,28,3.0,0,Champions
C05843,0.1177,Low,24.8143,61.7629,1596.03,3,14,1.0,0,Champions
C03485,0.1515,Low,24.8062,61.7427,1239.82,12,14,0.75,0,Champions
C07767,0.2824,Low,24.8014,61.7309,664.81,27,5,5.0,0,Steady Regulars
C03637,0.6886,High,24.7789,61.6749,272.44,180,5,0.5,0,Steady Regulars
C13321,0.072,Low,24.7788,61.6746,2606.23,3,14,1.6667,0,Champions
C09935,0.836,High,24.7745,61.6638,224.35,229,3,1.0,0,Steady Regulars
C03595,0.7502,High,24.7688,61.6497,249.95,202,4,1.0,0,Steady Regulars
C12703,0.1611,Low,24.7586,61.6242,1163.32,16,16,1.0,0,Champions
C02523,0.1181,Low,24.7534,61.6114,1586.61,3,26,1.5,0,Champions
C11609,0.2765,Low,24.752,61.608,677.63,37,13,1.5,0,Champions
C13438,0.6505,High,24.746,61.5929,288.01,139,3,0.5,0,Steady Regulars
C13602,0.1241,Low,24.7446,61.5894,1509.14,5,18,1.3333,0,Champions
C15185,0.7094,High,24.733,61.5606,263.95,8,1,2.0,0,New & Promising
C09669,0.8585,High,24.7204,61.5293,217.99,151,1,0.5,0,Steady Regulars
C07653,0.8624,High,24.7155,61.5171,216.97,244,2,1.0,0,Steady Regulars
C06528,0.8861,High,24.7144,61.5143,211.15,339,10,1.0,0,Champions
C14408,0.3083,Medium,24.7038,61.4878,606.67,41,9,1.0,0,Champions
C08081,0.8829,High,24.6983,61.4743,211.79,327,8,1.0,0,Champions
C14676,0.1087,Low,24.6938,61.463,1720.28,27,11,1.0,0,Champions
C09530,0.4235,Medium,24.6874,61.4471,441.3,76,7,2.0,0,Steady Regulars
C02812,0.8352,High,24.686,61.4436,223.77,197,1,1.0,0,Deal Hunters
C03219,0.3508,Medium,24.6696,61.4029,532.34,58,5,2.0,0,Steady Regulars
C15740,0.1625,Low,24.6691,61.4015,1149.02,17,11,0.6,0,Champions
C13862,0.0652,Low,24.6613,61.3821,2862.03,19,30,6.0,0,Champions
C13774,0.6461,High,24.661,61.3814,288.95,162,8,0.5,0,Steady Regulars
C08695,0.1237,Low,24.5981,61.2247,1505.78,18,14,1.0,0,Champions
C11697,0.2623,Low,24.5969,61.2219,710.05,61,18,0.6667,0,Champions
C12192,0.4403,Medium,24.5968,61.2216,422.95,88,4,2.0,0,Steady Regulars
C00574,0.3022,Medium,24.5848,61.1916,615.97,13,9,2.0,0,Champions
C14547,0.0942,Low,24.583,61.1872,1975.53,37,29,1.6667,0,Champions
C07141,0.3277,Medium,24.5493,61.1035,567.08,3,6,0.75,0,Champions
C09230,0.3637,Medium,24.5461,61.0953,510.98,67,8,0.3333,0,Steady Regulars
C10974,0.8487,High,24.5448,61.0921,218.95,188,1,1.0,0,Steady Regulars
C15803,0.1011,Low,24.5435,61.0889,1837.19,18,25,0.6,0,Champions
C09239,0.463,Medium,24.5189,61.0277,400.95,2,5,3.0,0,Champions
C15325,0.2344,Low,24.5132,61.0134,791.64,20,4,1.5,0,Steady Regulars
C07640,0.0857,Low,24.5113,61.0089,2165.83,4,16,2.5,0,Champions
C01132,0.3263,Medium,24.5037,60.9897,568.57,6,7,2.5,0,Champions
C01150,0.9869,High,24.5031,60.9885,187.96,313,30,1.0,0,Champions
C15432,0.1541,Low,24.5023,60.9865,1203.99,44,8,0.75,0,Champions
C16492,0.7677,High,24.4983,60.9765,241.58,193,2,1.0,0,Steady Regulars
C13322,0.7761,High,24.4971,60.9735,238.96,173,1,0.5,0,Steady Regulars
C06870,0.2252,Low,24.4787,60.9277,822.84,80,18,3.0,0,Champions
C09801,0.1287,Low,24.4707,60.9077,1439.44,17,24,3.0,0,Champions
C16783,0.1195,Low,24.47,60.906,1549.62,38,24,1.6667,0,Champions
C07178,0.0828,Low,24.4609,60.8833,2236.62,55,31,1.0,0,Champions
C05120,0.0751,Low,24.456,60.871,2466.64,34,20,0.6,0,Champions
C05462,0.2599,Low,24.4367,60.8231,711.76,6,10,4.0,0,Champions
C00404,0.5708,Medium,24.425,60.7941,323.94,43,3,3.0,0,Steady Regulars
C10322,0.796,High,24.4226,60.788,232.27,275,1,1.0,0,Steady Regulars
C09262,0.1322,Low,24.4069,60.7489,1397.71,12,19,2.0,0,Champions
C11805,0.2298,Low,24.3981,60.727,803.94,14,7,0.75,0,Steady Regulars
C12173,0.7926,High,24.3898,60.7064,232.98,228,3,1.0,0,Steady Regulars
C03679,0.7327,High,24.3855,60.6957,251.97,125,1,0.5,0,Steady Regulars
C04630,0.9231,High,24.3845,60.6931,199.98,353,1,1.0,0,Steady Regulars
C07821,0.9229,High,24.3773,60.6752,199.98,301,2,1.0,0,Steady Regulars
C05796,0.977,High,24.3611,60.6348,188.78,329,9,1.0,0,Champions
C07517,0.4925,Medium,24.3591,60.63,374.42,24,3,2.0,0,Deal Hunters
C06838,0.1898,Low,24.3446,60.5938,970.88,66,20,1.0,0,Champions
C09922,0.1758,Low,24.3351,60.5702,1047.9,31,16,1.0,0,Champions
C14796,0.9256,High,24.3233,60.5409,198.94,309,12,1.0,0,Champions
C11641,0.2826,Low,24.3111,60.5105,651.35,68,7,0.6667,0,Steady Regulars
C01824,0.6053,High,24.3005,60.4842,303.93,147,8,0.5,0,Champions
C06186,0.3649,Medium,24.2831,60.4407,503.8,34,6,0.6667,0,Steady Regulars
C15233,0.6005,High,24.2751,60.4208,306.05,35,3,1.0,0,Steady Regulars
C09224,0.3379,Medium,24.2684,60.4042,543.68,19,2,1.0,0,Steady Regulars
C05513,0.2141,Low,24.253,60.366,857.59,27,5,0.6667,0,Steady Regulars
C01672,0.4163,Medium,24.2504,60.3594,440.98,21,2,1.0,0,Steady Regulars
C16429,0.0611,Low,24.2423,60.3394,3003.76,31,31,1.3333,0,Champions
C02714,0.2287,Low,24.2408,60.3356,802.29,11,4,1.0,0,Steady Regulars
C08351,0.8414,High,24.2258,60.2981,217.97,284,2,1.0,0,Steady Regulars
C09668,0.8861,High,24.2215,60.2873,206.94,320,5,1.0,0,Steady Regulars
C02671,0.853,High,24.2203,60.2845,214.96,225,5,1.0,0,Steady Regulars
C02536,0.5841,Medium,24.2092,60.2569,313.77,31,4,1.0,0,Deal Hunters
C14354,0.7729,High,24.191,60.2116,236.97,174,1,0.5,0,Steady Regulars
C15735,0.2435,Low,24.1875,60.2029,751.9,38,5,5.0,0,Steady Regulars
C08037,0.149,Low,24.1849,60.1963,1228.59,8,22,6.0,0,Champions
C09303,0.1725,Low,24.1737,60.1685,1060.7,30,8,1.25,0,Steady Regulars
C14983,0.2804,Low,24.1592,60.1323,652.25,73,13,1.0,0,Champions
C15991,0.9194,High,24.1527,60.1163,198.89,145,1,0.5,0,Deal Hunters
C13728,0.3301,Medium,24.152,60.1146,553.88,4,6,2.0,0,Champions
C17270,0.0702,Low,24.1386,60.0812,2601.91,4,27,0.6,0,Champions
C17392,0.4571,Medium,24.1318,60.0642,399.72,40,3,2.0,0,Deal Hunters
C12857,0.3797,Medium,24.1257,60.0489,481.08,44,7,1.0,0,Steady Regulars
C05737,0.2603,Low,24.1145,60.0212,701.4,4,15,4.0,0,Champions
C03043,0.3053,Medium,24.1084,60.0061,597.92,29,12,1.5,0,Champions
C05195,0.0434,Low,24.1026,59.9915,4206.0,22,16,5.0,0,Champions
C03936,0.4957,Medium,24.0981,59.9802,368.03,20,5,4.0,0,Steady Regulars
C17570,0.2246,Low,24.0872,59.9532,812.06,3,12,3.5,0,Champions
C00778,0.1404,Low,24.0743,59.9212,1298.05,38,25,2.0,0,Champions
C00811,0.1678,Low,24.0684,59.9064,1085.65,36,17,1.6667,0,Champions
C02972,0.8802,High,24.0631,59.8932,206.97,262,2,1.0,0,Steady Regulars
C07414,0.2775,Low,24.0622,59.8909,656.42,14,16,4.0,0,Champions
C06670,0.1331,Low,24.0455,59.8495,1367.8,42,21,1.5,0,Champions
C04205,0.4832,Medium,24.0397,59.835,376.62,98,4,0.3333,0,Steady Regulars
C16763,0.7552,High,24.0386,59.8322,240.98,223,2,1.0,0,Steady Regulars
C16160,0.3101,Medium,24.0268,59.8028,586.63,19,8,1.0,0,Champions
C16250,0.5127,Medium,24.0028,59.7432,354.46,135,8,0.5,0,Champions
C06427,0.3725,Medium,24.0024,59.742,487.88,109,15,0.25,0,Champions
C06620,0.4296,Medium,23.9997,59.7354,422.9,95,6,0.5,0,Steady Regulars
C13204,0.7765,High,23.9989,59.7333,233.98,148,1,0.5,0,Steady Regulars
C11335,0.6857,High,23.998,59.7311,264.97,80,1,2.0,0,Steady Regulars
C08812,0.8535,High,23.9867,59.7031,212.76,193,1,1.0,0,Deal Hunters
C07455,0.167,Low,23.9758,59.6758,1086.8,31,11,2.0,0,Champions
C00736,0.8562,High,23.9682,59.6569,211.92,265,12,1.0,0,Champions
C17853,0.81,High,23.9627,59.6433,223.98,24,1,2.0,0,New & Promising
C05761,0.2432,Low,23.9577,59.6308,745.84,16,12,0.6667,0,Champions
C03024,0.1917,Low,23.944,59.5967,945.83,10,16,1.5,0,Champions
C04976,0.1322,Low,23.9438,59.5963,1370.82,28,27,0.3333,0,Champions
C17263,0.352,Medium,23.9394,59.5852,514.9,48,8,1.0,0,Steady Regulars
C12807,0.0319,Low,23.9227,59.5438,5680.42,4,79,0.7143,0,Champions
C00881,0.3894,Medium,23.9158,59.5266,464.95,84,3,3.0,0,Steady Regulars
C07678,0.4821,Medium,23.9148,59.5241,375.53,65,2,2.0,0,Steady Regulars
C11106,0.8665,High,23.9141,59.5223,208.95,273,3,1.0,0,Steady Regulars
C12547,0.8457,High,23.9027,59.4939,213.98,229,3,1.0,0,Steady Regulars
C03606,0.332,Medium,23.8961,59.4776,544.92,6,7,2.0,0,Champions
C02811,0.3406,Medium,23.8867,59.4542,530.93,68,3,1.5,0,Steady Regulars
C02842,0.8371,High,23.8804,59.4384,215.97,246,1,1.0,0,Steady Regulars
C02941,0.0883,Low,23.8549,59.3751,2046.35,17,27,0.5714,0,Champions
C05660,0.8362,High,23.8539,59.3724,215.97,126,1,0.5,0,Steady Regulars
C06345,0.1023,Low,23.8529,59.3701,1764.64,9,22,1.6667,0,Champions
C03102,0.8985,High,23.85,59.3628,200.97,362,1,1.0,0,Steady Regulars
C07249,0.3973,Medium,23.8405,59.339,454.31,22,2,1.0,0,Steady Regulars
C08646,0.4178,Medium,23.8396,59.3369,432.01,36,6,1.0,0,Champions
C06253,0.1924,Low,23.8266,59.3046,937.37,54,21,1.5,0,Champions
C00119,0.6707,High,23.826,59.3031,268.96,63,1,2.0,0,Steady Regulars
C16459,0.4443,Medium,23.8236,59.2971,405.92,32,4,4.0,0,Steady Regulars
C01720,0.3434,Medium,23.7679,59.1584,523.93,73,3,3.0,0,Steady Regulars
C13753,0.2057,Low,23.7607,59.1406,874.38,19,3,1.5,0,Steady Regulars
C09555,0.2875,Low,23.7389,59.0862,625.2,47,9,3.0,0,Steady Regulars
C07516,0.5653,Medium,23.7371,59.0818,317.88,41,3,3.0,0,Steady Regulars
C07028,0.5033,Medium,23.7328,59.0711,356.98,56,2,2.0,0,Steady Regulars
C02127,0.1307,Low,23.7145,59.0255,1373.81,45,7,0.8,0,Champions
C03383,0.7978,High,23.706,59.0043,224.97,208,3,1.0,0,Steady Regulars
C04680,0.1132,Low,23.7021,58.9948,1585.67,40,20,0.6,0,Champions
C02151,0.154,Low,23.695,58.977,1164.78,50,21,1.0,0,Champions
C09732,0.8583,High,23.6897,58.9639,208.96,303,2,1.0,0,Steady Regulars
C02148,0.2088,Low,23.6818,58.944,858.67,4,16,1.3333,0,Champions
C17612,0.4742,Medium,23.674,58.9248,377.94,153,11,0.3333,0,Steady Regulars
C09760,0.5689,Medium,23.6688,58.9119,314.95,161,17,0.5,0,Champions
C02867,0.6973,High,23.6605,58.8911,256.87,141,1,0.5,0,Deal Hunters
C00239,0.4808,Medium,23.6572,58.883,372.54,103,3,0.5,0,Steady Regulars
C06143,0.4195,Medium,23.6554,58.8785,426.93,27,6,3.0,0,Champions
C10644,0.4126,Medium,23.6486,58.8616,433.91,69,8,0.6667,0,Champions
C11243,0.3136,Medium,23.6483,58.8607,570.98,67,5,1.0,0,Steady Regulars
C12571,0.1749,Low,23.6463,58.8559,1023.34,40,13,2.5,0,Champions
C12548,0.6534,High,23.6447,58.8517,273.97,22,1,2.0,0,New & Promising
C02439,0.2319,Low,23.6445,58.8512,771.96,2,2,3.0,0,Steady Regulars
C03998,0.5928,Medium,23.6405,58.8414,301.93,90,5,1.0,0,Steady Regulars
C04461,0.3784,Medium,23.6357,58.8295,472.89,9,6,1.0,0,Champions
C13188,0.0944,Low,23.6178,58.7849,1894.91,1,25,1.5,0,Champions
C10620,0.0472,Low,23.6166,58.7819,3785.21,25,20,1.4,0,Champions
C13960,0.3924,Medium,23.6133,58.7736,455.59,58,7,1.0,0,Steady Regulars
C05135,0.6165,High,23.6109,58.7677,289.96,56,1,2.0,0,Steady Regulars
C13180,0.1617,Low,23.6057,58.7548,1104.97,26,17,4.0,0,Champions
C17592,0.5672,Medium,23.6003,58.7412,314.98,178,13,0.5,0,Champions
C04014,0.051,Low,23.5849,58.7031,3498.77,17,32,0.8571,0,Champions
C02612,0.808,High,23.5846,58.7022,220.99,22,1,2.0,0,New & Promising
C00839,0.2043,Low,23.5502,58.6166,872.72,34,10,4.0,0,Champions
C02243,0.4709,Medium,23.539,58.5887,378.46,9,3,2.0,0,Steady Regulars
C14622,0.1383,Low,23.5366,58.5828,1288.19,1,12,2.0,0,Champions
C14210,0.8776,High,23.5284,58.5623,202.97,318,4,1.0,0,Steady Regulars
C09926,0.6823,High,23.5152,58.5295,260.92,186,7,1.0,0,Steady Regulars
C03359,0.3574,Medium,23.5044,58.5025,497.9,65,3,2.0,0,Steady Regulars
C05857,0.7356,High,23.4947,58.4785,241.82,244,11,1.0,0,Champions
C14944,0.5541,Medium,23.4938,58.4763,320.97,28,2,2.0,0,Steady Regulars
C06797,0.1577,Low,23.4913,58.4699,1127.53,14,10,1.0,0,Champions
C02228,0.3015,Medium,23.4886,58.4634,589.88,6,8,1.5,0,Champions
C10687,0.2674,Low,23.4833,58.45,664.89,52,14,0.6667,0,Champions
C07267,0.4385,Medium,23.4791,58.4395,405.4,109,7,0.5,0,Steady Regulars
C12528,0.2534,Low,23.4771,58.4346,701.31,19,14,1.5,0,Champions
C04796,0.9115,High,23.4761,58.4321,194.98,292,2,1.0,0,Steady Regulars
C17726,0.1454,Low,23.4722,58.4225,1222.39,23,12,1.3333,0,Champions
C17024,0.1412,Low,23.4663,58.4077,1257.93,5,16,0.6667,0,Champions
C06329,0.3464,Medium,23.4661,58.4073,512.79,54,6,0.5,0,Steady Regulars
C13228,0.6414,High,23.4615,58.3959,276.94,64,3,1.0,0,Steady Regulars
C02525,0.315,Medium,23.4603,58.3927,563.88,15,5,1.5,0,Champions
C00698,0.3606,Medium,23.4565,58.3833,492.4,36,4,3.0,0,Deal Hunters
C15559,0.562,Medium,23.4542,58.3778,315.98,45,5,2.0,0,Steady Regulars
C11648,0.2658,Low,23.4514,58.3708,667.85,18,3,1.5,0,Steady Regulars
C08516,0.5331,Medium,23.4454,58.3556,332.98,102,6,0.5,0,Steady Regulars
C09242,0.4158,Medium,23.4451,58.3551,426.92,11,4,1.0,0,Steady Regulars
C16705,0.295,Low,23.4394,58.3409,601.61,8,11,1.0,0,Champions
C04399,0.799,High,23.4272,58.3105,221.99,93,1,0.5,0,Steady Regulars
C05050,0.2602,Low,23.4091,58.2655,681.22,31,9,1.5,0,Champions
C01655,0.026,Low,23.4064,58.2587,6803.59,22,31,0.7143,0,Champions
C09614,0.5185,Medium,23.4033,58.251,341.71,97,3,0.3333,0,Steady Regulars
C06554,0.7014,High,23.4004,58.2436,252.57,182,1,1.0,0,Steady Regulars
C13841,0.2938,Low,23.3992,58.2407,602.89,28,13,1.5,0,Champions
C04157,0.8944,High,23.3818,58.1976,197.92,309,10,1.0,0,Champions
C04295,0.0554,Low,23.3746,58.1794,3191.78,16,21,2.0,0,Champions
C06851,0.3813,Medium,23.366,58.1581,463.95,64,12,2.0,0,Champions
C01943,0.7464,High,23.3626,58.1496,236.98,234,6,1.0,0,Steady Regulars
C13879,0.119,Low,23.3573,58.1365,1486.39,36,10,1.0,0,Champions
C01487,0.793,High,23.3552,58.1312,222.96,159,1,0.5,0,Steady Regulars
C09809,0.3652,Medium,23.3551,58.1309,484.18,5,7,2.0,0,Champions
C15009,0.9111,High,23.3438,58.1028,193.97,332,2,1.0,0,Steady Regulars
C07934,0.4931,Medium,23.3325,58.0747,358.21,10,4,0.6667,0,Steady Regulars
C03128,0.7582,High,23.3323,58.0742,232.98,6,1,2.0,0,New & Promising
C05523,0.445,Medium,23.3311,58.0712,396.97,3,2,1.0,0,Steady Regulars
C07650,0.0557,Low,23.3173,58.037,3172.11,14,21,2.0,0,Champions
C14200,0.4526,Medium,23.3136,58.0278,389.98,139,9,0.5,0,Champions
C17884,0.2364,Low,23.3112,58.0217,746.56,15,8,3.0,0,Champions
C12210,0.0989,Low,23.3056,58.0077,1784.73,34,30,7.0,0,Champions
C05106,0.742,High,23.2997,57.9931,237.73,189,6,1.0,0,Steady Regulars
C08440,0.5394,Medium,23.2929,57.9763,326.92,118,6,0.5,0,Steady Regulars
C15895,0.6321,High,23.2881,57.9643,278.92,177,5,0.5,0,Steady Regulars
C05819,0.5545,Medium,23.2872,57.962,317.97,118,2,0.5,0,Steady Regulars
C02271,0.1914,Low,23.2839,57.9538,920.86,61,8,0.6667,0,Steady Regulars
C17562,0.2615,Low,23.2682,57.9147,673.7,1,9,3.0,0,Champions
C14837,0.2073,Low,23.2625,57.9005,849.45,14,6,0.4,0,Steady Regulars
C17748,0.5058,Medium,23.2619,57.8991,348.19,39,4,2.0,0,Steady Regulars
C07988,0.4204,Medium,23.2574,57.8879,418.82,19,8,2.0,0,Champions
C10464,0.1713,Low,23.2445,57.8558,1027.24,3,11,1.3333,0,Champions
C01137,0.0673,Low,23.2397,57.8437,2613.8,24,26,1.0,0,Champions
C05944,0.8178,High,23.2337,57.8288,215.08,235,1,1.0,0,Steady Regulars
C15663,0.3661,Medium,23.2334,57.828,480.43,19,5,4.0,0,Champions
C09550,0.4059,Medium,23.2292,57.8176,433.28,81,7,1.0,0,Steady Regulars
C17878,0.2568,Low,23.2253,57.8079,684.61,24,8,1.5,0,Champions
C17180,0.3822,Medium,23.2184,57.7908,459.91,45,10,1.0,0,Champions
C11633,0.1059,Low,23.2172,57.7878,1659.52,14,17,1.6667,0,Champions
C01397,0.1715,Low,23.2163,57.7855,1024.71,17,20,1.0,0,Champions
C03393,0.0966,Low,23.2144,57.7808,1818.97,39,19,0.5,0,Champions
C06747,0.578,Medium,23.2094,57.7683,303.98,53,1,2.0,0,Steady Regulars
C15108,0.2001,Low,23.1904,57.7211,877.29,26,11,1.0,0,Champions
C00420,0.6293,High,23.1872,57.7131,278.97,30,1,2.0,0,Steady Regulars
C00944,0.2502,Low,23.1687,57.667,701.01,32,6,1.5,0,Steady Regulars
C03442,0.0843,Low,23.1578,57.6398,2080.27,51,37,0.75,0,Champions
C07817,0.1154,Low,23.1314,57.5741,1517.91,4,22,2.5,0,Champions
C07528,0.2166,Low,23.1287,57.5674,808.29,37,14,0.5,0,Champions
C00956,0.3505,Medium,23.1192,57.5439,499.3,9,3,3.0,0,Steady Regulars
C14599,0.8612,High,23.1177,57.54,203.23,288,1,1.0,0,Deal Hunters
C02909,0.1433,Low,23.1172,57.539,1221.26,11,21,0.8,0,Champions
C09436,0.0696,Low,23.1116,57.525,2512.92,37,31,0.6,0,Champions
C08253,0.5645,Medium,23.1098,57.5203,309.96,1,1,2.0,0,New & Promising
C17662,0.173,Low,23.1085,57.5171,1011.42,12,6,2.5,0,Champions
C04353,0.3216,Medium,23.0878,57.4657,543.44,33,6,1.0,0,Steady Regulars
C16840,0.3172,Medium,23.0647,57.4082,550.52,4,5,1.0,0,Steady Regulars
C06616,0.8351,High,23.0607,57.3982,209.07,167,1,0.5,0,Deal Hunters
C06448,0.3432,Medium,23.0583,57.3923,508.67,62,6,0.6667,0,Steady Regulars
C16268,0.2058,Low,23.057,57.3891,848.02,28,6,0.75,0,Steady Regulars
C09989,0.3641,Medium,23.0513,57.3747,479.28,10,8,3.0,0,Champions
C10884,0.5915,Medium,23.0459,57.3614,294.96,5,1,2.0,0,New & Promising
C13482,0.0533,Low,23.0433,57.355,3272.66,2,13,2.6667,0,Champions
C00664,0.184,Low,23.0416,57.3507,947.82,39,15,3.0,0,Champions
C12896,0.217,Low,23.0263,57.3126,803.29,26,21,1.3333,0,Champions
C01879,0.7997,High,23.0256,57.311,217.98,262,1,1.0,0,Steady Regulars
C01032,0.0305,Low,23.0248,57.3089,5715.95,12,39,1.6,0,Champions
C12566,0.8545,High,23.0224,57.3029,203.97,271,1,1.0,0,Steady Regulars
C09399,0.3946,Medium,23.018,57.292,441.62,17,5,1.0,0,Steady Regulars
C08197,0.0806,Low,22.9879,57.217,2157.97,59,36,1.0,0,Champions
C14898,0.8834,High,22.9833,57.2056,196.96,350,1,1.0,0,Steady Regulars
C06826,0.7073,High,22.9813,57.2006,245.98,212,6,1.0,0,Steady Regulars
C09969,0.6795,High,22.9739,57.1822,255.98,77,1,2.0,0,Steady Regulars
C00110,0.0336,Low,22.9737,57.1817,5171.0,9,53,0.5,0,Champions
C07581,0.4955,Medium,22.9687,57.1692,350.93,89,2,2.0,0,Steady Regulars
C10626,0.2889,Low,22.9663,57.1632,601.88,79,14,1.0,0,Champions
C08177,0.1459,Low,22.9588,57.1446,1191.7,24,28,1.0,0,Champions
C08453,0.7682,High,22.9294,57.0713,225.97,236,9,1.0,0,Champions
C15711,0.046,Low,22.9185,57.0443,3771.2,4,11,0.5,0,Champions
C04150,0.5479,Medium,22.9152,57.0362,316.66,96,5,0.5,0,Steady Regulars
C09638,0.765,High,22.9142,57.0336,226.76,19,1,2.0,0,Deal Hunters
C17594,0.3267,Medium,22.9108,57.0252,530.91,2,6,3.0,0,Champions
C01342,0.1192,Low,22.9103,57.0238,1455.11,31,14,0.75,0,Champions
C13198,0.854,High,22.8991,56.9961,202.99,229,1,1.0,0,Steady Regulars
C08210,0.7257,High,22.8939,56.9832,238.85,158,3,0.5,0,Steady Regulars
C06582,0.8215,High,22.8936,56.9824,210.97,266,1,1.0,0,Steady Regulars
C09857,0.0369,Low,22.891,56.9758,4693.03,2,69,3.6667,0,Champions
C15066,0.4322,Medium,22.8864,56.9645,400.94,56,6,0.6667,0,Steady Regulars
C06501,0.0563,Low,22.8719,56.9284,3077.34,4,48,0.3333,0,Champions
C14975,0.5867,Medium,22.8569,56.891,294.95,24,4,1.0,0,Steady Regulars
C03112,0.9249,High,22.8414,56.8524,186.97,325,2,1.0,0,Steady Regulars
C04348,0.4119,Medium,22.8398,56.8484,419.8,37,5,2.0,0,Champions
C13690,0.0483,Low,22.8333,56.8323,3575.93,1,61,0.4,0,Champions
C07198,0.0234,Low,22.8204,56.8002,7370.85,13,95,1.375,0,Champions
C05009,0.8511,High,22.82,56.7991,202.99,200,1,1.0,0,Steady Regulars
C06691,0.1256,Low,22.8105,56.7755,1374.55,5,11,1.0,0,Champions
C00498,0.0784,Low,22.8038,56.7588,2203.09,1,23,1.5,0,Champions
C10325,0.2704,Low,22.7987,56.7461,638.32,20,9,3.0,0,Champions
C16381,0.3144,Medium,22.7887,56.7212,548.76,20,3,3.0,0,Steady Regulars
C08127,0.3561,Medium,22.783,56.707,484.33,60,6,4.0,0,Steady Regulars
C05846,0.5527,Medium,22.775,56.6871,311.95,109,2,0.5,0,Steady Regulars
C00011,0.061,Low,22.774,56.6847,2828.81,18,26,1.0,0,Champions
C12472,0.9121,High,22.7656,56.6637,188.97,340,3,1.0,0,Deal Hunters
C13929,0.1045,Low,22.7624,56.6558,1649.16,61,32,1.3333,0,Champions
C14816,0.319,Medium,22.746,56.615,539.88,72,3,0.6667,0,Steady Regulars
C06166,0.4824,Medium,22.7446,56.6114,356.93,3,2,2.0,0,Steady Regulars
C06352,0.0752,Low,22.7273,56.5683,2288.4,9,14,2.6667,0,Champions
C17910,0.5932,Medium,22.722,56.5551,289.97,113,1,0.5,0,Steady Regulars
C16265,0.896,High,22.7199,56.5501,191.97,155,1,0.5,0,Steady Regulars
C01461,0.3302,Medium,22.7196,56.5491,520.95,34,4,1.5,0,Steady Regulars
C11796,0.103,Low,22.707,56.5179,1669.31,5,27,1.5,0,Champions
C02879,0.6011,High,22.7025,56.5067,285.94,143,6,0.5,0,Steady Regulars
C16861,0.5287,Medium,22.6946,56.487,324.97,21,5,2.0,0,Steady Regulars
C09317,0.6132,High,22.691,56.4781,280.16,133,3,0.5,0,Steady Regulars
C08425,0.3799,Medium,22.6803,56.4515,452.01,20,8,1.5,0,Champions
C07362,0.3067,Medium,22.6547,56.3877,559.22,33,4,1.0,0,Steady Regulars
C17303,0.1522,Low,22.6527,56.3826,1126.58,38,17,3.0,0,Champions
C03987,0.4136,Medium,22.6499,56.3757,414.6,31,5,1.0,0,Champions
C07368,0.3384,Medium,22.6468,56.368,506.7,10,8,3.0,0,Champions
C13144,0.9683,High,22.6303,56.327,176.94,335,13,1.0,0,Steady Regulars
C05001,0.1323,Low,22.6218,56.3058,1294.43,6,11,2.5,0,Champions
C05691,0.6533,High,22.6217,56.3055,262.15,173,3,0.5,0,Steady Regulars
C01006,0.7644,High,22.6147,56.2881,223.97,201,6,1.0,0,Steady Regulars
C14853,0.9565,High,22.6107,56.2781,178.97,356,4,1.0,0,Steady Regulars
C05839,0.9202,High,22.6056,56.2656,185.98,351,1,1.0,0,Steady Regulars
C17476,0.1215,Low,22.6013,56.2548,1408.11,16,26,1.5,0,Champions
C16612,0.71,High,22.5965,56.2428,240.95,163,2,0.5,0,Steady Regulars
C16884,0.0656,Low,22.5894,56.2252,2606.9,32,41,0.3333,0,Champions
C16794,0.0302,Low,22.586,56.2166,5659.38,2,34,2.2,0,Champions
C15037,0.8221,High,22.5825,56.208,207.95,254,2,1.0,0,Steady Regulars
C07159,0.1552,Low,22.5803,56.2025,1101.18,70,29,1.0,0,Champions
C00457,0.4568,Medium,22.5566,56.1435,373.82,96,3,0.5,0,Steady Regulars
C13123,0.6589,High,22.5528,56.1341,259.14,158,5,0.5,0,Steady Regulars
C01304,0.4379,Medium,22.5451,56.1148,389.8,19,6,0.6667,0,Champions
C17295,0.2191,Low,22.5422,56.1077,778.86,45,15,3.0,0,Champions
C09349,0.1045,Low,22.5414,56.1057,1632.49,13,11,1.0,0,Champions
C14648,0.2022,Low,22.5311,56.0802,843.41,34,16,1.0,0,Champions
C00862,0.3973,Medium,22.5254,56.0659,429.26,36,2,1.0,0,Steady Regulars
C16046,0.7444,High,22.5106,56.0291,228.93,219,6,1.0,0,Steady Regulars
C14085,0.0311,Low,22.505,56.015,5481.51,5,82,1.5,0,Champions
C16304,0.2206,Low,22.4874,55.9713,771.74,14,13,6.0,0,Champions
C08472,0.2898,Low,22.4864,55.9689,587.41,15,12,2.0,0,Champions
C09763,0.1,Low,22.4844,55.9637,1701.41,9,29,1.0,0,Champions
C08686,0.8427,High,22.4837,55.9622,201.98,275,2,1.0,0,Steady Regulars
C01836,0.6756,High,22.4785,55.9491,251.88,130,2,0.5,0,Deal Hunters
C09628,0.1981,Low,22.4763,55.9436,858.91,12,4,1.0,0,Steady Regulars
C14335,0.237,Low,22.4725,55.9341,717.85,11,11,1.5,0,Champions
C00400,0.3641,Medium,22.4697,55.9273,467.26,53,5,1.5,0,Steady Regulars
C10614,0.247,Low,22.4627,55.9099,688.41,2,4,4.0,0,Steady Regulars
C16266,0.1618,Low,22.453,55.8856,1050.83,13,8,1.3333,0,Champions
C04029,0.2847,Low,22.4525,55.8844,597.0,82,13,1.0,0,Champions
C11941,0.8491,High,22.4284,55.8245,199.97,269,2,1.0,0,Steady Regulars
C04085,0.3258,Medium,22.4152,55.7915,520.92,11,7,1.0,0,Champions
C03587,0.7975,High,22.4139,55.7883,212.78,36,1,2.0,0,Deal Hunters
C15705,0.7251,High,22.4111,55.7813,233.99,149,1,0.5,0,Steady Regulars
C12768,0.0283,Low,22.4044,55.7646,5989.51,12,97,2.4,0,Champions
C10765,0.0937,Low,22.4016,55.7577,1809.55,19,19,0.8333,0,Champions
C07310,0.035,Low,22.396,55.7437,4847.45,11,87,1.4286,0,Champions
C08336,0.5826,Medium,22.3905,55.7301,290.97,71,1,2.0,0,Steady Regulars
C06782,0.5616,Medium,22.3841,55.7141,301.77,27,2,2.0,0,Steady Regulars
C15616,0.313,Medium,22.3809,55.7063,541.39,50,5,2.0,0,Steady Regulars
C16092,0.6998,High,22.3745,55.6902,242.06,120,1,0.5,0,Deal Hunters
C14803,0.8509,High,22.3636,55.6632,198.98,365,1,1.0,0,Steady Regulars
C12855,0.8241,High,22.3576,55.6482,205.38,186,1,1.0,0,Deal Hunters
C09923,0.0825,Low,22.3439,55.6141,2049.69,36,20,0.8,0,Champions
C17607,0.2537,Low,22.3399,55.6042,666.63,40,5,1.5,0,Steady Regulars
C07955,0.9552,High,22.3299,55.5793,176.98,341,1,1.0,0,Steady Regulars
C06996,0.6125,High,22.3283,55.5753,275.97,42,1,2.0,0,Steady Regulars
C01285,0.2173,Low,22.3275,55.5732,777.87,16,14,4.0,0,Champions
C09030,0.4936,Medium,22.3068,55.5218,342.16,6,4,0.6667,0,Deal Hunters
C13977,0.7433,High,22.3052,55.5179,227.18,210,6,1.0,0,Steady Regulars
C04537,0.9143,High,22.2892,55.478,184.56,329,5,1.0,0,Steady Regulars
C04750,0.1046,Low,22.2848,55.4671,1613.47,9,9,1.3333,0,Champions
C17791,0.591,Medium,22.2743,55.4409,285.32,142,10,0.5,0,Champions
C17785,0.4795,Medium,22.2661,55.4205,351.54,10,4,1.5,0,Steady Regulars
C13850,0.1001,Low,22.2609,55.4076,1682.9,43,11,0.7143,0,Champions
C17667,0.3211,Medium,22.259,55.4027,524.89,57,11,1.0,0,Champions
C10695,0.0684,Low,22.2376,55.3495,2461.77,29,25,1.3333,0,Champions
C11209,0.1753,Low,22.2327,55.3374,959.92,48,20,3.0,0,Champions
C01232,0.2172,Low,22.2284,55.3266,774.89,27,5,1.3333,0,Steady Regulars
C03673,0.85,High,22.2253,55.3189,197.96,199,1,1.0,0,Deal Hunters
C16423,0.6953,High,22.222,55.3108,241.96,9,1,2.0,0,New & Promising
C11319,0.1678,Low,22.2214,55.3093,1002.32,33,26,2.0,0,Champions
C05271,0.1697,Low,22.2195,55.3044,991.23,41,29,1.0,0,Champions
C14946,0.7681,High,22.2106,55.2822,218.92,230,15,1.0,0,Champions
C16814,0.0662,Low,22.2036,55.2649,2539.84,3,12,2.0,0,Champions
C02360,0.1124,Low,22.2009,55.2583,1495.2,9,13,2.0,0,Champions
C01602,0.2922,Low,22.1935,55.2398,575.03,25,8,5.0,0,Steady Regulars
C08901,0.6362,High,22.182,55.2111,263.97,159,4,0.5,0,Steady Regulars
C05208,0.7848,High,22.1804,55.2071,213.96,210,4,1.0,0,Steady Regulars
C15084,0.0516,Low,22.1767,55.1979,3256.24,5,31,1.25,0,Champions
C13419,0.6973,High,22.1748,55.1931,240.74,191,14,1.0,0,Champions
C11194,0.8518,High,22.162,55.1613,196.98,235,3,1.0,0,Steady Regulars
C00750,0.8421,High,22.1616,55.1603,199.23,291,3,1.0,0,Steady Regulars
C03375,0.0331,Low,22.148,55.1266,5069.03,13,106,0.75,0,Champions
C05438,0.8884,High,22.1473,55.1247,188.74,290,2,1.0,0,Steady Regulars
C16656,0.0359,Low,22.145,55.1192,4673.79,6,61,1.25,0,Champions
C07696,0.1998,Low,22.1395,55.1055,838.89,1,6,6.0,0,Champions
C17253,0.1757,Low,22.1357,55.0958,953.91,10,2,3.0,0,Steady Regulars
C03327,0.1776,Low,22.135,55.0943,943.51,56,17,1.0,0,Champions
C13385,0.1958,Low,22.1181,55.0521,855.36,21,14,6.0,0,Champions
C16988,0.5939,Medium,22.1173,55.05,281.94,174,5,0.5,0,Steady Regulars
C13046,0.8853,High,22.1,55.0071,188.98,356,5,1.0,0,Steady Regulars
C01259,0.1318,Low,22.0943,54.9927,1269.53,6,16,1.1667,0,Champions
C15566,0.7331,High,22.0923,54.9878,228.15,169,2,0.5,0,Deal Hunters
C15589,0.1874,Low,22.0909,54.9843,892.5,28,16,1.0,0,Champions
C02069,0.7057,High,22.0886,54.9787,236.97,141,1,0.5,0,Steady Regulars
C17212,0.1887,Low,22.086,54.9723,886.0,27,6,0.75,0,Steady Regulars
C02781,0.346,Medium,22.085,54.9698,483.21,3,8,1.0,0,Champions
C01179,0.1868,Low,22.0841,54.9675,894.87,21,9,2.0,0,Champions
C06363,0.9037,High,22.0814,54.9608,184.98,333,3,1.0,0,Steady Regulars
C16284,0.0864,Low,22.0637,54.9167,1933.78,9,15,1.0,0,Champions
C05955,0.1163,Low,22.0633,54.9156,1436.23,4,11,6.0,0,Champions
C13354,0.176,Low,22.054,54.8926,948.53,3,10,1.3333,0,Champions
C01486,0.4744,Medium,22.0535,54.8914,351.94,47,2,2.0,0,Steady Regulars
C17857,0.8616,High,22.049,54.8802,193.75,199,1,1.0,0,Steady Regulars
C17842,0.6623,High,22.0442,54.8681,251.97,48,1,2.0,0,Steady Regulars
C13635,0.3303,Medium,22.0262,54.8233,504.89,9,12,1.0,0,Champions
C17251,0.1811,Low,22.0232,54.816,920.47,2,3,1.5,0,Steady Regulars
C03693,0.8334,High,22.0121,54.7882,199.96,222,1,1.0,0,Steady Regulars
C17616,0.0325,Low,21.9978,54.7527,5122.45,10,31,0.625,0,Champions
C10931,0.5682,Medium,21.9857,54.7225,292.96,21,1,2.0,0,New & Promising
C00602,0.1749,Low,21.9758,54.6979,951.45,4,25,0.75,0,Champions
C16757,0.2503,Low,21.9662,54.6741,664.37,38,7,2.0,0,Steady Regulars
C13055,0.0692,Low,21.9585,54.6549,2400.86,11,48,0.5,0,Champions
C13874,0.2827,Low,21.9489,54.631,587.88,20,13,3.0,0,Champions
C05391,0.8699,High,21.9425,54.6149,190.97,200,1,1.0,0,Steady Regulars
C05650,0.6407,High,21.937,54.6012,259.21,169,1,0.5,0,Deal Hunters
C00213,0.741,High,21.922,54.564,223.98,63,1,2.0,0,New & Promising
C16973,0.6287,High,21.9202,54.5595,263.96,182,9,1.0,0,Champions
C13851,0.3234,Medium,21.92,54.5591,513.21,33,12,1.0,0,Champions
C13765,0.427,Medium,21.9183,54.5549,388.62,14,6,2.0,0,Champions
C17076,0.0666,Low,21.9115,54.5379,2489.31,34,12,1.2,0,Champions
C08442,0.0807,Low,21.9021,54.5146,2054.94,33,16,1.0,0,Champions
C12929,0.4748,Medium,21.8863,54.4752,348.96,56,4,1.0,0,Steady Regulars
C11317,0.1998,Low,21.8863,54.4751,829.11,32,15,0.6667,0,Champions
C01434,0.2255,Low,21.8684,54.4306,734.12,25,10,3.0,0,Champions
C17107,0.749,High,21.8627,54.4164,220.99,92,1,0.5,0,Steady Regulars
C12765,0.6512,High,21.8412,54.3629,253.93,216,9,1.0,0,Champions
C13754,0.2373,Low,21.8408,54.362,696.78,2,11,2.5,0,Champions
C13408,0.9881,High,21.84,54.36,167.34,364,21,1.0,0,Champions
C05539,0.5871,Medium,21.834,54.3451,281.57,12,2,2.0,0,Steady Regulars
C03487,0.7065,High,21.832,54.3401,233.95,234,9,1.0,0,Steady Regulars
C17686,0.6771,High,21.8205,54.3113,243.98,67,1,2.0,0,Steady Regulars
C08572,0.7749,High,21.8187,54.3069,213.18,138,1,0.5,0,Steady Regulars
C13042,0.2057,Low,21.8,54.2604,802.27,15,14,7.0,0,Champions
C04781,0.0579,Low,21.7937,54.2448,2851.65,14,13,0.8,0,Champions
C16531,0.8594,High,21.792,54.2404,191.97,278,1,1.0,0,Steady Regulars
C07325,0.237,Low,21.7811,54.2133,695.68,35,5,1.0,0,Steady Regulars
C06468,0.1397,Low,21.7766,54.202,1180.43,8,6,1.3333,0,Champions
C15395,0.0313,Low,21.7568,54.1528,5262.75,15,87,1.0,0,Champions
C11835,0.0497,Low,21.7436,54.12,3313.55,25,33,1.3333,0,Champions
C02282,0.7446,High,21.7359,54.1008,220.99,43,1,2.0,0,New & Promising
C03566,0.0828,Low,21.7168,54.0532,1985.38,19,47,0.6,0,Champions
C05982,0.6684,High,21.7143,54.047,245.94,180,6,0.5,0,Steady Regulars
C15487,0.1331,Low,21.7037,54.0206,1234.75,2,23,1.0,0,Champions
C13351,0.7939,High,21.7014,54.0149,206.95,277,8,1.0,0,Steady Regulars
C11823,0.5071,Medium,21.6974,54.0051,323.94,57,4,0.6667,0,Steady Regulars
C06792,0.1479,Low,21.6934,53.9949,1110.37,26,28,0.6667,0,Champions
C05325,0.8663,High,21.6903,53.9874,189.55,295,5,1.0,0,Steady Regulars
C07484,0.0742,Low,21.6893,53.9849,2214.17,18,18,0.7143,0,Champions
C14868,0.9883,High,21.6645,53.923,165.96,339,18,1.0,0,Champions
C13510,0.1064,Low,21.6555,53.9007,1540.45,17,20,1.5,0,Champions
C08768,0.2774,Low,21.6498,53.8865,590.88,21,6,4.0,0,Steady Regulars
C12585,0.6887,High,21.6472,53.8801,237.98,83,1,2.0,0,Steady Regulars
C07975,0.1978,Low,21.6341,53.8473,827.99,21,16,1.5,0,Champions
C09500,0.1851,Low,21.6236,53.8214,884.3,31,21,1.0,0,Champions
C06845,0.6995,High,21.6199,53.812,233.98,20,1,2.0,0,New & Promising
C02660,0.2017,Low,21.6185,53.8086,811.33,15,9,1.6667,0,Champions
C08071,0.2568,Low,21.6177,53.8066,637.24,12,2,3.0,0,Steady Regulars
C04273,0.15,Low,21.615,53.7998,1090.93,24,28,1.5,0,Champions
C09499,0.8701,High,21.5989,53.7597,187.93,277,6,1.0,0,Steady Regulars
C17327,0.7452,High,21.5535,53.6467,218.98,16,1,2.0,0,New & Promising
C06742,0.8588,High,21.5493,53.6363,189.96,307,1,1.0,0,Steady Regulars
C09088,0.1279,Low,21.5365,53.6045,1275.05,21,8,6.0,0,Champions
C07204,0.5527,Medium,21.5313,53.5916,294.93,110,5,0.3333,0,Steady Regulars
C01930,0.1728,Low,21.5249,53.5755,942.88,5,17,2.5,0,Champions
C17211,0.3597,Medium,21.5201,53.5636,452.95,49,7,1.0,0,Champions
C09049,0.3695,Medium,21.5178,53.5579,440.91,75,9,1.0,0,Champions
C11675,0.3801,Medium,21.5176,53.5574,428.57,91,12,0.3333,0,Champions
C06802,0.8736,High,21.515,53.5511,186.45,277,9,1.0,0,Steady Regulars
C02962,0.0701,Low,21.5133,53.5467,2323.75,17,18,1.25,0,Champions
C03390,0.0237,Low,21.5033,53.5219,6872.32,21,23,1.2,0,Champions
C04977,0.0652,Low,21.5026,53.5202,2495.4,17,9,1.0,0,Champions
C07259,0.6899,High,21.5013,53.517,235.96,73,1,2.0,0,Steady Regulars
C15572,0.3182,Medium,21.5004,53.5146,511.62,14,5,2.0,0,Steady Regulars
C15514,0.023,Low,21.496,53.5037,7088.48,14,66,0.8333,0,Champions
C04944,0.1927,Low,21.4905,53.49,844.43,47,8,0.6667,0,Steady Regulars
C15524,0.6032,High,21.4751,53.4516,269.53,156,11,0.5,0,Champions
C05318,0.8934,High,21.4721,53.4442,181.96,304,4,1.0,0,Steady Regulars
C13589,0.8295,High,21.4685,53.4353,195.93,209,1,1.0,0,Steady Regulars
C07960,0.0756,Low,21.4678,53.4335,2149.02,3,20,3.0,0,Champions
C04434,0.5974,Medium,21.4625,53.4204,271.97,192,9,1.0,0,Champions
C16768,0.392,Medium,21.4596,53.413,414.44,11,6,0.75,0,Steady Regulars
C16442,0.7189,High,21.4582,53.4095,225.98,102,3,0.5,0,Steady Regulars
C14154,0.5505,Medium,21.4475,53.3829,294.95,71,1,2.0,0,Steady Regulars
C17551,0.2337,Low,21.4454,53.3777,694.62,26,7,6.0,0,Steady Regulars
C17413,0.2236,Low,21.436,53.3544,725.92,7,10,1.0,0,Champions
C11353,0.6676,High,21.4299,53.339,243.01,167,5,0.5,0,Steady Regulars
C06630,0.882,High,21.4298,53.3388,183.95,277,2,1.0,0,Steady Regulars
C13067,0.7375,High,21.4286,53.3359,219.96,25,1,2.0,0,New & Promising
C06633,0.3889,Medium,21.4169,53.3068,416.91,48,7,2.0,0,Champions
C00604,0.9108,High,21.4096,53.2886,177.96,152,1,0.5,0,Steady Regulars
C01178,0.0883,Low,21.3866,53.2315,1832.73,29,28,0.6,0,Champions
C15262,0.6948,High,21.379,53.2125,232.95,117,1,0.5,0,Steady Regulars
C01071,0.0308,Low,21.3725,53.1962,5251.72,33,47,1.2,0,Champions
C16227,0.8331,High,21.3646,53.1767,194.14,351,3,1.0,0,Steady Regulars
C10580,0.4699,Medium,21.3455,53.129,343.94,49,1,2.0,0,Steady Regulars
C07372,0.1301,Low,21.3451,53.128,1242.06,39,17,0.75,0,Champions
C07456,0.4953,Medium,21.3355,53.1042,326.14,38,2,2.0,0,Deal Hunters
C14296,0.884,High,21.332,53.0956,182.69,173,1,0.5,0,Deal Hunters
C11385,0.8825,High,21.3297,53.0898,182.98,269,1,1.0,0,Steady Regulars
C16395,0.5855,Medium,21.3191,53.0633,275.67,131,5,0.5,0,Steady Regulars
C03897,0.8396,High,21.3107,53.0425,192.15,245,3,1.0,0,Steady Regulars
C10562,0.1256,Low,21.3008,53.0179,1283.77,16,19,3.0,0,Champions
C15167,0.5919,Medium,21.2924,52.9969,272.34,32,4,1.0,0,Steady Regulars
C08424,0.8395,High,21.2887,52.9878,191.98,279,1,1.0,0,Steady Regulars
C04665,0.6605,High,21.2842,52.9765,243.95,72,1,2.0,0,Steady Regulars
C11340,0.1549,Low,21.2781,52.9613,1040.16,49,7,2.0,0,Champions
C07095,0.0423,Low,21.2761,52.9564,3811.07,15,30,2.0,0,Champions
C11833,0.2321,Low,21.2683,52.937,693.84,19,8,2.0,0,Champions
C13094,0.8839,High,21.2442,52.877,181.97,209,2,1.0,0,New & Promising
C15831,0.2657,Low,21.2148,52.8039,604.51,6,10,5.0,0,Champions
C01293,0.1221,Low,21.2048,52.7788,1314.38,17,19,0.5,0,Champions
C00335,0.9498,High,21.2002,52.7675,168.98,332,1,1.0,0,Steady Regulars
C10049,0.1406,Low,21.1991,52.7648,1141.4,43,9,0.8,0,Champions
C01231,0.2781,Low,21.1948,52.7539,576.91,6,3,3.0,0,Steady Regulars
C08254,0.9112,High,21.18,52.717,175.98,353,1,1.0,0,Steady Regulars
C12462,0.1414,Low,21.1744,52.7033,1133.95,16,10,1.0,0,Champions
C15483,0.2133,Low,21.1677,52.6864,751.28,87,27,2.0,0,Champions
C04613,0.0732,Low,21.1647,52.6791,2190.14,16,18,2.0,0,Champions
C03486,0.3814,Medium,21.1558,52.6568,419.93,49,10,0.6667,0,Champions
C04920,0.6511,High,21.1547,52.6542,245.98,42,1,2.0,0,Steady Regulars
C10825,0.2547,Low,21.1475,52.6361,628.47,3,6,2.0,0,Champions
C15163,0.0598,Low,21.1464,52.6334,2677.76,13,27,1.6667,0,Champions
C01961,0.8791,High,21.1309,52.595,181.98,158,1,0.5,0,Steady Regulars
C10681,0.8667,High,21.1197,52.567,184.48,279,1,1.0,0,Deal Hunters
C00935,0.3326,Medium,21.1133,52.5512,480.63,34,5,3.0,0,Steady Regulars
C04021,0.1179,Low,21.1103,52.5437,1355.98,30,20,0.6,0,Champions
C06827,0.8027,High,21.0933,52.5013,198.94,256,4,1.0,0,Steady Regulars
C04222,0.0945,Low,21.0929,52.5004,1690.31,30,25,1.3333,0,Champions
C01470,0.2847,Low,21.0908,52.4952,560.86,40,4,3.0,0,Steady Regulars
C05174,0.7225,High,21.09,52.4931,220.99,59,1,2.0,0,New & Promising
C01843,0.0264,Low,21.0848,52.4802,6038.98,8,66,1.4,0,Champions
C05956,0.5939,Medium,21.0715,52.4471,268.62,12,1,2.0,0,Steady Regulars
C15234,0.2116,Low,21.0708,52.4453,753.91,5,15,1.5,0,Champions
C05435,0.3178,Medium,21.0686,52.4399,501.87,62,18,1.5,0,Champions
C15931,0.2026,Low,21.0576,52.4126,786.92,26,2,3.0,0,Steady Regulars
C13509,0.0319,Low,21.0566,52.41,4995.22,14,52,0.7778,0,Champions
C02578,0.3066,Medium,21.0339,52.3535,519.42,34,12,1.0,0,Champions
C17417,0.0401,Low,21.0213,52.3221,3965.26,14,51,1.0,0,Champions
C02137,0.0793,Low,21.0207,52.3207,2006.37,10,24,2.5,0,Champions
C05416,0.7918,High,21.0176,52.313,200.96,184,2,1.0,0,Steady Regulars
C17437,0.4566,Medium,21.0104,52.2951,348.35,11,4,1.0,0,Steady Regulars
C12433,0.5805,Medium,21.0055,52.2829,273.93,40,5,2.0,0,Steady Regulars
C17064,0.0783,Low,21.005,52.2816,2031.43,23,18,4.0,0,Champions
C03243,0.0828,Low,21.0002,52.2697,1921.22,21,16,1.0,0,Champions
C15414,0.1312,Low,20.9986,52.2655,1212.05,27,7,1.3333,0,Champions
C12721,0.3021,Medium,20.982,52.2244,525.88,57,15,1.0,0,Champions
C13369,0.0821,Low,20.9793,52.2177,1933.95,13,35,3.5,0,Champions
C00302,0.0509,Low,20.9766,52.211,3120.69,17,13,1.0,0,Champions
C13241,0.673,High,20.9757,52.2086,235.96,134,1,0.5,0,Steady Regulars
C08438,0.5421,Medium,20.9748,52.2064,292.95,128,12,0.3333,0,Steady Regulars
C07279,0.8358,High,20.9737,52.2038,189.98,264,1,1.0,0,Steady Regulars
C12032,0.4972,Medium,20.9734,52.2029,319.34,12,5,2.0,0,Champions
C05826,0.2072,Low,20.9704,52.1953,766.28,16,12,2.0,0,Champions
C08276,0.5759,Medium,20.9683,52.1903,275.66,154,4,0.5,0,Deal Hunters
C06709,0.5087,Medium,20.9627,52.1762,311.97,75,6,2.0,0,Steady Regulars
C06203,0.1284,Low,20.9577,52.1638,1235.85,13,22,3.0,0,Champions
C01135,0.1103,Low,20.9522,52.1503,1437.56,49,16,0.8333,0,Champions
C15798,0.5971,Medium,20.9467,52.1364,265.57,167,3,0.5,0,Deal Hunters
C01189,0.7812,High,20.9465,52.136,202.99,161,1,0.5,0,Steady Regulars
C04873,0.1993,Low,20.9122,52.0505,794.36,33,5,5.0,0,Steady Regulars
C14488,0.2506,Low,20.911,52.0477,631.76,38,8,0.75,0,Steady Regulars
C03852,0.0342,Low,20.9035,52.0289,4626.84,13,40,2.0,0,Champions
C14722,0.1519,Low,20.901,52.0228,1042.03,47,30,0.6667,0,Champions
C09723,0.3544,Medium,20.8905,51.9966,446.31,10,5,3.0,0,Champions
C03826,0.7389,High,20.8819,51.9752,213.96,158,4,0.3333,0,Steady Regulars
C12225,0.5575,Medium,20.8801,51.9708,283.54,37,5,2.0,0,Champions
C13533,0.1122,Low,20.8711,51.9483,1408.25,15,25,1.5,0,Champions
C06151,0.1689,Low,20.867,51.9382,935.37,18,13,0.6667,0,Champions
C12212,0.1874,Low,20.8618,51.9251,842.9,63,21,1.5,0,Champions
C14247,0.8539,High,20.861,51.9231,184.95,284,1,1.0,0,Steady Regulars
C07476,0.7147,High,20.861,51.9231,220.99,57,1,2.0,0,New & Promising
C16806,0.2483,Low,20.8587,51.9174,635.92,58,22,1.0,0,Champions
C10490,0.1782,Low,20.8579,51.9154,886.22,26,5,5.0,0,Steady Regulars
C04896,0.1605,Low,20.853,51.9032,983.84,19,17,2.0,0,Champions
C08984,0.8675,High,20.8529,51.9029,181.98,213,1,1.0,0,Steady Regulars
C10477,0.4017,Medium,20.8479,51.8906,392.91,69,10,1.0,0,Champions
C10236,0.6984,High,20.8473,51.889,225.98,109,1,0.5,0,Steady Regulars
C04012,0.2346,Low,20.8331,51.8537,672.32,23,9,0.6667,0,Champions
C06194,0.1918,Low,20.8281,51.8412,821.98,11,18,1.6667,0,Champions
C06537,0.3557,Medium,20.8194,51.8195,443.17,87,11,0.5,0,Champions
C02445,0.1253,Low,20.8128,51.8031,1257.17,57,47,2.0,0,Champions
C06808,0.4515,Medium,20.8117,51.8005,348.98,1,2,1.0,0,Steady Regulars
C09103,0.8654,High,20.8025,51.7776,181.98,259,1,1.0,0,Steady Regulars
C05777,0.1796,Low,20.7997,51.7705,876.69,6,3,1.5,0,Steady Regulars
C02427,0.4285,Medium,20.789,51.7439,367.3,104,11,0.3333,0,Champions
C15573,0.3427,Medium,20.7888,51.7435,459.24,47,8,1.0,0,Steady Regulars
C17629,0.5866,Medium,20.7628,51.6786,267.97,84,1,2.0,0,Steady Regulars
C04522,0.8297,High,20.7537,51.6561,189.36,178,1,0.5,0,Deal Hunters
C01803,0.2394,Low,20.7374,51.6155,655.88,45,11,2.0,0,Champions
C11285,0.2194,Low,20.7328,51.604,715.38,12,5,1.0,0,Steady Regulars
C16647,0.2891,Low,20.7294,51.5957,542.83,57,4,1.5,0,Steady Regulars
C07344,0.3848,Medium,20.7242,51.5826,407.74,3,4,1.0,0,Steady Regulars
C13064,0.3129,Medium,20.7212,51.5752,501.42,83,5,1.0,0,Steady Regulars
C13703,0.9277,High,20.7066,51.539,168.99,321,1,1.0,0,Steady Regulars
C17856,0.1249,Low,20.7028,51.5293,1254.46,28,30,0.6667,0,Champions
C06872,0.0533,Low,20.6936,51.5064,2937.06,6,21,1.5,0,Champions
C14477,0.1059,Low,20.6929,51.5047,1478.95,20,9,1.3333,0,Champions
C03389,0.3566,Medium,20.6875,51.4914,439.18,78,2,1.0,0,Deal Hunters
C10843,0.2744,Low,20.6765,51.4638,570.4,34,8,3.0,0,Steady Regulars
C16204,0.1094,Low,20.673,51.4552,1430.3,4,22,1.6667,0,Champions
C16506,0.2913,Low,20.6687,51.4446,537.22,34,3,3.0,0,Steady Regulars
C14682,0.046,Low,20.6608,51.4249,3401.28,5,33,1.25,0,Champions
C13002,0.3949,Medium,20.6543,51.4088,395.98,71,2,1.0,0,Steady Regulars
C09564,0.0561,Low,20.6484,51.394,2788.16,27,23,0.6,0,Champions
C00979,0.7816,High,20.6438,51.3824,199.96,188,2,1.0,0,Steady Regulars
C12213,0.5916,Medium,20.6274,51.3416,263.98,68,1,2.0,0,Steady Regulars
C01386,0.1215,Low,20.6155,51.312,1284.58,33,21,3.0,0,Champions
C02730,0.043,Low,20.6139,51.3082,3632.65,34,29,0.6667,0,Champions
C17880,0.0979,Low,20.6081,51.2937,1593.95,2,20,1.6667,0,Champions
C16371,0.902,High,20.6049,51.2856,172.94,271,11,1.0,0,Champions
C01251,0.108,Low,20.6043,51.2842,1444.72,14,13,1.5,0,Champions
C05586,0.2796,Low,20.6035,51.2823,557.94,48,12,1.0,0,Champions
C01290,0.0835,Low,20.6,51.2736,1868.77,12,35,2.0,0,Champions
C08106,0.4966,Medium,20.5931,51.2563,313.92,85,1,2.0,0,Steady Regulars
C03904,0.0886,Low,20.5784,51.2198,1758.72,34,29,1.0,0,Champions
C13634,0.1434,Low,20.5736,51.2079,1085.9,19,5,2.5,0,Steady Regulars
C14231,0.3015,Medium,20.5638,51.1835,516.42,63,12,1.0,0,Champions
C05473,0.1806,Low,20.5601,51.1742,861.78,38,24,5.0,0,Champions
C16748,0.2218,Low,20.5439,51.1339,701.07,1,3,3.0,0,Champions
C14396,0.0976,Low,20.5394,51.1227,1593.75,6,10,0.5,0,Champions
C09938,0.2294,Low,20.5392,51.1221,677.78,16,6,0.5,0,Steady Regulars
C02743,0.1213,Low,20.528,51.0943,1281.14,26,21,4.0,0,Champions
C00559,0.0666,Low,20.5257,51.0886,2334.41,15,15,1.0,0,Champions
C01463,0.7032,High,20.5255,51.0882,220.99,61,1,2.0,0,New & Promising
C02014,0.8133,High,20.5152,51.0625,190.97,178,1,0.5,0,Steady Regulars
C12415,0.7965,High,20.5143,51.0603,194.98,258,1,1.0,0,Steady Regulars
C01066,0.6444,High,20.5127,51.0564,240.98,90,1,2.0,0,Steady Regulars
C02954,0.3634,Medium,20.4939,51.0094,426.9,3,9,2.0,0,Champions
C03242,0.2391,Low,20.4924,51.0056,648.86,47,15,1.0,0,Champions
C09746,0.8206,High,20.4837,50.984,188.97,194,1,1.0,0,Steady Regulars
C12678,0.9756,High,20.4814,50.9783,158.93,364,14,1.0,0,Champions
C11134,0.037,Low,20.4806,50.9763,4187.8,2,26,1.1667,0,Champions
C13336,0.3797,Medium,20.4761,50.965,408.26,12,8,4.0,0,Champions
C05620,0.76,High,20.475,50.9623,203.96,157,3,0.5,0,Steady Regulars
C05467,0.5595,Medium,20.4694,50.9484,276.97,51,3,3.0,0,Steady Regulars
C10502,0.0872,Low,20.4692,50.9481,1777.75,14,32,0.7143,0,Champions
C14784,0.1421,Low,20.463,50.9325,1090.33,36,18,5.0,0,Champions
C02761,0.1868,Low,20.4534,50.9087,828.82,34,12,1.3333,0,Champions
C16797,0.7305,High,20.453,50.9076,211.98,99,1,0.5,0,Steady Regulars
C03177,0.8556,High,20.4527,50.9069,180.97,252,1,1.0,0,Steady Regulars
C11127,0.0393,Low,20.4522,50.9057,3935.89,31,59,0.6667,0,Champions
C15496,0.1479,Low,20.4446,50.8866,1046.8,2,6,0.75,0,Champions
C11213,0.1075,Low,20.4387,50.8719,1438.8,16,10,0.6,0,Champions
C16401,0.3378,Medium,20.4311,50.8532,457.96,83,2,1.0,0,Steady Regulars
C07794,0.6869,High,20.4122,50.806,224.96,92,1,0.5,0,Steady Regulars
C09511,0.102,Low,20.4093,50.7988,1514.16,30,9,1.0,0,Champions
C17114,0.849,High,20.4035,50.7845,181.95,281,1,1.0,0,Steady Regulars
C06717,0.1762,Low,20.403,50.7832,876.66,17,22,4.0,0,Champions
C07447,0.0923,Low,20.4,50.7756,1672.81,16,19,1.3333,0,Champions
C01184,0.0904,Low,20.3855,50.7396,1707.02,8,18,2.0,0,Champions
C04518,0.119,Low,20.3781,50.7212,1296.3,13,24,0.6667,0,Champions
C10150,0.2133,Low,20.3643,50.6868,722.82,39,12,1.5,0,Champions
C04942,0.8679,High,20.3571,50.669,177.57,340,2,1.0,0,Steady Regulars
C09884,0.087,Low,20.3534,50.6598,1771.8,6,24,3.5,0,Champions
C09756,0.8609,High,20.3518,50.6558,178.98,204,1,1.0,0,Steady Regulars
C06891,0.7135,High,20.3508,50.6532,215.94,2,1,2.0,0,New & Promising
C07128,0.0457,Low,20.3504,50.6523,3369.64,27,31,1.0,0,Champions
C17696,0.434,Medium,20.3461,50.6415,354.91,73,2,2.0,0,Steady Regulars
C16260,0.1761,Low,20.3459,50.641,874.65,34,7,1.3333,0,Steady Regulars
C12468,0.3754,Medium,20.3294,50.6,409.96,47,2,1.0,0,Steady Regulars
C07242,0.6129,High,20.318,50.5716,250.97,39,2,2.0,0,Steady Regulars
C05425,0.0413,Low,20.3122,50.5573,3724.81,11,13,4.0,0,Champions
C00526,0.0877,Low,20.2991,50.5245,1752.75,16,28,0.6667,0,Champions
C16166,0.0798,Low,20.2922,50.5075,1925.91,15,12,2.0,0,Champions
C03918,0.4936,Medium,20.2766,50.4686,310.98,2,4,2.0,0,Steady Regulars
C06519,0.0569,Low,20.2744,50.4632,2698.09,41,35,1.0,0,Champions
C04279,0.3503,Medium,20.2643,50.438,437.92,106,14,0.5,0,Champions
C01572,0.4568,Medium,20.2601,50.4274,335.8,20,5,0.6667,0,Steady Regulars
C09637,0.3483,Medium,20.2552,50.4153,440.33,30,6,0.6667,0,Steady Regulars
C16640,0.4223,Medium,20.2463,50.3931,362.96,27,5,1.0,0,Steady Regulars
C03932,0.0625,Low,20.2442,50.388,2450.67,21,28,1.0,0,Champions
C16953,0.923,High,20.2367,50.3692,165.99,322,1,1.0,0,Steady Regulars
C08385,0.9298,High,20.2342,50.3631,164.76,288,14,1.0,0,Champions
C01957,0.982,High,20.2318,50.3571,155.97,361,77,1.0,0,Champions
C02967,0.2532,Low,20.2309,50.3549,604.93,20,4,3.0,0,Steady Regulars
C04884,0.5421,Medium,20.2225,50.3339,282.41,6,4,2.0,0,Steady Regulars
C13420,0.0633,Low,20.2208,50.3298,2418.68,31,27,1.5,0,Champions
C07679,0.8231,High,20.2201,50.3281,185.97,264,4,1.0,0,Steady Regulars
C01747,0.0933,Low,20.2174,50.3213,1640.13,22,11,0.75,0,Champions
C17927,0.0642,Low,20.2123,50.3085,2384.3,24,13,2.6667,0,Champions
C07203,0.0352,Low,20.2089,50.3,4345.37,13,21,1.6,0,Champions
C15799,0.2299,Low,20.194,50.2629,664.97,28,12,0.75,0,Champions
C00309,0.3434,Medium,20.1822,50.2335,444.93,98,23,0.3333,0,Champions
C01329,0.8488,High,20.1779,50.223,179.97,363,5,1.0,0,Steady Regulars
C03957,0.3711,Medium,20.1709,50.2056,411.51,39,10,1.0,0,Champions
C14411,0.8776,High,20.1673,50.1965,173.98,285,5,1.0,0,Steady Regulars
C13932,0.5246,Medium,20.1604,50.1794,290.97,110,1,0.5,0,Steady Regulars
C06861,0.8946,High,20.1562,50.1689,170.58,359,1,1.0,0,Steady Regulars
C15344,0.1761,Low,20.136,50.1187,865.79,1,6,6.0,0,Steady Regulars
C04577,0.0401,Low,20.1354,50.1171,3806.22,29,95,1.2,0,Champions
C00030,0.3157,Medium,20.1343,50.1145,482.8,42,6,1.0,0,Steady Regulars
C03701,0.362,Medium,20.1319,50.1084,421.03,36,6,1.0,0,Steady Regulars
C10613,0.7854,High,20.1156,50.0678,193.89,38,1,2.0,0,Deal Hunters
C04463,0.3157,Medium,20.0952,50.0172,481.91,13,6,0.6667,0,Steady Regulars
C09858,0.3096,Medium,20.0732,49.9623,490.89,39,2,1.0,0,Steady Regulars
C14143,0.3903,Medium,20.0536,49.9136,388.98,53,6,2.0,0,Steady Regulars
C09184,0.593,Medium,20.052,49.9097,255.98,56,3,2.0,0,Steady Regulars
C09193,0.848,High,20.0482,49.9002,178.99,173,1,0.5,0,Steady Regulars
C16037,0.5364,Medium,20.0466,49.8962,282.96,85,5,2.0,0,Steady Regulars
C08701,0.8428,High,20.037,49.8721,179.98,286,1,1.0,0,Steady Regulars
C02845,0.9363,High,20.0344,49.8657,161.99,360,10,1.0,0,Steady Regulars
C04658,0.038,Low,20.0275,49.8487,3989.03,11,15,0.8333,0,Champions
C07866,0.5765,Medium,20.0232,49.838,262.97,116,1,0.5,0,Steady Regulars
C06647,0.6408,High,20.023,49.8375,236.56,76,1,2.0,0,Deal Hunters
C02667,0.0664,Low,20.0218,49.8344,2284.39,8,12,1.2,0,Champions
C06953,0.6478,High,20.02,49.83,233.97,145,3,0.5,0,Steady Regulars
C11380,0.447,Medium,20.013,49.8125,338.96,119,10,0.5,0,Champions
C00145,0.6151,High,20.0106,49.8066,246.28,69,3,2.0,0,Steady Regulars
C09488,0.0893,Low,20.0085,49.8012,1697.09,5,13,1.4,0,Champions
C13364,0.1492,Low,20.0062,49.7957,1015.41,21,7,0.6,0,Steady Regulars
C08432,0.5963,Medium,20.0038,49.7895,253.98,104,1,0.5,0,Steady Regulars
C05989,0.4008,Medium,20.0018,49.7845,377.83,132,11,0.3333,0,Champions
C17495,0.2803,Low,20.0007,49.7818,540.22,45,6,0.75,0,Steady Regulars
C15308,0.7076,High,19.9952,49.7681,213.93,150,2,0.5,0,Steady Regulars
C00397,0.4757,Medium,19.9777,49.7246,317.93,24,2,2.0,0,Steady Regulars
C09865,0.1109,Low,19.9729,49.7127,1363.24,18,9,0.6,0,Champions
C09714,0.3523,Medium,19.9591,49.6783,428.9,89,2,1.0,0,Steady Regulars
C00982,0.8991,High,19.948,49.6507,167.96,299,2,1.0,0,Steady Regulars
C14729,0.0278,Low,19.9466,49.6473,5441.57,9,50,1.1111,0,Champions
C04674,0.2214,Low,19.9399,49.6306,681.84,62,17,1.0,0,Champions
C16985,0.8614,High,19.9371,49.6236,175.23,279,10,1.0,0,Steady Regulars
C05862,0.9492,High,19.9273,49.5991,158.93,357,5,1.0,0,Steady Regulars
C06279,0.82,High,19.9242,49.5915,183.96,235,8,1.0,0,Steady Regulars
C01529,0.0924,Low,19.9232,49.589,1631.66,34,32,0.8,0,Champions
C08842,0.7815,High,19.9216,49.5849,192.98,113,1,0.5,0,Steady Regulars
C13883,0.4156,Medium,19.9209,49.5832,362.92,118,11,0.5,0,Champions
C13711,0.0839,Low,19.9208,49.583,1798.12,17,13,2.6667,0,Champions
C06751,0.3353,Medium,19.9101,49.5564,449.5,32,4,1.0,0,Steady Regulars
C09786,0.1466,Low,19.9096,49.5551,1028.47,5,14,2.0,0,Champions
C11342,0.3832,Medium,19.9004,49.5323,393.12,11,4,3.0,0,Steady Regulars
C13373,0.173,Low,19.8992,49.5292,870.85,13,6,0.6667,0,Steady Regulars
C17958,0.3233,Medium,19.899,49.5286,465.96,79,14,3.0,0,Champions
C17850,0.0405,Low,19.8958,49.5207,3722.45,1,28,1.25,0,Champions
C12452,0.5144,Medium,19.8614,49.4352,292.3,151,14,0.5,0,Champions
C04963,0.1002,Low,19.8572,49.4246,1499.82,25,8,0.8,0,Champions
C13031,0.0587,Low,19.8517,49.4111,2560.91,19,33,1.5,0,Champions
C11743,0.3364,Medium,19.8497,49.406,446.78,34,8,1.0,0,Steady Regulars
C06900,0.6154,High,19.8474,49.4003,244.16,15,2,2.0,0,Steady Regulars
C08327,0.3563,Medium,19.8468,49.3988,421.69,15,9,1.5,0,Champions
C08008,0.1924,Low,19.8423,49.3877,780.66,32,16,1.0,0,Champions
C01982,0.6798,High,19.8421,49.387,220.99,51,1,2.0,0,Steady Regulars
C03209,0.3891,Medium,19.8263,49.3477,385.75,36,4,1.0,0,Steady Regulars
C09925,0.1269,Low,19.8244,49.3431,1182.71,12,20,0.6667,0,Champions
C06729,0.0634,Low,19.8187,49.3288,2366.75,3,32,0.8,0,Champions
C13657,0.26,Low,19.8154,49.3207,577.05,8,5,1.5,0,Champions
C04496,0.7822,High,19.8133,49.3154,191.77,194,4,1.0,0,Steady Regulars
C04331,0.1355,Low,19.7976,49.2764,1106.49,8,4,5.0,0,Steady Regulars
C06502,0.1238,Low,19.7899,49.2571,1210.65,12,16,1.0,0,Champions
C08530,0.7202,High,19.7831,49.2403,207.97,124,2,0.5,0,Steady Regulars
C10367,0.5092,Medium,19.7713,49.2108,293.95,127,7,0.3333,0,Champions
C15139,0.0917,Low,19.77,49.2077,1631.72,21,17,1.0,0,Champions
C08924,0.1363,Low,19.7555,49.1716,1097.04,23,4,2.0,0,Steady Regulars
C06157,0.752,High,19.7552,49.1707,198.89,3,1,2.0,0,Deal Hunters
C16566,0.1044,Low,19.7543,49.1686,1432.74,57,28,1.0,0,Champions
C09933,0.0616,Low,19.7476,49.1519,2427.4,51,37,1.3333,0,Champions
C01274,0.8585,High,19.7256,49.0972,173.96,279,13,1.0,0,Champions
C01243,0.6197,High,19.7251,49.0958,240.98,48,1,2.0,0,Steady Regulars
C08620,0.3769,Medium,19.724,49.0931,396.21,8,3,1.0,0,Steady Regulars
C04368,0.3816,Medium,19.717,49.0756,391.22,53,8,2.0,0,Champions
C10678,0.1797,Low,19.7132,49.0664,830.71,19,23,0.8333,0,Champions
C01131,0.8615,High,19.6833,48.9919,172.97,254,4,1.0,0,Steady Regulars
C15341,0.1556,Low,19.6646,48.9454,956.53,26,16,0.5,0,Champions
C03438,0.1206,Low,19.6479,48.9037,1233.75,19,20,3.0,0,Champions
C02181,0.3098,Medium,19.6446,48.8955,480.14,29,13,2.0,0,Champions
C05669,0.5932,Medium,19.6413,48.8873,250.66,164,3,0.3333,0,Steady Regulars
C11282,0.5852,Medium,19.6314,48.8627,253.97,2,3,3.0,0,Steady Regulars
C06201,0.0588,Low,19.6309,48.8615,2529.26,9,25,1.5,0,Champions
C10898,0.1509,Low,19.6293,48.8575,985.05,11,19,1.5,0,Champions
C07743,0.5919,Medium,19.6193,48.8326,250.95,65,4,2.0,0,Steady Regulars
C15488,0.1636,Low,19.613,48.8168,907.33,6,7,0.6,0,Champions
C07774,0.8159,High,19.6113,48.8126,181.98,182,1,1.0,0,Steady Regulars
C04871,0.9165,High,19.6103,48.81,161.99,157,1,0.5,0,Steady Regulars
C05127,0.1682,Low,19.5978,48.7791,882.07,1,19,1.5,0,Champions
C02152,0.2169,Low,19.5938,48.769,683.85,11,16,2.0,0,Champions
C03747,0.0472,Low,19.5841,48.7449,3141.1,12,16,2.0,0,Champions
C11382,0.9038,High,19.5756,48.7238,163.98,160,1,0.5,0,Steady Regulars
C06609,0.7633,High,19.5586,48.6815,193.98,124,1,0.5,0,Steady Regulars
C12634,0.8047,High,19.5559,48.6748,183.98,265,1,1.0,0,Steady Regulars
C04585,0.1577,Low,19.5486,48.6566,938.52,14,25,0.6,0,Champions
C12163,0.8187,High,19.5472,48.6532,180.76,306,3,1.0,0,Steady Regulars
C03025,0.6578,High,19.5461,48.6503,224.97,26,1,2.0,0,New & Promising
C07058,0.7621,High,19.5264,48.6012,193.98,46,1,2.0,0,New & Promising
C12313,0.1774,Low,19.5242,48.5958,833.43,5,4,1.5,0,Steady Regulars
C02472,0.262,Low,19.5125,48.5668,563.94,10,2,3.0,0,Steady Regulars
C05824,0.8588,High,19.5091,48.5583,171.98,256,3,1.0,0,Steady Regulars
C08668,0.6743,High,19.5015,48.5392,218.96,157,1,0.5,0,Steady Regulars
C00533,0.8893,High,19.4971,48.5284,165.99,350,1,1.0,0,Steady Regulars
C10625,0.1326,Low,19.4951,48.5233,1113.04,14,8,0.8,0,Champions
C04054,0.0852,Low,19.4827,48.4925,1731.41,16,27,1.0,0,Champions
C04143,0.087,Low,19.4705,48.4622,1695.2,1,31,1.5,0,Champions
C05980,0.7841,High,19.4686,48.4575,187.98,95,1,0.5,0,New & Promising
C01099,0.0976,Low,19.4674,48.4546,1510.81,22,20,1.0,0,Champions
C10279,0.3021,Medium,19.4472,48.4042,487.34,22,12,3.0,0,Champions
C15681,0.5513,Medium,19.4398,48.3859,266.96,130,5,0.5,0,Steady Regulars
C07912,0.1075,Low,19.4398,48.3859,1368.82,5,8,2.0,0,Champions
C13244,0.3854,Medium,19.4298,48.3609,381.66,32,10,1.0,0,Champions
C02793,0.5701,Medium,19.4247,48.3481,257.96,108,2,0.5,0,Steady Regulars
C09584,0.0431,Low,19.4246,48.3479,3415.52,17,19,1.1,0,Champions
C10933,0.0561,Low,19.4222,48.3421,2621.77,30,29,0.75,0,Champions
C07569,0.4874,Medium,19.4114,48.3151,301.54,99,2,0.3333,0,Steady Regulars
C07351,0.1177,Low,19.3941,48.2719,1247.49,5,19,1.0,0,Champions
C03300,0.6765,High,19.3861,48.2521,216.95,65,1,2.0,0,Steady Regulars
C13801,0.8388,High,19.3848,48.2488,174.96,226,1,1.0,0,Steady Regulars
C17672,0.193,Low,19.3777,48.2313,760.23,19,19,0.8,0,Champions
C06807,0.1885,Low,19.3749,48.2244,778.27,1,13,2.5,0,Champions
C16106,0.8383,High,19.3745,48.2234,174.97,303,3,1.0,0,Steady Regulars
C17125,0.128,Low,19.3651,48.1999,1145.38,11,4,2.0,0,Steady Regulars
C01963,0.6186,High,19.3631,48.1948,236.97,43,1,2.0,0,Steady Regulars
C02646,0.124,Low,19.3607,48.1889,1182.1,12,11,0.75,0,Champions
C08523,0.3726,Medium,19.327,48.105,392.71,31,11,1.5,0,Champions
C02428,0.0307,Low,19.3183,48.0833,4767.18,1,19,0.7273,0,Champions
C01370,0.1701,Low,19.3171,48.0803,859.59,10,19,2.5,0,Champions
C14829,0.9026,High,19.3133,48.071,161.99,293,1,1.0,0,Steady Regulars
C02295,0.1876,Low,19.3095,48.0615,779.13,12,10,1.0,0,Champions
C02564,0.176,Low,19.3058,48.0523,830.22,44,16,2.0,0,Champions
C15569,0.1071,Low,19.2928,48.0198,1363.47,11,24,2.6667,0,Champions
C15294,0.7289,High,19.2704,47.9641,200.14,204,11,1.0,0,Champions
C16999,0.8947,High,19.2577,47.9324,162.95,267,3,1.0,0,Steady Regulars
C09767,0.8458,High,19.2576,47.9322,172.37,235,1,1.0,0,Deal Hunters
C06036,0.8892,High,19.2563,47.929,163.95,251,1,1.0,0,Steady Regulars
C13763,0.1768,Low,19.2506,47.9149,824.43,20,6,0.4,0,Steady Regulars
C15279,0.0564,Low,19.25,47.9135,2584.04,36,18,1.0,0,Champions
C17851,0.2234,Low,19.2498,47.9128,652.45,10,7,2.0,0,Champions
C12064,0.0463,Low,19.2465,47.9045,3149.35,16,24,8.0,0,Champions
C10602,0.5497,Medium,19.2393,47.8868,264.95,115,4,0.3333,0,Steady Regulars
C00355,0.4966,Medium,19.2364,47.8796,293.25,117,5,0.3333,0,Steady Regulars
C00050,0.6565,High,19.2303,47.8643,221.76,188,4,1.0,0,Steady Regulars
C00375,0.4466,Medium,19.2244,47.8496,325.9,46,5,1.0,0,Steady Regulars
C02902,0.0644,Low,19.2234,47.8472,2258.8,58,34,1.25,0,Champions
C00565,0.2758,Low,19.2193,47.8369,527.58,72,16,1.0,0,Champions
C15200,0.7995,High,19.218,47.8337,181.98,209,4,1.0,0,Steady Regulars
C12550,0.343,Medium,19.2075,47.8076,423.93,18,12,3.0,0,Champions
C11804,0.547,Medium,19.2008,47.7909,265.76,45,4,1.5,0,Steady Regulars
C08158,0.8031,High,19.1973,47.7823,180.96,277,2,1.0,0,Steady Regulars
C04039,0.3214,Medium,19.1922,47.7696,452.11,61,5,1.5,0,Steady Regulars
C00233,0.6574,High,19.191,47.7665,220.99,49,1,2.0,0,New & Promising
C08552,0.3364,Medium,19.1885,47.7604,431.85,75,5,1.0,0,Steady Regulars
C01902,0.2999,Low,19.1884,47.7601,484.41,31,8,1.0,0,Champions
C06218,0.1402,Low,19.1494,47.6629,1033.72,45,28,0.6667,0,Champions
C06817,0.024,Low,19.1443,47.6502,6035.57,9,68,2.75,0,Champions
C09814,0.0738,Low,19.1314,47.6182,1962.71,13,29,0.8,0,Champions
C17110,0.0715,Low,19.1269,47.6069,2024.33,17,23,2.0,0,Champions
C09474,0.8227,High,19.1221,47.5951,175.96,192,1,1.0,0,Steady Regulars
C12044,0.8723,High,19.122,47.5947,165.96,177,1,0.5,0,Steady Regulars
C16954,0.2578,Low,19.12,47.5898,561.45,33,13,1.0,0,Champions
C00696,0.9047,High,19.1138,47.5743,159.95,364,1,1.0,0,Steady Regulars
C04758,0.0256,Low,19.102,47.545,5644.4,10,77,0.7778,0,Champions
C10487,0.1406,Low,19.0998,47.5394,1028.67,5,8,1.6667,0,Champions
C16635,0.1217,Low,19.0996,47.539,1188.27,25,6,1.0,0,Champions
C02756,0.2555,Low,19.099,47.5376,565.95,32,2,3.0,0,Steady Regulars
C11466,0.8907,High,19.0966,47.5314,162.32,321,1,1.0,0,Deal Hunters
C07741,0.61,High,19.0939,47.5248,236.97,87,1,2.0,0,Steady Regulars
C07966,0.887,High,19.0911,47.5179,162.95,220,1,1.0,0,Steady Regulars
C06689,0.0949,Low,19.0827,47.497,1522.46,20,13,7.0,0,Champions
C16856,0.1203,Low,19.0745,47.4766,1200.89,14,5,2.5,0,Steady Regulars
C01266,0.3267,Medium,19.0697,47.4647,441.87,3,6,4.0,0,Champions
C11643,0.3138,Medium,19.0663,47.4561,459.92,5,4,0.6667,0,Steady Regulars
C07054,0.8909,High,19.0616,47.4445,161.99,185,1,1.0,0,Steady Regulars
C05157,0.3452,Medium,19.0582,47.4359,418.01,88,6,0.6667,0,Steady Regulars
C12218,0.7883,High,19.0506,47.4171,182.95,237,4,1.0,0,Steady Regulars
C10835,0.05,Low,19.0484,47.4117,2881.92,9,23,1.75,0,Champions
C16196,0.1,Low,19.0459,47.4054,1442.6,16,25,0.75,0,Champions
C14749,0.5609,Medium,19.0354,47.3791,256.95,39,4,1.0,0,Steady Regulars
C11046,0.0642,Low,19.0306,47.3672,2242.62,24,29,1.25,0,Champions
C04842,0.7131,High,19.0243,47.3516,201.97,136,1,0.5,0,Steady Regulars
C06286,0.8271,High,19.0089,47.3134,173.99,26,1,2.0,0,New & Promising
C06097,0.5776,Medium,19.0062,47.3066,249.14,124,5,0.25,0,Steady Regulars
C01181,0.2953,Low,19.0048,47.3031,487.19,19,7,4.0,0,Champions
C13155,0.2937,Low,19.0002,47.2917,489.69,68,3,1.5,0,Steady Regulars
C14391,0.1774,Low,18.9999,47.2908,810.91,35,12,1.5,0,Champions
C15059,0.5848,Medium,18.9994,47.2897,245.95,49,1,2.0,0,Steady Regulars
C08429,0.877,High,18.996,47.2811,163.99,260,1,1.0,0,Steady Regulars
C09275,0.8876,High,18.9911,47.2689,161.98,322,3,1.0,0,Steady Regulars
C06498,0.3167,Medium,18.9892,47.2644,453.9,14,4,2.0,0,Steady Regulars
C05806,0.0398,Low,18.9839,47.2511,3614.6,19,32,1.3333,0,Champions
C13542,0.3282,Medium,18.9825,47.2475,437.93,42,3,2.0,0,Steady Regulars
C00049,0.3462,Medium,18.9719,47.2212,414.93,22,5,2.0,0,Steady Regulars
C05588,0.6875,High,18.9572,47.1846,208.75,185,3,1.0,0,Steady Regulars
C06339,0.6081,High,18.9515,47.1705,235.95,65,3,1.0,0,Steady Regulars
C07049,0.15,Low,18.9438,47.1512,956.26,7,5,5.0,0,Champions
C10755,0.7668,High,18.9389,47.1391,186.98,8,1,2.0,0,New & Promising
C06000,0.8433,High,18.9341,47.127,169.98,243,1,1.0,0,Steady Regulars
C03641,0.7709,High,18.9338,47.1263,185.95,234,5,1.0,0,Steady Regulars
C07993,0.8055,High,18.9317,47.121,177.94,227,4,1.0,0,Steady Regulars
C01810,0.2446,Low,18.9268,47.1088,585.92,9,3,3.0,0,Steady Regulars
C07805,0.2002,Low,18.9206,47.0936,715.53,22,11,1.5,0,Champions
C15687,0.1934,Low,18.919,47.0894,740.56,33,6,1.0,0,Steady Regulars
C17824,0.9124,High,18.9181,47.0874,156.97,354,1,1.0,0,Steady Regulars
C08462,0.5044,Medium,18.9165,47.0833,283.94,85,1,2.0,0,Steady Regulars
C05818,0.7234,High,18.9164,47.0831,197.97,46,1,2.0,0,New & Promising
C15317,0.7826,High,18.9122,47.0726,182.95,219,7,1.0,0,Steady Regulars
C16561,0.0413,Low,18.9078,47.0616,3465.41,19,23,0.8333,0,Champions
C10348,0.0746,Low,18.893,47.0248,1917.12,11,17,4.0,0,Champions
C08282,0.6546,High,18.8911,47.0201,218.47,166,4,0.3333,0,Steady Regulars
C14698,0.3455,Medium,18.8778,46.987,413.61,5,7,3.0,0,Champions
C08998,0.6436,High,18.8731,46.9753,221.99,87,1,2.0,0,Steady Regulars
C03460,0.144,Low,18.8707,46.9694,992.05,3,20,0.6667,0,Champions
C10837,0.0286,Low,18.8658,46.9571,4991.37,14,71,1.2,0,Champions
C06019,0.0382,Low,18.8654,46.9562,3735.3,6,19,1.5,0,Champions
C06349,0.1701,Low,18.8653,46.9558,839.85,27,5,5.0,0,Steady Regulars
C08263,0.2181,Low,18.8642,46.9531,654.78,62,16,3.0,0,Champions
C02806,0.6461,High,18.8596,46.9416,220.99,23,1,2.0,0,New & Promising
C05595,0.8761,High,18.8587,46.9393,162.97,279,1,1.0,0,Steady Regulars
C02083,0.4338,Medium,18.858,46.9376,329.1,48,8,2.0,0,Champions
C04454,0.7316,High,18.8421,46.898,194.97,217,6,1.0,0,Steady Regulars
C00962,0.2651,Low,18.8374,46.8864,537.87,47,14,1.0,0,Champions
C02838,0.8859,High,18.8356,46.8819,160.96,292,1,1.0,0,Steady Regulars
C09504,0.4142,Medium,18.8066,46.8098,343.73,80,10,2.0,0,Champions
C11476,0.8523,High,18.7991,46.7912,166.99,177,1,0.5,0,Steady Regulars
C11481,0.0974,Low,18.7989,46.7906,1461.37,16,35,3.0,0,Champions
C03187,0.6666,High,18.7946,46.7798,213.47,34,1,2.0,0,Deal Hunters
C05202,0.3381,Medium,18.7864,46.7596,420.69,54,12,1.0,0,Champions
C07303,0.133,Low,18.7626,46.7001,1068.15,20,20,0.75,0,Champions
C14801,0.6428,High,18.7616,46.6978,220.97,53,1,2.0,0,Steady Regulars
C05746,0.768,High,18.76,46.6937,184.94,228,7,1.0,0,Steady Regulars
C07836,0.455,Medium,18.7464,46.6599,311.94,95,4,0.5,0,Steady Regulars
C11734,0.045,Low,18.7431,46.6516,3154.24,12,39,0.6,0,Champions
C05910,0.1948,Low,18.7372,46.6369,728.18,19,10,1.5,0,Champions
C11780,0.2838,Low,18.7357,46.6333,499.85,8,10,1.0,0,Champions
C02174,0.0442,Low,18.7344,46.63,3205.27,21,33,0.6667,0,Champions
C09057,0.0885,Low,18.7323,46.6248,1601.94,45,35,0.8,0,Champions
C09036,0.4728,Medium,18.7292,46.6172,299.93,120,6,0.3333,0,Steady Regulars
C09995,0.5399,Medium,18.7186,46.5907,262.46,31,1,2.0,0,Deal Hunters
C17261,0.8337,High,18.7174,46.5876,169.96,308,1,1.0,0,Steady Regulars
C14133,0.9576,High,18.7156,46.5832,147.97,218,32,1.0,0,Champions
C13489,0.5153,Medium,18.7127,46.576,274.93,62,5,1.0,0,Steady Regulars
C08305,0.0505,Low,18.7021,46.5497,2805.42,27,30,2.0,0,Champions
C17281,0.3108,Medium,18.7019,46.5491,455.59,18,5,2.0,0,Steady Regulars
C12135,0.8684,High,18.6943,46.5301,162.98,190,1,1.0,0,Steady Regulars
C16138,0.5361,Medium,18.694,46.5294,263.97,145,17,0.5,0,Champions
C10346,0.8192,High,18.6929,46.5266,172.76,184,1,1.0,0,Deal Hunters
C02785,0.0836,Low,18.6877,46.5138,1692.54,22,30,1.6667,0,Champions
C13017,0.566,Medium,18.6866,46.5111,249.93,122,1,0.5,0,Steady Regulars
C05875,0.067,Low,18.6663,46.4606,2110.19,3,26,1.5,0,Champions
C00317,0.8644,High,18.6635,46.4535,163.47,250,1,1.0,0,Steady Regulars
C08837,0.3968,Medium,18.654,46.4298,355.94,61,8,1.0,0,Champions
C15507,0.5658,Medium,18.6462,46.4105,249.5,128,10,0.25,0,Champions
C10499,0.5576,Medium,18.6455,46.4088,253.16,27,1,2.0,0,New & Promising
C13775,0.337,Medium,18.6397,46.3943,418.74,17,4,4.0,0,Steady Regulars
C08330,0.7545,High,18.6319,46.3749,186.96,123,1,0.5,0,Steady Regulars
C11108,0.6382,High,18.6288,46.3672,220.97,183,8,1.0,0,Champions
C14084,0.9037,High,18.6187,46.3422,155.97,318,1,1.0,0,Steady Regulars
C01025,0.123,Low,18.6158,46.3349,1145.94,18,9,0.8,0,Champions
C11354,0.037,Low,18.5988,46.2925,3803.99,1,50,0.625,0,Champions
C02211,0.3353,Medium,18.5922,46.2761,419.74,72,14,3.0,0,Champions
C17290,0.4032,Medium,18.5867,46.2623,348.98,21,2,2.0,0,Steady Regulars
C13492,0.7488,High,18.5861,46.2609,187.92,114,1,0.5,0,Steady Regulars
C13912,0.1292,Low,18.5794,46.2443,1089.01,21,6,2.5,0,Steady Regulars
C06660,0.8323,High,18.5763,46.2364,168.98,335,9,1.0,0,Champions
C06006,0.8219,High,18.5593,46.1942,170.96,207,1,1.0,0,Steady Regulars
C13585,0.9065,High,18.5572,46.189,154.98,268,1,1.0,0,Steady Regulars
C11525,0.0319,Low,18.5544,46.182,4401.44,1,57,1.5,0,Champions
C08384,0.8672,High,18.5539,46.1808,161.98,200,1,1.0,0,Steady Regulars
C01606,0.0308,Low,18.5432,46.1542,4561.21,15,17,1.0,0,Champions
C10521,0.5571,Medium,18.5386,46.1427,251.95,47,4,2.0,0,Steady Regulars
C01107,0.314,Medium,18.5335,46.13,446.88,12,12,3.0,0,Champions
C07728,0.9417,High,18.5332,46.1294,148.99,337,1,1.0,0,Steady Regulars
C11450,0.5011,Medium,18.5298,46.1209,279.93,117,7,0.5,0,Steady Regulars
C06214,0.1816,Low,18.5088,46.0685,771.52,35,22,1.0,0,Champions
C10559,0.2965,Low,18.5076,46.0656,472.57,16,13,5.0,0,Champions
C17014,0.8651,High,18.5075,46.0652,161.97,299,1,1.0,0,Steady Regulars
C10995,0.8885,High,18.4904,46.0228,157.55,361,2,1.0,0,Deal Hunters
C08561,0.7486,High,18.488,46.0167,186.98,126,1,0.5,0,Steady Regulars
C10991,0.9385,High,18.4812,45.9998,149.08,333,1,1.0,0,Deal Hunters
C16572,0.1739,Low,18.4754,45.9854,804.5,12,3,1.5,0,Steady Regulars
C15315,0.6163,High,18.4747,45.9837,226.96,73,3,1.0,0,Steady Regulars
C07798,0.863,High,18.4635,45.9558,161.98,299,1,1.0,0,Steady Regulars
C08239,0.842,High,18.4588,45.944,165.97,294,9,1.0,0,Steady Regulars
C03825,0.4715,Medium,18.4522,45.9276,296.26,10,1,2.0,0,New & Promising
C05967,0.72,High,18.4457,45.9114,193.96,244,10,1.0,0,Champions
C07291,0.9906,High,18.4439,45.907,140.96,322,32,1.0,0,Champions
C08379,0.5171,Medium,18.4393,45.8956,269.95,18,3,1.0,0,Steady Regulars
C00963,0.1897,Low,18.4221,45.8528,735.2,14,4,0.5,0,Steady Regulars
C11985,0.3579,Medium,18.4206,45.849,389.6,9,8,1.0,0,Champions
C00968,0.6237,High,18.419,45.8449,223.56,13,2,2.0,0,Steady Regulars
C17583,0.254,Low,18.4185,45.8437,548.93,56,4,1.5,0,Steady Regulars
C03854,0.0494,Low,18.4151,45.8352,2820.59,31,43,1.0,0,Champions
C16911,0.0679,Low,18.3891,45.7706,2049.57,9,29,0.75,0,Champions
C02496,0.6357,High,18.3878,45.7673,218.98,44,1,2.0,0,New & Promising
C10077,0.2262,Low,18.3722,45.7285,614.95,11,2,3.0,0,Steady Regulars
C06367,0.6733,High,18.3643,45.7087,206.48,32,1,2.0,0,Deal Hunters
C03755,0.8477,High,18.3617,45.7024,163.98,149,1,0.5,0,Steady Regulars
C02023,0.3547,Medium,18.3571,45.6908,391.84,54,2,1.0,0,Steady Regulars
C11263,0.2291,Low,18.3503,45.6739,606.4,11,6,1.5,0,Champions
C09526,0.8072,High,18.3365,45.6397,171.98,149,1,0.5,0,Steady Regulars
C02293,0.1298,Low,18.329,45.6209,1069.41,25,19,1.25,0,Champions
C03151,0.1028,Low,18.3271,45.6163,1349.22,14,25,1.5,0,Champions
C15743,0.5549,Medium,18.3217,45.6027,249.97,97,2,0.3333,0,Steady Regulars
C08457,0.419,Medium,18.3088,45.5707,330.8,43,8,2.0,0,Champions
C12459,0.0596,Low,18.3017,45.5531,2322.89,20,10,1.2,0,Champions
C01995,0.8444,High,18.2883,45.5198,163.97,156,1,0.5,0,Steady Regulars
C16945,0.6349,High,18.2766,45.4906,217.94,60,1,2.0,0,Steady Regulars
C17912,0.5413,Medium,18.2636,45.4582,255.44,31,4,3.0,0,Steady Regulars
C12516,0.2882,Low,18.2468,45.4163,479.27,17,11,1.6667,0,Champions
C01280,0.3377,Medium,18.2383,45.3952,408.92,75,9,0.6667,0,Steady Regulars
C00366,0.4275,Medium,18.2366,45.3911,322.95,52,4,1.0,0,Steady Regulars
C09860,0.1191,Low,18.2296,45.3735,1158.7,33,27,1.3333,0,Champions
C17207,0.1376,Low,18.2209,45.352,1002.78,37,28,0.4,0,Champions
C01825,0.2049,Low,18.2025,45.3062,672.39,72,17,1.0,0,Champions
C12089,0.1928,Low,18.1855,45.2637,714.03,6,9,2.5,0,Champions
C11338,0.0541,Low,18.1844,45.2612,2544.39,2,15,0.8,0,Champions
C04406,0.3777,Medium,18.1802,45.2505,364.45,26,8,2.0,0,Champions
C04024,0.7012,High,18.1703,45.226,196.17,122,2,0.5,0,Steady Regulars
C01690,0.8282,High,18.1588,45.1974,165.99,364,5,1.0,0,Steady Regulars
C14077,0.0828,Low,18.1537,45.1846,1659.73,20,13,0.8,0,Champions
C04263,0.5073,Medium,18.1526,45.182,270.92,104,10,0.3333,0,Champions
C06183,0.881,High,18.1473,45.1687,155.94,298,3,1.0,0,Steady Regulars
C16892,0.0321,Low,18.1435,45.1593,4283.35,1,52,1.6667,0,Champions
C12243,0.4541,Medium,18.1396,45.1496,302.4,74,6,1.0,0,Steady Regulars
C05412,0.0828,Low,18.1378,45.1452,1658.12,48,34,1.6667,0,Champions
C06399,0.0924,Low,18.1363,45.1414,1485.97,26,33,3.0,0,Champions
C16051,0.8423,High,18.1363,45.1414,163.01,245,6,1.0,0,Steady Regulars
C07321,0.5239,Medium,18.1301,45.1261,261.98,25,1,2.0,0,New & Promising
C09352,0.0732,Low,18.1257,45.1151,1873.77,9,17,1.0,0,Champions
C05755,0.5361,Medium,18.1219,45.1055,255.93,22,3,1.0,0,Steady Regulars
C01247,0.5355,Medium,18.1171,45.0936,256.15,34,2,2.0,0,Steady Regulars
C07603,0.7806,High,18.1039,45.0607,175.58,182,1,1.0,0,Deal Hunters
C03316,0.2392,Low,18.103,45.0586,572.86,6,10,3.0,0,Champions
C17418,0.7028,High,18.1011,45.0537,194.98,54,1,2.0,0,New & Promising
C06914,0.029,Low,18.0906,45.0277,4727.0,28,22,1.6,0,Champions
C10097,0.3695,Medium,18.0901,45.0265,370.68,37,9,0.6667,0,Champions
C09918,0.0711,Low,18.0763,44.9921,1924.71,32,26,0.75,0,Champions
C12712,0.0678,Low,18.0679,44.971,2016.95,19,24,1.0,0,Champions
C07928,0.6163,High,18.0669,44.9687,221.95,7,1,2.0,0,New & Promising
C06648,0.2586,Low,18.0653,44.9646,528.91,4,6,3.0,0,Champions
C05771,0.9368,High,18.0633,44.9596,145.98,360,1,1.0,0,Steady Regulars
C00937,0.3727,Medium,18.0622,44.957,366.91,98,20,0.5,0,Champions
C10282,0.8443,High,18.0612,44.9544,161.96,297,1,1.0,0,Steady Regulars
C13808,0.8484,High,18.0382,44.8973,160.97,364,8,1.0,0,Champions
C06491,0.9041,High,18.0319,44.8814,150.99,276,1,1.0,0,Steady Regulars
C16240,0.1947,Low,18.0284,44.8729,700.88,20,6,2.5,0,Champions
C16256,0.783,High,17.9954,44.7908,173.99,44,1,2.0,0,New & Promising
C09478,0.0803,Low,17.9917,44.7814,1696.82,18,29,2.0,0,Champions
C15151,0.2037,Low,17.9907,44.7789,668.73,44,17,0.75,0,Champions
C14360,0.2018,Low,17.9907,44.7789,674.88,62,15,2.0,0,Champions
C00318,0.8256,High,17.9858,44.7667,164.93,197,1,1.0,0,Steady Regulars
C07550,0.1942,Low,17.983,44.7598,701.01,44,14,1.0,0,Champions
C11957,0.9655,High,17.976,44.7424,140.95,305,8,1.0,0,Steady Regulars
C09739,0.7818,High,17.9662,44.7179,173.99,54,1,2.0,0,New & Promising
C16569,0.7574,High,17.9415,44.6566,179.33,170,1,0.5,0,Deal Hunters
C00051,0.0396,Low,17.9392,44.6509,3426.44,2,66,2.6667,0,Champions
C01216,0.6146,High,17.9388,44.6498,220.99,87,3,2.0,0,Steady Regulars
C09517,0.3239,Medium,17.9351,44.6405,419.2,29,6,1.5,0,Steady Regulars
C15547,0.7074,High,17.9333,44.6362,191.92,101,1,0.5,0,Steady Regulars
C01583,0.6143,High,17.9323,44.6336,220.99,87,2,2.0,0,Steady Regulars
C11177,0.1111,Low,17.9292,44.6259,1221.3,34,25,1.0,0,Champions
C06481,0.911,High,17.9286,44.6244,148.99,326,2,1.0,0,Steady Regulars
C13538,0.8025,High,17.909,44.5756,168.95,238,5,1.0,0,Steady Regulars
C01684,0.1158,Low,17.89,44.5284,1169.53,35,22,1.5,0,Champions
C04664,0.349,Medium,17.8836,44.5123,387.9,42,10,1.0,0,Steady Regulars
C10149,0.0533,Low,17.8777,44.4976,2541.3,18,19,1.0,0,Champions
C01517,0.2055,Low,17.8764,44.4945,658.6,17,6,0.75,0,Steady Regulars
C10255,0.2378,Low,17.8665,44.4698,568.72,82,34,2.0,0,Champions
C14130,0.5959,Medium,17.8629,44.4608,226.94,50,1,2.0,0,Steady Regulars
C10028,0.1865,Low,17.8584,44.4498,724.93,6,2,3.0,0,Steady Regulars
C07916,0.2132,Low,17.853,44.4362,633.86,6,9,1.3333,0,Champions
C06144,0.9384,High,17.8456,44.4177,143.98,322,1,1.0,0,Steady Regulars
C13725,0.1905,Low,17.8344,44.3898,708.74,14,16,4.0,0,Champions
C14936,0.1321,Low,17.8327,44.3858,1021.91,25,6,2.5,0,Champions
C11158,0.3361,Medium,17.8199,44.3539,401.44,36,2,1.0,0,Deal Hunters
C01156,0.8705,High,17.8169,44.3464,154.95,260,1,1.0,0,Steady Regulars
C00552,0.1429,Low,17.809,44.3267,943.6,15,5,2.5,0,Steady Regulars
C13101,0.6342,High,17.8063,44.3201,212.57,42,1,2.0,0,Deal Hunters
C16717,0.2962,Low,17.8051,44.3171,455.08,9,10,3.0,0,Champions
C00492,0.0501,Low,17.7869,44.2717,2686.08,37,48,0.6667,0,Champions
C16422,0.816,High,17.7829,44.2616,164.99,70,1,2.0,0,New & Promising
C15275,0.5457,Medium,17.7699,44.2294,246.52,14,4,1.0,0,Steady Regulars
C01404,0.2301,Low,17.7676,44.2236,584.52,18,4,4.0,0,Steady Regulars
C17714,0.4395,Medium,17.7603,44.2054,305.96,109,2,0.5,0,Steady Regulars
C09576,0.216,Low,17.7537,44.1891,622.2,1,9,2.0,0,Champions
C11201,0.8298,High,17.7534,44.1883,161.98,97,1,0.5,0,New & Promising
C15545,0.3511,Medium,17.7504,44.181,382.74,31,6,5.0,0,Steady Regulars
C15324,0.8784,High,17.7485,44.1762,152.97,273,3,1.0,0,Steady Regulars
C13707,0.9531,High,17.7465,44.1712,140.96,327,1,1.0,0,Steady Regulars
C14714,0.2824,Low,17.746,44.17,475.71,40,4,0.6667,0,Steady Regulars
C14560,0.9936,High,17.7369,44.1473,135.15,326,26,1.0,0,Champions
C12960,0.057,Low,17.7363,44.1458,2355.86,22,34,1.6667,0,Champions
C09609,0.1219,Low,17.7325,44.1364,1100.9,6,3,4.0,0,Steady Regulars
C15745,0.1837,Low,17.7306,44.1317,730.72,11,11,2.0,0,Champions
C04667,0.9144,High,17.7288,44.127,146.78,355,4,1.0,0,Steady Regulars
C15614,0.2656,Low,17.7203,44.1058,505.02,33,15,2.0,0,Champions
C14457,0.3414,Medium,17.7184,44.1011,392.95,59,3,1.5,0,Steady Regulars
C02129,0.0539,Low,17.713,44.0877,2488.14,46,38,0.75,0,Champions
C08204,0.0612,Low,17.7007,44.0573,2191.27,42,58,0.5,0,Champions
C06497,0.3109,Medium,17.6982,44.0509,430.94,77,3,3.0,0,Steady Regulars
C16688,0.0248,Low,17.6912,44.0334,5389.93,26,50,0.75,0,Champions
C11494,0.7432,High,17.6838,44.0152,180.15,104,1,0.5,0,Steady Regulars
C02530,0.5509,Medium,17.6803,44.0063,242.98,72,1,2.0,0,Steady Regulars
C00103,0.7688,High,17.6688,43.9778,173.99,118,1,0.5,0,New & Promising
C09319,0.0334,Low,17.6676,43.9748,4000.23,5,41,1.0,0,Champions
C12861,0.9414,High,17.6544,43.9418,141.97,330,10,1.0,0,Champions
C01667,0.8849,High,17.6471,43.9237,150.98,256,1,1.0,0,Steady Regulars
C04061,0.5638,Medium,17.6434,43.9144,236.91,153,6,0.5,0,Steady Regulars
C05807,0.0776,Low,17.6381,43.9014,1721.36,22,22,1.3333,0,Champions
C07494,0.3262,Medium,17.6371,43.8988,409.34,49,2,3.0,0,Deal Hunters
C04938,0.6175,High,17.6164,43.8472,215.98,66,2,2.0,0,Steady Regulars
C14295,0.2027,Low,17.6086,43.8278,657.65,21,3,4.0,0,Steady Regulars
C17446,0.0221,Low,17.6084,43.8275,6026.33,8,31,1.7143,0,Champions
C09374,0.8137,High,17.6025,43.8127,163.78,31,1,2.0,0,Deal Hunters
C10905,0.3773,Medium,17.5876,43.7757,352.89,92,6,0.5,0,Steady Regulars
C00612,0.2054,Low,17.5862,43.7721,648.07,36,2,3.0,0,Steady Regulars
C10823,0.7436,High,17.5785,43.7529,178.97,63,1,2.0,0,New & Promising
C04367,0.7378,High,17.5773,43.75,180.37,183,2,1.0,0,Steady Regulars
C14248,0.4469,Medium,17.5654,43.7204,297.58,2,7,1.0,0,Champions
C00733,0.0541,Low,17.5642,43.7175,2457.85,4,30,3.0,0,Champions
C00715,0.6098,High,17.5573,43.7003,217.96,26,1,2.0,0,New & Promising
C15388,0.0862,Low,17.5564,43.6981,1541.19,6,23,2.5,0,Champions
C05656,0.2816,Low,17.5535,43.6909,471.93,12,10,0.6667,0,Champions
C03509,0.4833,Medium,17.55,43.6821,274.94,56,3,1.0,0,Steady Regulars
C13670,0.9102,High,17.5489,43.6793,145.97,281,1,1.0,0,Steady Regulars
C17002,0.0339,Low,17.5475,43.6757,3924.11,1,44,1.0,0,Champions
C16417,0.1888,Low,17.5451,43.6699,703.42,34,14,1.5,0,Champions
C12411,0.4886,Medium,17.545,43.6696,271.85,8,4,3.0,0,Deal Hunters
C05078,0.8739,High,17.5416,43.6612,151.97,363,1,1.0,0,Steady Regulars
C02843,0.3167,Medium,17.5342,43.6428,419.13,42,2,1.0,0,Steady Regulars
C11393,0.1809,Low,17.5339,43.6419,733.65,2,8,4.0,0,Champions
C12840,0.8574,High,17.5184,43.6034,154.68,169,1,0.5,0,Deal Hunters
C07465,0.3651,Medium,17.5153,43.5958,363.2,15,5,1.5,0,Deal Hunters
C07754,0.2746,Low,17.5131,43.5902,482.75,29,2,3.0,0,Steady Regulars
C03386,0.1651,Low,17.5123,43.5883,802.93,80,21,2.0,0,Champions
C04146,0.7621,High,17.5109,43.5848,173.96,116,2,0.3333,0,New & Promising
C01500,0.1662,Low,17.503,43.5651,797.43,18,5,0.75,0,Steady Regulars
C00478,0.8031,High,17.5018,43.5622,164.99,41,1,2.0,0,New & Promising
C02970,0.9459,High,17.4897,43.532,139.98,338,1,1.0,0,Steady Regulars
C02235,0.4673,Medium,17.4858,43.5223,283.3,16,7,2.0,0,Champions
C13817,0.0978,Low,17.4754,43.4964,1352.55,22,30,2.5,0,Champions
C14048,0.8646,High,17.4718,43.4874,152.98,327,3,1.0,0,Steady Regulars
C01998,0.8425,High,17.4704,43.4838,156.98,215,1,1.0,0,Steady Regulars
C02009,0.5208,Medium,17.4697,43.4823,253.95,95,2,0.5,0,Steady Regulars
C15286,0.2393,Low,17.4687,43.4798,552.57,14,10,1.3333,0,Champions
C07293,0.8477,High,17.4662,43.4735,155.98,233,1,1.0,0,Steady Regulars
C15500,0.5444,Medium,17.4642,43.4684,242.87,38,2,2.0,0,Deal Hunters
C12349,0.9309,High,17.4587,43.4548,141.98,311,1,1.0,0,Steady Regulars
C02113,0.9867,High,17.4557,43.4474,133.94,313,23,1.0,0,Champions
C06035,0.1104,Low,17.4545,43.4445,1197.11,17,24,3.0,0,Champions
C17651,0.191,Low,17.4535,43.4419,691.86,15,11,1.5,0,Champions
C07099,0.0298,Low,17.4508,43.4352,4430.72,22,73,0.8889,0,Champions
C13530,0.0249,Low,17.4487,43.43,5299.14,6,72,2.4,0,Champions
C09877,0.0422,Low,17.4482,43.4288,3132.38,42,39,0.6,0,Champions
C05592,0.8004,High,17.4432,43.4161,164.99,124,1,0.5,0,New & Promising
C09616,0.3601,Medium,17.4427,43.4149,366.7,23,8,2.0,0,Champions
C12289,0.8566,High,17.4409,43.4106,154.15,189,1,1.0,0,Steady Regulars
C00022,0.2507,Low,17.4174,43.352,525.96,4,2,3.0,0,Steady Regulars
C04441,0.3306,Medium,17.4168,43.3506,398.9,94,14,0.5,0,Champions
C07359,0.3604,Medium,17.4156,43.3475,365.88,10,12,1.3333,0,Champions
C01591,0.0994,Low,17.4115,43.3372,1326.31,31,21,0.75,0,Champions
C05386,0.8729,High,17.4061,43.3239,150.96,172,1,0.5,0,Steady Regulars
C16229,0.1007,Low,17.4059,43.3233,1308.5,13,11,1.2,0,Champions
C05123,0.8131,High,17.3985,43.3049,161.99,309,2,1.0,0,Steady Regulars
C09859,0.5428,Medium,17.3952,43.2967,242.63,13,1,2.0,0,Deal Hunters
C06436,0.5533,Medium,17.3916,43.2878,237.95,28,1,2.0,0,New & Promising
C12485,0.0676,Low,17.3825,43.2651,1946.17,12,13,1.0,0,Champions
C16925,0.0509,Low,17.3781,43.2543,2582.88,14,14,0.8333,0,Champions
C13733,0.0781,Low,17.3727,43.2408,1683.84,5,5,1.3333,0,Steady Regulars
C02093,0.197,Low,17.3673,43.2273,667.47,19,3,1.5,0,Steady Regulars
C13924,0.0219,Low,17.366,43.2241,5994.52,13,55,3.0,0,Champions
C03552,0.0372,Low,17.3612,43.2121,3534.57,11,31,2.0,0,Champions
C03150,0.6847,High,17.3599,43.209,191.96,11,1,2.0,0,New & Promising
C15571,0.0367,Low,17.3532,43.1922,3576.06,4,20,3.3333,0,Champions
C17412,0.109,Low,17.3526,43.1907,1204.83,5,21,1.0,0,Champions
C03660,0.1415,Low,17.3507,43.1861,928.23,68,25,0.5,0,Champions
C05143,0.1292,Low,17.3309,43.1367,1015.82,22,17,0.75,0,Champions
C15930,0.1651,Low,17.3297,43.1337,794.85,19,7,1.5,0,Champions
C11517,0.1078,Low,17.3198,43.1091,1216.41,30,14,0.75,0,Champions
C04886,0.9233,High,17.3169,43.1019,141.99,342,1,1.0,0,Steady Regulars
C09308,0.0399,Low,17.3142,43.0952,3282.17,34,27,1.0,0,Champions
C08547,0.5062,Medium,17.3121,43.0899,258.93,58,1,2.0,0,Steady Regulars
C02579,0.1346,Low,17.3107,43.0864,973.77,16,19,4.0,0,Champions
C04945,0.7942,High,17.3077,43.0789,164.99,60,1,2.0,0,New & Promising
C08524,0.1464,Low,17.307,43.0771,895.24,33,20,4.0,0,Champions
C03791,0.019,Low,17.3051,43.0724,6911.21,1,59,0.75,0,Champions
C00967,0.0442,Low,17.304,43.0697,2962.74,35,15,0.6667,0,Champions
C08144,0.0785,Low,17.3014,43.0633,1667.67,13,31,3.0,0,Champions
C06360,0.618,High,17.2997,43.059,211.92,172,5,0.5,0,Steady Regulars
C03523,0.1789,Low,17.2955,43.0486,731.87,33,23,1.0,0,Champions
C03635,0.3133,Medium,17.2922,43.0403,417.87,12,5,1.5,0,Steady Regulars
C14932,0.1847,Low,17.2906,43.0364,708.85,29,38,1.0,0,Champions
C05025,0.1191,Low,17.2831,43.0178,1098.66,8,7,1.3333,0,Champions
C01670,0.3234,Medium,17.2809,43.0122,404.53,47,2,1.0,0,Steady Regulars
C02287,0.8176,High,17.2775,43.0038,159.98,273,7,1.0,0,Steady Regulars
C10447,0.7107,High,17.2682,42.9806,183.96,117,2,0.5,0,Steady Regulars
C15252,0.9274,High,17.2666,42.9766,140.95,339,1,1.0,0,Steady Regulars
C13427,0.4114,Medium,17.2605,42.9615,317.61,21,2,2.0,0,Steady Regulars
C14286,0.6252,High,17.2571,42.9531,208.98,56,1,2.0,0,New & Promising
C03971,0.0946,Low,17.257,42.9528,1380.5,27,6,1.6667,0,Steady Regulars
C17305,0.2465,Low,17.2548,42.9474,529.89,4,13,2.0,0,Champions
C15451,0.2137,Low,17.2515,42.9391,611.06,13,10,2.5,0,Champions
C01838,0.232,Low,17.2387,42.9072,562.56,47,11,1.0,0,Champions
C02882,0.099,Low,17.2365,42.9017,1317.93,46,7,0.8,0,Steady Regulars
C03762,0.9457,High,17.2347,42.8974,137.97,325,1,1.0,0,Steady Regulars
C09832,0.5016,Medium,17.2249,42.873,259.97,56,1,2.0,0,Steady Regulars
C11330,0.8994,High,17.2229,42.868,144.98,303,6,1.0,0,Steady Regulars
C00914,0.8578,High,17.2205,42.862,151.99,151,1,0.5,0,New & Promising
C13557,0.2196,Low,17.212,42.8409,593.47,38,18,1.5,0,Champions
C16828,0.0943,Low,17.2117,42.84,1381.63,34,17,1.6667,0,Champions
C01496,0.0369,Low,17.2047,42.8227,3529.04,28,11,1.0,0,Champions
C13612,0.7401,High,17.2024,42.8168,175.98,42,1,2.0,0,New & Promising
C09509,0.9505,High,17.1944,42.797,136.96,362,6,1.0,0,Steady Regulars
C04849,0.4988,Medium,17.1941,42.7962,260.97,92,2,0.3333,0,Steady Regulars
C17091,0.8166,High,17.191,42.7885,159.37,237,3,1.0,0,Steady Regulars
C14575,0.8395,High,17.1851,42.7739,154.98,163,1,0.5,0,New & Promising
C09427,0.2068,Low,17.1749,42.7483,628.79,8,15,3.0,0,Champions
C16958,0.9086,High,17.1594,42.71,142.98,332,3,1.0,0,Steady Regulars
C11685,0.646,High,17.1503,42.6873,200.98,186,6,1.0,0,Steady Regulars
C15171,0.8429,High,17.1417,42.6658,153.96,246,1,1.0,0,Steady Regulars
C02317,0.1349,Low,17.1407,42.6634,961.61,8,19,1.0,0,Champions
C07755,0.8318,High,17.1348,42.6487,155.96,201,1,1.0,0,Steady Regulars
C14159,0.2672,Low,17.1281,42.6319,485.29,21,14,2.0,0,Champions
C13787,0.7858,High,17.126,42.6268,164.99,94,1,0.5,0,New & Promising
C00417,0.5631,Medium,17.1077,42.5811,230.01,121,7,0.3333,0,Steady Regulars
C03978,0.5132,Medium,17.1076,42.5809,252.37,16,2,2.0,0,Deal Hunters
C13395,0.0282,Low,17.1042,42.5724,4591.46,2,55,2.75,0,Champions
C16936,0.036,Low,17.103,42.5695,3593.65,1,35,1.6667,0,Champions
C12092,0.518,Medium,17.1029,42.5693,249.96,28,3,1.0,0,Steady Regulars
C15102,0.1977,Low,17.0998,42.5614,654.92,1,4,1.5,0,Steady Regulars
C16407,0.4849,Medium,17.0979,42.5567,266.96,88,2,2.0,0,Steady Regulars
C04427,0.0909,Low,17.0961,42.5523,1423.96,28,24,2.0,0,Champions
C03094,0.0232,Low,17.091,42.5396,5575.83,2,94,1.25,0,Champions
C11278,0.2853,Low,17.0722,42.4928,453.01,21,4,4.0,0,Steady Regulars
C12513,0.2601,Low,17.0698,42.4869,496.92,26,11,0.6667,0,Champions
C06778,0.0516,Low,17.0596,42.4614,2502.46,32,37,0.4286,0,Champions
C14991,0.1731,Low,17.0566,42.4539,745.8,74,23,0.75,0,Champions
C08601,0.1718,Low,17.0551,42.4502,751.46,19,13,1.5,0,Champions
C10361,0.1963,Low,17.0546,42.4491,657.69,17,6,0.4,0,Champions
C06324,0.3731,Medium,17.0505,42.4388,345.94,26,8,1.0,0,Champions
C14669,0.5841,Medium,17.049,42.435,220.99,9,3,1.0,0,Steady Regulars
C13402,0.2097,Low,17.0488,42.4345,615.39,26,6,2.0,0,Champions
C14820,0.8595,High,17.0469,42.4299,150.16,144,1,0.5,0,Deal Hunters
C13177,0.8221,High,17.0455,42.4263,156.97,208,1,1.0,0,Steady Regulars
C01458,0.1179,Low,17.0304,42.3887,1093.9,21,25,3.0,0,Champions
C15367,0.0554,Low,17.0184,42.359,2327.34,20,37,0.75,0,Champions
C08315,0.3138,Medium,17.017,42.3554,410.54,29,12,1.0,0,Champions
C14055,0.596,Medium,17.0022,42.3186,215.97,107,2,0.5,0,Steady Regulars
C09274,0.1349,Low,17.0007,42.3149,954.02,39,5,1.3333,0,Steady Regulars
C01908,0.2163,Low,16.9978,42.3075,594.96,19,2,3.0,0,Steady Regulars
C13661,0.0329,Low,16.9972,42.3061,3906.36,3,35,2.3333,0,Champions
C03369,0.5572,Medium,16.9964,42.304,230.95,90,4,2.0,0,Champions
C00285,0.7798,High,16.9949,42.3005,164.99,54,1,2.0,0,New & Promising
C01321,0.1745,Low,16.9921,42.2935,737.41,38,13,1.0,0,Champions
C16150,0.7204,High,16.9917,42.2925,178.56,125,3,0.5,0,Steady Regulars
C04005,0.0554,Low,16.9772,42.2564,2321.35,3,26,2.3333,0,Champions
C06948,0.2055,Low,16.9656,42.2275,624.92,1,4,4.0,0,Champions
C15347,0.3956,Medium,16.9645,42.2247,324.66,29,4,1.5,0,Steady Regulars
C06358,0.3167,Medium,16.9512,42.1915,405.26,67,13,2.0,0,Champions
C06163,0.4395,Medium,16.9484,42.1846,291.97,87,2,1.0,0,Steady Regulars
C10965,0.0242,Low,16.9428,42.1708,5300.47,11,31,1.2857,0,Champions
C14483,0.6444,High,16.9354,42.1523,198.98,59,1,2.0,0,New & Promising
C03592,0.348,Medium,16.9307,42.1405,368.29,36,6,2.0,0,Steady Regulars
C10330,0.8107,High,16.9176,42.108,157.98,63,1,2.0,0,New & Promising
C08126,0.767,High,16.9159,42.1038,166.98,268,8,1.0,0,Steady Regulars
C03430,0.507,Medium,16.913,42.0965,252.57,23,4,3.0,0,Steady Regulars
C09867,0.848,High,16.9123,42.0948,150.99,227,2,1.0,0,Steady Regulars
C03515,0.5818,Medium,16.9017,42.0685,219.95,141,6,0.5,0,Steady Regulars
C16938,0.3764,Medium,16.8994,42.0627,339.92,28,9,1.5,0,Champions
C13063,0.2029,Low,16.8872,42.0324,630.22,59,7,0.4,0,Steady Regulars
C11005,0.1317,Low,16.8798,42.0138,970.62,4,17,1.0,0,Champions
C11801,0.0341,Low,16.8769,42.0068,3751.34,7,14,0.7778,0,Champions
C14959,0.8298,High,16.8769,42.0067,153.97,246,1,1.0,0,Steady Regulars
C10643,0.1896,Low,16.8677,41.9837,673.61,15,10,0.6667,0,Champions
C04113,0.0235,Low,16.8629,41.9719,5437.14,11,106,0.8889,0,Champions
C04141,0.6382,High,16.8587,41.9614,199.98,73,1,2.0,0,Steady Regulars
C00118,0.2016,Low,16.8561,41.9549,632.91,19,2,3.0,0,Steady Regulars
C04034,0.523,Medium,16.8531,41.9475,243.97,137,12,0.5,0,Champions
C03665,0.3284,Medium,16.853,41.9471,388.53,31,2,3.0,0,Steady Regulars
C08226,0.5903,Medium,16.8378,41.9095,215.95,109,5,0.5,0,Steady Regulars
C12174,0.2383,Low,16.8313,41.8932,534.7,2,9,2.0,0,Champions
C10982,0.559,Medium,16.8309,41.8923,227.95,4,4,2.0,0,Steady Regulars
C15715,0.8062,High,16.8228,41.8721,157.98,71,1,2.0,0,New & Promising
C01007,0.849,High,16.8156,41.8541,149.95,305,2,1.0,0,Steady Regulars
C01170,0.1596,Low,16.8061,41.8305,796.96,34,18,0.5,0,Champions
C15467,0.7226,High,16.7946,41.802,175.95,6,1,2.0,0,New & Promising
C13909,0.1775,Low,16.7937,41.7997,716.47,12,6,6.0,0,Champions
C07942,0.8709,High,16.7867,41.7821,145.93,245,1,1.0,0,Steady Regulars
C07300,0.1967,Low,16.7774,41.7591,645.88,16,5,1.0,0,Champions
C13429,0.8412,High,16.7762,41.756,150.99,247,4,1.0,0,Steady Regulars
C04226,0.3095,Medium,16.7741,41.7509,410.32,60,11,3.0,0,Champions
C16868,0.7645,High,16.7574,41.7093,165.95,205,4,1.0,0,Steady Regulars
C07227,0.7777,High,16.7394,41.6645,162.96,67,1,2.0,0,New & Promising
C17195,0.8564,High,16.7376,41.6601,147.96,328,2,1.0,0,Steady Regulars
C07403,0.708,High,16.7372,41.6591,178.97,162,5,0.5,0,Steady Regulars
C10917,0.2713,Low,16.7363,41.6567,466.97,15,2,3.0,0,Steady Regulars
C07235,0.0795,Low,16.7352,41.6541,1592.92,34,33,2.0,0,Champions
C05756,0.1355,Low,16.7319,41.6459,934.96,34,15,1.5,0,Champions
C15859,0.7451,High,16.7304,41.642,169.99,57,1,2.0,0,New & Promising
C14657,0.8555,High,16.7237,41.6254,147.99,232,1,1.0,0,Steady Regulars
C07896,0.5319,Medium,16.717,41.6088,237.94,118,7,0.5,0,Champions
C03161,0.6908,High,16.695,41.554,182.96,117,1,0.5,0,Steady Regulars
C10526,0.1433,Low,16.6875,41.5352,881.77,24,16,1.6667,0,Champions
C02647,0.2688,Low,16.6805,41.5178,469.72,13,5,4.0,0,Steady Regulars
C16808,0.4138,Medium,16.6794,41.5153,305.13,25,7,2.0,0,Steady Regulars
C01417,0.106,Low,16.6619,41.4716,1189.91,11,16,1.2,0,Champions
C15752,0.3547,Medium,16.6585,41.4631,355.54,32,3,3.0,0,Deal Hunters
C15552,0.0946,Low,16.6578,41.4614,1333.41,15,5,1.3333,0,Steady Regulars
C14720,0.8699,High,16.6572,41.46,144.97,298,10,1.0,0,Champions
C00666,0.0214,Low,16.6517,41.4461,5879.35,12,81,1.2222,0,Champions
C07663,0.8346,High,16.6451,41.4297,150.98,124,1,0.5,0,New & Promising
C11906,0.0276,Low,16.6331,41.3998,4568.7,28,52,1.1667,0,Champions
C17867,0.9707,High,16.6266,41.3837,129.68,267,23,1.0,0,Champions
C03368,0.6842,High,16.6251,41.38,183.97,147,2,0.5,0,Steady Regulars
C02554,0.828,High,16.6226,41.3737,151.99,120,1,0.5,0,New & Promising
C16349,0.0448,Low,16.6164,41.3584,2807.01,9,9,10.0,0,Champions
C16167,0.0408,Low,16.6162,41.3579,3084.67,19,38,1.0,0,Champions
C10769,0.4766,Medium,16.616,41.3574,263.93,116,7,0.5,0,Steady Regulars
C04425,0.5516,Medium,16.6059,41.3322,227.93,113,8,0.25,0,Champions
C03795,0.8499,High,16.6023,41.3231,147.89,129,1,0.5,0,Deal Hunters
C12235,0.2248,Low,16.5957,41.3067,558.94,28,16,2.0,0,Champions
C06465,0.1165,Low,16.5922,41.298,1078.45,23,34,1.3333,0,Champions
C16716,0.0337,Low,16.5883,41.2885,3727.69,7,38,4.0,0,Champions
C07994,0.2694,Low,16.586,41.2827,466.1,21,6,1.5,0,Steady Regulars
C00369,0.1331,Low,16.5851,41.2804,943.33,2,17,0.75,0,Champions
C00177,0.902,High,16.5585,41.2142,138.98,305,1,1.0,0,Steady Regulars
C11141,0.882,High,16.5429,41.1753,141.99,306,6,1.0,0,Steady Regulars
C13987,0.0343,Low,16.542,41.1732,3656.49,17,56,0.5,0,Champions
C09048,0.5209,Medium,16.537,41.1607,240.36,17,1,2.0,0,Deal Hunters
C14416,0.4816,Medium,16.5346,41.1548,259.93,3,1,2.0,0,New & Promising
C15911,0.2152,Low,16.5338,41.1526,581.6,11,7,0.5,0,Champions
C04833,0.7587,High,16.5336,41.1521,164.99,80,1,2.0,0,New & Promising
C05602,0.7194,High,16.5332,41.1511,173.98,10,1,2.0,0,New & Promising
C02310,0.0869,Low,16.5196,41.1174,1439.14,21,31,3.0,0,Champions
C17460,0.5006,Medium,16.5163,41.1092,249.76,22,3,2.0,0,Steady Regulars
C11818,0.3604,Medium,16.5162,41.109,346.95,66,11,1.0,0,Champions
C13795,0.1327,Low,16.516,41.1084,942.46,4,7,1.6667,0,Champions
C05018,0.5412,Medium,16.5105,41.0948,230.98,118,1,0.5,0,Steady Regulars
C04848,0.6716,High,16.4966,41.0602,185.95,180,11,0.5,0,Champions
C12992,0.0452,Low,16.4857,41.0331,2760.54,24,28,1.0,0,Champions
C09835,0.7436,High,16.4854,41.0323,167.84,139,2,0.3333,0,Deal Hunters
C09283,0.7051,High,16.4841,41.029,176.98,112,1,0.5,0,Steady Regulars
C00646,0.8378,High,16.4824,41.0248,148.95,201,1,1.0,0,Steady Regulars
C03239,0.7965,High,16.4751,41.0066,156.59,2,1,2.0,0,Deal Hunters
C01118,0.7839,High,16.461,40.9715,158.97,71,1,2.0,0,New & Promising
C07929,0.0292,Low,16.4596,40.9679,4266.28,6,37,1.1429,0,Champions
C07683,0.6423,High,16.4553,40.9573,193.97,124,2,0.3333,0,New & Promising
C17313,0.898,High,16.4484,40.9403,138.67,234,1,1.0,0,Steady Regulars
C16737,0.0916,Low,16.4281,40.8895,1357.32,5,26,1.0,0,Champions
C09703,0.1717,Low,16.418,40.8645,724.09,6,14,2.0,0,Champions
C04065,0.882,High,16.4097,40.8438,140.86,328,2,1.0,0,Steady Regulars
C02352,0.1675,Low,16.4057,40.8339,741.52,4,15,3.5,0,Champions
C12817,0.8083,High,16.3917,40.799,153.53,170,2,0.5,0,Deal Hunters
C12062,0.5417,Medium,16.3835,40.7786,228.98,93,6,0.5,0,Champions
C05574,0.081,Low,16.3805,40.7711,1531.59,6,28,1.6667,0,Champions
C13576,0.161,Low,16.3801,40.7701,770.37,4,7,0.6,0,Champions
C10176,0.9104,High,16.3519,40.6999,135.98,365,1,1.0,0,Steady Regulars
C16333,0.6078,High,16.3516,40.6992,203.67,37,1,2.0,0,Deal Hunters
C06393,0.0219,Low,16.35,40.6954,5646.54,5,33,1.8571,0,Champions
C13768,0.8479,High,16.3498,40.6949,145.98,146,1,0.5,0,Deal Hunters
C12091,0.8481,High,16.3495,40.694,145.95,152,1,0.5,0,Steady Regulars
C04861,0.5493,Medium,16.3471,40.6882,225.31,21,4,3.0,0,Champions
C06331,0.4468,Medium,16.3463,40.686,276.99,15,2,1.0,0,Steady Regulars
C03003,0.1584,Low,16.3305,40.6467,780.27,50,20,1.0,0,Champions
C08766,0.0805,Low,16.328,40.6404,1535.92,2,30,2.0,0,Champions
C05165,0.1076,Low,16.3271,40.6383,1148.75,26,17,0.75,0,Champions
C00909,0.8235,High,16.3136,40.6047,149.98,186,1,1.0,0,Steady Regulars
C10964,0.8343,High,16.3083,40.5915,147.99,260,1,1.0,0,Steady Regulars
C02881,0.464,Medium,16.3072,40.5887,266.07,66,7,2.0,0,Steady Regulars
C10736,0.8445,High,16.2835,40.5297,145.98,143,1,0.5,0,New & Promising
C03376,0.0702,Low,16.2827,40.5278,1755.41,13,22,1.0,0,Champions
C14298,0.1538,Low,16.2718,40.5006,800.73,10,3,4.0,0,Steady Regulars
C13278,0.7162,High,16.241,40.424,171.67,55,1,2.0,0,Steady Regulars
C05558,0.1343,Low,16.2384,40.4176,915.44,42,24,2.0,0,Champions
C10668,0.1065,Low,16.2364,40.4125,1153.86,13,5,1.3333,0,Steady Regulars
C00581,0.8223,High,16.2325,40.4027,149.44,333,6,1.0,0,Steady Regulars
C15843,0.0295,Low,16.2072,40.3398,4152.36,13,29,1.75,0,Champions
C07877,0.5526,Medium,16.2009,40.324,221.97,27,1,2.0,0,New & Promising
C07036,0.1461,Low,16.1962,40.3124,839.18,37,11,1.6667,0,Champions
C13140,0.4717,Medium,16.1955,40.3107,259.95,51,2,2.0,0,Steady Regulars
C16088,0.9282,High,16.1806,40.2736,131.97,333,1,1.0,0,Steady Regulars
C11121,0.0476,Low,16.1753,40.2605,2573.93,36,61,0.8,0,Champions
C01163,0.3376,Medium,16.1649,40.2344,362.5,6,5,1.0,0,Steady Regulars
C12392,0.0667,Low,16.1629,40.2295,1834.0,12,45,1.75,0,Champions
C07388,0.2649,Low,16.1602,40.2228,461.91,58,15,2.0,0,Champions
C08174,0.0797,Low,16.1571,40.215,1535.0,12,32,2.0,0,Champions
C02986,0.8265,High,16.1563,40.2132,147.99,244,2,1.0,0,Steady Regulars
C03839,0.0388,Low,16.1563,40.2131,3154.39,16,27,2.6667,0,Champions
C00391,0.1821,Low,16.1508,40.1995,671.34,20,7,2.0,0,Champions
C02803,0.4733,Medium,16.1508,40.1995,258.35,13,3,3.0,0,Steady Regulars
C16193,0.2052,Low,16.1379,40.1673,595.27,17,8,1.0,0,Champions
C06766,0.0208,Low,16.1328,40.1548,5865.33,13,65,0.8571,0,Champions
C06224,0.5828,Medium,16.1313,40.1509,209.55,22,1,2.0,0,New & Promising
C06761,0.235,Low,16.1238,40.1321,519.38,28,4,1.0,0,Steady Regulars
C02926,0.5678,Medium,16.1209,40.125,214.96,40,3,2.0,0,Steady Regulars
C05405,0.857,High,16.1192,40.1208,142.39,196,1,1.0,0,Deal Hunters
C11549,0.3182,Medium,16.1156,40.1118,383.37,11,9,2.5,0,Champions
C00829,0.701,High,16.1107,40.0997,173.99,91,1,0.5,0,New & Promising
C14058,0.1727,Low,16.0976,40.0671,705.79,4,4,1.5,0,Steady Regulars
C13907,0.3616,Medium,16.0947,40.0597,336.93,89,3,1.0,0,Steady Regulars
C09418,0.3771,Medium,16.0853,40.0365,322.92,110,4,0.25,0,Steady Regulars
C07048,0.9157,High,16.0824,40.0291,132.97,313,2,1.0,0,Steady Regulars
C05700,0.033,Low,16.0779,40.018,3687.65,27,37,1.1667,0,Champions
C01571,0.0361,Low,16.0754,40.0118,3372.21,20,47,0.5714,0,Champions
C08001,0.0639,Low,16.0739,40.008,1905.47,12,13,1.3333,0,Champions
C11389,0.1578,Low,16.0623,39.9791,770.42,8,6,1.0,0,Champions
C07541,0.2451,Low,16.0601,39.9736,496.11,37,3,0.6667,0,Steady Regulars
C10859,0.261,Low,16.0589,39.9707,465.81,34,18,4.0,0,Champions
C06287,0.5667,Medium,16.058,39.9685,214.52,18,4,1.5,0,Steady Regulars
C03912,0.0215,Low,16.0571,39.9662,5655.08,18,56,1.2222,0,Champions
C10585,0.0989,Low,16.0526,39.955,1228.89,27,5,2.5,0,Steady Regulars
C15636,0.4092,Medium,16.0508,39.9504,296.94,42,6,2.0,0,Steady Regulars
C07371,0.256,Low,16.0418,39.9281,474.34,12,3,3.0,0,Steady Regulars
C04232,0.8151,High,16.0398,39.9232,148.98,65,1,2.0,0,New & Promising
C01177,0.8799,High,16.0358,39.9131,137.97,307,1,1.0,0,Steady Regulars
C00633,0.3359,Medium,16.0355,39.9125,361.41,22,10,1.5,0,Champions
C13520,0.9106,High,16.0319,39.9036,133.29,327,3,1.0,0,Steady Regulars
C15810,0.1015,Low,16.0301,39.899,1195.83,19,29,1.5,0,Champions
C05066,0.8924,High,16.0293,39.897,135.98,309,1,1.0,0,Steady Regulars
C08359,0.3558,Medium,16.0224,39.8799,340.94,54,2,2.0,0,Steady Regulars
C08640,0.0263,Low,16.0224,39.8797,4618.16,33,41,0.8333,0,Champions
C00568,0.0428,Low,16.0205,39.8752,2835.84,6,12,3.5,0,Champions
C17231,0.0338,Low,16.0171,39.8666,3587.67,11,23,0.5714,0,Champions
C11392,0.1117,Low,16.0121,39.8541,1085.16,33,20,2.0,0,Champions
C10590,0.0286,Low,16.0119,39.8537,4243.42,1,63,3.0,0,Champions
C13318,0.0804,Low,16.0116,39.853,1508.2,12,33,1.5,0,Champions
C03709,0.8782,High,16.006,39.839,137.98,263,1,1.0,0,Steady Regulars
C03615,0.1006,Low,15.9972,39.8172,1204.23,20,31,0.4,0,Champions
C00926,0.0953,Low,15.9966,39.8156,1270.74,1,26,1.0,0,Champions
C17491,0.5607,Medium,15.9957,39.8135,215.96,101,2,0.5,0,Steady Regulars
C14136,0.1511,Low,15.9938,39.8086,801.32,15,3,4.0,0,Steady Regulars
C00847,0.8176,High,15.9824,39.7803,147.99,184,1,1.0,0,New & Promising
C01275,0.6467,High,15.972,39.7543,186.98,144,2,0.5,0,Steady Regulars
C14776,0.7952,High,15.9654,39.7379,151.99,24,1,2.0,0,New & Promising
C05970,0.7952,High,15.9635,39.7333,151.99,45,1,2.0,0,New & Promising
C13068,0.1481,Low,15.9558,39.7141,815.86,22,16,2.0,0,Champions
C08804,0.6488,High,15.9532,39.7075,186.15,32,1,2.0,0,Deal Hunters
C17128,0.2635,Low,15.9385,39.6711,457.85,61,23,0.6667,0,Champions
C07574,0.0469,Low,15.9121,39.6053,2571.05,7,21,4.0,0,Champions
C11135,0.4043,Medium,15.9109,39.6023,297.96,5,2,2.0,0,Steady Regulars
C00075,0.519,Medium,15.9044,39.5861,231.98,111,4,0.5,0,Steady Regulars
C06848,0.0898,Low,15.8773,39.5188,1338.25,11,14,7.0,0,Champions
C15844,0.0518,Low,15.8639,39.4852,2317.08,6,13,3.0,0,Champions
C08921,0.5588,Medium,15.8521,39.4559,214.75,65,5,1.0,0,Deal Hunters
C12780,0.5637,Medium,15.8517,39.4549,212.91,48,1,2.0,0,New & Promising
C05792,0.5237,Medium,15.8388,39.4228,228.98,89,1,2.0,0,Steady Regulars
C10966,0.4253,Medium,15.8377,39.4202,281.93,62,8,2.0,0,Champions
C13500,0.4974,Medium,15.8327,39.4077,240.97,110,2,0.5,0,Steady Regulars
C10872,0.1763,Low,15.8288,39.398,679.72,4,8,3.0,0,Champions
C01954,0.2373,Low,15.8274,39.3944,504.87,56,17,3.0,0,Champions
C01455,0.3366,Medium,15.8263,39.3918,355.94,46,3,0.6667,0,Steady Regulars
C04784,0.1397,Low,15.8167,39.368,857.43,3,3,4.0,0,Steady Regulars
C10597,0.5688,Medium,15.8032,39.3342,210.35,31,4,1.0,0,Steady Regulars
C00411,0.0836,Low,15.8025,39.3326,1431.6,3,31,0.6667,0,Champions
C09206,0.4351,Medium,15.8003,39.3271,274.91,119,12,0.25,0,Champions
C05654,0.6306,High,15.7956,39.3154,189.65,132,3,0.3333,0,Steady Regulars
C17644,0.3322,Medium,15.7914,39.3048,359.93,101,4,0.25,0,Steady Regulars
C05185,0.5965,Medium,15.7873,39.2947,200.36,56,2,2.0,0,Steady Regulars
C13835,0.0257,Low,15.776,39.2667,4649.07,16,21,3.5,0,Champions
C05045,0.1417,Low,15.7626,39.2333,842.42,32,17,0.75,0,Champions
C10119,0.5733,Medium,15.7482,39.1974,207.96,23,1,2.0,0,New & Promising
C08458,0.3147,Medium,15.7442,39.1875,378.79,33,3,3.0,0,Steady Regulars
C11521,0.5598,Medium,15.7397,39.1762,212.86,35,5,2.0,0,Steady Regulars
C01237,0.8865,High,15.7353,39.1652,134.38,351,1,1.0,0,Steady Regulars
C03939,0.4863,Medium,15.7334,39.1606,244.95,131,12,0.5,0,Steady Regulars
C02404,0.1676,Low,15.7289,39.1493,710.5,34,14,2.0,0,Champions
C14746,0.8955,High,15.7256,39.1411,132.94,261,8,1.0,0,Champions
C04481,0.3493,Medium,15.7251,39.1399,340.78,56,5,0.6667,0,Steady Regulars
C12959,0.7779,High,15.7181,39.1224,152.98,58,1,2.0,0,New & Promising
C12715,0.9517,High,15.7117,39.1065,124.99,281,1,1.0,0,Steady Regulars
C03013,0.7161,High,15.6991,39.0753,165.98,46,1,2.0,0,New & Promising
C14998,0.6389,High,15.6954,39.0659,185.98,44,1,2.0,0,New & Promising
C00688,0.3526,Medium,15.6901,39.0527,336.93,14,9,4.0,0,Champions
C13326,0.8026,High,15.6886,39.049,147.99,205,1,1.0,0,Steady Regulars
C15763,0.0258,Low,15.6867,39.0442,4602.88,22,47,1.2,0,Champions
C17501,0.7374,High,15.6802,39.0282,160.98,84,1,2.0,0,New & Promising
C09385,0.1277,Low,15.6764,39.0187,929.23,24,6,2.5,0,Steady Regulars
C15400,0.2887,Low,15.6697,39.002,410.94,10,4,1.5,0,Steady Regulars
C15825,0.3115,Medium,15.6642,38.9882,380.7,97,6,0.25,0,Steady Regulars
C09696,0.4834,Medium,15.6581,38.9731,245.21,67,7,2.0,0,Steady Regulars
C12868,0.2606,Low,15.6565,38.9691,454.87,15,5,4.0,0,Steady Regulars
C10911,0.5725,Medium,15.6529,38.9603,206.98,63,1,2.0,0,Steady Regulars
C08956,0.1305,Low,15.652,38.958,907.93,30,26,0.5,0,Champions
C02567,0.063,Low,15.648,38.9479,1881.0,13,27,2.5,0,Champions
C17640,0.7007,High,15.6369,38.9204,168.94,67,1,2.0,0,Steady Regulars
C17797,0.0552,Low,15.6361,38.9185,2145.35,23,10,1.2,0,Champions
C15691,0.8061,High,15.6257,38.8925,146.76,362,3,1.0,0,Steady Regulars
C02434,0.4949,Medium,15.6215,38.882,238.96,101,1,0.5,0,Steady Regulars
C07799,0.4535,Medium,15.6081,38.8485,260.54,90,7,1.0,0,Steady Regulars
C00479,0.1826,Low,15.6069,38.8456,647.23,12,19,2.0,0,Champions
C10984,0.8647,High,15.5855,38.7925,136.46,285,11,1.0,0,Champions
C13594,0.7063,High,15.5789,38.776,166.98,85,1,2.0,0,New & Promising
C07432,0.9432,High,15.5726,38.7602,124.99,294,1,1.0,0,Steady Regulars
C09912,0.4716,Medium,15.5703,38.7545,249.95,61,2,2.0,0,Steady Regulars
C15580,0.0414,Low,15.566,38.7438,2846.88,10,9,4.5,0,Champions
C03612,0.0892,Low,15.5657,38.7432,1321.86,33,4,5.0,0,Steady Regulars
C06062,0.6884,High,15.5649,38.7413,171.17,82,1,2.0,0,Deal Hunters
C17481,0.5863,Medium,15.5642,38.7395,200.97,8,2,2.0,0,Steady Regulars
C16503,0.7458,High,15.5621,38.7341,157.97,55,1,2.0,0,New & Promising
C12406,0.02,Low,15.5391,38.6769,5896.74,1,25,2.5,0,Champions
C02302,0.8055,High,15.5321,38.6595,145.98,227,1,1.0,0,Steady Regulars
C17424,0.023,Low,15.528,38.6494,5102.06,12,45,2.3333,0,Champions
C05667,0.3827,Medium,15.5183,38.6253,306.98,25,9,2.0,0,Champions
C07283,0.0559,Low,15.5182,38.625,2102.89,12,31,1.0,0,Champions
C09334,0.6992,High,15.5122,38.6101,167.97,110,1,0.5,0,Steady Regulars
C02225,0.1784,Low,15.5108,38.6064,658.12,26,15,1.0,0,Champions
C10023,0.5386,Medium,15.5071,38.5974,217.97,54,1,2.0,0,Steady Regulars
C11871,0.3553,Medium,15.4948,38.5667,330.15,21,9,1.5,0,Champions
C16520,0.4044,Medium,15.489,38.5523,289.95,68,6,2.0,0,Steady Regulars
C07394,0.3552,Medium,15.4886,38.5512,330.1,67,11,0.6667,0,Champions
C00004,0.4312,Medium,15.4867,38.5466,271.92,89,2,1.0,0,Steady Regulars
C07505,0.4707,Medium,15.479,38.5274,248.94,120,10,0.5,0,Champions
C11078,0.0625,Low,15.4737,38.5142,1873.89,24,34,1.6667,0,Champions
C03899,0.3074,Medium,15.4675,38.4988,380.9,71,12,1.0,0,Champions
C15522,0.7808,High,15.4652,38.4929,149.95,218,3,1.0,0,Steady Regulars
C17005,0.4683,Medium,15.4601,38.4803,249.91,50,5,2.0,0,Champions
C09506,0.6511,High,15.4599,38.4797,179.76,189,8,1.0,0,Steady Regulars
C15080,0.8864,High,15.4509,38.4573,131.97,277,1,1.0,0,Steady Regulars
C01328,0.0275,Low,15.4422,38.4357,4246.3,2,68,1.2857,0,Champions
C10164,0.064,Low,15.4344,38.4163,1824.67,15,21,0.6,0,Champions
C01235,0.5854,Medium,15.4333,38.4137,199.58,79,5,1.0,0,Steady Regulars
C00002,0.6053,High,15.4279,38.4002,192.96,146,8,0.5,0,Champions
C14866,0.6867,High,15.4278,38.3999,170.08,169,8,0.5,0,Steady Regulars
C12810,0.3078,Medium,15.4271,38.3982,379.41,34,15,4.0,0,Champions
C07983,0.8918,High,15.4247,38.3923,130.94,350,2,1.0,0,Steady Regulars
C01472,0.1762,Low,15.42,38.3805,662.68,19,15,2.0,0,Champions
C07318,0.7841,High,15.4169,38.3727,148.85,249,12,1.0,0,Champions
C17517,0.0497,Low,15.4144,38.3666,2349.73,12,11,3.0,0,Champions
C09903,0.8336,High,15.4134,38.364,139.98,22,1,2.0,0,New & Promising
C11063,0.4267,Medium,15.4094,38.3541,273.43,81,3,3.0,0,Steady Regulars
C11099,0.3221,Medium,15.4005,38.3319,361.95,10,5,1.0,0,Steady Regulars
C02878,0.9109,High,15.3993,38.3289,127.99,221,1,1.0,0,New & Promising
C08857,0.0851,Low,15.3968,38.3228,1368.97,34,35,1.3333,0,Champions
C01369,0.201,Low,15.3956,38.3198,579.77,33,14,0.5,0,Champions
C11577,0.9178,High,15.3908,38.3078,126.95,276,1,1.0,0,Steady Regulars
C00902,0.0413,Low,15.3796,38.2799,2817.09,23,19,1.6667,0,Champions
C16685,0.0339,Low,15.3792,38.2789,3438.5,4,34,2.3333,0,Champions
C11247,0.1229,Low,15.3784,38.2768,947.54,12,21,1.25,0,Champions
C04302,0.946,High,15.3681,38.2512,122.99,215,1,1.0,0,New & Promising
C08481,0.162,Low,15.3671,38.2488,718.35,17,3,4.0,0,Deal Hunters
C01350,0.2012,Low,15.3578,38.2256,577.97,11,5,1.0,0,Champions
C01776,0.5697,Medium,15.3487,38.2029,203.96,153,3,0.5,0,Steady Regulars
C16158,0.188,Low,15.3446,38.1929,617.9,6,5,3.0,0,Steady Regulars
C09177,0.2815,Low,15.3403,38.1822,412.55,24,11,1.0,0,Champions
C10342,0.0204,Low,15.3391,38.179,5703.17,22,39,1.0833,0,Champions
C16682,0.0644,Low,15.3345,38.1676,1801.57,34,37,2.0,0,Champions
C04603,0.6548,High,15.3241,38.1418,177.18,25,1,2.0,0,New & Promising
C01586,0.6629,High,15.32,38.1315,174.96,197,8,1.0,0,Champions
C07996,0.3157,Medium,15.308,38.1017,367.14,21,4,1.5,0,Steady Regulars
C15218,0.2909,Low,15.2963,38.0727,398.03,64,4,2.0,0,Steady Regulars
C02856,0.7541,High,15.2956,38.0709,153.56,182,1,1.0,0,Deal Hunters
C04025,0.793,High,15.2915,38.0605,145.98,177,1,0.5,0,Steady Regulars
C13009,0.3771,Medium,15.2905,38.0581,306.94,24,2,2.0,0,Steady Regulars
C08820,0.0687,Low,15.2889,38.0542,1685.97,10,14,2.5,0,Champions
C07900,0.5409,Medium,15.2887,38.0538,213.97,60,7,2.0,0,Steady Regulars
C00484,0.0671,Low,15.2853,38.0452,1725.53,16,30,1.5,0,Champions
C05803,0.9253,High,15.2768,38.0241,124.99,259,1,1.0,0,New & Promising
C04863,0.1004,Low,15.2693,38.0054,1151.86,25,9,1.0,0,Steady Regulars
C13920,0.9164,High,15.2476,37.9514,125.97,269,1,1.0,0,New & Promising
C01678,0.881,High,15.2422,37.938,130.98,215,1,1.0,0,Steady Regulars
C04786,0.7798,High,15.2413,37.9358,147.97,173,1,0.5,0,Steady Regulars
C13371,0.134,Low,15.2398,37.9321,861.2,3,4,2.0,0,Steady Regulars
C03491,0.5594,Medium,15.2184,37.8787,205.96,41,1,2.0,0,New & Promising
C05975,0.2938,Low,15.216,37.8727,392.1,36,4,1.0,0,Steady Regulars
C08832,0.1395,Low,15.1889,37.8053,824.04,18,17,1.5,0,Champions
C08299,0.0533,Low,15.1876,37.802,2157.61,23,29,1.3333,0,Champions
C14240,0.0768,Low,15.179,37.7806,1495.79,2,17,1.3333,0,Champions
C16914,0.0231,Low,15.1774,37.7767,4973.89,23,65,1.5,0,Champions
C12773,0.374,Medium,15.1747,37.7699,307.2,41,12,2.0,0,Champions
C02930,0.1111,Low,15.1706,37.7597,1034.2,19,6,2.5,0,Steady Regulars
C14849,0.6566,High,15.1673,37.7515,174.89,144,4,0.5,0,Steady Regulars
C15882,0.3802,Medium,15.1615,37.737,301.9,29,4,2.0,0,Steady Regulars
C17083,0.4818,Medium,15.1579,37.7282,238.16,35,2,2.0,0,Steady Regulars
C01721,0.9327,High,15.1503,37.7091,122.98,277,1,1.0,0,New & Promising
C02788,0.1066,Low,15.1502,37.709,1076.26,34,31,1.6667,0,Champions
C04568,0.7835,High,15.1487,37.7053,146.37,117,1,0.5,0,Steady Regulars
C05767,0.1454,Low,15.1476,37.7026,788.9,9,4,2.0,0,Steady Regulars
C17361,0.4326,Medium,15.14,37.6835,264.95,11,4,1.5,0,Steady Regulars
C11081,0.0512,Low,15.1374,37.677,2240.29,20,11,1.0,0,Champions
C01238,0.1469,Low,15.1352,37.6717,780.27,21,13,0.6667,0,Champions
C10235,0.3255,Medium,15.1294,37.6573,351.93,18,11,4.0,0,Champions
C06053,0.0655,Low,15.117,37.6263,1748.18,20,24,1.25,0,Champions
C07788,0.0633,Low,15.1143,37.6197,1807.21,5,10,3.0,0,Champions
C12980,0.0262,Low,15.1139,37.6187,4366.59,14,68,1.25,0,Champions
C17338,0.8292,High,15.1108,37.6108,137.97,347,3,1.0,0,Steady Regulars
C16585,0.8281,High,15.0903,37.5598,137.96,249,5,1.0,0,Steady Regulars
C14628,0.7802,High,15.0836,37.5431,146.37,193,1,1.0,0,Steady Regulars
C14346,0.6075,High,15.0825,37.5404,187.95,54,1,2.0,0,New & Promising
C04125,0.8133,High,15.0808,37.5361,140.38,197,2,1.0,0,Steady Regulars
C02402,0.7307,High,15.0806,37.5356,156.24,170,2,0.5,0,Deal Hunters
C01680,0.0829,Low,15.0802,37.5346,1377.14,1,11,0.5,0,Champions
C15137,0.9058,High,15.0711,37.512,125.96,224,1,1.0,0,New & Promising
C14607,0.099,Low,15.0701,37.5096,1152.57,11,25,4.0,0,Champions
C13567,0.9128,High,15.0696,37.5082,124.98,288,1,1.0,0,Steady Regulars
C16162,0.4475,Medium,15.0692,37.5074,254.95,29,1,2.0,0,Steady Regulars
C11901,0.9271,High,15.0619,37.4892,122.99,244,1,1.0,0,New & Promising
C17365,0.8118,High,15.0527,37.4662,140.38,44,1,2.0,0,Deal Hunters
C05062,0.2374,Low,15.0478,37.454,479.92,56,16,1.0,0,Champions
C17786,0.4638,Medium,15.0359,37.4243,245.43,18,3,3.0,0,Deal Hunters
C06128,0.8246,High,15.0272,37.4028,137.97,162,1,0.5,0,Steady Regulars
C10844,0.9173,High,15.0214,37.3884,123.98,323,2,1.0,0,New & Promising
C11067,0.7385,High,15.0203,37.3856,153.97,209,6,1.0,0,Steady Regulars
C10663,0.0408,Low,15.0174,37.3785,2784.95,15,43,0.4444,0,Champions
C10798,0.8056,High,15.0125,37.3661,141.08,142,1,0.5,0,Deal Hunters
C04397,0.1676,Low,15.0045,37.3464,677.85,9,16,1.3333,0,Champions
C04715,0.0318,Low,14.9999,37.3348,3571.22,26,15,2.0,0,Champions
C00571,0.0317,Low,14.9977,37.3293,3582.05,24,74,2.0,0,Champions
C15722,0.4084,Medium,14.9945,37.3214,277.98,23,10,2.0,0,Champions
C14110,0.8438,High,14.9939,37.3198,134.53,279,2,1.0,0,Deal Hunters
C05491,0.6715,High,14.9926,37.3166,169.03,137,2,0.5,0,Steady Regulars
C00258,0.9009,High,14.991,37.3128,125.98,264,1,1.0,0,New & Promising
C00737,0.1436,Low,14.9908,37.3122,790.25,28,16,2.5,0,Champions
C15675,0.4525,Medium,14.9888,37.3073,250.78,18,2,2.0,0,Steady Regulars
C11035,0.1917,Low,14.9829,37.2925,591.76,27,16,3.0,0,Champions
C17483,0.7462,High,14.9807,37.287,151.99,75,1,2.0,0,New & Promising
C13843,0.0188,Low,14.9719,37.265,6037.03,2,31,0.5556,0,Champions
C10548,0.112,Low,14.9672,37.2535,1011.58,2,21,3.0,0,Champions
C02802,0.4181,Medium,14.9652,37.2484,270.95,55,11,1.0,0,Champions
C02448,0.3007,Medium,14.9634,37.2439,376.74,27,3,3.0,0,Steady Regulars
C15923,0.9134,High,14.958,37.2306,123.98,349,1,1.0,0,Steady Regulars
C04473,0.1387,Low,14.9516,37.2146,815.89,18,19,1.6667,0,Champions
C12371,0.9129,High,14.95,37.2107,123.98,349,1,1.0,0,Steady Regulars
C01574,0.721,High,14.9499,37.2103,156.98,102,1,0.5,0,New & Promising
C13855,0.1018,Low,14.9392,37.1838,1110.47,10,19,1.0,0,Champions
C06683,0.7748,High,14.9384,37.1817,145.97,159,1,0.5,0,Steady Regulars
C17170,0.9261,High,14.9215,37.1397,121.98,337,1,1.0,0,Steady Regulars
C08090,0.4412,Medium,14.9157,37.1254,255.94,52,9,1.0,0,Champions
C12087,0.5193,Medium,14.9144,37.1219,217.45,88,2,2.0,0,Steady Regulars
C05644,0.8087,High,14.9007,37.0879,139.49,51,1,2.0,0,Deal Hunters
C08479,0.2934,Low,14.8885,37.0575,384.22,33,9,3.0,0,Champions
C01629,0.9238,High,14.8836,37.0454,121.98,340,1,1.0,0,Steady Regulars
C09827,0.2752,Low,14.8792,37.0345,409.32,40,3,1.0,0,Steady Regulars
C13196,0.5473,Medium,14.8757,37.0258,205.78,33,5,2.0,0,Champions
C03842,0.6359,High,14.8634,36.9952,176.97,44,1,2.0,0,New & Promising
C00270,0.1587,Low,14.8459,36.9515,708.27,13,13,0.6667,0,Champions
C17947,0.4885,Medium,14.8381,36.9322,229.98,105,1,0.5,0,Steady Regulars
C09201,0.2239,Low,14.8323,36.9176,501.52,34,6,4.0,0,Steady Regulars
C12824,0.2354,Low,14.829,36.9095,476.9,66,17,1.0,0,Champions
C11832,0.2738,Low,14.8254,36.9006,409.93,16,14,3.0,0,Champions
C15750,0.7848,High,14.8214,36.8906,142.98,39,1,2.0,0,New & Promising
C09367,0.9932,High,14.8198,36.8866,112.97,327,20,1.0,0,Champions
C14472,0.1902,Low,14.817,36.8797,589.68,17,18,4.0,0,Champions
C07469,0.8974,High,14.8165,36.8783,124.99,275,2,1.0,0,Steady Regulars
C07459,0.6392,High,14.8066,36.8538,175.36,114,3,0.5,0,Steady Regulars
C16271,0.6961,High,14.7999,36.8369,160.96,218,6,1.0,0,Steady Regulars
C16214,0.0601,Low,14.7942,36.8229,1862.8,11,27,2.3333,0,Champions
C11191,0.0557,Low,14.7778,36.782,2007.41,25,38,0.75,0,Champions
C02787,0.8366,High,14.7457,36.7022,133.44,138,1,0.5,0,Deal Hunters
C16576,0.189,Low,14.7385,36.6842,590.37,14,7,0.6667,0,Champions
C16281,0.8857,High,14.7384,36.684,125.98,204,1,1.0,0,New & Promising
C03231,0.0571,Low,14.7384,36.684,1952.43,11,25,1.1667,0,Champions
C11848,0.2075,Low,14.7358,36.6774,537.55,21,4,0.6667,0,Steady Regulars
C04426,0.0518,Low,14.733,36.6706,2155.19,29,28,3.0,0,Champions
C09761,0.2274,Low,14.7326,36.6694,490.52,22,10,0.6667,0,Champions
C02524,0.2194,Low,14.7305,36.6643,508.27,53,17,0.75,0,Champions
C08697,0.7966,High,14.7281,36.6583,139.97,157,1,0.5,0,Steady Regulars
C16515,0.2166,Low,14.7263,36.6539,514.72,33,16,1.0,0,Champions
C07428,0.0377,Low,14.7194,36.6368,2956.98,4,51,1.3333,0,Champions
C17453,0.5017,Medium,14.7194,36.6367,222.1,22,3,3.0,0,Steady Regulars
C03765,0.5716,Medium,14.7161,36.6284,194.91,101,2,0.5,0,Steady Regulars
C12935,0.5575,Medium,14.7105,36.6146,199.78,36,3,3.0,0,Steady Regulars
C06063,0.2596,Low,14.7079,36.608,428.94,41,2,3.0,0,Steady Regulars
C00675,0.6014,High,14.6942,36.574,184.97,92,1,0.5,0,Steady Regulars
C03190,0.89,High,14.694,36.5733,124.99,253,1,1.0,0,New & Promising
C05243,0.4753,Medium,14.6915,36.5672,234.02,70,6,2.0,0,Steady Regulars
C08124,0.0307,Low,14.6849,36.5509,3624.41,38,36,1.0,0,Champions
C00271,0.0291,Low,14.6835,36.5474,3821.9,12,82,1.1429,0,Champions
C15354,0.0557,Low,14.6706,36.5151,1992.35,32,35,1.5,0,Champions
C10165,0.6347,High,14.6679,36.5084,174.95,131,3,0.3333,0,Steady Regulars
C13818,0.5992,Medium,14.6645,36.5001,185.29,170,5,0.5,0,Deal Hunters
C04847,0.9408,High,14.6617,36.4931,117.98,211,1,1.0,0,New & Promising
C03181,0.0946,Low,14.6521,36.4691,1173.05,19,9,1.25,0,Champions
C08710,0.042,Low,14.6439,36.4488,2637.63,6,11,3.5,0,Champions
C10468,0.1652,Low,14.64,36.4392,671.08,17,4,1.0,0,Steady Regulars
C05453,0.3995,Medium,14.628,36.4091,277.24,46,4,1.5,0,Steady Regulars
C10338,0.1998,Low,14.6239,36.399,554.01,31,15,1.5,0,Champions
C10787,0.0938,Low,14.6123,36.3702,1179.41,20,23,1.0,0,Champions
C08666,0.2028,Low,14.6092,36.3624,545.27,20,10,1.0,0,Champions
C08940,0.5766,Medium,14.6056,36.3535,191.76,40,1,2.0,0,Steady Regulars
C07466,0.5525,Medium,14.5945,36.3257,199.98,47,2,2.0,0,Steady Regulars
C03026,0.3446,Medium,14.5907,36.3164,320.56,32,2,1.0,0,Deal Hunters
C16817,0.6775,High,14.5831,36.2974,162.97,72,1,2.0,0,New & Promising
C14552,0.3346,Medium,14.5817,36.2939,329.95,70,3,0.6667,0,Steady Regulars
C12100,0.0755,Low,14.58,36.2896,1461.32,2,7,8.0,0,Champions
C17189,0.0802,Low,14.5735,36.2736,1375.82,16,32,5.0,0,Champions
C17377,0.9679,High,14.5706,36.2662,113.97,346,13,1.0,0,Champions
C06167,0.0601,Low,14.57,36.2649,1833.93,22,7,7.0,0,Champions
C13689,0.9593,High,14.5688,36.2618,114.98,334,1,1.0,0,Steady Regulars
C01331,0.028,Low,14.5653,36.2532,3939.48,2,46,0.8,0,Champions
C17071,0.7604,High,14.5622,36.2455,144.98,49,1,2.0,0,New & Promising
C10226,0.0572,Low,14.5591,36.2376,1928.01,13,59,1.4,0,Champions
C16971,0.3674,Medium,14.557,36.2325,299.93,64,7,1.0,0,Steady Regulars
C12451,0.2935,Low,14.5561,36.2301,375.43,36,3,3.0,0,Steady Regulars
C10181,0.8105,High,14.5539,36.2248,135.94,251,5,1.0,0,Deal Hunters
C02818,0.0913,Low,14.527,36.1577,1204.71,14,12,2.5,0,Champions
C04385,0.873,High,14.5257,36.1545,125.97,198,1,1.0,0,New & Promising
C09040,0.5338,Medium,14.5215,36.1442,205.95,115,8,0.5,0,Steady Regulars
C02175,0.2714,Low,14.5182,36.136,405.03,35,4,4.0,0,Steady Regulars
C04303,0.8024,High,14.5174,36.1339,136.98,233,4,1.0,0,Steady Regulars
C12698,0.4311,Medium,14.5163,36.1312,254.92,12,4,2.0,0,Steady Regulars
C11713,0.1359,Low,14.5159,36.1302,808.75,32,18,3.0,0,Champions
C03462,0.0861,Low,14.5154,36.129,1276.82,2,4,2.0,0,Steady Regulars
C17272,0.45,Medium,14.5146,36.127,244.18,19,1,2.0,0,New & Promising
C17063,0.0209,Low,14.49,36.0656,5242.88,7,87,0.7,0,Champions
C02712,0.4962,Medium,14.4831,36.0484,220.99,30,2,2.0,0,Steady Regulars
C08834,0.4602,Medium,14.4829,36.048,238.25,19,4,3.0,0,Deal Hunters
C07863,0.8915,High,14.4829,36.0479,122.99,271,4,1.0,0,Steady Regulars
C15365,0.0936,Low,14.4734,36.0243,1171.11,5,8,1.6667,0,Champions
C04240,0.8111,High,14.4709,36.0182,135.07,250,9,1.0,0,Steady Regulars
C09060,0.0968,Low,14.4702,36.0165,1131.41,5,10,2.3333,0,Champions
C01522,0.565,Medium,14.4695,36.0146,193.89,36,1,2.0,0,Deal Hunters
C17828,0.0509,Low,14.4627,35.9978,2150.49,5,10,3.5,0,Champions
C01206,0.6403,High,14.4581,35.9863,170.96,146,2,0.5,0,Steady Regulars
C13618,0.0645,Low,14.4572,35.984,1697.64,4,20,1.4,0,Champions
C15148,0.0329,Low,14.453,35.9737,3327.56,8,23,1.0,0,Champions
C01286,0.0308,Low,14.4526,35.9725,3558.05,6,22,1.75,0,Champions
C13018,0.7152,High,14.4473,35.9593,152.94,28,1,2.0,0,New & Promising
C01471,0.1919,Low,14.4464,35.9573,569.92,49,10,2.0,0,Champions
C14188,0.7596,High,14.4461,35.9563,143.98,119,1,0.5,0,New & Promising
C09382,0.8678,High,14.4408,35.9432,125.98,203,1,1.0,0,New & Promising
C00566,0.9265,High,14.4377,35.9356,117.98,267,1,1.0,0,Steady Regulars
C15224,0.1876,Low,14.4315,35.92,582.48,18,7,1.5,0,Steady Regulars
C11551,0.7863,High,14.4294,35.9149,138.93,202,4,1.0,0,Steady Regulars
C05063,0.6629,High,14.4283,35.912,164.78,27,1,2.0,0,New & Promising
C04197,0.9159,High,14.424,35.9014,119.23,283,1,1.0,0,Deal Hunters
C15821,0.3859,Medium,14.4029,35.8488,282.53,20,2,2.0,0,Steady Regulars
C08845,0.1086,Low,14.3787,35.7887,1002.68,13,19,3.0,0,Champions
C12626,0.0973,Low,14.3696,35.766,1118.5,15,10,2.5,0,Champions
C06192,0.4495,Medium,14.3622,35.7475,241.92,44,3,3.0,0,Steady Regulars
C15719,0.6756,High,14.3615,35.7459,160.93,172,4,0.5,0,Steady Regulars
C10996,0.1227,Low,14.3603,35.7429,886.32,18,20,1.5,0,Champions
C15291,0.9372,High,14.3552,35.7301,115.96,327,3,1.0,0,New & Promising
C01097,0.9535,High,14.3529,35.7245,113.96,320,3,1.0,0,Steady Regulars
C07038,0.6243,High,14.347,35.7097,173.99,49,1,2.0,0,New & Promising
C16153,0.6506,High,14.3464,35.7083,166.93,106,3,0.5,0,Steady Regulars
C16026,0.1222,Low,14.3329,35.6748,887.65,5,17,0.6667,0,Champions
C12579,0.0681,Low,14.3304,35.6683,1592.14,14,28,1.0,0,Champions
C05702,0.0327,Low,14.3248,35.6546,3317.26,1,29,0.8,0,Champions
C08795,0.4655,Medium,14.3223,35.6482,232.93,60,2,2.0,0,Steady Regulars
C13503,0.7802,High,14.3214,35.646,138.97,252,9,1.0,0,Steady Regulars
C15121,0.0389,Low,14.3016,35.5967,2781.72,13,36,0.75,0,Champions
C01767,0.43,Medium,14.3005,35.594,251.77,12,2,2.0,0,Deal Hunters
C16746,0.2158,Low,14.3003,35.5936,501.58,9,8,0.6667,0,Champions
C17627,0.873,High,14.2967,35.5846,123.98,289,3,1.0,0,Steady Regulars
C09533,0.2461,Low,14.2941,35.5781,439.72,1,4,1.5,0,Deal Hunters
C03304,0.0545,Low,14.2905,35.5692,1985.48,2,15,1.6667,0,Champions
C03410,0.2687,Low,14.288,35.5629,402.5,13,6,1.3333,0,Steady Regulars
C09026,0.5816,Medium,14.2849,35.5553,185.95,113,1,0.5,0,Steady Regulars
C08518,0.8648,High,14.2781,35.5383,124.99,262,1,1.0,0,New & Promising
C13749,0.0345,Low,14.2621,35.4985,3133.06,17,13,2.0,0,Champions
C07479,0.5133,Medium,14.2603,35.4939,210.33,100,9,0.5,0,Champions
C00088,0.2482,Low,14.257,35.4859,434.81,28,6,3.0,0,Steady Regulars
C16643,0.9305,High,14.2524,35.4744,115.96,274,1,1.0,0,Steady Regulars
C16730,0.1072,Low,14.2465,35.4596,1006.59,9,22,1.5,0,Champions
C16261,0.6959,High,14.2458,35.4579,154.98,178,4,0.5,0,Steady Regulars
C13290,0.2001,Low,14.2441,35.4538,538.92,17,3,1.5,0,Steady Regulars
C10699,0.4988,Medium,14.2292,35.4165,215.97,53,1,2.0,0,New & Promising
C02375,0.2136,Low,14.2174,35.3872,503.94,48,22,1.0,0,Champions
C13447,0.689,High,14.212,35.3737,156.16,180,2,0.5,0,Steady Regulars
C07311,0.1362,Low,14.21,35.3689,789.61,13,15,1.0,0,Champions
C01515,0.2326,Low,14.2096,35.3677,462.51,24,2,3.0,0,Steady Regulars
C14348,0.3456,Medium,14.2059,35.3586,311.17,87,3,1.0,0,Steady Regulars
C17703,0.8088,High,14.2059,35.3585,132.97,327,6,1.0,0,Steady Regulars
C09580,0.9114,High,14.2025,35.3501,117.98,218,1,1.0,0,Steady Regulars
C07039,0.1709,Low,14.2007,35.3457,628.92,39,18,3.0,0,Champions
C09479,0.8739,High,14.1972,35.3369,122.99,270,2,1.0,0,Steady Regulars
C00702,0.6937,High,14.1966,35.3355,154.93,179,17,0.5,0,Champions
C12836,0.6397,High,14.19,35.3191,167.94,74,1,2.0,0,New & Promising
C06985,0.0407,Low,14.1882,35.3144,2641.64,34,65,0.8333,0,Champions
C05320,0.9594,High,14.1879,35.3138,111.96,332,1,1.0,0,Steady Regulars
C03643,0.3421,Medium,14.1852,35.3069,313.93,53,2,1.0,0,Steady Regulars
C04955,0.8376,High,14.181,35.2966,128.18,247,1,1.0,0,Deal Hunters
C02894,0.1374,Low,14.18,35.2941,781.12,45,15,0.6667,0,Champions
C08063,0.0302,Low,14.179,35.2915,3554.23,27,38,0.8333,0,Champions
C15846,0.2219,Low,14.1747,35.2808,483.64,11,4,1.5,0,Steady Regulars
C03245,0.158,Low,14.1739,35.279,679.24,5,22,1.6667,0,Champions
C09542,0.0585,Low,14.1715,35.2729,1834.16,3,28,2.3333,0,Champions
C15201,0.9242,High,14.156,35.2344,115.96,332,2,1.0,0,Steady Regulars
C14953,0.9161,High,14.1535,35.2282,116.97,356,1,1.0,0,Steady Regulars
C07454,0.8369,High,14.1457,35.2088,127.97,204,1,1.0,0,Steady Regulars
C15095,0.2244,Low,14.1434,35.2029,477.11,5,7,0.5,0,Champions
C07129,0.5794,Medium,14.1425,35.2008,184.78,34,1,2.0,0,Deal Hunters
C02374,0.0222,Low,14.1415,35.1982,4827.27,13,29,1.2,0,Champions
C13759,0.7628,High,14.1408,35.1965,140.34,23,1,2.0,0,Deal Hunters
C11464,0.8565,High,14.1401,35.1947,124.98,193,1,1.0,0,Deal Hunters
C17771,0.7861,High,14.1185,35.141,135.98,211,1,1.0,0,Steady Regulars
C05420,0.9136,High,14.1164,35.1359,116.98,267,1,1.0,0,Steady Regulars
C12804,0.0381,Low,14.1159,35.1346,2808.29,1,12,1.0,0,Champions
C11559,0.3399,Medium,14.1149,35.1321,314.36,47,4,3.0,0,Steady Regulars
C09921,0.0539,Low,14.1125,35.1261,1981.11,13,28,1.3333,0,Champions
C07518,0.3634,Medium,14.1087,35.1166,293.91,97,7,0.1667,0,Steady Regulars
C08706,0.1446,Low,14.106,35.1099,738.47,42,5,1.3333,0,Steady Regulars
C07273,0.3787,Medium,14.1039,35.1048,281.95,20,7,3.0,0,Champions
C16752,0.4185,Medium,14.0932,35.078,254.93,13,9,2.0,0,Champions
C09640,0.4252,Medium,14.0921,35.0752,250.92,16,4,1.0,0,Steady Regulars
C15246,0.7019,High,14.0912,35.0731,151.99,39,1,2.0,0,New & Promising
C17943,0.8106,High,14.0878,35.0646,131.57,334,7,1.0,0,Champions
C04699,0.1047,Low,14.0757,35.0346,1017.81,44,27,0.5,0,Champions
C14106,0.1728,Low,14.0732,35.0283,616.68,14,9,0.6667,0,Champions
C01554,0.7562,High,14.0693,35.0185,140.86,1,1,2.0,0,New & Promising
C00950,0.8212,High,14.0629,35.0027,129.64,241,8,1.0,0,Steady Regulars
C10795,0.8713,High,14.0618,34.9998,122.18,320,3,1.0,0,Steady Regulars
C05015,0.0327,Low,14.0519,34.9753,3249.95,17,26,0.8333,0,Champions
C17783,0.9036,High,14.0509,34.9728,117.73,280,1,1.0,0,Deal Hunters
C02586,0.1813,Low,14.0505,34.9718,586.77,21,20,1.5,0,Champions
C15430,0.0422,Low,14.0403,34.9465,2517.17,12,28,6.0,0,Champions
C01905,0.9166,High,14.04,34.9458,115.97,318,1,1.0,0,Steady Regulars
C17391,0.2755,Low,14.0304,34.9218,385.49,29,5,0.5,0,Steady Regulars
C08183,0.358,Medium,14.0266,34.9123,296.65,110,15,0.5,0,Champions
C10323,0.8106,High,14.0238,34.9054,130.98,278,7,1.0,0,Steady Regulars
C03063,0.2002,Low,14.0142,34.8815,529.91,21,4,0.6667,0,Steady Regulars
C01984,0.596,Medium,14.0122,34.8766,177.98,141,3,0.5,0,Steady Regulars
C02173,0.0852,Low,14.0112,34.874,1245.19,12,24,1.0,0,Champions
C05763,0.8422,High,13.993,34.8287,125.79,133,1,0.5,0,Deal Hunters
C14785,0.0443,Low,13.9902,34.8218,2388.35,33,29,0.75,0,Champions
C12614,0.1981,Low,13.9861,34.8115,534.51,20,4,0.6667,0,Steady Regulars
C09209,0.9457,High,13.9859,34.811,111.96,357,1,1.0,0,Deal Hunters
C00185,0.071,Low,13.9858,34.8106,1492.0,14,19,0.8,0,Champions
C00433,0.2946,Low,13.9772,34.7894,359.14,72,16,1.0,0,Champions
C02732,0.0654,Low,13.9742,34.7819,1617.72,45,36,1.0,0,Champions
C01337,0.2449,Low,13.9652,34.7596,431.65,18,2,1.0,0,Steady Regulars
C10258,0.3018,Medium,13.9625,34.7528,350.29,10,11,3.0,0,Champions
C10303,0.108,Low,13.9575,34.7403,978.45,22,24,1.3333,0,Champions
C12224,0.447,Medium,13.9572,34.7397,236.39,1,5,1.0,0,Champions
C17658,0.3877,Medium,13.9484,34.7177,272.4,16,2,1.0,0,Deal Hunters
C14875,0.1174,Low,13.9431,34.7045,898.79,3,20,1.0,0,Champions
C11495,0.0247,Low,13.9393,34.6949,4264.24,16,50,1.6667,0,Champions
C14773,0.7277,High,13.9328,34.6789,144.95,56,1,2.0,0,New & Promising
C09766,0.7589,High,13.931,34.6744,138.97,147,1,0.5,0,New & Promising
C14556,0.9552,High,13.9267,34.6637,110.38,344,1,1.0,0,Deal Hunters
C11993,0.0276,Low,13.925,34.6594,3823.77,21,22,0.6,0,Champions
C09702,0.7987,High,13.9232,34.6549,131.97,61,1,2.0,0,New & Promising
C06923,0.1655,Low,13.9212,34.6499,636.7,12,2,3.0,0,Steady Regulars
C10301,0.3509,Medium,13.9083,34.6179,300.1,4,8,2.0,0,Champions
C08066,0.2029,Low,13.8876,34.5663,518.08,14,16,5.0,0,Champions
C12352,0.4111,Medium,13.8873,34.5655,255.76,24,2,2.0,0,Steady Regulars
C00059,0.1176,Low,13.8853,34.5607,894.18,14,7,1.3333,0,Champions
C14695,0.8728,High,13.8853,34.5606,120.44,284,3,1.0,0,Steady Regulars
C08053,0.6183,High,13.8815,34.5512,169.97,128,2,0.5,0,Steady Regulars
C02780,0.1876,Low,13.8804,34.5484,560.04,22,8,7.0,0,Steady Regulars
C11841,0.4324,Medium,13.876,34.5374,242.97,28,3,1.0,0,Steady Regulars
C06023,0.1956,Low,13.8751,34.5352,537.03,19,3,1.5,0,Steady Regulars
C10953,0.9374,High,13.8622,34.5031,111.96,354,1,1.0,0,New & Promising
C00121,0.6461,High,13.8561,34.4878,162.36,38,1,2.0,0,Deal Hunters
C16005,0.7615,High,13.8493,34.471,137.69,139,1,0.5,0,Deal Hunters
C09776,0.8904,High,13.8479,34.4675,117.74,350,1,1.0,0,Steady Regulars
C08021,0.9618,High,13.8469,34.4649,108.99,329,3,1.0,0,Steady Regulars
C14945,0.5606,Medium,13.8426,34.4544,186.94,100,6,0.5,0,Steady Regulars
C12268,0.5854,Medium,13.8383,34.4437,178.98,96,1,0.5,0,Steady Regulars
C16394,0.1558,Low,13.8379,34.4427,672.48,13,12,1.5,0,Champions
C04958,0.8518,High,13.8358,34.4373,122.97,19,1,2.0,0,New & Promising
C10648,0.7528,High,13.8154,34.3866,138.94,153,1,0.5,0,Steady Regulars
C13867,0.4964,Medium,13.8131,34.3808,210.66,19,2,2.0,0,Steady Regulars
C17480,0.0437,Low,13.8087,34.3699,2391.65,5,9,2.3333,0,Champions
C03847,0.8167,High,13.8068,34.3651,127.99,239,2,1.0,0,Steady Regulars
C10345,0.0305,Low,13.8005,34.3494,3421.84,13,38,9.0,0,Champions
C05751,0.6825,High,13.7921,34.3286,152.98,50,1,2.0,0,New & Promising
C02960,0.4984,Medium,13.7837,34.3077,209.37,34,2,2.0,0,Steady Regulars
C05482,0.8481,High,13.7774,34.292,122.99,220,1,1.0,0,New & Promising
C13903,0.0424,Low,13.7688,34.2707,2456.71,36,13,1.25,0,Champions
C17015,0.8015,High,13.7598,34.2481,129.97,159,1,0.5,0,New & Promising
C14614,0.8977,High,13.754,34.2337,115.99,190,1,1.0,0,New & Promising
C07064,0.4627,Medium,13.7529,34.2309,225.02,18,3,2.0,0,Deal Hunters
C00906,0.048,Low,13.7519,34.2286,2168.77,27,11,1.5,0,Champions
C09551,0.3497,Medium,13.7453,34.2121,297.56,9,2,1.0,0,Deal Hunters
C04458,0.0368,Low,13.7429,34.2063,2825.63,3,37,1.0,0,Champions
C13005,0.7754,High,13.7424,34.205,134.17,191,1,1.0,0,Deal Hunters
C16918,0.9291,High,13.7418,34.2035,111.98,268,1,1.0,0,Steady Regulars
C13246,0.6844,High,13.7397,34.1983,151.99,52,1,2.0,0,New & Promising
C10694,0.6882,High,13.7397,34.1981,151.15,35,1,2.0,0,Deal Hunters
C07622,0.7591,High,13.7353,34.1874,136.98,176,1,0.5,0,Steady Regulars
C06917,0.0963,Low,13.7342,34.1845,1080.27,10,24,1.6667,0,Champions
C12763,0.0955,Low,13.7289,34.1714,1087.88,28,6,3.0,0,Steady Regulars
C09565,0.5345,Medium,13.7236,34.158,194.37,1,3,3.0,0,Steady Regulars
C03906,0.866,High,13.7212,34.1523,119.96,266,1,1.0,0,New & Promising
C02153,0.7933,High,13.7208,34.1512,130.95,224,9,1.0,0,Steady Regulars
C09794,0.2497,Low,13.7185,34.1455,415.9,18,3,1.5,0,Steady Regulars
C15815,0.6658,High,13.718,34.1441,155.98,140,3,0.3333,0,New & Promising
C06406,0.8956,High,13.7176,34.1433,115.96,274,1,1.0,0,Steady Regulars
C09461,0.6294,High,13.716,34.1391,164.97,8,1,2.0,0,New & Promising
C04839,0.7012,High,13.7066,34.1159,147.99,147,1,0.5,0,New & Promising
C01103,0.8434,High,13.7018,34.1038,122.99,224,1,1.0,0,New & Promising
C06567,0.0323,Low,13.7013,34.1026,3213.78,1,85,2.8,0,Champions
C12467,0.9262,High,13.6999,34.0991,111.98,308,2,1.0,0,New & Promising
C11539,0.3144,Medium,13.6996,34.0983,329.91,74,4,1.0,0,Steady Regulars
C04675,0.0596,Low,13.69,34.0746,1738.94,9,6,7.0,0,Steady Regulars
C12134,0.4686,Medium,13.6832,34.0576,221.05,33,2,2.0,0,Steady Regulars
C05858,0.9087,High,13.6783,34.0453,113.96,265,1,1.0,0,Steady Regulars
C02933,0.4287,Medium,13.6772,34.0427,241.55,67,8,0.6667,0,Champions
C10575,0.4817,Medium,13.6736,34.0336,214.92,19,5,1.0,0,Steady Regulars
C06943,0.7093,High,13.6721,34.03,145.93,159,2,0.5,0,New & Promising
C13561,0.305,Medium,13.6713,34.0279,339.32,14,6,0.75,0,Steady Regulars
C17258,0.0407,Low,13.6711,34.0273,2544.29,45,42,1.0,0,Champions
C05924,0.0295,Low,13.6705,34.026,3502.89,2,80,2.0,0,Champions
C04748,0.9496,High,13.6704,34.0258,108.99,321,1,1.0,0,New & Promising
C06604,0.0235,Low,13.6682,34.0202,4396.42,17,29,1.4286,0,Champions
C04213,0.8465,High,13.6669,34.0171,122.23,280,9,1.0,0,Steady Regulars
C09987,0.4346,Medium,13.6618,34.0043,237.97,10,1,2.0,0,New & Promising
C10283,0.8802,High,13.6594,33.9984,117.48,280,8,1.0,0,Steady Regulars
C07098,0.9482,High,13.6504,33.976,108.99,344,1,1.0,0,New & Promising
C15334,0.3907,Medium,13.6498,33.9745,264.51,73,4,3.0,0,Steady Regulars
C16764,0.7326,High,13.6319,33.93,140.87,71,1,2.0,0,New & Promising
C13348,0.4178,Medium,13.6291,33.923,246.96,50,2,2.0,0,Steady Regulars
C02796,0.0315,Low,13.6275,33.9189,3272.4,2,16,0.625,0,Champions
C06994,0.2128,Low,13.6215,33.9041,484.69,25,15,2.0,0,Champions
C06793,0.7638,High,13.6144,33.8863,134.94,214,2,1.0,0,New & Promising
C06485,0.122,Low,13.6137,33.8845,844.67,17,11,0.8,0,Steady Regulars
C06344,0.9451,High,13.6054,33.8639,108.99,344,1,1.0,0,New & Promising
C15575,0.5235,Medium,13.5983,33.8463,196.66,22,5,0.6667,0,Steady Regulars
C10377,0.0125,Low,13.5974,33.8441,8233.04,12,65,0.6667,0,Champions
C03718,0.2023,Low,13.5961,33.8408,508.83,59,21,2.0,0,Champions
C01176,0.1464,Low,13.5928,33.8326,703.03,4,12,1.3333,0,Champions
C14073,0.583,Medium,13.5873,33.8188,176.45,135,9,0.3333,0,Steady Regulars
C16094,0.0608,Low,13.5839,33.8105,1690.97,13,26,1.6667,0,Champions
C03240,0.0641,Low,13.5822,33.8062,1603.28,9,17,5.0,0,Champions
C02453,0.6388,High,13.581,33.8031,160.95,122,3,0.5,0,Steady Regulars
C16487,0.3174,Medium,13.5803,33.8015,323.92,63,4,3.0,0,Steady Regulars
C02968,0.0223,Low,13.5803,33.8014,4601.68,3,34,0.875,0,Champions
C16179,0.1328,Low,13.5754,33.7893,773.94,2,18,1.0,0,Champions
C07126,0.4196,Medium,13.5742,33.7864,244.94,102,2,0.5,0,Steady Regulars
C04169,0.2928,Low,13.5735,33.7846,350.91,6,8,2.0,0,Champions
C10710,0.6237,High,13.5563,33.7417,164.55,178,3,0.5,0,Steady Regulars
C07867,0.0883,Low,13.5469,33.7183,1162.13,28,31,2.0,0,Champions
C09207,0.3137,Medium,13.5378,33.6956,326.68,47,5,1.0,0,Steady Regulars
C16702,0.5048,Medium,13.5338,33.6858,202.97,139,5,0.25,0,Steady Regulars
C03704,0.0584,Low,13.527,33.6688,1753.36,1,15,1.75,0,Champions
C05683,0.0257,Low,13.5233,33.6595,3980.82,4,42,1.75,0,Champions
C13339,0.2007,Low,13.5194,33.6498,510.09,18,16,1.0,0,Champions
C17043,0.3068,Medium,13.5059,33.6164,333.3,13,6,0.75,0,Steady Regulars
C06941,0.0981,Low,13.5022,33.607,1042.01,15,25,2.0,0,Champions
C11411,0.0509,Low,13.4926,33.5833,2005.1,6,39,4.0,0,Champions
C08068,0.8731,High,13.4868,33.5687,116.95,213,1,1.0,0,New & Promising
C12282,0.6761,High,13.4819,33.5566,150.96,17,1,2.0,0,New & Promising
C12069,0.0268,Low,13.4818,33.5563,3801.51,13,33,2.0,0,Champions
C11755,0.4829,Medium,13.4808,33.5539,211.34,124,14,0.3333,0,Champions
C02949,0.3424,Medium,13.4767,33.5436,297.94,71,4,0.6667,0,Steady Regulars
C06247,0.0257,Low,13.4753,33.5401,3974.09,21,61,1.5,0,Champions
C04901,0.5672,Medium,13.4732,33.5348,179.83,125,6,0.5,0,Steady Regulars
C16058,0.1282,Low,13.4638,33.5116,795.24,4,19,3.0,0,Champions
C06577,0.0558,Low,13.4576,33.4959,1824.92,11,8,1.25,0,Champions
C08272,0.133,Low,13.457,33.4944,765.77,17,9,0.75,0,Champions
C06234,0.8491,High,13.4531,33.485,119.95,260,2,1.0,0,New & Promising
C01422,0.1548,Low,13.4517,33.4813,657.84,28,20,0.6667,0,Champions
C11071,0.6434,High,13.4397,33.4516,158.14,38,1,2.0,0,Deal Hunters
C03176,0.4779,Medium,13.4319,33.4321,212.79,38,3,1.0,0,Deal Hunters
C01565,0.2655,Low,13.4145,33.3887,382.53,37,4,2.0,0,Deal Hunters
C12491,0.0384,Low,13.4108,33.3796,2644.44,12,26,1.2,0,Champions
C04535,0.8131,High,13.4094,33.3761,124.86,229,3,1.0,0,Steady Regulars
C14899,0.1993,Low,13.4088,33.3745,509.38,19,3,1.5,0,Steady Regulars
C00864,0.1358,Low,13.3999,33.3523,747.25,3,20,0.5,0,Champions
C14687,0.1225,Low,13.3917,33.332,827.74,6,16,1.3333,0,Champions
C07481,0.6449,High,13.3851,33.3155,157.13,165,3,0.3333,0,Deal Hunters
C10535,0.9469,High,13.3814,33.3063,106.99,272,1,1.0,0,New & Promising
C06179,0.1782,Low,13.3794,33.3015,568.37,25,4,2.0,0,Steady Regulars
C11644,0.9201,High,13.3681,33.2734,109.99,351,2,1.0,0,Steady Regulars
C17652,0.3286,Medium,13.3661,33.2683,307.96,15,3,3.0,0,Steady Regulars
C11759,0.0322,Low,13.3609,33.2553,3140.83,10,34,0.6667,0,Champions
C05948,0.4002,Medium,13.3608,33.2551,252.75,23,2,1.0,0,Steady Regulars
C12124,0.1019,Low,13.3549,33.2405,992.67,18,13,2.5,0,Champions
C14813,0.0602,Low,13.3514,33.2317,1679.79,12,34,2.0,0,Champions
C01022,0.1908,Low,13.3512,33.2313,529.73,17,16,4.0,0,Champions
C11543,0.6651,High,13.3508,33.2303,151.98,127,2,0.5,0,New & Promising
C06584,0.0941,Low,13.3482,33.2237,1073.83,4,6,7.0,0,Deal Hunters
C00969,0.6203,High,13.3357,33.1926,162.75,195,8,1.0,0,Champions
C03331,0.2529,Low,13.3305,33.1797,399.12,14,2,3.0,0,Steady Regulars
C13316,0.4923,Medium,13.3293,33.1768,204.98,61,4,2.0,0,Steady Regulars
C16574,0.1465,Low,13.3237,33.1627,688.72,21,9,1.0,0,Champions
C02501,0.7256,High,13.3186,33.15,138.97,39,1,2.0,0,New & Promising
C02379,0.7081,High,13.318,33.1487,142.39,190,5,1.0,0,Steady Regulars
C06275,0.4482,Medium,13.3178,33.1481,224.98,88,2,1.0,0,New & Promising
C03400,0.2763,Low,13.3174,33.1471,364.93,26,2,1.0,0,Steady Regulars
C17565,0.115,Low,13.3173,33.1468,876.35,40,6,1.0,0,Steady Regulars
C00114,0.336,Medium,13.3116,33.1327,299.94,61,7,2.0,0,Champions
C06316,0.2681,Low,13.3082,33.1243,375.83,22,4,1.5,0,Steady Regulars
C13168,0.8468,High,13.3077,33.123,118.98,306,3,1.0,0,Steady Regulars
C02038,0.0451,Low,13.3034,33.1123,2233.44,9,28,1.6667,0,Champions
C06095,0.4128,Medium,13.2997,33.1029,243.94,85,8,2.0,0,Champions
C13421,0.8128,High,13.2995,33.1025,123.87,31,1,2.0,0,Deal Hunters
C12912,0.3118,Medium,13.2986,33.1002,322.89,12,4,3.0,0,Steady Regulars
C05725,0.0663,Low,13.293,33.0864,1518.3,8,32,1.25,0,Champions
C13662,0.3126,Medium,13.2917,33.0832,321.95,83,2,1.0,0,Steady Regulars
C11622,0.8774,High,13.2909,33.0812,114.68,240,1,1.0,0,Deal Hunters
C10988,0.5726,Medium,13.2876,33.0729,175.68,32,1,2.0,0,Deal Hunters
C14285,0.135,Low,13.277,33.0466,744.68,15,20,0.6667,0,Champions
C15634,0.0145,Low,13.2766,33.0456,6953.41,1,47,1.5,0,Champions
C12739,0.9222,High,13.2762,33.0445,108.99,301,1,1.0,0,New & Promising
C06720,0.4153,Medium,13.2731,33.0368,241.96,65,2,1.0,0,Steady Regulars
C02161,0.2666,Low,13.272,33.0341,376.91,14,3,1.5,0,Steady Regulars
C11708,0.9565,High,13.2621,33.0095,104.97,354,5,1.0,0,Steady Regulars
C07711,0.5838,Medium,13.2619,33.0088,171.97,42,3,2.0,0,Steady Regulars
C10606,0.8438,High,13.2618,33.0087,118.99,211,1,1.0,0,New & Promising
C01077,0.1937,Low,13.2616,33.0082,518.38,12,13,1.0,0,Champions
C12974,0.9509,High,13.257,32.9969,105.55,339,9,1.0,0,Steady Regulars
C13802,0.2706,Low,13.253,32.9868,370.74,31,4,4.0,0,Steady Regulars
C11557,0.0573,Low,13.2311,32.9324,1749.64,2,26,1.6667,0,Champions
C09955,0.6544,High,13.2213,32.908,152.96,96,2,0.5,0,Steady Regulars
C00099,0.1109,Low,13.2186,32.9012,902.32,8,10,0.8,0,Champions
C01287,0.7232,High,13.2169,32.897,138.36,194,7,1.0,0,Steady Regulars
C11528,0.7881,High,13.2147,32.8914,126.95,142,2,0.3333,0,New & Promising
C03422,0.166,Low,13.2073,32.8729,602.27,13,4,4.0,0,Deal Hunters
C07474,0.4849,Medium,13.1907,32.8318,205.95,109,1,0.5,0,Steady Regulars
C04492,0.6779,High,13.1765,32.7964,147.16,116,1,0.5,0,Deal Hunters
C06402,0.0169,Low,13.1747,32.792,5890.79,26,65,0.8571,0,Champions
C17470,0.5421,Medium,13.1722,32.7857,183.95,84,6,1.0,0,Steady Regulars
C17506,0.4899,Medium,13.1721,32.7855,203.56,57,2,2.0,0,Steady Regulars
C13425,0.5829,Medium,13.1642,32.7659,170.97,140,9,0.5,0,Champions
C09214,0.6189,High,13.1581,32.7505,160.96,120,4,0.5,0,Steady Regulars
C12271,0.9058,High,13.1569,32.7476,109.96,217,1,1.0,0,New & Promising
C12926,0.2401,Low,13.1538,32.7399,414.71,15,2,3.0,0,Steady Regulars
C13744,0.0456,Low,13.1507,32.7322,2181.07,25,15,1.0,0,Champions
C07706,0.046,Low,13.1492,32.7284,2162.52,4,15,0.8,0,Champions
C04400,0.9218,High,13.1456,32.7194,107.96,351,1,1.0,0,New & Promising
C03855,0.8299,High,13.1372,32.6985,119.85,223,1,1.0,0,Deal Hunters
C17707,0.4668,Medium,13.1314,32.6841,212.96,154,7,0.3333,0,Steady Regulars
C04415,0.6062,High,13.1298,32.6802,163.98,16,1,2.0,0,New & Promising
C11794,0.8149,High,13.1293,32.679,121.98,194,1,1.0,0,New & Promising
C01953,0.7589,High,13.1273,32.674,130.96,42,1,2.0,0,New & Promising
C03032,0.2372,Low,13.1258,32.6702,418.95,22,14,3.0,0,Champions
C10134,0.3403,Medium,13.1249,32.6678,291.96,10,10,1.5,0,Champions
C08583,0.3237,Medium,13.1227,32.6624,306.95,64,10,1.0,0,Champions
C06927,0.9007,High,13.1192,32.6538,110.27,241,1,1.0,0,Steady Regulars
C09899,0.5775,Medium,13.1174,32.6493,171.95,101,1,0.5,0,Steady Regulars
C07695,0.8058,High,13.1146,32.6424,123.22,133,1,0.5,0,Deal Hunters
C16016,0.2006,Low,13.1101,32.6311,494.89,11,5,0.6667,0,Steady Regulars
C05369,0.6446,High,13.1082,32.6264,153.95,72,1,2.0,0,New & Promising
C00448,0.033,Low,13.1081,32.6262,3008.05,19,47,1.0,0,Champions
C04582,0.7571,High,13.097,32.5986,130.96,181,3,1.0,0,Steady Regulars
C00187,0.021,Low,13.0834,32.5647,4726.27,18,63,0.75,0,Champions
C12425,0.7861,High,13.0825,32.5624,125.99,3,1,2.0,0,New & Promising
C05129,0.7676,High,13.077,32.5488,128.98,45,1,2.0,0,New & Promising
C04429,0.1963,Low,13.0735,32.54,504.22,15,2,3.0,0,Steady Regulars
C01518,0.4759,Medium,13.0719,32.536,207.96,76,8,2.0,0,Champions
C17075,0.7069,High,13.0692,32.5292,139.97,83,1,2.0,0,New & Promising
C12967,0.8246,High,13.0666,32.5228,119.96,309,7,1.0,0,Steady Regulars
C09151,0.4416,Medium,13.0654,32.52,223.97,16,4,2.0,0,Deal Hunters
C15320,0.66,High,13.0564,32.4975,149.76,32,1,2.0,0,Deal Hunters
C02159,0.7973,High,13.0563,32.4973,123.98,54,1,2.0,0,New & Promising
C07675,0.0403,Low,13.0453,32.4698,2450.47,23,28,1.0,0,Champions
C15225,0.0636,Low,13.043,32.464,1551.72,4,5,6.0,0,Champions
C00140,0.4886,Medium,13.0331,32.4396,201.95,51,2,2.0,0,Steady Regulars
C13078,0.6713,High,13.0318,32.4362,146.96,5,1,2.0,0,New & Promising
C07182,0.0154,Low,13.0297,32.431,6388.13,5,52,0.7273,0,Champions
C04933,0.4928,Medium,13.0175,32.4006,199.98,25,2,2.0,0,Steady Regulars
C08904,0.2657,Low,13.0168,32.3989,370.89,2,5,4.0,0,Steady Regulars
C02823,0.4103,Medium,13.0039,32.3667,239.92,113,19,0.25,0,Champions
C17350,0.9014,High,12.9774,32.3009,108.99,305,1,1.0,0,Steady Regulars
C14238,0.1089,Low,12.9682,32.278,901.59,10,16,0.6667,0,Champions
C08363,0.0247,Low,12.9658,32.2719,3968.83,6,49,1.1667,0,Champions
C09257,0.8461,High,12.963,32.265,115.99,144,1,0.5,0,New & Promising
C14670,0.7548,High,12.9558,32.2471,129.95,29,1,2.0,0,New & Promising
C09331,0.9248,High,12.9461,32.223,105.98,348,1,1.0,0,New & Promising
C11412,0.8994,High,12.9452,32.2207,108.97,220,1,1.0,0,Steady Regulars
C06353,0.0617,Low,12.9333,32.1912,1586.8,4,6,7.0,0,Champions
C16171,0.421,Medium,12.9332,32.1908,232.56,24,2,1.0,0,Deal Hunters
C02978,0.3199,Medium,12.9297,32.1822,305.95,17,2,1.0,0,Steady Regulars
C03324,0.7646,High,12.9266,32.1743,127.99,224,2,1.0,0,Steady Regulars
C01057,0.3873,Medium,12.9192,32.156,252.51,61,11,2.0,0,Champions
C05966,0.2354,Low,12.9171,32.1508,415.48,15,2,3.0,0,Steady Regulars
C13681,0.3058,Medium,12.9001,32.1084,319.35,57,2,2.0,0,Steady Regulars
C16089,0.3786,Medium,12.8997,32.1075,257.95,10,9,2.0,0,Champions
C17167,0.5593,Medium,12.8963,32.099,174.57,29,1,2.0,0,New & Promising
C14870,0.8719,High,12.8941,32.0934,111.96,360,6,1.0,0,Steady Regulars
C07443,0.4215,Medium,12.8912,32.0863,231.52,33,8,1.0,0,Champions
C00368,0.0203,Low,12.8897,32.0827,4795.44,9,60,1.1429,0,Champions
C13578,0.0788,Low,12.8877,32.0776,1237.7,16,15,5.0,0,Champions
C03986,0.9205,High,12.8873,32.0766,105.99,363,1,1.0,0,Steady Regulars
C15332,0.0507,Low,12.8823,32.0641,1923.49,8,38,0.7143,0,Champions
C07785,0.0398,Low,12.8736,32.0425,2449.76,17,31,1.6667,0,Champions
C10151,0.6969,High,12.8674,32.0271,139.78,1,1,2.0,0,New & Promising
C08293,0.1105,Low,12.8593,32.007,881.42,13,26,0.8,0,Champions
C01605,0.0698,Low,12.8574,32.0022,1395.05,16,7,0.8,0,Champions
C14559,0.4518,Medium,12.8506,31.9852,215.34,38,3,3.0,0,Deal Hunters
C04136,0.7598,High,12.8434,31.9673,127.98,61,1,2.0,0,New & Promising
C12358,0.0505,Low,12.841,31.9614,1926.1,11,40,0.6667,0,Champions
C10075,0.5639,Medium,12.8389,31.9561,172.37,28,3,1.0,0,Steady Regulars
C17254,0.0665,Low,12.8374,31.9524,1461.71,37,14,1.75,0,Champions
C07025,0.0247,Low,12.8318,31.9385,3925.24,13,26,2.5,0,Champions
C01008,0.9081,High,12.8312,31.9369,106.97,263,1,1.0,0,Steady Regulars
C16093,0.3144,Medium,12.8282,31.9294,308.94,25,3,3.0,0,Steady Regulars
C10003,0.0938,Low,12.8217,31.9134,1034.74,17,32,0.6,0,Champions
C08088,0.0795,Low,12.8124,31.8902,1219.76,7,29,0.75,0,Champions
C16122,0.0666,Low,12.8119,31.889,1456.74,6,30,1.3333,0,Champions
C09368,0.0447,Low,12.811,31.8866,2170.01,38,36,0.75,0,Champions
C09505,0.0377,Low,12.8042,31.8698,2571.6,6,26,1.6667,0,Champions
C16846,0.4937,Medium,12.7969,31.8515,196.23,17,5,3.0,0,Champions
C00385,0.2605,Low,12.7966,31.8509,371.86,77,19,1.0,0,Champions
C10104,0.7262,High,12.7914,31.8378,133.36,197,2,1.0,0,Deal Hunters
C07656,0.0547,Low,12.772,31.7897,1768.18,18,19,2.5,0,Champions
C07145,0.8485,High,12.7705,31.7857,113.94,286,4,1.0,0,Steady Regulars
C15651,0.0161,Low,12.7622,31.7652,6012.67,13,41,1.0,0,Champions
C02658,0.0375,Low,12.756,31.7497,2578.33,10,18,1.3333,0,Champions
C12514,0.5488,Medium,12.7546,31.7462,175.95,91,2,0.5,0,Steady Regulars
C11104,0.3195,Medium,12.7507,31.7366,302.18,33,8,0.6667,0,Champions
C02661,0.7602,High,12.7494,31.7334,126.97,176,1,0.5,0,New & Promising
C17245,0.0493,Low,12.7427,31.7167,1957.49,3,35,0.6,0,Champions
C08446,0.5675,Medium,12.7404,31.7109,169.96,110,5,0.5,0,Steady Regulars
C12903,0.0947,Low,12.7345,31.6964,1018.32,20,29,1.0,0,Champions
C01743,0.8384,High,12.7332,31.6931,114.98,298,8,1.0,0,Steady Regulars
C16877,0.0296,Low,12.7329,31.6923,3255.1,13,42,0.8889,0,Champions
C03948,0.886,High,12.7305,31.6863,108.78,141,1,0.5,0,Deal Hunters
C06291,0.4919,Medium,12.7301,31.6854,195.93,79,2,2.0,0,Steady Regulars
C17219,0.533,Medium,12.73,31.6852,180.82,36,4,1.0,0,Deal Hunters
C05880,0.043,Low,12.7288,31.6822,2239.01,20,13,7.0,0,Champions
C16754,0.9008,High,12.7268,31.677,106.96,311,1,1.0,0,Steady Regulars
C14223,0.0401,Low,12.7252,31.673,2404.67,2,30,1.25,0,Champions
C05505,0.8091,High,12.7139,31.645,118.96,174,2,0.5,0,New & Promising
C09945,0.6328,High,12.7044,31.6212,151.99,74,1,2.0,0,New & Promising
C08512,0.8869,High,12.6959,31.6003,108.37,199,1,1.0,0,Deal Hunters
C06506,0.0942,Low,12.693,31.5928,1020.59,13,14,1.6667,0,Champions
C16296,0.0179,Low,12.693,31.5928,5375.82,38,42,2.25,0,Champions
C08569,0.3753,Medium,12.6883,31.5812,255.95,44,7,2.0,0,Champions
C05626,0.4192,Medium,12.6787,31.5573,228.96,44,8,2.0,0,Steady Regulars
C07847,0.2362,Low,12.6671,31.5286,405.93,12,2,3.0,0,Steady Regulars
C05171,0.0366,Low,12.6592,31.5088,2615.76,9,28,2.5,0,Champions
C05378,0.0177,Low,12.641,31.4636,5393.61,13,27,0.875,0,Champions
C10852,0.2763,Low,12.6403,31.4618,346.29,25,6,0.5,0,Steady Regulars
C09648,0.2749,Low,12.6349,31.4482,347.96,15,12,0.6667,0,Champions
C05849,0.0285,Low,12.6278,31.4306,3349.96,29,47,1.0,0,Champions
C04453,0.1851,Low,12.6223,31.4171,516.25,27,18,1.0,0,Champions
C01173,0.0816,Low,12.6129,31.3935,1170.84,14,12,3.0,0,Champions
C00547,0.2947,Low,12.6085,31.3825,323.92,16,3,3.0,0,Steady Regulars
C13380,0.8222,High,12.5964,31.3525,115.99,124,1,0.5,0,New & Promising
C09826,0.4935,Medium,12.5959,31.3512,193.25,11,5,3.0,0,Champions
C11181,0.1315,Low,12.5851,31.3245,724.5,19,24,2.0,0,Champions
C15741,0.8932,High,12.5847,31.3235,106.67,210,1,1.0,0,Deal Hunters
C17374,0.0693,Low,12.5808,31.3137,1373.69,4,25,1.0,0,Champions
C14327,0.614,High,12.5701,31.287,154.98,53,2,3.0,0,New & Promising
C01479,0.5985,Medium,12.5695,31.2856,158.99,8,1,2.0,0,New & Promising
C08196,0.7902,High,12.5635,31.2706,120.37,127,1,0.5,0,Steady Regulars
C04404,0.0336,Low,12.5618,31.2663,2826.41,12,13,1.75,0,Champions
C17017,0.8322,High,12.5504,31.2379,114.18,194,1,1.0,0,Steady Regulars
C14491,0.3533,Medium,12.5502,31.2375,268.92,41,4,1.5,0,Steady Regulars
C17669,0.5834,Medium,12.5431,31.2198,162.76,11,1,2.0,0,New & Promising
C03525,0.033,Low,12.5259,31.1771,2874.73,1,39,0.8571,0,Champions
C06480,0.9354,High,12.5229,31.1696,101.36,332,1,1.0,0,Deal Hunters
C14812,0.9515,High,12.5166,31.1538,99.59,345,1,1.0,0,Deal Hunters
C13186,0.8164,High,12.5065,31.1287,115.98,30,1,2.0,0,New & Promising
C17521,0.2453,Low,12.5035,31.1212,385.87,25,3,4.0,0,Steady Regulars
C05155,0.3757,Medium,12.5008,31.1146,251.93,21,7,1.0,0,Champions
C09706,0.0196,Low,12.4968,31.1046,4830.4,11,23,1.1429,0,Champions
C15893,0.084,Low,12.4967,31.1043,1125.71,3,5,2.5,0,Steady Regulars
C01851,0.0266,Low,12.4952,31.1005,3549.85,13,35,2.0,0,Champions
C16402,0.5631,Medium,12.493,31.0952,167.98,24,1,2.0,0,New & Promising
C09253,0.7945,High,12.4879,31.0826,118.99,208,3,1.0,0,Steady Regulars
C17702,0.0558,Low,12.4877,31.0819,1692.87,10,31,2.5,0,Champions
C03289,0.0337,Low,12.4861,31.0779,2808.58,1,10,2.6667,0,Champions
C00010,0.3488,Medium,12.4815,31.0664,270.9,60,2,1.0,0,Steady Regulars
C13668,0.1995,Low,12.4723,31.0438,473.34,25,5,1.5,0,Steady Regulars
C05487,0.0891,Low,12.4701,31.0382,1059.91,1,6,3.0,0,Champions
C13968,0.8282,High,12.4695,31.0368,113.98,182,1,1.0,0,New & Promising
C12794,0.5156,Medium,12.4605,31.0142,182.97,82,5,2.0,0,Steady Regulars
C04293,0.0431,Low,12.4582,31.0084,2187.48,11,15,1.75,0,Champions
C14482,0.0155,Low,12.4537,30.9975,6093.0,2,45,1.75,0,Champions
C12866,0.6732,High,12.4481,30.9833,139.98,44,1,2.0,0,New & Promising
C05423,0.3951,Medium,12.4426,30.9698,238.4,74,10,1.0,0,Champions
C14216,0.0835,Low,12.4417,30.9675,1128.03,18,26,2.6667,0,Champions
C12952,0.5542,Medium,12.4413,30.9664,169.97,95,3,0.3333,0,Steady Regulars
C05361,0.134,Low,12.438,30.9582,702.87,27,4,2.0,0,Steady Regulars
C09856,0.7357,High,12.4369,30.9556,127.98,148,1,0.5,0,New & Promising
C06385,0.8408,High,12.4369,30.9554,111.99,23,1,2.0,0,New & Promising
C16036,0.0329,Low,12.4365,30.9545,2863.82,34,19,1.2,0,Champions
C12035,0.8944,High,12.4354,30.9518,105.26,244,1,1.0,0,Steady Regulars
C10026,0.0438,Low,12.4323,30.9441,2150.96,34,39,0.5,0,Champions
C07608,0.8557,High,12.4313,30.9416,109.98,20,1,2.0,0,New & Promising
C06708,0.2886,Low,12.4274,30.9318,325.97,24,2,3.0,0,New & Promising
C16396,0.8555,High,12.4271,30.9311,109.97,250,6,1.0,0,Steady Regulars
C08451,0.9325,High,12.4245,30.9246,100.87,342,2,1.0,0,Steady Regulars
C14105,0.7635,High,12.4208,30.9154,123.17,65,1,2.0,0,Deal Hunters
C10968,0.2329,Low,12.4174,30.907,403.69,18,2,3.0,0,Steady Regulars
C13015,0.8491,High,12.4142,30.899,110.69,264,2,1.0,0,Deal Hunters
C10492,0.2999,Low,12.414,30.8985,313.33,32,11,3.0,0,Champions
C04768,0.7119,High,12.4088,30.8855,131.97,22,1,2.0,0,New & Promising
C17860,0.6858,High,12.4082,30.884,136.98,131,4,0.3333,0,Steady Regulars
C05579,0.2589,Low,12.4019,30.8685,362.65,38,2,3.0,0,Steady Regulars
C12353,0.7889,High,12.3964,30.8546,118.96,63,1,2.0,0,New & Promising
C13918,0.0947,Low,12.3876,30.8329,990.07,8,4,5.0,0,Steady Regulars
C01798,0.5331,Medium,12.3875,30.8325,175.93,71,4,1.5,0,Steady Regulars
C08585,0.8004,High,12.3874,30.8323,117.17,259,2,1.0,0,New & Promising
C05542,0.4028,Medium,12.3868,30.8308,232.8,10,7,3.0,0,Champions
C06473,0.8083,High,12.3787,30.8107,115.94,160,1,0.5,0,Steady Regulars
C07752,0.6684,High,12.3583,30.7598,139.97,19,1,2.0,0,New & Promising
C06437,0.1133,Low,12.3534,30.7477,825.44,5,23,1.0,0,Champions
C06842,0.5738,Medium,12.3505,30.7405,162.96,93,1,0.5,0,New & Promising
C14087,0.3928,Medium,12.3472,30.7323,237.95,90,10,2.0,0,Champions
C05598,0.5436,Medium,12.3466,30.7308,171.96,103,4,0.5,0,Steady Regulars
C14366,0.02,Low,12.3418,30.7188,4662.64,23,29,1.25,0,Champions
C08818,0.0915,Low,12.3403,30.7151,1020.84,23,19,1.0,0,Champions
C10262,0.0163,Low,12.3342,30.6998,5713.14,15,26,2.1429,0,Champions
C04244,0.8337,High,12.3309,30.6917,111.98,48,1,2.0,0,New & Promising
C13854,0.7521,High,12.311,30.6423,123.93,133,2,0.3333,0,New & Promising
C13412,0.2035,Low,12.3102,30.6403,457.92,71,4,2.0,0,Steady Regulars
C05507,0.6602,High,12.3027,30.6214,141.07,191,7,1.0,0,Steady Regulars
C03206,0.845,High,12.2967,30.6065,110.17,152,1,0.5,0,New & Promising
C16277,0.4788,Medium,12.2935,30.5985,194.38,18,2,2.0,0,Deal Hunters
C13931,0.4077,Medium,12.2921,30.5951,228.28,1,6,4.0,0,Steady Regulars
C05474,0.0626,Low,12.287,30.5823,1486.33,20,6,7.0,0,Steady Regulars
C07386,0.7683,High,12.2768,30.557,120.98,13,1,2.0,0,New & Promising
C10653,0.7401,High,12.2759,30.5548,125.58,27,1,2.0,0,New & Promising
C02857,0.8727,High,12.2737,30.5494,106.47,240,1,1.0,0,Steady Regulars
C15265,0.0321,Low,12.2708,30.5421,2896.58,5,51,1.25,0,Champions
C11208,0.1681,Low,12.2661,30.5304,552.56,16,5,1.0,0,Steady Regulars
C16085,0.2347,Low,12.262,30.5201,395.47,31,12,1.5,0,Champions
C13490,0.9401,High,12.2524,30.4963,98.67,310,7,1.0,0,Steady Regulars
C12529,0.5296,Medium,12.2396,30.4643,174.97,84,4,3.0,0,Steady Regulars
C08752,0.3875,Medium,12.2395,30.4643,239.1,54,10,0.6667,0,Champions
C03385,0.8341,High,12.2266,30.432,110.97,49,1,2.0,0,New & Promising
C03763,0.0207,Low,12.2218,30.4201,4477.01,5,14,1.0,0,Champions
C00802,0.7648,High,12.2215,30.4193,120.98,149,1,0.5,0,New & Promising
C10967,0.3793,Medium,12.22,30.4156,243.91,78,6,1.5,0,Steady Regulars
C06076,0.2498,Low,12.2172,30.4087,370.26,32,3,1.5,0,Steady Regulars
C04998,0.0577,Low,12.2165,30.4069,1602.8,6,7,3.5,0,Champions
C04659,0.7332,High,12.2025,30.3722,125.99,73,1,2.0,0,New & Promising
C07157,0.0431,Low,12.1999,30.3655,2141.02,9,47,1.5,0,Champions
C10591,0.1166,Low,12.199,30.3634,791.81,15,6,1.6667,0,Deal Hunters
C03058,0.1305,Low,12.1955,30.3547,707.35,14,4,2.0,0,Steady Regulars
C06027,0.3829,Medium,12.1939,30.3506,241.12,38,10,1.0,0,Champions
C06800,0.6887,High,12.1883,30.3368,133.98,56,1,2.0,0,New & Promising
C17900,0.3106,Medium,12.1841,30.3262,296.95,77,7,0.6667,0,Steady Regulars
C05587,0.1339,Low,12.1765,30.3073,688.47,2,8,1.3333,0,Champions
C13393,0.9034,High,12.1692,30.2892,101.98,242,1,1.0,0,New & Promising
C03913,0.1285,Low,12.168,30.2862,716.92,10,3,4.0,0,Steady Regulars
C15650,0.7742,High,12.1678,30.2857,118.99,232,2,1.0,0,Deal Hunters
C09796,0.3395,Medium,12.1588,30.2633,271.15,31,2,3.0,0,Deal Hunters
C07348,0.1449,Low,12.155,30.2539,634.88,20,17,0.6667,0,Champions
C05600,0.0571,Low,12.1541,30.2517,1611.51,14,40,0.6,0,Champions
C09264,0.7726,High,12.1413,30.2197,118.98,168,1,0.5,0,Deal Hunters
C00542,0.0538,Low,12.1401,30.2169,1707.66,4,24,2.0,0,Champions
C12509,0.208,Low,12.138,30.2116,441.76,63,18,1.0,0,Champions
C16272,0.6293,High,12.1349,30.2039,145.98,132,3,0.5,0,Steady Regulars
C10894,0.0515,Low,12.1278,30.1861,1783.79,10,38,0.8333,0,Champions
C12207,0.0429,Low,12.1215,30.1706,2139.12,12,33,1.3333,0,Champions
C03265,0.2951,Low,12.1188,30.1638,310.95,12,3,3.0,0,Steady Regulars
C09545,0.9461,High,12.1188,30.1638,96.97,343,1,1.0,0,New & Promising
C17681,0.7223,High,12.1145,30.1531,126.97,5,1,2.0,0,New & Promising
C00394,0.0576,Low,12.1089,30.1391,1592.5,17,35,1.0,0,Champions
C12774,0.1328,Low,12.1048,30.129,690.27,13,22,2.0,0,Champions
C10589,0.0167,Low,12.1027,30.1236,5501.9,14,52,0.4545,0,Champions
C00548,0.2891,Low,12.1016,30.1209,316.95,2,2,3.0,0,New & Promising
C08746,0.727,High,12.0967,30.1088,125.97,7,1,2.0,0,New & Promising
C09302,0.472,Medium,12.0877,30.0865,193.89,35,2,2.0,0,Deal Hunters
C01702,0.6879,High,12.0823,30.0729,132.97,118,1,0.5,0,New & Promising
C03692,0.0281,Low,12.0802,30.0676,3255.62,6,16,1.5,0,Champions
C16974,0.2262,Low,12.0781,30.0625,404.21,32,5,1.3333,0,Steady Regulars
C02839,0.5122,Medium,12.0736,30.0514,178.47,34,2,2.0,0,Steady Regulars
C08279,0.0206,Low,12.0735,30.051,4435.32,17,48,1.2,0,Champions
C12050,0.3684,Medium,12.0696,30.0414,248.05,67,2,1.0,0,Steady Regulars
C14197,0.9049,High,12.068,30.0374,100.97,244,1,1.0,0,Steady Regulars
C09785,0.0475,Low,12.0672,30.0353,1925.1,12,36,1.6667,0,Champions
C12560,0.7633,High,12.0661,30.0325,119.67,237,2,1.0,0,Steady Regulars
C09593,0.6766,High,12.0634,30.0258,134.98,196,4,1.0,0,Steady Regulars
C09862,0.5601,Medium,12.0561,30.0076,162.96,69,2,2.0,0,Steady Regulars
C00021,0.9307,High,12.0446,29.9791,97.98,324,3,1.0,0,Steady Regulars
C08490,0.8679,High,12.0327,29.9494,104.96,209,1,1.0,0,New & Promising
C05546,0.9115,High,12.0255,29.9316,99.88,260,1,1.0,0,Steady Regulars
C03196,0.5883,Medium,12.0203,29.9185,154.69,31,3,2.0,0,Steady Regulars
C02338,0.8428,High,12.0189,29.9152,107.96,280,9,1.0,0,Steady Regulars
C01053,0.7649,High,12.0163,29.9086,118.94,214,8,1.0,0,Steady Regulars
C12234,0.1025,Low,12.0161,29.908,887.17,14,22,0.5,0,Champions
C03602,0.1937,Low,12.0092,29.8909,469.49,8,6,2.0,0,Steady Regulars
C15603,0.2399,Low,12.0064,29.8839,378.96,19,3,1.5,0,Steady Regulars
C10789,0.0867,Low,12.0043,29.8788,1047.85,18,6,3.0,0,Steady Regulars
C00719,0.0406,Low,11.993,29.8506,2238.97,8,24,0.8,0,Champions
C03956,0.5239,Medium,11.9804,29.8193,173.13,16,5,1.0,0,Champions
C06561,0.677,High,11.9795,29.817,133.97,173,1,0.5,0,Steady Regulars
C12191,0.9256,High,11.9784,29.8144,97.98,299,1,1.0,0,New & Promising
C06572,0.0341,Low,11.9676,29.7875,2657.22,13,34,0.6667,0,Champions
C14098,0.1116,Low,11.9667,29.7852,811.79,11,7,1.3333,0,Steady Regulars
C00887,0.1765,Low,11.9652,29.7814,513.24,27,16,0.6667,0,Champions
C10733,0.3054,Medium,11.963,29.7761,296.57,34,2,1.0,0,Deal Hunters
C17161,0.0504,Low,11.9623,29.7742,1797.95,1,21,3.0,0,Champions
C02522,0.4211,Medium,11.9557,29.7577,214.96,20,8,1.0,0,Champions
C07219,0.7866,High,11.9452,29.7317,114.97,171,3,0.5,0,Steady Regulars
C04428,0.9664,High,11.9449,29.7308,93.58,353,1,1.0,0,Deal Hunters
C12034,0.1367,Low,11.9428,29.7257,661.31,2,5,5.0,0,Champions
C11443,0.8221,High,11.9421,29.7239,109.98,18,1,2.0,0,New & Promising
C11607,0.5226,Medium,11.9377,29.713,172.95,65,4,1.0,0,Steady Regulars
C08543,0.3045,Medium,11.9327,29.7005,296.71,20,5,1.0,0,Steady Regulars
C02819,0.9408,High,11.9285,29.69,95.99,318,1,1.0,0,New & Promising
C08011,0.8856,High,11.9242,29.6793,101.94,342,9,1.0,0,Steady Regulars
C12404,0.3395,Medium,11.924,29.679,265.93,53,2,1.0,0,Steady Regulars
C09029,0.4084,Medium,11.9217,29.6733,220.99,11,1,2.0,0,New & Promising
C01988,0.9501,High,11.9193,29.6671,94.98,349,1,1.0,0,New & Promising
C09748,0.5784,Medium,11.9147,29.6557,155.95,107,1,0.5,0,Steady Regulars
C03370,0.0294,Low,11.9063,29.6349,3069.45,4,22,2.0,0,Champions
C02308,0.0412,Low,11.9011,29.6219,2189.47,16,30,2.0,0,Champions
C00859,0.9546,High,11.9001,29.6195,94.38,362,1,1.0,0,Deal Hunters
C02897,0.6567,High,11.8953,29.6074,137.13,34,1,2.0,0,Deal Hunters
C08840,0.506,Medium,11.8933,29.6026,177.95,60,4,2.0,0,Steady Regulars
C04764,0.9789,High,11.8913,29.5974,91.97,315,14,1.0,0,Champions
C14246,0.0225,Low,11.8909,29.5965,3994.82,5,80,1.0,0,Champions
C03575,0.1751,Low,11.8823,29.5751,513.86,16,3,0.6667,0,Steady Regulars
C14972,0.517,Medium,11.8807,29.5711,173.99,30,2,2.0,0,Steady Regulars
C17296,0.775,High,11.872,29.5496,115.98,4,1,2.0,0,New & Promising
C00573,0.9458,High,11.8655,29.5334,94.98,339,1,1.0,0,New & Promising
C07844,0.3892,Medium,11.8641,29.5298,230.77,11,2,2.0,0,Steady Regulars
C07813,0.9456,High,11.863,29.527,94.98,341,1,1.0,0,New & Promising
C17648,0.2595,Low,11.857,29.5122,345.89,24,2,3.0,0,Steady Regulars
C13891,0.132,Low,11.8529,29.502,679.68,12,3,4.0,0,Steady Regulars
C10406,0.079,Low,11.8512,29.4978,1135.84,18,8,1.0,0,Champions
C04229,0.9341,High,11.8434,29.4784,95.99,304,1,1.0,0,New & Promising
C01088,0.7795,High,11.8364,29.4608,114.96,184,1,1.0,0,Steady Regulars
C09389,0.8295,High,11.8298,29.4444,107.97,259,6,1.0,0,Steady Regulars
C05013,0.0408,Low,11.8285,29.4412,2195.25,19,10,1.2,0,Champions
C13485,0.2887,Low,11.8194,29.4186,309.96,21,2,3.0,0,Steady Regulars
C08602,0.387,Medium,11.8163,29.4108,231.17,61,2,1.0,0,Deal Hunters
C13961,0.1651,Low,11.8037,29.3796,541.12,40,22,2.0,0,Champions
C13700,0.5837,Medium,11.7934,29.3539,152.97,159,9,0.5,0,Champions
C14032,0.8045,High,11.7886,29.342,110.94,67,1,2.0,0,New & Promising
C15646,0.0633,Low,11.7873,29.3387,1408.82,28,45,0.75,0,Champions
C02825,0.0195,Low,11.7852,29.3334,4563.84,33,45,1.0,0,Champions
C11079,0.7623,High,11.7766,29.3121,116.96,29,1,2.0,0,New & Promising
C16253,0.3177,Medium,11.7751,29.3084,280.64,12,8,1.0,0,Champions
C16982,0.6963,High,11.7723,29.3014,127.99,173,3,0.5,0,Steady Regulars
C05408,0.9897,High,11.7612,29.2738,89.97,345,30,1.0,0,Champions
C01847,0.7328,High,11.761,29.2733,121.51,167,1,0.5,0,Deal Hunters
C11140,0.0745,Low,11.7602,29.2713,1194.69,13,23,0.6667,0,Champions
C13394,0.9178,High,11.7545,29.257,96.96,321,1,1.0,0,New & Promising
C14777,0.0341,Low,11.753,29.2533,2608.59,39,59,1.0,0,Champions
C01550,0.0313,Low,11.7502,29.2464,2841.56,3,78,0.6364,0,Champions
C16842,0.0339,Low,11.7478,29.2403,2626.67,15,67,4.5,0,Champions
C13603,0.3409,Medium,11.74,29.2209,260.73,13,7,1.5,0,Champions
C07951,0.0246,Low,11.7337,29.2053,3617.11,15,45,3.0,0,Champions
C05248,0.2008,Low,11.7288,29.193,442.11,20,4,1.0,0,Steady Regulars
C15653,0.6829,High,11.7224,29.1771,129.96,91,1,0.5,0,New & Promising
C12486,0.018,Low,11.7164,29.1622,4935.99,8,64,1.125,0,Champions
C14764,0.8137,High,11.7141,29.1564,108.99,156,1,0.5,0,New & Promising
C17737,0.2269,Low,11.7138,29.1558,390.84,33,13,2.0,0,Champions
C08521,0.7723,High,11.7085,29.1424,114.78,20,1,2.0,0,New & Promising
C06999,0.6568,High,11.7072,29.1392,134.95,152,5,0.5,0,Steady Regulars
C17202,0.2787,Low,11.7032,29.1293,317.9,6,11,1.0,0,Champions
C09150,0.1987,Low,11.7017,29.1257,445.9,3,4,1.5,0,Steady Regulars
C01050,0.2325,Low,11.7015,29.1251,381.04,21,6,0.4,0,Champions
C08912,0.8125,High,11.6975,29.1151,108.99,110,1,0.5,0,New & Promising
C13497,0.9626,High,11.6966,29.1129,91.99,361,1,1.0,0,New & Promising
C00877,0.9627,High,11.6947,29.1082,91.97,343,10,1.0,0,Steady Regulars
C17163,0.2569,Low,11.691,29.0989,344.51,43,15,0.5,0,Champions
C13195,0.0465,Low,11.6862,29.0871,1902.24,26,41,0.6,0,Champions
C12171,0.7769,High,11.6836,29.0807,113.86,168,1,0.5,0,Deal Hunters
C06037,0.0371,Low,11.6815,29.0754,2381.79,24,63,0.5,0,Champions
C15980,0.8114,High,11.6786,29.0681,108.96,211,2,1.0,0,Steady Regulars
C17077,0.6961,High,11.6751,29.0593,126.97,85,1,2.0,0,New & Promising
C11683,0.7551,High,11.6667,29.0385,116.97,181,1,1.0,0,New & Promising
C15757,0.0421,Low,11.662,29.0267,2097.35,4,45,2.3333,0,Champions
C10574,0.4581,Medium,11.6521,29.0021,192.58,25,2,1.0,0,New & Promising
C09421,0.0279,Low,11.6504,28.9979,3160.62,21,25,1.2,0,Champions
C01489,0.379,Medium,11.6474,28.9904,232.65,54,3,1.0,0,Steady Regulars
C12670,0.0143,Low,11.6398,28.9715,6156.48,3,64,1.1,0,Champions
C08209,0.0831,Low,11.6367,28.9639,1060.74,23,25,3.0,0,Champions
C14895,0.0933,Low,11.6331,28.955,944.1,1,9,0.5714,0,Champions
C07858,0.2453,Low,11.6331,28.9548,359.04,7,2,3.0,0,Deal Hunters
C03168,0.7463,High,11.6294,28.9457,117.97,7,1,2.0,0,New & Promising
C16311,0.7932,High,11.6273,28.9403,110.97,163,1,0.5,0,New & Promising
C09213,0.7856,High,11.6204,28.9233,111.99,4,1,2.0,0,New & Promising
C12362,0.5237,Medium,11.6201,28.9226,167.97,7,1,2.0,0,New & Promising
C09139,0.1491,Low,11.6147,28.909,589.83,4,18,1.5,0,Champions
C14211,0.5784,Medium,11.6126,28.9039,151.99,2,3,2.0,0,Champions
C17280,0.8456,High,11.612,28.9025,103.96,250,2,1.0,0,New & Promising
C07687,0.9547,High,11.599,28.8699,91.98,336,1,1.0,0,New & Promising
C04707,0.0957,Low,11.5936,28.8565,916.79,5,13,1.3333,0,Champions
C17966,0.143,Low,11.593,28.8551,613.92,27,4,2.0,0,Steady Regulars
C13116,0.3226,Medium,11.5894,28.8462,271.94,58,2,3.0,0,Steady Regulars
C08848,0.0373,Low,11.5883,28.8434,2349.87,18,21,2.3333,0,Champions
C06587,0.166,Low,11.5779,28.8176,527.91,49,3,4.0,0,Steady Regulars
C14916,0.0256,Low,11.5775,28.8165,3420.78,1,19,1.3333,0,Champions
C05111,0.0673,Low,11.5702,28.7984,1302.22,17,17,1.0,0,Champions
C12746,0.8936,High,11.5643,28.7836,97.98,217,2,1.0,0,New & Promising
C09312,0.0692,Low,11.5626,28.7793,1264.96,31,7,1.25,0,Champions
C14655,0.1407,Low,11.5601,28.7731,622.21,7,15,0.6667,0,Champions
C01117,0.8022,High,11.5493,28.7462,108.99,104,1,0.5,0,New & Promising
C00717,0.9113,High,11.5492,28.7459,95.95,248,1,1.0,0,Steady Regulars
C14779,0.1892,Low,11.5447,28.7348,461.87,34,5,2.5,0,Champions
C17464,0.6475,High,11.5443,28.734,134.98,91,1,0.5,0,New & Promising
C03194,0.2712,Low,11.5341,28.7086,321.95,28,2,3.0,0,Steady Regulars
C17580,0.5019,Medium,11.5336,28.7073,173.96,23,2,2.0,0,New & Promising
C15964,0.7761,High,11.5318,28.7026,112.49,50,1,2.0,0,Deal Hunters
C00871,0.2939,Low,11.5312,28.7012,297.08,23,5,1.0,0,Steady Regulars
C04068,0.9702,High,11.5299,28.6981,89.97,340,16,1.0,0,Champions
C09569,0.8075,High,11.5184,28.6694,107.99,239,4,1.0,0,Steady Regulars
C02031,0.015,Low,11.506,28.6385,5814.08,1,27,1.8333,0,Champions
C13058,0.7764,High,11.4855,28.5875,111.99,3,1,2.0,0,New & Promising
C00161,0.915,High,11.481,28.5764,94.99,349,1,1.0,0,New & Promising
C09878,0.1099,Low,11.4791,28.5716,790.65,20,4,5.0,0,Steady Regulars
C02409,0.0397,Low,11.4779,28.5687,2186.7,14,10,3.0,0,Champions
C08103,0.0607,Low,11.4666,28.5403,1429.16,9,28,2.0,0,Champions
C02539,0.7892,High,11.4654,28.5374,109.98,180,1,0.5,0,New & Promising
C16901,0.0187,Low,11.4607,28.5258,4628.06,3,25,2.0,0,Champions
C08337,0.0398,Low,11.4586,28.5205,2180.08,5,41,1.3333,0,Champions
C03224,0.662,High,11.4529,28.5064,130.97,65,2,2.0,0,Steady Regulars
C05604,0.1468,Low,11.4402,28.4747,589.94,9,18,0.6667,0,Champions
C12782,0.6368,High,11.4374,28.4676,135.98,13,1,2.0,0,New & Promising
C02145,0.1241,Low,11.4215,28.4283,696.77,16,17,1.0,0,Champions
C02519,0.2668,Low,11.4176,28.4184,324.03,37,14,1.5,0,Champions
C03273,0.9331,High,11.4172,28.4176,92.63,237,1,1.0,0,Deal Hunters
C13086,0.0996,Low,11.414,28.4096,867.56,1,7,1.3333,0,Champions
C08396,0.0639,Low,11.4134,28.408,1351.38,26,28,2.0,0,Champions
C02805,0.4338,Medium,11.4129,28.4067,199.17,14,2,2.0,0,Steady Regulars
C01923,0.9391,High,11.4093,28.3979,91.98,352,1,1.0,0,New & Promising
C01739,0.1173,Low,11.4059,28.3894,736.06,15,25,0.4,0,Champions
C14343,0.8365,High,11.4011,28.3775,103.18,244,4,1.0,0,Steady Regulars
C04388,0.0282,Low,11.3976,28.3687,3057.3,1,37,2.0,0,Champions
C00780,0.1599,Low,11.3957,28.3639,539.44,4,13,1.5,0,Champions
C09054,0.7987,High,11.3921,28.3551,107.99,246,2,1.0,0,Steady Regulars
C06317,0.2508,Low,11.3867,28.3416,343.73,62,3,1.0,0,Steady Regulars
C02171,0.0142,Low,11.3854,28.3384,6086.94,6,37,1.125,0,Champions
C16348,0.2922,Low,11.3841,28.3351,294.97,81,15,2.0,0,Champions
C05962,0.9899,High,11.3712,28.3029,86.97,299,50,1.0,0,Champions
C09044,0.2899,Low,11.37,28.3001,296.93,52,4,4.0,0,Steady Regulars
C16960,0.1381,Low,11.3692,28.298,623.28,15,4,1.5,0,Steady Regulars
C04490,0.1982,Low,11.3606,28.2767,433.95,27,17,1.5,0,Champions
C07192,0.6718,High,11.3572,28.2681,127.98,70,1,2.0,0,New & Promising
C06684,0.0381,Low,11.3534,28.2586,2256.33,1,36,1.3333,0,Champions
C03689,0.3562,Medium,11.3462,28.2407,241.13,91,13,0.5,0,Champions
C03228,0.6794,High,11.342,28.2302,126.38,50,1,2.0,0,Deal Hunters
C17205,0.2465,Low,11.3381,28.2207,348.16,9,2,3.0,0,Steady Regulars
C07680,0.0618,Low,11.336,28.2154,1389.73,10,25,2.5,0,Champions
C07274,0.9329,High,11.3354,28.214,91.99,349,1,1.0,0,New & Promising
C00734,0.4435,Medium,11.3322,28.2059,193.45,34,2,3.0,0,Deal Hunters
C12311,0.5375,Medium,11.3298,28.1999,159.57,33,1,2.0,0,Deal Hunters
C01306,0.8012,High,11.3191,28.1732,106.96,304,5,1.0,0,Steady Regulars
C13663,0.0311,Low,11.3155,28.1645,2755.59,12,14,0.7143,0,Champions
C13914,0.6805,High,11.3129,28.1579,125.85,11,1,2.0,0,New & Promising
C02493,0.0265,Low,11.3093,28.1489,3231.6,34,47,1.0,0,Champions
C17999,0.7447,High,11.3091,28.1485,114.97,111,1,0.5,0,New & Promising
C14597,0.5868,Medium,11.2994,28.1242,145.77,15,1,2.0,0,New & Promising
C10600,0.0621,Low,11.2985,28.122,1376.94,12,7,7.0,0,Champions
C01060,0.0401,Low,11.2964,28.1167,2131.81,16,18,2.6667,0,Champions
C13565,0.8383,High,11.2905,28.1021,101.97,237,6,1.0,0,Steady Regulars
C11739,0.7906,High,11.2757,28.0652,107.98,126,1,0.5,0,New & Promising
C03993,0.6467,High,11.2748,28.0629,131.98,96,1,0.5,0,New & Promising
C15549,0.0739,Low,11.2734,28.0596,1155.57,22,17,2.5,0,Champions
C01993,0.9261,High,11.2528,28.0083,91.99,328,1,1.0,0,New & Promising
C08015,0.0248,Low,11.2504,28.0024,3431.85,1,37,1.8,0,Champions
C06091,0.8318,High,11.2492,27.9994,102.39,185,1,1.0,0,Deal Hunters
C10764,0.3528,Medium,11.2488,27.9983,241.36,33,3,1.5,0,Steady Regulars
C14181,0.322,Medium,11.2388,27.9734,264.22,69,3,1.0,0,Steady Regulars
C15941,0.9249,High,11.2377,27.9706,91.99,279,1,1.0,0,Deal Hunters
C13636,0.6701,High,11.2369,27.9688,126.96,63,1,2.0,0,New & Promising
C12771,0.3349,Medium,11.233,27.9591,253.94,8,2,1.0,0,Steady Regulars
C13580,0.733,High,11.2297,27.9508,115.99,116,1,0.5,0,New & Promising
C13955,0.106,Low,11.2295,27.9502,801.77,31,19,2.0,0,Champions
C09893,0.7797,High,11.2242,27.937,108.99,124,1,0.5,0,New & Promising
C01460,0.0238,Low,11.2235,27.9353,3566.17,15,40,0.8,0,Champions
C05787,0.1925,Low,11.2222,27.9322,441.37,23,14,1.5,0,Champions
C06893,0.0756,Low,11.2208,27.9285,1124.38,6,6,3.0,0,Steady Regulars
C12241,0.6293,High,11.2188,27.9237,134.97,151,7,0.5,0,Steady Regulars
C11998,0.0344,Low,11.2032,27.8848,2463.9,22,38,1.75,0,Champions
C16168,0.3855,Medium,11.2006,27.8783,219.97,33,2,1.0,0,Steady Regulars
C13060,0.0502,Low,11.1986,27.8734,1687.88,2,9,9.0,0,Champions
C16403,0.322,Medium,11.1918,27.8566,263.12,31,9,1.0,0,Champions
C09451,0.3252,Medium,11.1906,27.8534,260.52,18,9,4.0,0,Steady Regulars
C16517,0.304,Medium,11.1884,27.8479,278.64,18,7,1.0,0,Champions
C08411,0.045,Low,11.1865,27.8432,1882.51,5,35,1.6667,0,Champions
C06456,0.7842,High,11.1852,27.84,107.98,103,1,0.5,0,New & Promising
C05540,0.2089,Low,11.1824,27.8331,405.29,21,4,3.0,0,Steady Regulars
C06675,0.9199,High,11.1776,27.821,91.99,255,1,1.0,0,New & Promising
C08653,0.6711,High,11.1677,27.7965,125.98,203,5,1.0,0,Steady Regulars
C17473,0.1783,Low,11.1657,27.7914,474.15,16,11,0.6667,0,Champions
C01696,0.4276,Medium,11.1655,27.7911,197.67,86,9,1.0,0,Steady Regulars
C07878,0.7635,High,11.1588,27.7742,110.65,16,1,2.0,0,Deal Hunters
C10739,0.5209,Medium,11.1563,27.768,162.15,12,5,2.0,0,Steady Regulars
C04712,0.2603,Low,11.1545,27.7637,324.47,13,15,3.0,0,Champions
C11518,0.7096,High,11.1533,27.7606,118.99,221,8,1.0,0,Steady Regulars
C16269,0.0515,Low,11.1438,27.737,1637.33,12,8,2.0,0,Champions
C07427,0.4704,Medium,11.1327,27.7093,179.17,33,2,2.0,0,Deal Hunters
C14444,0.527,Medium,11.1286,27.6992,159.88,82,7,2.0,0,Steady Regulars
C02813,0.9156,High,11.1251,27.6905,91.99,262,1,1.0,0,New & Promising
C17937,0.0173,Low,11.1225,27.684,4865.39,20,68,1.375,0,Champions
C13933,0.0393,Low,11.1168,27.6697,2142.66,21,34,4.0,0,Champions
C12966,0.0324,Low,11.0976,27.622,2591.72,5,27,2.5,0,Champions
C11830,0.1258,Low,11.097,27.6206,668.02,31,36,1.25,0,Champions
C04187,0.9133,High,11.0955,27.6168,91.98,219,1,1.0,0,New & Promising
C14484,0.3817,Medium,11.0865,27.5943,219.92,39,3,3.0,0,Steady Regulars
C01588,0.3857,Medium,11.0703,27.554,217.31,23,4,1.5,0,Steady Regulars
C01822,0.8128,High,11.0547,27.5152,102.97,42,1,2.0,0,New & Promising
C16188,0.8534,High,11.0426,27.4851,97.96,292,4,1.0,0,Steady Regulars
C05680,0.5387,Medium,11.0418,27.4831,155.19,152,6,0.25,0,Steady Regulars
C03152,0.8518,High,11.0243,27.4394,97.98,48,1,2.0,0,New & Promising
C01635,0.484,Medium,11.0194,27.4273,172.36,20,5,3.0,0,Steady Regulars
C17598,0.8015,High,11.0072,27.397,103.97,155,1,0.5,0,New & Promising
C06653,0.0303,Low,10.9969,27.3714,2744.04,30,12,1.5,0,Champions
C09112,0.8158,High,10.9893,27.3523,101.98,54,1,2.0,0,New & Promising
C03267,0.0316,Low,10.9785,27.3254,2630.87,5,62,3.5,0,Champions
C17030,0.0316,Low,10.9761,27.3197,2631.06,11,35,1.5,0,Champions
C12748,0.5503,Medium,10.9735,27.313,150.97,60,2,2.0,0,Steady Regulars
C12940,0.407,Medium,10.9649,27.2918,203.96,40,2,1.0,0,Steady Regulars
C05994,0.6804,High,10.9634,27.2879,121.98,153,1,0.5,0,New & Promising
C14442,0.7282,High,10.9614,27.2829,113.96,92,1,0.5,0,New & Promising
C03819,0.5845,Medium,10.9602,27.28,141.97,3,1,2.0,0,New & Promising
C13998,0.0328,Low,10.9588,27.2765,2526.6,8,16,1.5,0,Champions
C00240,0.1347,Low,10.9575,27.2733,615.71,26,20,2.0,0,Champions
C17233,0.6596,High,10.957,27.272,125.77,27,1,2.0,0,New & Promising
C17029,0.072,Low,10.9528,27.2617,1151.71,6,12,1.0,0,Champions
C03097,0.8455,High,10.9512,27.2575,98.06,133,1,0.5,0,Steady Regulars
C17877,0.5248,Medium,10.9506,27.2561,157.96,108,8,0.3333,0,Champions
C03183,0.0431,Low,10.9401,27.2299,1919.73,11,10,1.5,0,Champions
C11465,0.9862,High,10.9384,27.2257,83.97,348,24,1.0,0,Champions
C00815,0.2294,Low,10.9381,27.2249,360.92,8,4,4.0,0,Steady Regulars
C14384,0.4625,Medium,10.9331,27.2125,178.95,24,4,2.0,0,Steady Regulars
C08634,0.2807,Low,10.9275,27.1985,294.77,33,7,1.5,0,Steady Regulars
C14324,0.0315,Low,10.9188,27.177,2627.6,34,39,3.0,0,Champions
C13644,0.0587,Low,10.9141,27.1652,1407.84,1,39,1.6667,0,Champions
C03353,0.9409,High,10.9097,27.1543,87.78,362,4,1.0,0,Steady Regulars
C09417,0.1064,Low,10.9013,27.1334,775.76,4,4,5.0,0,Steady Regulars
C06471,0.0305,Low,10.9012,27.1331,2704.31,18,27,3.0,0,Champions
C16170,0.5339,Medium,10.901,27.1326,154.57,26,1,2.0,0,New & Promising
C02880,0.1847,Low,10.8982,27.1258,446.6,2,3,1.5,0,Champions
C05446,0.7301,High,10.8939,27.1149,112.96,183,3,1.0,0,Steady Regulars
C00003,0.9374,High,10.8939,27.1149,87.98,330,11,1.0,0,Champions
C16616,0.8683,High,10.8938,27.1147,94.98,204,1,1.0,0,New & Promising
C17184,0.391,Medium,10.8881,27.1005,210.84,42,4,2.0,0,Steady Regulars
C17548,0.5352,Medium,10.8823,27.0861,153.95,66,2,2.0,0,New & Promising
C11266,0.2579,Low,10.8774,27.0738,319.31,19,2,3.0,0,Deal Hunters
C17360,0.7552,High,10.8698,27.0551,108.97,164,1,0.5,0,New & Promising
C11826,0.2657,Low,10.8512,27.0087,309.23,51,3,1.5,0,Steady Regulars
C14036,0.8054,High,10.8487,27.0024,101.98,48,1,2.0,0,New & Promising
C02044,0.5297,Medium,10.8451,26.9936,154.99,41,2,2.0,0,Steady Regulars
C14204,0.7204,High,10.844,26.9908,113.96,92,1,0.5,0,New & Promising
C17550,0.0785,Low,10.8342,26.9663,1044.43,6,21,0.6667,0,Champions
C07297,0.0156,Low,10.8251,26.9438,5251.25,17,54,1.4,0,Champions
C02298,0.1082,Low,10.8237,26.9402,757.51,28,26,1.0,0,Champions
C15884,0.2994,Low,10.8114,26.9096,273.35,33,2,1.0,0,Steady Regulars
C03691,0.136,Low,10.8094,26.9046,601.94,14,3,4.0,0,Steady Regulars
C08375,0.9516,High,10.8056,26.8951,85.97,355,1,1.0,0,New & Promising
C00488,0.629,High,10.7994,26.8797,129.98,105,2,0.3333,0,New & Promising
C09866,0.6055,High,10.7958,26.8708,134.98,9,1,2.0,0,New & Promising
C03493,0.7297,High,10.7935,26.8652,111.99,43,1,2.0,0,New & Promising
C06538,0.111,Low,10.7861,26.8466,735.63,44,27,0.75,0,Champions
C06002,0.4414,Medium,10.7855,26.8452,184.98,12,2,1.0,0,Steady Regulars
C06734,0.3475,Medium,10.7831,26.8393,234.95,52,2,1.0,0,New & Promising
C16651,0.7489,High,10.7817,26.8357,108.99,96,1,0.5,0,New & Promising
C10861,0.3848,Medium,10.7716,26.8106,211.95,11,1,2.0,0,New & Promising
C09137,0.9062,High,10.7709,26.8089,89.98,313,6,1.0,0,Steady Regulars
C02703,0.0246,Low,10.7675,26.8004,3318.72,1,14,1.75,0,Champions
C15612,0.0697,Low,10.7615,26.7855,1168.28,18,7,2.0,0,Champions
C01880,0.4127,Medium,10.7589,26.7791,197.37,23,1,2.0,0,New & Promising
C00831,0.512,Medium,10.7506,26.7583,158.96,56,2,2.0,0,Steady Regulars
C01468,0.0326,Low,10.7489,26.7542,2496.62,18,13,2.0,0,Champions
C07499,0.3621,Medium,10.7467,26.7486,224.72,61,3,3.0,0,Steady Regulars
C13019,0.3616,Medium,10.7443,26.7427,224.95,16,1,2.0,0,New & Promising
C10260,0.0458,Low,10.744,26.742,1775.96,31,32,1.2,0,Champions
C12328,0.5348,Medium,10.7372,26.725,151.99,12,5,2.0,0,Champions
C00700,0.3359,Medium,10.7365,26.7232,241.95,44,3,3.0,0,Steady Regulars
C04009,0.7127,High,10.7304,26.708,113.98,87,1,2.0,0,New & Promising
C03800,0.0744,Low,10.7303,26.7077,1091.53,14,13,0.8,0,Champions
C09486,0.9234,High,10.7293,26.7053,87.97,214,1,1.0,0,New & Promising
C03294,0.9027,High,10.727,26.6997,89.97,306,1,1.0,0,New & Promising
C17301,0.7246,High,10.7164,26.6732,111.96,53,1,2.0,0,New & Promising
C02832,0.8196,High,10.7149,26.6695,98.97,266,5,1.0,0,Steady Regulars
C03536,0.5312,Medium,10.7148,26.6692,152.72,89,6,1.0,0,Steady Regulars
C05305,0.8444,High,10.712,26.6621,96.04,139,1,0.5,0,Deal Hunters
C13090,0.0537,Low,10.7097,26.6564,1508.65,26,23,0.8333,0,Champions
C01896,0.8628,High,10.707,26.6498,93.95,262,3,1.0,0,Steady Regulars
C10302,0.3178,Medium,10.6987,26.6292,254.85,45,3,3.0,0,Steady Regulars
C10100,0.4324,Medium,10.6965,26.6237,187.27,92,10,0.3333,0,Champions
C03271,0.1129,Low,10.6957,26.6218,717.18,31,26,1.5,0,Champions
C05256,0.078,Low,10.6936,26.6164,1038.32,15,22,1.0,0,Champions
C03973,0.5547,Medium,10.693,26.6148,145.95,71,2,2.0,0,New & Promising
C04993,0.9361,High,10.681,26.5851,86.38,343,1,1.0,0,Deal Hunters
C01410,0.0694,Low,10.6747,26.5693,1164.85,17,14,0.6,0,Champions
C05911,0.0324,Low,10.6723,26.5633,2492.77,2,34,1.25,0,Champions
C10528,0.247,Low,10.6664,26.5488,326.92,59,20,0.6667,0,Champions
C00720,0.0187,Low,10.6641,26.5431,4321.09,6,26,1.1667,0,Champions
C06014,0.0278,Low,10.6639,26.5425,2903.12,11,21,2.3333,0,Champions
C12382,0.2286,Low,10.6622,26.5383,353.13,40,15,1.0,0,Champions
C15071,0.0281,Low,10.6598,26.5324,2874.1,15,24,2.0,0,Champions
C11470,0.1021,Low,10.6543,26.5187,790.22,10,24,0.6667,0,Champions
C10598,0.2106,Low,10.6509,26.5102,382.93,13,2,3.0,0,Steady Regulars
C10129,0.046,Low,10.6495,26.5067,1751.99,21,35,1.25,0,Champions
C00590,0.4175,Medium,10.6398,26.4825,192.92,37,7,0.6667,0,Champions
C08928,0.9699,High,10.6325,26.4643,82.99,353,14,1.0,0,Champions
C04573,0.0446,Low,10.6272,26.4512,1804.69,8,11,3.5,0,Champions
C02602,0.0125,Low,10.6264,26.4492,6448.35,13,54,0.9,0,Champions
C06185,0.6041,High,10.6114,26.4119,132.98,38,3,2.0,0,Steady Regulars
C04378,0.0393,Low,10.6085,26.4045,2041.83,17,26,0.6667,0,Champions
C14060,0.8545,High,10.6076,26.4025,93.98,279,6,1.0,0,Steady Regulars
C17922,0.1043,Low,10.6076,26.4023,769.83,18,25,0.6,0,Champions
C01769,0.1532,Low,10.5953,26.3719,523.6,36,17,0.5,0,Champions
C14092,0.0452,Low,10.5953,26.3719,1775.77,22,9,1.2,0,Champions
C15793,0.4665,Medium,10.5949,26.3707,171.94,42,4,4.0,0,Steady Regulars
C08525,0.0369,Low,10.5917,26.3628,2170.18,17,37,1.0,0,Champions
C10673,0.2056,Low,10.5862,26.3492,389.86,9,14,1.5,0,Champions
C13756,0.0327,Low,10.5711,26.3115,2447.8,30,44,1.3333,0,Champions
C16463,0.1579,Low,10.5706,26.3103,506.89,43,6,1.3333,0,Steady Regulars
C01562,0.0452,Low,10.5689,26.306,1769.98,10,8,1.3333,0,Champions
C14157,0.0264,Low,10.5597,26.2832,3029.46,31,42,1.5,0,Champions
C13982,0.0552,Low,10.5581,26.2792,1448.86,33,41,1.0,0,Champions
C17872,0.963,High,10.5562,26.2744,82.99,363,5,1.0,0,Steady Regulars
C05355,0.4074,Medium,10.5446,26.2456,195.95,18,1,2.0,0,New & Promising
C03622,0.1486,Low,10.544,26.244,537.07,34,17,2.0,0,Champions
C04546,0.8065,High,10.5435,26.2428,98.97,202,2,1.0,0,New & Promising
C10209,0.921,High,10.5426,26.2406,86.66,242,1,1.0,0,Deal Hunters
C04285,0.7598,High,10.5348,26.2212,104.97,2,1,2.0,0,New & Promising
C11218,0.9922,High,10.5332,26.2172,80.37,357,24,1.0,0,Champions
C14798,0.4286,Medium,10.5292,26.2071,185.98,50,2,2.0,0,New & Promising
C00586,0.2985,Low,10.526,26.1992,266.97,4,2,3.0,0,New & Promising
C09268,0.2511,Low,10.5146,26.171,316.96,13,2,3.0,0,Steady Regulars
C01881,0.698,High,10.5052,26.1475,113.95,91,1,0.5,0,Deal Hunters
C10422,0.369,Medium,10.495,26.122,215.33,9,5,2.0,0,Steady Regulars
C07006,0.8827,High,10.4927,26.1163,89.99,237,1,1.0,0,New & Promising
C12984,0.5594,Medium,10.4912,26.1127,141.99,110,2,0.5,0,New & Promising
C16356,0.054,Low,10.485,26.0972,1468.64,24,40,1.0,0,Champions
C17074,0.0124,Low,10.4754,26.0732,6410.08,12,53,1.5714,0,Champions
C17448,0.2104,Low,10.4746,26.0714,376.89,9,5,0.5,0,Steady Regulars
C06405,0.6381,High,10.467,26.0525,124.18,168,8,0.5,0,Champions
C00975,0.2377,Low,10.459,26.0325,333.12,11,2,3.0,0,Steady Regulars
C06658,0.7071,High,10.4575,26.0287,111.96,113,1,0.5,0,New & Promising
C01579,0.0307,Low,10.4539,26.0199,2581.86,8,32,3.0,0,Champions
C03574,0.3311,Medium,10.4505,26.0114,238.93,8,7,2.0,0,Champions
C02122,0.2368,Low,10.4464,26.0012,333.96,75,21,2.0,0,Champions
C03326,0.1401,Low,10.4336,25.9692,563.82,51,4,5.0,0,Steady Regulars
C00955,0.2623,Low,10.4274,25.9539,300.93,23,3,2.0,0,Steady Regulars
C08719,0.8774,High,10.4266,25.9519,89.97,192,1,1.0,0,New & Promising
C09693,0.4873,Medium,10.4222,25.9409,161.93,118,5,0.5,0,Steady Regulars
C09051,0.0315,Low,10.4153,25.9237,2501.86,5,31,1.6667,0,Champions
C04398,0.033,Low,10.406,25.9007,2386.06,15,17,1.2,0,Champions
C07693,0.8956,High,10.4052,25.8987,87.96,286,2,1.0,0,New & Promising
C02589,0.691,High,10.4034,25.8942,113.98,183,4,1.0,0,Steady Regulars
C00611,0.8951,High,10.4009,25.8879,87.97,277,8,1.0,0,Steady Regulars
C07838,0.0565,Low,10.3996,25.8847,1393.61,13,10,1.3333,0,Champions
C07440,0.5708,Medium,10.3981,25.8811,137.91,94,2,0.5,0,New & Promising
C15899,0.8943,High,10.3932,25.8688,87.98,267,1,1.0,0,New & Promising
C12469,0.8632,High,10.3892,25.8587,91.12,322,10,1.0,0,Steady Regulars
C08811,0.2457,Low,10.3755,25.8247,319.76,17,2,3.0,0,New & Promising
C07626,0.0231,Low,10.3737,25.8202,3397.46,13,38,0.625,0,Champions
C09392,0.1298,Low,10.3676,25.8049,604.9,1,21,3.0,0,Champions
C02025,0.0225,Low,10.3608,25.7882,3479.52,8,57,4.0,0,Champions
C15694,0.103,Low,10.3594,25.7845,761.77,20,4,5.0,0,Steady Regulars
C17162,0.7614,High,10.3567,25.7778,102.98,147,1,0.5,0,New & Promising
C04879,0.0257,Low,10.3563,25.777,3051.55,3,36,2.3333,0,Champions
C02274,0.9243,High,10.3506,25.7628,84.78,363,2,1.0,0,Steady Regulars
C03698,0.34,Medium,10.346,25.7512,230.35,25,5,1.0,0,Steady Regulars
C13631,0.0375,Low,10.3444,25.7472,2088.02,23,45,1.0,0,Champions
C15995,0.7833,High,10.3438,25.7457,99.97,21,1,2.0,0,New & Promising
C08087,0.6154,High,10.3416,25.7402,127.22,156,5,0.5,0,Steady Regulars
C09694,0.0346,Low,10.3398,25.7358,2263.07,2,62,1.3333,0,Champions
C04686,0.017,Low,10.3372,25.7293,4616.0,3,32,2.3333,0,Champions
C02138,0.0429,Low,10.3235,25.6953,1823.6,4,45,2.0,0,Champions
C07999,0.8588,High,10.3212,25.6894,90.99,176,1,0.5,0,New & Promising
C13361,0.3475,Medium,10.3203,25.6873,224.86,39,3,1.0,0,Deal Hunters
C12219,0.8941,High,10.3183,25.6823,87.37,246,1,1.0,0,Deal Hunters
C03617,0.0643,Low,10.3175,25.6803,1215.13,1,32,1.25,0,Champions
C15912,0.0691,Low,10.3102,25.6622,1130.24,12,8,3.0,0,Champions
C09529,0.6848,High,10.3097,25.6608,113.98,58,1,2.0,0,New & Promising
C15330,0.8972,High,10.3066,25.6532,86.97,220,1,1.0,0,New & Promising
C01193,0.7795,High,10.2945,25.6231,99.98,120,1,0.5,0,New & Promising
C05235,0.7718,High,10.2944,25.6228,100.98,163,1,0.5,0,New & Promising
C07417,0.7345,High,10.2826,25.5934,105.98,28,1,2.0,0,New & Promising
C07470,0.3067,Medium,10.279,25.5846,253.73,29,11,1.0,0,Champions
C04799,0.0182,Low,10.269,25.5595,4272.32,41,43,0.7143,0,Champions
C06052,0.0351,Low,10.2652,25.5502,2212.4,4,14,0.6667,0,Champions
C06663,0.8633,High,10.2602,25.5378,89.98,211,1,1.0,0,New & Promising
C12953,0.027,Low,10.2599,25.537,2873.34,27,27,1.0,0,Champions
C15235,0.2715,Low,10.2533,25.5204,285.92,49,2,3.0,0,Steady Regulars
C00356,0.1121,Low,10.2515,25.5161,692.25,15,12,0.625,0,Champions
C10008,0.7686,High,10.2492,25.5103,100.96,184,1,1.0,0,New & Promising
C15417,0.924,High,10.2475,25.5061,83.96,314,1,1.0,0,New & Promising
C13479,0.8916,High,10.2435,25.496,86.98,357,6,1.0,0,Steady Regulars
C14543,0.7048,High,10.2371,25.4803,109.96,151,4,0.5,0,Steady Regulars
C09281,0.2082,Low,10.2265,25.4538,371.92,17,3,1.5,0,Steady Regulars
C01090,0.0343,Low,10.2072,25.4057,2251.47,8,6,7.0,0,Champions
C06979,0.6779,High,10.2059,25.4024,113.98,87,1,2.0,0,New & Promising
C16198,0.6835,High,10.2006,25.3893,112.99,73,1,2.0,0,New & Promising
C14923,0.9238,High,10.199,25.3854,83.58,356,1,1.0,0,Deal Hunters
C13451,0.0441,Low,10.1964,25.379,1751.51,8,17,6.0,0,Champions
C03870,0.5848,Medium,10.1956,25.3769,131.98,45,2,3.0,0,New & Promising
C13484,0.6825,High,10.186,25.3531,112.99,89,1,2.0,0,New & Promising
C04333,0.0203,Low,10.1846,25.3496,3791.92,4,19,1.3333,0,Champions
C01820,0.1603,Low,10.1839,25.3478,481.07,10,5,4.0,0,Steady Regulars
C05105,0.0299,Low,10.1767,25.3299,2576.43,17,36,2.5,0,Champions
C13261,0.8658,High,10.1764,25.329,88.98,324,4,1.0,0,Steady Regulars
C07075,0.0739,Low,10.1761,25.3283,1042.19,20,42,0.8,0,Champions
C12493,0.2463,Low,10.1744,25.3242,312.75,13,12,2.0,0,Champions
C15713,0.0668,Low,10.1738,25.3225,1153.84,13,5,2.5,0,Steady Regulars
C16426,0.1039,Low,10.1717,25.3175,741.14,10,23,1.0,0,Champions
C11637,0.6872,High,10.1625,25.2946,111.96,57,1,2.0,0,New & Promising
C03977,0.0498,Low,10.1587,25.2852,1542.87,14,7,2.0,0,Champions
C03171,0.4837,Medium,10.1562,25.2787,158.95,24,1,2.0,0,New & Promising
C01047,0.8008,High,10.1511,25.2663,95.97,148,1,0.5,0,New & Promising
C01958,0.6741,High,10.1473,25.2568,113.97,164,1,0.5,0,New & Promising
C01146,0.1898,Low,10.1428,25.2454,404.52,18,3,1.5,0,Steady Regulars
C02004,0.7111,High,10.1424,25.2444,107.98,74,1,2.0,0,New & Promising
C11197,0.7036,High,10.1295,25.2123,108.99,75,1,2.0,0,New & Promising
C13023,0.8074,High,10.129,25.2112,94.98,55,1,2.0,0,New & Promising
C02563,0.1515,Low,10.129,25.2111,506.29,16,16,0.5,0,Champions
C00570,0.544,Medium,10.1282,25.2091,140.95,39,2,2.0,0,New & Promising
C01473,0.2262,Low,10.1191,25.1865,338.74,8,2,3.0,0,Steady Regulars
C05541,0.2271,Low,10.119,25.1863,337.33,12,3,1.5,0,Steady Regulars
C06513,0.1363,Low,10.1162,25.1794,561.94,7,23,1.0,0,Champions
C14299,0.0149,Low,10.1149,25.1761,5136.98,12,34,0.5,0,Champions
C08077,0.0338,Low,10.1149,25.1761,2263.46,27,21,2.0,0,Champions
C12587,0.0128,Low,10.113,25.1713,5995.57,10,57,3.6667,0,Champions
C14118,0.9694,High,10.1129,25.171,78.98,348,13,1.0,0,Champions
C11458,0.7338,High,10.079,25.0868,103.98,43,1,2.0,0,New & Promising
C09673,0.4881,Medium,10.0746,25.0757,156.27,34,3,3.0,0,Steady Regulars
C11322,0.8661,High,10.0655,25.0531,87.98,299,12,1.0,0,Steady Regulars
C11484,0.7931,High,10.0612,25.0423,96.04,137,1,0.5,0,Deal Hunters
C12272,0.6045,High,10.0588,25.0364,125.97,130,2,0.5,0,New & Promising
C08819,0.3626,Medium,10.057,25.0318,209.96,17,4,1.0,0,Steady Regulars
C05044,0.6982,High,10.051,25.0171,108.99,88,1,2.0,0,New & Promising
C17257,0.2666,Low,10.0502,25.0151,285.45,16,7,1.0,0,Champions
C04149,0.5547,Medium,10.0468,25.0066,137.13,78,6,1.0,0,Champions
C02684,0.5513,Medium,10.0451,25.0023,137.94,113,2,0.5,0,Steady Regulars
C12856,0.0467,Low,10.0416,24.9935,1629.43,8,7,2.0,0,Steady Regulars
C03632,0.8448,High,10.0401,24.9899,89.97,185,2,1.0,0,New & Promising
C03889,0.3578,Medium,10.0389,24.9869,212.44,9,3,2.0,0,Steady Regulars
C03784,0.0912,Low,10.0365,24.981,833.06,12,7,2.5,0,Steady Regulars
C13153,0.0307,Low,10.036,24.9798,2477.8,18,36,1.25,0,Champions
C10124,0.697,High,10.0335,24.9735,108.99,65,1,2.0,0,New & Promising
C15989,0.0219,Low,10.0288,24.9618,3471.27,6,24,0.6667,0,Champions
C00657,0.761,High,10.0284,24.9609,99.77,237,4,1.0,0,New & Promising
C16355,0.0824,Low,10.0266,24.9562,921.43,19,6,2.5,0,Steady Regulars
C07287,0.0327,Low,10.0212,24.9428,2317.13,36,16,1.6667,0,Champions
C07404,0.4992,Medium,10.0183,24.9357,151.94,54,2,2.0,0,New & Promising
C17504,0.0196,Low,10.0168,24.9319,3864.29,12,22,1.1429,0,Champions
C08494,0.7222,High,10.0138,24.9245,104.97,5,1,2.0,0,New & Promising
C00461,0.7978,High,10.0059,24.9047,94.95,221,2,1.0,0,Deal Hunters
C10390,0.3441,Medium,9.995,24.8777,219.93,69,9,2.0,0,Steady Regulars
C01493,0.2732,Low,9.9943,24.8759,276.95,25,4,1.5,0,Steady Regulars
C15876,0.7724,High,9.9942,24.8756,97.96,1,1,2.0,0,New & Promising
C06997,0.8225,High,9.9935,24.874,91.99,255,3,1.0,0,Steady Regulars
C02232,0.5033,Medium,9.9912,24.8682,150.3,44,5,2.0,0,Steady Regulars
C15140,0.3819,Medium,9.9846,24.8517,197.94,35,12,2.0,0,Champions
C02521,0.5358,Medium,9.9824,24.8462,141.05,26,3,1.0,0,Steady Regulars
C06607,0.0869,Low,9.9747,24.827,869.23,21,28,2.0,0,Champions
C10516,0.1493,Low,9.9623,24.7963,505.29,9,3,1.5,0,Steady Regulars
C03794,0.2182,Low,9.9561,24.7808,345.5,12,3,1.5,0,Steady Regulars
C17160,0.6728,High,9.9497,24.7648,111.96,76,1,2.0,0,New & Promising
C04499,0.7534,High,9.9477,24.76,99.96,72,1,2.0,0,New & Promising
C04509,0.1827,Low,9.9302,24.7164,411.53,21,3,4.0,0,Steady Regulars
C14511,0.775,High,9.9261,24.7061,96.96,154,2,0.5,0,Steady Regulars
C10679,0.789,High,9.9194,24.6894,95.18,139,1,0.5,0,Deal Hunters
C12700,0.0245,Low,9.9125,24.6722,3060.33,12,23,1.0,0,Champions
C10546,0.0199,Low,9.9119,24.6708,3764.38,2,52,2.0,0,Champions
C05183,0.5955,Medium,9.9072,24.6591,125.96,1,1,2.0,0,New & Promising
C06064,0.02,Low,9.9056,24.655,3743.78,5,51,2.0,0,Champions
C13869,0.0459,Low,9.8989,24.6384,1633.78,12,10,1.25,0,Champions
C02147,0.6814,High,9.8982,24.6366,109.98,100,3,0.5,0,Steady Regulars
C15005,0.025,Low,9.8924,24.6221,2998.63,3,18,2.0,0,Champions
C09477,0.1683,Low,9.8891,24.6139,444.74,4,10,5.0,0,Champions
C11705,0.0146,Low,9.8769,24.5836,5108.93,4,61,1.8,0,Champions
C08030,0.4855,Medium,9.8738,24.576,153.98,55,2,2.0,0,Steady Regulars
C07780,0.5379,Medium,9.8713,24.5697,138.94,7,1,2.0,0,New & Promising
C15082,0.6977,High,9.8675,24.5602,107.07,167,2,0.5,0,Steady Regulars
C01662,0.0272,Low,9.8665,24.5577,2748.35,5,24,2.25,0,Champions
C17804,0.4494,Medium,9.8626,24.5481,166.14,14,1,2.0,0,New & Promising
C02580,0.7239,High,9.8461,24.5069,102.97,75,1,2.0,0,New & Promising
C05614,0.5329,Medium,9.8444,24.5027,139.85,31,4,3.0,0,Steady Regulars
C00163,0.0268,Low,9.8388,24.4889,2776.32,2,37,1.0,0,Champions
C12588,0.6895,High,9.8344,24.4778,107.98,89,1,2.0,0,New & Promising
C01495,0.0194,Low,9.8316,24.4709,3834.82,10,22,1.1667,0,Champions
C13284,0.0257,Low,9.8309,24.4691,2892.91,11,24,1.3333,0,Champions
C02066,0.6768,High,9.8307,24.4687,109.96,147,2,0.5,0,New & Promising
C10635,0.1217,Low,9.8258,24.4565,611.31,27,26,5.0,0,Champions
C17188,0.5146,Medium,9.8254,24.4555,144.55,26,6,3.0,0,Steady Regulars
C17567,0.6141,High,9.82,24.442,121.06,33,1,2.0,0,Deal Hunters
C00219,0.3348,Medium,9.8138,24.4265,221.94,55,11,2.0,0,Champions
C05464,0.367,Medium,9.8073,24.4104,202.3,31,5,1.0,0,Steady Regulars
C09915,0.0724,Low,9.8067,24.409,1025.07,1,7,3.5,0,Champions
C01950,0.5666,Medium,9.802,24.3973,130.98,101,2,0.5,0,New & Promising
C07727,0.0192,Low,9.7995,24.391,3858.85,5,47,1.3333,0,Champions
C05522,0.9268,High,9.7906,24.369,79.98,349,1,1.0,0,New & Promising
C00009,0.0457,Low,9.7785,24.3388,1620.58,1,31,1.4,0,Champions
C11001,0.0596,Low,9.7742,24.328,1241.09,18,6,1.6667,0,Champions
C01391,0.4485,Medium,9.7739,24.3273,164.99,27,7,2.0,0,Champions
C13075,0.0347,Low,9.7713,24.3208,2131.6,13,13,1.1667,0,Champions
C16298,0.0481,Low,9.7692,24.3155,1537.73,20,35,1.6667,0,Champions
C10475,0.0173,Low,9.7656,24.3066,4280.75,9,61,1.1429,0,Champions
C12497,0.207,Low,9.7621,24.2979,357.12,62,20,0.6667,0,Champions
C14082,0.1327,Low,9.7601,24.2929,556.81,12,32,1.5,0,Champions
C01711,0.32,Medium,9.7536,24.2769,230.78,32,2,3.0,0,Deal Hunters
C16629,0.7852,High,9.7485,24.264,93.99,143,1,0.5,0,New & Promising
C05663,0.2555,Low,9.7477,24.2621,288.86,23,6,0.6667,0,Steady Regulars
C00776,0.8473,High,9.7351,24.2308,86.98,203,2,1.0,0,New & Promising
C04553,0.6518,High,9.7277,24.2122,112.98,28,1,2.0,0,New & Promising
C11054,0.7832,High,9.7218,24.1975,93.98,19,1,2.0,0,New & Promising
C06301,0.7747,High,9.718,24.1882,94.97,95,1,0.5,0,New & Promising
C16633,0.6174,High,9.7168,24.1853,119.15,152,2,0.5,0,Steady Regulars
C09469,0.7079,High,9.7037,24.1525,103.77,9,1,2.0,0,Deal Hunters
C13444,0.0635,Low,9.7017,24.1477,1157.15,19,6,7.0,0,Steady Regulars
C07989,0.7387,High,9.6959,24.1331,99.37,31,1,2.0,0,Deal Hunters
C03473,0.0216,Low,9.6944,24.1294,3399.57,5,34,1.5,0,Champions
C17021,0.0243,Low,9.6944,24.1294,3017.05,12,22,1.4,0,Champions
C14277,0.3195,Medium,9.6922,24.1241,229.64,38,2,1.0,0,Steady Regulars
C02403,0.8156,High,9.6912,24.1215,89.96,258,9,1.0,0,Steady Regulars
C01521,0.0355,Low,9.6813,24.0969,2063.72,1,34,2.25,0,Champions
C10253,0.8053,High,9.6776,24.0875,90.98,131,1,0.5,0,New & Promising
C02735,0.8235,High,9.6771,24.0865,88.97,265,1,1.0,0,New & Promising
C12657,0.6978,High,9.6764,24.0847,104.98,38,1,2.0,0,Deal Hunters
C16769,0.0372,Low,9.6757,24.083,1969.13,25,33,2.0,0,Champions
C05891,0.0273,Low,9.675,24.0812,2678.98,1,13,14.0,0,Champions
C02117,0.8384,High,9.6649,24.056,87.27,237,1,1.0,0,Steady Regulars
C16895,0.4459,Medium,9.6614,24.0473,164.04,32,2,2.0,0,Deal Hunters
C08875,0.0317,Low,9.6556,24.0328,2307.78,4,17,2.0,0,Champions
C09089,0.4655,Medium,9.652,24.0239,156.97,14,7,1.5,0,Champions
C16151,0.7488,High,9.6499,24.0187,97.57,5,1,2.0,0,New & Promising
C14455,0.3403,Medium,9.6491,24.0167,214.67,13,3,3.0,0,Deal Hunters
C14738,0.3598,Medium,9.6443,24.0048,202.93,18,2,3.0,0,Deal Hunters
C12245,0.3231,Medium,9.6429,24.0012,225.95,46,2,3.0,0,New & Promising
C15896,0.9015,High,9.6427,24.0007,80.98,313,1,1.0,0,New & Promising
C03532,0.3076,Medium,9.6263,23.9598,236.91,84,4,1.5,0,Steady Regulars
C00691,0.0236,Low,9.6238,23.9537,3091.74,8,15,0.75,0,Champions
C03296,0.8277,High,9.6195,23.9429,87.99,132,1,0.5,0,New & Promising
C12565,0.0662,Low,9.6179,23.939,1100.26,29,36,1.0,0,Champions
C09905,0.8877,High,9.613,23.9269,81.98,272,2,1.0,0,Steady Regulars
C00714,0.4246,Medium,9.6119,23.9241,171.38,75,2,2.0,0,Deal Hunters
C05144,0.4516,Medium,9.5994,23.893,160.93,66,2,2.0,0,New & Promising
C01297,0.5862,Medium,9.5981,23.8898,123.96,103,3,0.3333,0,Steady Regulars
C02291,0.8965,High,9.5879,23.8644,80.97,298,1,1.0,0,New & Promising
C05675,0.9191,High,9.5874,23.863,78.97,319,1,1.0,0,New & Promising
C17693,0.1471,Low,9.586,23.8595,493.48,2,19,4.0,0,Champions
C12066,0.0374,Low,9.5825,23.8508,1940.27,22,12,3.0,0,Champions
C03659,0.3665,Medium,9.5821,23.85,197.95,16,3,3.0,0,New & Promising
C03961,0.1822,Low,9.5781,23.8399,398.05,33,20,0.6667,0,Champions
C16832,0.9419,High,9.5774,23.8382,76.98,311,12,1.0,0,Champions
C17687,0.7398,High,9.5748,23.8317,97.98,121,1,0.5,0,New & Promising
C05814,0.5618,Medium,9.5709,23.8221,128.97,74,2,3.0,0,New & Promising
C03563,0.1171,Low,9.5653,23.8081,618.58,36,4,5.0,0,Steady Regulars
C04185,0.8726,High,9.5647,23.8066,82.98,312,1,1.0,0,Deal Hunters
C04708,0.0737,Low,9.5615,23.7987,982.36,16,17,2.0,0,Champions
C09395,0.3976,Medium,9.5551,23.7827,181.95,89,11,1.0,0,Champions
C01005,0.5362,Medium,9.5508,23.7719,134.86,43,3,2.0,0,Steady Regulars
C09416,0.5278,Medium,9.5492,23.7681,136.98,9,3,1.0,0,Steady Regulars
C10658,0.0152,Low,9.549,23.7675,4768.51,26,50,0.6667,0,Champions
C06592,0.8925,High,9.5463,23.7608,80.98,300,11,1.0,0,Steady Regulars
C00090,0.9196,High,9.5447,23.7568,78.58,336,10,1.0,0,Steady Regulars
C12154,0.8173,High,9.5414,23.7485,88.38,170,1,0.5,0,Deal Hunters
C05307,0.2293,Low,9.5389,23.7425,314.95,22,2,3.0,0,Steady Regulars
C07334,0.2131,Low,9.5351,23.733,338.73,8,2,3.0,0,New & Promising
C09157,0.8776,High,9.5271,23.7131,82.19,346,6,1.0,0,Steady Regulars
C11568,0.9883,High,9.527,23.7128,72.98,341,21,1.0,0,Champions
C00068,0.8005,High,9.5141,23.6807,89.98,136,1,0.5,0,New & Promising
C17632,0.3689,Medium,9.5082,23.666,195.15,20,2,1.0,0,Steady Regulars
C04022,0.4021,Medium,9.5022,23.6511,178.93,64,3,0.6667,0,New & Promising
C17743,0.8074,High,9.4895,23.6193,88.98,247,1,1.0,0,New & Promising
C08535,0.0106,Low,9.4867,23.6123,6768.97,1,39,0.75,0,Champions
C00990,0.2992,Low,9.4823,23.6015,239.94,33,3,3.0,0,Steady Regulars
C07735,0.0584,Low,9.477,23.5883,1227.59,2,25,2.0,0,Champions
C09654,0.8143,High,9.4632,23.5539,87.98,201,20,1.0,0,Champions
C16139,0.0835,Low,9.4626,23.5523,857.99,11,25,0.6667,0,Champions
C09310,0.6817,High,9.4515,23.5248,104.97,95,1,0.5,0,New & Promising
C11597,0.2372,Low,9.4422,23.5017,301.33,82,26,1.0,0,Champions
C12671,0.0177,Low,9.4358,23.4857,4033.66,6,46,0.8333,0,Champions
C07834,0.0272,Low,9.4295,23.47,2623.66,29,38,0.8,0,Champions
C15093,0.6262,High,9.4267,23.4632,113.96,162,2,0.5,0,New & Promising
C13748,0.166,Low,9.4261,23.4617,429.94,34,3,4.0,0,Steady Regulars
C15033,0.0954,Low,9.4136,23.4304,746.76,24,10,2.3333,0,Champions
C08070,0.2003,Low,9.4133,23.4297,355.74,28,17,1.0,0,Champions
C10551,0.1795,Low,9.4105,23.4228,396.93,51,20,1.0,0,Champions
C00174,0.0255,Low,9.4063,23.4124,2793.53,6,20,1.8,0,Champions
C17573,0.7574,High,9.4022,23.402,93.98,152,1,0.5,0,New & Promising
C15457,0.8897,High,9.399,23.3941,79.98,268,3,1.0,0,Steady Regulars
C03844,0.0244,Low,9.3954,23.3851,2914.9,26,30,1.0,0,Champions
C14581,0.0632,Low,9.3952,23.3847,1126.01,19,37,1.0,0,Champions
C12052,0.8893,High,9.3929,23.3791,79.96,272,2,1.0,0,New & Promising
C13838,0.2236,Low,9.3925,23.378,317.97,4,9,1.0,0,Champions
C17882,0.7407,High,9.3901,23.3721,95.98,100,1,0.5,0,New & Promising
C15174,0.0244,Low,9.3731,23.3297,2907.21,34,49,1.25,0,Champions
C02971,0.8155,High,9.3696,23.3209,86.98,259,1,1.0,0,New & Promising
C06915,0.3141,Medium,9.3664,23.3131,225.74,38,11,3.0,0,Champions
C05928,0.7724,High,9.3653,23.3102,91.79,242,3,1.0,0,Deal Hunters
C10784,0.8052,High,9.3585,23.2933,87.99,91,1,0.5,0,New & Promising
C02626,0.0117,Low,9.3546,23.2837,6031.72,5,60,0.5,0,Champions
C00146,0.0294,Low,9.3538,23.2817,2406.88,26,37,2.5,0,Champions
C12777,0.8634,High,9.3507,23.274,81.99,256,1,1.0,0,New & Promising
C15264,0.1971,Low,9.3464,23.2633,358.95,5,3,1.5,0,Steady Regulars
C02751,0.8855,High,9.3429,23.2546,79.88,241,1,1.0,0,Deal Hunters
C13145,0.5702,Medium,9.3378,23.2419,123.98,86,2,2.0,0,New & Promising
C07718,0.7096,High,9.3328,23.2293,99.57,18,1,2.0,0,Deal Hunters
C16441,0.0298,Low,9.3284,23.2184,2368.21,2,13,2.3333,0,Champions
C08287,0.1761,Low,9.3273,23.2156,400.96,13,3,4.0,0,Steady Regulars
C03364,0.574,Medium,9.3244,23.2086,122.98,3,1,2.0,0,New & Promising
C16216,0.9103,High,9.3157,23.1868,77.48,288,1,1.0,0,Deal Hunters
C11608,0.1341,Low,9.3105,23.1738,525.67,29,20,1.0,0,Champions
C15697,0.4118,Medium,9.3098,23.1721,171.16,32,7,2.0,0,Champions
C04474,0.2412,Low,9.3039,23.1576,291.97,4,2,3.0,0,New & Promising
C12610,0.9784,High,9.3019,23.1525,71.98,329,15,1.0,0,Champions
C12094,0.1035,Low,9.2914,23.1263,679.78,13,8,3.5,0,Champions
C09695,0.7817,High,9.2912,23.1259,89.99,214,2,1.0,0,Steady Regulars
C14267,0.0191,Low,9.287,23.1155,3681.02,18,43,1.5,0,Champions
C01560,0.2267,Low,9.285,23.1105,310.06,34,11,0.75,0,Champions
C15495,0.7634,High,9.2747,23.0847,91.98,56,1,2.0,0,New & Promising
C01812,0.895,High,9.2525,23.0294,78.27,327,1,1.0,0,Steady Regulars
C02963,0.6544,High,9.2467,23.015,106.98,11,1,2.0,0,New & Promising
C04049,0.0234,Low,9.2466,23.0148,2988.47,19,14,3.5,0,Champions
C07197,0.2647,Low,9.2414,23.0018,264.32,11,3,3.0,0,Steady Regulars
C10700,0.267,Low,9.2192,22.9466,261.45,35,7,2.0,0,Steady Regulars
C14952,0.4082,Medium,9.218,22.9437,170.96,49,2,1.0,0,New & Promising
C16694,0.6232,High,9.2176,22.9427,111.98,67,3,2.0,0,New & Promising
C15606,0.0248,Low,9.2066,22.9153,2809.38,30,16,0.8333,0,Champions
C12208,0.023,Low,9.1818,22.8535,3027.02,11,39,6.0,0,Champions
C08503,0.6883,High,9.1805,22.8502,100.98,152,5,0.5,0,Steady Regulars
C12905,0.2412,Low,9.1797,22.8482,288.11,5,4,1.5,0,Steady Regulars
C08771,0.4383,Medium,9.1794,22.8476,158.54,11,1,2.0,0,Deal Hunters
C01204,0.036,Low,9.1789,22.8465,1932.32,9,40,1.0,0,Champions
C06235,0.0156,Low,9.178,22.8442,4450.83,11,21,1.75,0,Champions
C11485,0.8687,High,9.1751,22.8369,79.96,230,1,1.0,0,New & Promising
C03813,0.5598,Medium,9.1736,22.8332,124.06,20,3,1.0,0,Steady Regulars
C09438,0.643,High,9.1709,22.8263,107.97,126,4,0.5,0,Steady Regulars
C14680,0.0589,Low,9.1702,22.8247,1177.83,15,10,1.0,0,Champions
C14413,0.013,Low,9.1636,22.8081,5316.22,5,32,2.75,0,Champions
C00441,0.7884,High,9.1631,22.8071,87.99,144,1,0.5,0,New & Promising
C14476,0.403,Medium,9.163,22.8067,172.15,32,3,2.0,0,New & Promising
C07047,0.4817,Medium,9.162,22.8043,143.99,4,1,2.0,0,New & Promising
C10366,0.8419,High,9.1613,22.8026,82.38,192,1,1.0,0,Deal Hunters
C15557,0.0404,Low,9.1577,22.7937,1714.64,5,34,0.8,0,Champions
C14438,0.7366,High,9.1451,22.7623,93.99,154,1,0.5,0,New & Promising
C07906,0.0214,Low,9.1437,22.7587,3240.52,34,51,1.5,0,Champions
C04420,0.6717,High,9.1354,22.7381,102.97,86,1,2.0,0,New & Promising
C13162,0.8641,High,9.1291,22.7224,79.98,259,1,1.0,0,New & Promising
C12431,0.384,Medium,9.1286,22.721,179.96,91,3,0.3333,0,Steady Regulars
C10536,0.334,Medium,9.1209,22.7019,206.76,34,2,1.0,0,Deal Hunters
C08573,0.173,Low,9.118,22.6947,398.92,17,4,1.0,0,Steady Regulars
C14255,0.5294,Medium,9.1018,22.6545,130.17,32,5,2.0,0,Steady Regulars
C10199,0.3646,Medium,9.1008,22.6521,188.97,58,11,1.0,0,Champions
C08911,0.8203,High,9.0997,22.6491,83.98,156,1,0.5,0,New & Promising
C15769,0.9303,High,9.0923,22.6308,73.99,273,1,1.0,0,New & Promising
C10380,0.7497,High,9.0897,22.6243,91.79,239,5,1.0,0,Steady Regulars
C16790,0.9057,High,9.0896,22.6241,75.98,202,1,1.0,0,New & Promising
C13616,0.0206,Low,9.0845,22.6114,3340.22,19,65,1.0,0,Champions
C10339,0.0214,Low,9.081,22.6027,3217.58,13,54,1.3333,0,Champions
C05058,0.8814,High,9.0771,22.5929,77.97,348,4,1.0,0,Steady Regulars
C11145,0.1914,Low,9.0733,22.5835,358.91,7,13,1.0,0,Champions
C16741,0.0495,Low,9.069,22.5728,1387.24,11,11,1.5,0,Champions
C10471,0.6464,High,9.0636,22.5594,106.15,11,1,2.0,0,Deal Hunters
C06244,0.6861,High,9.0597,22.5496,99.97,51,1,2.0,0,New & Promising
C16428,0.675,High,9.0562,22.5408,101.57,30,1,2.0,0,Deal Hunters
C05218,0.4869,Medium,9.0526,22.532,140.77,23,3,1.0,0,Steady Regulars
C03814,0.0269,Low,9.0502,22.5261,2546.1,9,14,1.75,0,Champions
C16758,0.0622,Low,9.0479,22.5203,1101.23,31,36,1.0,0,Champions
C11028,0.5373,Medium,9.0382,22.4961,127.34,36,1,2.0,0,Deal Hunters
C04438,0.6109,High,9.0347,22.4875,111.96,181,6,1.0,0,Steady Regulars
C06983,0.3457,Medium,9.0314,22.4792,197.8,1,2,3.0,0,Deal Hunters
C03136,0.7946,High,9.0246,22.4623,85.98,160,1,0.5,0,New & Promising
C02613,0.398,Medium,9.0245,22.4621,171.65,33,2,3.0,0,New & Promising
C02314,0.8432,High,9.0186,22.4474,80.97,232,1,1.0,0,New & Promising
C11519,0.6481,High,9.0171,22.4436,105.34,184,8,1.0,0,Champions
C01447,0.7501,High,9.0131,22.4336,90.97,18,1,2.0,0,New & Promising
C12684,0.0202,Low,9.0077,22.4202,3376.86,14,53,1.25,0,Champions
C16774,0.7544,High,9.0006,22.4026,90.32,144,2,0.3333,0,Deal Hunters
C10716,0.7744,High,8.9993,22.3992,87.98,122,1,0.5,0,New & Promising
C08738,0.2271,Low,8.9954,22.3896,299.91,41,3,1.5,0,Steady Regulars
C10975,0.0122,Low,8.9946,22.3875,5572.09,24,41,1.0,0,Champions
C10867,0.5325,Medium,8.9838,22.3607,127.72,68,6,1.0,0,Steady Regulars
C16221,0.6238,High,8.9793,22.3495,108.98,108,1,0.5,0,New & Promising
C07894,0.7904,High,8.9749,22.3387,85.96,247,5,1.0,0,Steady Regulars
C06846,0.0363,Low,8.9739,22.336,1870.5,17,42,1.3333,0,Champions
C09829,0.3539,Medium,8.9723,22.332,191.92,61,12,1.0,0,Champions
C12231,0.7054,High,8.9689,22.3237,96.26,9,1,2.0,0,Deal Hunters
C02319,0.0706,Low,8.9681,22.3216,962.02,13,5,6.0,0,Steady Regulars
C00883,0.0861,Low,8.9622,22.307,788.28,1,19,1.0,0,Champions
C15682,0.1869,Low,8.9616,22.3055,362.91,15,3,1.5,0,Steady Regulars
C06070,0.0154,Low,8.9509,22.2788,4407.05,5,50,1.1667,0,Champions
C08164,0.4088,Medium,8.9491,22.2743,165.72,33,2,3.0,0,Deal Hunters
C13537,0.0127,Low,8.9246,22.2133,5318.64,13,28,3.0,0,Champions
C17447,0.0849,Low,8.9184,22.1981,794.81,12,35,1.0,0,Champions
C13821,0.1599,Low,8.9182,22.1975,422.14,21,3,4.0,0,Steady Regulars
C05107,0.8439,High,8.915,22.1894,79.98,263,3,1.0,0,Steady Regulars
C12659,0.8823,High,8.9132,22.1849,76.48,288,1,1.0,0,New & Promising
C12601,0.7618,High,8.9123,22.1827,88.57,194,3,1.0,0,Steady Regulars
C16393,0.6746,High,8.9067,22.1689,99.96,113,1,0.5,0,New & Promising
C17142,0.5241,Medium,8.9065,22.1683,128.65,31,3,3.0,0,Deal Hunters
C07253,0.0717,Low,8.8904,22.1284,938.28,13,28,1.25,0,Champions
C03554,0.0251,Low,8.8879,22.1219,2676.19,1,29,3.6667,0,Champions
C11881,0.3822,Medium,8.8832,22.1103,175.98,49,9,2.0,0,Champions
C05088,0.9344,High,8.883,22.1099,71.97,363,1,1.0,0,New & Promising
C11982,0.019,Low,8.8758,22.092,3533.56,6,23,0.5,0,Champions
C10672,0.3019,Medium,8.8627,22.0593,222.27,31,3,3.0,0,Steady Regulars
C13853,0.8942,High,8.856,22.0427,74.98,332,1,1.0,0,New & Promising
C12637,0.9055,High,8.8487,22.0245,73.98,330,1,1.0,0,New & Promising
C17619,0.5358,Medium,8.8453,22.0161,124.98,23,1,2.0,0,New & Promising
C09775,0.7281,High,8.8446,22.0142,91.96,44,1,2.0,0,New & Promising
C14897,0.0242,Low,8.8415,22.0065,2760.99,13,34,1.6,0,Champions
C03725,0.296,Low,8.8338,21.9873,225.91,5,6,5.0,0,Steady Regulars
C04513,0.7038,High,8.8292,21.976,94.97,186,2,1.0,0,New & Promising
C04228,0.6686,High,8.8277,21.9721,99.96,78,1,2.0,0,New & Promising
C06058,0.0622,Low,8.8262,21.9684,1073.55,5,10,1.5,0,Champions
C04514,0.8433,High,8.8194,21.9514,79.18,197,1,1.0,0,New & Promising
C17537,0.0431,Low,8.8179,21.9478,1548.27,19,13,2.3333,0,Champions
C13340,0.7413,High,8.8169,21.9454,90.05,168,1,0.5,0,Deal Hunters
C01945,0.0387,Low,8.8123,21.9338,1722.82,7,15,1.2,0,Champions
C09980,0.0516,Low,8.8113,21.9313,1292.49,18,7,2.0,0,Champions
C11184,0.0487,Low,8.8035,21.9119,1369.85,3,5,2.5,0,Steady Regulars
C01637,0.7109,High,8.8028,21.9103,93.74,18,1,2.0,0,Deal Hunters
C14615,0.2363,Low,8.7993,21.9015,281.94,49,2,1.0,0,Steady Regulars
C04711,0.8997,High,8.7909,21.8807,73.97,365,1,1.0,0,New & Promising
C04405,0.7079,High,8.7882,21.874,93.99,84,1,2.0,0,New & Promising
C11695,0.1677,Low,8.7842,21.8639,396.48,5,4,1.5,0,Steady Regulars
C15781,0.9501,High,8.7833,21.8617,69.99,349,1,1.0,0,New & Promising
C17522,0.2424,Low,8.7765,21.8449,274.11,13,3,3.0,0,Steady Regulars
C17885,0.5315,Medium,8.7732,21.8365,124.97,104,2,0.5,0,New & Promising
C09853,0.4336,Medium,8.7726,21.8351,153.17,17,3,3.0,0,Deal Hunters
C08788,0.1059,Low,8.769,21.8261,626.92,9,4,2.0,0,Steady Regulars
C01402,0.9431,High,8.7675,21.8224,70.38,364,3,1.0,0,Steady Regulars
C09976,0.7373,High,8.7625,21.8098,89.98,2,1,2.0,0,New & Promising
C00683,0.7807,High,8.7617,21.808,84.97,69,1,2.0,0,New & Promising
C12432,0.1176,Low,8.7597,21.8029,563.83,39,7,3.0,0,Steady Regulars
C16161,0.0303,Low,8.759,21.8012,2190.24,3,41,1.6667,0,Champions
C06373,0.0453,Low,8.7574,21.7971,1464.02,10,11,1.25,0,Champions
C15891,0.7994,High,8.7572,21.7968,82.94,198,1,1.0,0,New & Promising
C17046,0.0313,Low,8.7515,21.7826,2114.12,13,53,1.0,0,Champions
C03746,0.0201,Low,8.7397,21.7533,3297.16,15,72,1.3333,0,Champions
C03157,0.0233,Low,8.7325,21.7352,2832.47,5,59,0.8333,0,Champions
C03467,0.7031,High,8.726,21.719,93.96,166,3,0.5,0,Steady Regulars
C11341,0.3539,Medium,8.7227,21.7108,186.59,34,3,3.0,0,Deal Hunters
C11547,0.0305,Low,8.7221,21.7093,2163.66,13,47,2.5,0,Champions
C09025,0.7793,High,8.7162,21.6947,84.68,64,1,2.0,0,New & Promising
C09336,0.6667,High,8.7162,21.6946,98.97,142,6,0.5,0,Steady Regulars
C12638,0.8147,High,8.7149,21.6914,80.98,189,1,1.0,0,New & Promising
C06713,0.5152,Medium,8.709,21.6766,127.98,75,2,2.0,0,Steady Regulars
C12361,0.0428,Low,8.7056,21.6682,1541.36,31,51,0.5714,0,Champions
C02790,0.362,Medium,8.7053,21.6676,182.06,34,5,2.0,0,Steady Regulars
C01887,0.1211,Low,8.705,21.6669,544.35,22,5,2.0,0,Steady Regulars
C16124,0.8446,High,8.6992,21.6522,77.98,232,2,1.0,0,Steady Regulars
C10130,0.5578,Medium,8.6923,21.6351,117.97,2,2,2.0,0,Steady Regulars
C12709,0.0235,Low,8.6903,21.6303,2794.19,4,58,1.25,0,Champions
C11148,0.5875,Medium,8.6887,21.6262,111.96,130,3,0.3333,0,New & Promising
C01405,0.2527,Low,8.6808,21.6065,260.1,10,14,2.0,0,Champions
C12728,0.913,High,8.6784,21.6007,71.96,274,1,1.0,0,New & Promising
C12506,0.0268,Low,8.6761,21.5948,2454.92,19,41,2.5,0,Champions
C12902,0.8078,High,8.6617,21.5589,81.18,37,1,2.0,0,Deal Hunters
C08596,0.2459,Low,8.6564,21.5458,266.51,13,2,3.0,0,New & Promising
C05302,0.8514,High,8.6561,21.5451,76.97,319,6,1.0,0,Champions
C06894,0.1179,Low,8.6556,21.5438,555.72,13,3,4.0,0,Steady Regulars
C02013,0.8403,High,8.655,21.5423,77.98,173,1,0.5,0,New & Promising
C06859,0.081,Low,8.6486,21.5264,808.4,18,9,2.0,0,Champions
C12424,0.7408,High,8.6477,21.5242,88.38,167,3,0.5,0,Steady Regulars
C10873,0.9488,High,8.645,21.5175,68.98,256,20,1.0,0,Champions
C15850,0.4541,Medium,8.6448,21.5169,144.11,12,6,5.0,0,Champions
C11022,0.7789,High,8.6387,21.5017,83.97,28,1,2.0,0,New & Promising
C01933,0.0224,Low,8.6353,21.4934,2923.11,6,14,1.5,0,Champions
C10743,0.3193,Medium,8.6351,21.4928,204.72,14,9,2.0,0,Champions
C09781,0.2289,Low,8.6307,21.4819,285.41,22,4,4.0,0,Deal Hunters
C06229,0.0948,Low,8.6222,21.4607,688.35,19,26,1.3333,0,Champions
C00545,0.1343,Low,8.6221,21.4604,486.21,2,27,1.0,0,Champions
C03753,0.7961,High,8.6218,21.4597,81.99,159,1,0.5,0,New & Promising
C02828,0.2282,Low,8.6181,21.4505,285.91,22,13,2.0,0,Champions
C09231,0.3954,Medium,8.618,21.4504,164.99,86,10,2.0,0,Champions
C14342,0.5762,Medium,8.5984,21.4014,112.97,117,5,0.3333,0,Steady Regulars
C03426,0.9294,High,8.5908,21.3825,69.98,276,1,1.0,0,New & Promising
C10450,0.0155,Low,8.5897,21.3799,4182.68,27,61,1.0,0,Champions
C16293,0.5429,Medium,8.5897,21.3797,119.78,21,1,2.0,0,New & Promising
C12820,0.9425,High,8.5863,21.3713,68.97,309,4,1.0,0,Steady Regulars
C12689,0.8905,High,8.5858,21.37,72.99,260,1,1.0,0,New & Promising
C04129,0.4726,Medium,8.5807,21.3574,137.47,10,1,2.0,0,New & Promising
C02021,0.3101,Medium,8.5792,21.3537,209.46,5,9,2.0,0,Champions
C00579,0.656,High,8.5769,21.348,98.98,65,1,2.0,0,New & Promising
C05515,0.691,High,8.5766,21.3472,93.97,162,5,0.5,0,Steady Regulars
C12398,0.8326,High,8.5752,21.3436,77.97,197,1,1.0,0,New & Promising
C14735,0.0362,Low,8.5735,21.3396,1794.44,11,39,2.0,0,Champions
C07963,0.4129,Medium,8.5723,21.3364,157.16,20,2,3.0,0,New & Promising
C03335,0.0991,Low,8.5716,21.3347,654.89,5,27,1.5,0,Champions
C13660,0.7924,High,8.5712,21.3338,81.89,35,1,2.0,0,Deal Hunters
C11259,0.7291,High,8.5707,21.3326,88.99,111,1,0.5,0,New & Promising
C07769,0.2269,Low,8.5697,21.3301,285.92,10,2,3.0,0,Deal Hunters
C10801,0.9525,High,8.554,21.2911,67.99,363,1,1.0,0,New & Promising
C08098,0.1007,Low,8.552,21.2859,643.01,3,6,6.0,0,Steady Regulars
C07094,0.0307,Low,8.5491,21.2786,2105.69,19,40,1.6667,0,Champions
C00502,0.0201,Low,8.5476,21.275,3214.98,19,42,0.8571,0,Champions
C08448,0.9517,High,8.5468,21.2731,67.99,351,1,1.0,0,New & Promising
C11267,0.0285,Low,8.5466,21.2725,2272.43,11,37,0.75,0,Champions
C17924,0.9911,High,8.5461,21.2712,65.28,288,24,1.0,0,Champions
C08600,0.0242,Low,8.5429,21.2633,2668.07,23,72,1.5,0,Champions
C09962,0.4718,Medium,8.5404,21.257,137.04,31,2,2.0,0,Deal Hunters
C13400,0.1634,Low,8.5247,21.218,395.05,24,5,2.5,0,Steady Regulars
C07374,0.6519,High,8.5227,21.2131,98.98,59,1,2.0,0,New & Promising
C16952,0.0646,Low,8.5215,21.21,998.7,13,37,0.5,0,Champions
C17286,0.8064,High,8.5156,21.1955,79.95,250,4,1.0,0,Steady Regulars
C10969,0.7245,High,8.5145,21.1927,88.97,59,1,2.0,0,New & Promising
C02076,0.9198,High,8.5037,21.1658,69.99,345,1,1.0,0,New & Promising
C10273,0.7317,High,8.5036,21.1654,87.98,134,2,0.5,0,Steady Regulars
C14122,0.5853,Medium,8.502,21.1616,109.98,65,2,2.0,0,Steady Regulars
C15732,0.4118,Medium,8.4995,21.1552,156.24,4,2,2.0,0,Steady Regulars
C15379,0.0319,Low,8.4875,21.1254,2017.29,17,31,1.75,0,Champions
C17382,0.0475,Low,8.486,21.1218,1353.35,5,13,1.5,0,Champions
C03431,0.365,Medium,8.484,21.1166,175.95,10,10,3.0,0,Champions
C14040,0.0214,Low,8.4829,21.1141,3001.86,1,56,1.75,0,Champions
C09071,0.6059,High,8.4824,21.1128,105.98,150,2,0.5,0,New & Promising
C09805,0.7518,High,8.479,21.1042,85.38,193,2,1.0,0,Deal Hunters
C15259,0.7378,High,8.4751,21.0945,86.97,185,5,1.0,0,Steady Regulars
C11110,0.7288,High,8.4702,21.0825,87.99,78,1,2.0,0,New & Promising
C16207,0.0194,Low,8.4674,21.0754,3305.19,4,49,0.8333,0,Champions
C09512,0.0145,Low,8.4669,21.0742,4427.76,9,40,0.5833,0,Champions
C04180,0.2088,Low,8.4651,21.0697,306.86,44,6,1.6667,0,Steady Regulars
C02545,0.8902,High,8.4629,21.0641,71.97,300,3,1.0,0,Steady Regulars
C06728,0.9647,High,8.4584,21.0531,66.38,354,1,1.0,0,Deal Hunters
C07046,0.4354,Medium,8.4517,21.0364,146.96,40,3,1.0,0,New & Promising
C11130,0.5306,Medium,8.4492,21.03,120.55,82,7,2.0,0,Champions
C01848,0.7802,High,8.4483,21.0278,81.98,67,1,2.0,0,New & Promising
C06646,0.7611,High,8.4424,21.0133,83.98,44,1,2.0,0,New & Promising
C11202,0.0208,Low,8.4404,21.0082,3069.31,6,37,0.8333,0,Champions
C03620,0.0401,Low,8.4382,21.0026,1594.45,4,30,2.6667,0,Champions
C01457,0.6642,High,8.4182,20.953,95.96,29,1,2.0,0,Deal Hunters
C05138,0.3808,Medium,8.4166,20.949,167.34,38,4,2.0,0,Steady Regulars
C09655,0.4939,Medium,8.4131,20.9402,128.95,103,2,0.5,0,New & Promising
C00945,0.6918,High,8.4045,20.9188,91.98,154,3,0.5,0,Steady Regulars
C14206,0.5532,Medium,8.4022,20.9132,114.98,66,2,2.0,0,Deal Hunters
C02651,0.8829,High,8.3953,20.8959,71.99,258,1,1.0,0,New & Promising
C00546,0.3417,Medium,8.3923,20.8885,185.95,16,2,3.0,0,New & Promising
C07802,0.7058,High,8.3882,20.8783,89.98,56,1,2.0,0,New & Promising
C05870,0.4613,Medium,8.382,20.8629,137.57,20,4,1.5,0,Steady Regulars
C12971,0.3614,Medium,8.3797,20.8571,175.54,35,10,2.0,0,Champions
C03662,0.3753,Medium,8.3759,20.8478,168.95,4,2,2.0,0,Steady Regulars
C04041,0.8647,High,8.3694,20.8316,73.28,251,1,1.0,0,New & Promising
C15699,0.1209,Low,8.3667,20.8247,523.91,14,6,1.3333,0,Steady Regulars
C16363,0.0184,Low,8.3643,20.8187,3449.34,27,51,1.4,0,Champions
C10351,0.5131,Medium,8.3616,20.812,123.37,35,3,1.0,0,Steady Regulars
C00841,0.9044,High,8.3612,20.811,69.99,332,5,1.0,0,Steady Regulars
C05344,0.0992,Low,8.3547,20.7949,637.46,17,23,0.75,0,Champions
C17977,0.0738,Low,8.3541,20.7933,857.15,4,21,1.0,0,Champions
C05811,0.9945,High,8.3522,20.7888,63.58,357,28,1.0,0,Champions
C04888,0.8907,High,8.3501,20.7835,70.97,274,2,1.0,0,New & Promising
C05175,0.2616,Low,8.3456,20.7722,241.49,23,10,2.0,0,Champions
C03180,0.6423,High,8.3454,20.7716,98.37,20,1,2.0,0,Deal Hunters
C11746,0.4448,Medium,8.3401,20.7587,141.95,18,3,3.0,0,New & Promising
C06159,0.8768,High,8.3379,20.7531,71.99,327,1,1.0,0,New & Promising
C15300,0.1474,Low,8.3347,20.7452,428.1,13,16,2.0,0,Champions
C09160,0.3704,Medium,8.3324,20.7393,170.29,37,2,1.0,0,Deal Hunters
C11872,0.0165,Low,8.3321,20.7387,3820.64,8,32,1.6667,0,Champions
C04056,0.4742,Medium,8.3293,20.7318,132.98,20,4,2.0,0,Steady Regulars
C11761,0.5388,Medium,8.3243,20.7194,116.96,75,2,2.0,0,New & Promising
C10263,0.7686,High,8.3234,20.717,81.99,23,1,2.0,0,New & Promising
C04308,0.0346,Low,8.3209,20.7107,1822.73,20,41,3.0,0,Champions
C09560,0.9259,High,8.3151,20.6964,67.99,277,1,1.0,0,New & Promising
C13496,0.2379,Low,8.3123,20.6893,264.49,30,3,1.5,0,Steady Regulars
C02921,0.7149,High,8.3091,20.6813,87.99,97,1,0.5,0,New & Promising
C12582,0.3099,Medium,8.3073,20.677,202.95,18,2,1.0,0,New & Promising
C10044,0.2054,Low,8.3048,20.6708,306.11,21,2,1.0,0,Steady Regulars
C08576,0.5834,Medium,8.3029,20.666,107.74,34,1,2.0,0,Deal Hunters
C00886,0.3035,Medium,8.2968,20.6507,206.94,3,2,3.0,0,New & Promising
C04468,0.1278,Low,8.2893,20.6321,490.92,24,3,4.0,0,Steady Regulars
C04656,0.6675,High,8.2871,20.6265,93.99,40,1,2.0,0,New & Promising
C01736,0.8254,High,8.2812,20.6121,75.96,268,2,1.0,0,New & Promising
C05384,0.0685,Low,8.2724,20.5899,913.88,5,5,6.0,0,Steady Regulars
C01936,0.4252,Medium,8.2694,20.5826,147.25,3,4,3.0,0,Deal Hunters
C02831,0.0126,Low,8.2679,20.5789,4963.95,5,25,0.6667,0,Champions
C09613,0.7313,High,8.2653,20.5723,85.57,21,1,2.0,0,New & Promising
C15170,0.0885,Low,8.2652,20.5722,706.69,5,4,5.0,0,Steady Regulars
C03511,0.3901,Medium,8.2639,20.569,160.4,33,4,1.5,0,Deal Hunters
C16000,0.1111,Low,8.2615,20.5629,562.86,5,13,1.0,0,Champions
C04347,0.0121,Low,8.2562,20.5497,5185.0,6,68,1.5,0,Champions
C03545,0.8678,High,8.2516,20.5384,71.99,2,1,2.0,0,New & Promising
C15098,0.2606,Low,8.2502,20.5347,239.66,16,2,3.0,0,New & Promising
C08684,0.8552,High,8.2421,20.5147,72.96,314,1,1.0,0,New & Promising
C09626,0.0164,Low,8.2317,20.4887,3799.51,3,24,1.5,0,Champions
C11963,0.0186,Low,8.225,20.472,3344.14,8,72,1.4286,0,Champions
C08540,0.2664,Low,8.2152,20.4478,233.48,2,13,3.0,0,Champions
C09284,0.4035,Medium,8.2086,20.4311,154.01,85,5,2.0,0,Steady Regulars
C11936,0.01,Low,8.2068,20.4267,6197.52,18,62,1.3333,0,Champions
C12757,0.3359,Medium,8.2053,20.423,184.94,2,2,3.0,0,New & Promising
C17426,0.3667,Medium,8.2041,20.4201,169.36,14,2,2.0,0,Steady Regulars
C01157,0.4868,Medium,8.2014,20.4134,127.56,19,1,2.0,0,Deal Hunters
C16929,0.2317,Low,8.2013,20.413,268.0,28,6,1.0,0,New & Promising
C12487,0.0169,Low,8.2008,20.4118,3669.14,9,68,0.75,0,Champions
C14844,0.9547,High,8.1956,20.3988,64.99,276,1,1.0,0,New & Promising
C14062,0.4162,Medium,8.1881,20.3802,148.96,13,2,2.0,0,New & Promising
C03818,0.6526,High,8.1874,20.3784,94.98,107,1,0.5,0,New & Promising
C15708,0.0207,Low,8.1862,20.3756,2992.77,12,38,1.0,0,Champions
C04507,0.53,Medium,8.1859,20.3748,116.94,161,3,0.3333,0,New & Promising
C07665,0.6664,High,8.1844,20.371,92.98,58,1,2.0,0,New & Promising
C14621,0.9679,High,8.1797,20.3593,63.98,357,1,1.0,0,New & Promising
C14616,0.0156,Low,8.1777,20.3545,3962.29,2,17,0.8333,0,Champions
C17821,0.8458,High,8.173,20.3426,73.16,188,1,1.0,0,New & Promising
C07558,0.289,Low,8.1681,20.3305,213.96,14,2,3.0,0,New & Promising
C10435,0.7726,High,8.1609,20.3125,79.97,115,1,0.5,0,New & Promising
C14743,0.7629,High,8.1597,20.3096,80.97,96,1,0.5,0,New & Promising
C09361,0.8218,High,8.1592,20.3083,75.17,144,1,0.5,0,Deal Hunters
C05214,0.4176,Medium,8.1499,20.2851,147.76,17,2,2.0,0,New & Promising
C03445,0.7434,High,8.1478,20.2799,82.98,79,1,2.0,0,New & Promising
C14782,0.0382,Low,8.1471,20.2782,1613.15,19,42,2.0,0,Champions
C10690,0.3536,Medium,8.1469,20.2777,174.45,10,9,3.0,0,Champions
C11409,0.9205,High,8.1424,20.2665,66.97,357,1,1.0,0,New & Promising
C07938,0.6629,High,8.1419,20.2651,92.98,67,1,2.0,0,New & Promising
C16729,0.822,High,8.1402,20.2611,74.97,270,2,1.0,0,Deal Hunters
C17671,0.7516,High,8.1398,20.2601,81.99,132,2,0.3333,0,Deal Hunters
C03873,0.844,High,8.1367,20.2522,72.99,178,1,0.5,0,New & Promising
C02417,0.893,High,8.1363,20.2513,68.98,292,1,1.0,0,New & Promising
C10596,0.0401,Low,8.131,20.2381,1536.42,16,9,2.3333,0,Champions
C17700,0.6033,High,8.1252,20.2236,101.97,3,1,2.0,0,New & Promising
C14131,0.0209,Low,8.1179,20.2055,2944.12,14,13,1.4,0,Champions
C06460,0.4124,Medium,8.1142,20.1963,148.95,12,9,2.0,0,Champions
C02611,0.021,Low,8.1085,20.182,2924.44,3,55,0.8333,0,Champions
C09323,0.019,Low,8.1081,20.1812,3236.08,5,33,2.6667,0,Champions
C06388,0.1074,Low,8.1071,20.1785,571.54,12,27,3.0,0,Champions
C10650,0.6672,High,8.1043,20.1717,91.96,75,1,2.0,0,New & Promising
C05313,0.4167,Medium,8.0899,20.1358,146.99,26,5,1.0,0,Steady Regulars
C02996,0.9426,High,8.0893,20.1344,64.97,361,2,1.0,0,Steady Regulars
C01033,0.1309,Low,8.0881,20.1314,467.88,13,8,1.5,0,Champions
C05569,0.8316,High,8.0833,20.1194,73.59,192,1,1.0,0,Deal Hunters
C09674,0.0178,Low,8.0718,20.0907,3436.81,3,39,1.75,0,Champions
C05943,0.8491,High,8.0706,20.0878,71.96,313,1,1.0,0,New & Promising
C13227,0.5933,Medium,8.0703,20.0871,102.98,9,1,2.0,0,New & Promising
C17510,0.0387,Low,8.0661,20.0766,1578.79,5,11,2.6667,0,Champions
C00649,0.4643,Medium,8.0372,20.0047,131.06,14,4,1.0,0,Champions
C16595,0.0332,Low,8.0367,20.0034,1830.78,1,40,0.75,0,Champions
C07421,0.6612,High,8.0328,19.9936,91.97,171,1,0.5,0,New & Promising
C15692,0.9353,High,8.0288,19.9837,64.99,288,1,1.0,0,New & Promising
C10038,0.8445,High,8.0279,19.9814,71.97,253,1,1.0,0,New & Promising
C15094,0.6644,High,8.0269,19.979,91.47,181,9,1.0,0,Champions
C09072,0.0145,Low,8.0172,19.9547,4190.51,6,26,1.6667,0,Champions
C01553,0.0343,Low,8.0156,19.9509,1767.83,4,29,1.75,0,Champions
C12936,0.8668,High,8.0122,19.9425,69.98,209,1,1.0,0,New & Promising
C12365,0.5947,Medium,8.0112,19.9399,101.98,7,1,2.0,0,New & Promising
C04350,0.4099,Medium,8.0106,19.9384,147.96,26,2,1.0,0,New & Promising
C05997,0.0681,Low,7.998,19.907,889.07,13,16,3.0,0,Champions
C01621,0.6964,High,7.9977,19.9063,86.95,135,3,0.5,0,Steady Regulars
C03429,0.8622,High,7.991,19.8896,70.17,336,2,1.0,0,Steady Regulars
C02629,0.3436,Medium,7.9883,19.883,176.03,61,4,1.5,0,New & Promising
C02466,0.8637,High,7.9838,19.8717,69.98,272,2,1.0,0,Steady Regulars
C14076,0.7285,High,7.9827,19.8691,82.96,158,3,0.5,0,Steady Regulars
C01634,0.5948,Medium,7.981,19.8647,101.58,126,2,0.5,0,Steady Regulars
C05140,0.0681,Low,7.9804,19.8633,887.78,13,10,2.3333,0,Champions
C08345,0.285,Low,7.9724,19.8434,211.76,23,4,1.5,0,Steady Regulars
C00641,0.0913,Low,7.9722,19.843,660.91,9,5,1.3333,0,Steady Regulars
C12113,0.8381,High,7.9692,19.8355,71.99,253,1,1.0,0,New & Promising
C03051,0.7447,High,7.9659,19.8273,80.98,71,1,2.0,0,New & Promising
C00894,0.6767,High,7.9654,19.8259,89.12,142,7,0.3333,0,Steady Regulars
C00601,0.7354,High,7.9628,19.8195,81.97,177,1,0.5,0,New & Promising
C15587,0.5955,Medium,7.9427,19.7693,100.97,24,1,2.0,0,New & Promising
C17210,0.3928,Medium,7.9363,19.7536,152.96,23,2,3.0,0,New & Promising
C06849,0.3696,Medium,7.935,19.7502,162.55,23,10,4.0,0,Champions
C10829,0.0278,Low,7.9306,19.7393,2158.59,5,40,1.0,0,Champions
C09755,0.7149,High,7.9306,19.7392,83.98,212,11,1.0,0,Champions
C13673,0.0155,Low,7.9284,19.7337,3882.84,2,61,2.1667,0,Champions
C15655,0.0798,Low,7.9263,19.7286,752.24,6,30,1.3333,0,Champions
C12635,0.8575,High,7.926,19.7279,69.98,301,1,1.0,0,New & Promising
C02467,0.0259,Low,7.9239,19.7227,2318.09,9,22,1.75,0,Champions
C01086,0.7229,High,7.9231,19.7207,82.98,73,1,2.0,0,New & Promising
C08300,0.6815,High,7.9182,19.7084,87.96,41,1,2.0,0,New & Promising
C06952,0.3123,Medium,7.9151,19.7008,191.88,22,4,3.0,0,New & Promising
C09377,0.1312,Low,7.9149,19.7004,456.82,23,4,5.0,0,Steady Regulars
C07642,0.7343,High,7.9106,19.6895,81.56,170,1,0.5,0,Deal Hunters
C16689,0.3087,Medium,7.9094,19.6865,193.96,25,3,1.5,0,Steady Regulars
C17309,0.5168,Medium,7.9025,19.6692,115.77,20,1,2.0,0,Deal Hunters
C16476,0.6641,High,7.9006,19.6645,90.07,170,1,0.5,0,Deal Hunters
C11009,0.6796,High,7.8986,19.6598,87.99,78,1,2.0,0,New & Promising
C13650,0.3394,Medium,7.8876,19.6324,175.96,50,2,1.0,0,New & Promising
C06546,0.818,High,7.8864,19.6294,72.99,174,1,0.5,0,New & Promising
C17082,0.0442,Low,7.8834,19.6218,1351.2,26,8,1.5,0,Champions
C03652,0.5659,Medium,7.883,19.6208,105.46,111,2,0.5,0,New & Promising
C17597,0.2618,Low,7.8813,19.6166,227.93,29,5,0.6667,0,Steady Regulars
C11117,0.9621,High,7.8779,19.608,61.99,331,1,1.0,0,New & Promising
C07248,0.3253,Medium,7.8629,19.5709,182.97,71,11,1.0,0,Champions
C08431,0.0215,Low,7.8607,19.5654,2766.1,13,49,1.0,0,Champions
C05965,0.853,High,7.8606,19.5652,69.77,341,2,1.0,0,Steady Regulars
C03736,0.4665,Medium,7.8592,19.5615,127.54,10,1,2.0,0,Deal Hunters
C02550,0.85,High,7.857,19.5561,69.98,304,1,1.0,0,New & Promising
C04905,0.8501,High,7.857,19.5561,69.97,356,3,1.0,0,Steady Regulars
C01967,0.838,High,7.8565,19.5549,70.98,260,1,1.0,0,New & Promising
C00716,0.6991,High,7.8557,19.5529,85.07,24,1,2.0,0,Deal Hunters
C02479,0.0111,Low,7.8543,19.5494,5366.95,8,65,1.5,0,Champions
C01609,0.8497,High,7.854,19.5486,69.98,1,1,2.0,0,New & Promising
C14305,0.3834,Medium,7.8487,19.5354,154.97,21,2,3.0,0,New & Promising
C09527,0.0277,Low,7.8405,19.5151,2145.8,13,46,1.3333,0,Champions
C12168,0.9574,High,7.8383,19.5096,61.98,333,1,1.0,0,New & Promising
C08730,0.4418,Medium,7.8368,19.5057,134.28,13,1,2.0,0,Deal Hunters
C14485,0.8852,High,7.8302,19.4895,66.97,210,1,1.0,0,New & Promising
C07551,0.6812,High,7.8265,19.4801,86.98,68,1,2.0,0,New & Promising
C02701,0.7405,High,7.8237,19.4731,79.99,130,1,0.5,0,New & Promising
C00435,0.0585,Low,7.819,19.4616,1011.84,1,10,1.75,0,Champions
C13845,0.6881,High,7.8128,19.446,85.96,86,1,2.0,0,New & Promising
C09158,0.0194,Low,7.8122,19.4447,3044.64,10,53,1.0,0,Champions
C07811,0.7126,High,7.8112,19.4421,82.99,43,1,2.0,0,New & Promising
C12120,0.7393,High,7.8107,19.4409,79.98,113,1,0.5,0,New & Promising
C06880,0.0659,Low,7.8025,19.4206,896.11,11,33,2.5,0,Champions
C03502,0.188,Low,7.7958,19.4038,313.93,11,14,0.6667,0,Champions
C09543,0.8944,High,7.795,19.4019,65.98,319,1,1.0,0,New & Promising
C00408,0.2824,Low,7.7934,19.3978,208.96,87,16,2.0,0,Champions
C12256,0.9509,High,7.7861,19.3796,61.99,348,1,1.0,0,New & Promising
C04023,0.7657,High,7.7852,19.3775,76.98,120,1,0.5,0,New & Promising
C14096,0.9288,High,7.7748,19.3514,63.37,346,1,1.0,0,New & Promising
C05530,0.8291,High,7.7744,19.3505,70.99,126,1,0.5,0,New & Promising
C01558,0.192,Low,7.7688,19.3367,306.28,5,14,2.0,0,Champions
C04906,0.9486,High,7.7663,19.3303,61.98,240,1,1.0,0,New & Promising
C14403,0.0143,Low,7.7645,19.3258,4110.94,8,48,0.5,0,Champions
C04115,0.784,High,7.7641,19.325,74.97,68,1,2.0,0,New & Promising
C04416,0.8384,High,7.7496,19.2889,69.98,42,1,2.0,0,New & Promising
C04047,0.6813,High,7.7455,19.2786,86.07,37,1,2.0,0,Deal Hunters
C07883,0.8754,High,7.7444,19.276,66.98,348,4,1.0,0,Steady Regulars
C00254,0.8376,High,7.7421,19.2702,69.98,240,1,1.0,0,New & Promising
C02191,0.9017,High,7.7409,19.2672,64.99,271,1,1.0,0,New & Promising
C07879,0.4037,Medium,7.7309,19.2423,144.98,56,2,1.0,0,New & Promising
C14745,0.3887,Medium,7.7249,19.2274,150.45,37,9,2.0,0,Champions
C10581,0.7403,High,7.7239,19.2249,78.99,120,1,0.5,0,New & Promising
C16721,0.8287,High,7.7213,19.2183,70.54,143,1,0.5,0,Deal Hunters
C01277,0.5229,Medium,7.7202,19.2156,111.78,24,1,2.0,0,Deal Hunters
C04817,0.1632,Low,7.7149,19.2025,357.92,6,20,3.0,0,Champions
C12575,0.8714,High,7.7081,19.1856,66.97,345,2,1.0,0,Steady Regulars
C08685,0.2475,Low,7.7061,19.1804,235.71,54,16,1.0,0,Champions
C13852,0.0802,Low,7.7038,19.1748,727.37,1,5,6.0,0,Steady Regulars
C14558,0.9288,High,7.7021,19.1706,62.78,364,1,1.0,0,New & Promising
C13767,0.7112,High,7.702,19.1702,81.99,7,1,2.0,0,New & Promising
C00173,0.6862,High,7.7013,19.1685,84.97,85,1,2.0,0,Deal Hunters
C16810,0.0315,Low,7.6995,19.1642,1852.47,10,28,1.6667,0,Champions
C09345,0.6696,High,7.6936,19.1494,86.99,44,1,2.0,0,New & Promising
C14256,0.1891,Low,7.6923,19.1463,307.91,3,17,4.0,0,Champions
C05786,0.9243,High,7.6907,19.1423,62.99,271,1,1.0,0,New & Promising
C03752,0.4537,Medium,7.6907,19.1422,128.34,25,4,1.0,0,Steady Regulars
C16864,0.8824,High,7.6906,19.142,65.98,311,8,1.0,0,Steady Regulars
C11142,0.2157,Low,7.6849,19.1278,269.74,4,2,3.0,0,New & Promising
C04478,0.4096,Medium,7.6803,19.1163,141.97,43,4,3.0,0,New & Promising
C06333,0.736,High,7.6792,19.1137,78.99,126,1,0.5,0,New & Promising
C14605,0.3791,Medium,7.6685,19.0869,153.15,34,11,2.0,0,Champions
C07750,0.2995,Low,7.6658,19.0802,193.75,23,3,1.5,0,Deal Hunters
C14549,0.0705,Low,7.6644,19.0768,823.24,11,7,1.6667,0,Champions
C15104,0.9069,High,7.6638,19.0752,63.98,283,1,1.0,0,New & Promising
C02312,0.2499,Low,7.6606,19.0673,232.12,23,3,3.0,0,Steady Regulars
C11016,0.7732,High,7.6569,19.058,74.97,123,1,0.5,0,New & Promising
C06548,0.3332,Medium,7.6548,19.0528,173.91,17,10,0.6667,0,Champions
C14794,0.3873,Medium,7.6525,19.0471,149.57,14,2,1.0,0,New & Promising
C14831,0.9345,High,7.6521,19.0462,61.99,324,2,1.0,0,New & Promising
C16762,0.8399,High,7.6514,19.0443,68.97,303,1,1.0,0,New & Promising
C05189,0.0393,Low,7.6494,19.0393,1473.07,9,9,2.6667,0,Champions
C03616,0.934,High,7.6478,19.0354,61.99,281,1,1.0,0,New & Promising
C11292,0.9336,High,7.6445,19.0272,61.99,320,1,1.0,0,New & Promising
C05281,0.8506,High,7.6392,19.014,67.99,363,2,1.0,0,Deal Hunters
C15169,0.9638,High,7.636,19.006,59.98,340,1,1.0,0,New & Promising
C08110,0.2338,Low,7.6321,18.9963,247.13,23,13,2.0,0,Champions
C15270,0.0243,Low,7.6203,18.967,2377.86,26,33,2.6667,0,Champions
C10126,0.0453,Low,7.6189,18.9635,1274.25,10,6,1.6667,0,Champions
C03398,0.8742,High,7.6176,18.9603,65.97,148,1,0.5,0,New & Promising
C03120,0.261,Low,7.6163,18.957,220.96,8,2,1.0,0,New & Promising
C10074,0.9153,High,7.6155,18.9551,62.99,213,1,1.0,0,New & Promising
C04716,0.9611,High,7.6145,18.9524,59.98,363,1,1.0,0,New & Promising
C12570,0.8734,High,7.612,18.9462,65.98,258,1,1.0,0,New & Promising
C03045,0.7891,High,7.6069,18.9337,72.98,49,1,2.0,0,New & Promising
C00451,0.6774,High,7.6035,18.9252,84.98,25,1,2.0,0,New & Promising
C02615,0.9437,High,7.6022,18.922,60.99,346,1,1.0,0,New & Promising
C00340,0.7994,High,7.6018,18.9209,71.99,7,1,2.0,0,New & Promising
C09749,0.592,Medium,7.5974,18.9099,97.16,23,1,2.0,0,New & Promising
C15497,0.0145,Low,7.5973,18.9097,3977.41,17,49,0.8571,0,Champions
C15445,0.5229,Medium,7.5957,18.9057,109.97,93,2,0.5,0,New & Promising
C00438,0.0234,Low,7.5938,18.9011,2455.41,33,45,1.0,0,Champions
C06651,0.1493,Low,7.589,18.889,384.93,11,3,1.5,0,Steady Regulars
C03720,0.0642,Low,7.5875,18.8852,894.34,4,30,2.0,0,Champions
C04648,0.0454,Low,7.5756,18.8557,1264.39,11,6,1.6667,0,Champions
C02233,0.9561,High,7.5747,18.8534,59.98,351,1,1.0,0,New & Promising
C06687,0.7961,High,7.5698,18.8412,71.99,257,1,1.0,0,New & Promising
C04696,0.1511,Low,7.565,18.8292,378.94,24,3,4.0,0,Steady Regulars
C14973,0.1397,Low,7.5613,18.8202,409.7,12,18,2.0,0,Champions
C01608,0.8674,High,7.5591,18.8147,65.98,262,5,1.0,0,Steady Regulars
C03362,0.6579,High,7.5587,18.8136,86.98,54,1,2.0,0,New & Promising
C02245,0.7525,High,7.5526,18.7984,75.98,173,3,0.5,0,Steady Regulars
C03498,0.0191,Low,7.5504,18.7929,2990.37,5,18,1.3333,0,Champions
C02983,0.7938,High,7.5473,18.7852,71.98,214,5,1.0,0,Steady Regulars
C05168,0.9074,High,7.547,18.7844,62.97,319,1,1.0,0,New & Promising
C08520,0.461,Medium,7.5468,18.7841,123.95,85,2,1.0,0,New & Promising
C13922,0.2636,Low,7.5387,18.7638,216.55,3,12,4.0,0,Champions
C11401,0.8153,High,7.5362,18.7577,69.98,20,1,2.0,0,New & Promising
C12481,0.7041,High,7.5316,18.7462,80.98,94,1,0.5,0,New & Promising
C03126,0.7919,High,7.5301,18.7423,71.99,247,1,1.0,0,New & Promising
C10888,0.8027,High,7.5271,18.7351,70.99,101,1,0.5,0,New & Promising
C07819,0.9484,High,7.5142,18.7028,59.98,334,1,1.0,0,New & Promising
C15319,0.0302,Low,7.5083,18.6883,1880.11,4,17,1.2,0,Champions
C01893,0.1448,Low,7.4981,18.6629,391.91,5,20,3.0,0,Champions
C03014,0.8732,High,7.496,18.6575,64.99,265,1,1.0,0,New & Promising
C15355,0.7879,High,7.4924,18.6487,71.99,331,2,1.0,0,Deal Hunters
C07011,0.8725,High,7.4895,18.6414,64.99,267,1,1.0,0,New & Promising
C08416,0.8859,High,7.4857,18.6321,63.97,258,1,1.0,0,New & Promising
C10064,0.322,Medium,7.4831,18.6254,175.95,5,2,3.0,0,New & Promising
C04722,0.8089,High,7.4781,18.6131,69.99,93,1,0.5,0,New & Promising
C00589,0.8477,High,7.4722,18.5983,66.73,291,3,1.0,0,Steady Regulars
C08913,0.0275,Low,7.4696,18.5918,2055.5,13,29,1.2,0,Champions
C12994,0.0401,Low,7.4617,18.5721,1408.09,31,43,1.3333,0,Champions
C01832,0.1296,Low,7.4606,18.5694,435.79,5,4,2.0,0,Steady Regulars
C01413,0.027,Low,7.4585,18.5642,2090.48,16,29,8.0,0,Champions
C08777,0.3878,Medium,7.4569,18.5603,145.57,37,2,2.0,0,Deal Hunters
C05263,0.9405,High,7.4509,18.5453,59.98,211,1,1.0,0,New & Promising
C12038,0.499,Medium,7.4477,18.5373,112.99,81,3,2.0,0,Steady Regulars
C04927,0.8947,High,7.444,18.5282,62.99,260,1,1.0,0,New & Promising
C14751,0.949,High,7.4435,18.5269,59.38,358,10,1.0,0,Steady Regulars
C12628,0.3544,Medium,7.442,18.5232,158.97,15,9,3.0,0,Champions
C17930,0.1353,Low,7.4397,18.5174,416.18,16,18,0.6667,0,Champions
C05740,0.8046,High,7.4386,18.5146,69.99,93,1,0.5,0,New & Promising
C06736,0.0337,Low,7.4371,18.511,1671.44,22,44,1.6667,0,Champions
C03672,0.1746,Low,7.4314,18.4968,322.28,28,16,1.0,0,Champions
C09152,0.9363,High,7.4183,18.4643,59.98,358,1,1.0,0,New & Promising
C12278,0.5561,Medium,7.4169,18.4607,100.98,45,2,3.0,0,New & Promising
C09187,0.8914,High,7.4168,18.4605,62.99,266,1,1.0,0,New & Promising
C00149,0.8773,High,7.415,18.456,63.99,70,1,2.0,0,New & Promising
C17719,0.8911,High,7.4141,18.4537,62.99,252,1,1.0,0,New & Promising
C17563,0.5779,Medium,7.4013,18.422,96.96,176,3,0.5,0,New & Promising
C02816,0.0158,Low,7.4003,18.4194,3555.95,18,55,4.0,0,Champions
C05531,0.8486,High,7.396,18.4088,65.98,336,2,1.0,0,Steady Regulars
C09798,0.9335,High,7.3957,18.4081,59.98,278,1,1.0,0,New & Promising
C08943,0.6741,High,7.3897,18.393,82.99,77,1,2.0,0,New & Promising
C13669,0.353,Medium,7.3877,18.388,158.45,34,5,1.0,0,Steady Regulars
C10033,0.222,Low,7.3871,18.3866,251.91,30,2,1.0,0,Steady Regulars
C13950,0.5482,Medium,7.3837,18.3782,101.97,84,5,2.0,0,Steady Regulars
C13646,0.6982,High,7.3765,18.3601,79.99,117,1,0.5,0,New & Promising
C01392,0.4939,Medium,7.3702,18.3445,112.97,26,2,3.0,0,New & Promising
C13857,0.8205,High,7.3686,18.3404,67.99,267,8,1.0,0,Steady Regulars
C08482,0.9298,High,7.3668,18.3361,59.98,212,1,1.0,0,New & Promising
C03133,0.7906,High,7.3664,18.335,70.54,130,1,0.5,0,Deal Hunters
C01081,0.1702,Low,7.3645,18.3303,327.67,34,6,1.0,0,Steady Regulars
C14956,0.6637,High,7.3619,18.3238,83.97,109,1,0.5,0,New & Promising
C06703,0.5732,Medium,7.3585,18.3154,97.19,20,1,2.0,0,New & Promising
C13310,0.6877,High,7.3564,18.3102,80.98,95,1,0.5,0,New & Promising
C12669,0.7932,High,7.3538,18.3036,70.19,2,1,2.0,0,Deal Hunters
C11349,0.4678,Medium,7.3503,18.2948,118.96,16,2,2.0,0,New & Promising
C12658,0.6783,High,7.3447,18.281,81.98,122,1,0.5,0,New & Promising
C05207,0.8691,High,7.3443,18.2801,63.98,285,13,1.0,0,Champions
C15961,0.1128,Low,7.3438,18.2789,492.92,26,4,2.0,0,Steady Regulars
C05221,0.7222,High,7.3436,18.2782,76.98,46,1,2.0,0,New & Promising
C15268,0.8685,High,7.3408,18.2713,63.99,128,1,0.5,0,New & Promising
C09229,0.0112,Low,7.3376,18.2634,4968.8,17,46,1.1667,0,Champions
C11986,0.8674,High,7.3316,18.2484,63.99,165,1,0.5,0,New & Promising
C08445,0.9349,High,7.329,18.242,59.35,339,4,1.0,0,Steady Regulars
C15926,0.6167,High,7.3286,18.2409,89.97,9,1,2.0,0,New & Promising
C08681,0.0141,Low,7.3279,18.2392,3945.1,4,47,1.4,0,Champions
C00999,0.8039,High,7.3242,18.23,68.98,241,1,1.0,0,New & Promising
C00610,0.0462,Low,7.3199,18.2192,1198.6,15,30,2.0,0,Champions
C07377,0.0165,Low,7.315,18.2072,3363.73,1,52,1.6667,0,Champions
C14594,0.7906,High,7.308,18.1896,69.98,142,1,0.5,0,New & Promising
C17052,0.2551,Low,7.3072,18.1877,216.9,6,3,3.0,0,Steady Regulars
C17768,0.3799,Medium,7.3042,18.1801,145.55,64,8,1.0,0,Champions
C17359,0.0164,Low,7.3041,18.18,3375.72,3,49,2.0,0,Champions
C04320,0.3476,Medium,7.2963,18.1605,158.93,44,3,1.5,0,New & Promising
C05100,0.8766,High,7.2934,18.1533,62.99,247,1,1.0,0,New & Promising
C10362,0.9198,High,7.285,18.1323,59.96,288,1,1.0,0,New & Promising
C07588,0.716,High,7.2795,18.1186,76.97,155,1,0.5,0,New & Promising
C08467,0.7237,High,7.2614,18.0736,75.96,30,1,2.0,0,New & Promising
C12701,0.4096,Medium,7.2518,18.0498,134.03,37,2,3.0,0,New & Promising
C11097,0.7796,High,7.245,18.0329,70.36,21,1,2.0,0,New & Promising
C14708,0.0164,Low,7.2364,18.0114,3340.72,1,68,3.5,0,Champions
C02061,0.6764,High,7.2362,18.0109,80.99,89,1,2.0,0,New & Promising
C16942,0.7609,High,7.2354,18.0089,71.99,190,2,1.0,0,Steady Regulars
C05004,0.652,High,7.233,18.0029,83.98,62,1,2.0,0,New & Promising
C13232,0.0136,Low,7.2251,17.9834,4032.27,23,41,1.25,0,Champions
C06357,0.7393,High,7.2248,17.9826,73.98,7,1,2.0,0,New & Promising
C10792,0.7012,High,7.2228,17.9775,77.98,148,1,0.5,0,New & Promising
C04469,0.6716,High,7.2191,17.9684,81.38,16,1,2.0,0,New & Promising
C06995,0.8818,High,7.2168,17.9627,61.96,347,4,1.0,0,Steady Regulars
C08949,0.0131,Low,7.2131,17.9534,4164.43,15,49,1.4286,0,Champions
C01668,0.3331,Medium,7.2038,17.9304,163.75,12,2,1.0,0,New & Promising
C01333,0.8416,High,7.2022,17.9263,64.79,70,1,2.0,0,Deal Hunters
C17568,0.474,Medium,7.1995,17.9196,114.98,91,2,0.5,0,New & Promising
C12001,0.7786,High,7.1983,17.9166,69.99,14,1,2.0,0,New & Promising
C11264,0.0414,Low,7.198,17.9158,1315.81,27,50,3.0,0,Champions
C06435,0.7786,High,7.1973,17.9141,69.98,70,1,2.0,0,New & Promising
C16028,0.7169,High,7.1924,17.902,75.96,56,1,2.0,0,New & Promising
C02162,0.6892,High,7.1886,17.8925,78.97,119,1,0.5,0,New & Promising
C17512,0.9383,High,7.187,17.8885,57.99,246,1,1.0,0,New & Promising
C08635,0.9224,High,7.1861,17.8863,58.98,342,3,1.0,0,Steady Regulars
C04589,0.6977,High,7.1853,17.8842,77.97,102,1,0.5,0,New & Promising
C13716,0.8777,High,7.1852,17.884,61.98,305,1,1.0,0,New & Promising
C07040,0.8372,High,7.1845,17.8822,64.97,221,1,1.0,0,New & Promising
C05766,0.6715,High,7.1833,17.8792,80.99,65,1,2.0,0,New & Promising
C04207,0.0173,Low,7.1828,17.8781,3135.33,11,14,2.0,0,Champions
C16956,0.1538,Low,7.1754,17.8596,353.14,22,3,4.0,0,Steady Regulars
C05461,0.2314,Low,7.1737,17.8554,234.7,12,3,1.5,0,Deal Hunters
C17206,0.8815,High,7.1702,17.8466,61.58,362,2,1.0,0,Deal Hunters
C00412,0.6618,High,7.1667,17.8381,81.99,197,3,1.0,0,Steady Regulars
C14220,0.8219,High,7.1627,17.8279,65.98,257,3,1.0,0,Deal Hunters
C16346,0.7423,High,7.1559,17.8111,72.98,97,1,0.5,0,New & Promising
C14400,0.6171,High,7.1556,17.8103,87.78,17,1,2.0,0,New & Promising
C07464,0.371,Medium,7.1536,17.8054,145.98,15,10,1.0,0,Champions
C13846,0.7523,High,7.1528,17.8034,71.98,2,1,2.0,0,New & Promising
C07527,0.6601,High,7.148,17.7915,81.98,116,1,0.5,0,New & Promising
C03619,0.6295,High,7.1479,17.7911,85.97,108,1,0.5,0,New & Promising
C09355,0.7515,High,7.1461,17.7867,71.99,84,1,2.0,0,New & Promising
C00115,0.8452,High,7.1439,17.7812,63.99,128,1,0.5,0,New & Promising
C12090,0.3242,Medium,7.1422,17.777,166.76,2,2,3.0,0,Deal Hunters
C15529,0.9013,High,7.1409,17.7737,59.98,298,1,1.0,0,New & Promising
C16784,0.783,High,7.1342,17.7572,68.98,197,2,1.0,0,New & Promising
C02456,0.7717,High,7.1336,17.7556,69.98,62,1,2.0,0,New & Promising
C06547,0.2269,Low,7.1285,17.743,237.9,67,26,1.0,0,Champions
C00284,0.93,High,7.1233,17.7298,57.99,268,1,1.0,0,New & Promising
C16125,0.3308,Medium,7.1214,17.7253,162.98,1,2,3.0,0,New & Promising
C01589,0.6577,High,7.1209,17.7241,81.97,48,1,2.0,0,New & Promising
C03020,0.5613,Medium,7.1163,17.7126,95.98,9,1,2.0,0,New & Promising
C00321,0.4768,Medium,7.1161,17.7119,112.98,58,2,2.0,0,New & Promising
C07022,0.5792,Medium,7.1122,17.7022,92.96,40,1,2.0,0,New & Promising
C13525,0.6591,High,7.1009,17.6743,81.57,112,1,0.5,0,New & Promising
C17578,0.0264,Low,7.1002,17.6725,2039.95,8,49,2.0,0,Champions
C02358,0.7166,High,7.096,17.662,74.97,112,1,0.5,0,New & Promising
C04746,0.3002,Medium,7.0957,17.6611,178.97,38,12,1.0,0,Champions
C14677,0.0793,Low,7.088,17.642,676.85,14,5,6.0,0,Steady Regulars
C10517,0.7668,High,7.085,17.6347,69.95,89,1,2.0,0,New & Promising
C15526,0.7451,High,7.0848,17.6341,71.99,192,4,1.0,0,Steady Regulars
C07881,0.6878,High,7.0846,17.6337,77.98,53,1,2.0,0,New & Promising
C04808,0.8006,High,7.0839,17.6319,66.99,60,1,2.0,0,New & Promising
C13858,0.0569,Low,7.0795,17.621,941.88,29,38,2.5,0,Champions
C10670,0.6961,High,7.078,17.6171,76.98,31,1,2.0,0,Deal Hunters
C12373,0.7657,High,7.0775,17.6159,69.98,40,1,2.0,0,New & Promising
C03827,0.1611,Low,7.0769,17.6145,332.61,22,5,2.0,0,Steady Regulars
C11967,0.6871,High,7.0758,17.6118,77.96,81,1,2.0,0,New & Promising
C01437,0.7442,High,7.0754,17.6108,71.98,150,1,0.5,0,New & Promising
C15168,0.0172,Low,7.063,17.5799,3102.74,14,29,1.3333,0,Champions
C12664,0.9141,High,7.062,17.5775,58.49,273,1,1.0,0,Deal Hunters
C05124,0.1582,Low,7.0596,17.5714,337.93,20,17,1.0,0,Champions
C06024,0.0368,Low,7.05,17.5475,1450.16,10,39,1.0,0,Champions
C09300,0.0133,Low,7.0449,17.5349,3999.05,14,39,1.0,0,Champions
C08839,0.7985,High,7.0432,17.5306,66.78,222,4,1.0,0,Steady Regulars
C12387,0.5074,Medium,7.0366,17.5141,104.98,64,3,2.0,0,Steady Regulars
C10676,0.6658,High,7.0351,17.5105,79.99,117,1,0.5,0,New & Promising
C05500,0.8877,High,7.0331,17.5054,59.98,258,1,1.0,0,New & Promising
C04278,0.3247,Medium,7.0327,17.5044,163.97,49,13,2.0,0,Champions
C09225,0.1999,Low,7.0318,17.5021,266.37,17,3,1.5,0,Steady Regulars
C14337,0.026,Low,7.0298,17.4973,2048.34,6,9,4.5,0,Champions
C15973,0.9335,High,7.0246,17.4844,56.97,212,1,1.0,0,New & Promising
C01644,0.0165,Low,7.0218,17.4774,3228.8,18,23,0.7778,0,Champions
C10174,0.9842,High,7.0189,17.47,53.99,341,17,1.0,0,Champions
C09534,0.2382,Low,7.0153,17.4611,222.99,11,5,1.5,0,Steady Regulars
C11723,0.2343,Low,7.0153,17.4611,226.72,9,15,2.0,0,Champions
C03096,0.9478,High,7.0083,17.4436,55.98,314,2,1.0,0,New & Promising
C02514,0.9438,High,6.9785,17.3696,55.98,362,1,1.0,0,New & Promising
C05433,0.6143,High,6.9754,17.3617,85.97,106,1,0.5,0,New & Promising
C08313,0.3588,Medium,6.9644,17.3345,146.95,68,10,2.0,0,Champions
C05046,0.9093,High,6.9641,17.3336,57.98,269,10,1.0,0,Champions
C08341,0.9763,High,6.9627,17.3303,53.99,354,1,1.0,0,New & Promising
C12051,0.643,High,6.9616,17.3274,81.97,86,1,2.0,0,New & Promising
C12624,0.0244,Low,6.9492,17.2965,2155.79,52,44,1.2,0,Champions
C01839,0.6658,High,6.9462,17.2892,78.99,63,1,2.0,0,New & Promising
C17740,0.0255,Low,6.9429,17.2808,2064.76,4,21,1.5,0,Champions
C07102,0.8479,High,6.9415,17.2774,61.98,312,3,1.0,0,Deal Hunters
C07493,0.4093,Medium,6.9409,17.2759,128.37,22,2,1.0,0,New & Promising
C04417,0.453,Medium,6.9391,17.2714,115.97,11,2,2.0,0,Steady Regulars
C02694,0.02,Low,6.9369,17.2659,2621.47,28,25,2.0,0,Champions
C03363,0.6867,High,6.9367,17.2655,76.48,145,8,0.5,0,Champions
C13240,0.8473,High,6.9363,17.2645,61.98,124,1,0.5,0,New & Promising
C07852,0.295,Low,6.935,17.2613,177.96,25,10,2.0,0,Champions
C00454,0.8331,High,6.9313,17.252,62.99,224,1,1.0,0,New & Promising
C00959,0.2144,Low,6.9311,17.2515,244.71,6,2,1.0,0,Steady Regulars
C16369,0.9205,High,6.9267,17.2405,56.97,218,1,1.0,0,New & Promising
C04929,0.9827,High,6.9261,17.2392,53.36,337,16,1.0,0,Champions
C15928,0.4229,Medium,6.9256,17.2379,123.98,69,6,2.0,0,Steady Regulars
C08157,0.0283,Low,6.9229,17.2312,1854.97,14,8,3.0,0,Champions
C13942,0.9356,High,6.9177,17.2182,55.98,339,1,1.0,0,New & Promising
C00529,0.7166,High,6.9091,17.1967,72.99,164,1,0.5,0,New & Promising
C06100,0.5892,Medium,6.9081,17.1943,88.77,13,1,2.0,0,Deal Hunters
C04184,0.1223,Low,6.9062,17.1896,427.43,15,15,1.0,0,Champions
C16710,0.0288,Low,6.9046,17.1856,1816.23,16,31,1.0,0,Champions
C17153,0.3534,Medium,6.8933,17.1574,147.66,11,2,3.0,0,Deal Hunters
C10249,0.6601,High,6.8869,17.1415,78.99,54,1,2.0,0,New & Promising
C07144,0.0238,Low,6.8859,17.1391,2187.72,18,38,1.5,0,Champions
C07891,0.3614,Medium,6.8858,17.1387,144.25,9,2,3.0,0,New & Promising
C00771,0.4291,Medium,6.8847,17.1361,121.47,8,6,1.5,0,Steady Regulars
C01840,0.9641,High,6.8754,17.113,53.99,237,1,1.0,0,New & Promising
C07453,0.9134,High,6.8735,17.1082,56.97,258,1,1.0,0,New & Promising
C02888,0.9638,High,6.8732,17.1073,53.99,351,1,1.0,0,New & Promising
C04064,0.6007,High,6.8694,17.098,86.58,21,1,2.0,0,Deal Hunters
C07354,0.9452,High,6.864,17.0844,54.98,361,1,1.0,0,New & Promising
C15184,0.0405,Low,6.8627,17.0814,1281.71,4,17,2.3333,0,Champions
C02035,0.7964,High,6.8619,17.0794,65.23,238,2,1.0,0,Deal Hunters
C02835,0.7314,High,6.8585,17.0708,70.99,120,1,0.5,0,New & Promising
C01853,0.9113,High,6.8576,17.0685,56.97,278,1,1.0,0,New & Promising
C15391,0.8238,High,6.8545,17.0609,62.99,190,1,1.0,0,New & Promising
C02088,0.2004,Low,6.8535,17.0584,258.96,9,12,2.0,0,Champions
C00403,0.8107,High,6.8521,17.0548,63.99,175,1,0.5,0,Deal Hunters
C09471,0.9604,High,6.8487,17.0464,53.99,346,1,1.0,0,New & Promising
C07775,0.4566,Medium,6.8485,17.0459,113.56,19,2,3.0,0,Deal Hunters
C13390,0.836,High,6.8438,17.0343,61.98,322,3,1.0,0,Steady Regulars
C02792,0.4798,Medium,6.8426,17.0313,107.97,95,4,0.3333,0,New & Promising
C13572,0.013,Low,6.8243,16.9857,3988.97,1,47,1.8,0,Champions
C13902,0.3943,Medium,6.8236,16.9839,131.02,42,2,1.0,0,Deal Hunters
C04163,0.7488,High,6.8223,16.9808,68.98,43,1,2.0,0,New & Promising
C02064,0.8608,High,6.8179,16.9697,59.96,273,2,1.0,0,New & Promising
C13888,0.7316,High,6.8169,16.9672,70.54,129,3,0.5,0,Steady Regulars
C14407,0.9549,High,6.8099,16.9498,53.99,357,13,1.0,0,Champions
C09811,0.0256,Low,6.8098,16.9496,2013.4,10,44,3.5,0,Champions
C09235,0.1272,Low,6.8067,16.942,405.26,11,24,1.0,0,Champions
C03537,0.6689,High,6.8004,16.9263,76.97,69,1,2.0,0,New & Promising
C11346,0.6602,High,6.798,16.9203,77.96,57,1,2.0,0,New & Promising
C15438,0.1639,Low,6.7939,16.91,313.78,13,17,1.0,0,Champions
C00061,0.7761,High,6.7936,16.9092,66.27,56,1,2.0,0,New & Promising
C06542,0.9483,High,6.7926,16.9069,54.23,283,1,1.0,0,New & Promising
C17843,0.6123,High,6.7912,16.9034,83.97,110,6,0.5,0,Steady Regulars
C02572,0.8293,High,6.7884,16.8964,61.97,291,9,1.0,0,Steady Regulars
C15173,0.8153,High,6.7832,16.8835,62.99,206,1,1.0,0,New & Promising
C15357,0.6136,High,6.7808,16.8773,83.66,120,9,0.5,0,Steady Regulars
C17888,0.2415,Low,6.7797,16.8748,212.56,16,2,1.0,0,New & Promising
C07576,0.3043,Medium,6.7741,16.8608,168.55,1,2,3.0,0,Deal Hunters
C03452,0.0156,Low,6.7675,16.8445,3290.78,22,35,1.6,0,Champions
C07932,0.7777,High,6.7664,16.8417,65.87,132,1,0.5,0,Deal Hunters
C05274,0.5226,Medium,6.7635,16.8344,97.98,98,8,0.5,0,Steady Regulars
C00332,0.7213,High,6.762,16.8307,70.97,74,1,2.0,0,New & Promising
C08399,0.0177,Low,6.7618,16.8301,2887.89,5,30,4.0,0,Champions
C02562,0.1034,Low,6.7595,16.8244,494.89,8,5,1.3333,0,Champions
C13822,0.3707,Medium,6.7551,16.8135,137.96,6,2,1.0,0,New & Promising
C03106,0.6118,High,6.7541,16.8109,83.58,16,1,2.0,0,New & Promising
C02499,0.6315,High,6.7525,16.8071,80.95,149,2,0.5,0,New & Promising
C14584,0.4564,Medium,6.7516,16.8047,111.99,17,2,1.0,0,New & Promising
C09847,0.1482,Low,6.7514,16.8042,344.93,6,16,0.6667,0,Champions
C01428,0.7025,High,6.751,16.8033,72.75,16,1,2.0,0,New & Promising
C01160,0.0193,Low,6.7505,16.802,2653.37,7,32,0.8571,0,Champions
C10298,0.0344,Low,6.7489,16.7982,1486.75,10,13,0.875,0,Champions
C01584,0.6718,High,6.7424,16.782,75.98,43,1,2.0,0,New & Promising
C13378,0.2464,Low,6.7416,16.7799,207.11,16,17,2.5,0,Champions
C08251,0.2727,Low,6.7348,16.763,186.98,46,14,2.0,0,Champions
C16521,0.034,Low,6.732,16.7561,1499.9,9,14,0.7143,0,Champions
C07015,0.7283,High,6.732,16.7559,69.98,57,1,2.0,0,New & Promising
C10215,0.3803,Medium,6.7281,16.7464,133.95,59,4,1.0,0,Steady Regulars
C09698,0.7603,High,6.7273,16.7442,66.99,171,2,0.5,0,Steady Regulars
C17140,0.399,Medium,6.7223,16.7319,127.55,18,2,2.0,0,Deal Hunters
C01897,0.0277,Low,6.7146,16.7127,1836.05,9,29,1.25,0,Champions
C02734,0.7947,High,6.7135,16.7101,63.96,6,1,2.0,0,New & Promising
C08236,0.7159,High,6.7127,16.7081,70.99,111,1,0.5,0,New & Promising
C10198,0.8068,High,6.7125,16.7073,62.99,192,1,1.0,0,New & Promising
C03411,0.7943,High,6.7112,16.7042,63.97,138,1,0.5,0,New & Promising
C15238,0.2354,Low,6.7086,16.6977,215.75,24,3,4.0,0,New & Promising
C03688,0.7934,High,6.7058,16.6909,63.99,87,1,2.0,0,New & Promising
C00637,0.3627,Medium,6.7051,16.689,139.97,5,2,3.0,0,New & Promising
C09535,0.1162,Low,6.7032,16.6843,436.71,16,4,5.0,0,Steady Regulars
C12919,0.0184,Low,6.7015,16.6801,2761.42,5,44,1.2,0,Champions
C11167,0.0238,Low,6.6996,16.6754,2129.6,6,11,2.6667,0,Champions
C05738,0.8454,High,6.6974,16.6699,59.98,219,2,1.0,0,Steady Regulars
C17022,0.714,High,6.695,16.6639,70.99,96,1,0.5,0,New & Promising
C16358,0.101,Low,6.688,16.6465,501.52,3,25,1.3333,0,Champions
C03893,0.7896,High,6.6739,16.6113,63.99,40,1,2.0,0,New & Promising
C03542,0.9568,High,6.6702,16.6022,52.78,352,1,1.0,0,Deal Hunters
C14671,0.6919,High,6.6696,16.6006,72.98,28,1,2.0,0,Deal Hunters
C09661,0.7892,High,6.6695,16.6005,63.98,44,1,2.0,0,New & Promising
C07851,0.5897,Medium,6.6577,16.5711,85.47,51,1,2.0,0,New & Promising
C10171,0.4942,Medium,6.6568,16.5689,101.98,83,6,2.0,0,Champions
C05213,0.7195,High,6.6508,16.5539,69.98,125,1,0.5,0,New & Promising
C16191,0.5595,Medium,6.6496,16.5508,89.97,90,3,2.0,0,Steady Regulars
C00820,0.0207,Low,6.6481,16.5471,2432.63,8,22,2.0,0,Champions
C10015,0.1942,Low,6.6475,16.5457,259.14,14,5,5.0,0,Steady Regulars
C16366,0.7068,High,6.6457,16.5412,71.18,20,1,2.0,0,Deal Hunters
C01524,0.014,Low,6.6457,16.5412,3594.74,20,21,1.5,0,Champions
C03863,0.8065,High,6.645,16.5394,62.38,29,1,2.0,0,Deal Hunters
C04204,0.1046,Low,6.6432,16.5349,480.94,4,4,2.0,0,Steady Regulars
C06909,0.6987,High,6.6418,16.5315,71.97,188,9,1.0,0,Champions
C15089,0.4371,Medium,6.6376,16.5209,114.97,1,3,1.0,0,New & Promising
C17767,0.6735,High,6.6342,16.5127,74.57,141,4,0.5,0,Steady Regulars
C11244,0.7842,High,6.6273,16.4955,63.98,54,1,2.0,0,New & Promising
C13859,0.4598,Medium,6.6193,16.4755,108.99,87,9,2.0,0,Champions
C00392,0.9124,High,6.6151,16.4651,54.89,351,4,1.0,0,Steady Regulars
C06493,0.1167,Low,6.6147,16.464,428.95,44,3,4.0,0,Steady Regulars
C11792,0.642,High,6.6115,16.4561,77.97,7,1,2.0,0,New & Promising
C06945,0.7449,High,6.61,16.4523,67.18,35,1,2.0,0,Deal Hunters
C01039,0.0122,Low,6.6055,16.4412,4099.27,9,52,2.75,0,Champions
C05518,0.0123,Low,6.6035,16.4361,4058.76,19,55,2.0,0,Champions
C08709,0.6138,High,6.5969,16.4197,81.37,11,1,2.0,0,New & Promising
C10378,0.0426,Low,6.5951,16.4153,1171.12,8,21,0.8,0,Champions
C07828,0.012,Low,6.5941,16.4127,4164.24,15,44,1.25,0,Champions
C00530,0.3616,Medium,6.5898,16.402,137.95,51,9,2.0,0,Champions
C07616,0.178,Low,6.584,16.3876,280.06,23,4,2.0,0,Steady Regulars
C00577,0.9408,High,6.5826,16.3841,52.97,288,1,1.0,0,New & Promising
C15513,0.83,High,6.5754,16.3663,59.98,147,1,0.5,0,New & Promising
C06769,0.9218,High,6.5716,16.3567,53.97,293,1,1.0,0,New & Promising
C11065,0.0887,Low,6.5705,16.354,561.07,12,4,5.0,0,Steady Regulars
C16245,0.9211,High,6.5675,16.3466,53.98,222,1,1.0,0,New & Promising
C01917,0.0196,Low,6.5666,16.3443,2542.53,13,20,1.8,0,Champions
C01166,0.4766,Medium,6.5569,16.3203,104.16,18,5,2.0,0,Champions
C09709,0.3355,Medium,6.5569,16.3203,147.96,8,2,3.0,0,New & Promising
C00312,0.0096,Low,6.5566,16.3194,5194.63,4,67,2.3333,0,Champions
C06832,0.9366,High,6.5554,16.3165,52.99,243,1,1.0,0,New & Promising
C04599,0.5396,Medium,6.5549,16.3152,91.97,46,3,2.0,0,Steady Regulars
C14901,0.9547,High,6.5546,16.3145,51.98,231,1,1.0,0,New & Promising
C03022,0.5765,Medium,6.547,16.2956,85.97,12,1,2.0,0,New & Promising
C16823,0.9535,High,6.5465,16.2943,51.98,338,1,1.0,0,New & Promising
C02387,0.6118,High,6.5444,16.2889,80.98,9,1,2.0,0,New & Promising
C14145,0.0147,Low,6.5415,16.2819,3372.55,4,36,1.2,0,Champions
C12077,0.5503,Medium,6.5399,16.2778,89.98,23,3,1.0,0,Steady Regulars
C03938,0.8375,High,6.5257,16.2424,58.99,21,1,2.0,0,New & Promising
C04082,0.0399,Low,6.5237,16.2375,1236.33,12,36,1.1667,0,Champions
C15947,0.6836,High,6.5207,16.23,72.22,167,7,0.5,0,Champions
C07239,0.3973,Medium,6.5098,16.2029,124.06,34,7,3.0,0,Steady Regulars
C06335,0.9937,High,6.5089,16.2006,49.59,355,21,1.0,0,Champions
C10207,0.7042,High,6.5081,16.1987,69.97,58,1,2.0,0,New & Promising
C15894,0.8497,High,6.5074,16.1969,57.98,204,1,1.0,0,New & Promising
C16556,0.302,Medium,6.5061,16.1937,163.12,14,2,3.0,0,New & Promising
C10997,0.5412,Medium,6.5023,16.1843,90.96,85,6,1.0,0,Steady Regulars
C13464,0.7694,High,6.5002,16.1791,63.96,3,1,2.0,0,New & Promising
C06110,0.6564,High,6.5001,16.1789,74.97,81,1,2.0,0,New & Promising
C11038,0.6741,High,6.4986,16.175,72.98,157,3,0.5,0,New & Promising
C17009,0.4134,Medium,6.4906,16.1551,118.86,33,2,1.0,0,Deal Hunters
C10017,0.9099,High,6.4875,16.1475,53.98,358,5,1.0,0,Steady Regulars
C16109,0.3143,Medium,6.4872,16.1467,156.24,24,5,4.0,0,Steady Regulars
C00338,0.8462,High,6.4809,16.131,57.98,252,2,1.0,0,Steady Regulars
C12675,0.1958,Low,6.4742,16.1142,250.34,13,2,3.0,0,New & Promising
C15362,0.8172,High,6.4741,16.114,59.98,298,2,1.0,0,Steady Regulars
C14634,0.754,High,6.4711,16.1065,64.97,30,1,2.0,0,New & Promising
C07793,0.907,High,6.4682,16.0995,53.99,305,1,1.0,0,New & Promising
C16641,0.507,Medium,6.4605,16.0802,96.47,67,2,2.0,0,New & Promising
C16931,0.0203,Low,6.4449,16.0413,2405.97,2,21,1.0,0,Champions
C11860,0.3783,Medium,6.4441,16.0394,128.97,30,2,1.0,0,New & Promising
C04880,0.5061,Medium,6.436,16.0194,96.28,41,6,2.0,0,Steady Regulars
C14760,0.0678,Low,6.4356,16.0182,718.97,12,43,0.6667,0,Champions
C15030,0.0107,Low,6.4354,16.0177,4539.08,13,44,2.5,0,Champions
C02618,0.5234,Medium,6.4345,16.0156,93.08,32,2,3.0,0,Deal Hunters
C12590,0.8258,High,6.4334,16.0128,58.98,107,1,0.5,0,New & Promising
C16380,0.0239,Low,6.4333,16.0126,2033.78,6,40,1.0,0,Champions
C04588,0.1253,Low,6.4319,16.0091,388.71,14,4,2.0,0,Steady Regulars
C01614,0.5459,Medium,6.4154,15.9679,88.97,112,2,0.5,0,New & Promising
C05689,0.3421,Medium,6.4149,15.9668,141.96,3,2,3.0,0,New & Promising
C11728,0.6561,High,6.4109,15.9568,73.97,47,1,2.0,0,New & Promising
C09734,0.8226,High,6.4095,15.9532,58.99,21,1,2.0,0,New & Promising
C07497,0.7585,High,6.4088,15.9515,63.97,124,3,0.3333,0,Steady Regulars
C08076,0.4451,Medium,6.4069,15.9467,108.97,54,3,1.0,0,New & Promising
C10465,0.6928,High,6.4042,15.9401,69.98,30,1,2.0,0,New & Promising
C11650,0.951,High,6.404,15.9396,50.98,354,1,1.0,0,New & Promising
C05283,0.664,High,6.4018,15.934,72.99,171,9,0.5,0,Champions
C15447,0.1161,Low,6.3944,15.9158,416.95,18,3,4.0,0,Steady Regulars
C08890,0.1565,Low,6.389,15.9023,309.12,17,4,1.0,0,Steady Regulars
C04950,0.6719,High,6.3888,15.9019,71.99,105,1,0.5,0,New & Promising
C08477,0.5969,Medium,6.3837,15.889,80.97,6,1,2.0,0,New & Promising
C03052,0.7187,High,6.3771,15.8728,67.18,14,1,2.0,0,Deal Hunters
C16350,0.1861,Low,6.3748,15.8668,259.3,73,26,1.0,0,Champions
C14744,0.5549,Medium,6.3742,15.8654,86.97,12,3,3.0,0,Steady Regulars
C01239,0.9464,High,6.3729,15.8623,50.98,317,6,1.0,0,Steady Regulars
C01115,0.0119,Low,6.3729,15.8621,4056.94,23,53,2.0,0,Champions
C07487,0.4731,Medium,6.3717,15.8592,101.96,10,3,3.0,0,New & Promising
C15702,0.9846,High,6.3684,15.8511,48.97,357,24,1.0,0,Champions
C06654,0.91,High,6.3679,15.8497,52.98,313,1,1.0,0,New & Promising
C02683,0.4636,Medium,6.3667,15.8467,103.98,62,2,2.0,0,Steady Regulars
C08283,0.9273,High,6.3666,15.8465,51.98,319,1,1.0,0,New & Promising
C00102,0.8242,High,6.3569,15.8223,58.39,182,1,1.0,0,Deal Hunters
C16642,0.6419,High,6.3565,15.8213,74.97,71,1,2.0,0,New & Promising
C02418,0.1459,Low,6.3523,15.8109,329.71,10,3,4.0,0,Steady Regulars
C17665,0.9143,High,6.3502,15.8057,52.58,357,2,1.0,0,Deal Hunters
C07395,0.0229,Low,6.3429,15.7875,2097.25,11,48,1.3333,0,Champions
C04336,0.6861,High,6.3429,15.7875,69.99,62,1,2.0,0,New & Promising
C09043,0.8891,High,6.3397,15.7795,53.98,249,1,1.0,0,Deal Hunters
C17168,0.4112,Medium,6.338,15.7753,116.68,35,11,2.0,0,Champions
C03138,0.8273,High,6.337,15.7729,57.99,253,1,1.0,0,New & Promising
C14538,0.6664,High,6.3368,15.7723,71.99,23,1,2.0,0,New & Promising
C14933,0.2812,Low,6.3337,15.7646,170.54,8,3,1.5,0,New & Promising
C14934,0.7488,High,6.3288,15.7523,63.99,101,1,0.5,0,New & Promising
C05276,0.543,Medium,6.3258,15.7448,88.19,37,1,2.0,0,Deal Hunters
C05370,0.5208,Medium,6.3202,15.731,91.87,6,2,2.0,0,Deal Hunters
C03640,0.854,High,6.3162,15.721,55.99,157,1,0.5,0,New & Promising
C08105,0.8538,High,6.3122,15.711,55.97,357,2,1.0,0,Steady Regulars
C05075,0.6495,High,6.3104,15.7066,73.56,29,1,2.0,0,Deal Hunters
C11715,0.8841,High,6.3051,15.6934,53.99,188,1,1.0,0,New & Promising
C07070,0.1091,Low,6.297,15.6733,436.95,19,18,1.0,0,Champions
C08833,0.4024,Medium,6.292,15.6608,118.37,22,2,2.0,0,Deal Hunters
C11898,0.7785,High,6.2909,15.658,61.18,126,1,0.5,0,Deal Hunters
C05296,0.9162,High,6.2904,15.6569,51.98,312,2,1.0,0,Steady Regulars
C03876,0.7546,High,6.2786,15.6276,62.99,156,1,0.5,0,New & Promising
C17625,0.8339,High,6.2754,15.6195,56.97,201,1,1.0,0,New & Promising
C17534,0.4027,Medium,6.274,15.6161,117.96,64,7,2.0,0,Champions
C02364,0.6369,High,6.2563,15.572,74.37,185,11,1.0,0,Champions
C16009,0.8169,High,6.2562,15.5718,57.98,67,1,2.0,0,New & Promising
C08970,0.8937,High,6.255,15.5688,52.99,202,1,1.0,0,New & Promising
C08767,0.8108,High,6.2533,15.5646,58.39,180,1,0.5,0,Deal Hunters
C09263,0.9282,High,6.2488,15.5533,50.97,333,12,1.0,0,Steady Regulars
C14243,0.5054,Medium,6.2403,15.5323,93.47,82,5,2.0,0,Steady Regulars
C13150,0.0209,Low,6.2389,15.5286,2260.47,12,65,1.0,0,Champions
C17053,0.5554,Medium,6.2345,15.5177,84.98,11,1,2.0,0,New & Promising
C01729,0.5415,Medium,6.2343,15.5171,87.16,9,1,2.0,0,Deal Hunters
C11246,0.4,Medium,6.234,15.5166,117.98,5,2,2.0,0,New & Promising
C11187,0.5771,Medium,6.2336,15.5155,81.77,12,1,2.0,0,Deal Hunters
C08142,0.0212,Low,6.2263,15.4972,2219.94,9,7,2.0,0,Champions
C05534,0.2591,Low,6.2253,15.4947,181.87,19,3,1.5,0,Deal Hunters
C04038,0.1683,Low,6.2235,15.4903,279.92,1,5,5.0,0,Champions
C08702,0.4098,Medium,6.2223,15.4874,114.94,1,2,2.0,0,New & Promising
C07715,0.0231,Low,6.2207,15.4833,2041.79,8,31,2.6667,0,Champions
C11250,0.736,High,6.2206,15.483,63.99,158,1,0.5,0,New & Promising
C15054,0.0332,Low,6.2,15.4318,1413.93,9,27,2.0,0,Champions
C17268,0.0883,Low,6.197,15.4244,531.07,4,8,1.0,0,Steady Regulars
C01014,0.3348,Medium,6.1899,15.4068,139.96,20,8,1.0,0,Champions
C12162,0.8839,High,6.1865,15.3983,52.99,236,1,1.0,0,New & Promising
C12558,0.8832,High,6.1817,15.3863,52.99,310,2,1.0,0,Steady Regulars
C04099,0.0151,Low,6.1805,15.3833,3092.3,6,45,1.1429,0,Champions
C08660,0.3493,Medium,6.18,15.3822,133.95,8,2,3.0,0,New & Promising
C13486,0.9176,High,6.1789,15.3794,50.98,364,3,1.0,0,Steady Regulars
C17984,0.7086,High,6.1751,15.37,65.98,174,1,0.5,0,New & Promising
C03077,0.6679,High,6.174,15.3671,69.98,55,1,2.0,0,New & Promising
C15778,0.8055,High,6.1703,15.3579,57.99,14,1,2.0,0,New & Promising
C03517,0.7143,High,6.1689,15.3543,65.38,127,2,0.5,0,Steady Regulars
C01161,0.0128,Low,6.1687,15.354,3654.22,18,27,0.6,0,Champions
C09546,0.197,Low,6.1552,15.3204,236.54,12,3,1.5,0,Steady Regulars
C05799,0.0843,Low,6.1543,15.3181,552.65,3,8,0.6667,0,Champions
C08732,0.0096,Low,6.1514,15.311,4869.06,18,29,0.75,0,Champions
C11536,0.6653,High,6.1499,15.307,69.98,28,1,2.0,0,New & Promising
C13511,0.8311,High,6.1464,15.2983,55.99,4,1,2.0,0,New & Promising
C15593,0.0079,Low,6.1437,15.2916,5860.85,2,55,1.5556,0,Champions
C07685,0.8006,High,6.1431,15.2903,58.09,38,1,2.0,0,Deal Hunters
C09824,0.3319,Medium,6.1352,15.2706,139.93,41,4,3.0,0,Steady Regulars
C04031,0.5621,Medium,6.13,15.2577,82.56,13,3,2.0,0,Deal Hunters
C00076,0.3554,Medium,6.1291,15.2553,130.57,32,11,2.0,0,Champions
C01814,0.7997,High,6.1256,15.2467,57.99,22,1,2.0,0,New & Promising
C15727,0.7241,High,6.1191,15.2304,63.98,7,1,2.0,0,New & Promising
C08132,0.7355,High,6.1184,15.2287,62.98,121,1,0.5,0,New & Promising
C09940,0.5939,Medium,6.1171,15.2255,77.98,17,1,2.0,0,New & Promising
C04841,0.487,Medium,6.1151,15.2204,95.07,24,4,3.0,0,Deal Hunters
C09676,0.0119,Low,6.1085,15.2041,3885.97,11,61,1.2,0,Champions
C15143,0.7342,High,6.1064,15.1988,62.97,16,1,2.0,0,Deal Hunters
C01624,0.8256,High,6.1061,15.1981,55.99,151,1,0.5,0,New & Promising
C09681,0.6506,High,6.1009,15.1851,70.99,138,2,0.5,0,New & Promising
C16383,0.0162,Low,6.1005,15.1841,2851.71,6,10,5.0,0,Champions
C08967,0.0185,Low,6.097,15.1754,2491.56,28,46,1.4,0,Champions
C07820,0.8099,High,6.0969,15.1753,56.99,53,1,2.0,0,New & Promising
C11355,0.316,Medium,6.0928,15.165,145.96,2,2,3.0,0,New & Promising
C11088,0.9407,High,6.0873,15.1514,48.99,325,1,1.0,0,New & Promising
C09841,0.8031,High,6.0869,15.1502,57.38,34,1,2.0,0,Deal Hunters
C08831,0.0399,Low,6.0814,15.1366,1153.31,2,9,10.0,0,Champions
C06823,0.2288,Low,6.0712,15.1112,200.88,43,4,2.0,0,New & Promising
C01607,0.5666,Medium,6.0682,15.1038,81.08,17,1,2.0,0,New & Promising
C15392,0.1169,Low,6.0655,15.0971,392.93,3,3,4.0,0,Steady Regulars
C06937,0.7618,High,6.0649,15.0957,60.27,243,6,1.0,0,Steady Regulars
C05188,0.1319,Low,6.0595,15.0821,347.71,13,3,1.5,0,Steady Regulars
C00045,0.3779,Medium,6.0575,15.0772,121.37,18,2,1.0,0,New & Promising
C13470,0.0123,Low,6.0519,15.0631,3730.24,13,30,1.4286,0,Champions
C16307,0.9547,High,6.0518,15.063,47.99,335,1,1.0,0,New & Promising
C09154,0.1747,Low,6.0492,15.0565,262.12,5,3,1.5,0,Steady Regulars
C13296,0.7262,High,6.0425,15.0398,62.99,227,5,1.0,0,Steady Regulars
C06413,0.5973,Medium,6.0422,15.0391,76.58,26,1,2.0,0,Deal Hunters
C09330,0.7884,High,6.0371,15.0263,57.97,229,5,1.0,0,Steady Regulars
C17471,0.8623,High,6.0352,15.0216,52.99,207,1,1.0,0,New & Promising
C16050,0.9403,High,6.0349,15.0209,48.59,347,1,1.0,0,Deal Hunters
C06863,0.2684,Low,6.0254,14.9973,169.96,23,11,1.0,0,Champions
C12288,0.7865,High,6.023,14.9914,57.98,7,1,2.0,0,New & Promising
C08906,0.9913,High,6.0221,14.989,45.99,351,18,1.0,0,Champions
C01341,0.389,Medium,6.0201,14.9841,117.16,59,2,1.0,0,New & Promising
C09306,0.8422,High,6.005,14.9465,53.98,282,10,1.0,0,Champions
C13727,0.7575,High,6.0018,14.9384,59.98,16,1,2.0,0,New & Promising
C08952,0.4783,Medium,5.9996,14.9331,94.97,1,2,2.0,0,New & Promising
C00539,0.7323,High,5.9955,14.9229,61.98,92,1,0.5,0,New & Promising
C05356,0.934,High,5.9932,14.9171,48.58,335,1,1.0,0,Deal Hunters
C00705,0.7417,High,5.9749,14.8715,60.99,12,1,2.0,0,New & Promising
C00209,0.9226,High,5.9702,14.8598,48.99,273,1,1.0,0,New & Promising
C11820,0.508,Medium,5.9696,14.8584,88.97,46,2,3.0,0,New & Promising
C16621,0.4519,Medium,5.9684,14.8554,99.98,71,2,2.0,0,New & Promising
C07841,0.0173,Low,5.9598,14.8339,2603.74,10,52,1.4,0,Champions
C07089,0.4472,Medium,5.9539,14.8193,100.79,15,2,3.0,0,Deal Hunters
C12354,0.9189,High,5.9462,14.8001,48.99,289,1,1.0,0,New & Promising
C00512,0.1567,Low,5.9448,14.7967,287.19,27,3,4.0,0,Steady Regulars
C07307,0.4933,Medium,5.9337,14.7691,91.06,73,2,1.0,0,Deal Hunters
C05284,0.956,High,5.9337,14.769,46.99,359,1,1.0,0,New & Promising
C07072,0.7011,High,5.9259,14.7496,63.99,157,2,0.5,0,Steady Regulars
C01134,0.6697,High,5.9255,14.7485,66.99,116,1,0.5,0,New & Promising
C12302,0.6317,High,5.9236,14.7439,70.99,114,6,0.5,0,Steady Regulars
C11631,0.8297,High,5.9166,14.7265,53.99,185,1,1.0,0,New & Promising
C02343,0.9736,High,5.9141,14.7201,45.99,355,16,1.0,0,Champions
C04160,0.6991,High,5.9092,14.708,63.99,171,4,0.5,0,Steady Regulars
C15222,0.7458,High,5.9086,14.7065,59.98,49,1,2.0,0,New & Promising
C06261,0.491,Medium,5.8991,14.6829,90.96,41,2,2.0,0,New & Promising
C04360,0.2551,Low,5.8962,14.6756,174.97,4,13,3.0,0,Champions
C12125,0.1537,Low,5.894,14.6702,290.38,31,5,2.5,0,Steady Regulars
C01683,0.6759,High,5.8901,14.6604,65.97,85,1,2.0,0,New & Promising
C05273,0.9175,High,5.8884,14.6563,48.59,259,18,1.0,0,Champions
C06977,0.8255,High,5.8873,14.6536,53.99,180,1,0.5,0,New & Promising
C03379,0.0148,Low,5.8772,14.6283,3013.31,5,45,1.4,0,Champions
C04683,0.9511,High,5.8757,14.6247,46.77,341,5,1.0,0,Steady Regulars
C07835,0.8394,High,5.8752,14.6235,52.99,196,1,1.0,0,New & Promising
C02485,0.0251,Low,5.8611,14.5884,1769.88,5,10,1.4,0,Champions
C09728,0.0326,Low,5.8578,14.5802,1361.09,11,12,1.6667,0,Champions
C16490,0.9238,High,5.8556,14.5745,47.99,351,1,1.0,0,New & Promising
C13045,0.0829,Low,5.8457,14.5499,533.92,8,28,2.0,0,Champions
C15730,0.026,Low,5.8438,14.5453,1700.37,7,47,1.3333,0,Champions
C00212,0.048,Low,5.8381,14.531,920.3,16,7,3.5,0,Champions
C08809,0.8321,High,5.8242,14.4964,52.99,192,1,1.0,0,New & Promising
C10141,0.8804,High,5.8134,14.4696,49.99,225,1,1.0,0,New & Promising
C00157,0.0532,Low,5.8127,14.4679,827.93,10,9,4.5,0,Steady Regulars
C02477,0.1984,Low,5.8104,14.4621,221.75,24,4,2.0,0,New & Promising
C04895,0.0147,Low,5.7979,14.4311,2981.4,8,27,0.8571,0,Champions
C09424,0.8614,High,5.7969,14.4285,50.95,265,4,1.0,0,Steady Regulars
C14807,0.0207,Low,5.7961,14.4264,2118.33,9,36,1.75,0,Champions
C16076,0.8119,High,5.7878,14.4059,53.97,164,1,0.5,0,New & Promising
C08720,0.8114,High,5.7842,14.3968,53.97,112,1,0.5,0,New & Promising
C17055,0.8261,High,5.7824,14.3924,52.99,229,5,1.0,0,Steady Regulars
C00393,0.9519,High,5.7814,14.3899,45.98,332,1,1.0,0,New & Promising
C16622,0.1499,Low,5.78,14.3865,291.95,11,3,4.0,0,New & Promising
C06579,0.9113,High,5.7754,14.3749,47.98,282,1,1.0,0,New & Promising
C11996,0.4913,Medium,5.7742,14.3719,88.97,64,2,2.0,0,New & Promising
C17421,0.7948,High,5.7731,14.3693,54.99,53,1,2.0,0,New & Promising
C00352,0.8097,High,5.7731,14.3693,53.98,289,3,1.0,0,Steady Regulars
C03588,0.0175,Low,5.7699,14.3612,2501.26,1,58,2.6667,0,Champions
C00143,0.0137,Low,5.7689,14.3588,3189.82,13,34,2.0,0,Champions
C01937,0.7023,High,5.7551,14.3246,62.04,169,5,0.5,0,Steady Regulars
C06271,0.701,High,5.7537,14.3211,62.14,197,3,1.0,0,Steady Regulars
C04448,0.8371,High,5.7482,14.3074,51.99,134,1,0.5,0,New & Promising
C10885,0.1441,Low,5.748,14.3067,301.9,23,25,2.0,0,Champions
C00828,0.2839,Low,5.7429,14.2941,153.15,19,3,4.0,0,Deal Hunters
C10955,0.0264,Low,5.7385,14.2831,1647.58,6,53,0.8333,0,Champions
C02332,0.7441,High,5.7381,14.2822,58.38,26,1,2.0,0,New & Promising
C00986,0.8046,High,5.7369,14.2791,53.98,99,1,0.5,0,New & Promising
C05561,0.1708,Low,5.7366,14.2784,254.25,22,4,5.0,0,New & Promising
C00748,0.8854,High,5.7261,14.2524,48.96,314,1,1.0,0,New & Promising
C14612,0.2829,Low,5.7227,14.2438,153.16,2,3,1.5,0,Deal Hunters
C05797,0.7338,High,5.7169,14.2293,58.98,175,1,0.5,0,New & Promising
C06386,0.9204,High,5.7125,14.2185,46.99,236,1,1.0,0,New & Promising
C14406,0.1415,Low,5.7117,14.2164,305.66,4,18,1.0,0,Champions
C13828,0.8008,High,5.7095,14.211,53.98,182,1,1.0,0,New & Promising
C13202,0.6749,High,5.7047,14.1991,63.99,58,1,2.0,0,New & Promising
C02383,0.8842,High,5.6968,14.1794,48.78,312,1,1.0,0,Deal Hunters
C08285,0.5501,Medium,5.6941,14.1726,78.37,36,1,2.0,0,Deal Hunters
C14663,0.4369,Medium,5.6941,14.1726,98.67,28,2,3.0,0,New & Promising
C17682,0.9169,High,5.6909,14.1648,46.99,311,1,1.0,0,New & Promising
C13347,0.4104,Medium,5.6882,14.1579,104.94,31,3,2.0,0,Deal Hunters
C05560,0.2164,Low,5.6873,14.1557,198.97,15,3,4.0,0,New & Promising
C11068,0.9161,High,5.6862,14.1529,46.99,306,1,1.0,0,New & Promising
C08389,0.8148,High,5.6818,14.142,52.79,20,1,2.0,0,Deal Hunters
C03974,0.9352,High,5.6812,14.1405,45.99,320,1,1.0,0,New & Promising
C09390,0.2283,Low,5.6805,14.1388,188.35,27,4,4.0,0,New & Promising
C17846,0.7683,High,5.6802,14.1381,55.97,143,1,0.5,0,New & Promising
C12146,0.4521,Medium,5.6709,14.1149,94.97,81,4,2.0,0,Steady Regulars
C16202,0.3669,Medium,5.6678,14.1072,116.96,14,5,1.0,0,Champions
C04153,0.803,High,5.6615,14.0916,53.38,199,1,1.0,0,Deal Hunters
C01108,0.612,High,5.6574,14.0813,69.98,74,1,2.0,0,New & Promising
C11786,0.779,High,5.6573,14.081,54.98,41,1,2.0,0,New & Promising
C11995,0.7424,High,5.6466,14.0545,57.58,45,1,2.0,0,New & Promising
C08725,0.8725,High,5.6462,14.0533,48.99,320,6,1.0,0,Steady Regulars
C17875,0.9094,High,5.6444,14.049,46.99,335,4,1.0,0,Steady Regulars
C10532,0.0792,Low,5.6436,14.0469,539.14,11,6,1.0,0,Steady Regulars
C16554,0.8217,High,5.643,14.0455,51.99,112,1,0.5,0,New & Promising
C06361,0.8898,High,5.6401,14.0382,47.99,209,1,1.0,0,New & Promising
C08742,0.5607,Medium,5.6378,14.0325,76.13,11,3,3.0,0,Steady Regulars
C15696,0.2479,Low,5.6308,14.015,171.93,21,3,1.5,0,New & Promising
C15857,0.6455,High,5.6262,14.0037,65.99,60,1,2.0,0,New & Promising
C01741,0.5255,Medium,5.6207,13.9899,80.97,81,3,3.0,0,New & Promising
C11657,0.1614,Low,5.6196,13.9872,263.62,34,17,1.0,0,Champions
C02498,0.5123,Medium,5.6139,13.9731,82.96,75,2,1.0,0,Deal Hunters
C15944,0.9662,High,5.6088,13.9603,43.95,354,12,1.0,0,Steady Regulars
C05381,0.488,Medium,5.6069,13.9557,86.99,50,2,1.0,0,New & Promising
C03425,0.7075,High,5.6053,13.9515,59.98,77,1,2.0,0,New & Promising
C07670,0.6066,High,5.6051,13.951,69.96,139,5,0.5,0,Steady Regulars
C13020,0.0213,Low,5.5935,13.9223,1990.2,3,54,2.0,0,Champions
C00105,0.4549,Medium,5.5868,13.9056,92.98,23,2,2.0,0,New & Promising
C01561,0.3896,Medium,5.5835,13.8973,108.51,31,9,3.0,0,Champions
C11220,0.6039,High,5.5827,13.8953,69.99,44,1,2.0,0,New & Promising
C17931,0.0684,Low,5.581,13.8911,617.9,28,4,5.0,0,Steady Regulars
C16481,0.4992,Medium,5.5722,13.8693,84.51,80,6,0.6667,0,Steady Regulars
C08625,0.9169,High,5.57,13.8638,45.99,306,1,1.0,0,New & Promising
C12769,0.4416,Medium,5.5688,13.8608,95.48,14,6,3.0,0,Champions
C00553,0.1947,Low,5.5688,13.8607,216.57,26,17,2.0,0,Champions
C10480,0.3971,Medium,5.5685,13.8599,106.15,19,2,1.0,0,New & Promising
C02081,0.1828,Low,5.5651,13.8516,230.5,19,4,2.0,0,Steady Regulars
C07029,0.8591,High,5.558,13.8339,48.98,218,1,1.0,0,New & Promising
C11981,0.3829,Medium,5.5571,13.8317,109.87,35,2,2.0,0,Deal Hunters
C06835,0.9167,High,5.5553,13.8272,45.88,323,1,1.0,0,Deal Hunters
C16699,0.0689,Low,5.553,13.8215,610.27,23,6,7.0,0,Steady Regulars
C15776,0.5922,Medium,5.5527,13.8206,70.99,140,4,0.5,0,Deal Hunters
C13282,0.4542,Medium,5.5416,13.793,92.37,15,2,1.0,0,Deal Hunters
C08325,0.4714,Medium,5.5394,13.7876,88.96,46,5,2.0,0,Steady Regulars
C14645,0.9314,High,5.5338,13.7737,44.98,338,1,1.0,0,Deal Hunters
C17540,0.7072,High,5.5322,13.7696,59.22,182,3,1.0,0,New & Promising
C06426,0.748,High,5.5321,13.7695,55.99,149,1,0.5,0,New & Promising
C12654,0.7759,High,5.532,13.7692,53.98,58,1,2.0,0,New & Promising
C15955,0.6543,High,5.5303,13.765,63.99,21,1,2.0,0,New & Promising
C14843,0.7666,High,5.5266,13.7558,54.58,33,1,2.0,0,Deal Hunters
C14374,0.4452,Medium,5.526,13.7542,93.98,24,7,3.0,0,Champions
C00310,0.4017,Medium,5.516,13.7294,103.96,27,2,3.0,0,New & Promising
C16837,0.6234,High,5.5157,13.7285,66.98,104,1,0.5,0,New & Promising
C13980,0.587,Medium,5.5038,13.6989,70.98,45,2,2.0,0,Steady Regulars
C13550,0.3405,Medium,5.5034,13.698,122.35,14,9,2.0,0,Champions
C14683,0.886,High,5.4995,13.6882,46.99,247,1,1.0,0,New & Promising
C11434,0.4027,Medium,5.4973,13.6827,103.34,13,2,3.0,0,Deal Hunters
C11215,0.3657,Medium,5.4948,13.6765,113.75,48,5,0.5,0,New & Promising
C00825,0.4398,Medium,5.4941,13.675,94.57,20,2,2.0,0,Steady Regulars
C09720,0.4792,Medium,5.4921,13.6699,86.77,17,2,1.0,0,Deal Hunters
C06320,0.8246,High,5.4887,13.6614,50.39,128,1,0.5,0,Deal Hunters
C14208,0.6203,High,5.4869,13.6568,66.97,71,1,2.0,0,New & Promising
C16663,0.3991,Medium,5.4784,13.6358,103.92,31,3,2.0,0,New & Promising
C09202,0.9598,High,5.4755,13.6284,43.19,342,1,1.0,0,Deal Hunters
C14715,0.0105,Low,5.4636,13.5989,3942.86,13,39,1.1429,0,Champions
C10193,0.0299,Low,5.4632,13.5979,1381.49,3,6,7.0,0,Champions
C05077,0.2378,Low,5.4613,13.5933,173.85,18,3,4.0,0,New & Promising
C01357,0.6868,High,5.458,13.5849,60.16,37,1,2.0,0,Deal Hunters
C13981,0.7379,High,5.456,13.58,55.98,18,1,2.0,0,New & Promising
C11037,0.7652,High,5.4559,13.5799,53.98,155,1,0.5,0,New & Promising
C12198,0.2518,Low,5.4542,13.5757,163.96,27,16,2.0,0,Champions
C00550,0.1102,Low,5.4539,13.5749,374.58,17,13,1.0,0,Champions
C13170,0.9554,High,5.4505,13.5662,43.19,344,1,1.0,0,Deal Hunters
C11493,0.1388,Low,5.4479,13.5599,297.21,6,4,5.0,0,Deal Hunters
C01914,0.3242,Medium,5.4456,13.5542,127.18,9,2,1.0,0,New & Promising
C01949,0.7898,High,5.4434,13.5487,52.18,54,1,2.0,0,New & Promising
C06922,0.1316,Low,5.4359,13.53,312.72,26,4,2.0,0,Steady Regulars
C09033,0.0129,Low,5.4358,13.5297,3192.67,1,54,1.5,0,Champions
C08929,0.4155,Medium,5.4318,13.5197,98.98,79,9,2.0,0,Champions
C05896,0.8952,High,5.4253,13.5036,45.88,245,1,1.0,0,Deal Hunters
C00756,0.7607,High,5.4236,13.4994,53.98,229,2,1.0,0,Steady Regulars
C10942,0.3507,Medium,5.4226,13.4969,117.07,18,2,1.0,0,New & Promising
C01627,0.8375,High,5.4198,13.4898,48.99,256,2,1.0,0,Steady Regulars
C11570,0.57,Medium,5.4186,13.487,71.97,120,10,0.5,0,Steady Regulars
C12869,0.7322,High,5.4149,13.4777,55.99,148,1,0.5,0,New & Promising
C08971,0.0315,Low,5.4041,13.4508,1299.76,12,9,1.0,0,Champions
C08743,0.1131,Low,5.4039,13.4503,361.57,11,5,2.5,0,Steady Regulars
C02942,0.7303,High,5.3998,13.4401,55.98,103,1,0.5,0,New & Promising
C01276,0.8586,High,5.3973,13.4339,47.59,140,1,0.5,0,Deal Hunters
C08841,0.8695,High,5.3971,13.4334,46.99,327,6,1.0,0,Steady Regulars
C01504,0.009,Low,5.3848,13.4029,4553.42,20,62,0.8571,0,Champions
C10633,0.8092,High,5.3786,13.3873,50.32,258,7,1.0,0,Deal Hunters
C07848,0.3791,Medium,5.3754,13.3794,107.35,34,2,1.0,0,Deal Hunters
C03358,0.0098,Low,5.3706,13.3675,4146.96,17,50,0.8,0,Champions
C14705,0.7532,High,5.3706,13.3674,53.98,49,1,2.0,0,New & Promising
C16497,0.8838,High,5.3677,13.3601,45.98,322,1,1.0,0,New & Promising
C06568,0.8292,High,5.3657,13.3552,48.99,254,12,1.0,0,Champions
C03858,0.3862,Medium,5.3648,13.3531,105.17,32,7,1.0,0,Champions
C01693,0.7964,High,5.363,13.3487,50.98,248,3,1.0,0,Steady Regulars
C14192,0.0132,Low,5.3619,13.3459,3084.19,3,31,1.3333,0,Champions
C09744,0.3464,Medium,5.3527,13.3228,116.97,11,2,3.0,0,New & Promising
C13142,0.4359,Medium,5.3519,13.321,92.96,12,2,2.0,0,New & Promising
C04168,0.0174,Low,5.3505,13.3174,2332.23,20,50,0.8571,0,Champions
C01182,0.3026,Medium,5.3452,13.3043,133.75,69,14,1.0,0,Champions
C01669,0.8094,High,5.3438,13.3007,49.98,67,1,2.0,0,New & Promising
C06090,0.6113,High,5.3274,13.2598,65.98,75,1,2.0,0,New & Promising
C05616,0.879,High,5.3269,13.2586,45.88,236,1,1.0,0,Deal Hunters
C11444,0.3103,Medium,5.3252,13.2544,129.94,15,2,1.0,0,Deal Hunters
C03201,0.9505,High,5.3221,13.2467,42.39,360,3,1.0,0,Steady Regulars
C02535,0.4718,Medium,5.3207,13.2433,85.38,52,3,2.0,0,Deal Hunters
C07480,0.167,Low,5.3189,13.2387,241.13,16,4,5.0,0,Deal Hunters
C06149,0.4205,Medium,5.3186,13.2379,95.76,21,2,3.0,0,Deal Hunters
C16582,0.7725,High,5.3042,13.2021,51.98,232,3,1.0,0,Steady Regulars
C15935,0.5737,Medium,5.3028,13.1987,69.98,8,1,2.0,0,New & Promising
C15579,0.819,High,5.299,13.1891,48.98,187,1,1.0,0,New & Promising
C13265,0.9548,High,5.2957,13.181,41.99,348,1,1.0,0,New & Promising
C04201,0.6575,High,5.295,13.1792,60.97,201,8,1.0,0,Champions
C01296,0.0114,Low,5.2906,13.1684,3506.07,12,43,1.5,0,Champions
C00848,0.4126,Medium,5.2859,13.1565,96.98,17,5,0.6667,0,Steady Regulars
C03420,0.2768,Low,5.2843,13.1526,144.52,18,2,1.0,0,New & Promising
C10080,0.8078,High,5.2795,13.1407,49.48,279,2,1.0,0,New & Promising
C09873,0.0067,Low,5.2757,13.1312,5998.84,12,44,0.9167,0,Champions
C13297,0.4756,Medium,5.274,13.127,83.96,42,2,3.0,0,New & Promising
C10793,0.8551,High,5.2715,13.1207,46.67,301,8,1.0,0,Steady Regulars
C07520,0.7984,High,5.271,13.1196,49.98,98,1,0.5,0,New & Promising
C03810,0.9503,High,5.271,13.1194,41.99,351,8,1.0,0,Steady Regulars
C11807,0.6478,High,5.2704,13.1181,61.59,32,1,2.0,0,Deal Hunters
C07463,0.7982,High,5.2694,13.1156,49.98,64,1,2.0,0,New & Promising
C10684,0.5461,Medium,5.2624,13.0982,72.95,79,4,1.0,0,New & Promising
C06146,0.5043,Medium,5.2607,13.094,78.97,99,4,0.5,0,Steady Regulars
C00006,0.6223,High,5.2586,13.0887,63.97,147,3,0.5,0,New & Promising
C05698,0.1014,Low,5.2559,13.0821,392.52,8,4,5.0,0,Steady Regulars
C04982,0.8462,High,5.2521,13.0726,46.99,285,2,1.0,0,New & Promising
C14171,0.8283,High,5.2506,13.0687,47.99,61,1,2.0,0,New & Promising
C00763,0.8277,High,5.2466,13.0587,47.99,164,1,0.5,0,New & Promising
C01532,0.9452,High,5.2422,13.048,41.99,328,1,1.0,0,New & Promising
C02990,0.0179,Low,5.2404,13.0435,2216.62,10,68,0.7,0,Champions
C05301,0.7624,High,5.2352,13.0305,51.99,120,1,0.5,0,New & Promising
C09100,0.5861,Medium,5.2243,13.0034,67.48,64,4,2.0,0,Steady Regulars
C06087,0.7463,High,5.2235,13.0013,52.99,216,4,1.0,0,Steady Regulars
C02559,0.797,High,5.2194,12.9912,49.58,194,1,1.0,0,Deal Hunters
C13024,0.8284,High,5.2183,12.9885,47.69,210,1,1.0,0,Deal Hunters
C04932,0.8773,High,5.2109,12.97,44.97,364,5,1.0,0,Steady Regulars
C12343,0.0285,Low,5.2101,12.968,1386.0,4,12,0.75,0,Champions
C07302,0.0962,Low,5.2086,12.9642,409.93,2,3,4.0,0,Steady Regulars
C17874,0.6628,High,5.2066,12.9593,59.47,146,3,0.3333,0,Steady Regulars
C07781,0.7577,High,5.202,12.9478,51.98,48,1,2.0,0,New & Promising
C00929,0.8377,High,5.1993,12.941,46.99,253,6,1.0,0,Steady Regulars
C12332,0.1531,Low,5.1949,12.9302,256.92,12,11,1.0,0,Champions
C11126,0.7024,High,5.1936,12.927,55.98,25,1,2.0,0,New & Promising
C09000,0.0838,Low,5.1917,12.9221,469.07,17,4,5.0,0,Steady Regulars
C14883,0.0139,Low,5.1884,12.914,2819.24,5,56,0.875,0,Champions
C09004,0.6894,High,5.1875,12.9116,56.97,9,1,2.0,0,New & Promising
C11854,0.4672,Medium,5.182,12.8981,83.98,50,2,2.0,0,New & Promising
C15077,0.7543,High,5.1798,12.8926,51.99,79,1,2.0,0,New & Promising
C09513,0.8519,High,5.1736,12.8772,45.98,191,1,1.0,0,New & Promising
C05976,0.9068,High,5.1729,12.8754,43.19,283,1,1.0,0,Deal Hunters
C04995,0.6318,High,5.1724,12.8742,61.98,135,2,0.5,0,New & Promising
C14666,0.8156,High,5.1702,12.8687,47.99,165,1,0.5,0,New & Promising
C13906,0.5773,Medium,5.1689,12.8654,67.78,17,2,2.0,0,Steady Regulars
C11418,0.8893,High,5.167,12.8608,43.99,130,1,0.5,0,New & Promising
C06066,0.9316,High,5.1658,12.8578,41.98,231,1,1.0,0,New & Promising
C10349,0.4446,Medium,5.1658,12.8576,87.97,55,2,1.0,0,New & Promising
C06394,0.7076,High,5.1652,12.8563,55.26,36,1,2.0,0,Deal Hunters
C08959,0.5072,Medium,5.157,12.8358,76.98,46,6,2.0,0,Champions
C07183,0.1592,Low,5.1482,12.8139,244.78,1,5,2.5,0,Deal Hunters
C06906,0.7804,High,5.1466,12.81,49.93,245,7,1.0,0,Steady Regulars
C08994,0.955,High,5.1454,12.8069,40.79,356,1,1.0,0,Deal Hunters
C02368,0.8105,High,5.1378,12.788,47.99,151,1,0.5,0,New & Promising
C10007,0.0987,Low,5.1301,12.7688,393.35,4,28,2.5,0,Champions
C13313,0.5395,Medium,5.1279,12.7633,71.96,11,1,2.0,0,New & Promising
C17352,0.7464,High,5.125,12.7561,51.98,124,1,0.5,0,New & Promising
C13397,0.8148,High,5.1222,12.7491,47.59,129,1,0.5,0,Deal Hunters
C11971,0.9,High,5.1091,12.7167,42.98,232,1,1.0,0,New & Promising
C02702,0.4832,Medium,5.1051,12.7065,79.99,10,6,2.0,0,Champions
C17837,0.3789,Medium,5.1039,12.7037,101.98,5,2,3.0,0,New & Promising
C16873,0.9203,High,5.1031,12.7018,41.98,293,1,1.0,0,New & Promising
C09992,0.0079,Low,5.0977,12.6881,4901.18,3,66,1.5714,0,Champions
C16571,0.7712,High,5.09,12.6691,49.97,120,1,0.5,0,New & Promising
C17524,0.8757,High,5.0882,12.6645,43.99,209,1,1.0,0,New & Promising
C04389,0.4188,Medium,5.0848,12.6561,91.92,20,2,2.0,0,Deal Hunters
C02959,0.8557,High,5.0831,12.6518,44.97,256,1,1.0,0,New & Promising
C08046,0.713,High,5.0829,12.6513,53.97,75,1,2.0,0,New & Promising
C16199,0.0057,Low,5.0791,12.6419,6709.32,11,32,1.0,0,Champions
C09116,0.9043,High,5.0679,12.614,42.43,289,1,1.0,0,Deal Hunters
C05253,0.8526,High,5.0667,12.6111,44.99,212,1,1.0,0,New & Promising
C07746,0.6724,High,5.0596,12.5935,56.97,119,2,0.5,0,Steady Regulars
C08039,0.6178,High,5.0576,12.5884,61.98,71,3,2.0,0,Steady Regulars
C03926,0.2936,Low,5.0564,12.5855,130.4,12,12,0.6667,0,Champions
C14142,0.8896,High,5.0502,12.57,42.98,225,1,1.0,0,New & Promising
C06184,0.013,Low,5.0478,12.5641,2938.29,17,36,1.0,0,Champions
C01806,0.7209,High,5.0452,12.5575,52.98,214,3,1.0,0,Steady Regulars
C05642,0.1117,Low,5.0405,12.5458,341.48,13,20,4.0,0,Champions
C15436,0.0575,Low,5.0362,12.5351,662.57,6,5,6.0,0,Steady Regulars
C11205,0.9296,High,5.032,12.5246,40.98,337,1,1.0,0,New & Promising
C09466,0.9521,High,5.0277,12.5139,39.98,325,9,1.0,0,Champions
C10295,0.7049,High,5.0257,12.5091,53.98,136,2,0.5,0,Steady Regulars
C11624,0.7048,High,5.025,12.5072,53.98,57,1,2.0,0,New & Promising
C13949,0.0311,Low,5.0204,12.4958,1223.07,17,11,4.5,0,Champions
C01773,0.5651,Medium,5.0195,12.4937,67.25,19,1,2.0,0,Deal Hunters
C07320,0.1517,Low,5.0173,12.4881,250.32,3,4,0.6667,0,Champions
C09315,0.5845,Medium,5.0163,12.4856,64.97,9,2,2.0,0,New & Promising
C11588,0.9044,High,5.0151,12.4825,41.98,274,1,1.0,0,New & Promising
C10696,0.7248,High,5.0145,12.4811,52.38,19,1,2.0,0,Deal Hunters
C13702,0.7303,High,5.0141,12.4801,51.98,182,2,1.0,0,Steady Regulars
C08807,0.1825,Low,5.0138,12.4793,207.94,18,3,1.5,0,New & Promising
C17236,0.4832,Medium,5.0086,12.4664,78.47,37,7,3.0,0,Steady Regulars
C05619,0.5578,Medium,5.0073,12.4632,67.96,5,1,2.0,0,New & Promising
C14257,0.5253,Medium,4.994,12.4301,71.97,73,9,2.0,0,Champions
C04016,0.8389,High,4.9855,12.409,44.99,221,1,1.0,0,New & Promising
C17440,0.4775,Medium,4.9805,12.3964,78.97,17,2,2.0,0,New & Promising
C16848,0.8976,High,4.9782,12.3907,41.99,327,2,1.0,0,New & Promising
C08410,0.7682,High,4.9697,12.3696,48.98,238,10,1.0,0,Steady Regulars
C06571,0.7902,High,4.9659,12.3602,47.58,136,1,0.5,0,Deal Hunters
C16835,0.0095,Low,4.9653,12.3586,3972.7,18,30,1.2,0,Champions
C16384,0.3849,Medium,4.9611,12.3483,97.57,50,2,1.0,0,Deal Hunters
C02190,0.5657,Medium,4.9601,12.3458,66.38,12,2,2.0,0,Steady Regulars
C09664,0.9087,High,4.9489,12.3178,41.23,286,1,1.0,0,Deal Hunters
C15656,0.8312,High,4.9373,12.2891,44.97,102,1,0.5,0,New & Promising
C09023,0.1628,Low,4.935,12.2832,229.55,9,3,4.0,0,New & Promising
C08791,0.7474,High,4.9311,12.2735,49.95,220,9,1.0,0,Steady Regulars
C00018,0.7171,High,4.9245,12.257,51.99,91,1,0.5,0,New & Promising
C10771,0.5178,Medium,4.923,12.2535,71.98,10,1,2.0,0,New & Promising
C07659,0.7166,High,4.9207,12.2477,51.99,128,1,0.5,0,New & Promising
C17115,0.7018,High,4.9112,12.224,52.98,83,1,2.0,0,New & Promising
C16719,0.7602,High,4.908,12.2159,48.88,62,1,2.0,0,Deal Hunters
C16661,0.1005,Low,4.9055,12.2099,369.69,15,18,0.6667,0,Champions
C12179,0.8806,High,4.8843,12.1571,41.99,270,7,1.0,0,Steady Regulars
C02635,0.7701,High,4.8815,12.15,47.99,80,1,2.0,0,New & Promising
C08533,0.7095,High,4.8726,12.1279,51.99,161,1,0.5,0,New & Promising
C13686,0.9215,High,4.8677,12.1158,39.99,299,1,1.0,0,New & Promising
C04109,0.872,High,4.8585,12.0928,42.18,340,9,1.0,0,Steady Regulars
C13899,0.9015,High,4.8559,12.0863,40.78,345,7,1.0,0,Champions
C09337,0.0064,Low,4.8512,12.0748,5731.25,10,33,0.7143,0,Champions
C17614,0.9186,High,4.8487,12.0685,39.96,277,1,1.0,0,New & Promising
C17586,0.0127,Low,4.8484,12.0677,2886.13,24,44,1.25,0,Champions
C04788,0.2164,Low,4.8425,12.053,169.43,44,26,1.0,0,Champions
C04671,0.9395,High,4.8384,12.0429,38.99,360,4,1.0,0,Steady Regulars
C15604,0.0498,Low,4.8371,12.0397,734.64,15,7,8.0,0,Steady Regulars
C12187,0.796,High,4.8356,12.0358,45.99,132,1,0.5,0,New & Promising
C02114,0.7979,High,4.8352,12.0348,45.88,235,2,1.0,0,Steady Regulars
C00374,0.3599,Medium,4.8325,12.0282,101.66,11,2,3.0,0,Deal Hunters
C09820,0.5703,Medium,4.8197,11.9962,63.98,12,3,2.0,0,Steady Regulars
C09402,0.5535,Medium,4.8193,11.9953,65.92,118,7,0.3333,0,Champions
C01946,0.6182,High,4.8173,11.9903,58.99,22,1,2.0,0,New & Promising
C00101,0.0794,Low,4.8123,11.9778,459.11,4,34,1.0,0,Champions
C07604,0.8672,High,4.8089,11.9693,41.98,230,1,1.0,0,New & Promising
C15254,0.8671,High,4.808,11.967,41.98,282,8,1.0,0,Steady Regulars
C01394,0.3851,Medium,4.8071,11.9649,94.5,27,3,2.0,0,New & Promising
C02870,0.8654,High,4.7997,11.9464,41.99,258,1,1.0,0,New & Promising
C04322,0.7767,High,4.7994,11.9457,46.78,18,1,2.0,0,Deal Hunters
C10417,0.4981,Medium,4.7991,11.9451,72.95,24,4,2.0,0,New & Promising
C13619,0.5048,Medium,4.7991,11.9449,71.97,102,2,0.5,0,New & Promising
C15266,0.7339,High,4.7975,11.9411,49.49,14,1,2.0,0,Deal Hunters
C01719,0.7888,High,4.7917,11.9266,45.99,174,1,0.5,0,New & Promising
C14099,0.0122,Low,4.7903,11.9231,2981.12,10,14,3.0,0,Champions
C17544,0.7546,High,4.7814,11.9008,47.97,94,1,0.5,0,New & Promising
C14344,0.0261,Low,4.7812,11.9004,1389.26,9,9,3.5,0,Champions
C02616,0.7387,High,4.7793,11.8957,48.98,104,1,0.5,0,New & Promising
C10387,0.9104,High,4.7775,11.8911,39.73,326,2,1.0,0,Deal Hunters
C13233,0.8593,High,4.7646,11.8592,41.98,336,3,1.0,0,Steady Regulars
C17546,0.5811,Medium,4.7571,11.8405,61.98,78,5,2.0,0,Steady Regulars
C06964,0.9476,High,4.7536,11.8317,37.98,334,1,1.0,0,New & Promising
C08631,0.367,Medium,4.7497,11.8219,97.97,30,2,3.0,0,New & Promising
C08464,0.8501,High,4.7487,11.8196,42.29,263,1,1.0,0,Deal Hunters
C09743,0.8562,High,4.7478,11.8172,41.98,297,4,1.0,0,New & Promising
C06012,0.4541,Medium,4.7476,11.8169,79.16,14,3,3.0,0,New & Promising
C06109,0.8268,High,4.7453,11.811,43.45,224,3,1.0,0,Steady Regulars
C02784,0.5111,Medium,4.7448,11.8098,70.28,36,3,2.0,0,New & Promising
C14961,0.9449,High,4.7402,11.7983,37.98,351,1,1.0,0,New & Promising
C05918,0.0136,Low,4.738,11.793,2631.42,8,58,2.0,0,Champions
C08935,0.746,High,4.7289,11.7702,47.99,147,1,0.5,0,New & Promising
C06918,0.9202,High,4.7255,11.7618,38.88,320,1,1.0,0,Deal Hunters
C17466,0.7778,High,4.723,11.7555,45.97,7,1,2.0,0,New & Promising
C05012,0.0165,Low,4.7129,11.7304,2163.55,8,51,2.3333,0,Champions
C04859,0.2191,Low,4.7125,11.7295,162.83,32,17,1.0,0,Champions
C04294,0.6991,High,4.7066,11.7148,50.97,20,1,2.0,0,New & Promising
C00835,0.0688,Low,4.7043,11.7089,517.72,14,4,5.0,0,Steady Regulars
C10715,0.9226,High,4.7016,11.7024,38.58,361,1,1.0,0,Deal Hunters
C01559,0.7674,High,4.7016,11.7022,46.38,18,1,2.0,0,Deal Hunters
C06888,0.614,High,4.7,11.6983,57.95,122,3,0.3333,0,Steady Regulars
C00047,0.2456,Low,4.6956,11.6875,144.75,9,3,4.0,0,Deal Hunters
C09276,0.0141,Low,4.6941,11.6837,2517.78,33,40,2.0,0,Champions
C03681,0.5731,Medium,4.6921,11.6786,61.98,40,2,3.0,0,New & Promising
C09687,0.6963,High,4.689,11.6708,50.98,92,1,0.5,0,New & Promising
C04615,0.8062,High,4.6824,11.6545,43.97,186,1,1.0,0,New & Promising
C03495,0.6106,High,4.6765,11.6398,57.98,147,2,0.5,0,New & Promising
C05624,0.8048,High,4.6762,11.639,43.99,122,1,0.5,0,New & Promising
C14232,0.1142,Low,4.6744,11.6346,309.88,9,3,4.0,0,Steady Regulars
C03888,0.7692,High,4.6715,11.6275,45.98,143,2,0.3333,0,New & Promising
C06302,0.0128,Low,4.6714,11.6271,2758.91,16,22,2.0,0,Champions
C17108,0.7346,High,4.6553,11.5872,47.98,165,1,0.5,0,New & Promising
C10231,0.838,High,4.6477,11.5682,41.99,63,1,2.0,0,New & Promising
C15624,0.7488,High,4.6459,11.5637,46.97,177,3,0.5,0,Steady Regulars
C06731,0.617,High,4.6438,11.5585,56.98,175,2,0.5,0,New & Promising
C14521,0.5493,Medium,4.641,11.5514,63.96,21,1,2.0,0,New & Promising
C17348,0.549,Medium,4.64,11.549,63.99,13,1,2.0,0,New & Promising
C11492,0.0494,Low,4.6359,11.5388,711.1,4,9,2.3333,0,Champions
C00014,0.7374,High,4.6354,11.5376,47.59,145,1,0.5,0,Deal Hunters
C14123,0.2198,Low,4.6346,11.5355,159.63,17,3,1.5,0,New & Promising
C01546,0.0105,Low,4.6309,11.5263,3344.67,6,46,1.4286,0,Champions
C02018,0.2376,Low,4.6286,11.5206,147.48,34,13,2.0,0,Champions
C11179,0.8549,High,4.6276,11.5181,40.98,259,3,1.0,0,Steady Regulars
C03118,0.0065,Low,4.6276,11.518,5405.38,12,50,0.9091,0,Champions
C08754,0.7787,High,4.6274,11.5175,44.99,181,2,1.0,0,Steady Regulars
C06681,0.4219,Medium,4.6228,11.5061,82.96,74,7,2.0,0,Steady Regulars
C17572,0.8327,High,4.6184,11.4953,41.99,174,1,0.5,0,New & Promising
C17953,0.8742,High,4.6166,11.4908,39.98,219,1,1.0,0,New & Promising
C09297,0.7907,High,4.6142,11.4848,44.18,146,1,0.5,0,Deal Hunters
C11764,0.1391,Low,4.6049,11.4617,250.72,15,4,2.0,0,Steady Regulars
C08652,0.7923,High,4.6029,11.4566,43.98,3,1,2.0,0,New & Promising
C17312,0.6971,High,4.6019,11.454,49.98,75,1,2.0,0,New & Promising
C03922,0.8282,High,4.5937,11.4337,41.99,150,1,0.5,0,New & Promising
C07658,0.7081,High,4.5811,11.4023,48.98,34,1,2.0,0,Deal Hunters
C10291,0.7224,High,4.5781,11.395,47.98,141,1,0.5,0,New & Promising
C05502,0.3297,Medium,4.5753,11.3881,105.05,24,2,3.0,0,New & Promising
C15723,0.5961,Medium,4.5661,11.3651,57.99,22,1,2.0,0,New & Promising
C08926,0.91,High,4.5653,11.363,37.98,361,7,1.0,0,Steady Regulars
C16533,0.8212,High,4.5537,11.3343,41.98,223,19,1.0,0,Champions
C15502,0.0224,Low,4.5529,11.3321,1536.36,17,49,1.2,0,Champions
C14863,0.6268,High,4.5526,11.3315,54.99,30,1,2.0,0,New & Promising
C04011,0.8205,High,4.55,11.3249,41.98,187,1,1.0,0,New & Promising
C04809,0.4343,Medium,4.5413,11.3033,79.16,10,2,3.0,0,New & Promising
C15486,0.9044,High,4.5372,11.2931,37.98,304,1,1.0,0,New & Promising
C00296,0.7008,High,4.5346,11.2867,48.99,30,1,2.0,0,New & Promising
C09666,0.1233,Low,4.5318,11.2796,278.18,12,5,2.5,0,Steady Regulars
C04682,0.5033,Medium,4.518,11.2453,67.96,11,1,2.0,0,New & Promising
C00106,0.8342,High,4.5164,11.2415,40.99,114,1,0.5,0,New & Promising
C10052,0.8132,High,4.5102,11.226,41.99,219,1,1.0,0,New & Promising
C13169,0.7167,High,4.505,11.2129,47.59,137,2,0.5,0,Steady Regulars
C00093,0.0263,Low,4.5017,11.2046,1295.07,5,7,3.5,0,Champions
C03576,0.009,Low,4.5007,11.2023,3805.61,6,27,3.5,0,Champions
C06805,0.5595,Medium,4.4989,11.1978,60.88,38,1,2.0,0,Deal Hunters
C17320,0.4865,Medium,4.4978,11.195,69.99,58,3,2.0,0,Steady Regulars
C15378,0.6192,High,4.4973,11.1938,54.99,64,1,2.0,0,New & Promising
C04563,0.3126,Medium,4.4911,11.1783,108.76,12,2,1.0,0,Deal Hunters
C09895,0.7868,High,4.4813,11.1539,43.12,169,2,0.5,0,Deal Hunters
C05262,0.707,High,4.4807,11.1526,47.98,139,1,0.5,0,Deal Hunters
C16218,0.8478,High,4.4784,11.1469,39.99,227,1,1.0,0,New & Promising
C09672,0.2989,Low,4.4711,11.1286,113.25,16,3,4.0,0,Deal Hunters
C01857,0.0101,Low,4.4708,11.1279,3354.47,7,58,1.4,0,Champions
C12860,0.5459,Medium,4.4688,11.1228,61.98,154,11,0.5,0,Champions
C12116,0.7106,High,4.4657,11.115,47.58,20,1,2.0,0,New & Promising
C03153,0.6146,High,4.4632,11.109,54.98,100,1,0.5,0,New & Promising
C10308,0.3072,Medium,4.4621,11.1062,109.95,9,2,1.0,0,New & Promising
C00689,0.9382,High,4.4589,11.0982,35.98,208,1,1.0,0,New & Promising
C05670,0.9595,High,4.4586,11.0975,35.18,355,1,1.0,0,Deal Hunters
C04702,0.093,Low,4.4567,11.0928,362.91,10,3,4.0,0,New & Promising
C06612,0.9619,High,4.4458,11.0657,34.99,332,1,1.0,0,New & Promising
C01390,0.7008,High,4.4421,11.0564,47.99,140,1,0.5,0,New & Promising
C13365,0.7642,High,4.4395,11.0498,43.98,125,1,0.5,0,New & Promising
C08460,0.6222,High,4.4361,11.0414,53.98,160,7,0.5,0,Steady Regulars
C00244,0.7621,High,4.4283,11.022,43.99,178,1,0.5,0,New & Promising
C09579,0.4961,Medium,4.4216,11.0054,67.48,52,2,2.0,0,Deal Hunters
C04467,0.6873,High,4.4096,10.9756,48.57,17,1,2.0,0,Deal Hunters
C16352,0.2171,Low,4.4091,10.9743,153.75,6,3,4.0,0,Deal Hunters
C17961,0.5964,Medium,4.4076,10.9707,55.95,65,1,2.0,0,New & Promising
C07105,0.7306,High,4.3975,10.9455,45.57,193,6,1.0,0,Steady Regulars
C06850,0.8765,High,4.397,10.9441,37.98,279,3,1.0,0,Steady Regulars
C05411,0.5279,Medium,4.3907,10.9286,62.97,90,2,2.0,0,New & Promising
C00857,0.9758,High,4.3809,10.9042,33.99,354,1,1.0,0,New & Promising
C12244,0.6907,High,4.3785,10.8982,47.99,143,4,0.5,0,Steady Regulars
C09241,0.8287,High,4.3771,10.8947,39.99,255,5,1.0,0,Deal Hunters
C07206,0.7524,High,4.3709,10.8792,43.98,162,1,0.5,0,New & Promising
C16765,0.0119,Low,4.3556,10.8411,2762.26,10,56,3.0,0,Champions
C00549,0.8681,High,4.3551,10.8399,37.98,312,7,1.0,0,Steady Regulars
C02898,0.0095,Low,4.3521,10.8323,3469.84,10,21,1.0,0,Champions
C13367,0.2723,Low,4.3509,10.8294,120.97,61,15,1.0,0,Champions
C07124,0.9411,High,4.3495,10.8259,34.99,365,8,1.0,0,Steady Regulars
C01619,0.7119,High,4.3437,10.8114,46.19,36,1,2.0,0,Deal Hunters
C16082,0.9397,High,4.343,10.8098,34.99,231,1,1.0,0,New & Promising
C01340,0.7472,High,4.3415,10.8061,43.99,14,1,2.0,0,New & Promising
C02251,0.8217,High,4.3394,10.8008,39.98,285,2,1.0,0,Steady Regulars
C17946,0.5969,Medium,4.3358,10.7918,54.99,58,1,2.0,0,New & Promising
C12143,0.7135,High,4.3334,10.7859,45.98,3,1,2.0,0,New & Promising
C16019,0.1404,Low,4.3333,10.7857,233.65,10,4,5.0,0,New & Promising
C11921,0.9342,High,4.3301,10.7776,35.09,323,1,1.0,0,Deal Hunters
C15190,0.5496,Medium,4.3172,10.7455,59.47,34,1,2.0,0,Deal Hunters
C08593,0.1384,Low,4.3146,10.739,235.93,4,3,4.0,0,New & Promising
C06710,0.7778,High,4.3139,10.7374,41.99,51,1,2.0,0,New & Promising
C14913,0.8163,High,4.311,10.7301,39.98,189,1,1.0,0,New & Promising
C12057,0.0088,Low,4.3054,10.7162,3712.58,8,31,1.2,0,Champions
C02258,0.0098,Low,4.2979,10.6975,3333.32,13,34,1.0,0,Champions
C16344,0.0084,Low,4.2898,10.6773,3875.69,12,45,1.4,0,Champions
C09977,0.854,High,4.2852,10.6658,37.99,1,1,2.0,0,New & Promising
C17217,0.5898,Medium,4.2839,10.6626,54.99,65,1,2.0,0,New & Promising
C03724,0.0099,Low,4.2817,10.6571,3272.82,16,48,0.8,0,Champions
C05432,0.9263,High,4.281,10.6554,34.99,325,2,1.0,0,New & Promising
C14761,0.0067,Low,4.2808,10.6548,4806.41,17,51,2.0,0,Champions
C13772,0.6453,High,4.2612,10.6063,49.99,129,2,0.5,0,Steady Regulars
C09750,0.7545,High,4.2546,10.5897,42.69,33,1,2.0,0,Deal Hunters
C10954,0.3977,Medium,4.2529,10.5855,80.96,19,2,3.0,0,Deal Hunters
C04357,0.9755,High,4.2506,10.5799,32.99,279,19,1.0,0,Champions
C10243,0.8461,High,4.2445,10.5645,37.98,188,1,1.0,0,New & Promising
C01412,0.0144,Low,4.2423,10.5592,2235.62,14,44,0.875,0,Champions
C01674,0.6449,High,4.2309,10.5308,49.67,36,1,2.0,0,Deal Hunters
C17304,0.8428,High,4.2283,10.5242,37.98,135,1,0.5,0,New & Promising
C01141,0.7099,High,4.2177,10.4978,44.98,90,1,2.0,0,New & Promising
C15404,0.9384,High,4.2121,10.4839,33.98,341,1,1.0,0,New & Promising
C04864,0.5493,Medium,4.2072,10.4717,57.99,4,1,2.0,0,New & Promising
C11669,0.1409,Low,4.2054,10.4673,225.94,6,22,1.5,0,Champions
C17971,0.7763,High,4.203,10.4612,40.99,56,1,2.0,0,New & Promising
C00443,0.692,High,4.2027,10.4606,45.98,9,1,2.0,0,New & Promising
C14020,0.0134,Low,4.2004,10.4547,2373.58,9,45,1.5,0,Champions
C04854,0.7758,High,4.2002,10.4544,40.99,232,5,1.0,0,Steady Regulars
C17806,0.5474,Medium,4.1931,10.4366,57.99,6,1,2.0,0,New & Promising
C02051,0.0221,Low,4.185,10.4166,1430.87,6,9,1.75,0,Champions
C01234,0.0088,Low,4.1844,10.4149,3612.88,5,18,1.1667,0,Champions
C13820,0.878,High,4.1725,10.3854,35.98,134,1,0.5,0,New & Promising
C11469,0.9292,High,4.1719,10.3838,33.99,307,1,1.0,0,New & Promising
C08232,0.9021,High,4.1694,10.3775,34.99,127,1,0.5,0,New & Promising
C02247,0.3081,Medium,4.1687,10.376,102.43,12,9,5.0,0,Champions
C08360,0.7691,High,4.1644,10.3652,40.99,10,1,2.0,0,New & Promising
C13071,0.6052,High,4.1564,10.3452,51.99,113,5,0.3333,0,Steady Regulars
C07027,0.9831,High,4.1541,10.3395,31.99,351,14,1.0,0,Champions
C15811,0.0594,Low,4.1461,10.3198,528.1,10,4,2.0,0,Steady Regulars
C13456,0.5811,Medium,4.1434,10.3128,53.98,82,1,2.0,0,New & Promising
C11880,0.7728,High,4.1433,10.3126,40.59,33,1,2.0,0,Deal Hunters
C11410,0.7469,High,4.1405,10.3058,41.97,40,1,2.0,0,New & Promising
C02412,0.3939,Medium,4.1337,10.2888,79.45,38,10,2.0,0,Champions
C13109,0.7571,High,4.129,10.2772,41.29,34,1,2.0,0,Deal Hunters
C11790,0.6798,High,4.1199,10.2544,45.88,168,1,0.5,0,Deal Hunters
C14572,0.5668,Medium,4.1168,10.2468,54.99,21,1,2.0,0,New & Promising
C13226,0.499,Medium,4.1109,10.232,62.37,66,7,1.0,0,Champions
C15249,0.1277,Low,4.1089,10.2271,243.54,12,3,4.0,0,New & Promising
C02052,0.759,High,4.1087,10.2265,40.98,217,2,1.0,0,New & Promising
C01534,0.5653,Medium,4.1046,10.2164,54.97,77,1,2.0,0,New & Promising
C12904,0.9466,High,4.0988,10.202,32.78,361,1,1.0,0,Deal Hunters
C15363,0.3925,Medium,4.0951,10.1928,78.98,21,2,3.0,0,New & Promising
C16012,0.9115,High,4.091,10.1826,33.98,303,1,1.0,0,New & Promising
C09313,0.968,High,4.0866,10.1715,31.96,291,18,1.0,0,Champions
C10579,0.8141,High,4.0841,10.1655,37.98,66,1,2.0,0,New & Promising
C13813,0.9657,High,4.0807,10.157,31.99,357,2,1.0,0,New & Promising
C05132,0.7359,High,4.0807,10.1569,41.98,101,1,0.5,0,New & Promising
C14503,0.9957,High,4.0732,10.1383,30.97,337,16,1.0,0,Champions
C00613,0.8547,High,4.0633,10.1135,35.99,166,1,0.5,0,New & Promising
C10956,0.6956,High,4.0604,10.1063,44.19,167,1,0.5,0,Deal Hunters
C09322,0.6988,High,4.0602,10.1059,43.99,163,1,0.5,0,New & Promising
C14871,0.9602,High,4.0571,10.0982,31.99,359,9,1.0,0,Steady Regulars
C02864,0.4388,Medium,4.0559,10.0952,69.97,31,2,1.0,0,Deal Hunters
C01544,0.7494,High,4.0552,10.0935,40.97,39,1,2.0,0,New & Promising
C03562,0.4596,Medium,4.0525,10.0867,66.76,18,2,2.0,0,New & Promising
C09019,0.7982,High,4.0474,10.074,38.39,192,1,1.0,0,Deal Hunters
C12858,0.1443,Low,4.0394,10.0542,211.88,5,4,2.0,0,New & Promising
C02516,0.9557,High,4.0382,10.0512,31.99,327,1,1.0,0,New & Promising
C09880,0.6117,High,4.038,10.0505,49.98,83,1,2.0,0,New & Promising
C00775,0.3932,Medium,4.0329,10.038,77.66,35,5,2.0,0,Steady Regulars
C09585,0.7172,High,4.0251,10.0186,42.49,169,2,0.5,0,Steady Regulars
C00745,0.7257,High,4.0251,10.0185,41.99,47,1,2.0,0,New & Promising
C09092,0.9525,High,4.0246,10.0173,31.99,320,1,1.0,0,New & Promising
C15943,0.846,High,4.0205,10.0072,35.98,183,1,1.0,0,New & Promising
C12993,0.0471,Low,4.0205,10.0071,646.87,5,6,7.0,0,Steady Regulars
C16279,0.1857,Low,4.0201,10.0061,163.93,13,20,2.0,0,Champions
C02033,0.845,High,4.0158,9.9952,35.98,191,1,1.0,0,New & Promising
C01080,0.5963,Medium,4.0152,9.994,50.98,100,1,0.5,0,New & Promising
C02736,0.8444,High,4.0143,9.9917,35.99,223,1,1.0,0,New & Promising
C06130,0.9773,High,4.0004,9.9571,30.99,337,1,1.0,0,New & Promising
C08858,0.6353,High,3.9935,9.9398,47.59,169,4,0.5,0,Steady Regulars
C09643,0.0072,Low,3.9868,9.9231,4183.44,12,40,2.2,0,Champions
C12344,0.8873,High,3.9839,9.9159,33.99,294,3,1.0,0,Steady Regulars
C09058,0.5201,Medium,3.9835,9.9148,57.98,3,1,2.0,0,New & Promising
C09678,0.794,High,3.9834,9.9148,37.98,113,1,0.5,0,New & Promising
C09462,0.1827,Low,3.982,9.9112,164.99,24,17,2.0,0,Champions
C09632,0.6848,High,3.9784,9.9022,43.98,142,2,0.5,0,New & Promising
C07699,0.4277,Medium,3.9645,9.8677,70.17,16,9,2.0,0,Champions
C05732,0.5483,Medium,3.9518,9.8361,54.57,27,2,2.0,0,Steady Regulars
C06195,0.8547,High,3.9502,9.832,34.99,162,1,0.5,0,New & Promising
C11618,0.0063,Low,3.9478,9.8262,4730.05,1,43,0.9167,0,Champions
C06033,0.7285,High,3.9444,9.8176,40.99,78,1,2.0,0,New & Promising
C04422,0.0102,Low,3.9407,9.8084,2929.11,14,23,1.1429,0,Champions
C07945,0.0091,Low,3.9404,9.8077,3267.53,27,59,1.8,0,Champions
C14641,0.9369,High,3.9342,9.7923,31.79,340,11,1.0,0,Champions
C06212,0.7094,High,3.9325,9.788,41.97,72,1,2.0,0,New & Promising
C16637,0.7799,High,3.9125,9.7382,37.98,190,1,1.0,0,New & Promising
C13549,0.8256,High,3.9074,9.7256,35.83,243,1,1.0,0,Deal Hunters
C12735,0.8016,High,3.9061,9.7224,36.89,156,1,0.5,0,Deal Hunters
C03657,0.4927,Medium,3.9025,9.7134,59.96,92,2,0.5,0,New & Promising
C02544,0.5594,Medium,3.901,9.7095,52.79,26,1,2.0,0,Deal Hunters
C12185,0.5007,Medium,3.9009,9.7093,58.98,65,6,2.0,0,Steady Regulars
C12683,0.5854,Medium,3.8955,9.6959,50.38,13,4,2.0,0,Steady Regulars
C04679,0.8942,High,3.8944,9.6932,32.97,281,12,1.0,0,Champions
C04433,0.4671,Medium,3.885,9.6698,62.97,34,8,2.0,0,Champions
C07796,0.0102,Low,3.8834,9.6657,2885.21,21,50,1.25,0,Champions
C09889,0.7532,High,3.877,9.6499,38.97,49,1,2.0,0,New & Promising
C15048,0.8377,High,3.8717,9.6366,34.99,8,1,2.0,0,New & Promising
C06794,0.8567,High,3.8679,9.6271,34.18,225,1,1.0,0,Deal Hunters
C13381,0.5413,Medium,3.8593,9.6059,53.98,26,1,2.0,0,New & Promising
C08611,0.0796,Low,3.8585,9.6037,366.91,8,5,2.5,0,Steady Regulars
C14345,0.9128,High,3.857,9.6,31.99,323,1,1.0,0,New & Promising
C08711,0.531,Medium,3.8566,9.5991,54.99,64,1,2.0,0,New & Promising
C14066,0.8112,High,3.8561,9.5979,35.99,111,1,0.5,0,New & Promising
C11529,0.5211,Medium,3.8535,9.5914,55.99,6,1,2.0,0,New & Promising
C03439,0.4927,Medium,3.8511,9.5854,59.18,18,3,2.0,0,Deal Hunters
C15186,0.8167,High,3.8501,9.5829,35.69,167,1,0.5,0,Deal Hunters
C13207,0.8327,High,3.8484,9.5787,34.99,173,1,0.5,0,New & Promising
C14573,0.9715,High,3.8484,9.5787,29.99,345,1,1.0,0,New & Promising
C08093,0.9391,High,3.8442,9.5683,30.99,291,1,1.0,0,New & Promising
C01355,0.9691,High,3.8389,9.555,29.99,357,1,1.0,0,New & Promising
C13923,0.9375,High,3.8377,9.552,30.99,311,1,1.0,0,New & Promising
C06680,0.9682,High,3.8354,9.5464,29.99,328,1,1.0,0,New & Promising
C08178,0.7257,High,3.8303,9.5335,39.96,219,9,1.0,0,Steady Regulars
C11678,0.0248,Low,3.8282,9.5283,1169.58,6,8,4.0,0,Champions
C11154,0.6267,High,3.8217,9.5124,46.17,22,1,2.0,0,Deal Hunters
C01346,0.9331,High,3.8196,9.507,30.99,327,1,1.0,0,New & Promising
C12608,0.629,High,3.8194,9.5064,45.97,124,2,0.3333,0,New & Promising
C02323,0.8701,High,3.7916,9.4373,32.99,256,1,1.0,0,New & Promising
C11156,0.5734,Medium,3.786,9.4233,49.99,101,5,0.5,0,Steady Regulars
C17822,0.106,Low,3.7808,9.4104,269.91,3,3,4.0,0,New & Promising
C02551,0.5205,Medium,3.7805,9.4096,54.99,46,1,2.0,0,New & Promising
C10759,0.8413,High,3.7771,9.4013,33.99,363,5,1.0,0,Steady Regulars
C16570,0.9208,High,3.7694,9.3821,30.99,277,1,1.0,0,New & Promising
C13083,0.4753,Medium,3.7658,9.3731,59.98,16,1,2.0,0,New & Promising
C13804,0.8632,High,3.7614,9.3621,32.99,220,1,1.0,0,New & Promising
C04505,0.3431,Medium,3.7607,9.3604,82.97,11,2,3.0,0,New & Promising
C17081,0.7697,High,3.7605,9.3599,36.99,52,1,2.0,0,New & Promising
C16930,0.5648,Medium,3.7592,9.3567,50.39,31,1,2.0,0,Deal Hunters
C01751,0.813,High,3.7575,9.3524,34.99,121,1,0.5,0,New & Promising
C16361,0.0061,Low,3.753,9.3411,4622.59,10,51,0.8571,0,Champions
C14371,0.7888,High,3.7488,9.3308,35.98,130,1,0.5,0,New & Promising
C12395,0.5257,Medium,3.7484,9.3298,53.98,46,1,2.0,0,New & Promising
C15806,0.7665,High,3.7441,9.3191,36.98,47,1,2.0,0,New & Promising
C13777,0.0248,Low,3.7423,9.3146,1143.67,24,44,2.3333,0,Champions
C12374,0.5052,Medium,3.7353,9.2971,55.98,7,1,2.0,0,New & Promising
C04410,0.7443,High,3.7348,9.2958,37.99,17,1,2.0,0,New & Promising
C08567,0.8068,High,3.7288,9.2809,34.99,9,1,2.0,0,New & Promising
C11163,0.806,High,3.7241,9.2692,34.98,107,1,0.5,0,New & Promising
C09556,0.671,High,3.7219,9.2638,41.99,100,1,0.5,0,New & Promising
C00954,0.8277,High,3.7162,9.2496,33.99,20,1,2.0,0,New & Promising
C10858,0.9379,High,3.7142,9.2447,29.98,301,1,1.0,0,New & Promising
C06226,0.639,High,3.7127,9.241,43.99,178,3,0.5,0,Steady Regulars
C07584,0.6681,High,3.7045,9.2206,41.98,13,1,2.0,0,New & Promising
C10014,0.9141,High,3.6933,9.1927,30.59,235,1,1.0,0,Deal Hunters
C13975,0.5695,Medium,3.6835,9.1683,48.97,43,5,3.0,0,Steady Regulars
C16084,0.7859,High,3.6831,9.1673,35.48,219,5,1.0,0,Steady Regulars
C16773,0.4136,Medium,3.6805,9.1609,67.37,69,2,2.0,0,New & Promising
C05121,0.9273,High,3.672,9.1396,29.98,354,1,1.0,0,New & Promising
C07543,0.7914,High,3.6574,9.1034,34.99,9,1,2.0,0,New & Promising
C02289,0.728,High,3.6514,9.0883,37.97,193,2,1.0,0,New & Promising
C08083,0.0104,Low,3.6381,9.0552,2655.25,17,41,1.8,0,Champions
C07790,0.6457,High,3.6359,9.0498,42.63,167,5,0.5,0,Steady Regulars
C08650,0.8878,High,3.6343,9.0458,30.99,239,1,1.0,0,New & Promising
C12099,0.8878,High,3.6342,9.0456,30.99,241,1,1.0,0,New & Promising
C07638,0.8599,High,3.6335,9.0439,31.99,355,3,1.0,0,Steady Regulars
C14792,0.5499,Medium,3.6305,9.0364,49.98,153,4,0.5,0,New & Promising
C04562,0.5631,Medium,3.628,9.0302,48.78,111,2,0.5,0,Deal Hunters
C12471,0.7466,High,3.6273,9.0283,36.78,13,1,2.0,0,Deal Hunters
C16351,0.8854,High,3.6245,9.0213,30.99,271,1,1.0,0,New & Promising
C15900,0.7839,High,3.6228,9.0173,34.99,59,1,2.0,0,New & Promising
C13588,0.6178,High,3.6209,9.0125,44.37,12,1,2.0,0,Deal Hunters
C03728,0.8845,High,3.6206,9.0116,30.99,354,4,1.0,0,Steady Regulars
C01054,0.5474,Medium,3.6145,8.9966,49.99,143,2,0.5,0,New & Promising
C13724,0.8291,High,3.6127,8.9922,32.99,223,1,1.0,0,New & Promising
C12977,0.6079,High,3.6119,8.9901,44.98,144,9,0.5,0,Champions
C16715,0.0255,Low,3.6101,8.9856,1073.21,6,11,1.5,0,Champions
C03000,0.4277,Medium,3.6087,8.982,63.87,34,2,1.0,0,Deal Hunters
C14463,0.7585,High,3.6047,8.9721,35.98,142,1,0.5,0,New & Promising
C03696,0.8791,High,3.5985,8.9567,30.99,304,4,1.0,0,Steady Regulars
C11605,0.5449,Medium,3.5971,8.9532,49.98,104,1,0.5,0,New & Promising
C12023,0.5445,Medium,3.5947,8.9472,49.98,53,4,2.0,0,Steady Regulars
C17646,0.518,Medium,3.5898,8.935,52.47,35,1,2.0,0,Deal Hunters
C03007,0.1657,Low,3.5893,8.9337,163.96,42,20,2.0,0,Champions
C08427,0.7764,High,3.5874,8.9292,34.98,146,1,0.5,0,New & Promising
C14922,0.6855,High,3.584,8.9206,39.58,147,2,0.5,0,Deal Hunters
C15674,0.9007,High,3.5669,8.878,29.98,332,4,1.0,0,Steady Regulars
C01165,0.4648,Medium,3.5602,8.8614,57.99,14,1,2.0,0,New & Promising
C03550,0.2724,Low,3.5602,8.8613,98.96,18,4,1.5,0,Deal Hunters
C10631,0.8689,High,3.5567,8.8527,30.99,210,1,1.0,0,New & Promising
C08189,0.8975,High,3.5554,8.8493,29.99,226,1,1.0,0,New & Promising
C07361,0.7673,High,3.5463,8.8267,34.99,14,1,2.0,0,New & Promising
C00104,0.0082,Low,3.5462,8.8265,3272.22,4,34,1.75,0,Champions
C15922,0.7451,High,3.542,8.816,35.99,190,4,1.0,0,Steady Regulars
C03895,0.892,High,3.5324,8.7922,29.98,314,4,1.0,0,Steady Regulars
C02826,0.4929,Medium,3.526,8.7763,54.16,19,2,2.0,0,New & Promising
C04530,0.8612,High,3.5253,8.7746,30.99,175,1,0.5,0,New & Promising
C15905,0.8088,High,3.5245,8.7725,32.99,158,1,0.5,0,New & Promising
C10210,0.9197,High,3.5217,8.7656,28.99,208,1,1.0,0,New & Promising
C10355,0.5927,Medium,3.5217,8.7654,44.98,109,3,0.3333,0,Steady Regulars
C11990,0.4615,Medium,3.5209,8.7636,57.76,38,2,1.0,0,New & Promising
C05184,0.8889,High,3.5202,8.7618,29.98,340,10,1.0,0,Champions
C03360,0.9515,High,3.518,8.7562,27.99,314,1,1.0,0,New & Promising
C07612,0.8877,High,3.5164,8.7524,29.99,248,1,1.0,0,New & Promising
C11240,0.8876,High,3.5159,8.751,29.99,253,1,1.0,0,New & Promising
C07698,0.5915,Medium,3.5142,8.7468,44.98,70,1,2.0,0,New & Promising
C13710,0.9174,High,3.5128,8.7434,28.99,298,1,1.0,0,New & Promising
C05037,0.5206,Medium,3.5124,8.7425,51.08,34,1,2.0,0,Deal Hunters
C00801,0.8853,High,3.5044,8.7226,29.97,249,1,1.0,0,New & Promising
C14329,0.8081,High,3.4999,8.7113,32.79,194,1,1.0,0,Deal Hunters
C01226,0.914,High,3.4999,8.7112,28.99,308,1,1.0,0,New & Promising
C05933,0.808,High,3.4997,8.7107,32.79,22,1,2.0,0,Deal Hunters
C15539,0.7787,High,3.4949,8.6987,33.98,10,1,2.0,0,New & Promising
C04186,0.7269,High,3.4939,8.6962,36.39,34,1,2.0,0,Deal Hunters
C12040,0.6453,High,3.4937,8.6958,40.99,111,1,0.5,0,New & Promising
C06207,0.8003,High,3.4863,8.6774,32.98,162,1,0.5,0,New & Promising
C14527,0.5987,Medium,3.4789,8.659,43.99,140,10,0.3333,0,Champions
C00237,0.813,High,3.4783,8.6575,32.39,186,1,1.0,0,Deal Hunters
C05995,0.3322,Medium,3.4686,8.6332,79.05,4,10,1.0,0,Champions
C03804,0.5036,Medium,3.4587,8.6087,51.99,50,5,2.0,0,Steady Regulars
C01734,0.8449,High,3.4585,8.6082,30.99,171,1,0.5,0,New & Promising
C05406,0.7002,High,3.4581,8.6072,37.39,168,6,0.5,0,Steady Regulars
C09519,0.902,High,3.454,8.597,28.99,295,3,1.0,0,New & Promising
C13216,0.7067,High,3.4518,8.5916,36.98,149,1,0.5,0,New & Promising
C15652,0.5804,Medium,3.4484,8.583,44.98,13,1,2.0,0,New & Promising
C03548,0.8422,High,3.4475,8.5809,30.99,308,2,1.0,0,New & Promising
C04450,0.8418,High,3.446,8.5771,30.99,108,1,0.5,0,New & Promising
C07738,0.8388,High,3.4336,8.5463,30.99,128,1,0.5,0,New & Promising
C10256,0.3929,Medium,3.4239,8.5221,65.98,4,2,3.0,0,New & Promising
C11233,0.8362,High,3.4227,8.5192,30.99,199,1,1.0,0,New & Promising
C14445,0.6477,High,3.4204,8.5133,39.98,154,1,0.5,0,New & Promising
C10069,0.8347,High,3.4169,8.5048,30.99,222,2,1.0,0,Steady Regulars
C06655,0.9582,High,3.416,8.5024,26.99,363,9,1.0,0,Steady Regulars
C07441,0.7812,High,3.4041,8.4728,32.99,127,1,0.5,0,New & Promising
C12022,0.8308,High,3.4007,8.4644,30.99,213,1,1.0,0,New & Promising
C16341,0.7793,High,3.396,8.4525,32.99,155,1,0.5,0,New & Promising
C09524,0.4946,Medium,3.3957,8.4519,51.98,15,2,2.0,0,Deal Hunters
C07734,0.0078,Low,3.3954,8.4511,3287.56,5,31,1.1667,0,Champions
C10182,0.7517,High,3.3939,8.4475,34.18,12,1,2.0,0,Deal Hunters
C08167,0.8528,High,3.3781,8.4082,29.99,260,1,1.0,0,New & Promising
C09342,0.5959,Medium,3.375,8.4005,42.88,152,4,0.5,0,Steady Regulars
C03507,0.779,High,3.3742,8.3983,32.79,22,1,2.0,0,Deal Hunters
C02798,0.9672,High,3.3713,8.3913,26.39,356,1,1.0,0,Deal Hunters
C12291,0.5287,Medium,3.3711,8.3908,48.27,36,1,2.0,0,Deal Hunters
C07061,0.4254,Medium,3.3699,8.3877,59.97,31,2,1.0,0,New & Promising
C11935,0.7505,High,3.3693,8.3862,33.99,45,1,2.0,0,New & Promising
C04620,0.7868,High,3.3651,8.3758,32.38,19,1,2.0,0,Deal Hunters
C16880,0.9701,High,3.3623,8.3688,26.24,290,15,1.0,0,Champions
C08655,0.4166,Medium,3.3553,8.3512,60.98,41,5,2.0,0,New & Promising
C10172,0.876,High,3.3546,8.3496,28.99,1,1,2.0,0,New & Promising
C08764,0.9383,High,3.3451,8.326,26.99,276,1,1.0,0,New & Promising
C11286,0.487,Medium,3.3436,8.3224,51.98,41,1,2.0,0,New & Promising
C11082,0.9736,High,3.3422,8.3188,25.99,355,1,1.0,0,New & Promising
C07112,0.8163,High,3.3415,8.317,30.99,124,1,0.5,0,New & Promising
C07990,0.8721,High,3.3394,8.3117,28.99,202,1,1.0,0,New & Promising
C04040,0.4826,Medium,3.3387,8.31,52.38,11,6,3.0,0,Champions
C07130,0.9347,High,3.3322,8.2938,26.99,234,1,1.0,0,New & Promising
C10213,0.6981,High,3.3176,8.2574,35.98,44,1,2.0,0,New & Promising
C11903,0.835,High,3.3067,8.2305,29.98,335,2,1.0,0,Steady Regulars
C13422,0.0073,Low,3.3057,8.2279,3420.4,30,45,1.4,0,Champions
C16979,0.7356,High,3.3026,8.2202,33.99,183,2,1.0,0,New & Promising
C17991,0.7335,High,3.2924,8.1947,33.98,47,1,2.0,0,New & Promising
C11891,0.9227,High,3.2895,8.1877,26.99,276,1,1.0,0,New & Promising
C10184,0.9225,High,3.2877,8.183,26.98,362,8,1.0,0,Steady Regulars
C06215,0.9576,High,3.2873,8.182,25.99,359,1,1.0,0,New & Promising
C10197,0.553,Medium,3.2845,8.1752,44.97,91,5,0.5,0,Steady Regulars
C08946,0.7316,High,3.2835,8.1726,33.98,132,1,0.5,0,Deal Hunters
C17386,0.758,High,3.2832,8.1718,32.79,16,1,2.0,0,Deal Hunters
C13356,0.9555,High,3.2802,8.1643,25.99,286,1,1.0,0,New & Promising
C04612,0.5772,Medium,3.2755,8.1527,42.96,134,2,0.5,0,New & Promising
C09920,0.954,High,3.2752,8.1519,25.99,333,1,1.0,0,New & Promising
C06318,0.798,High,3.2666,8.1306,30.99,197,1,1.0,0,New & Promising
C07063,0.6417,High,3.2623,8.1198,38.49,36,1,2.0,0,Deal Hunters
C15314,0.7527,High,3.26,8.1143,32.79,28,1,2.0,0,Deal Hunters
C01845,0.503,Medium,3.2546,8.1006,48.98,41,1,2.0,0,New & Promising
C15820,0.4231,Medium,3.2411,8.0672,57.99,11,1,2.0,0,New & Promising
C15374,0.6797,High,3.2304,8.0406,35.98,127,1,0.5,0,New & Promising
C17699,0.5983,Medium,3.2218,8.019,40.77,24,1,2.0,0,Deal Hunters
C14308,0.8713,High,3.2214,8.0181,27.99,288,2,1.0,0,New & Promising
C17871,0.813,High,3.2196,8.0137,29.98,164,1,0.5,0,New & Promising
C11472,0.0077,Low,3.2161,8.0049,3165.15,3,54,2.6667,0,Champions
C03848,0.5936,Medium,3.214,7.9997,40.99,5,1,2.0,0,New & Promising
C00495,0.8681,High,3.2096,7.9888,27.99,162,1,0.5,0,New & Promising
C11333,0.631,High,3.2082,7.9851,38.49,33,1,2.0,0,Deal Hunters
C03448,0.7817,High,3.1977,7.959,30.97,124,1,0.5,0,New & Promising
C02077,0.6371,High,3.197,7.9574,37.99,26,1,2.0,0,New & Promising
C04610,0.5894,Medium,3.191,7.9424,40.99,92,4,0.5,0,Steady Regulars
C17316,0.0077,Low,3.1868,7.9319,3143.05,2,44,2.0,0,Champions
C17995,0.9652,High,3.1859,7.9296,24.99,322,1,1.0,0,New & Promising
C13890,0.5869,Medium,3.1777,7.9094,40.99,75,1,2.0,0,New & Promising
C07149,0.7517,High,3.1754,7.9036,31.98,127,1,0.5,0,New & Promising
C02717,0.4476,Medium,3.1734,7.8986,53.68,10,1,2.0,0,Deal Hunters
C08278,0.2917,Low,3.1641,7.8755,82.12,12,3,4.0,0,Deal Hunters
C11398,0.9582,High,3.1628,7.8723,24.99,364,1,1.0,0,New & Promising
C06510,0.0098,Low,3.1571,7.858,2433.06,17,47,1.5,0,Champions
C17124,0.4268,Medium,3.1561,7.8556,55.98,16,1,2.0,0,New & Promising
C11634,0.885,High,3.1549,7.8527,26.99,287,11,1.0,0,Champions
C04832,0.7468,High,3.1544,7.8514,31.98,27,1,2.0,0,Deal Hunters
C02680,0.8223,High,3.1488,7.8374,28.99,65,1,2.0,0,New & Promising
C17906,0.5674,Medium,3.1471,7.8332,41.99,54,1,2.0,0,New & Promising
C11488,0.8827,High,3.1468,7.8325,26.99,198,1,1.0,0,New & Promising
C11544,0.4954,Medium,3.1389,7.8127,47.97,49,3,2.0,0,New & Promising
C04374,0.5771,Medium,3.1248,7.7777,40.99,59,1,2.0,0,New & Promising
C03733,0.7725,High,3.1204,7.7668,30.58,243,7,1.0,0,Steady Regulars
C11406,0.8967,High,3.1198,7.7652,26.34,245,1,1.0,0,Deal Hunters
C10299,0.4286,Medium,3.1128,7.7478,54.99,14,2,3.0,0,New & Promising
C11966,0.8128,High,3.1124,7.7468,28.99,157,1,0.5,0,New & Promising
C08139,0.8724,High,3.1102,7.7413,26.99,263,1,1.0,0,New & Promising
C17150,0.718,High,3.1099,7.7405,32.79,193,5,1.0,0,Steady Regulars
C15637,0.619,High,3.1059,7.7307,37.99,29,1,2.0,0,New & Promising
C08979,0.7825,High,3.0997,7.7152,29.99,224,2,1.0,0,Deal Hunters
C00903,0.486,Medium,3.0989,7.7132,48.27,32,3,2.0,0,Steady Regulars
C09031,0.7819,High,3.0975,7.7097,29.99,253,1,1.0,0,New & Promising
C05337,0.0071,Low,3.0967,7.7077,3304.35,5,17,1.7143,0,Champions
C02316,0.9014,High,3.0945,7.7023,25.99,207,1,1.0,0,New & Promising
C00799,0.683,High,3.0928,7.698,34.28,31,1,2.0,0,Deal Hunters
C09595,0.7546,High,3.0891,7.6887,30.99,133,1,0.5,0,New & Promising
C14419,0.7877,High,3.0789,7.6633,29.59,15,1,2.0,0,Deal Hunters
C03059,0.5293,Medium,3.0754,7.6546,43.99,16,1,2.0,0,Deal Hunters
C07855,0.7843,High,3.0656,7.6303,29.59,17,1,2.0,0,Deal Hunters
C09908,0.7802,High,3.065,7.6287,29.74,129,1,0.5,0,Deal Hunters
C15241,0.7739,High,3.0637,7.6256,29.97,57,1,2.0,0,New & Promising
C03336,0.8591,High,3.0628,7.6234,26.99,330,2,1.0,0,New & Promising
C03751,0.8266,High,3.056,7.6064,27.99,174,1,0.5,0,New & Promising
C09186,0.8007,High,3.0554,7.605,28.89,136,1,0.5,0,Deal Hunters
C12126,0.8887,High,3.0509,7.5937,25.99,296,9,1.0,0,Steady Regulars
C13376,0.7764,High,3.0499,7.5912,29.74,136,1,0.5,0,Deal Hunters
C07660,0.5627,Medium,3.0466,7.5829,40.99,52,1,2.0,0,New & Promising
C10887,0.6394,High,3.0387,7.5633,35.98,90,3,2.0,0,Deal Hunters
C10754,0.8516,High,3.036,7.5565,26.99,264,1,1.0,0,New & Promising
C06956,0.7521,High,3.0358,7.556,30.56,167,3,0.5,0,Steady Regulars
C16557,0.8837,High,3.0336,7.5507,25.99,154,1,0.5,0,New & Promising
C08249,0.0079,Low,3.0248,7.5289,2899.48,1,38,1.3333,0,Champions
C09024,0.8806,High,3.023,7.5242,25.99,291,12,1.0,0,Champions
C04923,0.5583,Medium,3.0227,7.5234,40.99,2,1,2.0,0,New & Promising
C00475,0.5577,Medium,3.0196,7.5157,40.99,54,1,2.0,0,New & Promising
C11105,0.4943,Medium,3.0072,7.485,46.06,13,2,3.0,0,Deal Hunters
C00626,0.5902,Medium,3.0008,7.4689,38.49,37,3,3.0,0,Steady Regulars
C14664,0.5045,Medium,2.9975,7.4608,44.98,44,2,1.0,0,New & Promising
C03955,0.5222,Medium,2.9925,7.4483,43.38,34,2,2.0,0,Steady Regulars
C16174,0.9427,High,2.9872,7.4351,23.99,276,1,1.0,0,New & Promising
C12012,0.9424,High,2.9864,7.4332,23.99,280,1,1.0,0,New & Promising
C03684,0.8069,High,2.9831,7.425,27.99,150,1,0.5,0,New & Promising
C12303,0.4424,Medium,2.9784,7.4133,50.97,11,1,2.0,0,New & Promising
C12318,0.5096,Medium,2.9664,7.3834,44.07,36,1,2.0,0,Deal Hunters
C12258,0.8635,High,2.9643,7.3782,25.99,185,1,1.0,0,New & Promising
C11428,0.6601,High,2.9634,7.3759,33.99,109,1,0.5,0,New & Promising
C16235,0.9349,High,2.9625,7.3736,23.99,269,1,1.0,0,New & Promising
C09272,0.7735,High,2.9617,7.3718,28.99,28,1,2.0,0,New & Promising
C01804,0.5336,Medium,2.9588,7.3644,41.98,121,2,0.5,0,New & Promising
C04249,0.4175,Medium,2.9545,7.3537,53.57,36,2,1.0,0,Deal Hunters
C12708,0.6983,High,2.9508,7.3447,31.99,54,1,2.0,0,New & Promising
C15720,0.7696,High,2.9468,7.3346,28.99,14,1,2.0,0,New & Promising
C00084,0.7691,High,2.9452,7.3307,28.99,211,2,1.0,0,Steady Regulars
C10244,0.5864,Medium,2.9417,7.3218,37.98,4,1,2.0,0,New & Promising
C01409,0.0098,Low,2.9367,7.3096,2264.5,6,48,0.7143,0,Champions
C05808,0.7925,High,2.9354,7.3061,28.04,142,1,0.5,0,Deal Hunters
C05950,0.7663,High,2.9344,7.3037,28.99,48,1,2.0,0,New & Promising
C08553,0.9662,High,2.9341,7.3029,22.99,321,1,1.0,0,New & Promising
C07213,0.4928,Medium,2.9277,7.2871,44.98,7,2,1.0,0,New & Promising
C15126,0.9634,High,2.9257,7.282,22.99,296,1,1.0,0,New & Promising
C10214,0.5189,Medium,2.9254,7.2813,42.68,32,2,2.0,0,Deal Hunters
C12653,0.4318,Medium,2.9184,7.264,51.17,13,1,2.0,0,New & Promising
C11886,0.8499,High,2.9176,7.262,25.99,179,1,0.5,0,New & Promising
C12088,0.7646,High,2.9176,7.2619,28.89,143,1,0.5,0,Deal Hunters
C15361,0.9208,High,2.9166,7.2594,23.98,307,1,1.0,0,New & Promising
C05652,0.0052,Low,2.9096,7.2421,4268.66,4,54,0.875,0,Champions
C17203,0.5829,Medium,2.9091,7.2406,37.78,38,2,2.0,0,Steady Regulars
C07142,0.9167,High,2.9047,7.2298,23.99,287,1,1.0,0,Deal Hunters
C14718,0.601,High,2.8879,7.1881,36.38,36,1,2.0,0,Deal Hunters
C07917,0.8737,High,2.8839,7.178,24.99,334,4,1.0,0,Steady Regulars
C13209,0.7526,High,2.8817,7.1726,28.99,42,1,2.0,0,New & Promising
C03031,0.7521,High,2.8799,7.168,28.99,67,1,2.0,0,New & Promising
C08048,0.8386,High,2.8789,7.1655,25.99,178,1,0.5,0,New & Promising
C02622,0.5317,Medium,2.8786,7.1649,40.99,40,1,2.0,0,New & Promising
C06749,0.8378,High,2.8763,7.1591,25.99,269,2,1.0,0,Steady Regulars
C01921,0.703,High,2.8758,7.1578,30.97,41,1,2.0,0,New & Promising
C05158,0.9468,High,2.8752,7.1563,22.99,302,1,1.0,0,New & Promising
C14907,0.8607,High,2.8741,7.1537,25.28,236,1,1.0,0,Deal Hunters
C14689,0.9439,High,2.8662,7.1341,22.99,306,1,1.0,0,New & Promising
C13930,0.7735,High,2.8598,7.1181,27.99,164,1,0.5,0,New & Promising
C14924,0.7736,High,2.859,7.116,27.98,56,1,2.0,0,New & Promising
C04431,0.6367,High,2.8586,7.115,33.99,123,2,0.5,0,Steady Regulars
C08793,0.902,High,2.8583,7.1143,23.99,200,1,1.0,0,New & Promising
C08856,0.9386,High,2.8503,7.0944,22.99,277,1,1.0,0,New & Promising
C16619,0.7995,High,2.8502,7.0942,26.99,145,1,0.5,0,New & Promising
C07824,0.9383,High,2.8494,7.0921,22.99,273,1,1.0,0,New & Promising
C11751,0.8962,High,2.8399,7.0685,23.99,278,12,1.0,0,Steady Regulars
C12864,0.936,High,2.8362,7.0593,22.94,323,1,1.0,0,Deal Hunters
C05645,0.5628,Medium,2.8234,7.0274,37.98,29,3,2.0,0,Steady Regulars
C11655,0.7403,High,2.8053,6.9825,28.69,32,1,2.0,0,Deal Hunters
C10943,0.7586,High,2.8048,6.981,27.99,144,1,0.5,0,New & Promising
C09822,0.606,High,2.801,6.9717,34.99,56,1,2.0,0,New & Promising
C10078,0.6617,High,2.7959,6.9591,31.99,98,1,0.5,0,New & Promising
C01264,0.9618,High,2.7937,6.9536,21.99,350,1,1.0,0,New & Promising
C16137,0.8137,High,2.7933,6.9526,25.99,172,1,0.5,0,New & Promising
C15161,0.7282,High,2.7884,6.9404,28.99,43,1,2.0,0,New & Promising
C06896,0.9174,High,2.7859,6.934,22.99,217,1,1.0,0,New & Promising
C12564,0.1416,Low,2.7849,6.9316,148.9,43,22,1.0,0,Champions
C07925,0.8769,High,2.7786,6.9159,23.99,306,7,1.0,0,Champions
C15562,0.9514,High,2.7633,6.8779,21.99,281,1,1.0,0,New & Promising
C05876,0.4055,Medium,2.7619,6.8744,51.57,12,2,2.0,0,New & Promising
C12490,0.7095,High,2.7524,6.8508,29.37,35,1,2.0,0,Deal Hunters
C00665,0.5081,Medium,2.751,6.8473,40.99,73,7,2.0,0,Champions
C06104,0.5003,Medium,2.7472,6.8378,41.57,48,3,1.0,0,Steady Regulars
C13826,0.9035,High,2.7436,6.8288,22.99,313,3,1.0,0,Steady Regulars
C15879,0.7163,High,2.7428,6.8268,28.99,17,1,2.0,0,New & Promising
C09286,0.9023,High,2.7399,6.8197,22.99,227,1,1.0,0,New & Promising
C04533,0.8632,High,2.7354,6.8085,23.99,284,7,1.0,0,Steady Regulars
C02172,0.9417,High,2.7353,6.8082,21.99,281,1,1.0,0,New & Promising
C09125,0.7964,High,2.7341,6.8052,25.99,57,1,2.0,0,New & Promising
C07526,0.4092,Medium,2.7231,6.7779,50.38,11,2,3.0,0,Deal Hunters
C02650,0.7185,High,2.721,6.7725,28.67,35,1,2.0,0,Deal Hunters
C11034,0.7924,High,2.7201,6.7704,25.99,4,1,2.0,0,New & Promising
C11091,0.9344,High,2.7141,6.7555,21.99,273,1,1.0,0,New & Promising
C12812,0.8936,High,2.7135,6.7538,22.99,233,1,1.0,0,New & Promising
C15179,0.9342,High,2.7122,6.7506,21.98,336,1,1.0,0,New & Promising
C12611,0.7079,High,2.7108,6.7472,28.99,45,1,2.0,0,New & Promising
C06555,0.5331,Medium,2.7103,6.7459,38.49,34,5,2.0,0,Steady Regulars
C04135,0.5842,Medium,2.7002,6.7209,34.99,11,2,2.0,0,New & Promising
C14151,0.5518,Medium,2.6955,6.7091,36.98,47,3,3.0,0,Steady Regulars
C09234,0.8573,High,2.6941,6.7055,23.79,139,1,0.5,0,Deal Hunters
C06903,0.7499,High,2.6923,6.7012,27.18,23,1,2.0,0,Deal Hunters
C06254,0.9782,High,2.6864,6.6864,20.79,355,12,1.0,0,Champions
C10992,0.8838,High,2.6839,6.6803,22.99,223,1,1.0,0,New & Promising
C09697,0.9669,High,2.6807,6.6722,20.99,357,1,1.0,0,New & Promising
C07503,0.8531,High,2.6807,6.6722,23.79,137,1,0.5,0,Deal Hunters
C01974,0.7477,High,2.6656,6.6347,26.99,14,1,2.0,0,New & Promising
C00424,0.6958,High,2.6643,6.6315,28.99,8,1,2.0,0,New & Promising
C13925,0.7752,High,2.6612,6.6238,25.99,66,1,2.0,0,New & Promising
C11593,0.8747,High,2.6562,6.6113,22.99,307,3,1.0,0,Steady Regulars
C15914,0.558,Medium,2.6519,6.6005,35.98,50,1,2.0,0,New & Promising
C12951,0.8721,High,2.6483,6.5916,22.99,221,1,1.0,0,New & Promising
C08414,0.7428,High,2.6483,6.5915,26.99,20,1,2.0,0,New & Promising
C03377,0.8357,High,2.6481,6.5912,23.99,263,5,1.0,0,Steady Regulars
C02281,0.872,High,2.6479,6.5907,22.99,333,2,1.0,0,Deal Hunters
C06574,0.9642,High,2.6477,6.5901,20.79,352,1,1.0,0,Deal Hunters
C08033,0.5568,Medium,2.6464,6.587,35.98,53,1,2.0,0,New & Promising
C07673,0.7705,High,2.6452,6.5838,25.99,139,1,0.5,0,New & Promising
C07109,0.9511,High,2.6368,6.5631,20.99,328,1,1.0,0,New & Promising
C10940,0.9591,High,2.6337,6.5554,20.79,359,1,1.0,0,Deal Hunters
C09165,0.8681,High,2.6305,6.5472,22.94,236,3,1.0,0,Steady Regulars
C03310,0.7378,High,2.6304,6.5472,26.99,53,1,2.0,0,New & Promising
C00619,0.5687,Medium,2.6285,6.5424,34.99,21,1,2.0,0,New & Promising
C05315,0.7367,High,2.6263,6.5368,26.99,42,1,2.0,0,New & Promising
C00129,0.9561,High,2.6255,6.5349,20.79,355,1,1.0,0,Deal Hunters
C15654,0.735,High,2.6202,6.5217,26.99,52,1,2.0,0,New & Promising
C10167,0.7345,High,2.6184,6.5172,26.99,71,1,2.0,0,New & Promising
C08004,0.9528,High,2.6165,6.5125,20.79,361,1,1.0,0,Deal Hunters
C11532,0.8613,High,2.6156,6.5103,22.99,192,1,1.0,0,New & Promising
C04100,0.5652,Medium,2.6123,6.5021,34.99,51,2,2.0,0,New & Promising
C09192,0.6024,High,2.609,6.4939,32.79,20,3,2.0,0,Steady Regulars
C01098,0.9492,High,2.6066,6.4879,20.79,355,8,1.0,0,Steady Regulars
C01985,0.896,High,2.6026,6.4779,21.99,242,1,1.0,0,New & Promising
C00275,0.8202,High,2.5991,6.4692,23.99,7,1,2.0,0,New & Promising
C06319,0.8931,High,2.5928,6.4536,21.98,267,1,1.0,0,New & Promising
C02532,0.0071,Low,2.5895,6.4453,2758.36,14,42,3.0,0,Champions
C05990,0.8522,High,2.5879,6.4414,22.99,198,1,1.0,0,New & Promising
C00856,0.652,High,2.5826,6.4281,29.99,104,1,0.5,0,New & Promising
C13507,0.6113,High,2.5821,6.4268,31.98,7,1,2.0,0,New & Promising
C15053,0.5419,Medium,2.5756,6.4106,35.98,3,1,2.0,0,New & Promising
C09053,0.9285,High,2.5743,6.4074,20.99,278,1,1.0,0,New & Promising
C13279,0.665,High,2.5632,6.3797,29.18,55,1,2.0,0,Deal Hunters
C15788,0.7764,High,2.5627,6.3785,24.99,87,1,2.0,0,New & Promising
C14976,0.7182,High,2.5604,6.3729,26.99,85,1,2.0,0,New & Promising
C05252,0.8069,High,2.5568,6.364,23.99,57,1,2.0,0,New & Promising
C16617,0.502,Medium,2.5524,6.3531,38.49,33,2,2.0,0,Deal Hunters
C08179,0.7877,High,2.5481,6.3421,24.49,32,1,2.0,0,Deal Hunters
C11884,0.5882,Medium,2.5476,6.3411,32.79,24,1,2.0,0,Deal Hunters
C05125,0.8762,High,2.545,6.3345,21.99,300,2,1.0,0,Steady Regulars
C12717,0.7133,High,2.5428,6.3291,26.99,109,1,0.5,0,New & Promising
C12055,0.9169,High,2.5422,6.3276,20.99,340,9,1.0,0,Steady Regulars
C16338,0.3768,Medium,2.5373,6.3154,50.98,1,2,1.0,0,Deal Hunters
C05564,0.5475,Medium,2.5302,6.2977,34.99,58,2,2.0,0,New & Promising
C11050,0.8325,High,2.528,6.2922,22.99,328,5,1.0,0,Steady Regulars
C08055,0.7362,High,2.5272,6.2903,25.99,110,1,0.5,0,New & Promising
C03879,0.9098,High,2.5224,6.2782,20.99,346,3,1.0,0,Steady Regulars
C08586,0.7781,High,2.5171,6.2651,24.49,38,1,2.0,0,Deal Hunters
C13742,0.6337,High,2.5102,6.2479,29.99,88,2,2.0,0,New & Promising
C12666,0.7032,High,2.5068,6.2395,26.99,48,1,2.0,0,New & Promising
C17964,0.7586,High,2.5039,6.2322,24.99,83,1,2.0,0,New & Promising
C14300,0.8171,High,2.5029,6.2299,23.19,185,1,1.0,0,Deal Hunters
C06492,0.9017,High,2.5001,6.2227,20.99,229,1,1.0,0,New & Promising
C11706,0.9468,High,2.5,6.2226,19.99,341,1,1.0,0,Deal Hunters
C15643,0.7009,High,2.4988,6.2195,26.99,53,1,2.0,0,New & Promising
C10245,0.5103,Medium,2.4924,6.2037,36.98,39,6,2.0,0,Steady Regulars
C10890,0.5536,Medium,2.4854,6.1862,33.99,42,1,2.0,0,New & Promising
C10456,0.4311,Medium,2.4807,6.1744,43.56,12,2,2.0,0,New & Promising
C11388,0.8924,High,2.4742,6.1584,20.99,276,11,1.0,0,Steady Regulars
C09768,0.6285,High,2.4565,6.1142,29.59,16,1,2.0,0,Deal Hunters
C01910,0.6641,High,2.4554,6.1115,27.99,149,7,0.5,0,Steady Regulars
C01399,0.8975,High,2.4526,6.1046,20.69,314,5,1.0,0,Steady Regulars
C01759,0.66,High,2.4392,6.0712,27.98,166,2,0.5,0,Deal Hunters
C06739,0.8017,High,2.4345,6.0595,22.99,67,1,2.0,0,New & Promising
C13870,0.5414,Medium,2.43,6.0483,33.98,72,1,2.0,0,New & Promising
C00499,0.833,High,2.4184,6.0194,21.98,288,2,1.0,0,Deal Hunters
C08728,0.8306,High,2.4126,6.005,21.99,198,1,1.0,0,New & Promising
C14222,0.0057,Low,2.4117,6.0026,3197.36,12,33,1.0,0,Champions
C15764,0.7023,High,2.4109,6.0008,25.99,44,1,2.0,0,New & Promising
C00017,0.6756,High,2.4086,5.9951,26.99,79,1,2.0,0,New & Promising
C00672,0.6286,High,2.407,5.991,28.99,3,1,2.0,0,New & Promising
C14176,0.7926,High,2.4068,5.9905,22.99,68,1,2.0,0,New & Promising
C01567,0.8753,High,2.4037,5.9829,20.79,351,4,1.0,0,Steady Regulars
C07272,0.9583,High,2.4037,5.9828,18.99,330,1,1.0,0,New & Promising
C14395,0.7583,High,2.4029,5.9808,23.99,128,1,0.5,0,New & Promising
C08182,0.5199,Medium,2.4028,5.9807,34.99,13,1,2.0,0,New & Promising
C17224,0.9574,High,2.4015,5.9773,18.99,340,1,1.0,0,New & Promising
C06516,0.6054,High,2.3982,5.9692,29.99,133,6,0.5,0,Steady Regulars
C11364,0.9553,High,2.3962,5.9641,18.99,310,1,1.0,0,New & Promising
C10734,0.625,High,2.3931,5.9564,28.99,88,1,2.0,0,New & Promising
C13672,0.953,High,2.3904,5.9498,18.99,308,1,1.0,0,New & Promising
C01912,0.6702,High,2.3894,5.9473,26.99,122,2,0.5,0,Steady Regulars
C00028,0.67,High,2.3886,5.9453,26.99,78,1,2.0,0,New & Promising
C17428,0.0063,Low,2.3824,5.9298,2877.6,17,55,2.0,0,Champions
C01128,0.949,High,2.3805,5.925,18.99,331,1,1.0,0,New & Promising
C02369,0.8574,High,2.3772,5.9169,20.99,273,2,1.0,0,New & Promising
C03258,0.529,Medium,2.3745,5.9101,33.98,116,3,0.3333,0,New & Promising
C04690,0.9484,High,2.3664,5.89,18.89,308,1,1.0,0,Deal Hunters
C13798,0.62,High,2.366,5.8889,28.89,135,2,0.5,0,Deal Hunters
C11908,0.9426,High,2.3643,5.8848,18.99,286,1,1.0,0,New & Promising
C08270,0.5454,Medium,2.3624,5.88,32.79,22,2,2.0,0,Deal Hunters
C01127,0.9402,High,2.3583,5.8697,18.99,298,10,1.0,0,Champions
C16252,0.6869,High,2.3581,5.8692,25.99,93,1,0.5,0,New & Promising
C02561,0.7757,High,2.3555,5.8629,22.99,228,8,1.0,0,Steady Regulars
C01051,0.9384,High,2.3539,5.859,18.99,292,1,1.0,0,New & Promising
C06514,0.9377,High,2.352,5.8542,18.99,295,1,1.0,0,New & Promising
C04359,0.9333,High,2.3411,5.827,18.99,344,1,1.0,0,New & Promising
C03849,0.6743,High,2.3148,5.7615,25.99,108,1,0.5,0,New & Promising
C00901,0.5838,Medium,2.3125,5.7559,29.99,117,5,0.5,0,Steady Regulars
C13783,0.7006,High,2.3125,5.7558,24.99,93,1,0.5,0,New & Promising
C04010,0.92,High,2.3077,5.7438,18.99,318,1,1.0,0,New & Promising
C09956,0.9193,High,2.3059,5.7393,18.99,361,1,1.0,0,New & Promising
C07251,0.7795,High,2.3052,5.7377,22.39,31,1,2.0,0,Deal Hunters
C12828,0.2172,Low,2.2945,5.7109,79.96,31,20,1.5,0,Champions
C05801,0.5784,Medium,2.2914,5.7032,29.99,28,1,2.0,0,New & Promising
C15902,0.8264,High,2.2912,5.7028,20.99,276,2,1.0,0,New & Promising
C02203,0.5102,Medium,2.2908,5.7017,33.99,15,1,2.0,0,New & Promising
C08762,0.7208,High,2.2823,5.6806,23.97,105,1,0.5,0,New & Promising
C08125,0.7383,High,2.2809,5.6771,23.39,30,1,2.0,0,Deal Hunters
C06511,0.863,High,2.2775,5.6687,19.98,291,4,1.0,0,Steady Regulars
C08656,0.6158,High,2.2759,5.6648,27.98,145,2,0.5,0,New & Promising
C04608,0.8188,High,2.2701,5.6503,20.99,118,1,0.5,0,New & Promising
C07316,0.8992,High,2.2554,5.6138,18.99,250,1,1.0,0,New & Promising
C12649,0.9475,High,2.2515,5.604,17.99,303,1,1.0,0,New & Promising
C14566,0.8957,High,2.2468,5.5924,18.99,158,1,0.5,0,New & Promising
C02768,0.9451,High,2.2457,5.5896,17.99,336,1,1.0,0,New & Promising
C04935,0.8469,High,2.235,5.563,19.98,289,2,1.0,0,Steady Regulars
C13136,0.7336,High,2.2277,5.5447,22.99,54,1,2.0,0,New & Promising
C12867,0.8872,High,2.2254,5.539,18.99,319,3,1.0,0,Steady Regulars
C06178,0.7021,High,2.2249,5.5378,23.99,116,2,0.5,0,Steady Regulars
C06414,0.7012,High,2.2218,5.5302,23.99,1,1,2.0,0,New & Promising
C00188,0.8832,High,2.2154,5.5141,18.99,265,1,1.0,0,New & Promising
C06494,0.8832,High,2.2153,5.5138,18.99,259,3,1.0,0,Steady Regulars
C05187,0.8459,High,2.2111,5.5035,19.79,288,8,1.0,0,Steady Regulars
C14927,0.8793,High,2.2057,5.4899,18.99,227,1,1.0,0,New & Promising
C05942,0.875,High,2.1949,5.463,18.99,248,1,1.0,0,New & Promising
C13699,0.7911,High,2.1933,5.4591,20.99,63,1,2.0,0,New & Promising
C06976,0.8737,High,2.1916,5.4548,18.99,258,1,1.0,0,New & Promising
C09034,0.6144,High,2.1902,5.4515,26.99,18,2,2.0,0,New & Promising
C07026,0.7516,High,2.182,5.4309,21.98,6,1,2.0,0,New & Promising
C07264,0.612,High,2.1819,5.4309,26.99,50,1,2.0,0,New & Promising
C14126,0.6348,High,2.1793,5.4244,25.99,26,1,2.0,0,New & Promising
C00751,0.6582,High,2.1725,5.4074,24.99,80,1,2.0,0,New & Promising
C05247,0.8227,High,2.1722,5.4067,19.99,124,1,0.5,0,New & Promising
C12494,0.5866,Medium,2.1678,5.3956,27.98,30,2,2.0,0,Steady Regulars
C09600,0.916,High,2.1584,5.3724,17.84,242,1,1.0,0,Deal Hunters
C12065,0.8168,High,2.1567,5.3681,19.99,231,4,1.0,0,Steady Regulars
C15385,0.8566,High,2.1486,5.3479,18.99,328,2,1.0,0,Steady Regulars
C17070,0.7066,High,2.1456,5.3404,22.99,21,1,2.0,0,New & Promising
C15087,0.8093,High,2.137,5.3189,19.99,215,4,1.0,0,Steady Regulars
C17310,0.6197,High,2.1272,5.2947,25.99,155,3,0.5,0,Deal Hunters
C15250,0.8941,High,2.1246,5.2883,17.99,218,1,1.0,0,New & Promising
C00916,0.6974,High,2.1179,5.2716,22.99,11,1,2.0,0,New & Promising
C05866,0.6025,High,2.116,5.2668,26.59,32,1,2.0,0,Deal Hunters
C05448,0.666,High,2.1103,5.2525,23.99,55,1,2.0,0,New & Promising
C14506,0.841,High,2.1095,5.2505,18.99,107,1,0.5,0,New & Promising
C07859,0.759,High,2.1044,5.2377,20.99,65,1,2.0,0,New & Promising
C03573,0.6639,High,2.1036,5.2359,23.99,125,6,0.5,0,Steady Regulars
C10540,0.8313,High,2.0852,5.1901,18.99,257,1,1.0,0,New & Promising
C03626,0.8773,High,2.0847,5.1887,17.99,213,1,1.0,0,New & Promising
C03419,0.7824,High,2.0659,5.1421,19.99,123,1,0.5,0,New & Promising
C08486,0.0038,Low,2.0645,5.1385,4067.8,9,49,1.6,0,Champions
C14023,0.8873,High,2.0615,5.131,17.59,357,9,1.0,0,Champions
C10949,0.587,Medium,2.0607,5.1292,26.58,31,1,2.0,0,Deal Hunters
C09901,0.5773,Medium,2.0581,5.1226,26.99,49,1,2.0,0,New & Promising
C15117,0.677,High,2.0558,5.1169,22.99,13,1,2.0,0,New & Promising
C04292,0.8639,High,2.0517,5.1067,17.98,174,1,0.5,0,New & Promising
C06536,0.5746,Medium,2.0486,5.0991,26.99,41,2,2.0,0,Deal Hunters
C06396,0.5348,Medium,2.0478,5.0969,28.99,16,2,2.0,0,New & Promising
C12841,0.553,Medium,2.0445,5.0889,27.99,48,2,2.0,0,New & Promising
C04119,0.7162,High,2.0415,5.0813,21.58,53,1,2.0,0,New & Promising
C09549,0.8104,High,2.0329,5.0598,18.99,130,1,0.5,0,New & Promising
C03850,0.5289,Medium,2.0252,5.0408,28.99,54,1,2.0,0,New & Promising
C09110,0.8483,High,2.0159,5.0175,17.99,111,1,0.5,0,New & Promising
C11726,0.8456,High,2.0093,5.0012,17.99,154,1,0.5,0,New & Promising
C05237,0.7239,High,2.007,4.9954,20.99,79,1,2.0,0,New & Promising
C17509,0.7983,High,2.0023,4.9838,18.99,255,7,1.0,0,Steady Regulars
C12129,0.8374,High,1.9898,4.9525,17.99,121,1,0.5,0,New & Promising
C00817,0.7514,High,1.9841,4.9384,19.99,74,1,2.0,0,New & Promising
C08075,0.4656,Medium,1.9789,4.9254,32.18,38,1,2.0,0,Deal Hunters
C02217,0.7233,High,1.9767,4.92,20.69,9,1,2.0,0,Deal Hunters
C14046,0.5981,Medium,1.9743,4.9141,24.99,51,2,2.0,0,New & Promising
C09617,0.3973,Medium,1.9725,4.9096,37.59,25,2,1.0,0,Deal Hunters
C11221,0.991,High,1.9622,4.8839,14.99,349,36,1.0,0,Champions
C12227,0.8252,High,1.9609,4.8807,17.99,100,1,0.5,0,New & Promising
C17605,0.7059,High,1.957,4.8711,20.99,71,1,2.0,0,New & Promising
C13971,0.0028,Low,1.9546,4.865,5310.64,13,36,1.1111,0,Champions
C17345,0.8212,High,1.9513,4.8569,17.99,275,5,1.0,0,Steady Regulars
C13483,0.9238,High,1.9499,4.8532,15.98,231,1,1.0,0,New & Promising
C06065,0.8204,High,1.9495,4.8522,17.99,191,1,1.0,0,New & Promising
C06392,0.8199,High,1.9483,4.8494,17.99,162,1,0.5,0,New & Promising
C05750,0.5437,Medium,1.9382,4.8242,26.99,57,1,2.0,0,New & Promising
C03256,0.9047,High,1.9287,4.8005,16.14,326,1,1.0,0,New & Promising
C10329,0.5608,Medium,1.9252,4.7917,25.99,54,1,2.0,0,New & Promising
C17808,0.7664,High,1.9223,4.7847,18.99,231,7,1.0,0,Steady Regulars
C07116,0.5017,Medium,1.921,4.7815,28.99,48,1,2.0,0,New & Promising
C11196,0.8548,High,1.9184,4.775,16.99,142,1,0.5,0,Deal Hunters
C16789,0.803,High,1.9082,4.7494,17.99,150,1,0.5,0,New & Promising
C16608,0.8953,High,1.8899,4.7039,15.98,317,1,1.0,0,New & Promising
C04358,0.89,High,1.8785,4.6756,15.98,350,4,1.0,0,Steady Regulars
C10123,0.7871,High,1.8703,4.6553,17.99,154,1,0.5,0,New & Promising
C03841,0.7073,High,1.8676,4.6485,19.99,79,1,2.0,0,New & Promising
C15027,0.67,High,1.8577,4.6238,20.99,14,1,2.0,0,New & Promising
C08255,0.9378,High,1.8567,4.6215,14.99,338,1,1.0,0,New & Promising
C04640,0.9374,High,1.8561,4.6199,14.99,338,1,1.0,0,New & Promising
C00805,0.9327,High,1.8468,4.5967,14.99,298,1,1.0,0,New & Promising
C14586,0.9293,High,1.84,4.5797,14.99,322,1,1.0,0,New & Promising
C16957,0.9283,High,1.838,4.5749,14.99,362,1,1.0,0,New & Promising
C11758,0.8162,High,1.8317,4.5592,16.99,170,1,0.5,0,Deal Hunters
C15588,0.9249,High,1.8312,4.5579,14.99,283,1,1.0,0,New & Promising
C06656,0.5775,Medium,1.8299,4.5547,23.99,133,7,0.5,0,Champions
C02628,0.5095,Medium,1.829,4.5524,27.18,14,1,2.0,0,Deal Hunters
C02100,0.6596,High,1.8288,4.5519,20.99,62,1,2.0,0,New & Promising
C08064,0.9212,High,1.824,4.54,14.99,333,2,1.0,0,Steady Regulars
C15642,0.9212,High,1.824,4.5399,14.99,329,2,1.0,0,New & Promising
C12932,0.5114,Medium,1.8231,4.5378,26.99,44,1,2.0,0,New & Promising
C05550,0.5991,Medium,1.8194,4.5284,22.99,52,1,2.0,0,New & Promising
C04815,0.6125,High,1.8115,4.509,22.39,36,1,2.0,0,Deal Hunters
C00795,0.8046,High,1.8057,4.4944,16.99,69,1,2.0,0,New & Promising
C16712,0.5052,Medium,1.8011,4.4829,26.99,110,2,0.5,0,New & Promising
C00024,0.4868,Medium,1.799,4.4778,27.98,34,1,2.0,0,Deal Hunters
C03807,0.5044,Medium,1.7715,4.4093,26.59,38,4,2.0,0,Steady Regulars
C12033,0.6707,High,1.7701,4.4058,19.98,151,2,0.5,0,Steady Regulars
C11617,0.7343,High,1.7642,4.3911,18.19,32,1,2.0,0,Deal Hunters
C12175,0.6642,High,1.753,4.3632,19.98,88,1,2.0,0,New & Promising
C08340,0.6636,High,1.7522,4.3613,19.99,155,3,0.5,0,Steady Regulars
C16450,0.4658,Medium,1.7455,4.3445,28.37,88,2,2.0,0,New & Promising
C00367,0.7765,High,1.7425,4.3371,16.99,3,1,2.0,0,New & Promising
C04821,0.7177,High,1.7045,4.2426,17.98,133,1,0.5,0,Deal Hunters
C08298,0.9177,High,1.6957,4.2207,13.99,209,1,1.0,0,New & Promising
C15040,0.7916,High,1.6919,4.2111,16.18,68,1,2.0,0,Deal Hunters
C06640,0.6367,High,1.6812,4.1845,19.99,6,1,2.0,0,New & Promising
C11230,0.5529,Medium,1.6788,4.1786,22.99,18,2,2.0,0,New & Promising
C05908,0.7471,High,1.6767,4.1733,16.99,4,1,2.0,0,New & Promising
C01641,0.8449,High,1.6728,4.1637,14.99,350,8,1.0,0,Steady Regulars
C00341,0.4329,Medium,1.6571,4.1244,28.98,11,2,3.0,0,New & Promising
C08907,0.7298,High,1.6379,4.0767,16.99,53,1,2.0,0,New & Promising
C08538,0.6489,High,1.6278,4.0515,18.99,46,1,2.0,0,New & Promising
C11431,0.5869,Medium,1.6272,4.05,20.99,54,1,2.0,0,New & Promising
C14824,0.7226,High,1.6217,4.0365,16.99,51,1,2.0,0,New & Promising
C04967,0.6139,High,1.6201,4.0324,19.98,59,1,2.0,0,New & Promising
C02698,0.6761,High,1.6066,3.9987,17.99,3,1,2.0,0,New & Promising
C10277,0.7099,High,1.5932,3.9654,16.99,71,1,2.0,0,New & Promising
C07949,0.0043,Low,1.5866,3.949,2818.55,11,56,1.3333,0,Champions
C10554,0.6667,High,1.5842,3.9431,17.99,90,1,2.0,0,New & Promising
C16289,0.9898,High,1.5676,3.9018,11.99,305,25,1.0,0,Champions
C02500,0.5919,Medium,1.5628,3.8898,19.99,117,2,0.5,0,New & Promising
C15819,0.6917,High,1.5523,3.8636,16.99,2,1,2.0,0,New & Promising
C05853,0.6517,High,1.5485,3.8543,17.99,96,1,0.5,0,New & Promising
C01909,0.6505,High,1.5458,3.8474,17.99,44,1,2.0,0,New & Promising
C02382,0.7822,High,1.5177,3.7776,14.69,33,1,2.0,0,Deal Hunters
C02695,0.9572,High,1.5159,3.773,11.99,355,1,1.0,0,Deal Hunters
C10497,0.8079,High,1.493,3.7161,13.99,154,1,0.5,0,New & Promising
C00116,0.6649,High,1.4923,3.7142,16.99,49,1,2.0,0,New & Promising
C11928,0.9417,High,1.4914,3.7122,11.99,364,1,1.0,0,New & Promising
C14170,0.6249,High,1.4848,3.6957,17.99,112,4,0.5,0,Steady Regulars
C01620,0.5538,Medium,1.4841,3.694,20.29,33,1,2.0,0,Deal Hunters
C10402,0.5588,Medium,1.4748,3.6709,19.98,23,1,2.0,0,New & Promising
C01016,0.0041,Low,1.4675,3.6525,2727.12,9,47,1.1429,0,Champions
C14920,0.7917,High,1.4629,3.6413,13.99,46,1,2.0,0,New & Promising
C03682,0.4802,Medium,1.4584,3.6299,22.99,62,6,2.0,0,Steady Regulars
C12041,0.7813,High,1.4438,3.5936,13.99,145,1,0.5,0,New & Promising
C12535,0.8384,High,1.4385,3.5805,12.99,118,1,0.5,0,New & Promising
C13441,0.791,High,1.4199,3.534,13.59,27,1,2.0,0,Deal Hunters
C16586,0.7815,High,1.4029,3.4919,13.59,19,1,2.0,0,Deal Hunters
C00645,0.0031,Low,1.4022,3.49,3454.41,19,46,1.0,0,Champions
C03519,0.8811,High,1.3954,3.4731,11.99,293,2,1.0,0,Steady Regulars
C11491,0.7536,High,1.3926,3.4663,13.99,78,1,2.0,0,New & Promising
C17067,0.7504,High,1.3866,3.4513,13.99,147,1,0.5,0,New & Promising
C09145,0.7712,High,1.3844,3.4457,13.59,19,1,2.0,0,Deal Hunters
C05134,0.7637,High,1.371,3.4124,13.59,20,1,2.0,0,Deal Hunters
C17918,0.5191,Medium,1.37,3.4099,19.98,129,3,0.5,0,New & Promising
C03470,0.7979,High,1.3691,3.4076,12.99,49,1,2.0,0,New & Promising
C05661,0.6907,High,1.3676,3.404,14.99,125,3,0.5,0,Deal Hunters
C17861,0.9245,High,1.342,3.3403,10.99,317,1,1.0,0,New & Promising
C16325,0.6352,High,1.3416,3.3392,15.99,25,1,2.0,0,Deal Hunters
C05707,0.5635,Medium,1.339,3.3328,17.99,129,2,0.5,0,New & Promising
C00329,0.9207,High,1.3365,3.3267,10.99,233,1,1.0,0,New & Promising
C10816,0.9198,High,1.3353,3.3235,10.99,295,1,1.0,0,New & Promising
C03962,0.8361,High,1.3241,3.2958,11.99,284,3,1.0,0,New & Promising
C17461,0.7292,High,1.3091,3.2582,13.59,12,1,2.0,0,Deal Hunters
C12257,0.7207,High,1.2937,3.22,13.59,16,1,2.0,0,Deal Hunters
C13225,0.5673,Medium,1.2807,3.1876,17.09,12,4,2.0,0,Steady Regulars
C13864,0.5979,Medium,1.2628,3.1431,15.99,25,1,2.0,0,Deal Hunters
C06190,0.5305,Medium,1.2605,3.1375,17.99,57,3,2.0,0,Steady Regulars
C03484,0.865,High,1.2557,3.1255,10.99,205,1,1.0,0,New & Promising
C14891,0.9498,High,1.2533,3.1195,9.99,337,1,1.0,0,New & Promising
C02750,0.9352,High,1.234,3.0714,9.99,315,1,1.0,0,New & Promising
C12054,0.4443,Medium,1.2319,3.0661,20.99,39,9,2.0,0,Champions
C05092,0.9221,High,1.2168,3.0286,9.99,295,1,1.0,0,New & Promising
C07655,0.5569,Medium,1.191,2.9643,16.19,15,1,2.0,0,Deal Hunters
C08493,0.8992,High,1.1865,2.9533,9.99,246,1,1.0,0,New & Promising
C13362,0.9557,High,1.179,2.9345,9.34,321,1,1.0,0,Deal Hunters
C01576,0.5773,Medium,1.1727,2.9189,15.38,38,2,2.0,0,Steady Regulars
C08007,0.0026,Low,1.1707,2.9139,3455.29,18,40,1.6,0,Champions
C02742,0.7971,High,1.1571,2.8801,10.99,179,1,0.5,0,New & Promising
C07082,0.6398,High,1.1485,2.8585,13.59,21,1,2.0,0,Deal Hunters
C07888,0.6393,High,1.1476,2.8564,13.59,26,1,2.0,0,Deal Hunters
C07117,0.8684,High,1.1459,2.8521,9.99,355,7,1.0,0,Steady Regulars
C13093,0.7272,High,1.1229,2.795,11.69,51,1,2.0,0,Deal Hunters
C06847,0.6732,High,1.1195,2.7863,12.59,36,1,2.0,0,Deal Hunters
C15213,0.6696,High,1.1135,2.7715,12.59,34,1,2.0,0,Deal Hunters
C13590,0.7508,High,1.1098,2.7622,11.19,198,3,1.0,0,Deal Hunters
C12389,0.7601,High,1.1035,2.7465,10.99,83,1,2.0,0,New & Promising
C07507,0.8313,High,1.0969,2.7303,9.99,343,3,1.0,0,Deal Hunters
C17571,0.8289,High,1.0938,2.7225,9.99,253,6,1.0,0,Steady Regulars
C05051,0.7418,High,1.0769,2.6803,10.99,41,1,2.0,0,New & Promising
C13377,0.8005,High,1.0564,2.6293,9.99,144,1,0.5,0,New & Promising
C16994,0.7243,High,1.0514,2.617,10.99,44,1,2.0,0,New & Promising
C17340,0.9336,High,1.047,2.606,8.49,239,1,1.0,0,Deal Hunters
C04692,0.878,High,1.0426,2.5951,8.99,188,1,1.0,0,New & Promising
C13277,0.7134,High,1.0357,2.5778,10.99,91,1,0.5,0,New & Promising
C11386,0.9101,High,1.0206,2.5402,8.49,240,1,1.0,0,Deal Hunters
C00764,0.697,High,1.0117,2.5182,10.99,75,1,2.0,0,New & Promising
C09251,0.9535,High,1.0063,2.5047,7.99,360,1,1.0,0,New & Promising
C06603,0.8405,High,0.9981,2.4843,8.99,186,2,1.0,0,New & Promising
C08310,0.5756,Medium,0.9877,2.4583,12.99,69,2,2.0,0,New & Promising
C01055,0.7794,High,0.9255,2.3035,8.99,232,16,1.0,0,Champions
C10145,0.7793,High,0.9254,2.3034,8.99,179,1,0.5,0,New & Promising
C16874,0.578,Medium,0.9077,2.2594,11.89,35,2,2.0,0,Steady Regulars
C07786,0.8856,High,0.8937,2.2245,7.64,241,1,1.0,0,New & Promising
C11336,0.845,High,0.8918,2.2198,7.99,248,2,1.0,0,New & Promising
C00910,0.6726,High,0.8875,2.209,9.99,12,1,2.0,0,New & Promising
C00113,0.8158,High,0.861,2.143,7.99,132,1,0.5,0,New & Promising
C12321,0.7528,High,0.7945,1.9775,7.99,87,1,2.0,0,New & Promising
C16802,0.7524,High,0.7941,1.9765,7.99,47,1,2.0,0,New & Promising
C09747,0.429,Medium,0.7928,1.9732,13.99,68,12,2.0,0,Champions
C16990,0.5849,Medium,0.7718,1.9211,9.99,77,4,2.0,0,Steady Regulars
C07000,0.7143,High,0.7538,1.8763,7.99,78,1,2.0,0,New & Promising
C15645,0.5696,Medium,0.7516,1.8706,9.99,94,2,0.5,0,Steady Regulars
C02711,0.5588,Medium,0.7373,1.8352,9.99,111,7,0.5,0,Champions
C09863,0.6782,High,0.644,1.603,7.19,15,1,2.0,0,Deal Hunters
C03505,0.4501,Medium,0.475,1.1823,7.99,12,6,2.0,0,Steady Regulars
C06472,0.9281,High,0.0,0.0,0.0,250,1,1.0,0,New & Promising
C15758,0.6904,High,0.0,0.0,0.0,121,1,0.5,0,New & Promising
C05816,0.938,High,0.0,0.0,0.0,277,1,1.0,0,New & Promising
C05952,0.589,Medium,0.0,0.0,0.0,152,16,0.5,0,Champions
C01245,0.5357,Medium,0.0,0.0,0.0,49,2,2.0,0,Steady Regulars
C17890,0.8029,High,0.0,0.0,0.0,144,1,0.5,0,New & Promising
C06857,0.7613,High,0.0,0.0,0.0,127,1,0.5,0,New & Promising
C15555,0.9488,High,0.0,0.0,0.0,231,1,1.0,0,New & Promising
C15689,0.9507,High,0.0,0.0,0.0,333,1,1.0,0,New & Promising
C16104,0.9285,High,0.0,0.0,0.0,278,1,1.0,0,New & Promising
C14889,0.8656,High,0.0,0.0,0.0,276,6,1.0,0,Steady Regulars
C00934,0.7715,High,0.0,0.0,0.0,85,1,2.0,0,New & Promising
C15099,0.8355,High,0.0,0.0,0.0,184,1,1.0,0,New & Promising
C07122,0.9003,High,0.0,0.0,0.0,352,2,1.0,0,Steady Regulars
C06673,0.5403,Medium,0.0,0.0,0.0,9,1,2.0,0,New & Promising
C06069,0.8546,High,0.0,0.0,0.0,288,8,1.0,0,Champions
C15079,0.9457,High,0.0,0.0,0.0,332,1,1.0,0,Deal Hunters
C07167,0.932,High,0.0,0.0,0.0,320,1,1.0,0,New & Promising
C16097,0.7464,High,0.0,0.0,0.0,124,1,0.5,0,New & Promising
C16064,0.739,High,0.0,0.0,0.0,61,1,2.0,0,New & Promising
C16295,0.7975,High,0.0,0.0,0.0,180,1,0.5,0,New & Promising
C06272,0.9297,High,0.0,0.0,0.0,358,1,1.0,0,New & Promising
C15958,0.9138,High,0.0,0.0,0.0,203,1,1.0,0,New & Promising
C05900,0.7714,High,0.0,0.0,0.0,84,1,2.0,0,New & Promising
C11204,0.8896,High,0.0,0.0,0.0,248,1,1.0,0,New & Promising
C13613,0.7461,High,0.0,0.0,0.0,139,1,0.5,0,New & Promising
C01665,0.7949,High,0.0,0.0,0.0,60,1,2.0,0,New & Promising
C00618,0.8787,High,0.0,0.0,0.0,188,1,1.0,0,New & Promising
C10108,0.9471,High,0.0,0.0,0.0,310,1,1.0,0,New & Promising
C04245,0.9515,High,0.0,0.0,0.0,237,1,1.0,0,Deal Hunters
C12240,0.7536,High,0.0,0.0,0.0,122,1,0.5,0,New & Promising
C10022,0.6783,High,0.0,0.0,0.0,42,1,2.0,0,New & Promising
C04312,0.7085,High,0.0,0.0,0.0,136,1,0.5,0,New & Promising
C04355,0.6958,High,0.0,0.0,0.0,74,1,2.0,0,New & Promising
C12402,0.7274,High,0.0,0.0,0.0,3,1,2.0,0,New & Promising
C09902,0.7711,High,0.0,0.0,0.0,213,2,1.0,0,New & Promising
C02895,0.7323,High,0.0,0.0,0.0,80,1,2.0,0,New & Promising
C12428,0.9447,High,0.0,0.0,0.0,318,1,1.0,0,New & Promising
C02847,0.6009,High,0.0,0.0,0.0,15,1,2.0,0,New & Promising
C09851,0.7549,High,0.0,0.0,0.0,115,1,0.5,0,New & Promising
C09818,0.9453,High,0.0,0.0,0.0,296,1,1.0,0,New & Promising
C04390,0.9508,High,0.0,0.0,0.0,361,1,1.0,0,New & Promising
C04401,0.6967,High,0.0,0.0,0.0,170,1,0.5,0,Deal Hunters
C00399,0.4901,Medium,0.0,0.0,0.0,2,5,2.0,0,Champions
C09725,0.7954,High,0.0,0.0,0.0,287,5,1.0,0,Steady Regulars
C00682,0.936,High,0.0,0.0,0.0,291,1,1.0,0,Deal Hunters
C12747,0.6098,High,0.0,0.0,0.0,32,1,2.0,0,Deal Hunters
C04460,0.8829,High,0.0,0.0,0.0,265,1,1.0,0,New & Promising
C12885,0.8267,High,0.0,0.0,0.0,278,9,1.0,0,Steady Regulars
C03056,0.8366,High,0.0,0.0,0.0,343,4,1.0,0,Deal Hunters
C11918,0.4586,Medium,0.0,0.0,0.0,26,2,1.0,0,New & Promising
C05608,0.9532,High,0.0,0.0,0.0,343,1,1.0,0,Deal Hunters
C11883,0.7483,High,0.0,0.0,0.0,55,1,2.0,0,New & Promising
C11186,0.5272,Medium,0.0,0.0,0.0,11,1,2.0,0,New & Promising
C11367,0.7405,High,0.0,0.0,0.0,109,1,0.5,0,New & Promising
C11008,0.9163,High,0.0,0.0,0.0,334,4,1.0,0,Steady Regulars
C11407,0.862,High,0.0,0.0,0.0,252,3,1.0,0,Steady Regulars
C17127,0.7759,High,0.0,0.0,0.0,98,1,0.5,0,New & Promising
C10980,0.7844,High,0.0,0.0,0.0,166,1,0.5,0,New & Promising
C11540,0.938,High,0.0,0.0,0.0,294,1,1.0,0,New & Promising
C11576,0.7199,High,0.0,0.0,0.0,153,1,0.5,0,New & Promising
C00481,0.7465,High,0.0,0.0,0.0,157,1,0.5,0,New & Promising
C03346,0.8018,High,0.0,0.0,0.0,67,1,2.0,0,New & Promising
C11719,0.8638,High,0.0,0.0,0.0,281,7,1.0,0,Steady Regulars
C10628,0.7428,High,0.0,0.0,0.0,32,1,2.0,0,Deal Hunters
C10584,0.7183,High,0.0,0.0,0.0,36,1,2.0,0,Deal Hunters
C03276,0.763,High,0.0,0.0,0.0,45,1,2.0,0,New & Promising
C03268,0.7431,High,0.0,0.0,0.0,69,1,2.0,0,New & Promising
C10494,0.6343,High,0.0,0.0,0.0,28,1,2.0,0,New & Promising
C04030,0.6675,High,0.0,0.0,0.0,32,1,2.0,0,Deal Hunters
C04075,0.6931,High,0.0,0.0,0.0,89,1,2.0,0,New & Promising
C03241,0.774,High,0.0,0.0,0.0,100,1,0.5,0,New & Promising
C04126,0.9404,High,0.0,0.0,0.0,228,1,1.0,0,New & Promising
C17234,0.5743,Medium,0.0,0.0,0.0,13,1,2.0,0,Deal Hunters
C09447,0.7334,High,0.0,0.0,0.0,160,1,0.5,0,New & Promising
C02630,0.9683,High,0.0,0.0,0.0,234,1,1.0,0,New & Promising
C04604,0.7676,High,0.0,0.0,0.0,55,1,2.0,0,New & Promising
C12975,0.506,Medium,0.0,0.0,0.0,22,5,2.0,0,Steady Regulars
C08261,0.7675,High,0.0,0.0,0.0,117,1,0.5,0,New & Promising
C05180,0.8264,High,0.0,0.0,0.0,187,1,1.0,0,Deal Hunters
C13944,0.5433,Medium,0.0,0.0,0.0,132,2,0.5,0,New & Promising
C02084,0.7667,High,0.0,0.0,0.0,2,1,2.0,0,New & Promising
C14071,0.7168,High,0.0,0.0,0.0,107,1,0.5,0,New & Promising
C02045,0.6874,High,0.0,0.0,0.0,111,1,0.5,0,Deal Hunters
C00842,0.4679,Medium,0.0,0.0,0.0,63,8,2.0,0,Champions
C05287,0.9223,High,0.0,0.0,0.0,227,1,1.0,0,New & Promising
C02040,0.9529,High,0.0,0.0,0.0,330,1,1.0,0,New & Promising
C05380,0.6522,High,0.0,0.0,0.0,71,1,2.0,0,New & Promising
C01968,0.944,High,0.0,0.0,0.0,299,1,1.0,0,New & Promising
C05392,0.6373,High,0.0,0.0,0.0,16,1,2.0,0,New & Promising
C14465,0.5718,Medium,0.0,0.0,0.0,114,5,0.5,0,Steady Regulars
C01829,0.7437,High,0.0,0.0,0.0,19,1,2.0,0,New & Promising
C16413,0.7397,High,0.0,0.0,0.0,23,1,2.0,0,New & Promising
C01785,0.764,High,0.0,0.0,0.0,131,1,0.5,0,Deal Hunters
C01765,0.9241,High,0.0,0.0,0.0,271,1,1.0,0,New & Promising
C16386,0.7189,High,0.0,0.0,0.0,43,1,2.0,0,New & Promising
C14842,0.886,High,0.0,0.0,0.0,218,1,1.0,0,New & Promising
C01673,0.5784,Medium,0.0,0.0,0.0,146,4,0.5,0,Deal Hunters
C05605,0.8733,High,0.0,0.0,0.0,225,1,1.0,0,New & Promising
C13751,0.5611,Medium,0.0,0.0,0.0,33,2,2.0,0,Steady Regulars
C08419,0.7312,High,0.0,0.0,0.0,224,2,1.0,0,Steady Regulars
C05090,0.9526,High,0.0,0.0,0.0,242,1,1.0,0,New & Promising
C04779,0.9632,High,0.0,0.0,0.0,356,1,1.0,0,New & Promising
C13037,0.842,High,0.0,0.0,0.0,282,3,1.0,0,Steady Regulars
C09290,0.7745,High,0.0,0.0,0.0,145,1,0.5,0,New & Promising
C09279,0.7356,High,0.0,0.0,0.0,55,1,2.0,0,New & Promising
C02556,0.7197,High,0.0,0.0,0.0,35,1,2.0,0,Deal Hunters
C13219,0.9356,High,0.0,0.0,0.0,217,1,1.0,0,New & Promising
C09129,0.4353,Medium,0.0,0.0,0.0,14,4,2.0,0,Deal Hunters
C00721,0.9522,High,0.0,0.0,0.0,340,1,1.0,0,Deal Hunters
C09120,0.8078,High,0.0,0.0,0.0,67,1,2.0,0,New & Promising
C04759,0.5255,Medium,0.0,0.0,0.0,89,6,2.0,0,Steady Regulars
C13270,0.716,High,0.0,0.0,0.0,94,1,0.5,0,New & Promising
C13735,0.6689,High,0.0,0.0,0.0,5,1,2.0,0,New & Promising
C13409,0.7033,High,0.0,0.0,0.0,33,1,2.0,0,Deal Hunters
C08882,0.7537,High,0.0,0.0,0.0,116,1,0.5,0,New & Promising
C08850,0.4901,Medium,0.0,0.0,0.0,82,2,2.0,0,Steady Regulars
C02356,0.8998,High,0.0,0.0,0.0,219,1,1.0,0,New & Promising
C08731,0.7625,High,0.0,0.0,0.0,126,1,0.5,0,New & Promising
C08687,0.7191,High,0.0,0.0,0.0,107,1,0.5,0,New & Promising
C04947,0.7184,High,0.0,0.0,0.0,154,1,0.5,0,New & Promising
C02272,0.7485,High,0.0,0.0,0.0,118,1,0.5,0,New & Promising
C08527,0.9108,High,0.0,0.0,0.0,218,1,1.0,0,New & Promising
C03625,0.9638,High,0.0,0.0,0.0,357,1,1.0,0,Deal Hunters
