customer_id,predicted_clv_180d,revenue_365d,frequency,recency_days,churn_probability,segment,value_risk_action
C04675,3046.9316,1738.94,6,9,0.0596,Steady Regulars,Grow & reward
C04001,2818.1915,6969.35,91,18,0.0364,Champions,Grow & reward
C08732,2815.2315,4869.06,29,18,0.0096,Champions,Grow & reward
C03861,2804.9628,7161.78,27,2,0.0294,Champions,Grow & reward
C14413,2801.7055,5316.22,32,5,0.013,Champions,Grow & reward
C02831,2781.7494,4963.95,25,5,0.0126,Champions,Grow & reward
C14121,2764.0341,10561.81,51,36,0.0888,Champions,Grow & reward
C13843,2756.5712,6037.03,31,2,0.0188,Champions,Grow & reward
C15651,2733.9885,6012.67,41,13,0.0161,Champions,Grow & reward
C03094,2699.6759,5575.83,94,2,0.0232,Champions,Grow & reward
C01655,2698.2046,6803.59,31,22,0.026,Champions,Grow & reward
C03871,2689.5369,9928.41,80,5,0.0406,Champions,Grow & reward
C09512,2680.0104,4427.76,40,9,0.0145,Champions,Grow & reward
C03663,2675.171,7056.54,42,6,0.0463,Champions,Grow & reward
C04106,2671.3142,8422.94,73,5,0.0254,Champions,Grow & reward
C02400,2668.2616,6927.66,79,3,0.0407,Champions,Grow & reward
C10589,2659.7366,5501.9,52,14,0.0167,Champions,Grow & reward
C16901,2650.3765,4628.06,25,3,0.0187,Champions,Grow & reward
C02349,2648.1892,9479.59,51,4,0.0265,Champions,Grow & reward
C13050,2630.7934,7764.73,89,45,0.1149,Champions,Grow & reward
C00783,2629.5037,7063.13,87,3,0.0368,Champions,Grow & reward
C06393,2614.1261,5646.54,33,5,0.0219,Champions,Grow & reward
C17063,2613.8201,5242.88,87,7,0.0209,Champions,Grow & reward
C07198,2598.1243,7370.85,95,13,0.0234,Champions,Grow & reward
C12587,2589.062,5995.57,57,10,0.0128,Champions,Grow & reward
C07310,2581.383,4847.45,87,11,0.035,Champions,Grow & reward
C16383,2558.2094,2851.71,10,6,0.0162,Champions,Grow & reward
C10965,2553.329,5300.47,31,11,0.0242,Champions,Grow & reward
C15514,2537.8765,7088.48,66,14,0.023,Champions,Grow & reward
C09873,2537.2514,5998.84,44,12,0.0067,Champions,Grow & reward
C02428,2532.318,4767.18,19,1,0.0307,Champions,Grow & reward
C02171,2528.338,6086.94,37,6,0.0142,Champions,Grow & reward
C07721,2518.2792,5250.55,74,4,0.0417,Champions,Grow & reward
C02031,2493.6271,5814.08,27,1,0.015,Champions,Grow & reward
C11705,2489.5912,5108.93,61,4,0.0146,Champions,Grow & reward
C17937,2488.1166,4865.39,68,20,0.0173,Champions,Grow & reward
C12406,2487.2302,5896.74,25,1,0.02,Champions,Grow & reward
C13971,2486.1919,5310.64,36,13,0.0028,Champions,Grow & reward
C08535,2481.1269,6768.97,39,1,0.0106,Champions,Grow & reward
C15395,2461.1172,5262.75,87,15,0.0313,Champions,Grow & reward
C04758,2441.8973,5644.4,77,10,0.0256,Champions,Grow & reward
C05425,2435.707,3724.81,13,11,0.0413,Champions,Grow & reward
C08349,2435.5666,7127.76,120,11,0.0289,Champions,Grow & reward
C03872,2427.72,1964.93,13,58,0.1417,Champions,Grow & reward
C06400,2426.2982,5371.95,25,2,0.0416,Champions,Grow & reward
C01504,2419.5046,4553.42,62,20,0.009,Champions,Grow & reward
C17731,2417.5419,7025.9,44,11,0.0366,Champions,Grow & reward
C10837,2412.7216,4991.37,71,14,0.0286,Champions,Grow & reward
C02570,2409.0472,5382.48,99,4,0.0391,Champions,Grow & reward
C04113,2402.4352,5437.14,106,11,0.0235,Champions,Grow & reward
C16199,2401.1092,6709.32,32,11,0.0057,Champions,Grow & reward
C02968,2399.624,4601.68,34,3,0.0223,Champions,Grow & reward
C17446,2387.6794,6026.33,31,8,0.0221,Champions,Grow & reward
C05474,2384.5979,1486.33,6,20,0.0626,Steady Regulars,Grow & reward
C01843,2379.7181,6038.98,66,8,0.0264,Champions,Grow & reward
C06817,2379.4387,6035.57,68,9,0.024,Champions,Grow & reward
C00666,2367.3658,5879.35,81,12,0.0214,Champions,Grow & reward
C12768,2359.4245,5989.51,97,12,0.0283,Champions,Grow & reward
C11906,2356.0737,4568.7,52,28,0.0276,Champions,Grow & reward
C03018,2351.9122,4568.62,87,30,0.0455,Champions,Grow & reward
C09596,2345.7782,4629.51,79,22,0.0601,Champions,Grow & reward
C07911,2344.678,6393.47,37,14,0.0427,Champions,Grow & reward
C15034,2340.1233,5036.63,24,17,0.0625,Champions,Grow & reward
C12980,2337.3723,4366.59,68,14,0.0262,Champions,Grow & reward
C12100,2335.8823,1461.32,7,2,0.0755,Champions,Grow & reward
C10342,2335.7824,5703.17,39,22,0.0204,Champions,Grow & reward
C06604,2335.3211,4396.42,29,17,0.0235,Champions,Grow & reward
C04347,2325.6494,5185.0,68,6,0.0121,Champions,Grow & reward
C06860,2321.5187,7417.11,62,2,0.0316,Champions,Grow & reward
C14085,2315.3699,5481.51,82,5,0.0311,Champions,Grow & reward
C06914,2305.8008,4727.0,22,28,0.029,Champions,Grow & reward
C09857,2295.6015,4693.03,69,2,0.0369,Champions,Grow & reward
C06402,2291.9359,5890.79,65,26,0.0169,Champions,Grow & reward
C12807,2286.9065,5680.42,79,4,0.0319,Champions,Grow & reward
C06019,2274.7864,3735.3,19,6,0.0382,Champions,Grow & reward
C13926,2274.4291,5729.09,84,1,0.0339,Champions,Grow & reward
C01644,2272.777,3228.8,23,18,0.0165,Champions,Grow & reward
C08083,2270.2114,2655.25,41,17,0.0104,Champions,Grow & reward
C15225,2255.0889,1551.72,5,4,0.0636,Champions,Grow & reward
C13530,2245.8763,5299.14,72,6,0.0249,Champions,Grow & reward
C03912,2234.5456,5655.08,56,18,0.0215,Champions,Grow & reward
C08186,2229.5443,4289.63,29,56,0.1746,Champions,Grow & reward
C12670,2225.4936,6156.48,64,3,0.0143,Champions,Grow & reward
C13924,2224.8154,5994.52,55,13,0.0219,Champions,Grow & reward
C17074,2213.5654,6410.08,53,12,0.0124,Champions,Grow & reward
C01328,2209.2145,4246.3,68,2,0.0275,Champions,Grow & reward
C00720,2208.7916,4321.09,26,6,0.0187,Champions,Grow & reward
C02777,2205.4327,5497.11,82,8,0.0661,Champions,Grow & reward
C16794,2193.8356,5659.38,34,2,0.0302,Champions,Grow & reward
C14304,2188.6825,5133.12,113,1,0.046,Champions,Grow & reward
C07734,2183.4626,3287.56,31,5,0.0078,Champions,Grow & reward
C14960,2169.7587,4612.97,74,21,0.0474,Champions,Grow & reward
C10298,2167.3444,1486.75,13,10,0.0344,Champions,Grow & reward
C10377,2156.4376,8233.04,65,12,0.0125,Champions,Grow & reward
C05384,2156.4272,913.88,5,5,0.0685,Steady Regulars,Grow & reward
C04577,2144.4319,3806.22,95,29,0.0401,Champions,Grow & reward
C11936,2140.6662,6197.52,62,18,0.01,Champions,Grow & reward
C15593,2128.7551,5860.85,55,2,0.0079,Champions,Grow & reward
C03791,2128.7165,6911.21,59,1,0.019,Champions,Grow & reward
C11618,2127.6098,4730.05,43,1,0.0063,Champions,Grow & reward
C12856,2112.6061,1629.43,7,8,0.0467,Steady Regulars,Grow & reward
C16914,2110.4076,4973.89,65,23,0.0231,Champions,Grow & reward
C00416,2109.5979,3462.81,34,42,0.0699,Champions,Grow & reward
C03375,2097.811,5069.03,106,13,0.0331,Champions,Grow & reward
C05378,2085.8605,5393.61,27,13,0.0177,Champions,Grow & reward
C02602,2076.4346,6448.35,54,13,0.0125,Champions,Grow & reward
C06247,2068.4604,3974.09,61,21,0.0257,Champions,Grow & reward
C05891,2060.3212,2678.98,13,1,0.0273,Champions,Grow & reward
C07182,2057.1108,6388.13,52,5,0.0154,Champions,Grow & reward
C00312,2050.6317,5194.63,67,4,0.0096,Champions,Grow & reward
C06766,2049.1458,5865.33,65,13,0.0208,Champions,Grow & reward
C06353,2047.995,1586.8,6,4,0.0617,Champions,Grow & reward
C09433,2038.7018,4462.67,61,44,0.0605,Champions,Grow & reward
C07025,2038.6073,3925.24,26,13,0.0247,Champions,Grow & reward
C03746,2034.2942,3297.16,72,15,0.0201,Champions,Grow & reward
C03473,2030.3385,3399.57,34,5,0.0216,Champions,Grow & reward
C16970,2029.4451,6401.95,33,14,0.0417,Champions,Grow & reward
C16543,2022.4764,8273.03,60,3,0.0274,Champions,Grow & reward
C10262,2020.4613,5713.14,26,15,0.0163,Champions,Grow & reward
C15634,2017.4608,6953.41,47,1,0.0145,Champions,Grow & reward
C14482,2013.5766,6093.0,45,2,0.0155,Champions,Grow & reward
C14366,2006.5292,4662.64,29,23,0.02,Champions,Grow & reward
C00187,2003.903,4726.27,63,18,0.021,Champions,Grow & reward
C11801,1995.576,3751.34,14,7,0.0341,Champions,Grow & reward
C00691,1990.1615,3091.74,15,8,0.0236,Champions,Grow & reward
C13749,1973.2394,3133.06,13,17,0.0345,Champions,Grow & reward
C08949,1970.6809,4164.43,49,15,0.0131,Champions,Grow & reward
C04762,1970.5382,3882.07,63,14,0.0513,Champions,Grow & reward
C17504,1963.5976,3864.29,22,12,0.0196,Champions,Grow & reward
C08015,1961.1397,3431.85,37,1,0.0248,Champions,Grow & reward
C12486,1958.8203,4935.99,64,8,0.018,Champions,Grow & reward
C03358,1947.5611,4146.96,50,17,0.0098,Champions,Grow & reward
C02051,1947.5241,1430.87,9,6,0.0221,Champions,Grow & reward
C05518,1946.9528,4058.76,55,19,0.0123,Champions,Grow & reward
C10590,1946.7513,4243.42,63,1,0.0286,Champions,Grow & reward
C09706,1939.1834,4830.4,23,11,0.0196,Champions,Grow & reward
C08347,1935.3021,2940.09,20,23,0.1032,Champions,Grow & reward
C05328,1934.5242,3946.68,25,27,0.0753,Champions,Grow & reward
C14099,1924.0384,2981.12,14,10,0.0122,Champions,Grow & reward
C02111,1919.6934,5002.5,61,31,0.0384,Champions,Grow & reward
C16349,1918.3051,2807.01,9,9,0.0448,Champions,Grow & reward
C13673,1916.3498,3882.84,61,2,0.0155,Champions,Grow & reward
C13572,1915.3138,3988.97,47,1,0.013,Champions,Grow & reward
C08279,1912.3943,4435.32,48,17,0.0206,Champions,Grow & reward
C14616,1910.0024,3962.29,17,2,0.0156,Champions,Grow & reward
C03118,1907.2977,5405.38,50,12,0.0065,Champions,Grow & reward
C17424,1904.6456,5102.06,45,12,0.023,Champions,Grow & reward
C15580,1902.402,2846.88,9,10,0.0414,Champions,Grow & reward
C01495,1901.0476,3834.82,22,10,0.0194,Champions,Grow & reward
C08871,1898.6282,5214.79,56,18,0.0418,Champions,Grow & reward
C12671,1897.985,4033.66,46,6,0.0177,Champions,Grow & reward
C01415,1896.3362,4426.09,72,22,0.0504,Champions,Grow & reward
C02730,1896.2905,3632.65,29,34,0.043,Champions,Grow & reward
C16656,1895.011,4673.79,61,6,0.0359,Champions,Grow & reward
C07297,1892.2893,5251.25,54,17,0.0156,Champions,Grow & reward
C00368,1890.9167,4795.44,60,9,0.0203,Champions,Grow & reward
C02025,1888.5938,3479.52,57,8,0.0225,Champions,Grow & reward
C15476,1888.3083,5192.58,32,45,0.1997,Champions,Grow & reward
C16842,1883.8896,2626.67,67,15,0.0339,Champions,Grow & reward
C05337,1881.0094,3304.35,17,5,0.0071,Champions,Grow & reward
C11594,1874.426,4920.93,68,13,0.0387,Champions,Grow & reward
C08600,1866.4134,2668.07,72,23,0.0242,Champions,Grow & reward
C06985,1863.4985,2641.64,65,34,0.0407,Champions,Grow & reward
C15360,1859.5461,5596.64,55,66,0.1704,Champions,Grow & reward
C14337,1855.2321,2048.34,9,6,0.026,Champions,Grow & reward
C07949,1853.2853,2818.55,56,11,0.0043,Champions,Grow & reward
C16892,1832.6757,4283.35,52,1,0.0321,Champions,Grow & reward
C02859,1828.5121,5088.3,25,14,0.0583,Champions,Grow & reward
C10975,1825.4547,5572.09,41,24,0.0122,Champions,Grow & reward
C16361,1823.8313,4622.59,51,10,0.0061,Champions,Grow & reward
C14883,1819.2748,2819.24,56,5,0.0139,Champions,Grow & reward
C02409,1817.8686,2186.7,10,14,0.0397,Champions,Grow & reward
C14708,1814.9819,3340.72,68,1,0.0164,Champions,Grow & reward
C10193,1812.7568,1381.49,6,3,0.0299,Champions,Grow & reward
C02611,1811.2033,2924.44,55,3,0.021,Champions,Grow & reward
C02485,1805.5328,1769.88,10,5,0.0251,Champions,Grow & reward
C09992,1800.1035,4901.18,66,3,0.0079,Champions,Grow & reward
C17417,1798.4473,3965.26,51,14,0.0401,Champions,Grow & reward
C06519,1796.9745,2698.09,35,41,0.0569,Champions,Grow & reward
C00271,1796.8474,3821.9,82,12,0.0291,Champions,Grow & reward
C07099,1791.5323,4430.72,73,22,0.0298,Champions,Grow & reward
C12487,1790.605,3669.14,68,9,0.0169,Champions,Grow & reward
C01161,1788.8431,3654.22,27,18,0.0128,Champions,Grow & reward
C09584,1784.9052,3415.52,19,17,0.0431,Champions,Grow & reward
C02626,1782.9974,6031.72,60,5,0.0117,Champions,Grow & reward
C11993,1779.6834,3823.77,22,21,0.0276,Champions,Grow & reward
C05652,1779.2257,4268.66,54,4,0.0052,Champions,Grow & reward
C03267,1775.9511,2630.87,62,5,0.0316,Champions,Grow & reward
C08831,1775.0817,1153.31,9,2,0.0399,Champions,Grow & reward
C11963,1765.9899,3344.14,72,8,0.0186,Champions,Grow & reward
C10546,1763.7892,3764.38,52,2,0.0199,Champions,Grow & reward
C03157,1762.6668,2832.47,59,5,0.0233,Champions,Grow & reward
C06567,1758.2908,3213.78,85,1,0.0323,Champions,Grow & reward
C02479,1753.4402,5366.95,65,8,0.0111,Champions,Grow & reward
C07951,1753.1322,3617.11,45,15,0.0246,Champions,Grow & reward
C01090,1750.2848,2251.47,6,8,0.0343,Champions,Grow & reward
C09337,1748.3421,5731.25,33,10,0.0064,Champions,Grow & reward
C13509,1742.2152,4995.22,52,14,0.0319,Champions,Grow & reward
C05924,1741.6043,3502.89,80,2,0.0295,Champions,Grow & reward
C03763,1741.1756,4477.01,14,5,0.0207,Champions,Grow & reward
C10658,1739.6471,4768.51,50,26,0.0152,Champions,Grow & reward
C04895,1735.8934,2981.4,27,8,0.0147,Champions,Grow & reward
C04686,1732.7639,4616.0,32,3,0.017,Champions,Grow & reward
C03289,1732.4408,2808.58,10,1,0.0337,Champions,Grow & reward
C12343,1727.8617,1386.0,12,4,0.0285,Champions,Grow & reward
C13537,1725.2996,5318.64,28,13,0.0127,Champions,Grow & reward
C02816,1720.9038,3555.95,55,18,0.0158,Champions,Grow & reward
C05368,1718.246,3961.89,60,53,0.1285,Champions,Grow & reward
C01468,1714.3566,2496.62,13,18,0.0326,Champions,Grow & reward
C00110,1709.1027,5171.0,53,9,0.0336,Champions,Grow & reward
C00571,1705.4685,3582.05,74,24,0.0317,Champions,Grow & reward
C03390,1701.6326,6872.32,23,21,0.0237,Champions,Grow & reward
C11525,1700.4528,4401.44,57,1,0.0319,Champions,Grow & reward
C10450,1699.4006,4182.68,61,27,0.0155,Champions,Grow & reward
C11495,1695.8166,4264.24,50,16,0.0247,Champions,Grow & reward
C02989,1691.2457,5128.19,22,1,0.0564,Champions,Grow & reward
C01115,1689.3102,4056.94,53,23,0.0119,Champions,Grow & reward
C14761,1687.2212,4806.41,51,17,0.0067,Champions,Grow & reward
C01550,1685.4391,2841.56,78,3,0.0313,Champions,Grow & reward
C01039,1679.4921,4099.27,52,9,0.0122,Champions,Grow & reward
C09694,1679.157,2263.07,62,2,0.0346,Champions,Grow & reward
C01135,1674.7186,1437.56,16,49,0.1103,Champions,Grow & reward
C08249,1672.593,2899.48,38,1,0.0079,Champions,Grow & reward
C09033,1665.8316,3192.67,54,1,0.0129,Champions,Grow & reward
C02796,1663.9895,3272.4,16,2,0.0315,Champions,Grow & reward
C02703,1661.7925,3318.72,14,1,0.0246,Champions,Grow & reward
C15763,1661.5891,4602.88,47,22,0.0258,Champions,Grow & reward
C13616,1655.9845,3340.22,65,19,0.0206,Champions,Grow & reward
C15497,1652.9496,3977.41,49,17,0.0145,Champions,Grow & reward
C14267,1652.8459,3681.02,43,18,0.0191,Champions,Grow & reward
C09643,1651.0887,4183.44,40,12,0.0072,Champions,Grow & reward
C15711,1644.2342,3771.2,11,4,0.046,Champions,Grow & reward
C14246,1637.495,3994.82,80,5,0.0225,Champions,Grow & reward
C08640,1636.5902,4618.16,41,33,0.0263,Champions,Grow & reward
C17359,1635.7832,3375.72,49,3,0.0164,Champions,Grow & reward
C13850,1632.2024,1682.9,11,43,0.1001,Champions,Grow & reward
C07828,1629.0829,4164.24,44,15,0.012,Champions,Grow & reward
C02640,1623.7782,5479.11,29,39,0.0571,Champions,Grow & reward
C02825,1623.3485,4563.84,45,33,0.0195,Champions,Grow & reward
C06653,1620.7087,2744.04,12,30,0.0303,Champions,Grow & reward
C01903,1620.5308,3654.29,31,14,0.054,Champions,Grow & reward
C11982,1617.0813,3533.56,23,6,0.019,Champions,Grow & reward
C15604,1615.8524,734.64,7,15,0.0498,Steady Regulars,Grow & reward
C16688,1614.3035,5389.93,50,26,0.0248,Champions,Grow & reward
C05918,1612.7582,2631.42,58,8,0.0136,Champions,Grow & reward
C07727,1609.7425,3858.85,47,5,0.0192,Champions,Grow & reward
C00051,1609.6106,3426.44,66,2,0.0396,Champions,Grow & reward
C13395,1608.595,4591.46,55,2,0.0282,Champions,Grow & reward
C15773,1606.9008,5157.54,43,1,0.0482,Champions,Grow & reward
C15856,1604.9203,3312.32,67,14,0.0701,Champions,Grow & reward
C00615,1599.5556,3215.32,60,45,0.0769,Champions,Grow & reward
C06070,1591.0776,4407.05,50,5,0.0154,Champions,Grow & reward
C13722,1588.8097,3466.71,18,12,0.0949,Champions,Grow & reward
C14777,1587.786,2608.59,59,39,0.0341,Champions,Grow & reward
C05195,1583.0879,4206.0,16,22,0.0434,Champions,Grow & reward
C13987,1583.0848,3656.49,56,17,0.0343,Champions,Grow & reward
C07796,1579.9544,2885.21,50,21,0.0102,Champions,Grow & reward
C12993,1578.6394,646.87,6,5,0.0471,Steady Regulars,Grow & reward
C13690,1577.4224,3575.93,61,1,0.0483,Champions,Grow & reward
C09229,1576.725,4968.8,46,17,0.0112,Champions,Grow & reward
C01071,1569.3252,5251.72,47,33,0.0308,Champions,Grow & reward
C08007,1565.6952,3455.29,40,18,0.0026,Champions,Grow & reward
C02898,1564.1581,3469.84,21,10,0.0095,Champions,Grow & reward
C09674,1562.0468,3436.81,39,3,0.0178,Champions,Grow & reward
C12684,1559.4506,3376.86,53,14,0.0202,Champions,Grow & reward
C16925,1559.0384,2582.88,14,14,0.0509,Champions,Grow & reward
C04998,1557.9743,1602.8,7,6,0.0577,Champions,Grow & reward
C00157,1557.469,827.93,9,10,0.0532,Steady Regulars,Grow & reward
C11121,1556.4897,2573.93,61,36,0.0476,Champions,Grow & reward
C09676,1556.2689,3885.97,61,11,0.0119,Champions,Grow & reward
C17002,1555.5838,3924.11,44,1,0.0339,Champions,Grow & reward
C10339,1554.2626,3217.58,54,13,0.0214,Champions,Grow & reward
C17231,1553.1906,3587.67,23,11,0.0338,Champions,Grow & reward
C13470,1553.173,3730.24,30,13,0.0123,Champions,Grow & reward
C11127,1551.6811,3935.89,59,31,0.0393,Champions,Grow & reward
C16877,1551.173,3255.1,42,13,0.0296,Champions,Grow & reward
C15571,1544.553,3576.06,20,4,0.0367,Champions,Grow & reward
C11547,1542.4071,2163.66,47,13,0.0305,Champions,Grow & reward
C14092,1542.1002,1775.77,9,22,0.0452,Champions,Grow & reward
C08124,1538.6717,3624.41,36,38,0.0307,Champions,Grow & reward
C01524,1537.362,3594.74,21,20,0.014,Champions,Grow & reward
C04715,1537.1581,3571.22,15,26,0.0318,Champions,Grow & reward
C16344,1536.8853,3875.69,45,12,0.0084,Champions,Grow & reward
C03143,1535.7101,5524.63,29,5,0.0457,Champions,Grow & reward
C11872,1534.958,3820.64,32,8,0.0165,Champions,Grow & reward
C08681,1534.6118,3945.1,47,4,0.0141,Champions,Grow & reward
C16561,1534.5781,3465.41,23,19,0.0413,Champions,Grow & reward
C00104,1532.3033,3272.22,34,4,0.0082,Champions,Grow & reward
C16363,1527.2346,3449.34,51,27,0.0184,Champions,Grow & reward
C14729,1525.8515,5441.57,50,9,0.0278,Champions,Grow & reward
C14222,1520.443,3197.36,33,12,0.0057,Champions,Grow & reward
C16296,1519.6774,5375.82,42,38,0.0179,Champions,Grow & reward
C13756,1508.678,2447.8,44,30,0.0327,Champions,Grow & reward
C03852,1505.2871,4626.84,40,13,0.0342,Champions,Grow & reward
C14715,1504.7819,3942.86,39,13,0.0105,Champions,Grow & reward
C13295,1504.1686,3108.28,44,27,0.1148,Champions,Grow & reward
C11354,1502.6951,3803.99,50,1,0.037,Champions,Grow & reward
C15030,1501.4144,4539.08,44,13,0.0107,Champions,Grow & reward
C01571,1499.3839,3372.21,47,20,0.0361,Champions,Grow & reward
C02319,1495.0483,962.02,5,13,0.0706,Steady Regulars,Grow & reward
C11839,1494.0795,2901.11,12,15,0.0793,Champions,Grow & reward
C17258,1492.7445,2544.29,42,45,0.0407,Champions,Grow & reward
C14040,1491.3247,3001.86,56,1,0.0214,Champions,Grow & reward
C14916,1490.2368,3420.78,19,1,0.0256,Champions,Grow & reward
C07945,1489.6916,3267.53,59,27,0.0091,Champions,Grow & reward
C03370,1486.696,3069.45,22,4,0.0294,Champions,Grow & reward
C03498,1486.0074,2990.37,18,5,0.0191,Champions,Grow & reward
C13422,1485.6175,3420.4,45,30,0.0073,Champions,Grow & reward
C16884,1483.654,2606.9,41,32,0.0656,Champions,Grow & reward
C14157,1481.9787,3029.46,42,31,0.0264,Champions,Grow & reward
C01857,1479.125,3354.47,58,7,0.0101,Champions,Grow & reward
C00492,1476.317,2686.08,48,37,0.0501,Champions,Grow & reward
C01546,1472.4035,3344.67,46,6,0.0105,Champions,Grow & reward
C08204,1468.7927,2191.27,58,42,0.0612,Champions,Grow & reward
C02127,1468.1213,1373.81,7,45,0.1307,Champions,Grow & reward
C01933,1467.2813,2923.11,14,6,0.0224,Champions,Grow & reward
C00932,1464.0812,3550.6,12,29,0.0576,Champions,Grow & reward
C10663,1462.9547,2784.95,43,15,0.0408,Champions,Grow & reward
C00143,1461.8985,3189.82,34,13,0.0137,Champions,Grow & reward
C09319,1461.6392,4000.23,41,5,0.0334,Champions,Grow & reward
C06501,1459.7979,3077.34,48,4,0.0563,Champions,Grow & reward
C05683,1456.4575,3980.82,42,4,0.0257,Champions,Grow & reward
C17616,1456.225,5122.45,31,10,0.0325,Champions,Grow & reward
C02258,1454.9943,3333.32,34,13,0.0098,Champions,Grow & reward
C04168,1452.8451,2332.23,50,20,0.0174,Champions,Grow & reward
C06037,1451.7475,2381.79,63,24,0.0371,Champions,Grow & reward
C09421,1449.9174,3160.62,25,21,0.0279,Champions,Grow & reward
C07542,1449.3754,3345.34,64,68,0.2231,Champions,Grow & reward
C01460,1441.8441,3566.17,40,15,0.0238,Champions,Grow & reward
C12208,1441.45,3027.02,39,11,0.023,Champions,Grow & reward
C16835,1437.6829,3972.7,30,18,0.0095,Champions,Grow & reward
C07906,1429.6475,3240.52,51,34,0.0214,Champions,Grow & reward
C12506,1426.568,2454.92,41,19,0.0268,Champions,Grow & reward
C02138,1424.8669,1823.6,45,4,0.0429,Champions,Grow & reward
C13020,1423.8035,1990.2,54,3,0.0213,Champions,Grow & reward
C04154,1423.1852,3444.22,11,44,0.0791,Champions,Grow & reward
C04658,1419.4075,3989.03,15,11,0.038,Champions,Grow & reward
C07715,1417.5753,2041.79,31,8,0.0231,Champions,Grow & reward
C15174,1416.6786,2907.21,49,34,0.0244,Champions,Grow & reward
C02694,1415.0499,2621.47,25,28,0.02,Champions,Grow & reward
C14299,1413.9715,5136.98,34,12,0.0149,Champions,Grow & reward
C17046,1413.8538,2114.12,53,13,0.0313,Champions,Grow & reward
C10475,1413.7187,4280.75,61,9,0.0173,Champions,Grow & reward
C04799,1412.7608,4272.32,43,41,0.0182,Champions,Grow & reward
C10226,1410.8143,1928.01,59,13,0.0572,Champions,Grow & reward
C02532,1409.8255,2758.36,42,14,0.0071,Champions,Grow & reward
C14324,1406.6138,2627.6,39,34,0.0315,Champions,Grow & reward
C10829,1405.2954,2158.59,40,5,0.0278,Champions,Grow & reward
C05880,1404.0045,2239.01,13,20,0.043,Champions,Grow & reward
C07841,1403.6701,2603.74,52,10,0.0173,Champions,Grow & reward
C07428,1403.5641,2956.98,51,4,0.0377,Champions,Grow & reward
C04049,1402.0393,2988.47,14,19,0.0234,Champions,Grow & reward
C04333,1400.3842,3791.92,19,4,0.0203,Champions,Grow & reward
C08431,1399.8693,2766.1,49,13,0.0215,Champions,Grow & reward
C09417,1399.3074,775.76,4,4,0.1064,Steady Regulars,Grow & reward
C17316,1396.8892,3143.05,44,2,0.0077,Champions,Grow & reward
C15148,1395.4929,3327.56,23,8,0.0329,Champions,Grow & reward
C03854,1392.589,2820.59,43,31,0.0494,Champions,Grow & reward
C05012,1391.5047,2163.55,51,8,0.0165,Champions,Grow & reward
C10345,1391.3622,3421.84,38,13,0.0305,Champions,Grow & reward
C10155,1390.9822,3510.41,45,51,0.0691,Champions,Grow & reward
C05851,1387.7109,2998.7,18,67,0.2288,Champions,Grow & reward
C11546,1387.6744,1787.38,19,50,0.1857,Champions,Grow & reward
C11472,1387.218,3165.15,54,3,0.0077,Champions,Grow & reward
C08486,1385.8607,4067.8,49,9,0.0038,Champions,Grow & reward
C12709,1385.4606,2794.19,58,4,0.0235,Champions,Grow & reward
C09072,1385.0062,4190.51,26,6,0.0145,Champions,Grow & reward
C00645,1380.3347,3454.41,46,19,0.0031,Champions,Grow & reward
C15436,1376.5783,662.57,5,6,0.0575,Steady Regulars,Grow & reward
C14145,1375.0071,3372.55,36,4,0.0147,Champions,Grow & reward
C09933,1373.3091,2427.4,37,51,0.0616,Champions,Grow & reward
C08442,1371.9192,2054.94,16,33,0.0807,Champions,Grow & reward
C15005,1371.4603,2998.63,18,3,0.025,Champions,Grow & reward
C02374,1370.5888,4827.27,29,13,0.0222,Champions,Grow & reward
C01413,1370.1135,2090.48,29,16,0.027,Champions,Grow & reward
C03724,1369.8629,3272.82,48,16,0.0099,Champions,Grow & reward
C02990,1366.8488,2216.62,68,10,0.0179,Champions,Grow & reward
C13195,1363.9224,1902.24,41,26,0.0465,Champions,Grow & reward
C07785,1363.086,2449.76,31,17,0.0398,Champions,Grow & reward
C16931,1361.6129,2405.97,21,2,0.0203,Champions,Grow & reward
C15354,1360.9266,1992.35,35,32,0.0557,Champions,Grow & reward
C10789,1359.8318,1047.85,6,18,0.0867,Steady Regulars,Grow & reward
C07395,1357.639,2097.25,48,11,0.0229,Champions,Grow & reward
C12819,1357.0912,2216.94,29,58,0.1539,Champions,Grow & reward
C06584,1356.2789,1073.83,6,4,0.0941,Deal Hunters,Grow & reward
C03913,1356.186,716.92,3,10,0.1285,Steady Regulars,Grow & reward
C16380,1355.9799,2033.78,40,6,0.0239,Champions,Grow & reward
C12401,1355.0386,3023.5,12,14,0.0791,Champions,Grow & reward
C06235,1354.9873,4450.83,21,11,0.0156,Champions,Grow & reward
C17586,1354.6265,2886.13,44,24,0.0127,Champions,Grow & reward
C01296,1352.9335,3506.07,43,12,0.0114,Champions,Grow & reward
C01234,1351.8377,3612.88,18,5,0.0088,Champions,Grow & reward
C04207,1350.1182,3135.33,14,11,0.0173,Champions,Grow & reward
C16036,1349.458,2863.82,19,34,0.0329,Champions,Grow & reward
C08363,1348.4014,3968.83,49,6,0.0247,Champions,Grow & reward
C14131,1346.9974,2944.12,13,14,0.0209,Champions,Grow & reward
C17428,1346.3428,2877.6,55,17,0.0063,Champions,Grow & reward
C07929,1345.5476,4266.28,37,6,0.0292,Champions,Grow & reward
C11167,1345.4534,2129.6,11,6,0.0238,Champions,Grow & reward
C00438,1344.8298,2455.41,45,33,0.0234,Champions,Grow & reward
C13982,1344.3269,1448.86,41,33,0.0552,Champions,Grow & reward
C01016,1343.9861,2727.12,47,9,0.0041,Champions,Grow & reward
C01331,1343.3122,3939.48,46,2,0.028,Champions,Grow & reward
C11191,1342.0015,2007.41,38,25,0.0557,Champions,Grow & reward
C06778,1341.8138,2502.46,37,32,0.0516,Champions,Grow & reward
C15565,1340.8322,3820.24,27,48,0.1474,Champions,Grow & reward
C04331,1339.7591,1106.49,4,8,0.1355,Steady Regulars,Grow & reward
C04404,1338.8802,2826.41,13,12,0.0336,Champions,Grow & reward
C01851,1338.2628,3549.85,35,13,0.0266,Champions,Grow & reward
C08399,1337.0561,2887.89,30,5,0.0177,Champions,Grow & reward
C06510,1336.4426,2433.06,47,17,0.0098,Champions,Grow & reward
C05849,1336.3061,3349.96,47,29,0.0285,Champions,Grow & reward
C09436,1335.2052,2512.92,31,37,0.0696,Champions,Grow & reward
C15168,1335.1255,3102.74,29,14,0.0172,Champions,Grow & reward
C14785,1334.3459,2388.35,29,33,0.0443,Champions,Grow & reward
C07834,1328.9744,2623.66,38,29,0.0272,Champions,Grow & reward
C15071,1327.2842,2874.1,24,15,0.0281,Champions,Grow & reward
C16167,1326.6246,3084.67,38,19,0.0408,Champions,Grow & reward
C13444,1325.4934,1157.15,6,19,0.0635,Steady Regulars,Grow & reward
C13663,1324.3169,2755.59,14,12,0.0311,Champions,Grow & reward
C12361,1323.4751,1541.36,51,31,0.0428,Champions,Grow & reward
C15265,1320.9983,2896.58,51,5,0.0321,Champions,Grow & reward
C08967,1320.3055,2491.56,46,28,0.0185,Champions,Grow & reward
C11267,1318.6734,2272.43,37,11,0.0285,Champions,Grow & reward
C09300,1318.3948,3999.05,39,14,0.0133,Champions,Grow & reward
C16765,1317.2754,2762.26,56,10,0.0119,Champions,Grow & reward
C09467,1317.2285,3954.31,16,37,0.1117,Champions,Grow & reward
C09276,1316.9692,2517.78,40,33,0.0141,Champions,Grow & reward
C00448,1316.9502,3008.05,47,19,0.033,Champions,Grow & reward
C03121,1315.9916,3382.18,40,4,0.0585,Champions,Grow & reward
C13150,1315.8269,2260.47,65,12,0.0209,Champions,Grow & reward
C12069,1315.7873,3801.51,33,13,0.0268,Champions,Grow & reward
C09158,1315.3971,3044.64,53,10,0.0194,Champions,Grow & reward
C10489,1315.3912,3011.09,20,30,0.1057,Champions,Grow & reward
C11202,1314.8373,3069.31,37,6,0.0208,Champions,Grow & reward
C03814,1310.7653,2546.1,14,9,0.0269,Champions,Grow & reward
C03692,1309.5651,3255.62,16,6,0.0281,Champions,Grow & reward
C03588,1309.429,2501.26,58,1,0.0175,Champions,Grow & reward
C03525,1308.7986,2874.73,39,1,0.033,Champions,Grow & reward
C11489,1306.8988,4057.29,42,38,0.1656,Champions,Grow & reward
C02493,1305.977,3231.6,47,34,0.0265,Champions,Grow & reward
C12057,1304.1689,3712.58,31,8,0.0088,Champions,Grow & reward
C02732,1303.0903,1617.72,36,45,0.0654,Champions,Grow & reward
C06846,1303.0147,1870.5,42,17,0.0363,Champions,Grow & reward
C00568,1302.819,2835.84,12,6,0.0428,Champions,Grow & reward
C03839,1301.8368,3154.39,27,16,0.0388,Champions,Grow & reward
C09505,1301.4823,2571.6,26,6,0.0377,Champions,Grow & reward
C15989,1300.3289,3471.27,24,6,0.0219,Champions,Grow & reward
C00992,1299.9646,3119.05,16,58,0.1144,Champions,Grow & reward
C14677,1299.1177,676.85,5,14,0.0793,Steady Regulars,Grow & reward
C04977,1296.9606,2495.4,9,17,0.0652,Champions,Grow & reward
C07128,1296.0722,3369.64,31,27,0.0457,Champions,Grow & reward
C09627,1294.9538,3428.99,41,25,0.1291,Champions,Grow & reward
C00494,1289.1544,2663.86,10,46,0.109,Champions,Grow & reward
C09323,1288.7418,3236.08,33,5,0.019,Champions,Grow & reward
C04422,1288.0204,2929.11,23,14,0.0102,Champions,Grow & reward
C15730,1286.8179,1700.37,47,7,0.026,Champions,Grow & reward
C09877,1286.2356,3132.38,39,42,0.0422,Champions,Grow & reward
C12700,1282.7681,3060.33,23,12,0.0245,Champions,Grow & reward
C13852,1279.8434,727.37,5,1,0.0802,Steady Regulars,Grow & reward
C14782,1278.8169,1613.15,42,19,0.0382,Champions,Grow & reward
C15757,1277.4062,2097.35,45,4,0.0421,Champions,Grow & reward
C14020,1275.9197,2373.58,45,9,0.0134,Champions,Grow & reward
C01496,1274.4906,3529.04,11,28,0.0369,Champions,Grow & reward
C03566,1273.7485,1985.38,47,19,0.0828,Champions,Grow & reward
C07377,1273.0143,3363.73,52,1,0.0165,Champions,Grow & reward
C11759,1271.9218,3140.83,34,10,0.0322,Champions,Grow & reward
C12992,1271.2894,2760.54,28,24,0.0452,Champions,Grow & reward
C01409,1271.1794,2264.5,48,6,0.0098,Champions,Grow & reward
C15843,1270.9975,4152.36,29,13,0.0295,Champions,Grow & reward
C03183,1270.4201,1919.73,10,11,0.0431,Champions,Grow & reward
C13055,1269.8526,2400.86,48,11,0.0692,Champions,Grow & reward
C06113,1269.2125,3254.95,36,35,0.0715,Champions,Grow & reward
C12804,1267.8262,2808.29,12,1,0.0381,Champions,Grow & reward
C03552,1267.4375,3534.57,31,11,0.0372,Champions,Grow & reward
C11264,1267.3505,1315.81,50,27,0.0414,Champions,Grow & reward
C06052,1266.506,2212.4,14,4,0.0351,Champions,Grow & reward
C04388,1265.6911,3057.3,37,1,0.0282,Champions,Grow & reward
C05015,1264.2431,3249.95,26,17,0.0327,Champions,Grow & reward
C08142,1262.8361,2219.94,7,9,0.0212,Champions,Grow & reward
C15502,1261.9368,1536.36,49,17,0.0224,Champions,Grow & reward
C17510,1260.3394,1578.79,11,5,0.0387,Champions,Grow & reward
C16161,1259.7103,2190.24,41,3,0.0303,Champions,Grow & reward
C12697,1259.4357,3078.93,32,62,0.1132,Champions,Grow & reward
C09626,1259.122,3799.51,24,3,0.0164,Champions,Grow & reward
C11835,1258.196,3313.55,33,25,0.0497,Champions,Grow & reward
C01032,1257.9212,5715.95,39,12,0.0305,Champions,Grow & reward
C16207,1257.7595,3305.19,49,4,0.0194,Champions,Grow & reward
C10149,1257.3077,2541.3,19,18,0.0533,Champions,Grow & reward
C13232,1253.9319,4032.27,41,23,0.0136,Champions,Grow & reward
C17021,1253.2343,3017.05,22,12,0.0243,Champions,Grow & reward
C07626,1250.2861,3397.46,38,13,0.0231,Champions,Grow & reward
C00163,1249.5344,2776.32,37,2,0.0268,Champions,Grow & reward
C15279,1249.0352,2584.04,18,36,0.0564,Champions,Grow & reward
C12306,1247.9013,4720.56,36,26,0.0509,Champions,Grow & reward
C04231,1247.7927,3062.13,15,11,0.0669,Champions,Grow & reward
C15369,1245.96,3381.93,37,33,0.1599,Champions,Grow & reward
C11411,1245.9018,2005.1,39,6,0.0509,Champions,Grow & reward
C02129,1243.8897,2488.14,38,46,0.0539,Champions,Grow & reward
C04099,1243.1361,3092.3,45,6,0.0151,Champions,Grow & reward
C17850,1242.7221,3722.45,28,1,0.0405,Champions,Grow & reward
C02467,1242.4839,2318.09,22,9,0.0259,Champions,Grow & reward
C07144,1241.4004,2187.72,38,18,0.0238,Champions,Grow & reward
C03379,1240.9762,3013.31,45,5,0.0148,Champions,Grow & reward
C07157,1240.2675,2141.02,47,9,0.0431,Champions,Grow & reward
C14897,1239.2153,2760.99,34,13,0.0242,Champions,Grow & reward
C06572,1237.8259,2657.22,34,13,0.0341,Champions,Grow & reward
C16936,1237.7343,3593.65,35,1,0.036,Champions,Grow & reward
C15708,1237.2777,2992.77,38,12,0.0207,Champions,Grow & reward
C15270,1237.0935,2377.86,33,26,0.0243,Champions,Grow & reward
C11734,1234.0698,3154.24,39,12,0.045,Champions,Grow & reward
C06490,1233.6695,1688.7,7,26,0.1397,Champions,Grow & reward
C13661,1232.4543,3906.36,35,3,0.0329,Champions,Grow & reward
C12919,1230.829,2761.42,44,5,0.0184,Champions,Grow & reward
C00146,1229.2998,2406.88,37,26,0.0294,Champions,Grow & reward
C08913,1228.235,2055.5,29,13,0.0275,Champions,Grow & reward
C01160,1228.1411,2653.37,32,7,0.0193,Champions,Grow & reward
C03977,1226.0376,1542.87,7,14,0.0498,Champions,Grow & reward
C17076,1224.4098,2489.31,12,34,0.0666,Champions,Grow & reward
C00820,1223.2411,2432.63,22,8,0.0207,Champions,Grow & reward
C13482,1223.009,3272.66,13,2,0.0533,Champions,Grow & reward
C08077,1219.8278,2263.46,21,27,0.0338,Champions,Grow & reward
C14682,1219.0399,3401.28,33,5,0.046,Champions,Grow & reward
C01579,1217.6616,2581.86,32,8,0.0307,Champions,Grow & reward
C13918,1217.4083,990.07,4,8,0.0947,Steady Regulars,Grow & reward
C15707,1217.2949,2750.44,24,53,0.0832,Champions,Grow & reward
C09811,1216.2496,2013.4,44,10,0.0256,Champions,Grow & reward
C05700,1212.9353,3687.65,37,27,0.033,Champions,Grow & reward
C03452,1211.77,3290.78,35,22,0.0156,Champions,Grow & reward
C04458,1211.0558,2825.63,37,3,0.0368,Champions,Grow & reward
C01152,1210.4215,3823.14,35,39,0.0565,Champions,Grow & reward
C10701,1210.2135,1953.66,9,49,0.1953,Champions,Grow & reward
C09625,1209.0281,3256.43,34,14,0.0793,Champions,Grow & reward
C04879,1207.6278,3051.55,36,3,0.0257,Champions,Grow & reward
C16716,1206.3556,3727.69,38,7,0.0337,Champions,Grow & reward
C10585,1204.8712,1228.89,5,27,0.0989,Steady Regulars,Grow & reward
C13153,1204.8013,2477.8,36,18,0.0307,Champions,Grow & reward
C14192,1203.9649,3084.19,31,3,0.0132,Champions,Grow & reward
C13733,1202.4582,1683.84,5,5,0.0781,Steady Regulars,Grow & reward
C11134,1202.4413,4187.8,26,2,0.037,Champions,Grow & reward
C06064,1201.8449,3743.78,51,5,0.02,Champions,Grow & reward
C13835,1200.6902,4649.07,21,16,0.0257,Champions,Grow & reward
C13933,1200.6449,2142.66,34,21,0.0393,Champions,Grow & reward
C10260,1198.9759,1775.96,32,31,0.0458,Champions,Grow & reward
C07094,1198.699,2105.69,40,19,0.0307,Champions,Grow & reward
C17245,1196.295,1957.49,35,3,0.0493,Champions,Grow & reward
C06024,1194.6641,1450.16,39,10,0.0368,Champions,Grow & reward
C13284,1194.2738,2892.91,24,11,0.0257,Champions,Grow & reward
C00093,1194.1857,1295.07,7,5,0.0263,Champions,Grow & reward
C06684,1193.9657,2256.33,36,1,0.0381,Champions,Grow & reward
C10026,1192.7973,2150.96,39,34,0.0438,Champions,Grow & reward
C01286,1190.8932,3558.05,22,6,0.0308,Champions,Grow & reward
C03554,1189.6017,2676.19,29,1,0.0251,Champions,Grow & reward
C16685,1187.8312,3438.5,34,4,0.0339,Champions,Grow & reward
C01945,1187.3991,1722.82,15,7,0.0387,Champions,Grow & reward
C16595,1187.3869,1830.78,40,1,0.0332,Champions,Grow & reward
C01459,1185.4959,1694.47,9,14,0.1334,Champions,Grow & reward
C16521,1185.4682,1499.9,14,9,0.034,Champions,Grow & reward
C03350,1185.3754,2135.05,37,61,0.2254,Champions,Grow & reward
C17161,1183.7841,1797.95,21,1,0.0504,Champions,Grow & reward
C07366,1181.3364,2243.13,27,48,0.0965,Champions,Grow & reward
C05702,1180.3362,3317.26,29,1,0.0327,Champions,Grow & reward
C06302,1180.108,2758.91,22,16,0.0128,Champions,Grow & reward
C01553,1178.681,1767.83,29,4,0.0343,Champions,Grow & reward
C07203,1178.3133,4345.37,21,13,0.0352,Champions,Grow & reward
C08525,1177.0616,2170.18,37,17,0.0369,Champions,Grow & reward
C08063,1176.8171,3554.23,38,27,0.0302,Champions,Grow & reward
C02092,1175.7501,2871.05,34,11,0.0913,Champions,Grow & reward
C16769,1175.077,1969.13,33,25,0.0372,Champions,Grow & reward
C17740,1174.6995,2064.76,21,4,0.0255,Champions,Grow & reward
C13644,1174.3168,1407.84,39,1,0.0587,Champions,Grow & reward
C10620,1172.7629,3785.21,20,25,0.0472,Champions,Grow & reward
C10126,1172.5749,1274.25,6,10,0.0453,Champions,Grow & reward
C03576,1171.9791,3805.61,27,6,0.009,Champions,Grow & reward
C01859,1171.8006,2176.19,20,36,0.1488,Champions,Grow & reward
C02174,1171.4995,3205.27,33,21,0.0442,Champions,Grow & reward
C04627,1171.1149,3951.13,23,5,0.0492,Champions,Grow & reward
C01412,1171.0558,2235.62,44,14,0.0144,Champions,Grow & reward
C15638,1170.1528,3275.1,38,32,0.1279,Champions,Grow & reward
C10596,1167.5144,1536.42,9,16,0.0401,Champions,Grow & reward
C11081,1165.7564,2240.29,11,20,0.0512,Champions,Grow & reward
C16356,1165.0899,1468.64,40,24,0.054,Champions,Grow & reward
C00174,1164.1394,2793.53,20,6,0.0255,Champions,Grow & reward
C07442,1162.7015,2231.53,51,61,0.1405,Champions,Grow & reward
C13869,1162.0757,1633.78,10,12,0.0459,Champions,Grow & reward
C17254,1161.4656,1461.71,14,37,0.0665,Champions,Grow & reward
C01204,1161.2238,1932.32,40,9,0.036,Champions,Grow & reward
C15931,1158.1575,786.92,2,26,0.2026,Steady Regulars,Grow & reward
C04295,1156.119,3191.78,21,16,0.0554,Champions,Grow & reward
C15319,1155.2122,1880.11,17,4,0.0302,Champions,Grow & reward
C13891,1155.114,679.68,3,12,0.132,Steady Regulars,Grow & reward
C13060,1154.0667,1687.88,9,2,0.0502,Champions,Grow & reward
C09535,1152.8984,436.71,4,16,0.1162,Steady Regulars,Grow & reward
C16441,1150.4696,2368.21,13,2,0.0298,Champions,Grow & reward
C11998,1149.3253,2463.9,38,22,0.0344,Champions,Grow & reward
C13369,1148.2557,1933.95,35,13,0.0821,Champions,Grow & reward
C11602,1147.977,2695.14,17,10,0.0742,Champions,Grow & reward
C08287,1147.4903,400.96,3,13,0.1761,Steady Regulars,Grow & reward
C05105,1145.4332,2576.43,36,17,0.0299,Champions,Grow & reward
C17517,1144.8244,2349.73,11,12,0.0497,Champions,Grow & reward
C06184,1142.4716,2938.29,36,17,0.013,Champions,Grow & reward
C13998,1140.9294,2526.6,16,8,0.0328,Champions,Grow & reward
C02658,1140.568,2578.33,18,10,0.0375,Champions,Grow & reward
C11481,1135.5011,1461.37,35,16,0.0974,Champions,Grow & reward
C16501,1134.9355,3595.89,23,1,0.0673,Champions,Grow & reward
C00719,1134.5171,2238.97,24,8,0.0406,Champions,Grow & reward
C17797,1134.4543,2145.35,10,23,0.0552,Champions,Grow & reward
C16682,1133.3296,1801.57,37,34,0.0644,Champions,Grow & reward
C00502,1132.3577,3214.98,42,19,0.0201,Champions,Grow & reward
C02902,1130.7406,2258.8,34,58,0.0644,Champions,Grow & reward
C07178,1128.7622,2236.62,31,55,0.0828,Champions,Grow & reward
C07889,1128.4622,3479.28,32,62,0.084,Champions,Grow & reward
C03442,1127.7239,2080.27,37,51,0.0843,Champions,Grow & reward
C00212,1127.3768,920.3,7,16,0.048,Champions,Grow & reward
C15379,1126.9283,2017.29,31,17,0.0319,Champions,Grow & reward
C10129,1126.8354,1751.99,35,21,0.046,Champions,Grow & reward
C09368,1125.8854,2170.01,36,38,0.0447,Champions,Grow & reward
C01606,1123.98,4561.21,17,15,0.0308,Champions,Grow & reward
C11678,1123.599,1169.58,8,6,0.0248,Champions,Grow & reward
C08430,1123.4681,2665.62,25,8,0.089,Champions,Grow & reward
C00302,1122.741,3120.69,13,17,0.0509,Champions,Grow & reward
C05020,1120.2804,4096.09,32,3,0.0652,Champions,Grow & reward
C12994,1119.7455,1408.09,43,31,0.0401,Champions,Grow & reward
C08299,1118.1178,2157.61,29,23,0.0533,Champions,Grow & reward
C09527,1118.0141,2145.8,46,13,0.0277,Champions,Grow & reward
C14855,1117.9192,2524.79,49,71,0.3005,Champions,Protect
C06167,1117.7471,1833.93,7,22,0.0601,Champions,Grow & reward
C17578,1117.7441,2039.95,49,8,0.0264,Champions,Grow & reward
C06014,1117.3461,2903.12,21,11,0.0278,Champions,Grow & reward
C09308,1117.1844,3282.17,27,34,0.0399,Champions,Grow & reward
C04143,1116.2094,1695.2,31,1,0.087,Champions,Grow & reward
C05128,1115.5012,2501.33,17,16,0.0876,Champions,Grow & reward
C17270,1114.7211,2601.91,27,4,0.0702,Champions,Grow & reward
C11184,1114.4348,1369.85,5,3,0.0487,Steady Regulars,Grow & reward
C08305,1113.7832,2805.42,30,27,0.0505,Champions,Grow & reward
C01746,1112.1883,2718.43,14,58,0.14,Champions,Grow & reward
C04014,1110.2679,3498.77,32,17,0.051,Champions,Grow & reward
C08751,1109.909,2592.4,30,37,0.0807,Champions,Grow & reward
C01521,1108.3282,2063.72,34,1,0.0355,Champions,Grow & reward
C14807,1107.2548,2118.33,36,9,0.0207,Champions,Grow & reward
C06872,1105.4045,2937.06,21,6,0.0533,Champions,Grow & reward
C11001,1105.3948,1241.09,6,18,0.0596,Champions,Grow & reward
C15121,1104.4522,2781.72,36,13,0.0389,Champions,Grow & reward
C05000,1104.3016,4029.04,33,17,0.0712,Champions,Grow & reward
C01897,1104.2105,1836.05,29,9,0.0277,Champions,Grow & reward
C07287,1101.7115,2317.13,16,36,0.0327,Champions,Grow & reward
C02107,1101.1827,2815.22,31,1,0.0691,Champions,Grow & reward
C10955,1100.57,1647.58,53,6,0.0264,Champions,Grow & reward
C11769,1099.1756,3225.23,28,21,0.0649,Champions,Grow & reward
C13077,1096.5797,2675.62,16,55,0.0925,Champions,Grow & reward
C13451,1095.5013,1751.51,17,8,0.0441,Champions,Grow & reward
C14681,1095.2869,2318.24,18,6,0.0896,Champions,Grow & reward
C04398,1095.0884,2386.06,17,15,0.033,Champions,Grow & reward
C15606,1094.233,2809.38,16,30,0.0248,Champions,Grow & reward
C17030,1093.6715,2631.06,35,11,0.0316,Champions,Grow & reward
C08710,1093.5087,2637.63,11,6,0.042,Champions,Grow & reward
C13744,1093.1837,2181.07,15,25,0.0456,Champions,Grow & reward
C01562,1092.2934,1769.98,8,10,0.0452,Champions,Grow & reward
C12279,1092.0617,1881.08,19,50,0.1568,Champions,Grow & reward
C06893,1091.9852,1124.38,6,6,0.0756,Steady Regulars,Grow & reward
C13862,1089.7417,2862.03,30,19,0.0652,Champions,Grow & reward
C03844,1087.1498,2914.9,30,26,0.0244,Champions,Grow & reward
C13631,1085.8491,2088.02,45,23,0.0375,Champions,Grow & reward
C10835,1085.6846,2881.92,23,9,0.05,Champions,Grow & reward
C04308,1085.2623,1822.73,41,20,0.0346,Champions,Grow & reward
C12392,1084.1563,1834.0,45,12,0.0667,Champions,Grow & reward
C13777,1084.0602,1143.67,44,24,0.0248,Champions,Grow & reward
C05806,1083.5455,3614.6,32,19,0.0398,Champions,Grow & reward
C13330,1083.5373,4111.41,20,48,0.137,Champions,Grow & reward
C16638,1083.3487,2024.6,18,16,0.1206,Champions,Grow & reward
C17881,1083.2103,2269.06,30,24,0.0909,Champions,Grow & reward
C12064,1081.934,3149.35,24,16,0.0463,Champions,Grow & reward
C03514,1081.9073,1951.65,21,37,0.1006,Champions,Grow & reward
C17408,1081.2761,1966.13,29,27,0.1031,Champions,Grow & reward
C03556,1080.2902,2499.97,12,17,0.0918,Champions,Grow & reward
C12207,1078.822,2139.12,33,12,0.0429,Champions,Grow & reward
C12960,1078.4586,2355.86,34,22,0.057,Champions,Grow & reward
C05689,1078.204,141.96,2,3,0.3421,New & Promising,Protect
C12911,1078.1286,2429.26,21,30,0.0831,Champions,Grow & reward
C00906,1077.4713,2168.77,11,27,0.048,Champions,Grow & reward
C08197,1075.3305,2157.97,36,59,0.0806,Champions,Grow & reward
C13031,1074.6451,2560.91,33,19,0.0587,Champions,Grow & reward
C12002,1073.115,3113.54,31,34,0.0659,Champions,Grow & reward
C06147,1071.4537,3574.41,12,47,0.1602,Champions,Grow & reward
C16810,1070.3785,1852.47,28,10,0.0315,Champions,Grow & reward
C00902,1069.7329,2817.09,19,23,0.0413,Champions,Grow & reward
C12358,1069.2986,1926.1,40,11,0.0505,Champions,Grow & reward
C08411,1067.0847,1882.51,35,5,0.045,Champions,Grow & reward
C12624,1064.3803,2155.79,44,52,0.0244,Champions,Grow & reward
C09606,1062.4659,2084.96,42,63,0.1797,Champions,Grow & reward
C08144,1061.1822,1667.67,31,13,0.0785,Champions,Grow & reward
C00198,1060.4057,1957.15,34,28,0.109,Champions,Grow & reward
C09051,1060.2099,2501.86,31,5,0.0315,Champions,Grow & reward
C09982,1060.1302,2829.2,18,31,0.1088,Champions,Grow & reward
C16429,1059.8757,3003.76,31,31,0.0611,Champions,Grow & reward
C02445,1059.6147,1257.17,47,57,0.1253,Champions,Grow & reward
C11855,1059.3911,3038.12,30,12,0.0634,Champions,Grow & reward
C05725,1059.3514,1518.3,32,8,0.0663,Champions,Grow & reward
C16284,1059.3132,1933.78,15,9,0.0864,Champions,Grow & reward
C05013,1059.143,2195.25,10,19,0.0408,Champions,Grow & reward
C00967,1058.083,2962.74,15,35,0.0442,Champions,Grow & reward
C11959,1057.7172,1921.02,9,54,0.2196,Champions,Grow & reward
C15694,1054.5691,761.77,4,20,0.103,Steady Regulars,Grow & reward
C11338,1052.2727,2544.39,15,2,0.0541,Champions,Grow & reward
C15367,1050.8739,2327.34,37,20,0.0554,Champions,Grow & reward
C01894,1049.5137,2127.77,23,39,0.0954,Champions,Grow & reward
C01529,1049.1292,1631.66,32,34,0.0924,Champions,Grow & reward
C10028,1048.9137,724.93,2,6,0.1865,Steady Regulars,Grow & reward
C01917,1048.8495,2542.53,20,13,0.0196,Champions,Grow & reward
C13903,1048.5059,2456.71,13,36,0.0424,Champions,Grow & reward
C10933,1045.398,2621.77,29,30,0.0561,Champions,Grow & reward
C04702,1044.6194,362.91,3,10,0.093,New & Promising,Grow & reward
C00009,1043.2745,1620.58,31,1,0.0457,Champions,Grow & reward
C12066,1042.9388,1940.27,12,22,0.0374,Champions,Grow & reward
C08209,1042.2903,1060.74,25,23,0.0831,Champions,Grow & reward
C14232,1040.6756,309.88,3,9,0.1142,Steady Regulars,Grow & reward
C04648,1039.7028,1264.39,6,11,0.0454,Champions,Grow & reward
C05189,1039.4803,1473.07,9,9,0.0393,Champions,Grow & reward
C16710,1038.527,1816.23,31,16,0.0288,Champions,Grow & reward
C00559,1037.3931,2334.41,15,15,0.0666,Champions,Grow & reward
C17082,1036.8365,1351.2,8,26,0.0442,Champions,Grow & reward
C07675,1036.4488,2450.47,28,23,0.0403,Champions,Grow & reward
C17702,1034.7074,1692.87,31,10,0.0558,Champions,Grow & reward
C04573,1034.2253,1804.69,11,8,0.0446,Champions,Grow & reward
C17480,1033.3571,2391.65,9,5,0.0437,Champions,Grow & reward
C14530,1032.1219,3391.67,38,65,0.1184,Champions,Grow & reward
C05171,1031.9866,2615.76,28,9,0.0366,Champions,Grow & reward
C13476,1029.4902,3454.37,20,20,0.066,Champions,Grow & reward
C01060,1029.0995,2131.81,18,16,0.0401,Champions,Grow & reward
C09878,1027.3565,790.65,4,20,0.1099,Steady Regulars,Grow & reward
C12491,1025.8052,2644.44,26,12,0.0384,Champions,Grow & reward
C14403,1025.7024,4110.94,48,8,0.0143,Champions,Grow & reward
C01662,1025.5901,2748.35,24,5,0.0272,Champions,Grow & reward
C05911,1025.1473,2492.77,34,2,0.0324,Champions,Grow & reward
C06736,1025.0752,1671.44,44,22,0.0337,Champions,Grow & reward
C00733,1023.9416,2457.85,30,4,0.0541,Champions,Grow & reward
C00047,1023.165,144.75,3,9,0.2456,Deal Hunters,Grow & reward
C13949,1022.5499,1223.07,11,17,0.0311,Champions,Grow & reward
C05618,1022.0474,1882.96,31,22,0.1732,Champions,Grow & reward
C17931,1018.402,617.9,4,28,0.0684,Steady Regulars,Grow & reward
C01605,1018.1629,1395.05,7,16,0.0698,Champions,Grow & reward
C08971,1016.5693,1299.76,9,12,0.0315,Champions,Grow & reward
C05333,1014.9413,2411.95,24,14,0.0896,Champions,Grow & reward
C04378,1014.2162,2041.83,26,17,0.0393,Champions,Grow & reward
C01290,1014.1051,1868.77,35,12,0.0835,Champions,Grow & reward
C10578,1013.9077,2295.37,29,27,0.1038,Champions,Grow & reward
C15163,1011.8273,2677.76,27,13,0.0598,Champions,Grow & reward
C13075,1010.8736,2131.6,13,13,0.0347,Champions,Grow & reward
C07283,1009.1013,2102.89,31,12,0.0559,Champions,Grow & reward
C03231,1008.851,1952.43,25,11,0.0571,Champions,Grow & reward
C16940,1007.9286,2895.63,20,91,0.289,Champions,Grow & reward
C17429,1006.3683,4028.23,15,47,0.1551,Champions,Grow & reward
C15552,1004.1049,1333.41,5,15,0.0946,Steady Regulars,Grow & reward
C15557,1003.7054,1714.64,34,5,0.0404,Champions,Grow & reward
C02691,1002.9954,2330.36,12,107,0.3348,Champions,Protect
C10403,1002.5435,3108.68,10,8,0.0681,Champions,Grow & reward
C11046,1001.8764,2242.62,29,24,0.0642,Champions,Grow & reward
C08157,1001.1902,1854.97,8,14,0.0283,Champions,Grow & reward
C00560,1000.7692,2638.8,29,13,0.1354,Champions,Grow & reward
C09265,999.466,3091.33,10,24,0.136,Champions,Grow & reward
C00610,999.0346,1198.6,30,15,0.0462,Champions,Grow & reward
C13420,998.5827,2418.68,27,31,0.0633,Champions,Grow & reward
C06577,997.6837,1824.92,8,11,0.0558,Champions,Grow & reward
C10042,997.5571,3197.07,24,11,0.0697,Champions,Grow & reward
C07076,994.604,2396.36,21,29,0.0816,Champions,Grow & reward
C00501,993.7038,2242.06,29,49,0.0942,Champions,Grow & reward
C07891,992.9501,144.25,2,9,0.3614,New & Promising,Protect
C11557,991.723,1749.64,26,2,0.0573,Champions,Grow & reward
C13632,991.554,1634.78,26,46,0.1248,Champions,Grow & reward
C08848,991.201,2349.87,21,18,0.0373,Champions,Grow & reward
C04005,990.7309,2321.35,26,3,0.0554,Champions,Grow & reward
C13267,990.2053,1548.66,26,16,0.1319,Champions,Grow & reward
C02308,988.7764,2189.47,30,16,0.0412,Champions,Grow & reward
C12579,988.3258,1592.14,28,14,0.0681,Champions,Grow & reward
C11078,988.2492,1873.89,34,24,0.0625,Champions,Grow & reward
C13618,987.5159,1697.64,20,4,0.0645,Champions,Grow & reward
C14467,986.8929,3610.03,27,51,0.136,Champions,Grow & reward
C08278,986.8453,82.12,3,12,0.2917,Deal Hunters,Grow & reward
C00835,985.7556,517.72,4,14,0.0688,Steady Regulars,Grow & reward
C12379,985.0878,2110.11,26,17,0.1041,Champions,Grow & reward
C15893,985.0633,1125.71,5,3,0.084,Steady Regulars,Grow & reward
C14156,984.9529,2040.65,25,43,0.1404,Champions,Grow & reward
C09923,984.669,2049.69,20,36,0.0825,Champions,Grow & reward
C09918,982.6281,1924.71,26,32,0.0711,Champions,Grow & reward
C12953,980.8026,2873.34,27,27,0.027,Champions,Grow & reward
C06471,980.7957,2704.31,27,18,0.0305,Champions,Grow & reward
C07095,978.9639,3811.07,30,15,0.0423,Champions,Grow & reward
C00435,978.2501,1011.84,10,1,0.0585,Champions,Grow & reward
C14813,977.765,1679.79,34,12,0.0602,Champions,Grow & reward
C12554,977.5631,2508.48,18,37,0.1196,Champions,Grow & reward
C04976,977.2526,1370.82,27,28,0.1322,Champions,Grow & reward
C14547,976.2159,1975.53,29,37,0.0942,Champions,Grow & reward
C12636,975.1492,2796.2,30,9,0.0988,Champions,Grow & reward
C08875,974.1131,2307.78,17,4,0.0317,Champions,Grow & reward
C16966,973.3969,3539.6,27,13,0.0638,Champions,Grow & reward
C15054,972.5155,1413.93,27,9,0.0332,Champions,Grow & reward
C16649,971.1609,2424.59,14,1,0.0802,Champions,Grow & reward
C03271,970.7201,717.18,26,31,0.1129,Champions,Grow & reward
C16214,970.108,1862.8,27,11,0.0601,Champions,Grow & reward
C04426,969.3806,2155.19,28,29,0.0518,Champions,Grow & reward
C14223,969.1836,2404.67,30,2,0.0401,Champions,Grow & reward
C01137,968.4429,2613.8,26,24,0.0673,Champions,Grow & reward
C11613,966.4347,3241.87,27,19,0.0823,Champions,Grow & reward
C16015,965.2348,3471.59,17,20,0.1129,Champions,Grow & reward
C02038,965.182,2233.44,28,9,0.0451,Champions,Grow & reward
C06729,965.0617,2366.75,32,3,0.0634,Champions,Grow & reward
C07706,964.2655,2162.52,15,4,0.046,Champions,Grow & reward
C03747,963.5206,3141.1,16,12,0.0472,Champions,Grow & reward
C12537,962.5853,2842.84,18,10,0.0707,Champions,Grow & reward
C13766,961.3635,2098.92,7,47,0.1931,Champions,Grow & reward
C02567,960.8623,1881.0,27,13,0.063,Champions,Grow & reward
C12211,960.3703,2431.63,14,16,0.0945,Champions,Grow & reward
C13711,958.5794,1798.12,13,17,0.0839,Champions,Grow & reward
C11510,958.4378,2527.85,31,1,0.093,Champions,Grow & reward
C02705,956.776,3491.73,13,1,0.0952,Champions,Grow & reward
C08177,956.4973,1191.7,28,24,0.1459,Champions,Grow & reward
C08924,955.4415,1097.04,4,23,0.1363,Steady Regulars,Grow & reward
C09352,954.7494,1873.77,17,9,0.0732,Champions,Grow & reward
C13321,954.5184,2606.23,14,3,0.072,Champions,Grow & reward
C10386,953.5732,1720.11,34,66,0.15,Champions,Grow & reward
C16122,953.0945,1456.74,30,6,0.0666,Champions,Grow & reward
C12565,952.2497,1100.26,36,29,0.0662,Champions,Grow & reward
C17800,949.2743,1927.2,24,75,0.1718,Champions,Grow & reward
C02667,946.969,2284.39,12,8,0.0664,Champions,Grow & reward
C00011,944.9691,2828.81,26,18,0.061,Champions,Grow & reward
C09268,944.667,316.96,2,13,0.2511,Steady Regulars,Grow & reward
C05431,943.4078,1463.3,4,68,0.2487,Steady Regulars,Grow & reward
C15084,941.5183,3256.24,31,5,0.0516,Champions,Grow & reward
C07334,941.4642,338.73,2,8,0.2131,New & Promising,Grow & reward
C07302,941.3413,409.93,3,2,0.0962,Steady Regulars,Grow & reward
C03376,941.3098,1755.41,22,13,0.0702,Champions,Grow & reward
C09980,941.304,1292.49,7,18,0.0516,Champions,Grow & reward
C14344,940.7068,1389.26,9,9,0.0261,Champions,Grow & reward
C16783,940.6809,1549.62,24,38,0.1195,Champions,Grow & reward
C14735,940.6506,1794.44,39,11,0.0362,Champions,Grow & reward
C12763,940.6465,1087.88,6,28,0.0955,Steady Regulars,Grow & reward
C17125,940.6158,1145.38,4,11,0.128,Steady Regulars,Grow & reward
C03932,940.3525,2450.67,28,21,0.0625,Champions,Grow & reward
C03971,939.8384,1380.5,6,27,0.0946,Steady Regulars,Grow & reward
C16741,939.5278,1387.24,11,11,0.0495,Champions,Grow & reward
C13967,937.1913,2614.33,22,3,0.1004,Champions,Grow & reward
C15544,936.77,1925.18,33,69,0.1023,Champions,Grow & reward
C09274,936.56,954.02,5,39,0.1349,Steady Regulars,Grow & reward
C07231,936.2821,3354.7,24,6,0.0653,Champions,Grow & reward
C02418,936.0741,329.71,3,10,0.1459,Steady Regulars,Grow & reward
C16758,936.0047,1101.23,36,31,0.0622,Champions,Grow & reward
C15430,935.2184,2517.17,28,12,0.0422,Champions,Grow & reward
C16094,934.3933,1690.97,26,13,0.0608,Champions,Grow & reward
C07075,931.8854,1042.19,42,20,0.0739,Champions,Grow & reward
C04054,931.879,1731.41,27,16,0.0852,Champions,Grow & reward
C03462,931.3686,1276.82,4,2,0.0861,Steady Regulars,Grow & reward
C09921,931.26,1981.11,28,13,0.0539,Champions,Grow & reward
C04427,931.1835,1423.96,24,28,0.0909,Champions,Grow & reward
C09564,930.8234,2788.16,23,27,0.0561,Champions,Grow & reward
C07313,929.2077,2311.2,24,55,0.1158,Champions,Grow & reward
C01217,928.519,2863.19,28,11,0.0699,Champions,Grow & reward
C06201,927.9437,2529.26,25,9,0.0588,Champions,Grow & reward
C03691,927.8883,601.94,3,14,0.136,Steady Regulars,Grow & reward
C02523,927.4203,1586.61,26,3,0.1181,Champions,Grow & reward
C05600,927.1277,1611.51,40,14,0.0571,Champions,Grow & reward
C01043,926.0401,2994.08,21,1,0.0701,Champions,Grow & reward
C15496,925.8173,1046.8,6,2,0.1479,Champions,Grow & reward
C08001,925.721,1905.47,13,12,0.0639,Champions,Grow & reward
C03103,925.0974,2616.61,22,5,0.1,Champions,Grow & reward
C06126,924.0528,2802.85,18,16,0.0773,Champions,Grow & reward
C00477,923.8836,2287.42,22,6,0.0908,Champions,Grow & reward
C17812,922.2812,2599.25,9,31,0.0975,Champions,Grow & reward
C10205,919.5312,2599.51,21,27,0.083,Champions,Grow & reward
C11493,918.8915,297.21,4,6,0.1388,Deal Hunters,Grow & reward
C04222,917.063,1690.31,25,30,0.0945,Champions,Grow & reward
C09884,914.8529,1771.8,24,6,0.087,Champions,Grow & reward
C05412,913.64,1658.12,34,48,0.0828,Champions,Grow & reward
C03612,912.5923,1321.86,4,33,0.0892,Steady Regulars,Grow & reward
C06399,912.2298,1485.97,33,26,0.0924,Champions,Grow & reward
C00526,911.9926,1752.75,28,16,0.0877,Champions,Grow & reward
C13120,911.502,2397.0,39,76,0.1393,Champions,Grow & reward
C07680,910.8047,1389.73,25,10,0.0618,Champions,Grow & reward
C12966,910.1452,2591.72,27,5,0.0324,Champions,Grow & reward
C12675,909.7216,250.34,2,13,0.1958,New & Promising,Grow & reward
C10218,909.0589,2587.76,27,17,0.1074,Champions,Grow & reward
C00498,908.5678,2203.09,23,1,0.0784,Champions,Grow & reward
C06388,907.9023,571.54,27,12,0.1074,Champions,Grow & reward
C06373,907.3921,1464.02,11,10,0.0453,Champions,Grow & reward
C12926,907.2439,414.71,2,15,0.2401,Steady Regulars,Grow & reward
C05998,907.1147,1824.28,27,41,0.1968,Champions,Grow & reward
C02962,906.4353,2323.75,18,17,0.0701,Champions,Grow & reward
C16715,906.2917,1073.21,11,6,0.0255,Champions,Grow & reward
C14496,905.8891,2238.09,20,25,0.0841,Champions,Grow & reward
C13065,901.9709,2449.66,14,25,0.1263,Champions,Grow & reward
C03393,901.6829,1818.97,19,39,0.0966,Champions,Grow & reward
C05875,900.7507,2110.19,26,3,0.067,Champions,Grow & reward
C10695,900.6196,2461.77,25,29,0.0684,Champions,Grow & reward
C17948,899.8293,2510.64,17,14,0.1035,Champions,Grow & reward
C10668,899.6486,1153.86,5,13,0.1065,Steady Regulars,Grow & reward
C02133,899.4476,2191.83,32,85,0.2396,Champions,Grow & reward
C08401,898.7743,1296.06,26,64,0.1793,Champions,Grow & reward
C01747,898.6216,1640.13,11,22,0.0933,Champions,Grow & reward
C07867,898.484,1162.13,31,28,0.0883,Champions,Grow & reward
C00628,896.3833,1213.14,11,52,0.17,Champions,Grow & reward
C13044,896.0908,1120.2,7,52,0.1875,Champions,Grow & reward
C11796,895.4535,1669.31,27,5,0.103,Champions,Grow & reward
C00099,894.8092,902.32,10,8,0.1109,Champions,Grow & reward
C04781,894.3062,2851.65,13,14,0.0579,Champions,Grow & reward
C14679,893.6409,1761.04,11,40,0.157,Champions,Grow & reward
C09076,893.2147,3071.21,29,61,0.1188,Champions,Grow & reward
C17927,893.0103,2384.3,13,24,0.0642,Champions,Grow & reward
C02582,892.9978,1821.16,19,34,0.1824,Champions,Grow & reward
C01473,892.7518,338.74,2,8,0.2262,Steady Regulars,Grow & reward
C09408,892.6389,1824.42,39,21,0.1054,Champions,Grow & reward
C16298,892.6228,1537.73,35,20,0.0481,Champions,Grow & reward
C08103,891.9493,1429.16,28,9,0.0607,Champions,Grow & reward
C16739,891.2379,1519.56,54,67,0.257,Champions,Grow & reward
C09814,890.9968,1962.71,29,13,0.0738,Champions,Grow & reward
C14513,890.0798,1916.56,11,69,0.2041,Champions,Grow & reward
C12459,889.2246,2322.89,10,20,0.0596,Champions,Grow & reward
C15139,888.7386,1631.72,17,21,0.0917,Champions,Grow & reward
C16269,888.0143,1637.33,8,12,0.0515,Champions,Grow & reward
C09763,887.0757,1701.41,29,9,0.1,Champions,Grow & reward
C08337,886.6086,2180.08,41,5,0.0398,Champions,Grow & reward
C13996,886.6031,1816.95,24,1,0.1108,Champions,Grow & reward
C10164,886.134,1824.67,21,15,0.064,Champions,Grow & reward
C02882,885.9687,1317.93,7,46,0.099,Steady Regulars,Grow & reward
C15814,885.7137,3605.1,25,18,0.0734,Champions,Grow & reward
C17565,885.4343,876.35,6,40,0.115,Steady Regulars,Grow & reward
C03039,885.4154,2084.68,28,64,0.0939,Champions,Grow & reward
C11313,885.1051,2065.62,13,17,0.1112,Champions,Grow & reward
C04963,883.7564,1499.82,8,25,0.1002,Champions,Grow & reward
C17822,883.3006,269.91,3,3,0.106,New & Promising,Grow & reward
C15971,882.8839,2684.71,16,5,0.1025,Champions,Grow & reward
C06848,881.7414,1338.25,14,11,0.0898,Champions,Grow & reward
C09392,880.8526,604.9,21,1,0.1298,Champions,Grow & reward
C10598,880.4508,382.93,2,13,0.2106,Steady Regulars,Grow & reward
C00889,879.9526,2223.4,10,40,0.1573,Champions,Grow & reward
C07650,879.9034,3172.11,21,14,0.0557,Champions,Grow & reward
C09488,877.7981,1697.09,13,5,0.0893,Champions,Grow & reward
C07574,877.1135,2571.05,21,7,0.0469,Champions,Grow & reward
C14117,876.8903,1477.64,7,65,0.2683,Steady Regulars,Grow & reward
C04784,876.6332,857.43,3,3,0.1397,Steady Regulars,Grow & reward
C00484,874.9039,1725.53,30,16,0.0671,Champions,Grow & reward
C09055,874.756,1909.1,14,24,0.1302,Champions,Grow & reward
C02310,874.4714,1439.14,31,21,0.0869,Champions,Grow & reward
C07383,873.4607,1918.52,23,53,0.1956,Champions,Grow & reward
C06327,873.4274,1417.83,10,41,0.1827,Champions,Grow & reward
C01458,872.1447,1093.9,25,21,0.1179,Champions,Grow & reward
C08564,871.9027,2246.87,17,4,0.0907,Champions,Grow & reward
C09785,870.8678,1925.1,36,12,0.0475,Champions,Grow & reward
C09728,870.2983,1361.09,12,11,0.0326,Champions,Grow & reward
C07960,868.5449,2149.02,20,3,0.0756,Champions,Grow & reward
C10445,866.982,2866.28,17,62,0.2141,Champions,Grow & reward
C02457,866.8685,2872.68,18,75,0.2535,Champions,Grow & reward
C04265,866.8027,2431.82,20,31,0.1046,Champions,Grow & reward
C03304,866.4495,1985.48,15,2,0.0545,Champions,Grow & reward
C05361,866.0405,702.87,4,27,0.134,Steady Regulars,Grow & reward
C09312,865.8382,1264.96,7,31,0.0692,Champions,Grow & reward
C08743,864.158,361.57,5,11,0.1131,Steady Regulars,Grow & reward
C08820,863.8728,1685.97,14,10,0.0687,Champions,Grow & reward
C08166,863.5165,1942.73,28,45,0.15,Champions,Grow & reward
C01360,863.17,2152.68,21,30,0.1054,Champions,Grow & reward
C10600,862.3032,1376.94,7,12,0.0621,Champions,Grow & reward
C15655,862.0924,752.24,30,6,0.0798,Champions,Grow & reward
C03904,861.3194,1758.72,29,34,0.0886,Champions,Grow & reward
C16204,861.1321,1430.3,22,4,0.1094,Champions,Grow & reward
C07089,859.8226,100.79,2,15,0.4472,Deal Hunters,Protect
C02788,859.5075,1076.26,31,34,0.1066,Champions,Grow & reward
C05120,859.2531,2466.64,20,34,0.0751,Champions,Grow & reward
C06352,859.042,2288.4,14,9,0.0752,Champions,Grow & reward
C07484,858.9125,2214.17,18,18,0.0742,Champions,Grow & reward
C11592,858.8235,1376.62,19,36,0.1539,Champions,Grow & reward
C14216,858.5062,1128.03,26,18,0.0835,Champions,Grow & reward
C14760,858.3933,718.97,43,12,0.0678,Champions,Grow & reward
C02785,858.1393,1692.54,30,22,0.0836,Champions,Grow & reward
C12042,858.0898,1280.78,3,36,0.1673,Steady Regulars,Grow & reward
C04585,856.734,938.52,25,14,0.1577,Champions,Grow & reward
C01310,856.0948,2003.82,20,44,0.1622,Champions,Grow & reward
C04699,855.8208,1017.81,27,44,0.1047,Champions,Grow & reward
C08396,854.7996,1351.38,28,26,0.0639,Champions,Grow & reward
C13510,854.6872,1540.45,20,17,0.1064,Champions,Grow & reward
C00926,854.0057,1270.74,26,1,0.0953,Champions,Grow & reward
C13371,853.7211,861.2,4,3,0.134,Steady Regulars,Grow & reward
C13602,853.5909,1509.14,18,5,0.1241,Champions,Grow & reward
C00778,853.4561,1298.05,25,38,0.1404,Champions,Grow & reward
C07788,853.1537,1807.21,10,5,0.0633,Champions,Grow & reward
C13879,852.7392,1486.39,10,36,0.119,Champions,Grow & reward
C08615,852.5265,2184.04,35,80,0.1358,Champions,Grow & reward
C15646,851.7162,1408.82,45,28,0.0633,Champions,Grow & reward
C14492,851.6546,2563.71,21,24,0.1119,Champions,Grow & reward
C04928,850.55,1827.71,25,1,0.1105,Champions,Grow & reward
C09012,849.998,2809.87,11,22,0.1319,Champions,Grow & reward
C11235,849.7824,2143.96,25,49,0.1714,Champions,Grow & reward
C09383,849.6704,1676.8,8,35,0.1934,Champions,Grow & reward
C00411,849.1533,1431.6,31,3,0.0836,Champions,Grow & reward
C17064,848.2375,2031.43,18,23,0.0783,Champions,Grow & reward
C16814,846.9487,2539.84,12,3,0.0662,Champions,Grow & reward
C04293,846.688,2187.48,15,11,0.0431,Champions,Grow & reward
C17374,845.6006,1373.69,25,4,0.0693,Champions,Grow & reward
C03907,845.3568,2999.41,17,10,0.0936,Champions,Grow & reward
C13423,844.5369,1921.21,18,48,0.1204,Champions,Grow & reward
C15170,844.5001,706.69,4,5,0.0885,Steady Regulars,Grow & reward
C13212,844.0436,2497.54,26,84,0.272,Champions,Grow & reward
C13929,841.8466,1649.16,32,61,0.1045,Champions,Grow & reward
C06792,840.447,1110.37,28,26,0.1479,Champions,Grow & reward
C00617,840.4147,2230.82,24,28,0.0973,Champions,Grow & reward
C17828,840.252,2150.49,10,5,0.0509,Champions,Grow & reward
C10591,840.1404,791.81,6,15,0.1166,Deal Hunters,Grow & reward
C16355,839.5161,921.43,6,19,0.0824,Steady Regulars,Grow & reward
C14396,839.381,1593.75,10,6,0.0976,Champions,Grow & reward
C08088,838.777,1219.76,29,7,0.0795,Champions,Grow & reward
C06917,837.6791,1080.27,24,10,0.0963,Champions,Grow & reward
C15844,837.5094,2317.08,13,6,0.0518,Champions,Grow & reward
C05311,837.3809,2671.58,30,12,0.072,Champions,Grow & reward
C05966,836.2978,415.48,2,15,0.2354,Steady Regulars,Grow & reward
C16166,836.2003,1925.91,12,15,0.0798,Champions,Grow & reward
C00394,835.5084,1592.5,35,17,0.0576,Champions,Grow & reward
C01099,834.0886,1510.81,20,22,0.0976,Champions,Grow & reward
C15229,833.7507,2685.74,40,83,0.1596,Champions,Grow & reward
C14136,833.6193,801.32,3,15,0.1511,Steady Regulars,Grow & reward
C15000,832.8309,1822.26,19,6,0.1112,Champions,Grow & reward
C01184,831.9505,1707.02,18,8,0.0904,Champions,Grow & reward
C16572,831.9485,804.5,3,12,0.1739,Steady Regulars,Grow & reward
C15612,831.8542,1168.28,7,18,0.0697,Champions,Grow & reward
C14732,831.3511,1456.0,20,63,0.1719,Champions,Grow & reward
C17476,830.7613,1408.11,26,16,0.1215,Champions,Grow & reward
C13318,830.5277,1508.2,33,12,0.0804,Champions,Grow & reward
C09542,830.3705,1834.16,28,3,0.0585,Champions,Grow & reward
C14680,830.1765,1177.83,10,15,0.0589,Champions,Grow & reward
C04474,830.0651,291.97,2,4,0.2412,New & Promising,Grow & reward
C13364,829.8246,1015.41,7,21,0.1492,Steady Regulars,Grow & reward
C06145,828.9557,1655.2,25,48,0.177,Champions,Grow & reward
C17207,828.7367,1002.78,28,37,0.1376,Champions,Grow & reward
C00542,828.4086,1707.66,24,4,0.0538,Champions,Grow & reward
C09911,827.6931,1935.33,11,19,0.1295,Champions,Grow & reward
C13411,827.2886,1628.74,28,9,0.1169,Champions,Grow & reward
C06122,827.0941,2721.96,29,124,0.5024,Champions,Protect
C16828,826.9212,1381.63,17,34,0.0943,Champions,Grow & reward
C09478,826.5411,1696.82,29,18,0.0803,Champions,Grow & reward
C08766,826.4879,1535.92,30,2,0.0805,Champions,Grow & reward
C10394,825.7601,2288.77,31,5,0.0883,Champions,Grow & reward
C11635,824.5879,1455.8,18,47,0.2214,Champions,Grow & reward
C00101,824.2262,459.11,34,4,0.0794,Champions,Grow & reward
C08017,823.5025,2017.57,22,72,0.1952,Champions,Grow & reward
C10348,822.9541,1917.12,17,11,0.0746,Champions,Grow & reward
C10513,822.8728,1630.79,24,19,0.1326,Champions,Grow & reward
C15498,822.5921,1874.82,8,45,0.1305,Champions,Grow & reward
C03240,822.4777,1603.28,17,9,0.0641,Champions,Grow & reward
C06349,822.1161,839.85,5,27,0.1701,Steady Regulars,Grow & reward
C10451,821.2853,1733.18,10,26,0.1578,Champions,Grow & reward
C13970,820.1675,1879.96,10,1,0.1162,Champions,Grow & reward
C06229,819.5349,688.35,26,19,0.0948,Champions,Grow & reward
C05487,819.3091,1059.91,6,1,0.0891,Champions,Grow & reward
C05923,818.3506,2305.45,22,80,0.1881,Champions,Grow & reward
C06465,818.3017,1078.45,34,23,0.1165,Champions,Grow & reward
C14169,817.9896,2559.49,20,1,0.1405,Champions,Grow & reward
C05641,817.4196,3694.58,32,78,0.155,Champions,Grow & reward
C04204,817.3579,480.94,4,4,0.1046,Steady Regulars,Grow & reward
C01990,816.9336,1552.46,9,31,0.1234,Champions,Grow & reward
C07624,816.6756,2163.81,35,75,0.1815,Champions,Grow & reward
C01680,815.2263,1377.14,11,1,0.0829,Champions,Grow & reward
C06111,815.1652,1168.97,30,115,0.512,Champions,Protect
C13858,814.824,941.88,38,29,0.0569,Champions,Grow & reward
C04307,813.6443,2664.61,26,27,0.0787,Champions,Grow & reward
C06451,813.1073,1724.25,25,19,0.1501,Champions,Grow & reward
C08541,812.1492,2901.28,23,50,0.1116,Champions,Grow & reward
C00586,810.8727,266.97,2,4,0.2985,New & Promising,Grow & reward
C07912,809.6463,1368.82,8,5,0.1075,Champions,Grow & reward
C04750,808.9275,1613.47,9,9,0.1046,Champions,Grow & reward
C10894,808.5083,1783.79,38,10,0.0515,Champions,Grow & reward
C15184,808.3519,1281.71,17,4,0.0405,Champions,Grow & reward
C06791,808.1085,1218.78,8,76,0.2214,Steady Regulars,Grow & reward
C14936,807.9448,1021.91,6,25,0.1321,Champions,Grow & reward
C06880,807.9228,896.11,33,11,0.0659,Champions,Grow & reward
C10532,807.1066,539.14,6,11,0.0792,Steady Regulars,Grow & reward
C16358,806.9375,501.52,25,3,0.101,Champions,Grow & reward
C07640,806.3806,2165.83,16,4,0.0857,Champions,Grow & reward
C09000,806.1498,469.07,4,17,0.0838,Steady Regulars,Grow & reward
C04282,805.8454,2198.82,21,12,0.0985,Champions,Grow & reward
C04863,805.0241,1151.86,9,25,0.1004,Steady Regulars,Grow & reward
C05574,804.9518,1531.59,28,6,0.081,Champions,Grow & reward
C09057,804.8777,1601.94,35,45,0.0885,Champions,Grow & reward
C15332,803.79,1923.49,38,8,0.0507,Champions,Grow & reward
C11065,803.6221,561.07,4,12,0.0887,Steady Regulars,Grow & reward
C09865,803.4414,1363.24,9,18,0.1109,Champions,Grow & reward
C08244,803.1327,2369.77,15,74,0.2177,Champions,Grow & reward
C09141,802.8248,1646.36,29,44,0.1616,Champions,Grow & reward
C07235,802.4165,1592.92,33,34,0.0795,Champions,Grow & reward
C11176,801.4887,1659.46,19,55,0.2224,Champions,Grow & reward
C15414,799.8562,1212.05,7,27,0.1312,Champions,Grow & reward
C06923,799.5335,636.7,2,12,0.1655,Steady Regulars,Grow & reward
C15912,798.0193,1130.24,8,12,0.0691,Champions,Grow & reward
C00552,797.6929,943.6,5,15,0.1429,Steady Regulars,Grow & reward
C07708,796.4914,2225.46,25,5,0.1066,Champions,Grow & reward
C13581,796.482,2222.73,16,1,0.148,Champions,Grow & reward
C17537,796.3021,1548.27,13,19,0.0431,Champions,Grow & reward
C17110,795.7913,2024.33,23,17,0.0715,Champions,Grow & reward
C11257,795.1218,1533.67,13,44,0.1283,Champions,Grow & reward
C08706,794.9962,738.47,5,42,0.1446,Steady Regulars,Grow & reward
C14895,794.9959,944.1,9,1,0.0933,Champions,Grow & reward
C17189,794.7348,1375.82,32,16,0.0802,Champions,Grow & reward
C07447,794.3229,1672.81,19,16,0.0923,Champions,Grow & reward
C07858,793.3815,359.04,2,7,0.2453,Deal Hunters,Grow & reward
C08598,793.1349,1533.03,12,1,0.1351,Champions,Grow & reward
C03243,792.9545,1921.22,16,21,0.0828,Champions,Grow & reward
C16635,792.6563,1188.27,6,25,0.1217,Champions,Grow & reward
C05611,792.6237,1718.44,6,33,0.2556,Champions,Grow & reward
C05256,791.2045,1038.32,22,15,0.078,Champions,Grow & reward
C03617,790.5892,1215.13,32,1,0.0643,Champions,Grow & reward
C16699,790.5276,610.27,6,23,0.0689,Steady Regulars,Grow & reward
C12210,790.3403,1784.73,30,34,0.0989,Champions,Grow & reward
C01092,790.2326,1520.71,37,96,0.3377,Champions,Protect
C04613,790.1609,2190.14,18,16,0.0732,Champions,Grow & reward
C01178,788.7019,1832.73,28,29,0.0883,Champions,Grow & reward
C17153,788.2664,147.66,2,11,0.3534,Deal Hunters,Protect
C00249,788.2415,1626.74,12,34,0.1305,Champions,Grow & reward
C10099,787.9252,2160.89,13,18,0.1196,Champions,Grow & reward
C10166,787.9129,1712.31,25,77,0.166,Champions,Grow & reward
C12903,787.0058,1018.32,29,20,0.0947,Champions,Grow & reward
C08174,785.7608,1535.0,32,12,0.0797,Champions,Grow & reward
C04643,784.8958,916.88,5,42,0.2404,Steady Regulars,Grow & reward
C03335,783.9362,654.89,27,5,0.0991,Champions,Grow & reward
C02646,783.627,1182.1,11,12,0.124,Champions,Grow & reward
C12660,782.9003,1906.02,15,21,0.1129,Champions,Grow & reward
C11103,780.6889,1665.42,9,40,0.1963,Champions,Grow & reward
C15569,779.6549,1363.47,24,11,0.1071,Champions,Grow & reward
C17179,779.5173,1565.87,12,61,0.1354,Champions,Grow & reward
C17302,778.5789,2134.24,10,39,0.1364,Champions,Grow & reward
C08481,778.5186,718.35,3,17,0.162,Deal Hunters,Grow & reward
C04082,778.4319,1236.33,36,12,0.0399,Champions,Grow & reward
C08788,777.9061,626.92,4,9,0.1059,Steady Regulars,Grow & reward
C00545,777.7389,486.21,27,2,0.1343,Champions,Grow & reward
C13480,777.5563,1859.94,13,68,0.1997,Champions,Grow & reward
C16911,777.409,2049.57,29,9,0.0679,Champions,Grow & reward
C11213,777.357,1438.8,10,16,0.1075,Champions,Grow & reward
C15339,776.3794,1709.58,5,23,0.2305,Steady Regulars,Grow & reward
C09860,773.8144,1158.7,27,33,0.1191,Champions,Grow & reward
C10502,773.521,1777.75,32,14,0.0872,Champions,Grow & reward
C17382,773.1519,1353.35,13,5,0.0475,Champions,Grow & reward
C01048,773.0589,1608.88,40,101,0.4463,Champions,Protect
C01342,772.9881,1455.11,14,31,0.1192,Champions,Grow & reward
C04680,772.7853,1585.67,20,40,0.1132,Champions,Grow & reward
C17985,772.6146,2529.92,14,26,0.1193,Champions,Grow & reward
C12139,770.9696,1844.53,20,52,0.1753,Champions,Grow & reward
C02050,770.6603,1681.06,12,60,0.1233,Champions,Grow & reward
C07735,770.409,1227.59,25,2,0.0584,Champions,Grow & reward
C03704,770.06,1753.36,15,1,0.0584,Champions,Grow & reward
C16737,769.8943,1357.32,26,5,0.0916,Champions,Grow & reward
C11470,769.6495,790.22,24,10,0.1021,Champions,Grow & reward
C03107,769.4616,2131.7,23,71,0.1412,Champions,Grow & reward
C09915,769.2035,1025.07,7,1,0.0724,Champions,Grow & reward
C16259,769.0994,2534.88,57,109,0.6753,Champions,Protect
C03297,768.0781,1274.02,8,51,0.2266,Steady Regulars,Grow & reward
C05177,767.7357,1843.58,9,10,0.1696,Champions,Grow & reward
C11647,767.6261,2024.84,6,4,0.1457,Champions,Grow & reward
C17602,766.3127,902.73,2,53,0.2472,Steady Regulars,Grow & reward
C04110,766.0197,1960.76,6,76,0.2758,Steady Regulars,Grow & reward
C13086,765.8406,867.56,7,1,0.0996,Champions,Grow & reward
C08660,765.2892,133.95,2,8,0.3493,New & Promising,Protect
C11486,764.2403,1262.28,16,50,0.1886,Champions,Grow & reward
C00356,762.2733,692.25,12,15,0.1121,Champions,Grow & reward
C12712,761.7851,2016.95,24,19,0.0678,Champions,Grow & reward
C03800,760.138,1091.53,13,14,0.0744,Champions,Grow & reward
C14077,759.9243,1659.73,13,20,0.0828,Champions,Grow & reward
C05807,759.4489,1721.36,22,22,0.0776,Champions,Grow & reward
C14240,759.3924,1495.79,17,2,0.0768,Champions,Grow & reward
C02137,759.2803,2006.37,24,10,0.0793,Champions,Grow & reward
C17268,758.87,531.07,8,4,0.0883,Steady Regulars,Grow & reward
C00211,758.6147,2230.37,20,10,0.0998,Champions,Grow & reward
C07253,757.9427,938.28,28,13,0.0717,Champions,Grow & reward
C02126,757.6815,2209.26,24,31,0.1114,Champions,Grow & reward
C17560,756.4983,1508.87,13,32,0.1478,Champions,Grow & reward
C15549,756.2118,1155.57,17,22,0.0739,Champions,Grow & reward
C13045,756.0714,533.92,28,8,0.0829,Champions,Grow & reward
C02638,756.0211,2103.01,25,11,0.1101,Champions,Grow & reward
C05286,755.8016,1127.9,5,5,0.1685,Champions,Grow & reward
C12991,753.6672,2123.84,15,34,0.2103,Champions,Grow & reward
C07196,753.3679,2438.68,10,17,0.1964,Champions,Grow & reward
C03703,753.3206,1497.51,30,1,0.1486,Champions,Grow & reward
C02941,753.1616,2046.35,27,17,0.0883,Champions,Grow & reward
C11319,752.4815,1002.32,26,33,0.1678,Champions,Grow & reward
C05882,751.6509,1837.37,21,19,0.1214,Champions,Grow & reward
C15713,751.5634,1153.84,5,13,0.0668,Steady Regulars,Grow & reward
C01611,751.5336,2129.46,20,6,0.091,Champions,Grow & reward
C09247,751.0049,1763.94,20,32,0.1067,Champions,Grow & reward
C01407,750.5921,2738.76,15,24,0.1484,Champions,Grow & reward
C01410,750.5187,1164.85,14,17,0.0694,Champions,Grow & reward
C08579,750.2816,900.61,8,75,0.2416,Steady Regulars,Grow & reward
C15365,749.669,1171.11,8,5,0.0936,Champions,Grow & reward
C10406,749.5792,1135.84,8,18,0.079,Champions,Grow & reward
C07480,749.478,241.13,4,16,0.167,Deal Hunters,Grow & reward
C08857,748.5123,1368.97,35,34,0.0851,Champions,Grow & reward
C15002,748.2482,1547.58,15,50,0.1425,Champions,Grow & reward
C13090,747.9288,1508.65,23,26,0.0537,Champions,Grow & reward
C09634,747.5536,755.6,5,33,0.272,Steady Regulars,Grow & reward
C15432,745.4745,1203.99,8,44,0.1541,Champions,Grow & reward
C03151,745.3709,1349.22,25,14,0.1028,Champions,Grow & reward
C10635,745.016,611.31,26,27,0.1217,Champions,Grow & reward
C06058,744.5641,1073.55,10,5,0.0622,Champions,Grow & reward
C12626,743.866,1118.5,10,15,0.0973,Champions,Grow & reward
C01920,742.6411,1998.06,19,53,0.1659,Champions,Grow & reward
C16566,741.9832,1432.74,28,57,0.1044,Champions,Grow & reward
C05140,741.8121,887.78,10,13,0.0681,Champions,Grow & reward
C06446,741.7342,2191.79,31,80,0.1922,Champions,Grow & reward
C09511,741.0257,1514.16,9,30,0.102,Champions,Grow & reward
C05799,740.9599,552.65,8,3,0.0843,Champions,Grow & reward
C05674,739.1101,1581.29,21,46,0.1513,Champions,Grow & reward
C14876,738.4413,1489.17,24,38,0.1688,Champions,Grow & reward
C17535,738.1705,1612.13,28,36,0.1534,Champions,Grow & reward
C11633,737.5321,1659.52,17,14,0.1059,Champions,Grow & reward
C09349,736.3286,1632.49,11,13,0.1045,Champions,Grow & reward
C10516,735.181,505.29,3,9,0.1493,Steady Regulars,Grow & reward
C00185,734.4754,1492.0,19,14,0.071,Champions,Grow & reward
C14647,733.292,2624.7,5,17,0.1384,Champions,Grow & reward
C07838,733.1318,1393.61,10,13,0.0565,Champions,Grow & reward
C14298,733.0682,800.73,3,10,0.1538,Steady Regulars,Grow & reward
C00074,732.6762,3115.64,19,63,0.1679,Champions,Grow & reward
C07656,731.9714,1768.18,19,18,0.0547,Champions,Grow & reward
C00512,731.9111,287.19,3,27,0.1567,Steady Regulars,Grow & reward
C07975,731.8522,827.99,16,21,0.1978,Champions,Grow & reward
C01774,731.7939,1100.89,28,47,0.1708,Champions,Grow & reward
C05001,731.7361,1294.43,11,6,0.1323,Champions,Grow & reward
C14082,731.4773,556.81,32,12,0.1327,Champions,Grow & reward
C06859,731.3501,808.4,9,18,0.081,Champions,Grow & reward
C09801,730.1167,1439.44,24,17,0.1287,Champions,Grow & reward
C14676,729.9762,1720.28,11,27,0.1087,Champions,Grow & reward
C02930,729.634,1034.2,6,19,0.1111,Steady Regulars,Grow & reward
C00043,727.295,2009.53,17,35,0.1317,Champions,Grow & reward
C04277,726.9669,1373.74,7,8,0.1827,Champions,Grow & reward
C07815,726.8135,1892.72,14,3,0.1263,Champions,Grow & reward
C11340,726.7752,1040.16,7,49,0.1549,Champions,Grow & reward
C12485,726.5942,1946.17,13,12,0.0676,Champions,Grow & reward
C04074,726.399,1350.75,11,43,0.2464,Champions,Grow & reward
C05642,725.879,341.48,20,13,0.1117,Champions,Grow & reward
C11492,725.1294,711.1,9,4,0.0494,Champions,Grow & reward
C13912,724.9884,1089.01,6,21,0.1292,Steady Regulars,Grow & reward
C10678,724.5447,830.71,23,19,0.1797,Champions,Grow & reward
C16502,724.4358,1334.08,21,18,0.1662,Champions,Grow & reward
C17181,723.9671,1854.88,18,3,0.1164,Champions,Grow & reward
C12124,723.1334,992.67,13,18,0.1019,Champions,Grow & reward
C01232,721.9651,774.89,5,27,0.2172,Steady Regulars,Grow & reward
C08923,721.9201,2102.67,22,14,0.092,Champions,Grow & reward
C10378,721.7731,1171.12,21,8,0.0426,Champions,Grow & reward
C03740,721.3046,1429.43,25,1,0.1383,Champions,Grow & reward
C04273,719.0433,1090.93,28,24,0.15,Champions,Grow & reward
C01251,718.9921,1444.72,13,14,0.108,Champions,Grow & reward
C10418,718.7078,1226.22,32,81,0.199,Champions,Grow & reward
C07769,716.7313,285.92,2,10,0.2269,Deal Hunters,Grow & reward
C10938,716.5184,1176.07,16,57,0.2537,Champions,Grow & reward
C13188,716.2263,1894.91,25,1,0.0944,Champions,Grow & reward
C13639,716.1045,2878.91,30,103,0.3559,Champions,Protect
C17447,716.0343,794.81,35,12,0.0849,Champions,Grow & reward
C01471,715.9337,569.92,10,49,0.1919,Champions,Grow & reward
C14722,715.174,1042.03,30,47,0.1519,Champions,Grow & reward
C16856,714.4947,1200.89,5,14,0.1203,Steady Regulars,Grow & reward
C13290,713.7321,538.92,3,17,0.2001,Steady Regulars,Grow & reward
C02880,713.3435,446.6,3,2,0.1847,Champions,Grow & reward
C14391,712.846,810.91,12,35,0.1774,Champions,Grow & reward
C10625,712.6815,1113.04,8,14,0.1326,Champions,Grow & reward
C06345,712.0737,1764.64,22,9,0.1023,Champions,Grow & reward
C13533,712.0314,1408.25,25,15,0.1122,Champions,Grow & reward
C06538,711.5171,735.63,27,44,0.111,Champions,Grow & reward
C06023,711.4756,537.03,3,19,0.1956,Steady Regulars,Grow & reward
C07408,710.719,1183.04,7,47,0.1951,Champions,Grow & reward
C13637,710.4154,2363.71,42,81,0.2322,Champions,Grow & reward
C05165,710.3433,1148.75,17,26,0.1076,Champions,Grow & reward
C02439,708.726,771.96,2,2,0.2319,Steady Regulars,Grow & reward
C13795,708.388,942.46,7,4,0.1327,Champions,Grow & reward
C10003,708.2007,1034.74,32,17,0.0938,Champions,Grow & reward
C16229,708.1338,1308.5,11,13,0.1007,Champions,Grow & reward
C04059,707.7519,2431.28,15,12,0.1209,Champions,Grow & reward
C16952,707.5209,998.7,37,13,0.0646,Champions,Grow & reward
C07159,707.3822,1101.18,29,70,0.1552,Champions,Grow & reward
C06050,707.1604,2021.72,20,86,0.2486,Champions,Grow & reward
C15803,707.1536,1837.19,25,18,0.1011,Champions,Grow & reward
C15810,706.9971,1195.83,29,19,0.1015,Champions,Grow & reward
C14581,706.7782,1126.01,37,19,0.0632,Champions,Grow & reward
C13817,706.7454,1352.55,30,22,0.0978,Champions,Grow & reward
C13485,706.5795,309.96,2,21,0.2887,Steady Regulars,Grow & reward
C04581,706.4686,1702.41,15,36,0.1373,Champions,Grow & reward
C06983,705.5839,197.8,2,1,0.3457,Deal Hunters,Protect
C11185,705.3146,2077.98,12,32,0.1746,Champions,Grow & reward
C11128,704.8515,1068.45,8,33,0.1768,Steady Regulars,Grow & reward
C05955,704.6934,1436.23,11,4,0.1163,Champions,Grow & reward
C16598,704.5111,1388.0,11,36,0.1417,Champions,Grow & reward
C07430,703.3263,1505.33,22,28,0.1578,Champions,Grow & reward
C02086,702.7107,1440.55,23,24,0.1632,Champions,Grow & reward
C09709,702.4945,147.96,2,8,0.3355,New & Promising,Protect
C04707,702.1378,916.79,13,5,0.0957,Champions,Grow & reward
C10946,700.3106,3099.67,41,120,0.6916,Champions,Protect
C07995,699.6533,1855.15,9,47,0.2087,Steady Regulars,Grow & reward
C03615,699.5838,1204.23,31,20,0.1006,Champions,Grow & reward
C00310,699.0483,103.96,2,27,0.4017,New & Promising,Protect
C08811,698.7926,319.76,2,17,0.2457,New & Promising,Grow & reward
C01517,698.744,658.6,6,17,0.2055,Steady Regulars,Grow & reward
C05459,698.6805,1121.73,19,22,0.1687,Champions,Grow & reward
C00723,698.539,1992.97,31,115,0.7279,Champions,Protect
C08234,698.1979,1679.4,8,94,0.2107,Champions,Grow & reward
C05756,698.0904,934.96,15,34,0.1355,Champions,Grow & reward
C05997,697.811,889.07,16,13,0.0681,Champions,Grow & reward
C17922,697.5223,769.83,25,18,0.1043,Champions,Grow & reward
C03720,697.0769,894.34,30,4,0.0642,Champions,Grow & reward
C09385,695.3828,929.23,6,24,0.1277,Steady Regulars,Grow & reward
C12094,695.3234,679.78,8,13,0.1035,Champions,Grow & reward
C02360,694.7735,1495.2,13,9,0.1124,Champions,Grow & reward
C10007,694.4543,393.35,28,4,0.0987,Champions,Grow & reward
C16352,693.8106,153.75,3,6,0.2171,Deal Hunters,Grow & reward
C04468,693.6747,490.92,3,24,0.1278,Steady Regulars,Grow & reward
C11434,693.5178,103.34,2,13,0.4027,Deal Hunters,Protect
C04965,693.2767,1057.7,5,17,0.1852,Steady Regulars,Grow & reward
C00641,693.1106,660.91,5,9,0.0913,Steady Regulars,Grow & reward
C17521,692.8275,385.87,3,25,0.2453,Steady Regulars,Grow & reward
C17925,692.5161,1610.79,21,8,0.1179,Champions,Grow & reward
C05111,691.7598,1302.22,17,17,0.0673,Champions,Grow & reward
C05843,691.2988,1596.03,14,3,0.1177,Champions,Grow & reward
C08624,689.7167,1292.34,7,40,0.1962,Steady Regulars,Grow & reward
C16058,689.6803,795.24,19,4,0.1282,Champions,Grow & reward
C11608,688.724,525.67,20,29,0.1341,Champions,Grow & reward
C17880,688.2553,1593.95,20,2,0.0979,Champions,Grow & reward
C17412,687.6854,1204.83,21,5,0.109,Champions,Grow & reward
C10091,686.6335,1208.62,4,24,0.1868,Steady Regulars,Grow & reward
C05587,686.5239,688.47,8,2,0.1339,Champions,Grow & reward
C02026,686.1969,1683.01,22,1,0.1341,Champions,Grow & reward
C15397,686.0596,910.92,3,55,0.3251,Steady Regulars,Protect
C02091,685.7323,1651.45,26,17,0.1745,Champions,Grow & reward
C15811,685.6284,528.1,4,10,0.0594,Steady Regulars,Grow & reward
C15388,685.2319,1541.19,23,6,0.0862,Champions,Grow & reward
C10840,685.2239,1212.48,5,40,0.1864,Steady Regulars,Grow & reward
C06693,685.2026,1658.51,12,76,0.1491,Champions,Grow & reward
C13634,685.046,1085.9,5,19,0.1434,Steady Regulars,Grow & reward
C17273,684.0974,1422.02,12,53,0.1812,Champions,Grow & reward
C08203,683.9976,1415.78,23,1,0.1423,Champions,Grow & reward
C07211,683.6931,1825.4,18,58,0.2516,Champions,Grow & reward
C04518,683.6175,1296.3,24,13,0.119,Champions,Grow & reward
C07183,682.4878,244.78,5,1,0.1592,Deal Hunters,Grow & reward
C10515,681.9956,1394.18,24,40,0.1672,Champions,Grow & reward
C08293,681.8118,881.42,26,13,0.1105,Champions,Grow & reward
C17029,681.618,1151.71,12,6,0.072,Champions,Grow & reward
C07817,681.5839,1517.91,22,4,0.1154,Champions,Grow & reward
C05307,680.8015,314.95,2,22,0.2293,Steady Regulars,Grow & reward
C16394,680.1651,672.48,12,13,0.1558,Champions,Grow & reward
C05271,680.0918,991.23,29,41,0.1697,Champions,Grow & reward
C06053,680.0591,1748.18,24,20,0.0655,Champions,Grow & reward
C15930,679.2997,794.85,7,19,0.1651,Champions,Grow & reward
C10049,678.8759,1141.4,9,43,0.1406,Champions,Grow & reward
C14549,678.7345,823.24,7,11,0.0705,Champions,Grow & reward
C06218,678.1777,1033.72,28,45,0.1402,Champions,Grow & reward
C15033,678.1661,746.76,10,24,0.0954,Champions,Grow & reward
C14477,678.1003,1478.95,9,20,0.1059,Champions,Grow & reward
C00975,678.0752,333.12,2,11,0.2377,Steady Regulars,Grow & reward
C03058,677.9503,707.35,4,14,0.1305,Steady Regulars,Grow & reward
C05572,677.7247,1845.54,6,14,0.2108,Champions,Grow & reward
C06458,676.5941,1101.85,16,63,0.2442,Champions,Grow & reward
C17212,676.2838,886.0,6,27,0.1887,Steady Regulars,Grow & reward
C05788,676.2397,1307.79,15,74,0.2955,Champions,Grow & reward
C03427,675.3214,1438.0,8,30,0.2328,Champions,Grow & reward
C11140,675.2277,1194.69,23,13,0.0745,Champions,Grow & reward
C04944,675.1941,844.43,8,47,0.1927,Steady Regulars,Grow & reward
C03620,674.9462,1594.45,30,4,0.0401,Champions,Grow & reward
C00612,674.4963,648.07,2,36,0.2054,Steady Regulars,Grow & reward
C06607,674.1051,869.23,28,21,0.0869,Champions,Grow & reward
C01941,673.3644,1102.85,4,70,0.2982,Steady Regulars,Grow & reward
C03307,673.099,1727.19,9,55,0.3236,Champions,Protect
C10765,672.0775,1809.55,19,19,0.0937,Champions,Grow & reward
C12332,671.2512,256.92,11,12,0.1531,Champions,Grow & reward
C11830,671.1985,668.02,36,31,0.1258,Champions,Grow & reward
C00548,670.5481,316.95,2,2,0.2891,New & Promising,Grow & reward
C03181,670.1231,1173.05,9,19,0.0946,Champions,Grow & reward
C08272,670.0277,765.77,9,17,0.133,Champions,Grow & reward
C08117,669.9396,1913.64,42,116,0.6568,Champions,Protect
C13357,669.6009,1261.41,26,30,0.1604,Champions,Grow & reward
C14779,669.4823,461.87,5,34,0.1892,Champions,Grow & reward
C16357,668.6824,1556.2,9,20,0.2027,Champions,Grow & reward
C02295,668.0022,779.13,10,12,0.1876,Champions,Grow & reward
C01397,667.8396,1024.71,20,17,0.1715,Champions,Grow & reward
C17977,667.8391,857.15,21,4,0.0738,Champions,Grow & reward
C16125,667.5652,162.98,2,1,0.3308,New & Promising,Protect
C11105,667.5423,46.06,2,13,0.4943,Deal Hunters,Protect
C10299,667.1534,54.99,2,14,0.4286,New & Promising,Protect
C16417,666.649,703.42,14,34,0.1888,Champions,Grow & reward
C09008,664.948,1748.44,23,4,0.1788,Champions,Grow & reward
C05025,664.6771,1098.66,7,8,0.1191,Champions,Grow & reward
C12871,664.637,1529.15,12,38,0.1416,Champions,Grow & reward
C07744,664.254,1259.84,6,39,0.2217,Steady Regulars,Grow & reward
C15582,663.9047,1800.2,18,45,0.2144,Champions,Grow & reward
C12784,663.8634,2106.06,11,32,0.183,Champions,Grow & reward
C01417,663.6437,1189.91,16,11,0.106,Champions,Grow & reward
C07847,661.7541,405.93,2,12,0.2362,Steady Regulars,Grow & reward
C11859,661.1821,1318.99,15,36,0.1825,Champions,Grow & reward
C05767,661.0032,788.9,4,9,0.1454,Steady Regulars,Grow & reward
C01139,659.9388,1787.76,16,96,0.2559,Champions,Grow & reward
C17887,659.4927,1239.05,7,38,0.1518,Steady Regulars,Grow & reward
C14932,659.3517,708.85,38,29,0.1847,Champions,Grow & reward
C17856,659.0775,1254.46,30,28,0.1249,Champions,Grow & reward
C09666,658.815,278.18,5,12,0.1233,Steady Regulars,Grow & reward
C14660,658.5999,1400.85,6,76,0.2419,Steady Regulars,Grow & reward
C11916,658.3923,2191.15,19,30,0.1087,Champions,Grow & reward
C13578,658.3869,1237.7,15,16,0.0788,Champions,Grow & reward
C01500,658.1998,797.43,5,18,0.1662,Steady Regulars,Grow & reward
C04139,658.1403,1574.68,4,78,0.2827,Steady Regulars,Grow & reward
C01908,658.11,594.96,2,19,0.2163,Steady Regulars,Grow & reward
C00886,658.0328,206.94,2,3,0.3035,New & Promising,Protect
C12090,656.3974,166.76,2,2,0.3242,Deal Hunters,Protect
C11177,656.214,1221.3,25,34,0.1111,Champions,Grow & reward
C17738,656.0171,1471.85,17,5,0.1803,Champions,Grow & reward
C15344,655.9211,865.79,6,1,0.1761,Steady Regulars,Grow & reward
C05248,655.3369,442.11,4,20,0.2008,Steady Regulars,Grow & reward
C11224,655.2233,1458.4,18,57,0.2849,Champions,Grow & reward
C00059,654.4753,894.18,7,14,0.1176,Champions,Grow & reward
C11142,654.4523,269.74,2,4,0.2157,New & Promising,Grow & reward
C00543,654.4161,1385.83,18,59,0.3035,Champions,Protect
C07351,654.3243,1247.49,19,5,0.1177,Champions,Grow & reward
C06485,654.0018,844.67,11,17,0.122,Steady Regulars,Grow & reward
C07576,653.9616,168.55,2,1,0.3043,Deal Hunters,Protect
C02818,653.8616,1204.71,12,14,0.0913,Champions,Grow & reward
C14622,653.4757,1288.19,12,1,0.1383,Champions,Grow & reward
C04708,653.0549,982.36,17,16,0.0737,Champions,Grow & reward
C11669,652.8377,225.94,22,6,0.1409,Champions,Grow & reward
C13753,652.3671,874.38,3,19,0.2057,Steady Regulars,Grow & reward
C14498,652.0595,1322.96,19,68,0.1927,Champions,Grow & reward
C17837,652.005,101.98,2,5,0.3789,New & Promising,Protect
C12527,651.8368,1166.0,25,63,0.1974,Champions,Grow & reward
C09060,651.4334,1131.41,10,5,0.0968,Champions,Grow & reward
C08098,649.9376,643.01,6,3,0.1007,Steady Regulars,Grow & reward
C03660,649.8773,928.23,25,68,0.1415,Champions,Grow & reward
C06035,648.583,1197.11,24,17,0.1104,Champions,Grow & reward
C02151,648.4818,1164.78,21,50,0.154,Champions,Grow & reward
C17726,647.5121,1222.39,12,23,0.1454,Champions,Grow & reward
C01081,646.9918,327.67,6,34,0.1702,Steady Regulars,Grow & reward
C16467,646.2943,3097.45,59,86,0.3445,Champions,Protect
C03086,645.4649,1744.22,18,14,0.1272,Champions,Grow & reward
C05127,645.3016,882.07,19,1,0.1682,Champions,Grow & reward
C07455,644.0444,1086.8,11,31,0.167,Champions,Grow & reward
C02173,642.4831,1245.19,24,12,0.0852,Champions,Grow & reward
C09861,641.6132,2725.24,20,33,0.1737,Champions,Grow & reward
C07193,640.131,1452.16,8,33,0.2226,Steady Regulars,Grow & reward
C00437,639.8863,1710.65,12,88,0.2382,Champions,Grow & reward
C12239,639.7022,4001.68,20,10,0.1162,Champions,Grow & reward
C00602,638.6495,951.45,25,4,0.1749,Champions,Grow & reward
C15447,638.6124,416.95,3,18,0.1161,Steady Regulars,Grow & reward
C14098,638.3584,811.79,7,11,0.1116,Steady Regulars,Grow & reward
C01735,637.0448,1801.9,13,22,0.1584,Champions,Grow & reward
C05554,636.7758,1902.03,24,33,0.1629,Champions,Grow & reward
C15392,636.4314,392.93,3,3,0.1169,Steady Regulars,Grow & reward
C01033,636.1863,467.88,8,13,0.1309,Champions,Grow & reward
C10407,635.9859,1606.9,27,113,0.4446,Champions,Protect
C02769,635.7987,1182.95,20,63,0.183,Champions,Grow & reward
C08611,634.8347,366.91,5,8,0.0796,Steady Regulars,Grow & reward
C05698,634.5364,392.52,4,8,0.1014,Steady Regulars,Grow & reward
C17430,632.7733,1558.2,19,26,0.138,Champions,Grow & reward
C10928,632.7343,1971.93,11,62,0.2253,Champions,Grow & reward
C09598,632.3259,2634.48,44,87,0.2781,Champions,Grow & reward
C12176,632.177,1548.52,9,14,0.1594,Champions,Grow & reward
C17693,632.0163,493.48,19,2,0.1471,Champions,Grow & reward
C15699,629.9854,523.91,6,14,0.1209,Steady Regulars,Grow & reward
C16622,629.6678,291.95,3,11,0.1499,New & Promising,Grow & reward
C03563,629.2967,618.58,4,36,0.1171,Steady Regulars,Grow & reward
C16196,629.1785,1442.6,25,16,0.1,Champions,Grow & reward
C15134,628.5187,1702.56,9,36,0.2276,Champions,Grow & reward
C00230,628.1731,2121.23,10,52,0.2841,Champions,Grow & reward
C16747,627.3807,1872.5,27,116,0.4422,Champions,Protect
C01832,627.048,435.79,4,5,0.1296,Steady Regulars,Grow & reward
C10037,626.2514,2325.73,23,5,0.1341,Champions,Grow & reward
C05473,625.7457,861.78,24,38,0.1806,Champions,Grow & reward
C15488,624.8897,907.33,7,6,0.1636,Champions,Grow & reward
C09423,624.5468,1962.21,13,75,0.2543,Champions,Grow & reward
C03784,624.1062,833.06,7,12,0.0912,Steady Regulars,Grow & reward
C11517,623.9523,1216.41,14,30,0.1078,Champions,Grow & reward
C04809,623.8824,79.16,2,10,0.4343,New & Promising,Protect
C12462,623.2867,1133.95,10,16,0.1414,Champions,Grow & reward
C11209,622.9814,959.92,20,48,0.1753,Champions,Grow & reward
C12432,622.6262,563.83,7,39,0.1176,Steady Regulars,Grow & reward
C06689,622.2889,1522.46,13,20,0.0949,Champions,Grow & reward
C02477,622.0274,221.75,4,24,0.1984,New & Promising,Grow & reward
C10085,621.8655,1436.85,15,52,0.1731,Champions,Grow & reward
C12427,621.5323,1218.61,26,41,0.195,Champions,Grow & reward
C13373,621.2363,870.85,6,13,0.173,Steady Regulars,Grow & reward
C11474,620.4669,1623.37,8,53,0.2643,Champions,Grow & reward
C08695,620.2353,1505.78,14,18,0.1237,Champions,Grow & reward
C02564,620.1136,830.22,16,44,0.176,Champions,Grow & reward
C10139,619.9497,1684.35,39,93,0.3269,Champions,Protect
C06220,619.9443,1216.23,8,29,0.2817,Champions,Grow & reward
C08037,619.6385,1228.59,22,8,0.149,Champions,Grow & reward
C05558,619.4527,915.44,24,42,0.1343,Champions,Grow & reward
C07702,619.303,842.85,6,41,0.235,Steady Regulars,Grow & reward
C12858,619.1356,211.88,4,5,0.1443,New & Promising,Grow & reward
C04038,617.5805,279.92,5,1,0.1683,Champions,Grow & reward
C16574,617.5701,688.72,9,21,0.1465,Champions,Grow & reward
C12125,616.6609,290.38,5,31,0.1537,Steady Regulars,Grow & reward
C05188,616.2672,347.71,3,13,0.1319,Steady Regulars,Grow & reward
C06506,615.8774,1020.59,14,13,0.0942,Champions,Grow & reward
C11345,615.4621,1480.36,28,98,0.3711,Champions,Protect
C00737,615.3014,790.25,16,28,0.1436,Champions,Grow & reward
C08818,613.6507,1020.84,19,23,0.0915,Champions,Grow & reward
C09730,613.2454,780.41,5,72,0.2918,Steady Regulars,Grow & reward
C06493,612.8514,428.95,3,44,0.1167,Steady Regulars,Grow & reward
C09303,610.9261,1060.7,8,30,0.1725,Steady Regulars,Grow & reward
C09228,610.6291,1009.84,9,75,0.2652,Steady Regulars,Grow & reward
C06922,610.5553,312.72,4,26,0.1316,Steady Regulars,Grow & reward
C06359,610.4829,3177.68,21,24,0.1245,Champions,Grow & reward
C15249,609.6303,243.54,3,12,0.1277,New & Promising,Grow & reward
C01119,609.3583,2112.31,12,34,0.2082,Champions,Grow & reward
C15909,608.6884,1134.77,5,25,0.1894,Steady Regulars,Grow & reward
C09154,608.559,262.12,3,5,0.1747,Steady Regulars,Grow & reward
C05497,608.3818,1370.15,7,99,0.2957,Steady Regulars,Grow & reward
C07036,608.323,839.18,11,37,0.1461,Champions,Grow & reward
C08738,607.8706,299.91,3,41,0.2271,Steady Regulars,Grow & reward
C06941,607.214,1042.01,25,15,0.0981,Champions,Grow & reward
C02909,606.7976,1221.26,21,11,0.1433,Champions,Grow & reward
C08596,606.6859,266.51,2,13,0.2459,New & Promising,Grow & reward
C17607,606.6606,666.63,5,40,0.2537,Steady Regulars,Grow & reward
C10570,605.9129,1271.03,23,50,0.1571,Champions,Grow & reward
C01564,605.7933,1476.57,8,47,0.2051,Champions,Grow & reward
C07013,605.5123,1623.11,16,32,0.2046,Champions,Grow & reward
C07754,605.5056,482.75,2,29,0.2746,Steady Regulars,Grow & reward
C00864,605.2605,747.25,20,3,0.1358,Champions,Grow & reward
C02688,605.1489,3991.0,81,75,0.3257,Champions,Protect
C10787,604.9291,1179.41,23,20,0.0938,Champions,Grow & reward
C11580,603.5411,1278.71,8,3,0.187,Champions,Grow & reward
C16679,603.3752,903.88,6,48,0.2532,Steady Regulars,Grow & reward
C09088,603.1815,1275.05,8,21,0.1279,Champions,Grow & reward
C11171,603.1368,1075.25,8,24,0.2133,Champions,Grow & reward
C05953,602.5697,782.1,3,34,0.2427,Steady Regulars,Grow & reward
C06513,601.4759,561.94,23,7,0.1363,Champions,Grow & reward
C15687,600.6889,740.56,6,33,0.1934,Steady Regulars,Grow & reward
C13235,600.0391,755.92,17,63,0.2703,Champions,Grow & reward
C01176,599.784,703.03,12,4,0.1464,Champions,Grow & reward
C15371,599.5361,2253.18,19,43,0.1795,Champions,Grow & reward
C01173,599.3901,1170.84,12,14,0.0816,Champions,Grow & reward
C05726,598.7867,1020.82,8,3,0.189,Champions,Grow & reward
C03284,598.6358,1300.69,13,99,0.3495,Champions,Protect
C08417,598.4408,1168.97,29,83,0.3009,Champions,Protect
C05637,598.3092,2135.24,37,95,0.2992,Champions,Grow & reward
C11247,597.7193,947.54,21,12,0.1229,Champions,Grow & reward
C08573,597.5314,398.92,4,17,0.173,Steady Regulars,Grow & reward
C14607,595.7049,1152.57,25,11,0.099,Champions,Grow & reward
C09663,595.2752,1666.94,26,30,0.1506,Champions,Grow & reward
C13821,595.0165,422.14,3,21,0.1599,Steady Regulars,Grow & reward
C10968,595.0088,403.69,2,18,0.2329,Steady Regulars,Grow & reward
C08956,594.737,907.93,26,30,0.1305,Champions,Grow & reward
C02012,594.5511,3252.01,44,79,0.323,Champions,Protect
C02894,593.8457,781.12,15,45,0.1374,Champions,Grow & reward
C13461,593.8027,1337.27,14,12,0.2129,Champions,Grow & reward
C11659,593.7848,1823.55,23,10,0.1397,Champions,Grow & reward
C13725,593.538,708.74,16,14,0.1905,Champions,Grow & reward
C15158,593.3797,1301.87,23,90,0.2482,Champions,Grow & reward
C16541,592.8784,2190.85,16,1,0.1866,Champions,Grow & reward
C16661,592.8722,369.69,18,15,0.1005,Champions,Grow & reward
C11393,592.6312,733.65,8,2,0.1809,Champions,Grow & reward
C07969,591.8768,2064.8,18,17,0.1125,Champions,Grow & reward
C09581,591.8524,1533.2,14,1,0.2223,Champions,Grow & reward
C16829,591.637,1508.18,24,4,0.1686,Champions,Grow & reward
C16960,590.7809,623.28,4,15,0.1381,Steady Regulars,Grow & reward
C06894,590.2632,555.72,3,13,0.1179,Steady Regulars,Grow & reward
C11181,590.0522,724.5,24,19,0.1315,Champions,Grow & reward
C12034,589.8887,661.31,5,2,0.1367,Champions,Grow & reward
C02298,588.5507,757.51,26,28,0.1082,Champions,Grow & reward
C06253,588.0426,937.37,21,54,0.1924,Champions,Grow & reward
C02761,587.9607,828.82,12,34,0.1868,Champions,Grow & reward
C06273,587.6623,1738.03,13,85,0.2446,Champions,Grow & reward
C08890,586.4189,309.12,4,17,0.1565,Steady Regulars,Grow & reward
C11389,586.2385,770.42,6,8,0.1578,Champions,Grow & reward
C15191,586.1664,2316.92,19,40,0.1469,Champions,Grow & reward
C14991,585.4273,745.8,23,74,0.1731,Champions,Grow & reward
C16372,584.853,1289.74,17,15,0.1717,Champions,Grow & reward
C17253,584.6741,953.91,2,10,0.1757,Steady Regulars,Grow & reward
C00277,584.1287,1411.37,7,4,0.1891,Deal Hunters,Grow & reward
C04788,583.8145,169.43,26,44,0.2164,Champions,Grow & reward
C07531,583.6939,1182.82,36,72,0.2076,Champions,Grow & reward
C00272,583.6563,2467.92,21,21,0.1271,Champions,Grow & reward
C13400,583.2489,395.05,5,24,0.1634,Steady Regulars,Grow & reward
C16206,582.1705,2010.52,22,90,0.1806,Champions,Grow & reward
C01515,581.9851,462.51,2,24,0.2326,Steady Regulars,Grow & reward
C02375,581.4526,503.94,22,48,0.2136,Champions,Grow & reward
C01781,581.3898,672.3,4,59,0.301,Steady Regulars,Protect
C13993,580.5489,1483.86,17,20,0.1391,Champions,Grow & reward
C09087,580.363,2092.11,19,85,0.2109,Champions,Grow & reward
C13676,579.9738,1514.89,22,72,0.2078,Champions,Grow & reward
C15520,579.706,1089.84,26,114,0.5145,Champions,Protect
C14826,579.5304,815.09,5,59,0.2477,Steady Regulars,Grow & reward
C15756,579.3283,1018.65,25,102,0.3365,Champions,Protect
C14978,577.9141,1413.22,17,54,0.2516,Champions,Grow & reward
C14123,577.8779,159.63,3,17,0.2198,New & Promising,Grow & reward
C06807,577.8341,778.27,13,1,0.1885,Champions,Grow & reward
C06911,577.572,1078.75,5,33,0.1972,Steady Regulars,Grow & reward
C01249,577.4634,1229.33,6,32,0.2195,Steady Regulars,Grow & reward
C04588,577.068,388.71,4,14,0.1253,Steady Regulars,Grow & reward
C14050,575.9078,948.22,5,49,0.2814,Steady Regulars,Grow & reward
C16689,575.4052,193.96,3,25,0.3087,Steady Regulars,Protect
C00637,574.3673,139.97,2,5,0.3627,New & Promising,Protect
C09609,574.3458,1100.9,3,6,0.1219,Steady Regulars,Grow & reward
C16974,574.1772,404.21,5,32,0.2262,Steady Regulars,Grow & reward
C00480,574.1745,1314.91,11,34,0.1954,Champions,Grow & reward
C15813,573.8652,1695.94,14,69,0.23,Champions,Grow & reward
C03995,573.4131,2071.12,12,83,0.2081,Champions,Grow & reward
C09672,573.2826,113.25,3,16,0.2989,Deal Hunters,Grow & reward
C06512,573.0319,1371.1,18,37,0.1881,Champions,Grow & reward
C09064,572.5173,1793.29,23,25,0.1294,Champions,Grow & reward
C09139,572.1768,589.83,18,4,0.1491,Champions,Grow & reward
C10490,571.7396,886.22,5,26,0.1782,Steady Regulars,Grow & reward
C16019,571.7358,233.65,4,10,0.1404,New & Promising,Grow & reward
C01025,571.6842,1145.94,9,18,0.123,Champions,Grow & reward
C13757,571.2592,986.24,12,36,0.2972,Champions,Grow & reward
C16260,571.1764,874.65,7,34,0.1761,Steady Regulars,Grow & reward
C05143,571.0207,1015.82,17,22,0.1292,Champions,Grow & reward
C17443,570.9788,1007.74,8,13,0.1972,Champions,Grow & reward
C02562,570.957,494.89,5,8,0.1034,Champions,Grow & reward
C04300,570.6998,971.94,1,46,0.5693,Steady Regulars,Protect
C00190,570.4878,1250.95,31,105,0.3806,Champions,Protect
C10487,570.1589,1028.67,8,5,0.1406,Champions,Grow & reward
C08164,570.081,165.72,2,33,0.4088,Deal Hunters,Protect
C17966,569.7093,613.92,4,27,0.143,Steady Regulars,Grow & reward
C04696,569.3895,378.94,3,24,0.1511,Steady Regulars,Grow & reward
C09741,569.116,1774.29,22,104,0.5585,Champions,Protect
C10303,568.9527,978.45,24,22,0.108,Champions,Grow & reward
C07810,568.8834,1351.64,29,103,0.3779,Champions,Protect
C08593,568.6933,235.93,3,4,0.1384,New & Promising,Grow & reward
C11676,567.9969,1212.76,6,18,0.1612,Champions,Grow & reward
C00467,567.9287,1308.38,12,12,0.1816,Champions,Grow & reward
C02352,567.7361,741.52,15,4,0.1675,Champions,Grow & reward
C02303,567.5559,1373.7,10,18,0.1949,Champions,Grow & reward
C17550,566.4894,1044.43,21,6,0.0785,Champions,Grow & reward
C06691,565.9914,1374.55,11,5,0.1256,Champions,Grow & reward
C12774,565.5813,690.27,22,13,0.1328,Champions,Grow & reward
C02743,565.4672,1281.14,21,26,0.1213,Champions,Grow & reward
C05590,565.4515,1391.2,24,8,0.1621,Champions,Grow & reward
C10552,565.2916,1206.43,8,30,0.2502,Steady Regulars,Grow & reward
C13402,564.5564,615.39,6,26,0.2097,Champions,Grow & reward
C12374,564.5358,55.98,1,7,0.5052,New & Promising,Protect
C09916,564.4282,2830.32,18,36,0.1212,Champions,Grow & reward
C15483,564.0816,751.28,27,87,0.2133,Champions,Grow & reward
C13748,563.7015,429.94,3,34,0.166,Steady Regulars,Grow & reward
C01893,563.1721,391.91,20,5,0.1448,Champions,Grow & reward
C16556,563.1276,163.12,2,14,0.302,New & Promising,Protect
C00022,562.4987,525.96,2,4,0.2507,Steady Regulars,Grow & reward
C09235,562.2766,405.26,24,11,0.1272,Champions,Grow & reward
C00644,561.8405,823.91,6,6,0.2387,Champions,Grow & reward
C05344,561.7905,637.46,23,17,0.0992,Champions,Grow & reward
C01370,561.6416,859.59,19,10,0.1701,Champions,Grow & reward
C03326,561.5846,563.82,4,51,0.1401,Steady Regulars,Grow & reward
C02293,561.3622,1069.41,19,25,0.1298,Champions,Grow & reward
C02384,561.106,2428.0,51,108,0.603,Champions,Protect
C09299,561.0982,1608.3,18,1,0.1498,Champions,Grow & reward
C06461,560.9218,1751.75,22,10,0.1211,Champions,Grow & reward
C10885,560.6796,301.9,25,23,0.1441,Champions,Grow & reward
C16139,560.6014,857.99,25,11,0.0835,Champions,Grow & reward
C01386,559.4933,1284.58,21,33,0.1215,Champions,Grow & reward
C03194,559.3594,321.95,2,28,0.2712,Steady Regulars,Grow & reward
C16826,559.1181,1272.59,22,21,0.1837,Champions,Grow & reward
C15961,558.6883,492.92,4,26,0.1128,Steady Regulars,Grow & reward
C16730,558.501,1006.59,22,9,0.1072,Champions,Grow & reward
C07438,558.412,2180.29,15,5,0.1119,Champions,Grow & reward
C00088,557.438,434.81,6,28,0.2482,Steady Regulars,Grow & reward
C10051,557.0693,3273.83,12,8,0.152,Champions,Grow & reward
C04491,556.9497,1388.74,21,17,0.1801,Champions,Grow & reward
C07247,556.8292,1093.67,5,19,0.2057,Steady Regulars,Grow & reward
C03003,556.4995,780.27,20,50,0.1584,Champions,Grow & reward
C17667,555.9854,524.89,11,57,0.3211,Champions,Protect
C17413,555.8006,725.92,10,7,0.2236,Champions,Grow & reward
C02542,555.5707,866.93,9,50,0.2778,Steady Regulars,Grow & reward
C08741,555.1109,894.92,3,35,0.2317,Steady Regulars,Grow & reward
C03331,554.6639,399.12,2,14,0.2529,Steady Regulars,Grow & reward
C01146,554.5568,404.52,3,18,0.1898,Steady Regulars,Grow & reward
C17952,554.3451,1959.62,19,11,0.1273,Champions,Grow & reward
C06138,554.1146,1779.91,16,13,0.2058,Champions,Grow & reward
C06547,553.3126,237.9,26,67,0.2269,Champions,Grow & reward
C08023,552.5479,2559.11,21,2,0.1376,Champions,Grow & reward
C00369,552.4012,943.33,17,2,0.1331,Champions,Grow & reward
C12145,552.2892,2223.39,17,3,0.158,Champions,Grow & reward
C02811,552.1591,530.93,3,68,0.3406,Steady Regulars,Protect
C01022,551.2285,529.73,16,17,0.1908,Champions,Grow & reward
C14475,550.8139,2030.84,19,26,0.1656,Champions,Grow & reward
C01591,550.1416,1326.31,21,31,0.0994,Champions,Grow & reward
C06468,549.7884,1180.43,6,8,0.1397,Champions,Grow & reward
C04084,549.641,1704.36,15,12,0.1754,Champions,Grow & reward
C00374,549.0603,101.66,2,11,0.3599,Deal Hunters,Protect
C03485,548.9702,1239.82,14,12,0.1515,Champions,Grow & reward
C08845,548.461,1002.68,19,13,0.1086,Champions,Grow & reward
C11266,548.2318,319.31,2,19,0.2579,Deal Hunters,Grow & reward
C05513,547.9752,857.59,5,27,0.2141,Steady Regulars,Grow & reward
C00650,547.9207,1242.91,7,17,0.1671,Champions,Grow & reward
C00957,547.0098,2619.6,19,13,0.1261,Champions,Grow & reward
C01259,546.8497,1269.53,16,6,0.1318,Champions,Grow & reward
C14875,546.4277,898.79,20,3,0.1174,Champions,Grow & reward
C14472,546.0574,589.68,18,17,0.1902,Champions,Grow & reward
C03718,545.5811,508.83,21,59,0.2023,Champions,Grow & reward
C07085,545.4877,936.37,4,14,0.2112,Steady Regulars,Grow & reward
C14386,545.0453,1595.19,15,31,0.1506,Champions,Grow & reward
C01996,545.034,2214.07,7,12,0.2405,Champions,Grow & reward
C07070,544.9214,436.95,18,19,0.1091,Champions,Grow & reward
C09886,544.8714,902.92,2,59,0.2837,Steady Regulars,Grow & reward
C08480,544.772,1466.83,14,19,0.1816,Champions,Grow & reward
C10468,544.6908,671.08,4,17,0.1652,Steady Regulars,Grow & reward
C06601,544.3985,1052.63,6,30,0.2369,Champions,Grow & reward
C01293,544.3153,1314.38,19,17,0.1221,Champions,Grow & reward
C15487,544.2195,1234.75,23,2,0.1331,Champions,Grow & reward
C11392,543.528,1085.16,20,33,0.1117,Champions,Grow & reward
C13084,543.4559,1887.8,15,20,0.1283,Champions,Grow & reward
C14406,543.2018,305.66,18,4,0.1415,Champions,Grow & reward
C09679,543.054,891.55,7,68,0.2186,Steady Regulars,Grow & reward
C17295,542.8917,778.86,15,45,0.2191,Champions,Grow & reward
C06040,542.2711,1276.99,9,110,0.3908,Steady Regulars,Protect
C06203,542.1972,1235.85,22,13,0.1284,Champions,Grow & reward
C15351,540.5958,1885.6,15,1,0.1841,Champions,Grow & reward
C05517,540.3133,1137.24,9,26,0.2189,Champions,Grow & reward
C15274,540.1313,2649.98,15,16,0.1218,Champions,Grow & reward
C03602,540.0305,469.49,6,8,0.1937,Steady Regulars,Grow & reward
C15682,539.5288,362.91,3,15,0.1869,Steady Regulars,Grow & reward
C05077,539.4083,173.85,3,18,0.2378,New & Promising,Grow & reward
C02028,537.8979,1126.53,6,35,0.235,Steady Regulars,Grow & reward
C04817,537.8802,357.92,20,6,0.1632,Champions,Grow & reward
C01565,537.5896,382.53,4,37,0.2655,Deal Hunters,Grow & reward
C17442,536.8928,914.05,10,33,0.2376,Champions,Grow & reward
C10338,536.6011,554.01,15,31,0.1998,Champions,Grow & reward
C01436,536.3791,1206.57,22,83,0.2549,Champions,Grow & reward
C15238,536.2306,215.75,3,24,0.2354,New & Promising,Grow & reward
C01684,536.1035,1169.53,22,35,0.1158,Champions,Grow & reward
C03011,536.0951,1688.39,10,1,0.2884,Champions,Grow & reward
C12955,535.64,2201.37,21,19,0.1675,Champions,Grow & reward
C16179,534.7631,773.94,18,2,0.1328,Champions,Grow & reward
C09473,534.6686,1455.51,21,65,0.1685,Champions,Grow & reward
C04190,534.5008,833.84,10,21,0.2789,Champions,Grow & reward
C01361,534.2677,1430.81,6,6,0.159,Steady Regulars,Grow & reward
C05561,534.2317,254.25,4,22,0.1708,New & Promising,Grow & reward
C06651,533.9554,384.93,3,11,0.1493,Steady Regulars,Grow & reward
C05898,533.9434,1391.49,7,47,0.2276,Steady Regulars,Grow & reward
C02088,533.6706,258.96,12,9,0.2004,Champions,Grow & reward
C02714,533.6318,802.29,4,11,0.2287,Steady Regulars,Grow & reward
C12273,533.4726,1269.95,24,25,0.2093,Champions,Grow & reward
C06711,533.4505,866.9,4,2,0.2579,Steady Regulars,Grow & reward
C04795,533.0874,2546.37,19,121,0.4376,Champions,Protect
C05826,532.2187,766.28,12,16,0.2072,Champions,Grow & reward
C09534,532.0989,222.99,5,11,0.2382,Steady Regulars,Grow & reward
C16902,532.0322,1346.27,21,35,0.163,Champions,Grow & reward
C09847,531.4006,344.93,16,6,0.1482,Champions,Grow & reward
C13354,531.3274,948.53,10,3,0.176,Champions,Grow & reward
C14529,531.2523,811.87,6,74,0.2665,Steady Regulars,Grow & reward
C17735,531.225,452.99,1,5,0.6213,New & Promising,Protect
C10064,531.1817,175.95,2,5,0.322,New & Promising,Protect
C16350,531.1359,259.3,26,73,0.1861,Champions,Grow & reward
C15129,531.1351,974.8,9,28,0.2271,Champions,Grow & reward
C14899,531.1278,509.38,3,19,0.1993,Steady Regulars,Grow & reward
C09628,530.4272,858.91,4,12,0.1981,Steady Regulars,Grow & reward
C01769,530.2581,523.6,17,36,0.1532,Champions,Grow & reward
C00118,530.1249,632.91,2,19,0.2016,Steady Regulars,Grow & reward
C06708,530.0733,325.97,2,24,0.2886,New & Promising,Grow & reward
C04490,529.9563,433.95,17,27,0.1982,Champions,Grow & reward
C13054,529.7708,999.78,9,1,0.1915,Champions,Grow & reward
C02756,529.5703,565.95,2,32,0.2555,Steady Regulars,Grow & reward
C13070,529.0306,1072.82,23,47,0.1763,Champions,Grow & reward
C15740,529.0155,1149.02,11,17,0.1625,Champions,Grow & reward
C09533,528.9784,439.72,4,1,0.2461,Deal Hunters,Grow & reward
C10548,528.8326,1011.58,21,2,0.112,Champions,Grow & reward
C04018,528.3992,1383.87,12,21,0.1962,Champions,Grow & reward
C12718,528.1146,2165.91,19,35,0.2075,Champions,Grow & reward
C05863,528.0241,2327.78,7,20,0.2286,Champions,Grow & reward
C13802,527.8412,370.74,4,31,0.2706,Steady Regulars,Grow & reward
C15264,527.5774,358.95,3,5,0.1971,Steady Regulars,Grow & reward
C05627,527.3568,2485.15,7,23,0.2141,Champions,Grow & reward
C09150,526.8096,445.9,4,3,0.1987,Steady Regulars,Grow & reward
C12157,526.7546,1380.42,13,30,0.1898,Champions,Grow & reward
C13667,526.32,1747.83,21,15,0.1543,Champions,Grow & reward
C04873,526.2403,794.36,5,33,0.1993,Steady Regulars,Grow & reward
C04021,526.202,1355.98,20,30,0.1179,Champions,Grow & reward
C03522,526.0168,1462.23,16,30,0.1919,Champions,Grow & reward
C05760,524.9111,1226.99,15,4,0.1945,Champions,Grow & reward
C02271,523.6655,920.86,8,61,0.1914,Steady Regulars,Grow & reward
C07696,523.1573,838.89,6,1,0.1998,Champions,Grow & reward
C00678,523.1205,784.89,4,47,0.246,Steady Regulars,Grow & reward
C12212,523.1135,842.9,21,63,0.1874,Champions,Grow & reward
C09023,522.6815,229.55,3,9,0.1628,New & Promising,Grow & reward
C03295,521.9939,1117.33,10,29,0.2439,Champions,Grow & reward
C06838,521.9298,970.88,20,66,0.1898,Champions,Grow & reward
C06823,521.913,200.88,4,43,0.2288,New & Promising,Grow & reward
C09056,521.801,1416.08,9,61,0.339,Champions,Protect
C11826,521.4587,309.23,3,51,0.2657,Steady Regulars,Grow & reward
C10562,521.432,1283.77,19,16,0.1256,Champions,Grow & reward
C12497,521.4281,357.12,20,62,0.207,Champions,Grow & reward
C15219,521.0879,750.5,16,36,0.2605,Champions,Grow & reward
C08562,520.9641,1093.17,15,1,0.1989,Champions,Grow & reward
C14687,520.8589,827.74,16,6,0.1225,Champions,Grow & reward
C02145,520.8375,696.77,17,16,0.1241,Champions,Grow & reward
C05777,519.7839,876.69,3,6,0.1796,Steady Regulars,Grow & reward
C02465,519.6827,1290.86,5,11,0.1941,Steady Regulars,Grow & reward
C00758,519.3633,1469.84,6,80,0.3085,Steady Regulars,Protect
C13739,519.081,932.29,8,28,0.2174,Champions,Grow & reward
C06670,518.9416,1367.8,21,42,0.1331,Champions,Grow & reward
C09477,518.87,444.74,10,4,0.1683,Champions,Grow & reward
C17716,518.1264,1399.09,12,68,0.189,Champions,Grow & reward
C08780,517.8899,1230.24,7,3,0.2041,Champions,Grow & reward
C09058,517.6394,57.98,1,3,0.5201,New & Promising,Protect
C00078,517.4668,3014.11,11,29,0.2121,Champions,Grow & reward
C15102,517.0084,654.92,4,1,0.1977,Steady Regulars,Grow & reward
C12413,516.7911,1074.88,4,15,0.2393,Steady Regulars,Grow & reward
C07372,516.5162,1242.06,17,39,0.1301,Champions,Grow & reward
C04453,516.5036,516.25,18,27,0.1851,Champions,Grow & reward
C04447,516.4985,1075.66,8,22,0.1831,Champions,Grow & reward
C10077,516.1875,614.95,2,11,0.2262,Steady Regulars,Grow & reward
C17251,515.6305,920.47,3,2,0.1811,Steady Regulars,Grow & reward
C07963,514.4943,157.16,2,20,0.4129,New & Promising,Protect
C16479,513.7424,2065.33,11,30,0.172,Champions,Grow & reward
C10255,513.5897,568.72,34,82,0.2378,Champions,Grow & reward
C04429,513.3834,504.22,2,15,0.1963,Steady Regulars,Grow & reward
C11713,513.3015,808.75,18,32,0.1359,Champions,Grow & reward
C06738,513.0855,1378.89,8,34,0.213,Champions,Grow & reward
C03245,512.9816,679.24,22,5,0.158,Champions,Grow & reward
C16463,512.0541,506.89,6,43,0.1579,Steady Regulars,Grow & reward
C00944,511.9498,701.01,6,32,0.2502,Steady Regulars,Grow & reward
C08026,511.6631,1853.43,13,65,0.2584,Champions,Grow & reward
C09161,511.3652,1271.17,10,20,0.1736,Champions,Grow & reward
C06063,511.2169,428.94,2,41,0.2596,Steady Regulars,Grow & reward
C04156,511.0159,1300.2,19,63,0.2068,Champions,Grow & reward
C00240,510.7403,615.71,20,26,0.1347,Champions,Grow & reward
C13855,510.631,1110.47,19,10,0.1018,Champions,Grow & reward
C09377,510.4731,456.82,4,23,0.1312,Steady Regulars,Grow & reward
C09576,510.4227,622.2,9,1,0.216,Champions,Grow & reward
C13221,510.2282,2005.99,14,59,0.2363,Champions,Grow & reward
C07325,509.7985,695.68,5,35,0.237,Steady Regulars,Grow & reward
C05560,508.9954,198.97,3,15,0.2164,New & Promising,Grow & reward
C01675,508.4409,964.77,29,84,0.2884,Champions,Grow & reward
C12318,508.2345,44.07,1,36,0.5096,Deal Hunters,Protect
C06149,507.9661,95.76,2,21,0.4205,Deal Hunters,Protect
C08392,507.7531,963.75,9,11,0.1987,Champions,Grow & reward
C03794,507.5314,345.5,3,12,0.2182,Steady Regulars,Grow & reward
C01170,507.3154,796.96,18,34,0.1596,Champions,Grow & reward
C06214,507.2209,771.52,22,35,0.1816,Champions,Grow & reward
C12828,506.6545,79.96,20,31,0.2172,Champions,Grow & reward
C11348,506.438,1281.03,9,9,0.2278,Champions,Grow & reward
C16645,506.4096,3088.25,15,18,0.1594,Champions,Grow & reward
C14035,506.1417,1100.58,13,93,0.3095,Champions,Protect
C10464,505.9294,1027.24,11,3,0.1713,Champions,Grow & reward
C09262,505.714,1397.71,19,12,0.1322,Champions,Grow & reward
C00634,505.6201,1281.82,28,90,0.2282,Champions,Grow & reward
C16950,505.4005,1001.95,1,30,0.6242,Steady Regulars,Protect
C15666,505.2504,1773.78,21,12,0.1156,Champions,Grow & reward
C11814,505.0467,1295.9,7,19,0.1463,Champions,Grow & reward
C08069,504.7519,1570.98,10,37,0.2709,Champions,Grow & reward
C05269,504.6701,1207.47,25,71,0.1786,Champions,Grow & reward
C17662,504.1054,1011.42,6,12,0.173,Champions,Grow & reward
C15092,504.0775,2766.1,17,7,0.1398,Champions,Grow & reward
C09904,503.7828,1023.13,41,96,0.3194,Champions,Protect
C11621,503.5071,1460.85,8,34,0.241,Champions,Grow & reward
C13747,503.2085,1151.18,16,25,0.1685,Champions,Grow & reward
C01887,502.7273,544.35,5,22,0.1211,Steady Regulars,Grow & reward
C12757,502.6366,184.94,2,2,0.3359,New & Promising,Protect
C00883,502.6208,788.28,19,1,0.0861,Champions,Grow & reward
C13955,502.4984,801.77,19,31,0.106,Champions,Grow & reward
C02317,502.4271,961.61,19,8,0.1349,Champions,Grow & reward
C17583,502.0222,548.93,4,56,0.254,Steady Regulars,Grow & reward
C10538,501.9712,1296.29,13,18,0.1563,Champions,Grow & reward
C10314,501.9212,1071.82,12,17,0.2796,Champions,Grow & reward
C06076,501.9036,370.26,3,32,0.2498,Steady Regulars,Grow & reward
C14097,501.356,1209.9,11,8,0.1852,Champions,Grow & reward
C07367,501.328,1429.68,9,16,0.168,Champions,Grow & reward
C12503,501.1784,1714.23,15,13,0.1792,Champions,Grow & reward
C04831,501.1706,1852.23,16,17,0.1598,Champions,Grow & reward
C11287,501.0066,1278.44,17,7,0.1681,Champions,Grow & reward
C13936,500.7178,1400.87,16,16,0.1361,Champions,Grow & reward
C03539,500.7127,2945.97,12,14,0.1768,Champions,Grow & reward
C11748,500.5954,1118.45,13,44,0.229,Champions,Grow & reward
C01179,500.393,894.87,9,21,0.1868,Champions,Grow & reward
C00746,500.1746,1504.62,5,47,0.2624,Steady Regulars,Grow & reward
C17930,500.0242,416.18,18,16,0.1353,Champions,Grow & reward
C02613,499.4382,171.65,2,33,0.398,New & Promising,Protect
C02161,499.392,376.91,3,14,0.2666,Steady Regulars,Grow & reward
C11514,498.975,1440.05,15,36,0.1617,Champions,Grow & reward
C17836,498.7982,1468.57,12,9,0.1766,Champions,Grow & reward
C12234,498.6778,887.17,22,14,0.1025,Champions,Grow & reward
C03725,498.3525,225.91,6,5,0.296,Steady Regulars,Grow & reward
C09267,498.0495,823.02,8,19,0.2598,Champions,Grow & reward
C06587,498.0188,527.91,3,49,0.166,Steady Regulars,Grow & reward
C09281,497.7865,371.92,3,17,0.2082,Steady Regulars,Grow & reward
C09922,497.588,1047.9,16,31,0.1758,Champions,Grow & reward
C14256,497.461,307.91,17,3,0.1891,Champions,Grow & reward
C10761,497.3834,1618.87,19,11,0.1457,Champions,Grow & reward
C03438,497.2474,1233.75,20,19,0.1206,Champions,Grow & reward
C12625,497.129,1594.13,14,65,0.245,Champions,Grow & reward
C04509,497.0624,411.53,3,21,0.1827,Steady Regulars,Grow & reward
C08475,497.055,1401.83,17,42,0.1441,Champions,Grow & reward
C13576,496.7092,770.37,7,4,0.161,Champions,Grow & reward
C01838,496.4588,562.56,11,47,0.232,Champions,Grow & reward
C00963,496.3697,735.2,4,14,0.1897,Steady Regulars,Grow & reward
C08008,496.1122,780.66,16,32,0.1924,Champions,Grow & reward
C09590,495.7688,1372.78,22,99,0.4397,Champions,Protect
C07067,495.5725,1567.65,17,19,0.1985,Champions,Grow & reward
C01027,495.3509,1998.1,15,9,0.1791,Champions,Grow & reward
C14305,495.0246,154.97,2,21,0.3834,New & Promising,Protect
C06316,494.926,375.83,4,22,0.2681,Steady Regulars,Grow & reward
C08524,494.5149,895.24,20,33,0.1464,Champions,Grow & reward
C00546,494.4863,185.95,2,16,0.3417,New & Promising,Protect
C06437,493.8049,825.44,23,5,0.1133,Champions,Grow & reward
C12317,493.6195,1299.08,12,47,0.2569,Champions,Grow & reward
C14784,493.5349,1090.33,18,36,0.1421,Champions,Grow & reward
C17935,493.5148,1155.54,6,31,0.1813,Steady Regulars,Grow & reward
C03665,493.4828,388.53,2,31,0.3284,Steady Regulars,Protect
C04473,493.4739,815.89,19,18,0.1387,Champions,Grow & reward
C02081,493.2621,230.5,4,19,0.1828,Steady Regulars,Grow & reward
C03339,492.7804,1383.65,18,10,0.1562,Champions,Grow & reward
C11109,492.7241,1524.07,18,27,0.1396,Champions,Grow & reward
C07049,492.2692,956.26,5,7,0.15,Champions,Grow & reward
C12335,491.7732,2133.14,14,22,0.1459,Champions,Grow & reward
C15464,491.6658,1185.38,8,23,0.181,Steady Regulars,Grow & reward
C07356,491.4202,1127.25,23,45,0.19,Champions,Grow & reward
C13374,491.1816,877.29,4,45,0.3101,Steady Regulars,Protect
C12488,491.1363,2397.64,13,20,0.1446,Champions,Grow & reward
C07750,491.0148,193.75,3,23,0.2995,Deal Hunters,Grow & reward
C17409,490.8729,1123.4,20,84,0.2227,Champions,Grow & reward
C08447,490.8689,897.95,2,45,0.2448,Steady Regulars,Grow & reward
C08884,490.8296,2206.55,17,11,0.1254,Champions,Grow & reward
C03460,490.0408,992.05,20,3,0.144,Champions,Grow & reward
C09703,489.9034,724.09,14,6,0.1717,Champions,Grow & reward
C08002,489.786,1889.88,13,18,0.2001,Champions,Grow & reward
C06533,489.7609,2417.72,7,17,0.2136,Champions,Grow & reward
C07616,489.3544,280.06,4,23,0.178,Steady Regulars,Grow & reward
C10685,489.2966,899.07,15,30,0.2133,Champions,Grow & reward
C00391,488.9705,671.34,7,20,0.1821,Champions,Grow & reward
C10150,488.9409,722.82,12,39,0.2133,Champions,Grow & reward
C08045,488.9369,933.13,1,18,0.5413,Steady Regulars,Protect
C04923,488.7323,40.99,1,2,0.5583,New & Promising,Protect
C16460,488.6167,1431.61,16,24,0.1939,Champions,Grow & reward
C08631,488.5891,97.97,2,30,0.367,New & Promising,Protect
C04485,488.5222,611.66,3,47,0.3292,Deal Hunters,Protect
C16559,488.4625,1790.2,8,14,0.2228,Champions,Grow & reward
C08787,488.4423,1171.35,15,25,0.1611,Champions,Grow & reward
C16744,488.2502,1430.65,20,38,0.1469,Champions,Grow & reward
C06761,488.2257,519.38,4,28,0.235,Steady Regulars,Grow & reward
C17205,487.8931,348.16,2,9,0.2465,Steady Regulars,Grow & reward
C01491,487.7751,1060.27,8,26,0.228,Steady Regulars,Grow & reward
C02904,487.3441,916.9,5,9,0.2285,Steady Regulars,Grow & reward
C15199,487.0466,2133.94,17,51,0.1668,Champions,Grow & reward
C02573,487.0057,2067.69,8,29,0.2426,Champions,Grow & reward
C14617,486.4628,1200.79,7,16,0.1761,Champions,Grow & reward
C05635,486.4011,1665.38,19,22,0.1737,Champions,Grow & reward
C05444,486.1064,1449.6,12,2,0.1799,Champions,Grow & reward
C04332,486.0337,738.66,5,84,0.3023,Steady Regulars,Protect
C10015,486.0253,259.14,5,14,0.1942,Steady Regulars,Grow & reward
C05929,486.0211,1076.84,5,26,0.2184,Champions,Grow & reward
C16148,486.0037,1667.35,17,9,0.1909,Champions,Grow & reward
C05789,485.9759,797.25,7,62,0.2723,Steady Regulars,Grow & reward
C13668,485.495,473.34,5,25,0.1995,Steady Regulars,Grow & reward
C13051,485.4329,1918.81,14,14,0.1578,Champions,Grow & reward
C13741,485.2139,852.07,7,28,0.2362,Champions,Grow & reward
C13909,484.6839,716.47,6,12,0.1775,Champions,Grow & reward
C10872,484.6668,679.72,8,4,0.1763,Champions,Grow & reward
C00839,484.5233,872.72,10,34,0.2043,Champions,Grow & reward
C09225,484.4762,266.37,3,17,0.1999,Steady Regulars,Grow & reward
C05435,484.2856,501.87,18,62,0.3178,Champions,Protect
C03404,484.2246,1080.59,6,19,0.1967,Champions,Grow & reward
C12896,484.0817,803.29,21,26,0.217,Champions,Grow & reward
C08972,483.7354,947.91,3,6,0.2007,Steady Regulars,Grow & reward
C09938,483.548,677.78,6,16,0.2294,Steady Regulars,Grow & reward
C16806,483.5206,635.92,22,58,0.2483,Champions,Grow & reward
C11208,483.2126,552.56,5,16,0.1681,Steady Regulars,Grow & reward
C17570,482.8182,812.06,12,3,0.2246,Champions,Grow & reward
C10187,482.7835,1973.6,18,40,0.1817,Champions,Grow & reward
C07387,482.6257,920.14,23,104,0.2889,Champions,Grow & reward
C15260,482.4704,945.84,6,28,0.2321,Champions,Grow & reward
C15338,482.301,1147.98,18,125,0.4486,Champions,Protect
C02436,482.2336,1654.88,14,2,0.1395,Champions,Grow & reward
C17829,482.1908,879.81,4,34,0.2786,Deal Hunters,Grow & reward
C13180,482.0088,1104.97,17,26,0.1617,Champions,Grow & reward
C17024,481.99,1257.93,16,5,0.1412,Champions,Grow & reward
C13313,481.6514,71.96,1,11,0.5395,New & Promising,Protect
C00915,481.3952,2625.6,15,34,0.1909,Champions,Grow & reward
C02636,481.2459,1116.34,9,34,0.2143,Champions,Grow & reward
C16603,480.8092,3274.76,10,3,0.1895,Champions,Grow & reward
C00496,480.54,1231.61,21,77,0.2443,Champions,Grow & reward
C15807,480.3384,890.95,1,15,0.5663,Steady Regulars,Protect
C15300,480.1603,428.1,16,13,0.1474,Champions,Grow & reward
C09462,479.9529,164.99,17,24,0.1827,Champions,Grow & reward
C02579,479.8606,973.77,19,16,0.1346,Champions,Grow & reward
C16152,479.5752,1498.23,12,2,0.2242,Champions,Grow & reward
C09444,479.2394,1183.91,19,12,0.2142,Champions,Grow & reward
C14580,478.9484,1093.26,10,5,0.182,Champions,Grow & reward
C11355,478.4582,145.96,2,2,0.316,New & Promising,Protect
C16032,477.9548,1020.18,6,84,0.3265,Steady Regulars,Protect
C17737,477.756,390.84,13,33,0.2269,Champions,Grow & reward
C14249,477.6578,1943.03,16,27,0.1803,Champions,Grow & reward
C05160,477.6451,714.45,5,44,0.268,Steady Regulars,Grow & reward
C08807,477.4565,207.94,3,18,0.1825,New & Promising,Grow & reward
C00959,477.3041,244.71,2,6,0.2144,Steady Regulars,Grow & reward
C05045,477.2623,842.42,17,32,0.1417,Champions,Grow & reward
C14383,477.2161,1618.64,9,33,0.241,Champions,Maintain
C10683,477.0136,1420.26,27,90,0.1776,Champions,Maintain
C17648,476.8494,345.89,2,24,0.2595,Steady Regulars,Maintain
C12017,476.7494,992.11,15,16,0.1947,Champions,Maintain
C07197,476.5758,264.32,3,11,0.2647,Steady Regulars,Maintain
C09925,476.5749,1182.71,20,12,0.1269,Champions,Maintain
C17581,476.093,762.02,7,60,0.2813,Champions,Maintain
C10898,476.0472,985.05,19,11,0.1509,Champions,Maintain
C03523,476.0135,731.87,23,33,0.1789,Champions,Maintain
C16524,476.013,2170.23,10,84,0.3352,Champions,Automate win-back
C06194,475.8495,821.98,18,11,0.1918,Champions,Maintain
C00811,475.7389,1085.65,17,36,0.1678,Champions,Maintain
C02472,475.3731,563.94,2,10,0.262,Steady Regulars,Maintain
C08422,475.3373,1472.09,5,4,0.2058,Champions,Maintain
C00815,475.177,360.92,4,8,0.2294,Steady Regulars,Maintain
C15812,474.882,1800.58,43,96,0.4856,Champions,Automate win-back
C11657,474.875,263.62,17,34,0.1614,Champions,Maintain
C16240,474.6459,700.88,6,20,0.1947,Champions,Maintain
C16268,474.5985,848.02,6,28,0.2058,Steady Regulars,Maintain
C15409,474.1689,1527.84,11,12,0.2542,Champions,Maintain
C01077,474.1542,518.38,13,12,0.1937,Champions,Maintain
C10983,473.9155,965.75,14,34,0.2165,Champions,Maintain
C09546,473.673,236.54,3,12,0.197,Steady Regulars,Maintain
C07335,473.5173,1083.87,18,72,0.2264,Champions,Maintain
C04180,473.3996,306.86,6,44,0.2088,Steady Regulars,Maintain
C04903,473.2999,1417.61,22,121,0.4546,Champions,Automate win-back
C15115,473.2336,2231.35,11,12,0.1945,Champions,Maintain
C14335,473.0755,717.85,11,11,0.237,Champions,Maintain
C15243,473.0589,2454.44,25,134,0.5084,Champions,Automate win-back
C03308,472.7978,1492.75,5,59,0.3067,Steady Regulars,Automate win-back
C00553,472.7432,216.57,17,26,0.1947,Champions,Maintain
C02660,472.642,811.33,9,15,0.2017,Champions,Maintain
C02815,472.1917,1005.66,11,17,0.2331,Champions,Maintain
C16279,472.0924,163.93,20,13,0.1857,Champions,Maintain
C10526,471.9239,881.77,16,24,0.1433,Champions,Maintain
C07723,471.7107,1547.49,11,36,0.2197,Champions,Maintain
C06797,471.5278,1127.53,10,14,0.1577,Champions,Maintain
C15438,471.4842,313.78,17,13,0.1639,Champions,Maintain
C16426,470.8987,741.14,23,10,0.1039,Champions,Maintain
C10507,470.5905,2753.17,14,7,0.1262,Champions,Maintain
C16026,470.5445,887.65,17,5,0.1222,Champions,Maintain
C11351,470.4909,1084.2,20,82,0.2528,Champions,Maintain
C03565,470.4065,1033.06,11,38,0.184,Champions,Maintain
C05050,470.1448,681.22,9,31,0.2602,Champions,Maintain
C01964,470.0163,1206.16,17,46,0.1659,Champions,Maintain
C09357,469.9978,1476.32,6,24,0.2127,Champions,Maintain
C04694,469.9048,1621.81,17,38,0.1469,Champions,Maintain
C06502,469.8365,1210.65,16,12,0.1238,Champions,Maintain
C01729,469.617,87.16,1,9,0.5415,Deal Hunters,Automate win-back
C00828,469.5629,153.15,3,19,0.2839,Deal Hunters,Maintain
C16956,468.6002,353.14,3,22,0.1538,Steady Regulars,Maintain
C10950,468.4835,1181.98,11,45,0.2345,Champions,Maintain
C14137,468.3336,1202.76,13,11,0.172,Champions,Maintain
C08070,468.3304,355.74,17,28,0.2003,Champions,Maintain
C05289,468.2696,1620.23,15,26,0.1923,Champions,Maintain
C03634,468.26,990.9,8,38,0.3156,Champions,Automate win-back
C03357,468.2021,1147.34,10,1,0.2008,Champions,Maintain
C03113,468.1862,1522.9,10,15,0.2196,Champions,Maintain
C13868,467.8588,1137.86,16,6,0.2012,Champions,Maintain
C09410,467.5215,1253.87,9,20,0.2094,Champions,Maintain
C03650,467.5044,1471.94,26,102,0.4056,Champions,Automate win-back
C13083,466.6964,59.98,1,16,0.4753,New & Promising,Automate win-back
C13713,466.3726,992.89,5,42,0.2593,Steady Regulars,Maintain
C03119,466.3488,855.78,10,72,0.2707,Champions,Maintain
C01739,466.2414,736.06,25,15,0.1173,Champions,Maintain
C14655,465.7101,622.21,15,7,0.1407,Champions,Maintain
C01820,465.5331,481.07,5,10,0.1603,Steady Regulars,Maintain
C09201,465.2844,501.52,6,34,0.2239,Steady Regulars,Maintain
C16072,464.9997,1005.9,15,26,0.1976,Champions,Maintain
C11693,464.945,1343.86,13,4,0.1717,Champions,Maintain
C10807,464.5756,1060.43,8,31,0.2442,Champions,Maintain
C05586,464.4947,557.94,12,48,0.2796,Champions,Maintain
C07558,464.4691,213.96,2,14,0.289,New & Promising,Maintain
C16304,463.8084,771.74,13,14,0.2206,Champions,Maintain
C13754,463.6173,696.78,11,2,0.2373,Champions,Maintain
C16132,463.5786,1418.74,14,13,0.1786,Champions,Maintain
C11842,463.5029,758.25,15,17,0.2497,Champions,Maintain
C16193,463.2227,595.27,8,17,0.2052,Champions,Maintain
C05975,463.2119,392.1,4,36,0.2938,Steady Regulars,Maintain
C04896,462.5234,983.84,17,19,0.1605,Champions,Maintain
C11005,462.3535,970.62,17,4,0.1317,Champions,Maintain
C13339,461.7329,510.09,16,18,0.2007,Champions,Maintain
C09232,461.4904,1345.68,11,38,0.2808,Champions,Maintain
C08832,460.8481,824.04,17,18,0.1395,Champions,Maintain
C04749,460.8269,1146.41,11,13,0.2561,Champions,Maintain
C09557,460.7101,1325.96,8,17,0.2436,Champions,Maintain
C13508,460.6915,1559.35,11,69,0.273,Champions,Maintain
C02460,460.5241,1237.35,16,93,0.2407,Champions,Maintain
C01569,460.5232,1188.64,7,5,0.3175,Champions,Automate win-back
C14578,459.7981,1066.58,19,15,0.2126,Champions,Maintain
C10926,459.6791,962.68,4,20,0.2039,Steady Regulars,Maintain
C13961,459.6375,541.12,22,40,0.1651,Champions,Maintain
C12089,459.4014,714.03,9,6,0.1928,Champions,Maintain
C17475,459.1145,1711.69,9,30,0.2726,Champions,Maintain
C17375,459.0605,988.71,8,23,0.2204,Champions,Maintain
C04397,458.7476,677.85,16,9,0.1676,Champions,Maintain
C17672,458.3934,760.23,19,19,0.193,Champions,Maintain
C17210,458.3864,152.96,2,23,0.3928,New & Promising,Automate win-back
C09597,458.3644,1559.81,18,11,0.1251,Champions,Maintain
C17494,458.3108,1404.76,5,18,0.2242,Champions,Maintain
C09500,458.1845,884.3,21,31,0.1851,Champions,Maintain
C13780,457.7957,923.93,6,31,0.2335,Steady Regulars,Maintain
C15451,457.6173,611.06,10,13,0.2137,Champions,Maintain
C00782,457.5178,1129.45,8,73,0.3532,Steady Regulars,Automate win-back
C05541,457.456,337.33,3,12,0.2271,Steady Regulars,Maintain
C15098,457.3374,239.66,2,16,0.2606,New & Promising,Maintain
C17631,457.1044,1163.78,22,106,0.2789,Champions,Maintain
C11845,456.9433,1176.25,18,109,0.3253,Champions,Automate win-back
C11820,456.851,88.97,2,46,0.508,New & Promising,Automate win-back
C17500,456.7582,1177.9,6,17,0.1851,Champions,Maintain
C14973,456.6536,409.7,18,12,0.1397,Champions,Maintain
C03422,456.4866,602.27,4,13,0.166,Deal Hunters,Maintain
C00930,456.4429,1067.51,10,31,0.3122,Champions,Automate win-back
C15420,456.3832,2516.82,12,50,0.2593,Champions,Maintain
C14003,456.1541,1776.54,10,3,0.2509,Champions,Maintain
C05124,456.1182,337.93,17,20,0.1582,Champions,Maintain
C08601,455.7981,751.46,13,19,0.1718,Champions,Maintain
C11805,455.7007,803.94,7,14,0.2298,Steady Regulars,Maintain
C16085,455.4379,395.47,12,31,0.2347,Champions,Maintain
C10551,455.3324,396.93,20,51,0.1795,Champions,Maintain
C16266,455.2426,1050.83,8,13,0.1618,Champions,Maintain
C15735,454.9991,751.9,5,38,0.2435,Steady Regulars,Maintain
C01560,454.989,310.06,11,34,0.2267,Champions,Maintain
C06789,454.8519,1055.59,7,33,0.2565,Champions,Maintain
C13834,454.7943,1464.81,16,55,0.1989,Champions,Maintain
C15286,454.6731,552.57,10,14,0.2393,Champions,Maintain
C14425,454.655,2037.11,13,94,0.4286,Champions,Automate win-back
C11933,454.6495,1457.77,12,47,0.2178,Champions,Maintain
C03961,454.5272,398.05,20,33,0.1822,Champions,Maintain
C13155,454.3455,489.69,3,68,0.2937,Steady Regulars,Maintain
C12564,454.2821,148.9,22,43,0.1416,Champions,Maintain
C09561,454.263,1242.79,18,60,0.2066,Champions,Maintain
C11764,454.1119,250.72,4,15,0.1391,Steady Regulars,Maintain
C13763,453.9931,824.43,6,20,0.1768,Steady Regulars,Maintain
C07939,453.7308,2160.0,9,9,0.2156,Champions,Maintain
C12476,453.6535,1270.9,21,121,0.4563,Champions,Automate win-back
C00623,453.0694,1026.36,12,31,0.2638,Champions,Maintain
C05910,452.9921,728.18,10,19,0.1948,Champions,Maintain
C05462,452.3685,711.76,10,6,0.2599,Champions,Maintain
C12883,452.3466,758.91,4,62,0.2789,Steady Regulars,Maintain
C13042,452.2702,802.27,14,15,0.2057,Champions,Maintain
C06717,451.8973,876.66,22,17,0.1762,Champions,Maintain
C06692,451.754,1256.9,32,117,0.6072,Champions,Automate win-back
C15108,451.5328,877.29,11,26,0.2001,Champions,Maintain
C00621,451.3155,1646.42,15,5,0.1976,Champions,Maintain
C14665,451.0764,1158.7,19,12,0.1979,Champions,Maintain
C10859,451.0575,465.81,18,34,0.261,Champions,Maintain
C08329,450.9335,1008.14,9,100,0.4095,Champions,Automate win-back
C07690,450.6394,723.65,9,39,0.2673,Champions,Maintain
C01954,450.5531,504.87,17,56,0.2373,Champions,Maintain
C12647,450.4026,1307.04,9,52,0.3353,Champions,Automate win-back
C14058,450.3504,705.79,4,4,0.1727,Steady Regulars,Maintain
C13681,450.1037,319.35,2,57,0.3058,Steady Regulars,Automate win-back
C14572,449.9441,54.99,1,21,0.5668,New & Promising,Automate win-back
C11857,449.8352,1124.07,19,69,0.2367,Champions,Maintain
C03395,449.6397,682.95,2,53,0.3153,Steady Regulars,Automate win-back
C11366,449.4075,880.29,9,27,0.2428,Champions,Maintain
C04800,449.3422,1061.96,1,10,0.6409,Steady Regulars,Automate win-back
C10996,448.653,886.32,20,18,0.1227,Champions,Maintain
C10764,448.4554,241.36,3,33,0.3528,Steady Regulars,Automate win-back
C12313,447.7094,833.43,4,5,0.1774,Steady Regulars,Maintain
C01930,447.4283,942.88,17,5,0.1728,Champions,Maintain
C12703,447.3084,1163.32,16,16,0.1611,Champions,Maintain
C16162,447.2633,254.95,1,29,0.4475,Steady Regulars,Automate win-back
C08458,447.0867,378.79,3,33,0.3147,Steady Regulars,Automate win-back
C13740,447.0513,1228.82,5,20,0.2692,Champions,Maintain
C14336,446.9974,1453.87,3,5,0.1941,Steady Regulars,Maintain
C06114,446.7843,889.81,10,32,0.2346,Champions,Maintain
C01356,446.4738,1028.09,13,15,0.2228,Champions,Maintain
C02247,446.3391,102.43,9,12,0.3081,Champions,Automate win-back
C03827,446.2358,332.61,5,22,0.1611,Steady Regulars,Maintain
C17551,445.605,694.62,7,26,0.2337,Steady Regulars,Maintain
C14612,445.4234,153.16,3,2,0.2829,Deal Hunters,Maintain
C12571,445.4018,1023.34,13,40,0.1749,Champions,Maintain
C14285,445.2214,744.68,20,15,0.135,Champions,Maintain
C11035,444.8406,591.76,16,27,0.1917,Champions,Maintain
C03254,444.7391,1255.89,9,18,0.2476,Champions,Maintain
C13940,444.6394,1134.3,16,33,0.2749,Champions,Maintain
C10843,443.9424,570.4,8,34,0.2744,Steady Regulars,Maintain
C07910,443.9301,1498.07,15,84,0.4097,Champions,Automate win-back
C01377,443.8881,744.91,10,116,0.3773,Steady Regulars,Automate win-back
C02563,443.5135,506.29,16,16,0.1515,Champions,Maintain
C01711,443.5107,230.78,2,32,0.32,Deal Hunters,Automate win-back
C06378,443.4889,1214.7,19,20,0.1702,Champions,Maintain
C05137,443.1202,1353.02,12,14,0.2186,Champions,Maintain
C04516,442.9847,1550.28,16,3,0.198,Champions,Maintain
C07884,442.9189,1168.56,9,28,0.2989,Champions,Maintain
C15235,442.7588,285.92,2,49,0.2715,Steady Regulars,Maintain
C16096,442.6007,1502.74,12,12,0.1839,Champions,Maintain
C00287,442.3614,1508.4,9,34,0.3389,Champions,Automate win-back
C14957,442.1711,966.66,12,19,0.2378,Champions,Maintain
C16267,441.7456,2576.43,10,80,0.3095,Champions,Automate win-back
C14654,441.6587,1420.98,18,24,0.1484,Champions,Maintain
C17884,441.6134,746.56,8,15,0.2364,Champions,Maintain
C16016,441.5206,494.89,5,11,0.2006,Steady Regulars,Maintain
C15745,441.0981,730.72,11,11,0.1837,Champions,Maintain
C17978,440.9487,1376.01,16,31,0.1519,Champions,Maintain
C15151,440.9389,668.73,17,44,0.2037,Champions,Maintain
C02524,440.926,508.27,17,53,0.2194,Champions,Maintain
C09044,440.8491,296.93,4,52,0.2899,Steady Regulars,Maintain
C11045,440.7318,1573.92,17,46,0.1516,Champions,Maintain
C14857,440.4373,990.54,5,20,0.2399,Champions,Maintain
C00833,440.248,992.83,14,53,0.2444,Champions,Maintain
C03622,440.229,537.07,17,34,0.1486,Champions,Maintain
C16285,440.0462,1498.22,10,21,0.2592,Champions,Maintain
C02158,439.9651,1698.64,10,5,0.2508,Champions,Maintain
C09794,439.9365,415.9,3,18,0.2497,Steady Regulars,Maintain
C07851,439.8654,85.47,1,51,0.5897,New & Promising,Automate win-back
C02586,439.8182,586.77,20,21,0.1813,Champions,Maintain
C07012,439.7704,1096.68,15,32,0.2096,Champions,Maintain
C04039,439.5597,452.11,5,61,0.3214,Steady Regulars,Automate win-back
C16339,439.4967,1232.81,9,2,0.2496,Champions,Maintain
C09011,439.0409,872.43,15,64,0.2648,Champions,Maintain
C02490,439.0042,2938.67,63,95,0.5087,Champions,Automate win-back
C08960,438.8635,2218.57,18,11,0.1496,Champions,Maintain
C01803,438.8504,655.88,11,45,0.2394,Champions,Maintain
C14663,438.717,98.67,2,28,0.4369,New & Promising,Automate win-back
C17303,438.5904,1126.58,17,38,0.1522,Champions,Maintain
C13323,438.5153,738.72,1,5,0.6116,Steady Regulars,Automate win-back
C17128,438.3691,457.85,23,61,0.2635,Champions,Maintain
C13385,438.3304,855.36,14,21,0.1958,Champions,Maintain
C15724,438.3107,1756.68,13,55,0.2269,Champions,Maintain
C01167,438.1248,717.1,4,90,0.3879,Steady Regulars,Automate win-back
C03327,438.032,943.51,17,56,0.1776,Champions,Maintain
C03909,437.4541,1211.39,8,13,0.2387,Champions,Maintain
C16105,437.1172,796.19,7,7,0.2461,Champions,Maintain
C10256,436.7907,65.98,2,4,0.3929,New & Promising,Automate win-back
C02404,436.7362,710.5,14,34,0.1676,Champions,Maintain
C15589,436.6978,892.5,16,28,0.1874,Champions,Maintain
C11341,436.6542,186.59,3,34,0.3539,Deal Hunters,Automate win-back
C08643,436.5998,1204.37,14,23,0.2258,Champions,Maintain
C02389,436.1668,1139.82,13,53,0.2518,Champions,Maintain
C09558,436.0585,660.18,31,101,0.3893,Champions,Automate win-back
C11977,436.0489,1490.31,15,77,0.2919,Champions,Maintain
C15831,435.9874,604.51,10,6,0.2657,Champions,Maintain
C16891,435.9555,1316.37,14,27,0.1857,Champions,Maintain
C05817,435.5297,709.86,9,13,0.2794,Champions,Maintain
C05373,435.357,928.48,13,11,0.2042,Champions,Maintain
C11695,435.3017,396.48,4,5,0.1677,Steady Regulars,Maintain
C13063,435.1653,630.22,7,59,0.2029,Steady Regulars,Maintain
C07494,435.0314,409.34,2,49,0.3262,Deal Hunters,Automate win-back
C16757,434.8794,664.37,7,38,0.2503,Steady Regulars,Maintain
C00996,434.6287,1149.95,16,11,0.1974,Champions,Maintain
C08758,434.6125,853.21,6,39,0.2473,Champions,Maintain
C00916,434.5908,22.99,1,11,0.6974,New & Promising,Automate win-back
C05534,434.5087,181.87,3,19,0.2591,Deal Hunters,Maintain
C09771,434.3684,899.86,15,78,0.3963,Champions,Automate win-back
C07977,434.2206,766.29,11,68,0.2852,Champions,Maintain
C09736,433.9601,1416.13,16,4,0.1721,Champions,Maintain
C10771,433.4582,71.98,1,10,0.5178,New & Promising,Automate win-back
C03024,433.2409,945.83,16,10,0.1917,Champions,Maintain
C11697,433.2303,710.05,18,61,0.2623,Champions,Maintain
C11641,432.7931,651.35,7,68,0.2826,Steady Regulars,Maintain
C11954,432.6231,376.94,1,3,0.7664,New & Promising,Automate win-back
C16345,432.5256,1310.51,16,17,0.1746,Champions,Maintain
C00664,432.372,947.82,15,39,0.184,Champions,Maintain
C14238,431.8861,901.59,16,10,0.1089,Champions,Maintain
C01084,431.8339,904.68,9,15,0.2786,Champions,Maintain
C12674,431.4031,1382.21,11,124,0.404,Champions,Automate win-back
C11356,431.1344,1399.64,14,69,0.3118,Champions,Automate win-back
C12928,430.6294,641.24,9,117,0.384,Steady Regulars,Automate win-back
C07300,430.3282,645.88,5,16,0.1967,Champions,Maintain
C00565,430.1747,527.58,16,72,0.2758,Champions,Maintain
C09786,430.163,1028.47,14,5,0.1466,Champions,Maintain
C14488,430.0047,631.76,8,38,0.2506,Steady Regulars,Maintain
C16000,429.942,562.86,13,5,0.1111,Champions,Maintain
C17436,429.9087,1241.9,5,104,0.3989,Steady Regulars,Automate win-back
C14880,429.9063,949.9,15,44,0.2406,Champions,Maintain
C00596,429.9016,1443.15,13,21,0.2119,Champions,Maintain
C14728,429.255,1261.93,10,19,0.2491,Champions,Maintain
C05623,429.1874,931.88,7,57,0.3581,Steady Regulars,Automate win-back
C15341,429.1423,956.53,16,26,0.1556,Champions,Maintain
C14933,428.7106,170.54,3,8,0.2812,New & Promising,Maintain
C14846,428.5189,1020.42,26,134,0.5667,Champions,Automate win-back
C09636,428.4566,1042.91,12,14,0.183,Champions,Maintain
C11653,428.3284,988.04,4,24,0.233,Steady Regulars,Maintain
C11145,428.3138,358.91,13,7,0.1914,Champions,Maintain
C12905,428.0853,288.11,4,5,0.2412,Steady Regulars,Maintain
C07237,428.0742,1378.3,15,11,0.1958,Champions,Maintain
C17801,427.9726,1481.8,6,53,0.2724,Champions,Maintain
C11597,427.8727,301.33,26,82,0.2372,Champions,Maintain
C10825,427.7958,628.47,6,3,0.2547,Champions,Maintain
C06251,427.4739,1691.4,17,94,0.416,Champions,Automate win-back
C06441,427.4633,1210.82,13,58,0.2906,Champions,Maintain
C07664,427.1846,2039.19,13,43,0.2467,Champions,Maintain
C15696,426.536,171.93,3,21,0.2479,New & Promising,Maintain
C13406,426.5114,1197.42,18,6,0.1604,Champions,Maintain
C05394,426.3222,1154.24,10,23,0.2475,Champions,Maintain
C05787,426.1825,441.37,14,23,0.1925,Champions,Maintain
C02578,426.1518,519.42,12,34,0.3066,Champions,Automate win-back
C12049,426.1127,1176.75,15,71,0.2595,Champions,Maintain
C10800,425.8437,1847.87,12,25,0.2487,Champions,Maintain
C15842,425.6978,1240.83,23,111,0.3539,Champions,Automate win-back
C09523,425.4747,1267.96,11,23,0.2515,Champions,Maintain
C10044,425.3398,306.11,2,21,0.2054,Steady Regulars,Maintain
C05604,425.2834,589.94,18,9,0.1468,Champions,Maintain
C13412,425.1654,457.92,4,71,0.2035,Steady Regulars,Maintain
C03739,424.9179,1255.19,16,40,0.2138,Champions,Maintain
C00797,424.9078,1556.74,21,128,0.4585,Champions,Automate win-back
C07771,424.8971,2038.86,18,6,0.1687,Champions,Maintain
C13487,424.892,558.4,1,43,0.5624,Steady Regulars,Automate win-back
C12059,424.2706,1818.93,14,57,0.2104,Champions,Maintain
C12614,423.8574,534.51,4,20,0.1981,Steady Regulars,Maintain
C00380,423.8305,617.8,15,104,0.3736,Champions,Automate win-back
C10643,423.8284,673.61,10,15,0.1896,Champions,Maintain
C16676,423.5484,1124.68,10,16,0.2404,Champions,Maintain
C05461,423.5088,234.7,3,12,0.2314,Deal Hunters,Maintain
C00424,423.4559,28.99,1,8,0.6958,New & Promising,Automate win-back
C15177,423.4396,828.82,15,63,0.2326,Champions,Maintain
C17124,423.2873,55.98,1,16,0.4268,New & Promising,Automate win-back
C14648,422.7537,843.41,16,34,0.2022,Champions,Maintain
C15603,422.6627,378.96,3,19,0.2399,Steady Regulars,Maintain
C05502,422.4704,105.05,2,24,0.3297,New & Promising,Automate win-back
C12301,422.4596,912.9,8,81,0.2884,Steady Regulars,Maintain
C06910,422.3684,950.86,7,5,0.211,Champions,Maintain
C01422,421.9353,657.84,20,28,0.1548,Champions,Maintain
C01914,421.8141,127.18,2,9,0.3242,New & Promising,Automate win-back
C06948,421.7796,624.92,4,1,0.2055,Champions,Maintain
C15363,421.7763,78.98,2,21,0.3925,New & Promising,Automate win-back
C13115,421.7652,1279.57,25,143,0.5165,Champions,Automate win-back
C00479,421.4205,647.23,19,12,0.1826,Champions,Maintain
C09796,420.9894,271.15,2,31,0.3395,Deal Hunters,Automate win-back
C00076,420.758,130.57,11,32,0.3554,Champions,Automate win-back
C02340,420.6763,772.78,7,95,0.3079,Steady Regulars,Automate win-back
C14317,420.0605,955.24,5,58,0.306,Champions,Automate win-back
C14306,419.9436,1422.59,17,20,0.1698,Champions,Maintain
C14714,419.8509,475.71,4,40,0.2824,Steady Regulars,Maintain
C13112,419.7223,1040.15,11,99,0.3295,Champions,Automate win-back
C02122,419.1834,333.96,21,75,0.2368,Champions,Maintain
C10972,418.9065,968.75,7,62,0.3403,Steady Regulars,Automate win-back
C11447,418.8235,948.28,13,44,0.2358,Champions,Maintain
C08669,418.4907,2064.08,13,114,0.4904,Champions,Automate win-back
C15053,418.2623,35.98,1,3,0.5419,New & Promising,Automate win-back
C02868,417.384,1357.83,16,92,0.2922,Champions,Maintain
C05540,417.1116,405.29,4,21,0.2089,Steady Regulars,Maintain
C17957,417.0051,4759.13,59,124,0.832,Champions,Automate win-back
C02189,416.9507,1284.96,9,20,0.2735,Champions,Maintain
C04012,416.8939,672.32,9,23,0.2346,Champions,Maintain
C09341,416.8345,1065.55,15,64,0.2096,Champions,Maintain
C13068,416.7668,815.86,16,22,0.1481,Champions,Maintain
C16897,416.097,1138.83,19,68,0.2706,Champions,Maintain
C09224,415.8846,543.68,2,19,0.3379,Steady Regulars,Automate win-back
C01392,415.8473,112.97,2,26,0.4939,New & Promising,Automate win-back
C10453,415.8316,993.25,8,76,0.3705,Champions,Automate win-back
C16647,415.6467,542.83,4,57,0.2891,Steady Regulars,Maintain
C01285,415.3787,777.87,14,16,0.2173,Champions,Maintain
C03316,415.3425,572.86,10,6,0.2392,Champions,Maintain
C05483,415.3179,1410.83,10,21,0.2937,Champions,Maintain
C00851,415.0568,1162.63,5,79,0.2491,Steady Regulars,Maintain
C16507,414.8605,947.9,16,56,0.2398,Champions,Maintain
C16411,414.5963,771.06,10,24,0.2637,Champions,Maintain
C06870,414.3925,822.84,18,80,0.2252,Champions,Maintain
C12277,414.3197,955.45,5,18,0.2503,Steady Regulars,Maintain
C10687,414.2947,664.89,14,52,0.2674,Champions,Maintain
C01369,414.1092,579.77,14,33,0.201,Champions,Maintain
C05240,413.687,612.17,11,60,0.3394,Champions,Automate win-back
C01478,413.6112,1182.24,9,15,0.2962,Champions,Maintain
C16742,413.3228,1142.23,11,89,0.3183,Champions,Automate win-back
C00881,413.3079,464.95,3,84,0.3894,Steady Regulars,Automate win-back
C02175,413.2969,405.03,4,35,0.2714,Steady Regulars,Maintain
C01050,413.2768,381.04,6,21,0.2325,Champions,Maintain
C00429,412.813,1122.84,23,126,0.5476,Champions,Automate win-back
C12882,412.649,920.16,13,10,0.2306,Champions,Maintain
C16515,412.6071,514.72,16,33,0.2166,Champions,Maintain
C08540,412.3874,233.48,13,2,0.2664,Champions,Maintain
C05579,412.3461,362.65,2,38,0.2589,Steady Regulars,Maintain
C07805,412.172,715.53,11,22,0.2002,Champions,Maintain
C10033,412.1585,251.91,2,30,0.222,Steady Regulars,Maintain
C07303,412.1062,1068.15,20,20,0.133,Champions,Maintain
C02978,411.5903,305.95,2,17,0.3199,Steady Regulars,Automate win-back
C05341,411.1067,906.79,5,86,0.3847,Steady Regulars,Automate win-back
C08759,411.0508,971.93,7,18,0.2576,Steady Regulars,Maintain
C05812,411.0032,1102.03,7,55,0.3269,Steady Regulars,Automate win-back
C07869,410.4223,731.38,9,35,0.26,Champions,Maintain
C17407,409.7826,841.75,5,24,0.2783,Deal Hunters,Maintain
C08071,409.1489,637.24,2,12,0.2568,Steady Regulars,Maintain
C02783,408.7187,659.42,4,3,0.347,Steady Regulars,Automate win-back
C13378,408.6151,207.11,17,16,0.2464,Champions,Maintain
C12701,408.5146,134.03,2,37,0.4096,New & Promising,Automate win-back
C04376,408.2778,1261.41,20,99,0.3272,Champions,Automate win-back
C00653,408.0875,697.56,12,24,0.275,Champions,Maintain
C03328,408.0178,1764.75,8,21,0.2133,Champions,Maintain
C17495,407.4623,540.22,6,45,0.2803,Steady Regulars,Maintain
C07020,407.0578,965.45,12,21,0.1962,Champions,Maintain
C03874,406.8571,1401.54,14,38,0.1908,Champions,Maintain
C15221,406.7326,2052.01,18,80,0.2198,Champions,Maintain
C06015,406.39,1242.79,23,82,0.2627,Champions,Maintain
C02780,406.3311,560.04,8,22,0.1876,Steady Regulars,Maintain
C01238,406.3243,780.27,13,21,0.1469,Champions,Maintain
C04570,406.2817,1248.8,18,121,0.4065,Champions,Automate win-back
C12345,405.8125,1793.05,13,20,0.1863,Champions,Maintain
C03204,405.625,1546.53,15,81,0.3408,Champions,Automate win-back
C16748,405.0816,701.07,3,1,0.2218,Champions,Maintain
C12868,405.0763,454.87,5,15,0.2606,Steady Regulars,Maintain
C07039,405.0277,628.92,18,39,0.1709,Champions,Maintain
C15935,404.9021,69.98,1,8,0.5737,New & Promising,Automate win-back
C09379,404.8757,979.83,19,71,0.2313,Champions,Maintain
C17830,404.8477,1537.42,7,33,0.2183,Champions,Maintain
C06583,404.7816,834.85,4,77,0.4398,Steady Regulars,Automate win-back
C04354,404.3885,1112.44,7,75,0.1838,Steady Regulars,Maintain
C03862,404.3753,1196.84,9,47,0.3479,Champions,Automate win-back
C07634,404.2517,416.96,1,48,0.519,Steady Regulars,Automate win-back
C07348,404.1752,634.88,17,20,0.1449,Champions,Maintain
C03970,404.1495,1188.84,20,85,0.2238,Champions,Maintain
C16727,403.7148,959.98,5,24,0.2698,Steady Regulars,Maintain
C15325,403.3444,791.64,4,20,0.2344,Steady Regulars,Maintain
C13838,403.3321,317.97,9,4,0.2236,Champions,Maintain
C13280,403.0916,1190.94,21,123,0.4635,Champions,Automate win-back
C02148,403.0663,858.67,16,4,0.2088,Champions,Maintain
C01810,402.967,585.92,3,9,0.2446,Steady Regulars,Maintain
C16010,402.9133,1381.79,7,32,0.2612,Steady Regulars,Maintain
C12382,402.7723,353.13,15,40,0.2286,Champions,Maintain
C08149,402.7645,2124.32,15,8,0.1491,Champions,Maintain
C07775,402.626,113.56,2,19,0.4566,Deal Hunters,Automate win-back
C17043,402.6042,333.3,6,13,0.3068,Steady Regulars,Automate win-back
C16093,402.4771,308.94,3,25,0.3144,Steady Regulars,Automate win-back
C15224,402.3693,582.48,7,18,0.1876,Steady Regulars,Maintain
C15073,402.2753,1194.54,15,12,0.1915,Champions,Maintain
C15820,402.2284,57.99,1,11,0.4231,New & Promising,Automate win-back
C13076,402.1337,590.55,1,22,0.5746,Steady Regulars,Automate win-back
C13297,402.1178,83.96,2,42,0.4756,New & Promising,Automate win-back
C02209,401.8162,1289.21,8,70,0.2933,Champions,Maintain
C09514,401.668,1481.51,9,47,0.2372,Champions,Maintain
C00757,401.6562,1130.83,10,76,0.2772,Champions,Maintain
C07880,401.5071,1218.83,13,56,0.2887,Champions,Maintain
C06747,401.4185,303.98,1,53,0.578,Steady Regulars,Automate win-back
C05913,401.2312,860.97,1,60,0.7302,Steady Regulars,Automate win-back
C01880,401.1862,197.37,1,23,0.4127,New & Promising,Automate win-back
C12509,400.8641,441.76,18,63,0.208,Champions,Maintain
C04064,400.8296,86.58,1,21,0.6007,Deal Hunters,Automate win-back
C00990,400.7282,239.94,3,33,0.2992,Steady Regulars,Maintain
C08066,400.4968,518.08,16,14,0.2029,Champions,Maintain
C14231,400.4646,516.42,12,63,0.3015,Champions,Automate win-back
C09848,400.3279,1177.17,11,14,0.2466,Champions,Maintain
C05202,400.2752,420.69,12,54,0.3381,Champions,Automate win-back
C01589,400.1896,81.97,1,48,0.6577,New & Promising,Automate win-back
C07923,400.1524,770.9,9,2,0.257,Champions,Maintain
C12516,399.9105,479.27,11,17,0.2882,Champions,Maintain
C10614,399.8738,688.41,4,2,0.247,Steady Regulars,Maintain
C04344,399.7876,1212.89,15,70,0.2536,Champions,Maintain
C06849,399.7659,162.55,10,23,0.3696,Champions,Automate win-back
C06455,399.6786,1057.05,16,36,0.2854,Champions,Maintain
C13621,399.6276,824.83,17,53,0.2576,Champions,Maintain
C03714,399.372,1409.45,7,91,0.2498,Champions,Maintain
C16773,399.3628,67.37,2,69,0.4136,New & Promising,Automate win-back
C02823,399.237,239.92,19,113,0.4103,Champions,Automate win-back
C01404,398.979,584.52,4,18,0.2301,Steady Regulars,Maintain
C05183,398.9083,125.96,1,1,0.5955,New & Promising,Automate win-back
C02211,398.9,419.74,14,72,0.3353,Champions,Automate win-back
C02967,398.6861,604.93,4,20,0.2532,Steady Regulars,Maintain
C10917,398.6659,466.97,2,15,0.2713,Steady Regulars,Maintain
C16591,398.4405,1176.85,15,49,0.2397,Champions,Maintain
C15937,398.4253,1675.83,12,72,0.2828,Champions,Maintain
C09931,398.3093,921.72,18,98,0.2931,Champions,Maintain
C04802,398.1758,789.55,2,37,0.4448,Deal Hunters,Automate win-back
C14644,397.6728,1950.26,16,85,0.2427,Champions,Maintain
C01078,397.6568,1088.29,13,61,0.3345,Champions,Automate win-back
C16516,397.6177,941.43,9,5,0.233,Champions,Maintain
C04505,397.5147,82.97,2,11,0.3431,New & Promising,Automate win-back
C14587,397.3756,862.89,17,55,0.2374,Champions,Maintain
C11783,397.2429,1275.71,5,31,0.2953,Steady Regulars,Maintain
C07994,396.8762,466.1,6,21,0.2694,Steady Regulars,Maintain
C00955,396.8695,300.93,3,23,0.2623,Steady Regulars,Maintain
C14455,396.5743,214.67,3,13,0.3403,Deal Hunters,Automate win-back
C07498,396.4665,1346.83,11,6,0.2421,Champions,Maintain
C04432,396.2199,993.26,15,18,0.2296,Champions,Maintain
C17651,396.1397,691.86,11,15,0.191,Champions,Maintain
C16487,395.9392,323.92,4,63,0.3174,Steady Regulars,Automate win-back
C14360,395.7017,674.88,15,62,0.2018,Champions,Maintain
C11648,395.5497,667.85,3,18,0.2658,Steady Regulars,Maintain
C17893,395.2672,1381.54,19,72,0.2739,Champions,Maintain
C10971,395.2466,1170.89,13,76,0.2688,Champions,Maintain
C05355,395.1817,195.95,1,18,0.4074,New & Promising,Automate win-back
C17230,395.085,1810.47,11,34,0.2928,Champions,Maintain
C14295,395.0022,657.65,3,21,0.2027,Steady Regulars,Maintain
C15733,394.8632,1415.13,13,38,0.2385,Champions,Maintain
C00309,394.7253,444.93,23,98,0.3434,Champions,Automate win-back
C11263,394.7018,606.4,6,11,0.2291,Champions,Maintain
C13902,394.636,131.02,2,42,0.3943,Deal Hunters,Automate win-back
C14712,394.2311,1577.66,10,86,0.3258,Champions,Automate win-back
C03329,394.0218,1185.81,15,71,0.2773,Champions,Maintain
C03386,393.733,802.93,21,80,0.1651,Champions,Maintain
C13019,393.663,224.95,1,16,0.3616,New & Promising,Automate win-back
C05374,393.2157,1395.71,9,56,0.3392,Champions,Automate win-back
C13557,393.1194,593.47,18,38,0.2196,Champions,Maintain
C01125,393.1028,1202.06,10,15,0.2465,Champions,Maintain
C11030,393.0493,1526.3,12,36,0.29,Champions,Maintain
C03561,392.9644,668.9,2,9,0.2933,Steady Regulars,Maintain
C10700,392.8593,261.45,7,35,0.267,Steady Regulars,Maintain
C07371,392.6659,474.34,3,12,0.256,Steady Regulars,Maintain
C05178,392.5744,802.86,5,38,0.2487,Steady Regulars,Maintain
C15619,391.8406,654.34,3,79,0.3073,Steady Regulars,Automate win-back
C03825,391.7035,296.26,1,10,0.4715,New & Promising,Automate win-back
C03054,391.6104,884.64,11,25,0.245,Champions,Maintain
C04234,391.3772,2274.11,16,109,0.411,Champions,Automate win-back
C00547,391.2903,323.92,3,16,0.2947,Steady Regulars,Maintain
C02581,391.1933,680.93,4,2,0.3892,Champions,Automate win-back
C14416,390.7938,259.93,1,3,0.4816,New & Promising,Automate win-back
C04360,390.5854,174.97,13,4,0.2551,Champions,Maintain
C01593,390.5335,1371.8,14,71,0.2569,Champions,Maintain
C07320,390.4539,250.32,4,3,0.1517,Champions,Maintain
C00550,390.1791,374.58,13,17,0.1102,Champions,Maintain
C01321,390.0808,737.41,13,38,0.1745,Champions,Maintain
C01493,390.0405,276.95,4,25,0.2732,Steady Regulars,Maintain
C12235,389.8736,558.94,16,28,0.2248,Champions,Maintain
C12824,389.8552,476.9,17,66,0.2354,Champions,Maintain
C00734,389.5359,193.45,2,34,0.4435,Deal Hunters,Automate win-back
C15234,389.1131,753.91,15,5,0.2116,Champions,Maintain
C09987,389.0905,237.97,1,10,0.4346,New & Promising,Automate win-back
C01435,389.0471,2613.12,16,144,0.5281,Champions,Automate win-back
C03120,389.0246,220.96,2,8,0.261,New & Promising,Maintain
C10629,388.7595,715.38,5,18,0.3032,Steady Regulars,Automate win-back
C06367,388.5026,206.48,1,32,0.6733,Deal Hunters,Automate win-back
C10528,388.3376,326.92,20,59,0.247,Champions,Maintain
C08443,388.2993,1229.2,17,14,0.1917,Champions,Maintain
C05511,388.0625,711.9,1,28,0.6445,Steady Regulars,Automate win-back
C07357,387.9236,363.98,1,54,0.607,Steady Regulars,Automate win-back
C12947,387.8369,1061.87,12,25,0.2464,Champions,Maintain
C11423,387.4051,1618.84,10,6,0.1922,Champions,Maintain
C07038,387.307,173.99,1,49,0.6243,New & Promising,Automate win-back
C16821,387.2706,838.7,11,23,0.2946,Champions,Maintain
C06179,387.2112,568.37,4,25,0.1782,Steady Regulars,Maintain
C03371,387.1691,1237.57,7,91,0.3308,Steady Regulars,Automate win-back
C03659,387.083,197.95,3,16,0.3665,New & Promising,Automate win-back
C05915,386.7168,1035.84,22,47,0.2137,Champions,Maintain
C00385,386.6425,371.86,19,77,0.2605,Champions,Maintain
C00780,386.6114,539.44,13,4,0.1599,Champions,Maintain
C07388,386.4179,461.91,15,58,0.2649,Champions,Maintain
C07311,386.2643,789.61,15,13,0.1362,Champions,Maintain
C11723,386.1799,226.72,15,9,0.2343,Champions,Maintain
C16962,386.1623,1545.68,9,11,0.3078,Champions,Automate win-back
C11808,386.1237,762.44,17,110,0.3173,Champions,Automate win-back
C06497,385.7396,430.94,3,77,0.3109,Steady Regulars,Automate win-back
C03389,385.7216,439.18,2,78,0.3566,Deal Hunters,Automate win-back
C01388,385.7053,1482.88,5,26,0.2886,Champions,Maintain
C09781,385.6148,285.41,4,22,0.2289,Deal Hunters,Maintain
C06317,385.3455,343.73,3,62,0.2508,Steady Regulars,Maintain
C05062,385.1967,479.92,16,56,0.2374,Champions,Maintain
C16158,385.0502,617.9,5,6,0.188,Steady Regulars,Maintain
C09555,384.9219,625.2,9,47,0.2875,Steady Regulars,Maintain
C08339,384.9141,1201.05,4,3,0.194,Champions,Maintain
C15670,384.6583,2340.48,21,111,0.3859,Champions,Automate win-back
C02647,384.206,469.72,5,13,0.2688,Steady Regulars,Maintain
C15195,384.1033,1522.96,8,58,0.3389,Champions,Automate win-back
C01405,384.0152,260.1,14,10,0.2527,Champions,Maintain
C00670,383.9469,774.64,14,80,0.3453,Champions,Automate win-back
C11278,383.8568,453.01,4,21,0.2853,Steady Regulars,Maintain
C17156,383.8194,1752.43,17,80,0.2442,Champions,Maintain
C10213,383.7612,35.98,1,44,0.6981,New & Promising,Automate win-back
C13526,383.6588,801.6,16,100,0.3702,Champions,Automate win-back
C07150,383.4802,1226.82,11,96,0.3737,Champions,Automate win-back
C03009,383.3126,1192.73,15,37,0.258,Champions,Maintain
C08666,383.288,545.27,10,20,0.2028,Champions,Maintain
C03654,382.8451,919.05,5,12,0.311,Steady Regulars,Automate win-back
C01607,382.6925,81.08,1,17,0.5666,New & Promising,Automate win-back
C15671,382.4531,655.41,3,24,0.2872,Deal Hunters,Maintain
C14277,382.3668,229.64,2,38,0.3195,Steady Regulars,Automate win-back
C06952,382.3455,191.88,4,22,0.3123,New & Promising,Automate win-back
C07477,382.3001,687.16,10,23,0.2872,Champions,Maintain
C17700,382.2047,101.97,1,3,0.6033,New & Promising,Automate win-back
C08428,382.0727,969.13,8,13,0.2225,Champions,Maintain
C11926,381.7152,807.5,4,3,0.3259,Steady Regulars,Automate win-back
C15546,381.7086,1079.66,5,2,0.2395,Steady Regulars,Maintain
C04712,381.6203,324.47,15,13,0.2603,Champions,Maintain
C03175,381.3966,745.88,3,13,0.2934,Steady Regulars,Maintain
C00860,381.2799,1022.57,14,5,0.255,Champions,Maintain
C14595,381.2445,893.86,13,54,0.2585,Champions,Maintain
C11881,380.9924,175.98,9,49,0.3822,Champions,Automate win-back
C15614,380.865,505.02,15,33,0.2656,Champions,Maintain
C15301,380.4918,1157.16,19,109,0.3388,Champions,Automate win-back
C06994,380.4388,484.69,15,25,0.2128,Champions,Maintain
C03145,380.2706,1576.69,4,31,0.2545,Steady Regulars,Maintain
C08552,380.0053,431.85,5,75,0.3364,Steady Regulars,Automate win-back
C07047,379.9858,143.99,1,4,0.4817,New & Promising,Automate win-back
C07120,379.6359,1103.92,14,14,0.2262,Champions,Maintain
C09166,379.5377,815.39,4,11,0.2587,Steady Regulars,Maintain
C10009,379.4106,1921.52,11,17,0.2224,Champions,Maintain
C04226,379.4067,410.32,11,60,0.3095,Champions,Automate win-back
C15806,379.342,36.98,1,47,0.7665,New & Promising,Automate win-back
C04497,379.178,1131.84,17,85,0.2108,Champions,Maintain
C10173,378.9795,656.92,4,110,0.5308,Steady Regulars,Automate win-back
C02858,378.7058,699.92,1,45,0.5908,Steady Regulars,Automate win-back
C11120,378.4232,980.72,16,14,0.1927,Champions,Maintain
C16506,378.1669,537.22,3,34,0.2913,Steady Regulars,Maintain
C09427,378.0587,628.79,15,8,0.2068,Champions,Maintain
C07344,378.0386,407.74,4,3,0.3848,Steady Regulars,Automate win-back
C12245,377.9752,225.95,2,46,0.3231,New & Promising,Automate win-back
C05383,377.7682,1304.84,11,19,0.3233,Champions,Automate win-back
C03063,377.7159,529.91,4,21,0.2002,Steady Regulars,Maintain
C06413,377.5649,76.58,1,26,0.5973,Deal Hunters,Automate win-back
C15846,377.5153,483.64,4,11,0.2219,Steady Regulars,Maintain
C03265,377.2069,310.95,3,12,0.2951,Steady Regulars,Maintain
C12102,377.1723,1439.45,9,13,0.3444,Champions,Automate win-back
C14090,377.0148,742.62,11,31,0.2555,Champions,Maintain
C07791,376.7405,825.66,7,106,0.3697,Steady Regulars,Automate win-back
C04320,376.5361,158.93,3,44,0.3476,New & Promising,Automate win-back
C07022,375.9685,92.96,1,40,0.5792,New & Promising,Automate win-back
C07643,375.6003,577.55,1,42,0.6634,Deal Hunters,Automate win-back
C09390,375.2689,188.35,4,27,0.2283,New & Promising,Maintain
C10861,375.1686,211.95,1,11,0.3848,New & Promising,Automate win-back
C08547,375.0858,258.93,1,58,0.5062,Steady Regulars,Automate win-back
C12174,374.9853,534.7,9,2,0.2383,Champions,Maintain
C10120,374.846,621.93,12,107,0.3636,Champions,Automate win-back
C13064,374.7785,501.42,5,83,0.3129,Steady Regulars,Automate win-back
C10802,374.6274,1415.53,13,29,0.26,Champions,Maintain
C02463,374.5676,759.79,10,78,0.2872,Champions,Maintain
C10477,374.5254,392.91,10,69,0.4017,Champions,Automate win-back
C07780,374.2076,138.94,1,7,0.5379,New & Promising,Automate win-back
C01786,374.1443,612.92,3,72,0.3758,Steady Regulars,Automate win-back
C13453,374.0026,1243.35,11,24,0.2388,Champions,Maintain
C01558,373.9326,306.28,14,5,0.192,Champions,Maintain
C02312,373.823,232.12,3,23,0.2499,Steady Regulars,Maintain
C16596,373.7552,701.63,12,71,0.2796,Champions,Maintain
C17613,373.6732,532.52,4,60,0.4186,Steady Regulars,Automate win-back
C17348,373.5522,63.99,1,13,0.549,New & Promising,Automate win-back
C01461,373.5362,520.95,4,34,0.3302,Steady Regulars,Automate win-back
C00574,373.4053,615.97,9,13,0.3022,Champions,Automate win-back
C14083,373.3668,1248.4,10,38,0.2504,Champions,Maintain
C02519,373.3479,324.03,14,37,0.2668,Champions,Maintain
C00270,373.264,708.27,13,13,0.1587,Champions,Maintain
C03242,372.8364,648.86,15,47,0.2391,Champions,Maintain
C04864,372.7869,57.99,1,4,0.5493,New & Promising,Automate win-back
C07394,372.7854,330.1,11,67,0.3552,Champions,Automate win-back
C17232,372.6443,637.92,13,55,0.3057,Champions,Automate win-back
C01231,372.6335,576.91,3,6,0.2781,Steady Regulars,Maintain
C05718,372.447,1832.02,6,13,0.2371,Champions,Maintain
C00433,372.4293,359.14,16,72,0.2946,Champions,Maintain
C10203,372.3172,729.06,4,49,0.3562,Steady Regulars,Automate win-back
C08543,372.04,296.71,5,20,0.3045,Steady Regulars,Automate win-back
C07541,372.0253,496.11,3,37,0.2451,Steady Regulars,Maintain
C08889,371.8979,683.19,9,67,0.3721,Champions,Automate win-back
C07534,371.7432,1594.86,5,14,0.3363,Champions,Automate win-back
C08817,371.5012,646.08,13,106,0.4332,Steady Regulars,Automate win-back
C00267,371.3504,1251.7,9,102,0.4398,Champions,Automate win-back
C10097,371.3376,370.68,9,37,0.3695,Champions,Automate win-back
C13807,371.0786,817.89,13,67,0.3096,Champions,Automate win-back
C11630,371.0654,953.4,7,34,0.3273,Champions,Automate win-back
C01440,370.9893,1761.23,12,8,0.2443,Champions,Maintain
C14926,370.7082,779.89,11,14,0.3108,Champions,Automate win-back
C16949,370.5458,622.55,2,35,0.331,Steady Regulars,Automate win-back
C15516,370.5389,1229.91,2,69,0.3842,Steady Regulars,Automate win-back
C10363,370.1827,2027.48,6,24,0.3113,Steady Regulars,Automate win-back
C03532,370.1312,236.91,4,84,0.3076,Steady Regulars,Automate win-back
C11174,370.0609,972.23,12,21,0.2513,Champions,Maintain
C02984,369.9164,1269.55,7,109,0.3493,Steady Regulars,Automate win-back
C03400,369.728,364.93,2,26,0.2763,Steady Regulars,Maintain
C08477,369.6465,80.97,1,6,0.5969,New & Promising,Automate win-back
C07414,369.5612,656.42,16,14,0.2775,Champions,Maintain
C10455,369.4392,1153.66,12,10,0.2783,Champions,Maintain
C15545,369.3699,382.74,6,31,0.3511,Steady Regulars,Automate win-back
C13785,369.3021,897.68,5,117,0.5402,Steady Regulars,Automate win-back
C09029,369.2838,220.99,1,11,0.4084,New & Promising,Automate win-back
C13081,369.1741,642.92,20,111,0.4357,Champions,Automate win-back
C03287,368.6798,721.91,4,71,0.3702,Steady Regulars,Automate win-back
C02767,368.5997,673.42,3,52,0.3568,Steady Regulars,Automate win-back
C17652,368.5186,307.96,3,15,0.3286,Steady Regulars,Automate win-back
C02152,367.9134,683.85,16,11,0.2169,Champions,Maintain
C08253,367.7886,309.96,1,1,0.5645,New & Promising,Automate win-back
C04859,367.6562,162.83,17,32,0.2191,Champions,Maintain
C01157,367.6343,127.56,1,19,0.4868,Deal Hunters,Automate win-back
C03735,367.596,1457.35,19,108,0.3041,Champions,Automate win-back
C12976,367.482,608.96,1,70,0.6518,Steady Regulars,Automate win-back
C09858,367.4322,490.89,2,39,0.3096,Steady Regulars,Automate win-back
C08185,367.2052,1128.19,7,2,0.2493,Champions,Maintain
C11714,367.1904,885.83,10,113,0.4259,Champions,Automate win-back
C06915,367.1075,225.74,11,38,0.3141,Champions,Automate win-back
C08907,367.0326,16.99,1,53,0.7298,New & Promising,Automate win-back
C02448,366.7328,376.74,3,27,0.3007,Steady Regulars,Automate win-back
C00024,366.6901,27.98,1,34,0.4868,Deal Hunters,Automate win-back
C03234,366.5109,947.22,15,14,0.2325,Champions,Maintain
C03122,366.3189,1558.91,11,11,0.3101,Champions,Automate win-back
C01349,366.1852,1414.63,9,68,0.3871,Champions,Automate win-back
C07550,366.1215,701.01,14,44,0.1942,Champions,Maintain
C17900,365.6825,296.95,7,77,0.3106,Steady Regulars,Automate win-back
C05957,365.4098,860.87,7,48,0.373,Steady Regulars,Automate win-back
C15779,365.3884,962.67,8,13,0.2753,Champions,Maintain
C00956,365.0522,499.3,3,9,0.3505,Steady Regulars,Automate win-back
C02560,364.8235,535.89,4,1,0.3678,Champions,Automate win-back
C08730,364.5123,134.28,1,13,0.4418,Deal Hunters,Automate win-back
C11947,364.3768,905.61,11,38,0.3058,Champions,Automate win-back
C05761,364.1581,745.84,12,16,0.2432,Champions,Maintain
C17718,364.1363,959.88,4,3,0.2674,Steady Regulars,Maintain
C00887,363.9715,513.24,16,27,0.1765,Champions,Maintain
C17852,363.9063,1392.54,14,107,0.3569,Champions,Automate win-back
C14521,363.6606,63.96,1,21,0.5493,New & Promising,Automate win-back
C16954,363.4902,561.45,13,33,0.2578,Champions,Maintain
C02181,363.3062,480.14,13,29,0.3098,Champions,Automate win-back
C16906,363.2396,1033.86,14,118,0.4816,Champions,Automate win-back
C15453,363.1674,700.94,12,23,0.3319,Champions,Automate win-back
C03575,362.931,513.86,3,16,0.1751,Steady Regulars,Maintain
C06743,362.6571,2348.01,4,4,0.2293,Champions,Maintain
C07135,362.5579,1205.67,15,39,0.2122,Champions,Maintain
C01825,362.5353,672.39,17,72,0.2049,Champions,Maintain
C13775,362.2256,418.74,4,17,0.337,Steady Regulars,Automate win-back
C10135,362.2248,1007.76,9,46,0.3893,Champions,Automate win-back
C02093,362.1499,667.47,3,19,0.197,Steady Regulars,Maintain
C08915,362.0651,1049.79,7,20,0.296,Champions,Maintain
C14688,361.9338,647.84,12,33,0.3757,Champions,Automate win-back
C13496,361.8322,264.49,3,30,0.2379,Steady Regulars,Maintain
C02021,361.6306,209.46,9,5,0.3101,Champions,Automate win-back
C13073,361.2532,1418.81,5,68,0.3462,Steady Regulars,Automate win-back
C16746,361.0878,501.58,8,9,0.2158,Champions,Maintain
C12721,361.0213,525.88,15,57,0.3021,Champions,Automate win-back
C15884,360.9802,273.35,2,33,0.2994,Steady Regulars,Maintain
C17448,360.9416,376.89,5,9,0.2104,Steady Regulars,Maintain
C11931,360.6981,869.72,10,22,0.2701,Champions,Maintain
C08067,360.6053,1079.81,11,75,0.3432,Champions,Automate win-back
C03502,360.4417,313.93,14,11,0.188,Champions,Maintain
C00046,360.2805,1090.27,4,17,0.3098,Steady Regulars,Automate win-back
C04893,360.2606,686.87,9,19,0.293,Champions,Maintain
C17163,360.1558,344.51,15,43,0.2569,Champions,Maintain
C06098,360.0799,1065.92,18,133,0.4656,Champions,Automate win-back
C13495,359.7638,1306.99,15,7,0.2069,Champions,Maintain
C13561,359.6508,339.32,6,14,0.305,Steady Regulars,Automate win-back
C11101,359.0509,1488.18,10,107,0.417,Champions,Automate win-back
C07944,358.8952,1070.66,8,5,0.2806,Champions,Maintain
C04290,358.8046,821.57,7,41,0.2845,Champions,Maintain
C08128,358.7483,913.6,4,21,0.2258,Steady Regulars,Maintain
C12849,358.4723,665.34,1,4,0.7604,Deal Hunters,Automate win-back
C17070,358.4441,22.99,1,21,0.7066,New & Promising,Automate win-back
C16185,358.3019,1219.88,15,92,0.3127,Champions,Automate win-back
C03020,358.0836,95.98,1,9,0.5613,New & Promising,Automate win-back
C05995,358.0483,79.05,10,4,0.3322,Champions,Automate win-back
C16674,357.9474,1017.91,16,98,0.373,Champions,Automate win-back
C06840,357.9096,708.88,9,48,0.3285,Champions,Automate win-back
C14309,357.7585,844.39,7,18,0.2938,Champions,Maintain
C09807,357.6449,734.91,6,69,0.2571,Steady Regulars,Maintain
C12350,357.6437,1065.04,6,136,0.6207,Steady Regulars,Automate win-back
C05175,357.2784,241.49,10,23,0.2616,Champions,Maintain
C04029,357.011,597.0,13,82,0.2847,Champions,Maintain
C10580,356.7246,343.94,1,49,0.4699,Steady Regulars,Automate win-back
C04682,356.6556,67.96,1,11,0.5033,New & Promising,Automate win-back
C10030,356.5807,1012.08,16,125,0.4834,Champions,Automate win-back
C07767,356.4816,664.81,5,27,0.2824,Steady Regulars,Maintain
C12451,356.3295,375.43,3,36,0.2935,Steady Regulars,Maintain
C14457,356.319,392.95,3,59,0.3414,Steady Regulars,Automate win-back
C02992,356.2998,1302.06,18,123,0.4709,Champions,Automate win-back
C16743,356.2259,1336.7,8,38,0.3142,Champions,Automate win-back
C04315,356.2189,795.92,25,130,0.5147,Champions,Automate win-back
C14698,356.0321,413.61,7,5,0.3455,Champions,Automate win-back
C11417,355.7136,505.75,3,31,0.3784,Steady Regulars,Automate win-back
C04192,355.5758,1743.24,10,2,0.2462,Champions,Maintain
C03420,355.5036,144.52,2,18,0.2768,New & Promising,Maintain
C06151,355.4933,935.37,13,18,0.1689,Champions,Maintain
C17305,355.3834,529.89,13,4,0.2465,Champions,Maintain
C00289,355.1894,1241.87,13,107,0.4114,Champions,Automate win-back
C08195,355.0115,1064.84,11,127,0.3737,Champions,Automate win-back
C12653,354.7841,51.17,1,13,0.4318,New & Promising,Automate win-back
C08563,354.6742,875.11,3,6,0.2321,Steady Regulars,Maintain
C13691,354.4132,1443.32,10,14,0.2553,Champions,Maintain
C06332,354.412,1305.84,9,5,0.249,Champions,Maintain
C17522,354.2232,274.11,3,13,0.2424,Steady Regulars,Maintain
C00347,354.2051,904.09,13,9,0.281,Champions,Maintain
C13361,354.177,224.86,3,39,0.3475,Deal Hunters,Automate win-back
C15400,354.1283,410.94,4,10,0.2887,Steady Regulars,Maintain
C11328,353.6579,918.88,15,108,0.3334,Champions,Automate win-back
C16381,353.6228,548.76,3,20,0.3144,Steady Regulars,Automate win-back
C01266,353.6163,441.87,6,3,0.3267,Champions,Automate win-back
C08768,353.3746,590.88,6,21,0.2774,Steady Regulars,Maintain
C07153,353.2759,658.42,8,16,0.3909,Champions,Automate win-back
C16331,353.2593,1007.87,13,41,0.2978,Champions,Maintain
C10954,353.1506,80.96,2,19,0.3977,Deal Hunters,Automate win-back
C03819,353.1425,141.97,1,3,0.5845,New & Promising,Automate win-back
C02256,353.0987,1178.22,4,46,0.3239,Steady Regulars,Automate win-back
C05453,353.0393,277.24,4,46,0.3995,Steady Regulars,Automate win-back
C10911,352.8184,206.98,1,63,0.5725,Steady Regulars,Automate win-back
C01222,352.4763,1001.15,10,36,0.3265,Champions,Automate win-back
C11076,352.3868,621.92,11,80,0.3426,Champions,Automate win-back
C01359,352.2195,940.92,12,26,0.2674,Champions,Maintain
C14106,351.9996,616.68,9,14,0.1728,Champions,Maintain
C13922,351.8841,216.55,12,3,0.2636,Champions,Maintain
C12362,351.8708,167.97,1,7,0.5237,New & Promising,Automate win-back
C11444,351.7352,129.94,2,15,0.3103,Deal Hunters,Automate win-back
C14615,351.4012,281.94,2,49,0.2363,Steady Regulars,Maintain
C16929,351.3568,268.0,6,28,0.2317,New & Promising,Maintain
C03736,351.2981,127.54,1,10,0.4665,Deal Hunters,Automate win-back
C09136,351.1135,841.62,5,23,0.2515,Champions,Maintain
C13960,350.7425,455.59,7,58,0.3924,Steady Regulars,Automate win-back
C08235,350.3468,1484.5,10,9,0.328,Champions,Automate win-back
C01350,350.2231,577.97,5,11,0.2012,Champions,Maintain
C09464,350.1215,1048.88,13,31,0.2089,Champions,Maintain
C02216,350.1109,1031.13,15,17,0.2639,Champions,Maintain
C12422,350.0878,507.7,9,18,0.3734,Champions,Automate win-back
C04072,350.0101,798.26,10,41,0.3625,Champions,Automate win-back
C05537,349.9906,1391.86,6,18,0.264,Champions,Maintain
C02525,349.969,563.88,5,15,0.315,Champions,Automate win-back
C15471,349.7025,613.05,7,76,0.3069,Champions,Automate win-back
C14101,349.6968,1203.74,18,87,0.2932,Champions,Maintain
C16793,349.696,512.96,1,51,0.5729,Steady Regulars,Automate win-back
C02018,349.4292,147.48,13,34,0.2376,Champions,Maintain
C07852,349.0605,177.96,10,25,0.295,Champions,Maintain
C15393,348.7102,851.13,15,33,0.257,Champions,Maintain
C04823,348.5915,1239.42,12,55,0.3311,Champions,Automate win-back
C01505,348.4766,888.89,3,26,0.2604,Steady Regulars,Maintain
C08183,348.3741,296.65,15,110,0.358,Champions,Automate win-back
C14837,348.2704,849.45,6,14,0.2073,Steady Regulars,Maintain
C10672,348.1408,222.27,3,31,0.3019,Steady Regulars,Automate win-back
C07916,347.9186,633.86,9,6,0.2132,Champions,Maintain
C17619,347.8814,124.98,1,23,0.5358,New & Promising,Automate win-back
C01966,347.7287,1233.78,8,6,0.2695,Champions,Maintain
C03171,347.7116,158.95,1,24,0.4837,New & Promising,Automate win-back
C17330,347.5224,334.98,1,7,0.6968,New & Promising,Automate win-back
C02198,347.2051,582.37,10,14,0.3592,Champions,Automate win-back
C12236,347.2046,395.95,1,53,0.5446,Steady Regulars,Automate win-back
C17878,347.1694,684.61,8,24,0.2568,Champions,Maintain
C03464,346.9604,876.96,12,32,0.2531,Champions,Maintain
C07528,346.8999,808.29,14,37,0.2166,Champions,Maintain
C16168,346.6041,219.97,2,33,0.3855,Steady Regulars,Automate win-back
C17441,346.4062,1235.56,7,130,0.4458,Steady Regulars,Automate win-back
C01472,346.2959,662.68,15,19,0.1762,Champions,Maintain
C05523,346.2582,396.97,2,3,0.445,Steady Regulars,Automate win-back
C12528,346.0615,701.31,14,19,0.2534,Champions,Maintain
C05075,346.0384,73.56,1,29,0.6495,Deal Hunters,Automate win-back
C13343,345.7081,668.45,8,14,0.287,Champions,Maintain
C14481,345.577,918.61,10,94,0.3621,Champions,Automate win-back
C10151,345.4427,139.78,1,1,0.6969,New & Promising,Automate win-back
C01922,345.0861,1522.45,7,75,0.378,Champions,Automate win-back
C02954,344.9565,426.9,9,3,0.3634,Champions,Automate win-back
C06648,344.6406,528.91,6,4,0.2586,Champions,Maintain
C16348,344.6123,294.97,15,81,0.2922,Champions,Maintain
C03043,344.5122,597.92,12,29,0.3053,Champions,Automate win-back
C11104,344.4092,302.18,8,33,0.3195,Champions,Automate win-back
C11090,344.2791,817.85,15,126,0.4393,Champions,Automate win-back
C08983,344.1818,1141.63,9,34,0.2822,Champions,Maintain
C17851,344.1456,652.45,7,10,0.2234,Champions,Maintain
C16397,344.1011,776.4,13,23,0.3228,Champions,Automate win-back
C01823,344.0502,962.03,9,57,0.4267,Champions,Automate win-back
C13743,344.0372,1057.93,11,27,0.3328,Champions,Automate win-back
C12583,343.6554,653.71,4,49,0.3214,Steady Regulars,Automate win-back
C09617,343.3796,37.59,2,25,0.3973,Deal Hunters,Automate win-back
C16866,343.1608,771.64,6,33,0.2533,Steady Regulars,Maintain
C12810,342.9775,379.41,15,34,0.3078,Champions,Automate win-back
C06808,342.946,348.98,2,1,0.4515,Steady Regulars,Automate win-back
C12495,342.7518,1003.23,14,62,0.2281,Champions,Maintain
C17605,342.43,20.99,1,71,0.7059,New & Promising,Automate win-back
C11080,342.3819,1543.65,7,63,0.2612,Champions,Maintain
C04441,342.3295,398.9,14,94,0.3306,Champions,Automate win-back
C04195,342.1545,397.98,1,9,0.6886,New & Promising,Automate win-back
C05662,342.0916,1611.84,7,28,0.2922,Champions,Maintain
C17037,341.6904,1064.85,7,21,0.3033,Champions,Automate win-back
C09648,341.6236,347.96,12,15,0.2749,Champions,Maintain
C04674,341.6036,681.84,17,62,0.2214,Champions,Maintain
C09117,341.6028,1335.28,11,47,0.3488,Champions,Automate win-back
C16576,341.6022,590.37,7,14,0.189,Champions,Maintain
C09577,341.5106,1160.69,5,86,0.3379,Steady Regulars,Automate win-back
C16402,341.3657,167.98,1,24,0.5631,New & Promising,Automate win-back
C10349,341.3656,87.97,2,55,0.4446,New & Promising,Automate win-back
C17391,341.2679,385.49,5,29,0.2755,Steady Regulars,Maintain
C03032,340.993,418.95,14,22,0.2372,Champions,Maintain
C09052,340.9785,639.94,1,26,0.6255,Steady Regulars,Automate win-back
C05619,340.9437,67.96,1,5,0.5578,New & Promising,Automate win-back
C17272,340.7167,244.18,1,19,0.45,New & Promising,Automate win-back
C13650,340.6254,175.96,2,50,0.3394,New & Promising,Automate win-back
C09842,340.3408,920.51,3,15,0.2791,Steady Regulars,Maintain
C00251,340.2992,680.3,10,14,0.3567,Champions,Automate win-back
C08106,340.2152,313.92,1,85,0.4966,Steady Regulars,Automate win-back
C15668,340.2083,939.91,10,19,0.2934,Champions,Maintain
C13418,340.0892,2194.64,13,118,0.5046,Champions,Automate win-back
C11536,339.5966,69.98,1,28,0.6653,New & Promising,Automate win-back
C08263,339.5819,654.78,16,62,0.2181,Champions,Maintain
C12995,339.5533,603.96,1,51,0.6236,Steady Regulars,Automate win-back
C13822,339.4539,137.96,2,6,0.3707,New & Promising,Automate win-back
C04253,339.3655,977.81,14,34,0.1932,Champions,Maintain
C12493,339.339,312.75,12,13,0.2463,Champions,Maintain
C16592,339.3147,851.79,13,80,0.3118,Champions,Automate win-back
C11780,339.2847,499.85,10,8,0.2838,Champions,Maintain
C10942,339.1471,117.07,2,18,0.3507,New & Promising,Automate win-back
C08110,338.8865,247.13,13,23,0.2338,Champions,Maintain
C13542,338.1925,437.93,3,42,0.3282,Steady Regulars,Automate win-back
C08031,338.1765,1555.72,10,53,0.3415,Champions,Automate win-back
C10641,337.9833,523.96,1,4,0.61,New & Promising,Automate win-back
C05737,337.6367,701.4,15,4,0.2603,Champions,Maintain
C14832,337.6048,1040.79,20,96,0.338,Champions,Automate win-back
C12365,337.5877,101.98,1,7,0.5947,New & Promising,Automate win-back
C00962,337.5632,537.87,14,47,0.2651,Champions,Maintain
C07526,337.4498,50.38,2,11,0.4092,Deal Hunters,Automate win-back
C00233,336.9892,220.99,1,49,0.6574,New & Promising,Automate win-back
C05562,336.7455,1344.5,8,37,0.3632,Champions,Automate win-back
C05276,336.6524,88.19,1,37,0.543,Deal Hunters,Automate win-back
C08771,336.5593,158.54,1,11,0.4383,Deal Hunters,Automate win-back
C01602,336.4846,575.03,8,25,0.2922,Steady Regulars,Maintain
C06851,336.3847,463.95,12,64,0.3813,Champions,Automate win-back
C12121,336.2463,2678.89,4,58,0.2851,Steady Regulars,Maintain
C01434,335.9577,734.12,10,25,0.2255,Champions,Maintain
C04996,335.8884,1144.87,7,47,0.3262,Champions,Automate win-back
C16705,335.5568,601.61,11,8,0.295,Champions,Maintain
C15587,335.5499,100.97,1,24,0.5955,New & Promising,Automate win-back
C14903,335.4599,1013.91,9,16,0.2503,Champions,Maintain
C09480,335.2061,1376.78,7,13,0.23,Champions,Maintain
C06129,335.1784,412.95,1,5,0.5335,New & Promising,Automate win-back
C01015,335.1749,1083.56,10,5,0.2656,Champions,Maintain
C02624,335.0913,525.11,10,21,0.3675,Champions,Automate win-back
C02872,334.8101,1072.98,4,12,0.3051,Steady Regulars,Automate win-back
C04482,334.7522,500.9,8,120,0.5076,Steady Regulars,Automate win-back
C11186,334.4682,0.0,1,11,0.5272,New & Promising,Automate win-back
C12416,334.4313,895.71,11,65,0.368,Champions,Automate win-back
C11848,333.9923,537.55,4,21,0.2075,Steady Regulars,Maintain
C03410,333.9141,402.5,6,13,0.2687,Steady Regulars,Maintain
C13246,333.8609,151.99,1,52,0.6844,New & Promising,Automate win-back
C17974,333.7585,322.94,1,30,0.6407,Steady Regulars,Automate win-back
C15942,333.4406,892.28,28,128,0.6292,Champions,Automate win-back
C11051,333.2628,666.09,4,82,0.3519,Steady Regulars,Automate win-back
C04631,333.1511,1311.13,12,90,0.3122,Champions,Automate win-back
C03606,333.1263,544.92,7,6,0.332,Champions,Automate win-back
C00234,333.02,977.84,12,41,0.2563,Champions,Maintain
C12496,332.9914,1046.15,9,11,0.3682,Champions,Automate win-back
C01107,332.981,446.88,12,12,0.314,Champions,Automate win-back
C01280,332.9647,408.92,9,75,0.3377,Steady Regulars,Automate win-back
C12760,332.9606,804.03,4,58,0.3946,Steady Regulars,Automate win-back
C14478,332.6895,601.46,9,34,0.3847,Champions,Automate win-back
C02862,332.5685,569.94,9,62,0.3561,Champions,Automate win-back
C15155,332.4944,808.44,15,81,0.2929,Champions,Maintain
C01479,332.4367,158.99,1,8,0.5985,New & Promising,Automate win-back
C08472,332.3852,587.41,12,15,0.2898,Champions,Maintain
C04606,332.3355,932.93,9,55,0.3567,Champions,Automate win-back
C14408,332.2444,606.67,9,41,0.3083,Champions,Automate win-back
C02619,332.0961,904.68,12,89,0.3541,Champions,Automate win-back
C15469,332.0513,320.97,1,5,0.6904,New & Promising,Automate win-back
C11017,331.9671,1706.59,11,12,0.3143,Champions,Automate win-back
C16802,331.8874,7.99,1,47,0.7524,New & Promising,Automate win-back
C10626,331.8139,601.88,14,79,0.2889,Champions,Maintain
C12548,331.7144,273.97,1,22,0.6534,New & Promising,Automate win-back
C00468,331.6123,859.83,18,105,0.3435,Champions,Automate win-back
C17609,331.2833,482.96,2,44,0.4102,Steady Regulars,Automate win-back
C02848,331.1754,1115.89,4,24,0.3504,Steady Regulars,Automate win-back
C11063,330.9778,273.43,3,81,0.4267,Steady Regulars,Automate win-back
C17473,330.9111,474.15,11,16,0.1783,Champions,Maintain
C07475,330.8212,442.95,1,61,0.5602,Steady Regulars,Automate win-back
C12449,330.7275,1048.83,16,106,0.3245,Champions,Automate win-back
C15979,330.6475,1200.9,8,18,0.4126,Champions,Automate win-back
C05343,330.2992,1128.13,23,130,0.5255,Champions,Automate win-back
C11671,330.2371,841.77,4,5,0.2975,Steady Regulars,Maintain
C09866,330.1429,134.98,1,9,0.6055,New & Promising,Automate win-back
C08054,330.1287,666.89,15,100,0.3227,Champions,Automate win-back
C11833,330.0197,693.84,8,19,0.2321,Champions,Maintain
C04251,330.0182,665.16,5,104,0.4118,Steady Regulars,Automate win-back
C08479,329.9424,384.22,9,33,0.2934,Champions,Maintain
C04184,329.9017,427.43,15,15,0.1223,Champions,Maintain
C01269,329.8415,1183.88,12,74,0.3441,Champions,Automate win-back
C06845,329.4777,233.98,1,20,0.6995,New & Promising,Automate win-back
C15886,329.456,846.93,11,59,0.3886,Champions,Automate win-back
C12912,329.3566,322.89,4,12,0.3118,Steady Regulars,Automate win-back
C16095,329.1853,1745.12,9,87,0.3236,Champions,Automate win-back
C03007,329.0586,163.96,20,42,0.1657,Champions,Maintain
C03359,328.9241,497.9,3,65,0.3574,Steady Regulars,Automate win-back
C07879,328.8516,144.98,2,56,0.4037,New & Promising,Automate win-back
C11529,328.5875,55.99,1,6,0.5211,New & Promising,Automate win-back
C10691,328.507,1398.63,6,34,0.2727,Steady Regulars,Maintain
C15456,328.283,555.37,4,16,0.3737,Steady Regulars,Automate win-back
C09551,328.0238,297.56,2,9,0.3497,Deal Hunters,Automate win-back
C11285,327.6473,715.38,5,12,0.2194,Steady Regulars,Maintain
C03182,327.6043,1592.2,21,129,0.5655,Champions,Automate win-back
C09369,327.52,517.97,1,30,0.6935,Deal Hunters,Automate win-back
C15799,327.2774,664.97,12,28,0.2299,Champions,Maintain
C02744,327.2169,1098.81,10,12,0.2772,Champions,Maintain
C09761,327.2059,490.52,10,22,0.2274,Champions,Maintain
C15633,327.1064,882.98,5,77,0.413,Steady Regulars,Automate win-back
C06891,327.0963,215.94,1,2,0.7135,New & Promising,Automate win-back
C13620,327.0109,1144.95,9,29,0.2939,Champions,Maintain
C13022,326.7918,907.88,10,117,0.4628,Champions,Automate win-back
C02094,326.7822,680.12,12,85,0.2903,Champions,Maintain
C02717,326.6955,53.68,1,10,0.4476,Deal Hunters,Automate win-back
C02366,326.617,984.27,23,142,0.4826,Champions,Automate win-back
C17167,326.5811,174.57,1,29,0.5593,New & Promising,Automate win-back
C13994,326.4848,903.11,7,31,0.2927,Steady Regulars,Maintain
C03233,326.3287,614.96,4,15,0.3207,Steady Regulars,Automate win-back
C14794,326.2372,149.57,2,14,0.3873,New & Promising,Automate win-back
C00714,326.184,171.38,2,75,0.4246,Deal Hunters,Automate win-back
C02089,325.9172,813.16,19,105,0.3223,Champions,Automate win-back
C02806,325.8848,220.99,1,23,0.6461,New & Promising,Automate win-back
C06249,325.8393,833.27,7,26,0.2437,Champions,Maintain
C04563,325.7529,108.76,2,12,0.3126,Deal Hunters,Automate win-back
C13116,325.7363,271.94,2,58,0.3226,Steady Regulars,Automate win-back
C10247,325.7007,573.74,4,75,0.3668,Steady Regulars,Automate win-back
C17562,325.6319,673.7,9,1,0.2615,Champions,Maintain
C00764,325.5984,10.99,1,75,0.697,New & Promising,Automate win-back
C15849,325.5839,675.0,13,53,0.3302,Champions,Automate win-back
C13078,325.2958,146.96,1,5,0.6713,New & Promising,Automate win-back
C06093,325.1441,1208.71,6,59,0.2843,Steady Regulars,Maintain
C10973,325.0544,1257.94,15,117,0.4237,Champions,Automate win-back
C14377,324.8214,1040.32,4,62,0.3519,Steady Regulars,Automate win-back
C15911,324.7537,581.6,7,11,0.2152,Champions,Maintain
C10415,324.4874,571.9,3,40,0.4226,Steady Regulars,Automate win-back
C11832,324.3545,409.93,14,16,0.2738,Champions,Maintain
C08523,324.3004,392.71,11,31,0.3726,Champions,Automate win-back
C08407,324.216,334.97,1,55,0.6567,Steady Regulars,Automate win-back
C03486,324.2111,419.93,10,49,0.3814,Champions,Automate win-back
C10673,324.0868,389.86,14,9,0.2056,Champions,Maintain
C15347,324.0093,324.66,4,29,0.3956,Steady Regulars,Automate win-back
C00551,323.9975,1101.9,10,46,0.3614,Champions,Automate win-back
C17180,323.8421,459.91,10,45,0.3822,Champions,Automate win-back
C08303,323.7063,370.95,1,16,0.7063,Steady Regulars,Automate win-back
C03687,323.689,594.34,11,20,0.4012,Champions,Automate win-back
C17888,323.6528,212.56,2,16,0.2415,New & Promising,Maintain
C09207,323.5368,326.68,5,47,0.3137,Steady Regulars,Automate win-back
C14045,323.2674,1365.24,13,18,0.2272,Champions,Maintain
C10308,323.1582,109.95,2,9,0.3072,New & Promising,Automate win-back
C04553,323.139,112.98,1,28,0.6518,New & Promising,Automate win-back
C03550,322.9582,98.96,4,18,0.2724,Deal Hunters,Maintain
C08932,322.7305,383.56,1,30,0.5665,Steady Regulars,Automate win-back
C10492,322.3257,313.33,11,32,0.2999,Champions,Maintain
C10728,322.2857,726.74,2,15,0.2596,Steady Regulars,Maintain
C10277,322.1979,16.99,1,71,0.7099,New & Promising,Automate win-back
C06448,322.096,508.67,6,62,0.3432,Steady Regulars,Automate win-back
C15616,322.0124,541.39,5,50,0.313,Steady Regulars,Automate win-back
C00028,321.9293,26.99,1,78,0.67,New & Promising,Automate win-back
C01341,321.9083,117.16,2,59,0.389,New & Promising,Automate win-back
C09285,321.8117,770.96,10,12,0.2786,Champions,Maintain
C12190,321.642,553.52,13,79,0.3474,Champions,Automate win-back
C13250,321.6199,722.63,15,14,0.2858,Champions,Maintain
C10258,321.508,350.29,11,10,0.3018,Champions,Automate win-back
C04481,321.3992,340.78,5,56,0.3493,Steady Regulars,Automate win-back
C04129,321.395,137.47,1,10,0.4726,New & Promising,Automate win-back
C02255,321.3419,1517.79,9,137,0.4438,Champions,Automate win-back
C13669,321.341,158.45,5,34,0.353,Steady Regulars,Automate win-back
C02920,321.3141,512.52,2,31,0.4089,Steady Regulars,Automate win-back
C11539,321.2112,329.91,4,74,0.3144,Steady Regulars,Automate win-back
C17804,321.1506,166.14,1,14,0.4494,New & Promising,Automate win-back
C00980,320.867,633.85,4,47,0.3427,Steady Regulars,Automate win-back
C16992,320.8661,608.89,12,71,0.3932,Champions,Automate win-back
C09049,320.86,440.91,9,75,0.3695,Champions,Automate win-back
C17052,320.8531,216.9,3,6,0.2551,Steady Regulars,Maintain
C00698,320.6488,492.4,4,36,0.3606,Deal Hunters,Automate win-back
C09744,320.6356,116.97,2,11,0.3464,New & Promising,Automate win-back
C06358,320.5232,405.26,13,67,0.3167,Champions,Automate win-back
C14226,320.438,970.18,9,9,0.315,Champions,Automate win-back
C05063,320.325,164.78,1,27,0.6629,New & Promising,Automate win-back
C15218,320.2226,398.03,4,64,0.2909,Steady Regulars,Maintain
C08273,320.0977,929.78,14,104,0.3691,Champions,Automate win-back
C05037,320.0733,51.08,1,34,0.5206,Deal Hunters,Automate win-back
C00695,320.0474,1654.16,11,146,0.4872,Champions,Automate win-back
C02362,320.0174,1804.27,8,5,0.3432,Champions,Automate win-back
C17406,319.8788,809.71,17,121,0.4737,Champions,Automate win-back
C01182,319.8501,133.75,14,69,0.3026,Champions,Automate win-back
C11603,319.8221,939.99,9,136,0.6534,Steady Regulars,Automate win-back
C02273,319.7546,776.96,1,69,0.6832,Steady Regulars,Automate win-back
C10499,319.7335,253.16,1,27,0.5576,New & Promising,Automate win-back
C05026,319.7231,371.98,1,18,0.5865,Steady Regulars,Automate win-back
C03306,319.521,1318.12,4,29,0.2975,Steady Regulars,Maintain
C12308,318.8316,787.26,7,25,0.3123,Steady Regulars,Automate win-back
C14738,318.8242,202.93,2,18,0.3598,Deal Hunters,Automate win-back
C10900,318.7916,365.98,1,22,0.6059,Steady Regulars,Automate win-back
C01283,318.6989,404.94,1,60,0.5384,Steady Regulars,Automate win-back
C02032,318.6027,1213.13,9,10,0.3321,Champions,Automate win-back
C01443,318.3459,411.93,5,113,0.5088,Steady Regulars,Automate win-back
C11317,318.212,829.11,15,32,0.1998,Champions,Maintain
C15190,318.1357,59.47,1,34,0.5496,Deal Hunters,Automate win-back
C07126,317.8969,244.94,2,102,0.4196,Steady Regulars,Automate win-back
C03672,317.856,322.28,16,28,0.1746,Champions,Maintain
C10699,317.7167,215.97,1,53,0.4988,New & Promising,Automate win-back
C08148,317.6738,586.09,6,118,0.5073,Steady Regulars,Automate win-back
C03664,317.593,584.93,1,52,0.5853,Steady Regulars,Automate win-back
C07321,317.5493,261.98,1,25,0.5239,New & Promising,Automate win-back
C03926,317.4218,130.4,12,12,0.2936,Champions,Maintain
C01181,317.3456,487.19,7,19,0.2953,Champions,Maintain
C16991,317.3443,438.96,1,54,0.7052,Steady Regulars,Automate win-back
C11816,317.1381,1590.49,5,66,0.2874,Steady Regulars,Maintain
C16840,317.1307,550.52,5,4,0.3172,Steady Regulars,Automate win-back
C14432,316.6946,1033.95,2,41,0.2822,Steady Regulars,Maintain
C14904,316.6514,287.99,1,59,0.6637,Deal Hunters,Automate win-back
C07957,316.5425,778.92,5,14,0.3253,Steady Regulars,Automate win-back
C06732,316.4779,1298.88,12,86,0.3346,Champions,Automate win-back
C11609,316.2205,677.63,13,37,0.2765,Champions,Maintain
C05751,315.756,152.98,1,50,0.6825,New & Promising,Automate win-back
C10361,315.4718,657.69,6,17,0.1963,Champions,Maintain
C14154,315.3938,294.95,1,71,0.5505,Steady Regulars,Automate win-back
C11487,315.1161,651.95,7,52,0.3339,Champions,Automate win-back
C17062,314.9585,1281.35,14,14,0.2531,Champions,Maintain
C16027,314.8895,640.87,3,49,0.3445,Steady Regulars,Automate win-back
C10651,314.5964,1439.43,9,161,0.516,Steady Regulars,Automate win-back
C02931,314.5379,729.94,11,2,0.3057,Champions,Automate win-back
C01773,314.0733,67.25,1,19,0.5651,Deal Hunters,Automate win-back
C01470,313.9896,560.86,4,40,0.2847,Steady Regulars,Maintain
C18000,313.8246,834.5,5,35,0.3114,Steady Regulars,Automate win-back
C06703,313.7503,97.19,1,20,0.5732,New & Promising,Automate win-back
C03635,313.7197,417.87,5,12,0.3133,Steady Regulars,Automate win-back
C06974,313.5381,1062.71,5,34,0.3966,Champions,Automate win-back
C05820,313.4429,808.13,8,97,0.4685,Steady Regulars,Automate win-back
C16717,313.4383,455.08,10,9,0.2962,Champions,Maintain
C11318,313.3718,891.12,15,13,0.2271,Champions,Maintain
C10967,313.3658,243.91,6,78,0.3793,Steady Regulars,Automate win-back
C06331,313.2583,276.99,2,15,0.4468,Steady Regulars,Automate win-back
C04850,313.246,1201.46,9,10,0.2827,Champions,Maintain
C17364,313.0889,333.97,1,13,0.6587,New & Promising,Automate win-back
C17770,313.0518,825.92,3,57,0.375,Steady Regulars,Automate win-back
C00937,312.9805,366.91,20,98,0.3727,Champions,Automate win-back
C11296,312.8168,1591.79,15,78,0.2891,Champions,Maintain
C17594,312.7092,530.91,6,2,0.3267,Champions,Automate win-back
C06812,312.7086,770.89,6,117,0.4384,Steady Regulars,Automate win-back
C10988,312.571,175.68,1,32,0.5726,Deal Hunters,Automate win-back
C00515,312.5261,1790.81,6,7,0.3407,Champions,Automate win-back
C10465,312.4996,69.98,1,30,0.6928,New & Promising,Automate win-back
C06427,312.3374,487.88,15,109,0.3725,Champions,Automate win-back
C01261,312.3052,968.78,10,22,0.2863,Champions,Maintain
C11099,312.1979,361.95,5,10,0.3221,Steady Regulars,Automate win-back
C05649,312.1173,941.75,11,3,0.2262,Champions,Maintain
C09160,311.7131,170.29,2,37,0.3704,Deal Hunters,Automate win-back
C10244,311.6604,37.98,1,4,0.5864,New & Promising,Automate win-back
C13851,311.4136,513.21,12,33,0.3234,Champions,Automate win-back
C04353,311.2973,543.44,6,33,0.3216,Steady Regulars,Automate win-back
C09038,311.0867,869.89,5,12,0.3613,Champions,Automate win-back
C16242,310.994,1643.94,13,5,0.2134,Champions,Maintain
C07569,310.892,301.54,2,99,0.4874,Steady Regulars,Automate win-back
C01798,310.8254,175.93,4,71,0.5331,Steady Regulars,Automate win-back
C08075,310.7887,32.18,1,38,0.4656,Deal Hunters,Automate win-back
C03772,310.5932,536.71,9,120,0.416,Champions,Automate win-back
C15095,310.5657,477.11,7,5,0.2244,Champions,Maintain
C00671,310.5446,390.65,1,24,0.6454,Steady Regulars,Automate win-back
C11677,310.4816,643.93,2,29,0.4138,Steady Regulars,Automate win-back
C16581,310.4679,670.51,6,14,0.3094,Champions,Automate win-back
C03937,310.2387,596.68,5,22,0.3156,Champions,Automate win-back
C11342,310.0431,393.12,4,11,0.3832,Steady Regulars,Automate win-back
C01720,309.7943,523.93,3,73,0.3434,Steady Regulars,Automate win-back
C06649,309.7427,660.93,9,6,0.3148,Champions,Automate win-back
C17508,309.5799,908.91,8,21,0.2803,Champions,Maintain
C06805,309.4874,60.88,1,38,0.5595,Deal Hunters,Automate win-back
C11028,309.4125,127.34,1,36,0.5373,Deal Hunters,Automate win-back
C04597,309.4001,802.99,5,19,0.3453,Champions,Automate win-back
C13329,309.3986,983.92,5,10,0.312,Steady Regulars,Automate win-back
C02802,309.3006,270.95,11,55,0.4181,Champions,Automate win-back
C16384,309.1128,97.57,2,50,0.3849,Deal Hunters,Automate win-back
C03228,309.0957,126.38,1,50,0.6794,Deal Hunters,Automate win-back
C17277,309.0232,384.55,1,25,0.5856,Deal Hunters,Automate win-back
C04350,308.6242,147.96,2,26,0.4099,New & Promising,Automate win-back
C11818,308.6127,346.95,11,66,0.3604,Champions,Automate win-back
C13243,308.5244,905.59,6,2,0.282,Champions,Maintain
C02618,308.4766,93.08,2,32,0.5234,Deal Hunters,Automate win-back
C15320,308.3854,149.76,1,32,0.66,Deal Hunters,Automate win-back
C15955,308.1982,63.99,1,21,0.6543,New & Promising,Automate win-back
C04745,307.999,1874.05,7,73,0.3708,Champions,Automate win-back
C04664,307.8738,387.9,10,42,0.349,Steady Regulars,Automate win-back
C08620,307.7953,396.21,3,8,0.3769,Steady Regulars,Automate win-back
C02344,307.6717,1020.67,13,12,0.248,Champions,Maintain
C05798,307.5783,839.88,7,56,0.386,Champions,Automate win-back
C14745,307.4282,150.45,9,37,0.3887,Champions,Automate win-back
C02950,307.1616,1168.89,8,86,0.3954,Champions,Automate win-back
C05667,306.6635,306.98,9,25,0.3827,Champions,Automate win-back
C01014,306.5942,139.96,8,20,0.3348,Champions,Automate win-back
C00408,306.5752,208.96,16,87,0.2824,Champions,Maintain
C11559,306.3988,314.36,4,47,0.3399,Steady Regulars,Automate win-back
C16170,306.3932,154.57,1,26,0.5339,New & Promising,Automate win-back
C17901,306.3162,569.9,4,105,0.4186,Steady Regulars,Automate win-back
C17233,306.1031,125.77,1,27,0.6596,New & Promising,Automate win-back
C14034,306.0577,965.82,6,118,0.5468,Steady Regulars,Automate win-back
C11703,306.0569,593.34,5,38,0.3965,Steady Regulars,Automate win-back
C11231,305.9957,1506.6,7,97,0.3997,Steady Regulars,Automate win-back
C14441,305.9628,711.03,5,14,0.3131,Champions,Automate win-back
C16293,305.44,119.78,1,21,0.5429,New & Promising,Automate win-back
C12112,305.4239,910.85,10,15,0.3453,Champions,Automate win-back
C14476,305.2856,172.15,3,32,0.403,New & Promising,Automate win-back
C07493,305.2561,128.37,2,22,0.4093,New & Promising,Automate win-back
C06213,305.2131,1227.25,11,15,0.3446,Champions,Automate win-back
C12156,305.2061,2876.91,12,146,0.632,Champions,Automate win-back
C17664,304.9466,1172.94,7,47,0.4126,Steady Regulars,Automate win-back
C05029,304.9378,1223.8,25,139,0.5921,Champions,Automate win-back
C17958,304.7762,465.96,14,79,0.3233,Champions,Automate win-back
C02149,304.5784,572.91,11,114,0.3911,Champions,Automate win-back
C16867,304.5543,2272.42,10,77,0.335,Champions,Automate win-back
C09418,304.4496,322.92,4,110,0.3771,Steady Regulars,Automate win-back
C02020,304.4241,1070.86,15,102,0.4502,Champions,Automate win-back
C08251,304.0918,186.98,14,46,0.2727,Champions,Maintain
C17257,303.8828,285.45,7,16,0.2666,Champions,Maintain
C00030,303.8709,482.8,6,42,0.3157,Steady Regulars,Automate win-back
C02225,303.8686,658.12,15,26,0.1784,Champions,Maintain
C06751,303.7954,449.5,4,32,0.3353,Steady Regulars,Automate win-back
C01651,303.7769,905.08,9,30,0.3571,Champions,Automate win-back
C04057,303.1832,995.3,6,17,0.338,Champions,Automate win-back
C07464,303.0321,145.98,10,15,0.371,Champions,Automate win-back
C05016,303.0005,620.9,3,71,0.4629,Steady Regulars,Automate win-back
C01337,302.9786,431.65,2,18,0.2449,Steady Regulars,Maintain
C07473,302.8258,404.97,4,7,0.4789,Steady Regulars,Automate win-back
C04263,302.8122,270.92,10,104,0.5073,Champions,Automate win-back
C06548,302.6275,173.91,10,17,0.3332,Champions,Automate win-back
C06241,302.4386,542.2,11,60,0.3592,Champions,Automate win-back
C13381,302.3373,53.98,1,26,0.5413,New & Promising,Automate win-back
C03364,302.2849,122.98,1,3,0.574,New & Promising,Automate win-back
C17757,302.1499,676.36,1,62,0.6681,Deal Hunters,Automate win-back
C05656,302.0894,471.93,10,12,0.2816,Champions,Maintain
C16056,302.0374,949.88,5,18,0.2578,Steady Regulars,Maintain
C09901,301.7692,26.99,1,49,0.5773,New & Promising,Automate win-back
C08602,301.7144,231.17,2,61,0.387,Deal Hunters,Automate win-back
C02549,301.5435,576.7,4,116,0.5192,Steady Regulars,Automate win-back
C02029,301.424,1108.86,7,5,0.3226,Champions,Automate win-back
C15830,301.3597,1069.93,8,59,0.3572,Champions,Automate win-back
C14822,301.2982,960.3,3,60,0.3133,Steady Regulars,Automate win-back
C16109,301.2665,156.24,5,24,0.3143,Steady Regulars,Automate win-back
C08699,301.0498,718.93,4,1,0.2865,Steady Regulars,Maintain
C01277,300.5645,111.78,1,24,0.5229,Deal Hunters,Automate win-back
C01057,300.4272,252.51,11,61,0.3873,Champions,Automate win-back
C06329,300.4018,512.79,6,54,0.3464,Steady Regulars,Automate win-back
C02577,300.2391,1274.93,1,55,0.6856,Steady Regulars,Automate win-back
C01163,300.1396,362.5,5,6,0.3376,Steady Regulars,Automate win-back
C03431,300.0669,175.95,10,10,0.365,Champions,Automate win-back
C09459,300.05,464.95,1,43,0.6282,Steady Regulars,Automate win-back
C17250,299.7906,796.34,4,4,0.3328,Steady Regulars,Automate win-back
C14239,299.6103,837.89,7,6,0.2877,Champions,Maintain
C12971,299.5273,175.54,10,35,0.3614,Champions,Automate win-back
C12550,299.4872,423.93,12,18,0.343,Champions,Automate win-back
C11563,299.3032,438.96,1,59,0.5727,Steady Regulars,Automate win-back
C00656,299.2919,911.39,5,33,0.4402,Steady Regulars,Automate win-back
C16376,299.2086,956.86,6,145,0.464,Steady Regulars,Automate win-back
C08315,299.1819,410.54,12,29,0.3138,Champions,Automate win-back
C01620,299.1071,20.29,1,33,0.5538,Deal Hunters,Automate win-back
C16333,299.0502,203.67,1,37,0.6078,Deal Hunters,Automate win-back
C11731,298.9946,810.88,5,113,0.4719,Steady Regulars,Automate win-back
C06753,298.9638,1242.19,4,65,0.3904,Steady Regulars,Automate win-back
C13662,298.9345,321.95,2,83,0.3126,Steady Regulars,Automate win-back
C02918,298.8865,1531.83,8,25,0.3853,Champions,Automate win-back
C16517,298.6613,278.64,7,18,0.304,Champions,Automate win-back
C12513,298.6353,496.92,11,26,0.2601,Champions,Maintain
C10830,298.5286,1482.17,15,117,0.4052,Champions,Automate win-back
C16338,298.4446,50.98,2,1,0.3768,Deal Hunters,Automate win-back
C07919,298.3898,686.39,10,19,0.3201,Champions,Automate win-back
C08127,298.1868,484.33,6,60,0.3561,Steady Regulars,Automate win-back
C17418,298.0676,194.98,1,54,0.7028,New & Promising,Automate win-back
C05249,297.9415,579.2,5,33,0.3915,Steady Regulars,Automate win-back
C03026,297.8462,320.56,2,32,0.3446,Deal Hunters,Automate win-back
C12609,297.7365,812.03,4,18,0.3965,Steady Regulars,Automate win-back
C09517,297.445,419.2,6,29,0.3239,Steady Regulars,Automate win-back
C11286,297.1283,51.98,1,41,0.487,New & Promising,Automate win-back
C02847,297.0756,0.0,1,15,0.6009,New & Promising,Automate win-back
C12198,297.0537,163.96,16,27,0.2518,Champions,Maintain
C07176,296.6907,1361.19,5,97,0.3659,Steady Regulars,Automate win-back
C17646,296.611,52.47,1,35,0.518,Deal Hunters,Automate win-back
C16392,296.3264,382.53,1,16,0.5055,Steady Regulars,Automate win-back
C15953,296.3221,736.44,9,12,0.3728,Champions,Automate win-back
C12192,296.2748,422.95,4,88,0.4403,Steady Regulars,Automate win-back
C07802,296.1428,89.98,1,56,0.7058,New & Promising,Automate win-back
C13272,296.02,988.91,13,125,0.385,Champions,Automate win-back
C13367,296.0095,120.97,15,61,0.2723,Champions,Maintain
C04463,295.9679,481.91,6,13,0.3157,Steady Regulars,Automate win-back
C08929,295.8495,98.98,9,79,0.4155,Champions,Automate win-back
C10733,295.822,296.57,2,34,0.3054,Deal Hunters,Automate win-back
C05157,295.8148,418.01,6,88,0.3452,Steady Regulars,Automate win-back
C13140,295.6979,259.95,2,51,0.4717,Steady Regulars,Automate win-back
C09832,295.6454,259.97,1,56,0.5016,Steady Regulars,Automate win-back
C03220,295.5328,577.91,13,97,0.3554,Champions,Automate win-back
C10544,295.4927,659.96,8,34,0.3278,Champions,Automate win-back
C07350,295.4888,1053.83,7,61,0.3437,Steady Regulars,Automate win-back
C02228,295.3999,589.88,8,6,0.3015,Champions,Automate win-back
C10235,295.0022,351.93,11,18,0.3255,Champions,Automate win-back
C07482,294.9319,695.92,3,5,0.4169,Steady Regulars,Automate win-back
C09461,294.8889,164.97,1,8,0.6294,New & Promising,Automate win-back
C12857,294.74,481.08,7,44,0.3797,Steady Regulars,Automate win-back
C01514,294.6713,912.86,6,121,0.4976,Steady Regulars,Automate win-back
C08432,294.65,253.98,1,104,0.5963,Steady Regulars,Automate win-back
C14999,294.6453,911.88,5,11,0.3094,Champions,Automate win-back
C05952,294.5983,0.0,16,152,0.589,Champions,Automate win-back
C12338,294.592,1291.96,6,16,0.2958,Champions,Maintain
C14863,294.5282,54.99,1,30,0.6268,New & Promising,Automate win-back
C05179,294.4837,271.95,1,7,0.7262,New & Promising,Automate win-back
C00348,294.4482,870.33,4,26,0.2861,Steady Regulars,Maintain
C10905,294.4423,352.89,6,92,0.3773,Steady Regulars,Automate win-back
C08634,294.3674,294.77,7,33,0.2807,Steady Regulars,Maintain
C07129,294.3114,184.78,1,34,0.5794,Deal Hunters,Automate win-back
C15334,294.2772,264.51,4,73,0.3907,Steady Regulars,Automate win-back
C00167,294.254,1012.9,12,13,0.3294,Champions,Automate win-back
C07505,294.1966,248.94,10,120,0.4707,Champions,Automate win-back
C09637,294.1818,440.33,6,30,0.3483,Steady Regulars,Automate win-back
C09206,294.0085,274.91,12,119,0.4351,Champions,Automate win-back
C08685,293.8574,235.71,16,54,0.2475,Champions,Maintain
C06785,293.7076,327.04,1,10,0.6502,Deal Hunters,Automate win-back
C06186,293.6814,503.8,6,34,0.3649,Steady Regulars,Automate win-back
C14385,293.6747,683.65,10,100,0.4089,Champions,Automate win-back
C16089,293.6494,257.95,9,10,0.3786,Champions,Automate win-back
C14816,293.3925,539.88,3,72,0.319,Steady Regulars,Automate win-back
C04272,293.3279,762.92,6,57,0.3855,Steady Regulars,Automate win-back
C09173,293.1868,842.02,3,34,0.2798,Steady Regulars,Maintain
C05465,293.1519,1155.78,10,73,0.4429,Champions,Automate win-back
C12053,293.0698,1058.18,11,47,0.3632,Champions,Automate win-back
C01498,293.0572,558.94,4,40,0.4691,Steady Regulars,Automate win-back
C04249,293.0281,53.57,2,36,0.4175,Deal Hunters,Automate win-back
C02864,292.9589,69.97,2,31,0.4388,Deal Hunters,Automate win-back
C16673,292.9171,1139.69,6,18,0.3586,Champions,Automate win-back
C10969,292.8983,88.97,1,59,0.7245,New & Promising,Automate win-back
C08433,292.755,752.83,6,21,0.3292,Champions,Automate win-back
C03592,292.618,368.29,6,36,0.348,Steady Regulars,Automate win-back
C02095,292.4843,887.7,23,160,0.6264,Champions,Automate win-back
C12628,292.477,158.97,9,15,0.3544,Champions,Automate win-back
C04413,292.4172,498.93,4,15,0.3892,Steady Regulars,Automate win-back
C17597,292.3233,227.93,5,29,0.2618,Steady Regulars,Maintain
C13379,292.29,1048.0,10,20,0.3502,Champions,Automate win-back
C08678,292.1425,921.95,8,1,0.2774,Champions,Maintain
C13931,292.0622,228.28,6,1,0.4077,Steady Regulars,Automate win-back
C00001,291.9901,519.55,6,60,0.3731,Steady Regulars,Automate win-back
C03230,291.9667,876.77,7,1,0.2713,Champions,Maintain
C01936,291.8864,147.25,4,3,0.4252,Deal Hunters,Automate win-back
C04672,291.8798,860.89,4,48,0.3485,Steady Regulars,Automate win-back
C16640,291.784,362.96,5,27,0.4223,Steady Regulars,Automate win-back
C15736,291.7744,737.51,12,19,0.3355,Champions,Automate win-back
C05709,291.7308,829.86,9,5,0.3153,Champions,Automate win-back
C14373,291.6362,641.9,10,82,0.3512,Steady Regulars,Automate win-back
C17202,291.6236,317.9,11,6,0.2787,Champions,Maintain
C01845,291.5832,48.98,1,41,0.503,New & Promising,Automate win-back
C06800,291.4545,133.98,1,56,0.6887,New & Promising,Automate win-back
C08324,291.3999,983.82,11,14,0.3893,Champions,Automate win-back
C07499,291.2703,224.72,3,61,0.3621,Steady Regulars,Automate win-back
C05255,291.2532,1241.69,9,94,0.4321,Champions,Automate win-back
C06384,291.1461,460.87,7,51,0.411,Champions,Automate win-back
C16771,291.1194,944.4,10,150,0.4492,Steady Regulars,Automate win-back
C13704,291.0,601.85,6,72,0.3423,Steady Regulars,Automate win-back
C14351,290.9834,643.89,6,8,0.3431,Steady Regulars,Automate win-back
C02781,290.9484,483.21,8,3,0.346,Champions,Automate win-back
C14783,290.9256,970.32,7,40,0.3497,Champions,Automate win-back
C02929,290.9041,354.94,1,91,0.5518,Steady Regulars,Automate win-back
C10147,290.8339,539.95,1,71,0.6893,Steady Regulars,Automate win-back
C15876,290.6992,97.96,1,1,0.7724,New & Promising,Automate win-back
C07005,290.6102,819.92,20,134,0.5196,Champions,Automate win-back
C13209,290.5982,28.99,1,42,0.7526,New & Promising,Automate win-back
C12050,290.5692,248.05,2,67,0.3684,Steady Regulars,Automate win-back
C01907,290.4975,1023.42,11,22,0.3333,Champions,Automate win-back
C14998,290.339,185.98,1,44,0.6389,New & Promising,Automate win-back
C00400,290.2872,467.26,5,53,0.3641,Steady Regulars,Automate win-back
C08576,290.2598,107.74,1,34,0.5834,Deal Hunters,Automate win-back
C14818,290.254,501.73,3,103,0.5525,Steady Regulars,Automate win-back
C03019,290.1781,865.1,5,17,0.3441,Steady Regulars,Automate win-back
C08904,290.1777,370.89,5,2,0.2657,Steady Regulars,Maintain
C09940,290.0021,77.98,1,17,0.5939,New & Promising,Automate win-back
C17961,289.8729,55.95,1,65,0.5964,New & Promising,Automate win-back
C05162,289.7561,1269.86,11,24,0.2758,Champions,Maintain
C07141,289.6888,567.08,6,3,0.3277,Champions,Automate win-back
C10023,289.683,217.97,1,54,0.5386,Steady Regulars,Automate win-back
C13182,289.4032,950.06,9,33,0.4259,Champions,Automate win-back
C17309,289.3996,115.77,1,20,0.5168,Deal Hunters,Automate win-back
C09452,289.3614,827.88,3,54,0.4907,Steady Regulars,Automate win-back
C01970,289.2484,650.93,2,46,0.4694,Steady Regulars,Automate win-back
C00049,289.1426,414.93,5,22,0.3462,Steady Regulars,Automate win-back
C14551,289.1182,1229.05,5,20,0.2714,Steady Regulars,Maintain
C00336,289.0912,355.97,1,69,0.6406,Steady Regulars,Automate win-back
C11912,289.0594,276.99,1,22,0.695,New & Promising,Automate win-back
C13657,289.0176,577.05,5,8,0.26,Champions,Maintain
C09797,288.9873,1116.89,12,7,0.3164,Champions,Automate win-back
C13603,288.9478,260.73,7,13,0.3409,Champions,Automate win-back
C12395,288.8958,53.98,1,46,0.5257,New & Promising,Automate win-back
C14061,288.789,862.11,13,129,0.4415,Champions,Automate win-back
C13427,288.5325,317.61,2,21,0.4114,Steady Regulars,Automate win-back
C17910,288.4235,289.97,1,113,0.5932,Steady Regulars,Automate win-back
C17641,288.2894,820.9,9,12,0.3536,Champions,Automate win-back
C12000,288.2689,665.31,12,40,0.2938,Champions,Maintain
C11380,288.1314,338.96,10,119,0.447,Champions,Automate win-back
C08182,288.0783,34.99,1,13,0.5199,New & Promising,Automate win-back
C16704,288.0298,716.72,9,24,0.457,Champions,Automate win-back
C07116,287.8285,28.99,1,48,0.5017,New & Promising,Automate win-back
C07170,287.6584,953.59,5,15,0.3434,Steady Regulars,Automate win-back
C03106,287.6429,83.58,1,16,0.6118,New & Promising,Automate win-back
C03180,287.5228,98.37,1,20,0.6423,Deal Hunters,Automate win-back
C09146,287.362,1258.88,7,6,0.2892,Champions,Maintain
C17053,287.3199,84.98,1,11,0.5554,New & Promising,Automate win-back
C00871,287.2489,297.08,5,23,0.2939,Steady Regulars,Maintain
C16403,287.2247,263.12,9,31,0.322,Champions,Automate win-back
C04150,286.8422,316.66,5,96,0.5479,Steady Regulars,Automate win-back
C02412,286.7564,79.45,10,38,0.3939,Champions,Automate win-back
C09984,286.7275,871.6,5,19,0.4046,Champions,Automate win-back
C05217,286.3555,377.97,1,10,0.7839,New & Promising,Automate win-back
C03850,286.2682,28.99,1,54,0.5289,New & Promising,Automate win-back
C09714,286.0985,428.9,2,89,0.3523,Steady Regulars,Automate win-back
C04279,286.0188,437.92,14,106,0.3503,Champions,Automate win-back
C05749,286.0127,392.94,1,64,0.7354,Steady Regulars,Automate win-back
C08473,285.9195,926.82,5,60,0.3554,Steady Regulars,Automate win-back
C07555,285.6865,1508.82,3,50,0.3518,Steady Regulars,Automate win-back
C09399,285.5704,441.62,5,17,0.3946,Steady Regulars,Automate win-back
C16253,285.5211,280.64,8,12,0.3177,Champions,Automate win-back
C03084,285.3781,649.61,9,16,0.3367,Champions,Automate win-back
C01465,285.3325,1164.46,4,111,0.477,Steady Regulars,Automate win-back
C01279,285.2555,2166.51,8,127,0.5603,Champions,Automate win-back
C16549,285.1043,827.14,11,100,0.4735,Champions,Automate win-back
C10313,285.0835,1601.25,27,151,0.6793,Champions,Automate win-back
C14159,284.7503,485.29,14,21,0.2672,Champions,Maintain
C10987,284.6284,976.64,7,11,0.3416,Champions,Automate win-back
C14887,284.4726,753.46,8,13,0.3965,Champions,Automate win-back
C16459,284.3818,405.92,4,32,0.4443,Steady Regulars,Automate win-back
C07248,284.2243,182.97,11,71,0.3253,Champions,Automate win-back
C13244,284.1193,381.66,10,32,0.3854,Champions,Automate win-back
C02734,283.9682,63.96,1,6,0.7947,New & Promising,Automate win-back
C06677,283.88,819.35,10,147,0.4214,Champions,Automate win-back
C10144,283.8187,923.91,4,58,0.3424,Steady Regulars,Automate win-back
C15722,283.806,277.98,10,23,0.4084,Champions,Automate win-back
C00171,283.7922,1093.68,7,10,0.3295,Champions,Automate win-back
C11807,283.776,61.59,1,32,0.6478,Deal Hunters,Automate win-back
C05464,283.63,202.3,5,31,0.367,Steady Regulars,Automate win-back
C13636,283.4261,126.96,1,63,0.6701,New & Promising,Automate win-back
C01554,283.3479,140.86,1,1,0.7562,New & Promising,Automate win-back
C00688,283.2547,336.93,9,14,0.3526,Champions,Automate win-back
C02075,283.2478,339.54,25,140,0.5886,Champions,Automate win-back
C06177,283.0183,590.32,10,23,0.3867,Champions,Automate win-back
C14087,283.0134,237.95,10,90,0.3928,Champions,Automate win-back
C14691,282.9879,796.61,5,13,0.2648,Steady Regulars,Maintain
C00451,282.9688,84.98,1,25,0.6774,New & Promising,Automate win-back
C07551,282.9422,86.98,1,68,0.6812,New & Promising,Automate win-back
C02697,282.8463,773.85,10,26,0.3542,Champions,Automate win-back
C00977,282.6185,355.97,1,51,0.6656,Steady Regulars,Automate win-back
C16937,282.6185,350.97,1,50,0.6631,Steady Regulars,Automate win-back
C15378,282.4529,54.99,1,64,0.6192,New & Promising,Automate win-back
C03689,282.3908,241.13,13,91,0.3562,Champions,Automate win-back
C10459,282.1151,680.9,9,96,0.4482,Champions,Automate win-back
C04248,281.9414,1291.95,6,140,0.5681,Steady Regulars,Automate win-back
C02555,281.8948,548.46,1,61,0.646,Steady Regulars,Automate win-back
C11168,281.8813,625.94,9,13,0.4278,Champions,Automate win-back
C10884,281.8465,294.96,1,5,0.5915,New & Promising,Automate win-back
C13841,281.7068,602.89,13,28,0.2938,Champions,Maintain
C07996,281.6218,367.14,4,21,0.3157,Steady Regulars,Automate win-back
C09490,281.5832,779.94,6,6,0.3244,Champions,Automate win-back
C07848,281.5713,107.35,2,34,0.3791,Deal Hunters,Automate win-back
C05018,281.2266,230.98,1,118,0.5412,Steady Regulars,Automate win-back
C03870,281.2109,131.98,2,45,0.5848,New & Promising,Automate win-back
C01132,281.102,568.57,7,6,0.3263,Champions,Automate win-back
C09556,280.8372,41.99,1,100,0.671,New & Promising,Automate win-back
C14910,280.8244,831.92,11,77,0.3841,Champions,Automate win-back
C17986,280.8075,454.9,11,96,0.4304,Champions,Automate win-back
C00700,280.802,241.95,3,44,0.3359,Steady Regulars,Automate win-back
C15043,280.6789,883.46,13,48,0.2797,Champions,Maintain
C04825,280.6415,964.63,5,11,0.3707,Champions,Automate win-back
C04687,280.3581,994.64,6,136,0.4788,Steady Regulars,Automate win-back
C12311,280.2889,159.57,1,33,0.5375,Deal Hunters,Automate win-back
C17567,280.1886,121.06,1,33,0.6141,Deal Hunters,Automate win-back
C01275,280.1826,186.98,2,144,0.6467,Steady Regulars,Automate win-back
C09525,280.1347,703.09,4,31,0.3344,Steady Regulars,Automate win-back
C10624,280.0817,753.04,6,19,0.345,Champions,Automate win-back
C00257,279.8898,569.91,4,77,0.406,Steady Regulars,Automate win-back
C09177,279.7513,412.55,11,24,0.2815,Champions,Maintain
C17549,279.6003,713.53,11,43,0.3769,Champions,Automate win-back
C14605,279.5935,153.15,11,34,0.3791,Champions,Automate win-back
C03080,279.504,684.49,9,33,0.3369,Champions,Automate win-back
C15974,279.496,608.94,4,42,0.3834,Steady Regulars,Automate win-back
C06867,279.4846,452.99,1,15,0.6814,Steady Regulars,Automate win-back
C08940,279.4813,191.76,1,40,0.5766,Steady Regulars,Automate win-back
C01165,279.3742,57.99,1,14,0.4648,New & Promising,Automate win-back
C11075,279.3249,1378.9,11,79,0.2824,Steady Regulars,Maintain
C01625,279.2965,519.74,3,34,0.3782,Deal Hunters,Automate win-back
C00432,279.1895,1071.64,6,13,0.3,Champions,Maintain
C17699,279.1756,40.77,1,24,0.5983,Deal Hunters,Automate win-back
C15882,279.0706,301.9,4,29,0.3802,Steady Regulars,Automate win-back
C01522,279.0016,193.89,1,36,0.565,Deal Hunters,Automate win-back
C09896,278.9752,1248.89,11,145,0.4864,Champions,Automate win-back
C04478,278.8596,141.97,4,43,0.4096,New & Promising,Automate win-back
C07562,278.8294,627.95,4,79,0.3491,Steady Regulars,Automate win-back
C02843,278.7867,419.13,2,42,0.3167,Steady Regulars,Automate win-back
C02629,278.6744,176.03,4,61,0.3436,New & Promising,Automate win-back
C17234,278.5852,0.0,1,13,0.5743,Deal Hunters,Automate win-back
C12261,278.5766,496.92,4,54,0.3987,Steady Regulars,Automate win-back
C10607,278.5428,963.49,11,42,0.3023,Champions,Automate win-back
C16876,278.1676,332.98,1,74,0.6464,Steady Regulars,Automate win-back
C08819,277.9453,209.96,4,17,0.3626,Steady Regulars,Automate win-back
C17263,277.9002,514.9,8,48,0.352,Steady Regulars,Automate win-back
C15246,277.6809,151.99,1,39,0.7019,New & Promising,Automate win-back
C01155,277.592,1358.87,8,96,0.385,Steady Regulars,Automate win-back
C10743,277.5136,204.72,9,14,0.3193,Champions,Automate win-back
C15723,277.4677,57.99,1,22,0.5961,New & Promising,Automate win-back
C10279,277.2952,487.34,12,22,0.3021,Champions,Automate win-back
C08285,277.2047,78.37,1,36,0.5501,Deal Hunters,Automate win-back
C13874,276.9877,587.88,13,20,0.2827,Champions,Maintain
C05423,276.9024,238.4,10,74,0.3951,Champions,Automate win-back
C00935,276.6485,480.63,5,34,0.3326,Steady Regulars,Automate win-back
C15663,276.6383,480.43,5,19,0.3661,Champions,Automate win-back
C00239,276.6214,372.54,3,103,0.4808,Steady Regulars,Automate win-back
C01672,276.5473,440.98,2,21,0.4163,Steady Regulars,Automate win-back
C00116,276.4003,16.99,1,49,0.6649,New & Promising,Automate win-back
C02803,276.3921,258.35,3,13,0.4733,Steady Regulars,Automate win-back
C02203,276.0761,33.99,1,15,0.5102,New & Promising,Automate win-back
C11743,275.9133,446.78,8,34,0.3364,Steady Regulars,Automate win-back
C10878,275.7259,467.98,4,36,0.406,Steady Regulars,Automate win-back
C07470,275.6336,253.73,11,29,0.3067,Champions,Automate win-back
C00341,275.6123,28.98,2,11,0.4329,New & Promising,Automate win-back
C09809,275.5309,484.18,7,5,0.3652,Champions,Automate win-back
C17606,275.1239,869.78,5,22,0.2711,Steady Regulars,Maintain
C10577,275.053,842.93,12,112,0.4318,Steady Regulars,Automate win-back
C10823,274.8875,178.97,1,63,0.7436,New & Promising,Automate win-back
C03219,274.8672,532.34,5,58,0.3508,Steady Regulars,Automate win-back
C05912,274.7873,997.9,5,1,0.3605,Champions,Automate win-back
C05989,274.7617,377.83,11,132,0.4008,Champions,Automate win-back
C15492,274.7093,625.39,16,130,0.4837,Champions,Automate win-back
C01670,274.6339,404.53,2,47,0.3234,Steady Regulars,Automate win-back
C13556,274.5092,888.96,1,10,0.7599,Steady Regulars,Automate win-back
C09218,274.424,832.04,11,27,0.3598,Champions,Automate win-back
C10559,274.2924,472.57,13,16,0.2965,Champions,Maintain
C08646,274.2531,432.01,6,36,0.4178,Champions,Automate win-back
C12866,274.1276,139.98,1,44,0.6732,New & Promising,Automate win-back
C12390,274.0741,336.96,1,76,0.6271,Steady Regulars,Automate win-back
C06755,274.0379,1000.73,5,18,0.2634,Champions,Maintain
C10949,274.0,26.58,1,31,0.587,Deal Hunters,Automate win-back
C09616,273.9519,366.7,8,23,0.3601,Champions,Automate win-back
C05237,273.8462,20.99,1,79,0.7239,New & Promising,Automate win-back
C16768,273.6377,414.44,6,11,0.392,Steady Regulars,Automate win-back
C16997,273.6364,1079.86,3,156,0.6889,Steady Regulars,Automate win-back
C07385,273.6336,705.38,7,5,0.341,Champions,Automate win-back
C14259,273.5605,1138.9,17,134,0.4868,Champions,Automate win-back
C00862,273.464,429.26,2,36,0.3973,Steady Regulars,Automate win-back
C06863,273.3375,169.96,11,23,0.2684,Champions,Maintain
C01946,273.1935,58.99,1,22,0.6182,New & Promising,Automate win-back
C11515,273.0982,867.84,9,126,0.4652,Champions,Automate win-back
C10246,273.0959,386.94,10,133,0.496,Champions,Automate win-back
C03276,272.9862,0.0,1,45,0.763,New & Promising,Automate win-back
C04768,272.8403,131.97,1,22,0.7119,New & Promising,Automate win-back
C11187,272.7649,81.77,1,12,0.5771,Deal Hunters,Automate win-back
C12060,272.5553,869.34,5,40,0.3273,Steady Regulars,Automate win-back
C16844,272.4771,1098.08,6,66,0.395,Steady Regulars,Automate win-back
C11637,272.2711,111.96,1,57,0.6872,New & Promising,Automate win-back
C01727,272.1852,583.9,1,77,0.6188,Steady Regulars,Automate win-back
C13227,272.1793,102.98,1,9,0.5933,New & Promising,Automate win-back
C11643,272.0761,459.92,4,5,0.3138,Steady Regulars,Automate win-back
C17896,272.0536,352.04,1,33,0.5968,Deal Hunters,Automate win-back
C07665,271.9298,92.98,1,58,0.6664,New & Promising,Automate win-back
C08336,271.7545,290.97,1,71,0.5826,Steady Regulars,Automate win-back
C01899,271.67,1696.97,15,130,0.4371,Champions,Automate win-back
C16020,271.455,1314.8,8,157,0.5959,Steady Regulars,Automate win-back
C04562,271.4201,48.78,2,111,0.5631,Deal Hunters,Automate win-back
C01248,271.386,592.8,9,33,0.3547,Champions,Automate win-back
C16202,271.0206,116.96,5,14,0.3669,Champions,Automate win-back
C16930,270.8404,50.39,1,31,0.5648,Deal Hunters,Automate win-back
C07568,270.7763,767.9,5,32,0.3474,Steady Regulars,Automate win-back
C08154,270.7548,705.59,9,71,0.5018,Steady Regulars,Automate win-back
C00355,270.65,293.25,5,117,0.4966,Steady Regulars,Automate win-back
C03158,270.5684,455.36,7,74,0.4237,Steady Regulars,Automate win-back
C12755,270.5282,838.29,5,25,0.3299,Steady Regulars,Automate win-back
C10162,270.4123,620.88,12,65,0.3557,Champions,Automate win-back
C00633,270.134,361.41,10,22,0.3359,Champions,Automate win-back
C09723,270.1061,446.31,5,10,0.3544,Champions,Automate win-back
C11450,270.0707,279.93,7,117,0.5011,Steady Regulars,Automate win-back
C04480,269.9432,462.55,3,82,0.5436,Steady Regulars,Automate win-back
C10500,269.9292,671.95,4,19,0.5328,Steady Regulars,Automate win-back
C04948,269.815,632.26,9,9,0.3204,Champions,Automate win-back
C07417,269.7219,105.98,1,28,0.7345,New & Promising,Automate win-back
C00936,269.6413,1032.84,25,156,0.6624,Champions,Automate win-back
C12468,269.6226,409.96,2,47,0.3754,Steady Regulars,Automate win-back
C07740,269.5469,1231.38,9,36,0.2959,Champions,Maintain
C01544,269.4386,40.97,1,39,0.7494,New & Promising,Automate win-back
C08713,269.4358,1126.89,4,65,0.3671,Steady Regulars,Automate win-back
C06002,269.3765,184.98,2,12,0.4414,Steady Regulars,Automate win-back
C07866,269.3441,262.97,1,116,0.5765,Steady Regulars,Automate win-back
C13109,269.3239,41.29,1,34,0.7571,Deal Hunters,Automate win-back
C04561,269.3014,717.16,6,12,0.3469,Steady Regulars,Automate win-back
C07618,269.2809,810.95,5,92,0.4176,Steady Regulars,Automate win-back
C04746,269.07,178.97,12,38,0.3002,Champions,Automate win-back
C10302,269.0572,254.85,3,45,0.3178,Steady Regulars,Automate win-back
C04334,269.0222,978.4,2,53,0.346,Steady Regulars,Automate win-back
C09530,268.8827,441.3,7,76,0.4235,Steady Regulars,Automate win-back
C15120,268.8678,594.91,5,71,0.3387,Steady Regulars,Automate win-back
C12606,268.6594,854.03,10,24,0.3304,Champions,Automate win-back
C03428,268.6201,635.5,10,17,0.3438,Champions,Automate win-back
C01134,268.5176,66.99,1,116,0.6697,New & Promising,Automate win-back
C00775,268.4052,77.66,5,35,0.3932,Steady Regulars,Automate win-back
C05941,268.0647,604.9,4,141,0.478,Steady Regulars,Automate win-back
C03899,268.0293,380.9,12,71,0.3074,Champions,Automate win-back
C11207,267.9695,682.64,4,15,0.4,Steady Regulars,Automate win-back
C14983,267.89,652.25,13,73,0.2804,Champions,Maintain
C01642,267.7693,1750.18,7,88,0.3627,Steady Regulars,Automate win-back
C09996,267.7508,399.22,4,24,0.5165,Steady Regulars,Automate win-back
C10708,267.7053,789.83,5,57,0.3712,Steady Regulars,Automate win-back
C07699,267.5688,70.17,9,16,0.4277,Champions,Automate win-back
C06460,267.5225,148.95,9,12,0.4124,Champions,Automate win-back
C11135,267.5122,297.96,2,5,0.4043,Steady Regulars,Automate win-back
C10325,267.4635,638.32,9,20,0.2704,Champions,Maintain
C08327,267.1473,421.69,9,15,0.3563,Champions,Automate win-back
C05161,267.0597,351.98,1,79,0.64,Steady Regulars,Automate win-back
C02551,266.8976,54.99,1,46,0.5205,New & Promising,Automate win-back
C17402,266.776,464.89,13,130,0.4309,Champions,Automate win-back
C09640,266.6014,250.92,4,16,0.4252,Steady Regulars,Automate win-back
C12887,266.5567,409.96,1,2,0.8095,New & Promising,Automate win-back
C12921,266.5319,731.27,3,34,0.4235,Steady Regulars,Automate win-back
C10520,266.268,701.24,2,118,0.6702,Steady Regulars,Automate win-back
C06626,266.1815,1128.8,9,13,0.3412,Champions,Automate win-back
C01902,266.124,484.41,8,31,0.2999,Champions,Maintain
C15857,266.05,65.99,1,60,0.6455,New & Promising,Automate win-back
C02949,265.7808,297.94,4,71,0.3424,Steady Regulars,Automate win-back
C09529,265.7591,113.98,1,58,0.6848,New & Promising,Automate win-back
C00792,265.6599,954.94,12,96,0.3997,Champions,Automate win-back
C08345,265.6001,211.76,4,23,0.285,Steady Regulars,Maintain
C15185,265.5229,263.95,1,8,0.7094,New & Promising,Automate win-back
C15255,265.4626,374.95,1,64,0.7228,Steady Regulars,Automate win-back
C12291,265.3712,48.27,1,36,0.5287,Deal Hunters,Automate win-back
C11025,265.2981,846.78,9,9,0.2685,Champions,Maintain
C05869,265.293,1018.91,9,101,0.4449,Champions,Automate win-back
C14864,265.2696,319.99,1,58,0.6977,Steady Regulars,Automate win-back
C16401,265.2664,457.96,2,83,0.3378,Steady Regulars,Automate win-back
C00878,265.2504,375.96,1,42,0.7394,Steady Regulars,Automate win-back
C11871,265.1364,330.15,9,21,0.3553,Champions,Automate win-back
C16547,265.0804,511.96,11,98,0.4084,Steady Regulars,Automate win-back
C08090,265.0369,255.94,9,52,0.4412,Champions,Automate win-back
C02048,265.0193,596.76,8,17,0.3641,Champions,Automate win-back
C10390,264.9906,219.93,9,69,0.3441,Steady Regulars,Automate win-back
C12250,264.9868,590.87,24,145,0.5846,Champions,Automate win-back
C11799,264.9522,634.47,8,46,0.3448,Champions,Automate win-back
C10199,264.9246,188.97,11,58,0.3646,Champions,Automate win-back
C04415,264.7911,163.98,1,16,0.6062,New & Promising,Automate win-back
C15128,264.7757,551.51,6,6,0.4506,Steady Regulars,Automate win-back
C11987,264.7272,845.87,11,55,0.3254,Champions,Automate win-back
C15467,264.7247,175.95,1,6,0.7226,New & Promising,Automate win-back
C08359,264.6552,340.94,2,54,0.3558,Steady Regulars,Automate win-back
C09995,264.4282,262.46,1,31,0.5399,Deal Hunters,Automate win-back
C13635,264.2886,504.89,12,9,0.3303,Champions,Automate win-back
C14491,264.2647,268.92,4,41,0.3533,Steady Regulars,Automate win-back
C08909,264.0371,737.98,8,19,0.3941,Champions,Automate win-back
C02544,263.8908,52.79,1,26,0.5594,Deal Hunters,Automate win-back
C14664,263.7944,44.98,2,44,0.5045,New & Promising,Automate win-back
C16522,263.6735,1238.28,3,60,0.4581,Steady Regulars,Automate win-back
C13507,263.5954,31.98,1,7,0.6113,New & Promising,Automate win-back
C05680,263.437,155.19,6,152,0.5387,Steady Regulars,Automate win-back
C01207,263.4013,587.32,9,50,0.4786,Champions,Automate win-back
C07839,263.3629,426.95,1,18,0.6574,Steady Regulars,Automate win-back
C10494,263.231,0.0,1,28,0.6343,New & Promising,Automate win-back
C03987,263.2301,414.6,5,31,0.4136,Champions,Automate win-back
C14458,263.2107,598.94,4,70,0.5084,Steady Regulars,Automate win-back
C13975,263.1014,48.97,5,43,0.5695,Steady Regulars,Automate win-back
C12627,263.0992,1203.52,5,148,0.5503,Steady Regulars,Automate win-back
C06537,262.9448,443.17,11,87,0.3557,Champions,Automate win-back
C04278,262.9338,163.97,13,49,0.3247,Champions,Automate win-back
C16791,262.8097,600.94,2,75,0.3332,Steady Regulars,Automate win-back
C09320,262.7911,324.97,1,24,0.7385,Steady Regulars,Automate win-back
C14704,262.6973,1156.33,5,2,0.3889,Champions,Automate win-back
C03511,262.6417,160.4,4,33,0.3901,Deal Hunters,Automate win-back
C07682,262.4704,608.79,7,22,0.3682,Champions,Automate win-back
C06001,262.4272,1348.76,11,146,0.4867,Steady Regulars,Automate win-back
C12243,262.4259,302.4,6,74,0.4541,Steady Regulars,Automate win-back
C17946,262.3999,54.99,1,58,0.5969,New & Promising,Automate win-back
C10536,262.384,206.76,2,34,0.334,Deal Hunters,Automate win-back
C01534,262.378,54.97,1,77,0.5653,New & Promising,Automate win-back
C16938,262.0014,339.92,9,28,0.3764,Champions,Automate win-back
C09574,261.9126,443.93,14,160,0.6117,Champions,Automate win-back
C12909,261.724,1057.3,8,17,0.3798,Champions,Automate win-back
C09693,261.6725,161.93,5,118,0.4873,Steady Regulars,Automate win-back
C00418,261.6354,1961.57,4,130,0.6661,Steady Regulars,Automate win-back
C04889,261.5041,588.84,3,49,0.3326,Steady Regulars,Automate win-back
C17593,261.5,464.72,4,119,0.4105,Deal Hunters,Automate win-back
C12563,261.4008,787.94,4,53,0.4546,Steady Regulars,Automate win-back
C10537,261.3222,570.95,2,69,0.4107,Steady Regulars,Automate win-back
C02160,261.1593,783.03,5,112,0.4122,Steady Regulars,Automate win-back
C16428,261.154,101.57,1,30,0.675,Deal Hunters,Automate win-back
C17732,261.136,1213.12,27,155,0.6202,Champions,Automate win-back
C06090,261.102,65.98,1,75,0.6113,New & Promising,Automate win-back
C15637,261.0814,37.99,1,29,0.619,New & Promising,Automate win-back
C15752,261.04,355.54,3,32,0.3547,Deal Hunters,Automate win-back
C06929,260.9944,1475.01,6,35,0.4423,Steady Regulars,Automate win-back
C07655,260.9163,16.19,1,15,0.5569,Deal Hunters,Automate win-back
C04123,260.8102,670.52,9,83,0.5087,Champions,Automate win-back
C00784,260.7184,405.94,1,28,0.6929,Steady Regulars,Automate win-back
C05385,260.7036,631.51,8,87,0.3937,Steady Regulars,Automate win-back
C07362,260.685,559.22,4,33,0.3067,Steady Regulars,Automate win-back
C02136,260.6439,433.98,1,72,0.6054,Steady Regulars,Automate win-back
C07928,260.5515,221.95,1,7,0.6163,New & Promising,Automate win-back
C00619,260.4337,34.99,1,21,0.5687,New & Promising,Automate win-back
C04136,260.2425,127.98,1,61,0.7598,New & Promising,Automate win-back
C11572,260.1312,1282.37,6,6,0.3598,Champions,Automate win-back
C08313,260.0897,146.95,10,68,0.3588,Champions,Automate win-back
C03073,259.9556,606.81,5,15,0.4035,Champions,Automate win-back
C07146,259.8941,303.94,1,72,0.637,Steady Regulars,Automate win-back
C05679,259.794,507.97,2,53,0.4207,Steady Regulars,Automate win-back
C17227,259.6073,320.95,1,39,0.6358,Steady Regulars,Automate win-back
C08266,259.4779,971.12,5,18,0.3731,Steady Regulars,Automate win-back
C00530,259.4108,137.95,9,51,0.3616,Champions,Automate win-back
C16246,259.3524,433.95,1,109,0.6176,Steady Regulars,Automate win-back
C04169,259.1852,350.91,8,6,0.2928,Champions,Maintain
C17785,259.1407,351.54,4,10,0.4795,Steady Regulars,Automate win-back
C10402,259.136,19.98,1,23,0.5588,New & Promising,Automate win-back
C11368,259.1034,1014.89,5,23,0.4181,Champions,Automate win-back
C13728,259.0487,553.88,6,4,0.3301,Champions,Automate win-back
C07250,258.8727,452.99,1,76,0.6863,Steady Regulars,Automate win-back
C06673,258.833,0.0,1,9,0.5403,New & Promising,Automate win-back
C12303,258.7491,50.97,1,11,0.4424,New & Promising,Automate win-back
C17211,258.7015,452.95,7,49,0.3597,Champions,Automate win-back
C02530,258.5387,242.98,1,72,0.5509,Steady Regulars,Automate win-back
C05542,258.5224,232.8,7,10,0.4028,Champions,Automate win-back
C08425,258.4724,452.01,8,20,0.3799,Champions,Automate win-back
C09800,258.404,686.88,7,20,0.3989,Champions,Automate win-back
C01646,258.3583,801.71,5,147,0.4891,Steady Regulars,Automate win-back
C05814,258.3068,128.97,2,74,0.5618,New & Promising,Automate win-back
C13336,257.9141,408.26,8,12,0.3797,Champions,Automate win-back
C09945,257.8784,151.99,1,74,0.6328,New & Promising,Automate win-back
C17361,257.8429,264.95,4,11,0.4326,Steady Regulars,Automate win-back
C13883,257.6933,362.92,11,118,0.4156,Champions,Automate win-back
C13974,257.6416,1805.1,9,131,0.6397,Champions,Automate win-back
C02927,257.5956,683.5,4,168,0.6122,Steady Regulars,Automate win-back
C12203,257.562,774.72,11,135,0.5123,Steady Regulars,Automate win-back
C03373,257.561,692.95,25,145,0.631,Champions,Automate win-back
C14798,257.4951,185.98,2,50,0.4286,New & Promising,Automate win-back
C00297,257.4626,660.67,13,144,0.4816,Champions,Automate win-back
C07877,257.4621,221.97,1,27,0.5526,New & Promising,Automate win-back
C03342,257.354,822.0,8,6,0.2524,Champions,Maintain
C00786,257.3475,562.85,5,19,0.3975,Steady Regulars,Automate win-back
C07818,257.305,615.94,2,10,0.4556,Steady Regulars,Automate win-back
C05035,257.2823,1393.94,6,55,0.4097,Steady Regulars,Automate win-back
C03059,257.1816,43.99,1,16,0.5293,Deal Hunters,Automate win-back
C15914,257.017,35.98,1,50,0.558,New & Promising,Automate win-back
C10353,256.9956,321.55,2,134,0.6641,Steady Regulars,Automate win-back
C05433,256.9871,85.97,1,106,0.6143,New & Promising,Automate win-back
C12813,256.9025,1074.62,12,76,0.3871,Champions,Automate win-back
C05478,256.7888,1665.86,9,171,0.6848,Champions,Automate win-back
C16628,256.733,774.48,10,76,0.3796,Champions,Automate win-back
C01819,256.708,637.9,2,5,0.4586,Steady Regulars,Automate win-back
C15573,256.6928,459.24,8,47,0.3427,Steady Regulars,Automate win-back
C03414,256.6917,1148.11,1,23,0.674,Steady Regulars,Automate win-back
C04368,256.627,391.22,8,53,0.3816,Champions,Automate win-back
C15825,256.5864,380.7,6,97,0.3115,Steady Regulars,Automate win-back
C04953,256.5543,2885.56,28,145,0.6511,Champions,Automate win-back
C10207,256.5461,69.97,1,58,0.7042,New & Promising,Automate win-back
C01635,256.4779,172.36,5,20,0.484,Steady Regulars,Automate win-back
C07374,256.3601,98.98,1,59,0.6519,New & Promising,Automate win-back
C01455,256.3147,355.94,3,46,0.3366,Steady Regulars,Automate win-back
C01696,256.0704,197.67,9,86,0.4276,Steady Regulars,Automate win-back
C05369,255.9216,153.95,1,72,0.6446,New & Promising,Automate win-back
C03001,255.8391,752.49,5,23,0.4236,Champions,Automate win-back
C01561,255.7127,108.51,9,31,0.3896,Champions,Automate win-back
C16160,255.7048,586.63,8,19,0.3101,Champions,Automate win-back
C11728,255.6574,73.97,1,47,0.6561,New & Promising,Automate win-back
C15926,255.637,89.97,1,9,0.6167,New & Promising,Automate win-back
C17075,255.6236,139.97,1,83,0.7069,New & Promising,Automate win-back
C08711,255.6176,54.99,1,64,0.531,New & Promising,Automate win-back
C00397,255.5297,317.93,2,24,0.4757,Steady Regulars,Automate win-back
C05155,255.4328,251.93,7,21,0.3757,Champions,Automate win-back
C14257,254.9312,71.97,9,73,0.5253,Champions,Automate win-back
C05653,254.9306,843.88,4,70,0.4862,Steady Regulars,Automate win-back
C05452,254.8963,749.27,7,8,0.3585,Champions,Automate win-back
C13846,254.6666,71.98,1,2,0.7523,New & Promising,Automate win-back
C15697,254.5823,171.16,7,32,0.4118,Champions,Automate win-back
C09550,254.5793,433.28,7,81,0.4059,Steady Regulars,Automate win-back
C12194,254.4954,320.98,1,78,0.7135,Steady Regulars,Automate win-back
C01110,254.4498,1307.34,11,157,0.5935,Champions,Automate win-back
C07103,254.4317,840.18,6,24,0.3426,Steady Regulars,Automate win-back
C11679,254.4302,704.9,12,40,0.3716,Champions,Automate win-back
C00278,254.429,411.28,5,150,0.4698,Steady Regulars,Automate win-back
C10732,254.409,308.25,1,11,0.6513,New & Promising,Automate win-back
C03015,254.4026,1025.11,6,26,0.4376,Champions,Automate win-back
C06012,254.3813,79.16,3,14,0.4541,New & Promising,Automate win-back
C08834,254.357,238.25,4,19,0.4602,Deal Hunters,Automate win-back
C01790,254.3306,1162.23,5,41,0.3904,Steady Regulars,Automate win-back
C11932,254.2096,651.17,6,1,0.3258,Champions,Automate win-back
C08534,254.1209,1013.69,7,20,0.2999,Champions,Maintain
C17301,254.1173,111.96,1,53,0.7246,New & Promising,Automate win-back
C05792,254.0862,228.98,1,89,0.5237,Steady Regulars,Automate win-back
C02163,253.9931,1113.44,6,31,0.3322,Steady Regulars,Automate win-back
C05948,253.9447,252.75,2,23,0.4002,Steady Regulars,Automate win-back
C05419,253.8923,814.9,4,132,0.5155,Steady Regulars,Automate win-back
C07584,253.891,41.98,1,13,0.6681,New & Promising,Automate win-back
C09395,253.7223,181.95,11,89,0.3976,Champions,Automate win-back
C07752,253.6479,139.97,1,19,0.6684,New & Promising,Automate win-back
C06764,253.4996,360.97,1,96,0.6269,Steady Regulars,Automate win-back
C01801,253.4782,1084.88,14,155,0.4613,Champions,Automate win-back
C12213,253.378,263.98,1,68,0.5916,Steady Regulars,Automate win-back
C03957,253.3479,411.51,10,39,0.3711,Champions,Automate win-back
C16423,253.3403,241.96,1,9,0.6953,New & Promising,Automate win-back
C06664,253.2812,806.37,4,80,0.3945,Steady Regulars,Automate win-back
C09226,253.1575,573.52,10,116,0.3983,Champions,Automate win-back
C09504,252.9222,343.73,10,80,0.4142,Champions,Automate win-back
C15213,252.8978,12.59,1,34,0.6696,Deal Hunters,Automate win-back
C14592,252.807,794.91,8,50,0.4223,Steady Regulars,Automate win-back
C15227,252.7303,872.06,4,152,0.5506,Steady Regulars,Automate win-back
C03362,252.6312,86.98,1,54,0.6579,New & Promising,Automate win-back
C06026,252.6136,640.83,7,112,0.4091,Champions,Automate win-back
C00010,252.6018,270.9,2,60,0.3488,Steady Regulars,Automate win-back
C06324,252.528,345.94,8,26,0.3731,Champions,Automate win-back
C09747,252.4494,13.99,12,68,0.429,Champions,Automate win-back
C09195,252.3803,765.88,8,55,0.3256,Champions,Automate win-back
C11243,252.3704,570.98,5,67,0.3136,Steady Regulars,Automate win-back
C06436,252.1142,237.95,1,28,0.5533,New & Promising,Automate win-back
C12772,251.7829,837.41,5,49,0.4103,Steady Regulars,Automate win-back
C17392,251.7451,399.72,3,40,0.4571,Deal Hunters,Automate win-back
C04030,251.5753,0.0,1,32,0.6675,Deal Hunters,Automate win-back
C07807,251.5609,326.97,1,117,0.6974,Steady Regulars,Automate win-back
C00715,251.3739,217.96,1,26,0.6098,New & Promising,Automate win-back
C01876,251.2926,430.77,2,61,0.4552,Steady Regulars,Automate win-back
C08462,251.2905,283.94,1,85,0.5044,Steady Regulars,Automate win-back
C06110,251.239,74.97,1,81,0.6564,New & Promising,Automate win-back
C09498,251.2174,556.94,8,76,0.4238,Steady Regulars,Automate win-back
C04209,251.2065,628.85,12,90,0.4046,Champions,Automate win-back
C04901,250.9503,179.83,6,125,0.5672,Steady Regulars,Automate win-back
C09026,250.8042,185.95,1,113,0.5816,Steady Regulars,Automate win-back
C10670,250.6646,76.98,1,31,0.6961,Deal Hunters,Automate win-back
C07443,250.6492,231.52,8,33,0.4215,Champions,Automate win-back
C12274,250.5651,743.21,10,26,0.3455,Champions,Automate win-back
C13464,250.4671,63.96,1,3,0.7694,New & Promising,Automate win-back
C08752,250.4401,239.1,10,54,0.3875,Champions,Automate win-back
C06357,250.3098,73.98,1,7,0.7393,New & Promising,Automate win-back
C10676,250.211,79.99,1,117,0.6658,New & Promising,Automate win-back
C07743,250.1384,250.95,4,65,0.5919,Steady Regulars,Automate win-back
C01873,250.0821,987.06,4,117,0.466,Steady Regulars,Automate win-back
C06486,250.0649,716.06,7,15,0.3844,Champions,Automate win-back
C09030,250.0386,342.16,4,6,0.4936,Deal Hunters,Automate win-back
C10650,249.9909,91.96,1,75,0.6672,New & Promising,Automate win-back
C11158,249.9891,401.44,2,36,0.3361,Deal Hunters,Automate win-back
C11245,249.9878,503.26,4,37,0.4006,Deal Hunters,Automate win-back
C04305,249.9074,805.82,5,127,0.5318,Steady Regulars,Automate win-back
C16817,249.8207,162.97,1,72,0.6775,New & Promising,Automate win-back
C11884,249.6601,32.79,1,24,0.5882,Deal Hunters,Automate win-back
C08748,249.4496,726.4,7,38,0.348,Champions,Automate win-back
C09344,249.4335,1625.8,15,181,0.6477,Champions,Automate win-back
C17823,249.4169,659.97,10,130,0.4497,Champions,Automate win-back
C11746,249.337,141.95,3,18,0.4448,New & Promising,Automate win-back
C09749,249.3081,97.16,1,23,0.592,New & Promising,Automate win-back
C08262,249.1564,560.9,10,47,0.3993,Champions,Automate win-back
C16330,249.1466,687.11,7,23,0.2881,Champions,Maintain
C05079,249.1388,880.36,24,145,0.5748,Champions,Automate win-back
C03067,249.0599,931.51,6,137,0.5076,Steady Regulars,Automate win-back
C17059,248.9252,1125.34,6,81,0.4613,Steady Regulars,Automate win-back
C07586,248.6525,345.97,1,84,0.7094,Steady Regulars,Automate win-back
C11983,248.6347,438.11,5,37,0.4796,Steady Regulars,Automate win-back
C13932,248.5609,290.97,1,110,0.5246,Steady Regulars,Automate win-back
C06595,248.5247,1037.88,8,161,0.5428,Steady Regulars,Automate win-back
C05329,248.0124,883.87,7,136,0.4964,Champions,Automate win-back
C02828,247.831,285.91,13,22,0.2282,Champions,Maintain
C14516,247.8298,554.07,5,29,0.3784,Steady Regulars,Automate win-back
C16822,247.6254,806.43,4,39,0.4154,Steady Regulars,Automate win-back
C02229,247.5387,1305.92,4,117,0.5792,Steady Regulars,Automate win-back
C07621,247.5386,1031.12,5,9,0.3467,Steady Regulars,Automate win-back
C02792,247.5327,107.97,4,95,0.4798,New & Promising,Automate win-back
C17072,247.5111,408.95,3,5,0.5022,Steady Regulars,Automate win-back
C01688,247.5022,636.53,5,34,0.4145,Steady Regulars,Automate win-back
C17686,247.4035,243.98,1,67,0.6771,Steady Regulars,Automate win-back
C11864,247.4025,733.24,7,34,0.3979,Champions,Automate win-back
C11675,247.3756,428.57,12,91,0.3801,Champions,Automate win-back
C03209,246.9786,385.75,4,36,0.3891,Steady Regulars,Automate win-back
C12582,246.8798,202.95,2,18,0.3099,New & Promising,Automate win-back
C12956,246.7695,445.97,1,5,0.8176,New & Promising,Automate win-back
C06702,246.3556,473.25,3,32,0.5405,Steady Regulars,Automate win-back
C01588,246.1938,217.31,4,23,0.3857,Steady Regulars,Automate win-back
C14597,246.111,145.77,1,15,0.5868,New & Promising,Automate win-back
C08222,246.1045,478.84,1,118,0.6876,Steady Regulars,Automate win-back
C04467,246.1027,48.57,1,17,0.6873,Deal Hunters,Automate win-back
C07301,245.9934,523.54,7,89,0.5225,Steady Regulars,Automate win-back
C14499,245.9624,318.36,1,17,0.6096,New & Promising,Automate win-back
C17906,245.9605,41.99,1,54,0.5674,New & Promising,Automate win-back
C07660,245.9605,40.99,1,52,0.5627,New & Promising,Automate win-back
C01123,245.9386,1399.9,6,130,0.4631,Steady Regulars,Automate win-back
C08927,245.9067,456.98,4,23,0.4687,Steady Regulars,Automate win-back
C17152,245.8718,505.91,14,146,0.4815,Champions,Automate win-back
C11570,245.8582,71.97,10,120,0.57,Steady Regulars,Automate win-back
C10852,245.8405,346.29,6,25,0.2763,Steady Regulars,Maintain
C00375,245.7846,325.9,5,46,0.4466,Steady Regulars,Automate win-back
C02790,245.7082,182.06,5,34,0.362,Steady Regulars,Automate win-back
C07368,245.7081,506.7,8,10,0.3384,Champions,Automate win-back
C11549,245.5268,383.37,9,11,0.3182,Champions,Automate win-back
C11894,245.524,598.92,3,21,0.4942,Steady Regulars,Automate win-back
C10690,245.5181,174.45,9,10,0.3536,Champions,Automate win-back
C01322,245.5018,558.96,8,31,0.3829,Champions,Automate win-back
C00193,245.4917,1970.89,2,24,0.3862,Steady Regulars,Automate win-back
C06119,245.4683,760.89,6,107,0.4921,Steady Regulars,Automate win-back
C16869,245.309,970.2,12,105,0.4297,Champions,Automate win-back
C03936,245.2632,368.03,5,20,0.4957,Steady Regulars,Automate win-back
C11343,245.2028,332.63,3,114,0.5685,Steady Regulars,Automate win-back
C13230,245.1307,958.92,3,63,0.4973,Steady Regulars,Automate win-back
C04488,245.1265,446.95,4,60,0.4833,Steady Regulars,Automate win-back
C00210,245.0106,547.8,7,32,0.4075,Champions,Automate win-back
C10140,244.9594,507.49,8,23,0.3909,Champions,Automate win-back
C07239,244.9548,124.06,7,34,0.3973,Steady Regulars,Automate win-back
C00595,244.7031,918.77,10,111,0.4057,Champions,Automate win-back
C02140,244.601,390.89,9,75,0.488,Champions,Automate win-back
C14181,244.5898,264.22,3,69,0.322,Steady Regulars,Automate win-back
C17168,244.5109,116.68,11,35,0.4112,Champions,Automate win-back
C17947,244.4584,229.98,1,105,0.4885,Steady Regulars,Automate win-back
C09748,244.2556,155.95,1,107,0.5784,Steady Regulars,Automate win-back
C04024,244.16,196.17,2,122,0.7012,Steady Regulars,Automate win-back
C10839,244.1495,399.74,9,122,0.5035,Champions,Automate win-back
C13550,243.9852,122.35,9,14,0.3405,Champions,Automate win-back
C11112,243.944,418.02,2,109,0.5243,Steady Regulars,Automate win-back
C02077,243.7677,37.99,1,26,0.6371,New & Promising,Automate win-back
C02427,243.7127,367.3,11,104,0.4285,Champions,Automate win-back
C01376,243.589,450.89,3,40,0.491,Steady Regulars,Automate win-back
C14437,243.5622,392.97,1,15,0.696,Steady Regulars,Automate win-back
C02434,243.5407,238.96,1,101,0.4949,Steady Regulars,Automate win-back
C10836,243.5014,752.87,4,97,0.3936,Steady Regulars,Automate win-back
C12185,243.4663,58.98,6,65,0.5007,Steady Regulars,Automate win-back
C17281,243.3989,455.59,5,18,0.3108,Steady Regulars,Automate win-back
C02797,243.3503,752.78,10,31,0.3619,Champions,Automate win-back
C13047,243.3127,341.96,1,85,0.5928,Steady Regulars,Automate win-back
C07602,243.2465,501.96,24,147,0.6108,Champions,Automate win-back
C12773,243.2429,307.2,12,41,0.374,Champions,Automate win-back
C03993,243.2157,131.98,1,96,0.6467,New & Promising,Automate win-back
C14718,243.1092,36.38,1,36,0.601,Deal Hunters,Automate win-back
C09143,243.0777,598.37,5,99,0.5112,Steady Regulars,Automate win-back
C09673,243.0323,156.27,3,34,0.4881,Steady Regulars,Automate win-back
C05004,242.994,83.98,1,62,0.652,New & Promising,Automate win-back
C09086,242.9861,409.93,2,103,0.5263,Steady Regulars,Automate win-back
C16996,242.8318,713.8,7,135,0.5119,Steady Regulars,Automate win-back
C08418,242.7562,1253.85,6,96,0.4064,Steady Regulars,Automate win-back
C02628,242.7401,27.18,1,14,0.5095,Deal Hunters,Automate win-back
C04198,242.7067,1564.73,13,120,0.4131,Champions,Automate win-back
C17707,242.6658,212.96,7,154,0.4668,Steady Regulars,Automate win-back
C14518,242.5607,571.08,9,135,0.4903,Champions,Automate win-back
C06556,242.4642,334.98,1,84,0.6744,Steady Regulars,Automate win-back
C07474,242.4238,205.95,1,109,0.4849,Steady Regulars,Automate win-back
C17217,242.3855,54.99,1,65,0.5898,New & Promising,Automate win-back
C03643,242.366,313.93,2,53,0.3421,Steady Regulars,Automate win-back
C08438,242.1889,292.95,12,128,0.5421,Steady Regulars,Automate win-back
C17728,242.136,1529.79,23,145,0.6395,Champions,Automate win-back
C01742,242.134,426.91,2,1,0.4606,Steady Regulars,Automate win-back
C08628,242.1239,811.27,20,172,0.7186,Champions,Automate win-back
C12340,242.0833,584.96,1,89,0.6527,Steady Regulars,Automate win-back
C09311,242.007,746.52,4,14,0.4385,Steady Regulars,Automate win-back
C08583,241.9227,306.95,10,64,0.3237,Champions,Automate win-back
C06633,241.8483,416.91,7,48,0.3889,Champions,Automate win-back
C02023,241.8018,391.84,2,54,0.3547,Steady Regulars,Automate win-back
C07359,241.7057,365.88,12,10,0.3604,Champions,Automate win-back
C03686,241.5732,765.4,21,161,0.6996,Champions,Automate win-back
C06842,241.4744,162.96,1,93,0.5738,New & Promising,Automate win-back
C17160,241.3641,111.96,1,76,0.6728,New & Promising,Automate win-back
C13588,241.2785,44.37,1,12,0.6178,Deal Hunters,Automate win-back
C15950,241.197,1719.79,14,232,0.7374,Champions,Automate win-back
C16474,241.1567,637.72,4,4,0.3935,Steady Regulars,Automate win-back
C10249,241.0074,78.99,1,54,0.6601,New & Promising,Automate win-back
C16612,241.0047,240.95,2,163,0.71,Steady Regulars,Automate win-back
C06545,240.9578,610.95,3,68,0.4922,Steady Regulars,Automate win-back
C00160,240.9211,850.84,2,2,0.4638,Steady Regulars,Automate win-back
C09242,240.8129,426.92,4,11,0.4158,Steady Regulars,Automate win-back
C16548,240.79,615.1,6,163,0.6208,Steady Regulars,Automate win-back
C02188,240.7338,509.76,4,29,0.5048,Steady Regulars,Automate win-back
C04009,240.6436,113.98,1,87,0.7127,New & Promising,Automate win-back
C06143,240.5481,426.93,6,27,0.4195,Champions,Automate win-back
C12747,240.5152,0.0,1,32,0.6098,Deal Hunters,Automate win-back
C06594,240.4426,383.26,4,99,0.5364,Steady Regulars,Automate win-back
C16837,240.295,66.98,1,104,0.6234,New & Promising,Automate win-back
C00291,240.2893,1033.98,6,105,0.4593,Steady Regulars,Automate win-back
C07192,240.1468,127.98,1,70,0.6718,New & Promising,Automate win-back
C03537,240.0538,76.97,1,69,0.6689,New & Promising,Automate win-back
C08000,240.0,738.49,8,133,0.4638,Steady Regulars,Automate win-back
C02218,239.9365,867.32,5,12,0.5048,Steady Regulars,Automate win-back
C17267,239.9176,1646.29,5,121,0.5838,Steady Regulars,Automate win-back
C11736,239.8479,579.67,7,85,0.4992,Steady Regulars,Automate win-back
C07019,239.8171,592.95,1,5,0.7872,Steady Regulars,Automate win-back
C05821,239.8067,741.96,3,48,0.5073,Steady Regulars,Automate win-back
C10301,239.7556,300.1,8,4,0.3509,Champions,Automate win-back
C07934,239.7214,358.21,4,10,0.4931,Steady Regulars,Automate win-back
C03153,239.6908,54.98,1,100,0.6146,New & Promising,Automate win-back
C14208,239.531,66.97,1,71,0.6203,New & Promising,Automate win-back
C13864,239.5197,15.99,1,25,0.5979,Deal Hunters,Automate win-back
C00675,239.5157,184.97,1,92,0.6014,Steady Regulars,Automate win-back
C07476,239.489,220.99,1,57,0.7147,New & Promising,Automate win-back
C17542,239.2535,413.5,3,28,0.546,Steady Regulars,Automate win-back
C17077,239.2232,126.97,1,85,0.6961,New & Promising,Automate win-back
C11918,239.0943,0.0,2,26,0.4586,New & Promising,Automate win-back
C06640,239.0479,19.99,1,6,0.6367,New & Promising,Automate win-back
C09989,239.0387,479.28,8,10,0.3641,Champions,Automate win-back
C11913,238.7685,522.92,3,1,0.4388,Steady Regulars,Automate win-back
C06498,238.6361,453.9,4,14,0.3167,Steady Regulars,Automate win-back
C12643,238.5828,577.94,2,71,0.5226,Steady Regulars,Automate win-back
C15228,238.4837,548.92,8,122,0.5284,Champions,Automate win-back
C02914,238.4439,883.88,9,110,0.4598,Champions,Automate win-back
C11458,238.4006,103.98,1,43,0.7338,New & Promising,Automate win-back
C07465,238.0372,363.2,5,15,0.3651,Deal Hunters,Automate win-back
C16752,237.9795,254.93,9,13,0.4185,Champions,Automate win-back
C16631,237.8581,539.64,10,143,0.4572,Champions,Automate win-back
C07244,237.7374,660.69,3,34,0.5215,Steady Regulars,Automate win-back
C15140,237.6156,197.94,12,35,0.3819,Champions,Automate win-back
C10931,237.5918,292.96,1,21,0.5682,New & Promising,Automate win-back
C13009,237.4722,306.94,2,24,0.3771,Steady Regulars,Automate win-back
C05213,237.4548,69.98,1,125,0.7195,New & Promising,Automate win-back
C08024,237.3292,997.34,6,91,0.4155,Steady Regulars,Automate win-back
C09829,237.2884,191.92,12,61,0.3539,Champions,Automate win-back
C14484,237.1748,219.92,3,39,0.3817,Steady Regulars,Automate win-back
C07887,237.111,1022.88,9,156,0.6059,Champions,Automate win-back
C08825,237.0405,1644.89,6,123,0.546,Steady Regulars,Automate win-back
C06559,236.9999,761.14,16,147,0.4491,Champions,Automate win-back
C01668,236.9155,163.75,2,12,0.3331,New & Promising,Automate win-back
C00848,236.7524,96.98,5,17,0.4126,Steady Regulars,Automate win-back
C02387,236.6455,80.98,1,9,0.6118,New & Promising,Automate win-back
C13202,236.579,63.99,1,58,0.6749,New & Promising,Automate win-back
C03835,236.5764,468.43,4,25,0.422,Steady Regulars,Automate win-back
C07273,236.5509,281.95,7,20,0.3787,Champions,Automate win-back
C06161,236.3864,518.91,8,95,0.436,Steady Regulars,Automate win-back
C02450,236.3783,521.98,4,101,0.5444,Steady Regulars,Automate win-back
C04374,236.3205,40.99,1,59,0.5771,New & Promising,Automate win-back
C09001,236.2732,277.97,1,9,0.6916,New & Promising,Automate win-back
C16325,236.2251,15.99,1,25,0.6352,Deal Hunters,Automate win-back
C12593,236.1969,578.56,4,81,0.5878,Steady Regulars,Automate win-back
C17696,236.1943,354.91,2,73,0.434,Steady Regulars,Automate win-back
C17290,236.1882,348.98,2,21,0.4032,Steady Regulars,Automate win-back
C16755,236.1385,794.69,3,133,0.5976,Steady Regulars,Automate win-back
C06244,236.0293,99.97,1,51,0.6861,New & Promising,Automate win-back
C04034,235.6723,243.97,12,137,0.523,Champions,Automate win-back
C10556,235.6634,655.53,4,22,0.3854,Steady Regulars,Automate win-back
C13758,235.6444,535.89,5,58,0.46,Deal Hunters,Automate win-back
C06890,235.6281,614.52,8,153,0.4791,Champions,Automate win-back
C08390,235.61,729.81,8,64,0.4877,Steady Regulars,Automate win-back
C14126,235.597,25.99,1,26,0.6348,New & Promising,Automate win-back
C10421,235.566,1379.85,17,152,0.6936,Champions,Automate win-back
C17437,235.4748,348.35,4,11,0.4566,Steady Regulars,Automate win-back
C14885,235.4731,840.26,9,125,0.4831,Champions,Automate win-back
C00219,235.4622,221.94,11,55,0.3348,Champions,Automate win-back
C03681,235.3586,61.98,2,40,0.5731,New & Promising,Automate win-back
C15119,235.3387,744.9,8,115,0.4812,Champions,Automate win-back
C01091,235.2761,1144.89,5,145,0.5468,Steady Regulars,Automate win-back
C00579,235.2359,98.98,1,65,0.656,New & Promising,Automate win-back
C06027,235.153,241.12,10,38,0.3829,Champions,Automate win-back
C04950,235.1407,71.99,1,105,0.6719,New & Promising,Automate win-back
C13099,235.0773,542.16,4,129,0.5419,Steady Regulars,Automate win-back
C00771,235.0626,121.47,6,8,0.4291,Steady Regulars,Automate win-back
C06996,234.9275,275.97,1,42,0.6125,Steady Regulars,Automate win-back
C09121,234.7132,865.87,6,28,0.3946,Steady Regulars,Automate win-back
C11220,234.7014,69.99,1,44,0.6039,New & Promising,Automate win-back
C04628,234.5723,726.87,7,5,0.3134,Champions,Automate win-back
C17505,234.5265,589.96,2,78,0.3569,Steady Regulars,Automate win-back
C15776,234.4692,70.99,4,140,0.5922,Deal Hunters,Automate win-back
C01761,234.4422,1014.09,22,170,0.6338,Champions,Automate win-back
C01243,234.4371,240.98,1,48,0.6197,Steady Regulars,Automate win-back
C13489,234.271,274.93,5,62,0.5153,Steady Regulars,Automate win-back
C02881,234.2643,266.07,7,66,0.464,Steady Regulars,Automate win-back
C07222,234.2263,1030.6,19,160,0.5916,Champions,Automate win-back
C07938,234.2091,92.98,1,67,0.6629,New & Promising,Automate win-back
C09135,233.9055,830.94,4,12,0.4674,Champions,Automate win-back
C14319,233.8662,543.34,6,81,0.5201,Champions,Automate win-back
C15591,233.8032,339.96,1,99,0.6985,Steady Regulars,Automate win-back
C15798,233.6954,265.57,3,167,0.5971,Deal Hunters,Automate win-back
C16300,233.4346,980.04,4,109,0.5112,Steady Regulars,Automate win-back
C00661,233.377,1447.37,14,232,0.8407,Champions,Automate win-back
C09470,233.2552,685.92,2,13,0.4719,Steady Regulars,Automate win-back
C00114,233.0963,299.94,7,61,0.336,Champions,Automate win-back
C03493,233.0779,111.99,1,43,0.7297,New & Promising,Automate win-back
C05300,233.0465,958.75,5,31,0.3987,Steady Regulars,Automate win-back
C10134,232.8862,291.96,10,10,0.3403,Champions,Automate win-back
C16726,232.8662,335.96,10,121,0.5694,Champions,Automate win-back
C17134,232.7738,828.88,6,6,0.3439,Champions,Automate win-back
C10100,232.6191,187.27,10,92,0.4324,Champions,Automate win-back
C08441,232.5836,1355.76,15,141,0.497,Champions,Automate win-back
C14865,232.5503,650.37,12,128,0.4889,Champions,Automate win-back
C06294,232.5268,2032.06,8,123,0.529,Champions,Automate win-back
C07249,232.4469,454.31,2,22,0.3973,Steady Regulars,Automate win-back
C10653,232.4237,125.58,1,27,0.7401,New & Promising,Automate win-back
C02217,232.315,20.69,1,9,0.7233,Deal Hunters,Automate win-back
C03994,232.2524,626.92,1,119,0.6651,Steady Regulars,Automate win-back
C15572,232.2398,511.62,5,14,0.3182,Steady Regulars,Automate win-back
C15793,232.2346,171.94,4,42,0.4665,Steady Regulars,Automate win-back
C17398,232.0265,986.91,2,97,0.5799,Steady Regulars,Automate win-back
C14078,232.0265,979.49,7,67,0.5286,Champions,Automate win-back
C08782,231.9062,491.09,4,152,0.5557,Steady Regulars,Automate win-back
C04336,231.815,69.99,1,62,0.6861,New & Promising,Automate win-back
C11792,231.741,77.97,1,7,0.642,New & Promising,Automate win-back
C10952,231.6281,685.09,4,43,0.4792,Steady Regulars,Automate win-back
C07888,231.5526,13.59,1,26,0.6393,Deal Hunters,Automate win-back
C11795,231.4456,731.9,6,59,0.424,Steady Regulars,Automate win-back
C12411,231.3629,271.85,4,8,0.4886,Deal Hunters,Automate win-back
C12116,231.1264,47.58,1,20,0.7106,New & Promising,Automate win-back
C04050,231.1185,502.72,5,34,0.5072,Steady Regulars,Automate win-back
C04165,231.1171,1681.73,19,145,0.6134,Champions,Automate win-back
C09284,231.0698,154.01,5,85,0.4035,Steady Regulars,Automate win-back
C00842,230.8956,0.0,8,63,0.4679,Champions,Automate win-back
C09321,230.8166,487.18,1,32,0.7607,Deal Hunters,Automate win-back
C01447,230.6045,90.97,1,18,0.7501,New & Promising,Automate win-back
C14538,230.586,71.99,1,23,0.6664,New & Promising,Automate win-back
C12751,230.5011,845.06,8,13,0.3868,Champions,Automate win-back
C04931,230.2411,499.83,4,75,0.4442,Steady Regulars,Automate win-back
C04085,230.2048,520.92,7,11,0.3258,Champions,Automate win-back
C12054,230.1428,20.99,9,39,0.4443,Champions,Automate win-back
C16200,229.746,689.09,4,19,0.4809,Steady Regulars,Automate win-back
C08921,229.5302,214.75,5,65,0.5588,Deal Hunters,Automate win-back
C04348,229.397,419.8,5,37,0.4119,Champions,Automate win-back
C09824,229.146,139.93,4,41,0.3319,Steady Regulars,Automate win-back
C15048,229.1166,34.99,1,8,0.8377,New & Promising,Automate win-back
C13440,229.0344,705.34,5,132,0.5131,Steady Regulars,Automate win-back
C10367,228.9256,293.95,7,127,0.5092,Champions,Automate win-back
C12268,228.9064,178.98,1,96,0.5854,Steady Regulars,Automate win-back
C04040,228.5088,52.38,6,11,0.4826,Champions,Automate win-back
C03174,228.2855,432.35,4,38,0.519,Steady Regulars,Automate win-back
C14327,228.2398,154.98,2,53,0.614,New & Promising,Automate win-back
C00796,228.2061,630.15,7,96,0.5575,Champions,Automate win-back
C04600,228.2048,313.19,1,55,0.7107,Deal Hunters,Automate win-back
C14576,228.1941,637.62,9,137,0.4376,Champions,Automate win-back
C12224,228.0617,236.39,5,1,0.447,Champions,Automate win-back
C05951,227.949,594.89,10,95,0.4122,Steady Regulars,Automate win-back
C11555,227.8141,454.53,8,108,0.4525,Champions,Automate win-back
C11985,227.8005,389.6,8,9,0.3579,Champions,Automate win-back
C08545,227.5648,806.96,5,20,0.3158,Champions,Automate win-back
C17983,227.4413,383.76,1,53,0.7405,Steady Regulars,Automate win-back
C08571,227.275,892.39,9,140,0.5356,Champions,Automate win-back
C14346,227.1583,187.95,1,54,0.6075,New & Promising,Automate win-back
C11124,227.1455,625.93,5,111,0.4335,Steady Regulars,Automate win-back
C10665,227.1267,695.98,1,9,0.856,Steady Regulars,Automate win-back
C17658,227.1242,272.4,2,16,0.3877,Deal Hunters,Automate win-back
C04461,227.0959,472.89,6,9,0.3784,Champions,Automate win-back
C04294,227.0064,50.97,1,20,0.6991,New & Promising,Automate win-back
C13859,226.6281,108.99,9,87,0.4598,Champions,Automate win-back
C09742,226.6159,679.26,8,24,0.3976,Steady Regulars,Automate win-back
C07063,226.6015,38.49,1,36,0.6417,Deal Hunters,Automate win-back
C17142,226.5895,128.65,3,31,0.5241,Deal Hunters,Automate win-back
C06100,226.217,88.77,1,13,0.5892,Deal Hunters,Automate win-back
C17853,225.9448,223.98,1,24,0.81,New & Promising,Automate win-back
C12932,225.9273,26.99,1,44,0.5114,New & Promising,Automate win-back
C14548,225.9239,959.96,2,16,0.4489,Steady Regulars,Automate win-back
C02608,225.8726,394.87,5,85,0.5219,Steady Regulars,Automate win-back
C04406,225.8376,364.45,8,26,0.3777,Champions,Automate win-back
C06339,225.724,235.95,3,65,0.6081,Steady Regulars,Automate win-back
C04656,225.6259,93.99,1,40,0.6675,New & Promising,Automate win-back
C09972,225.6082,359.96,1,43,0.6304,Steady Regulars,Automate win-back
C01839,225.5062,78.99,1,63,0.6658,New & Promising,Automate win-back
C12771,225.4594,253.94,2,8,0.3349,Steady Regulars,Automate win-back
C17644,225.3328,359.93,4,101,0.3322,Steady Regulars,Automate win-back
C08046,225.1618,53.97,1,75,0.713,New & Promising,Automate win-back
C09438,225.1403,107.97,4,126,0.643,Steady Regulars,Automate win-back
C03761,225.0665,511.97,5,93,0.5199,Steady Regulars,Automate win-back
C07082,224.9234,13.59,1,21,0.6398,Deal Hunters,Automate win-back
C13018,224.882,152.94,1,28,0.7152,New & Promising,Automate win-back
C13017,224.8717,249.93,1,122,0.566,Steady Regulars,Automate win-back
C03778,224.8623,723.92,9,120,0.4894,Champions,Automate win-back
C02698,224.8307,17.99,1,3,0.6761,New & Promising,Automate win-back
C13693,224.8195,1083.89,8,151,0.6381,Steady Regulars,Automate win-back
C14952,224.8192,170.96,2,49,0.4082,New & Promising,Automate win-back
C09899,224.7767,171.95,1,101,0.5775,Steady Regulars,Automate win-back
C06943,224.7429,145.93,2,159,0.7093,New & Promising,Automate win-back
C13600,224.7427,1121.51,6,10,0.321,Champions,Automate win-back
C14130,224.5998,226.94,1,50,0.5959,Steady Regulars,Automate win-back
C11215,224.5592,113.75,5,48,0.3657,New & Promising,Automate win-back
C00985,224.5381,874.14,23,172,0.6753,Champions,Automate win-back
C08665,224.5172,896.12,3,145,0.624,Steady Regulars,Automate win-back
C09359,224.4997,426.54,4,12,0.5272,Steady Regulars,Automate win-back
C06192,224.4917,241.92,3,44,0.4495,Steady Regulars,Automate win-back
C15375,224.4876,684.33,7,172,0.6725,Steady Regulars,Automate win-back
C05402,224.3349,473.98,1,95,0.7175,Steady Regulars,Automate win-back
C12937,224.3077,1065.86,5,27,0.4086,Champions,Automate win-back
C07496,224.1531,889.29,7,116,0.4708,Steady Regulars,Automate win-back
C09565,224.1156,194.37,3,1,0.5345,Steady Regulars,Automate win-back
C11605,224.1093,49.98,1,104,0.5449,New & Promising,Automate win-back
C14143,224.0533,388.98,6,53,0.3903,Steady Regulars,Automate win-back
C09827,223.9602,409.32,3,40,0.2752,Steady Regulars,Maintain
C17681,223.8249,126.97,1,5,0.7223,New & Promising,Automate win-back
C07449,223.8239,696.94,4,110,0.5604,Steady Regulars,Automate win-back
C08746,223.7937,125.97,1,7,0.727,New & Promising,Automate win-back
C15727,223.742,63.98,1,7,0.7241,New & Promising,Automate win-back
C08033,223.6791,35.98,1,53,0.5568,New & Promising,Automate win-back
C01881,223.6413,113.95,1,91,0.698,Deal Hunters,Automate win-back
C00475,223.505,40.99,1,54,0.5577,New & Promising,Automate win-back
C13431,223.4404,393.92,2,126,0.6793,Steady Regulars,Automate win-back
C07154,223.4248,389.68,11,129,0.5144,Champions,Automate win-back
C10901,223.3243,637.94,4,68,0.5124,Steady Regulars,Automate win-back
C03000,223.3155,63.87,2,34,0.4277,Deal Hunters,Automate win-back
C01394,223.1627,94.5,3,27,0.3851,New & Promising,Automate win-back
C00991,223.0712,1212.17,16,239,0.8592,Champions,Automate win-back
C03354,223.0368,257.37,2,145,0.7542,Steady Regulars,Automate win-back
C07028,222.8774,356.98,2,56,0.5033,Steady Regulars,Automate win-back
C17791,222.8431,285.32,10,142,0.591,Champions,Automate win-back
C09760,222.6822,314.95,17,161,0.5689,Champions,Automate win-back
C09802,222.6483,559.84,7,70,0.4255,Steady Regulars,Automate win-back
C07267,222.6301,405.4,7,109,0.4385,Steady Regulars,Automate win-back
C09853,222.5455,153.17,3,17,0.4336,Deal Hunters,Automate win-back
C15928,222.5438,123.98,6,69,0.4229,Steady Regulars,Automate win-back
C08446,222.3081,169.96,5,110,0.5675,Steady Regulars,Automate win-back
C07061,222.2046,59.97,2,31,0.4254,New & Promising,Automate win-back
C10539,222.1816,768.91,2,155,0.6602,Steady Regulars,Automate win-back
C14273,222.0649,1200.52,12,138,0.4922,Champions,Automate win-back
C03133,222.0599,70.54,1,130,0.7906,Deal Hunters,Automate win-back
C13646,222.047,79.99,1,117,0.6982,New & Promising,Automate win-back
C03918,221.9714,310.98,4,2,0.4936,Steady Regulars,Automate win-back
C04815,221.9438,22.39,1,36,0.6125,Deal Hunters,Automate win-back
C17768,221.8287,145.55,8,64,0.3799,Champions,Automate win-back
C00404,221.7388,323.94,3,43,0.5708,Steady Regulars,Automate win-back
C01702,221.6334,132.97,1,118,0.6879,New & Promising,Automate win-back
C02766,221.3943,559.06,2,33,0.541,Deal Hunters,Automate win-back
C12146,221.3396,94.97,4,81,0.4521,Steady Regulars,Automate win-back
C11841,221.2543,242.97,3,28,0.4324,Steady Regulars,Automate win-back
C00922,221.236,481.98,1,5,0.8149,New & Promising,Automate win-back
C09451,221.0805,260.52,9,18,0.3252,Steady Regulars,Automate win-back
C12929,221.0753,348.96,4,56,0.4748,Steady Regulars,Automate win-back
C17612,221.0359,377.94,11,153,0.4742,Steady Regulars,Automate win-back
C14791,220.9794,552.01,4,137,0.5955,Steady Regulars,Automate win-back
C17143,220.9518,647.95,12,117,0.547,Champions,Automate win-back
C05766,220.826,80.99,1,65,0.6715,New & Promising,Automate win-back
C05866,220.7784,26.59,1,32,0.6025,Deal Hunters,Automate win-back
C11883,220.6339,0.0,1,55,0.7483,New & Promising,Automate win-back
C05846,220.6244,311.95,2,109,0.5527,Steady Regulars,Automate win-back
C09048,220.5072,240.36,1,17,0.5209,Deal Hunters,Automate win-back
C09230,220.3501,510.98,8,67,0.3637,Steady Regulars,Automate win-back
C10018,220.2372,442.95,1,20,0.6624,Steady Regulars,Automate win-back
C01572,220.0353,335.8,5,20,0.4568,Steady Regulars,Automate win-back
C09279,219.9035,0.0,1,55,0.7356,New & Promising,Automate win-back
C16696,219.8711,460.36,2,13,0.4388,Steady Regulars,Automate win-back
C10329,219.8542,25.99,1,54,0.5608,New & Promising,Automate win-back
C12782,219.8227,135.98,1,13,0.6368,New & Promising,Automate win-back
C04088,219.6887,816.88,3,114,0.5103,Steady Regulars,Automate win-back
C04142,219.5693,762.9,10,138,0.4773,Champions,Automate win-back
C02083,219.5301,329.1,8,48,0.4338,Champions,Automate win-back
C10654,219.3591,3346.56,41,148,0.8174,Champions,Automate win-back
C06720,219.3393,241.96,2,65,0.4153,Steady Regulars,Automate win-back
C06620,219.3329,422.9,6,95,0.4296,Steady Regulars,Automate win-back
C12977,219.251,44.98,9,144,0.6079,Champions,Automate win-back
C01767,219.205,251.77,2,12,0.43,Deal Hunters,Automate win-back
C17914,219.0902,476.14,10,132,0.5338,Champions,Automate win-back
C13708,219.0036,654.93,6,77,0.4898,Champions,Automate win-back
C07111,218.9973,340.73,3,137,0.6224,Steady Regulars,Automate win-back
C12272,218.9965,125.97,2,130,0.6045,New & Promising,Automate win-back
C09859,218.8469,242.63,1,13,0.5428,Deal Hunters,Automate win-back
C15636,218.8348,296.94,6,42,0.4092,Steady Regulars,Automate win-back
C14552,218.7963,329.95,3,70,0.3346,Steady Regulars,Automate win-back
C03574,218.7831,238.93,7,8,0.3311,Champions,Automate win-back
C17236,218.6626,78.47,7,37,0.4832,Steady Regulars,Automate win-back
C09231,218.5231,164.99,10,86,0.3954,Champions,Automate win-back
C05870,218.5199,137.57,4,20,0.4613,Steady Regulars,Automate win-back
C01200,218.4678,671.62,3,13,0.5113,Steady Regulars,Automate win-back
C13698,218.3086,613.68,5,118,0.4961,Steady Regulars,Automate win-back
C06847,218.2765,12.59,1,36,0.6732,Deal Hunters,Automate win-back
C04228,218.1317,99.96,1,78,0.6686,New & Promising,Automate win-back
C05565,217.9768,1069.88,5,132,0.5462,Steady Regulars,Automate win-back
C17688,217.6795,1354.93,2,11,0.4921,Steady Regulars,Automate win-back
C07204,217.5514,294.93,5,110,0.5527,Steady Regulars,Automate win-back
C13765,217.5421,388.62,6,14,0.427,Champions,Automate win-back
C10890,217.4976,33.99,1,42,0.5536,New & Promising,Automate win-back
C16808,217.4178,305.13,7,25,0.4138,Steady Regulars,Automate win-back
C06047,217.2003,770.04,11,134,0.5058,Champions,Automate win-back
C15819,217.169,16.99,1,2,0.6917,New & Promising,Automate win-back
C04309,217.0906,1231.1,6,63,0.4607,Champions,Automate win-back
C16073,217.0248,405.7,16,141,0.4772,Champions,Automate win-back
C05214,216.8037,147.76,2,17,0.4176,New & Promising,Automate win-back
C14384,216.7571,178.95,4,24,0.4625,Steady Regulars,Automate win-back
C05448,216.6552,23.99,1,55,0.666,New & Promising,Automate win-back
C11860,216.6388,128.97,2,30,0.3783,New & Promising,Automate win-back
C03701,215.8305,421.03,6,36,0.362,Steady Regulars,Automate win-back
C07199,215.8028,979.93,8,112,0.5042,Champions,Automate win-back
C14559,215.7937,215.34,3,38,0.4518,Deal Hunters,Automate win-back
C12380,215.7304,492.93,2,55,0.4885,Steady Regulars,Automate win-back
C17453,215.6857,222.1,3,22,0.5017,Steady Regulars,Automate win-back
C05694,215.6141,643.12,5,19,0.5096,Champions,Automate win-back
C01518,215.5291,207.96,8,76,0.4759,Champions,Automate win-back
C04425,215.4136,227.93,8,113,0.5516,Champions,Automate win-back
C06196,215.3956,793.82,2,17,0.4906,Steady Regulars,Automate win-back
C13910,214.9026,1359.58,16,169,0.6194,Champions,Automate win-back
C06079,214.7663,438.92,7,175,0.6025,Steady Regulars,Automate win-back
C13760,214.6134,260.97,1,8,0.7573,New & Promising,Automate win-back
C11333,214.5413,38.49,1,33,0.631,Deal Hunters,Automate win-back
C09808,214.3535,319.92,3,82,0.6632,Steady Regulars,Automate win-back
C12440,214.2426,697.11,2,20,0.502,Steady Regulars,Automate win-back
C07836,214.2312,311.94,4,95,0.455,Steady Regulars,Automate win-back
C05956,214.2089,268.62,1,12,0.5939,Steady Regulars,Automate win-back
C13700,214.1829,152.97,9,159,0.5837,Champions,Automate win-back
C17669,214.1462,162.76,1,11,0.5834,New & Promising,Automate win-back
C04261,214.137,668.11,4,139,0.5611,Steady Regulars,Automate win-back
C10422,213.9814,215.33,5,9,0.369,Steady Regulars,Automate win-back
C16221,213.7885,108.98,1,108,0.6238,New & Promising,Automate win-back
C02243,213.7433,378.46,3,9,0.4709,Steady Regulars,Automate win-back
C15677,213.6476,561.95,2,12,0.4655,Steady Regulars,Automate win-back
C13916,213.6222,662.11,5,99,0.5321,Steady Regulars,Automate win-back
C05663,213.5812,288.86,6,23,0.2555,Steady Regulars,Maintain
C08538,213.4906,18.99,1,46,0.6489,New & Promising,Automate win-back
C10966,213.4514,281.93,8,62,0.4253,Champions,Automate win-back
C16994,213.2871,10.99,1,44,0.7243,New & Promising,Automate win-back
C17466,213.2801,45.97,1,7,0.7778,New & Promising,Automate win-back
C16390,213.277,396.95,2,29,0.4809,Steady Regulars,Automate win-back
C07698,213.0288,44.98,1,70,0.5915,New & Promising,Automate win-back
C10644,212.9082,433.91,8,69,0.4126,Champions,Automate win-back
C10694,212.8201,151.15,1,35,0.6882,Deal Hunters,Automate win-back
C00366,212.754,322.95,4,52,0.4275,Steady Regulars,Automate win-back
C04967,212.7412,19.98,1,59,0.6139,New & Promising,Automate win-back
C15995,212.7027,99.97,1,21,0.7833,New & Promising,Automate win-back
C11010,212.688,1327.79,8,140,0.5401,Steady Regulars,Automate win-back
C07440,212.4716,137.91,2,94,0.5708,New & Promising,Automate win-back
C13270,212.277,0.0,1,94,0.716,New & Promising,Automate win-back
C09822,212.2015,34.99,1,56,0.606,New & Promising,Automate win-back
C09863,212.1461,7.19,1,15,0.6782,Deal Hunters,Automate win-back
C00045,212.1344,121.37,2,18,0.3779,New & Promising,Automate win-back
C16781,212.004,1451.29,7,178,0.594,Steady Regulars,Automate win-back
C07988,211.9945,418.82,8,19,0.4204,Champions,Automate win-back
C10194,211.8687,392.0,3,15,0.6125,Steady Regulars,Automate win-back
C02877,211.7698,330.77,1,8,0.7979,New & Promising,Automate win-back
C04654,211.5753,1217.94,3,88,0.4901,Steady Regulars,Automate win-back
C16520,211.506,289.95,6,68,0.4044,Steady Regulars,Automate win-back
C08589,211.4068,624.32,8,77,0.3681,Champions,Automate win-back
C00379,211.1982,665.97,1,4,0.7822,Steady Regulars,Automate win-back
C03698,211.0658,230.35,5,25,0.34,Steady Regulars,Automate win-back
C09951,210.8856,614.6,12,142,0.4514,Champions,Automate win-back
C08457,210.8677,330.8,8,43,0.419,Champions,Automate win-back
C09004,210.8425,56.97,1,9,0.6894,New & Promising,Automate win-back
C12935,210.7988,199.78,3,36,0.5575,Steady Regulars,Automate win-back
C05550,210.7851,22.99,1,52,0.5991,New & Promising,Automate win-back
C15402,210.7361,396.97,5,13,0.5508,Steady Regulars,Automate win-back
C05027,210.6531,440.3,4,155,0.5674,Steady Regulars,Automate win-back
C12404,210.3361,265.93,2,53,0.3395,Steady Regulars,Automate win-back
C00420,209.9447,278.97,1,30,0.6293,Steady Regulars,Automate win-back
C08592,209.7897,743.26,5,98,0.5283,Steady Regulars,Automate win-back
C17806,209.67,57.99,1,6,0.5474,New & Promising,Automate win-back
C02475,209.6154,574.53,7,152,0.5381,Steady Regulars,Automate win-back
C14792,209.5117,49.98,4,153,0.5499,New & Promising,Automate win-back
C12288,209.3438,57.98,1,7,0.7865,New & Promising,Automate win-back
C02205,209.3018,1043.91,2,65,0.4388,Steady Regulars,Automate win-back
C16767,209.2656,521.96,1,108,0.6592,Steady Regulars,Automate win-back
C15720,209.1785,28.99,1,14,0.7696,New & Promising,Automate win-back
C07285,209.1142,795.12,9,127,0.5925,Steady Regulars,Automate win-back
C12510,209.0581,465.95,1,40,0.6547,Steady Regulars,Automate win-back
C17632,208.9138,195.15,2,20,0.3689,Steady Regulars,Automate win-back
C07902,208.8324,888.96,4,47,0.4561,Steady Regulars,Automate win-back
C09614,208.759,341.71,3,97,0.5185,Steady Regulars,Automate win-back
C03585,208.7548,924.06,8,85,0.4405,Champions,Automate win-back
C04507,208.563,116.94,3,161,0.53,New & Promising,Automate win-back
C02963,208.5221,106.98,1,11,0.6544,New & Promising,Automate win-back
C03889,208.483,212.44,3,9,0.3578,Steady Regulars,Automate win-back
C17005,208.4738,249.91,5,50,0.4683,Champions,Automate win-back
C12844,208.3192,614.91,3,92,0.6013,Steady Regulars,Automate win-back
C10529,208.2706,307.97,1,57,0.6592,Steady Regulars,Automate win-back
C01909,208.2077,17.99,1,44,0.6505,New & Promising,Automate win-back
C11383,208.1219,561.09,5,92,0.4739,Steady Regulars,Automate win-back
C17431,208.1031,723.73,7,17,0.4152,Steady Regulars,Automate win-back
C07946,207.9263,1077.3,20,167,0.6852,Champions,Automate win-back
C03249,207.7898,929.44,5,115,0.5005,Steady Regulars,Automate win-back
C02979,207.5543,525.75,1,58,0.7184,Steady Regulars,Automate win-back
C05581,207.5484,585.73,8,55,0.4405,Champions,Automate win-back
C01844,207.4872,422.95,7,110,0.5188,Steady Regulars,Automate win-back
C01304,207.3226,389.8,6,19,0.4379,Champions,Automate win-back
C15998,207.168,551.64,10,159,0.5217,Champions,Automate win-back
C03022,207.001,85.97,1,12,0.5765,New & Promising,Automate win-back
C03804,206.8137,51.99,5,50,0.5036,Steady Regulars,Automate win-back
C10756,206.7675,1314.86,11,147,0.5122,Champions,Automate win-back
C08013,206.7046,509.94,2,75,0.5103,Steady Regulars,Automate win-back
C14258,206.5909,531.92,4,2,0.5431,Champions,Automate win-back
C13425,206.4578,170.97,9,140,0.5829,Champions,Automate win-back
C12086,206.351,303.98,1,88,0.6533,Steady Regulars,Automate win-back
C06690,206.3171,594.34,1,55,0.7311,Steady Regulars,Automate win-back
C17786,206.2849,245.43,3,18,0.4638,Deal Hunters,Automate win-back
C07479,206.1868,210.33,9,100,0.5133,Champions,Automate win-back
C11777,205.7908,1187.1,22,167,0.7766,Champions,Automate win-back
C17166,205.7144,973.33,2,41,0.3166,Deal Hunters,Automate win-back
C09428,205.676,1141.31,12,141,0.4694,Champions,Automate win-back
C07181,205.6734,972.89,2,60,0.4436,Steady Regulars,Automate win-back
C12464,204.9969,660.93,3,11,0.5361,Steady Regulars,Automate win-back
C03166,204.9047,848.9,4,69,0.5825,Steady Regulars,Automate win-back
C12623,204.8847,372.97,6,27,0.554,Steady Regulars,Automate win-back
C02758,204.6848,408.15,6,95,0.4867,Steady Regulars,Automate win-back
C07683,204.6561,193.97,2,124,0.6423,New & Promising,Automate win-back
C17455,204.5076,436.94,4,5,0.5988,Steady Regulars,Automate win-back
C15755,204.4933,413.18,12,136,0.532,Steady Regulars,Automate win-back
C03848,204.4778,40.99,1,5,0.5936,New & Promising,Automate win-back
C09820,204.251,63.98,3,12,0.5703,Steady Regulars,Automate win-back
C00799,204.162,34.28,1,31,0.683,Deal Hunters,Automate win-back
C02897,204.0122,137.13,1,34,0.6567,Deal Hunters,Automate win-back
C02678,203.9471,701.92,3,1,0.5964,Steady Regulars,Automate win-back
C15975,203.8115,311.98,2,122,0.6432,Steady Regulars,Automate win-back
C17883,203.5984,868.89,2,79,0.4806,Steady Regulars,Automate win-back
C12278,203.5516,100.98,2,45,0.5561,New & Promising,Automate win-back
C14245,203.495,451.08,6,128,0.5213,Steady Regulars,Automate win-back
C11431,203.4224,20.99,1,54,0.5869,New & Promising,Automate win-back
C02622,203.4052,40.99,1,40,0.5317,New & Promising,Automate win-back
C10609,203.4001,293.36,4,149,0.7437,Steady Regulars,Automate win-back
C08978,203.3953,374.69,3,72,0.5903,Steady Regulars,Automate win-back
C08943,203.2865,82.99,1,77,0.6741,New & Promising,Automate win-back
C04118,203.2703,377.93,6,159,0.6368,Steady Regulars,Automate win-back
C15374,203.2257,35.98,1,127,0.6797,New & Promising,Automate win-back
C04276,203.1606,373.06,1,32,0.8257,Deal Hunters,Automate win-back
C16171,203.1434,232.56,2,24,0.421,Deal Hunters,Automate win-back
C14073,203.0564,176.45,9,135,0.583,Steady Regulars,Automate win-back
C07658,202.8285,48.98,1,34,0.7081,Deal Hunters,Automate win-back
C10617,202.8211,466.92,4,66,0.5671,Steady Regulars,Automate win-back
C03690,202.5418,962.96,6,75,0.5055,Steady Regulars,Automate win-back
C16138,202.4642,263.97,17,145,0.5361,Champions,Automate win-back
C12481,202.4564,80.98,1,94,0.7041,New & Promising,Automate win-back
C03858,202.3963,105.17,7,32,0.3862,Champions,Automate win-back
C03990,202.2106,578.96,3,5,0.5459,Steady Regulars,Automate win-back
C11755,202.1299,211.34,14,124,0.4829,Champions,Automate win-back
C17748,202.1117,348.19,4,39,0.5058,Steady Regulars,Automate win-back
C05615,202.008,833.7,13,188,0.7472,Champions,Automate win-back
C15732,201.8383,156.24,2,4,0.4118,Steady Regulars,Automate win-back
C05937,201.8088,323.95,4,82,0.5889,Steady Regulars,Automate win-back
C11773,201.7609,771.9,15,154,0.6253,Champions,Automate win-back
C03505,201.6678,7.99,6,12,0.4501,Steady Regulars,Automate win-back
C15012,201.5453,590.3,5,117,0.5864,Steady Regulars,Automate win-back
C06801,201.5438,700.53,7,33,0.49,Champions,Automate win-back
C11253,201.539,623.16,4,122,0.439,Steady Regulars,Automate win-back
C08276,201.5225,275.66,4,154,0.5759,Deal Hunters,Automate win-back
C16584,201.4509,1080.45,17,173,0.665,Champions,Automate win-back
C10480,201.3089,106.15,2,19,0.3971,New & Promising,Automate win-back
C07671,201.2933,472.36,2,31,0.5202,Steady Regulars,Automate win-back
C04022,201.1787,178.93,3,64,0.4021,New & Promising,Automate win-back
C08494,200.9357,104.97,1,5,0.7222,New & Promising,Automate win-back
C07200,200.8166,1154.5,19,139,0.5582,Champions,Automate win-back
C06527,200.6914,577.87,7,85,0.4707,Champions,Automate win-back
C09880,200.5558,49.98,1,83,0.6117,New & Promising,Automate win-back
C13907,200.4628,336.93,3,89,0.3616,Steady Regulars,Automate win-back
C09089,200.4624,156.97,7,14,0.4655,Champions,Automate win-back
C16971,200.4617,299.93,7,64,0.3674,Steady Regulars,Automate win-back
C12860,200.3826,61.98,11,154,0.5459,Champions,Automate win-back
C17558,200.3186,559.71,7,18,0.472,Champions,Automate win-back
C01963,200.2853,236.97,1,43,0.6186,Steady Regulars,Automate win-back
C05801,200.1855,29.99,1,28,0.5784,New & Promising,Automate win-back
C05931,200.1799,493.94,3,145,0.5453,Steady Regulars,Automate win-back
C02594,200.1782,683.94,1,9,0.8221,Steady Regulars,Automate win-back
C14348,200.1335,311.17,3,87,0.3456,Steady Regulars,Automate win-back
C10336,199.9164,503.94,5,10,0.5574,Steady Regulars,Automate win-back
C01391,199.857,164.99,7,27,0.4485,Champions,Automate win-back
C14369,199.7713,427.92,8,109,0.443,Steady Regulars,Automate win-back
C14450,199.7056,286.97,1,49,0.6702,Steady Regulars,Automate win-back
C12612,199.6917,469.94,4,99,0.5166,Steady Regulars,Automate win-back
C05044,199.6089,108.99,1,88,0.6982,New & Promising,Automate win-back
C12769,199.0386,95.48,6,14,0.4416,Champions,Automate win-back
C07678,198.7914,375.53,2,65,0.4821,Steady Regulars,Automate win-back
C12551,198.7316,689.72,4,166,0.6251,Steady Regulars,Automate win-back
C17203,198.7294,37.78,2,38,0.5829,Steady Regulars,Automate win-back
C17528,198.6417,437.84,9,107,0.4685,Champions,Automate win-back
C15024,198.5559,370.36,3,126,0.5705,Steady Regulars,Automate win-back
C15507,198.4636,249.5,10,128,0.5658,Champions,Automate win-back
C12134,198.4624,221.05,2,33,0.4686,Steady Regulars,Automate win-back
C08300,198.4202,87.96,1,41,0.6815,New & Promising,Automate win-back
C14527,198.3831,43.99,10,140,0.5987,Champions,Automate win-back
C04866,198.3004,674.89,8,102,0.4534,Champions,Automate win-back
C11016,198.2732,74.97,1,123,0.7732,New & Promising,Automate win-back
C06166,197.8818,356.93,2,3,0.4824,Steady Regulars,Automate win-back
C16663,197.8494,103.92,3,31,0.3991,New & Promising,Automate win-back
C14935,197.7608,586.63,8,132,0.5428,Champions,Automate win-back
C12452,197.6245,292.3,14,151,0.5144,Champions,Automate win-back
C12092,197.5851,249.96,3,28,0.518,Steady Regulars,Automate win-back
C04341,197.4222,395.99,2,169,0.6328,Steady Regulars,Automate win-back
C06414,197.3409,23.99,1,1,0.7012,New & Promising,Automate win-back
C05138,197.206,167.34,4,38,0.3808,Steady Regulars,Automate win-back
C08899,197.0804,429.96,2,53,0.5468,Steady Regulars,Automate win-back
C14200,196.9106,389.98,9,139,0.4526,Champions,Automate win-back
C10180,196.748,469.14,4,34,0.5877,Steady Regulars,Automate win-back
C04047,196.6207,86.07,1,37,0.6813,Deal Hunters,Automate win-back
C03998,196.6189,301.93,5,90,0.5928,Steady Regulars,Automate win-back
C03168,196.5483,117.97,1,7,0.7463,New & Promising,Automate win-back
C03497,196.5316,451.58,9,124,0.576,Steady Regulars,Automate win-back
C08076,196.5134,108.97,3,54,0.4451,New & Promising,Automate win-back
C09123,196.4896,464.97,1,108,0.6763,Steady Regulars,Automate win-back
C17534,196.4778,117.96,7,64,0.4027,Champions,Automate win-back
C07657,196.4464,384.97,1,61,0.6865,Steady Regulars,Automate win-back
C13594,196.2594,166.98,1,85,0.7063,New & Promising,Automate win-back
C04611,196.1803,683.26,6,33,0.439,Champions,Automate win-back
C04826,196.0759,688.74,6,30,0.4688,Steady Regulars,Automate win-back
C01205,196.0143,536.94,2,64,0.5632,Steady Regulars,Automate win-back
C12780,195.9354,212.91,1,48,0.5637,New & Promising,Automate win-back
C08837,195.9037,355.94,8,61,0.3968,Champions,Automate win-back
C11890,195.8647,1021.86,6,117,0.5301,Steady Regulars,Automate win-back
C15266,195.8516,49.49,1,14,0.7339,Deal Hunters,Automate win-back
C11131,195.8414,505.72,5,150,0.5541,Steady Regulars,Automate win-back
C16861,195.4772,324.97,5,21,0.5287,Steady Regulars,Automate win-back
C09889,195.2281,38.97,1,49,0.7532,New & Promising,Automate win-back
C07844,195.1914,230.77,2,11,0.3892,Steady Regulars,Automate win-back
C06287,195.0506,214.52,4,18,0.5667,Steady Regulars,Automate win-back
C08569,195.0355,255.95,7,44,0.3753,Champions,Automate win-back
C06104,194.8636,41.57,3,48,0.5003,Steady Regulars,Automate win-back
C15142,194.7965,1031.93,4,158,0.5656,Steady Regulars,Automate win-back
C16366,194.7164,71.18,1,20,0.7068,Deal Hunters,Automate win-back
C10031,194.5558,1846.81,4,139,0.5575,Steady Regulars,Automate win-back
C17426,194.5124,169.36,2,14,0.3667,Steady Regulars,Automate win-back
C01760,194.4425,626.96,4,76,0.5387,Steady Regulars,Automate win-back
C03025,194.3123,224.97,1,26,0.6578,New & Promising,Automate win-back
C07166,194.2842,471.76,1,33,0.7131,Deal Hunters,Automate win-back
C15993,194.2752,429.36,8,160,0.6252,Champions,Automate win-back
C02527,194.1705,600.91,4,10,0.5183,Steady Regulars,Automate win-back
C05093,194.1104,656.18,8,127,0.5248,Steady Regulars,Automate win-back
C15652,193.9717,44.98,1,13,0.5804,New & Promising,Automate win-back
C07046,193.9076,146.96,3,40,0.4354,New & Promising,Automate win-back
C14374,193.8184,93.98,7,24,0.4452,Champions,Automate win-back
C04798,193.7757,1378.53,16,236,0.9703,Champions,Automate win-back
C12940,193.7291,203.96,2,40,0.407,Steady Regulars,Automate win-back
C03845,193.5841,561.51,3,111,0.5924,Steady Regulars,Automate win-back
C03818,193.5052,94.98,1,107,0.6526,New & Promising,Automate win-back
C03955,193.3267,43.38,2,34,0.5222,Steady Regulars,Automate win-back
C09255,193.2916,506.94,2,89,0.4299,Steady Regulars,Automate win-back
C03842,193.2502,176.97,1,44,0.6359,New & Promising,Automate win-back
C13944,193.2423,0.0,2,132,0.5433,New & Promising,Automate win-back
C07213,193.0385,44.98,2,7,0.4928,New & Promising,Automate win-back
C05614,192.9888,139.85,4,31,0.5329,Steady Regulars,Automate win-back
C07516,192.8115,317.88,3,41,0.5653,Steady Regulars,Automate win-back
C17842,192.7557,251.97,1,48,0.6623,Steady Regulars,Automate win-back
C07518,192.6357,293.91,7,97,0.3634,Steady Regulars,Automate win-back
C09623,192.6156,427.97,3,152,0.5755,Steady Regulars,Automate win-back
C11840,192.5635,626.38,1,119,0.7237,Deal Hunters,Automate win-back
C05872,192.2538,311.95,4,31,0.638,Steady Regulars,Automate win-back
C00960,192.1612,719.36,1,14,0.7283,Steady Regulars,Automate win-back
C03662,192.1282,168.95,2,4,0.3753,Steady Regulars,Automate win-back
C07349,192.1206,990.98,8,137,0.5918,Champions,Automate win-back
C01029,192.0564,603.39,4,157,0.629,Steady Regulars,Automate win-back
C10704,192.0394,811.92,5,80,0.5798,Steady Regulars,Automate win-back
C10495,192.0228,658.93,7,47,0.3895,Champions,Automate win-back
C00672,191.9973,28.99,1,3,0.6286,New & Promising,Automate win-back
C00443,191.936,45.98,1,9,0.692,New & Promising,Automate win-back
C02634,191.8949,859.38,11,149,0.5706,Champions,Automate win-back
C16211,191.808,920.92,6,94,0.4602,Steady Regulars,Automate win-back
C11079,191.5262,116.96,1,29,0.7623,New & Promising,Automate win-back
C16846,191.307,196.23,5,17,0.4937,Champions,Automate win-back
C11282,191.2809,253.97,3,2,0.5852,Steady Regulars,Automate win-back
C11981,191.2585,109.87,2,35,0.3829,Deal Hunters,Automate win-back
C17899,191.2563,399.58,1,40,0.8036,Deal Hunters,Automate win-back
C00139,191.2162,482.91,11,166,0.5868,Champions,Automate win-back
C04147,191.0837,608.87,4,100,0.5137,Steady Regulars,Automate win-back
C09613,191.0651,85.57,1,21,0.7313,New & Promising,Automate win-back
C11230,191.0389,22.99,2,18,0.5529,New & Promising,Automate win-back
C02805,191.01,199.17,2,14,0.4338,Steady Regulars,Automate win-back
C13228,190.9811,276.94,3,64,0.6414,Steady Regulars,Automate win-back
C11039,190.9149,344.97,1,91,0.7333,Steady Regulars,Automate win-back
C15066,190.9087,400.94,6,56,0.4322,Steady Regulars,Automate win-back
C12114,190.8778,438.97,1,61,0.7241,Steady Regulars,Automate win-back
C15327,190.7602,1295.15,10,174,0.5875,Champions,Automate win-back
C09342,190.4857,42.88,4,152,0.5959,Steady Regulars,Automate win-back
C16945,190.2796,217.94,1,60,0.6349,Steady Regulars,Automate win-back
C10089,190.2365,759.94,3,150,0.5498,Steady Regulars,Automate win-back
C07452,190.1367,563.9,21,234,0.8735,Champions,Automate win-back
C10574,190.1043,192.58,2,25,0.4581,New & Promising,Automate win-back
C09239,190.0948,400.95,5,2,0.463,Champions,Automate win-back
C17717,189.8883,703.34,18,167,0.6569,Champions,Automate win-back
C09894,189.7506,538.82,4,7,0.5275,Champions,Automate win-back
C15372,189.6824,455.84,6,109,0.4852,Champions,Automate win-back
C17086,189.6622,422.92,1,23,0.6658,Steady Regulars,Automate win-back
C00665,189.4953,40.99,7,73,0.5081,Champions,Automate win-back
C03509,189.3967,274.94,3,56,0.4833,Steady Regulars,Automate win-back
C03430,189.3825,252.57,4,23,0.507,Steady Regulars,Automate win-back
C12471,189.1916,36.78,1,13,0.7466,Deal Hunters,Automate win-back
C03178,189.0945,710.13,10,151,0.563,Champions,Automate win-back
C13885,189.0937,575.95,6,11,0.5408,Champions,Automate win-back
C17327,188.9651,218.98,1,16,0.7452,New & Promising,Automate win-back
C00626,188.8595,38.49,3,37,0.5902,Steady Regulars,Automate win-back
C13774,188.8556,288.95,8,162,0.6461,Steady Regulars,Automate win-back
C11584,188.8037,1148.68,18,178,0.7282,Champions,Automate win-back
C07264,188.7201,26.99,1,50,0.612,New & Promising,Automate win-back
C02469,188.6515,347.99,1,51,0.7723,Steady Regulars,Automate win-back
C06360,188.6011,211.92,5,172,0.618,Steady Regulars,Automate win-back
C13123,188.4223,259.14,5,158,0.6589,Steady Regulars,Automate win-back
C13914,188.2851,125.85,1,11,0.6805,New & Promising,Automate win-back
C11009,188.2127,87.99,1,78,0.6796,New & Promising,Automate win-back
C00831,188.1979,158.96,2,56,0.512,Steady Regulars,Automate win-back
C17009,188.0491,118.86,2,33,0.4134,Deal Hunters,Automate win-back
C10417,187.9654,72.95,4,24,0.4981,New & Promising,Automate win-back
C00457,187.92,373.82,3,96,0.4568,Steady Regulars,Automate win-back
C08946,187.8482,33.98,1,132,0.7316,Deal Hunters,Automate win-back
C03807,187.7929,26.59,4,38,0.5044,Steady Regulars,Automate win-back
C15059,187.6341,245.95,1,49,0.5848,Steady Regulars,Automate win-back
C12196,187.6021,507.96,1,45,0.689,Steady Regulars,Automate win-back
C06258,187.491,1196.66,9,163,0.5313,Champions,Automate win-back
C11154,187.4506,46.17,1,22,0.6267,Deal Hunters,Automate win-back
C11054,187.4454,93.98,1,19,0.7832,New & Promising,Automate win-back
C05144,187.4374,160.93,2,66,0.4516,New & Promising,Automate win-back
C16895,187.3259,164.04,2,32,0.4459,Deal Hunters,Automate win-back
C07881,187.19,77.98,1,53,0.6878,New & Promising,Automate win-back
C04449,187.1212,464.97,5,96,0.4532,Steady Regulars,Automate win-back
C15559,187.0813,315.98,5,45,0.562,Steady Regulars,Automate win-back
C17714,187.0561,305.96,2,109,0.4395,Steady Regulars,Automate win-back
C07932,187.0493,65.87,1,132,0.7777,Deal Hunters,Automate win-back
C07487,186.9833,101.96,3,10,0.4731,New & Promising,Automate win-back
C05819,186.982,317.97,2,118,0.5545,Steady Regulars,Automate win-back
C06786,186.8263,380.77,3,82,0.6077,Steady Regulars,Automate win-back
C17580,186.7191,173.96,2,23,0.5019,New & Promising,Automate win-back
C02536,186.685,313.77,4,31,0.5841,Deal Hunters,Automate win-back
C08146,186.6371,507.79,5,111,0.5192,Steady Regulars,Automate win-back
C15524,186.5806,269.53,11,156,0.6032,Champions,Automate win-back
C17140,186.559,127.55,2,18,0.399,Deal Hunters,Automate win-back
C05475,186.5399,375.64,3,139,0.6157,Steady Regulars,Automate win-back
C13870,186.5237,33.98,1,72,0.5414,New & Promising,Automate win-back
C00753,186.4335,383.96,3,30,0.5543,Steady Regulars,Automate win-back
C07517,186.4181,374.42,3,24,0.4925,Deal Hunters,Automate win-back
C05876,186.4085,51.57,2,12,0.4055,New & Promising,Automate win-back
C15821,186.2901,282.53,2,20,0.3859,Steady Regulars,Automate win-back
C17912,186.2652,255.44,4,31,0.5413,Steady Regulars,Automate win-back
C17276,186.2458,440.89,7,165,0.6205,Steady Regulars,Automate win-back
C05755,186.2298,255.93,3,22,0.5361,Steady Regulars,Automate win-back
C17071,186.185,144.98,1,49,0.7604,New & Promising,Automate win-back
C10293,186.1545,506.95,9,184,0.6265,Champions,Automate win-back
C04433,186.1467,62.97,8,34,0.4671,Champions,Automate win-back
C14036,185.9785,101.98,1,48,0.8054,New & Promising,Automate win-back
C00014,185.9263,47.59,1,145,0.7374,Deal Hunters,Automate win-back
C09036,185.6382,299.93,6,120,0.4728,Steady Regulars,Automate win-back
C17334,185.5433,400.02,4,46,0.6034,Steady Regulars,Automate win-back
C14593,185.5309,433.52,4,151,0.5947,Steady Regulars,Automate win-back
C15743,185.5113,249.97,2,97,0.5549,Steady Regulars,Automate win-back
C02235,185.5012,283.3,7,16,0.4673,Champions,Automate win-back
C08742,185.2343,76.13,3,11,0.5607,Steady Regulars,Automate win-back
C10662,185.1949,700.93,7,68,0.4522,Steady Regulars,Automate win-back
C14744,184.9939,86.97,3,12,0.5549,Steady Regulars,Automate win-back
C04205,184.5281,376.62,4,98,0.4832,Steady Regulars,Automate win-back
C04849,184.4734,260.97,2,92,0.4988,Steady Regulars,Automate win-back
C17546,184.4647,61.98,5,78,0.5811,Steady Regulars,Automate win-back
C16702,184.3488,202.97,5,139,0.5048,Steady Regulars,Automate win-back
C11346,184.2308,77.96,1,57,0.6602,New & Promising,Automate win-back
C02711,184.0299,9.99,7,111,0.5588,Champions,Automate win-back
C10982,183.8812,227.95,4,4,0.559,Steady Regulars,Automate win-back
C05950,183.8155,28.99,1,48,0.7663,New & Promising,Automate win-back
C06730,183.629,752.13,6,109,0.4998,Champions,Automate win-back
C12431,183.6184,179.96,3,91,0.384,Steady Regulars,Automate win-back
C02329,183.5345,943.92,3,125,0.6095,Steady Regulars,Automate win-back
C05185,183.3587,200.36,2,56,0.5965,Steady Regulars,Automate win-back
C08777,183.2831,145.57,2,37,0.3878,Deal Hunters,Automate win-back
C00224,183.0167,436.94,3,12,0.5978,Steady Regulars,Automate win-back
C01215,182.9817,409.96,4,179,0.6517,Steady Regulars,Automate win-back
C14342,182.979,112.97,5,117,0.5762,Steady Regulars,Automate win-back
C11097,182.9759,70.36,1,21,0.7796,New & Promising,Automate win-back
C01574,182.8936,156.98,1,102,0.721,New & Promising,Automate win-back
C05996,182.8522,1811.64,18,167,0.5655,Champions,Automate win-back
C17918,182.8516,19.98,3,129,0.5191,New & Promising,Automate win-back
C00901,182.7966,29.99,5,117,0.5838,Steady Regulars,Automate win-back
C12282,182.7443,150.96,1,17,0.6761,New & Promising,Automate win-back
C04469,182.6228,81.38,1,16,0.6716,New & Promising,Automate win-back
C02063,182.5553,348.56,5,35,0.5639,Champions,Automate win-back
C02826,182.5175,54.16,2,19,0.4929,New & Promising,Automate win-back
C08557,182.4017,314.46,1,146,0.7045,Deal Hunters,Automate win-back
C13002,182.2931,395.98,2,71,0.3949,Steady Regulars,Automate win-back
C09524,182.2498,51.98,2,15,0.4946,Deal Hunters,Automate win-back
C12608,182.2089,45.97,2,124,0.629,New & Promising,Automate win-back
C14400,182.1936,87.78,1,17,0.6171,New & Promising,Automate win-back
C04861,182.1238,225.31,4,21,0.5493,Champions,Automate win-back
C05321,182.0765,949.46,4,6,0.5113,Champions,Automate win-back
C13409,182.0432,0.0,1,33,0.7033,Deal Hunters,Automate win-back
C00450,182.0295,975.12,8,165,0.6421,Champions,Automate win-back
C01949,181.9873,52.18,1,54,0.7898,New & Promising,Automate win-back
C03765,181.8589,194.91,2,101,0.5716,Steady Regulars,Automate win-back
C14801,181.8589,220.97,1,53,0.6428,Steady Regulars,Automate win-back
C09168,181.8042,541.96,6,72,0.5355,Steady Regulars,Automate win-back
C16005,181.7512,137.69,1,139,0.7615,Deal Hunters,Automate win-back
C02248,181.7471,453.95,1,128,0.7246,Steady Regulars,Automate win-back
C11823,181.6246,323.94,4,57,0.5071,Steady Regulars,Automate win-back
C14705,181.608,53.98,1,49,0.7532,New & Promising,Automate win-back
C14248,181.5778,297.58,7,2,0.4469,Champions,Automate win-back
C05626,181.4692,228.96,8,44,0.4192,Steady Regulars,Automate win-back
C05381,181.4401,86.99,2,50,0.488,New & Promising,Automate win-back
C13890,181.4289,40.99,1,75,0.5869,New & Promising,Automate win-back
C14944,181.4258,320.97,2,28,0.5541,Steady Regulars,Automate win-back
C12367,181.3855,1161.87,5,175,0.6291,Steady Regulars,Automate win-back
C14634,181.3164,64.97,1,30,0.754,New & Promising,Automate win-back
C15180,181.291,620.93,6,132,0.5351,Steady Regulars,Automate win-back
C01489,181.2834,232.65,3,54,0.379,Steady Regulars,Automate win-back
C02721,181.254,566.39,2,140,0.665,Steady Regulars,Automate win-back
C06095,181.1876,243.94,8,85,0.4128,Champions,Automate win-back
C03949,181.1489,643.69,10,150,0.5109,Champions,Automate win-back
C08210,181.1455,238.85,3,158,0.7257,Steady Regulars,Automate win-back
C02960,180.97,209.37,2,34,0.4984,Steady Regulars,Automate win-back
C08440,180.9129,326.92,6,118,0.5394,Steady Regulars,Automate win-back
C14830,180.9082,1636.21,19,188,0.7571,Champions,Automate win-back
C11157,180.8526,359.97,1,67,0.7669,Steady Regulars,Automate win-back
C07900,180.7689,213.97,7,60,0.5409,Steady Regulars,Automate win-back
C09826,180.6724,193.25,5,11,0.4935,Champions,Automate win-back
C15222,180.6344,59.98,1,49,0.7458,New & Promising,Automate win-back
C11652,180.6302,348.91,4,67,0.6064,Steady Regulars,Automate win-back
C05539,180.6198,281.57,2,12,0.5871,Steady Regulars,Automate win-back
C08702,180.5226,114.94,2,1,0.4098,New & Promising,Automate win-back
C04841,180.4796,95.07,4,24,0.487,Deal Hunters,Automate win-back
C16609,180.2739,374.08,1,65,0.7256,Steady Regulars,Automate win-back
C03521,180.1999,695.98,2,15,0.5683,Steady Regulars,Automate win-back
C14975,180.1802,294.95,4,24,0.5867,Steady Regulars,Automate win-back
C16277,180.1505,194.38,2,18,0.4788,Deal Hunters,Automate win-back
C03745,180.0523,591.95,6,73,0.4868,Champions,Automate win-back
C05859,180.0185,1197.49,7,162,0.6202,Steady Regulars,Automate win-back
C01836,179.9621,251.88,2,130,0.6756,Deal Hunters,Automate win-back
C09804,179.8985,1468.25,7,178,0.7063,Steady Regulars,Automate win-back
C17039,179.8817,452.87,3,53,0.6127,Steady Regulars,Automate win-back
C00590,179.8495,192.92,7,37,0.4175,Champions,Automate win-back
C05598,179.7714,171.96,4,103,0.5436,Steady Regulars,Automate win-back
C07162,179.7639,747.88,12,152,0.558,Champions,Automate win-back
C04665,179.6898,243.95,1,72,0.6605,Steady Regulars,Automate win-back
C07305,179.4822,403.94,1,61,0.7128,Steady Regulars,Automate win-back
C00105,179.3892,92.98,2,23,0.4549,New & Promising,Automate win-back
C03268,179.3474,0.0,1,69,0.7431,New & Promising,Automate win-back
C12698,179.2876,254.92,4,12,0.4311,Steady Regulars,Automate win-back
C10119,179.2831,207.96,1,23,0.5733,New & Promising,Automate win-back
C04244,179.1933,111.98,1,48,0.8337,New & Promising,Automate win-back
C02964,179.1622,674.72,5,1,0.5617,Champions,Automate win-back
C11990,179.1411,57.76,2,38,0.4615,New & Promising,Automate win-back
C13906,178.9709,67.78,2,17,0.5773,Steady Regulars,Automate win-back
C12841,178.9423,27.99,2,48,0.553,New & Promising,Automate win-back
C10171,178.9213,101.98,6,83,0.4942,Champions,Automate win-back
C00903,178.893,48.27,3,32,0.486,Steady Regulars,Automate win-back
C01921,178.816,30.97,1,41,0.703,New & Promising,Automate win-back
C04417,178.7265,115.97,2,11,0.453,Steady Regulars,Automate win-back
C12683,178.6313,50.38,4,13,0.5854,Steady Regulars,Automate win-back
C15305,178.5888,989.92,2,101,0.6157,Steady Regulars,Automate win-back
C02535,178.519,85.38,3,52,0.4718,Deal Hunters,Automate win-back
C03466,178.4319,482.88,8,101,0.4629,Steady Regulars,Automate win-back
C13347,178.3604,104.94,3,31,0.4104,Deal Hunters,Automate win-back
C00296,178.3071,48.99,1,30,0.7008,New & Promising,Automate win-back
C15850,178.2469,144.11,6,12,0.4541,Champions,Automate win-back
C11960,178.1996,428.88,10,144,0.5439,Champions,Automate win-back
C17795,178.1847,448.96,1,74,0.7515,Steady Regulars,Automate win-back
C01486,178.1182,351.94,2,47,0.4744,Steady Regulars,Automate win-back
C08521,178.0609,114.78,1,20,0.7723,New & Promising,Automate win-back
C03939,178.0083,244.95,12,131,0.4863,Steady Regulars,Automate win-back
C15539,177.7785,33.98,1,10,0.7787,New & Promising,Automate win-back
C12465,177.742,670.89,9,129,0.5204,Champions,Automate win-back
C06224,177.7086,209.55,1,22,0.5828,New & Promising,Automate win-back
C06133,177.6786,966.9,5,161,0.5406,Steady Regulars,Automate win-back
C05690,177.596,484.91,5,18,0.5434,Champions,Automate win-back
C06733,177.5404,865.44,4,162,0.6368,Steady Regulars,Automate win-back
C15275,177.5276,246.52,4,14,0.5457,Steady Regulars,Automate win-back
C12175,177.4481,19.98,1,88,0.6642,New & Promising,Automate win-back
C12588,177.4378,107.98,1,89,0.6895,New & Promising,Automate win-back
C13981,177.3966,55.98,1,18,0.7379,New & Promising,Automate win-back
C06046,177.2685,329.73,4,154,0.5977,Steady Regulars,Automate win-back
C11071,177.2288,158.14,1,38,0.6434,Deal Hunters,Automate win-back
C09402,177.0375,65.92,7,118,0.5535,Champions,Automate win-back
C16621,177.0372,99.98,2,71,0.4519,New & Promising,Automate win-back
C06888,176.9026,57.95,3,122,0.614,Steady Regulars,Automate win-back
C03573,176.8921,23.99,6,125,0.6639,Steady Regulars,Automate win-back
C13348,176.8654,246.96,2,50,0.4178,Steady Regulars,Automate win-back
C14886,176.8567,503.93,3,28,0.5411,Steady Regulars,Automate win-back
C10306,176.8224,1102.85,7,166,0.6371,Steady Regulars,Automate win-back
C04075,176.7862,0.0,1,89,0.6931,New & Promising,Automate win-back
C10078,176.6888,31.99,1,98,0.6617,New & Promising,Automate win-back
C04578,176.4112,1640.59,7,178,0.7068,Steady Regulars,Automate win-back
C04842,176.3572,201.97,1,136,0.7131,Steady Regulars,Automate win-back
C01247,176.2663,256.15,2,34,0.5355,Steady Regulars,Automate win-back
C16151,176.1476,97.57,1,5,0.7488,New & Promising,Automate win-back
C04721,176.146,362.98,4,6,0.5406,Champions,Automate win-back
C05243,176.1293,234.02,6,70,0.4753,Steady Regulars,Automate win-back
C00856,176.052,29.99,1,104,0.652,New & Promising,Automate win-back
C03491,176.0145,205.96,1,41,0.5594,New & Promising,Automate win-back
C08833,175.9808,118.37,2,22,0.4024,Deal Hunters,Automate win-back
C05354,175.9621,818.91,6,179,0.5841,Steady Regulars,Automate win-back
C08795,175.8997,232.93,2,60,0.4655,Steady Regulars,Automate win-back
C01083,175.8191,529.11,2,33,0.5228,Steady Regulars,Automate win-back
C00217,175.7104,679.55,9,151,0.573,Champions,Automate win-back
C02702,175.6638,79.99,6,10,0.4832,Champions,Automate win-back
C10456,175.6111,43.56,2,12,0.4311,New & Promising,Automate win-back
C15312,175.4911,361.88,1,33,0.8379,Deal Hunters,Automate win-back
C01497,175.3833,293.97,1,132,0.8412,Steady Regulars,Automate win-back
C12032,175.3698,319.34,5,12,0.4972,Champions,Automate win-back
C16305,175.3089,400.99,1,133,0.7226,Steady Regulars,Automate win-back
C14972,175.2914,173.99,2,30,0.517,Steady Regulars,Automate win-back
C02521,175.2905,141.05,3,26,0.5358,Steady Regulars,Automate win-back
C07026,175.0745,21.98,1,6,0.7516,New & Promising,Automate win-back
C13735,175.0486,0.0,1,5,0.6689,New & Promising,Automate win-back
C14211,174.9137,151.99,3,2,0.5784,Champions,Automate win-back
C00825,174.8765,94.57,2,20,0.4398,Steady Regulars,Automate win-back
C06713,174.786,127.98,2,75,0.5152,Steady Regulars,Automate win-back
C00016,174.769,890.69,4,144,0.5684,Steady Regulars,Automate win-back
C04111,174.7259,622.92,4,64,0.5925,Steady Regulars,Automate win-back
C06782,174.68,301.77,2,27,0.5616,Steady Regulars,Automate win-back
C17668,174.661,458.33,11,138,0.5106,Champions,Automate win-back
C02496,174.6558,218.98,1,44,0.6357,New & Promising,Automate win-back
C00716,174.5164,85.07,1,24,0.6991,Deal Hunters,Automate win-back
C14694,174.4818,657.97,4,73,0.6178,Steady Regulars,Automate win-back
C03045,174.3498,72.98,1,49,0.7891,New & Promising,Automate win-back
C05313,174.2748,146.99,5,26,0.4167,Steady Regulars,Automate win-back
C11126,174.1894,55.98,1,25,0.7024,New & Promising,Automate win-back
C12088,174.1225,28.89,1,143,0.7646,Deal Hunters,Automate win-back
C16250,174.1169,354.46,8,135,0.5127,Champions,Automate win-back
C08744,174.1021,358.7,3,125,0.613,Steady Regulars,Automate win-back
C06333,174.0945,78.99,1,126,0.736,New & Promising,Automate win-back
C03075,174.0792,1080.87,6,178,0.5246,Steady Regulars,Automate win-back
C14557,174.0076,1902.92,12,173,0.5854,Steady Regulars,Automate win-back
C00649,173.9949,131.06,4,14,0.4643,Champions,Automate win-back
C16735,173.9786,617.84,26,166,0.7499,Champions,Automate win-back
C17184,173.9304,210.84,4,42,0.391,Steady Regulars,Automate win-back
C00340,173.8515,71.99,1,7,0.7994,New & Promising,Automate win-back
C12425,173.8506,125.99,1,3,0.7861,New & Promising,Automate win-back
C17877,173.721,157.96,8,108,0.5248,Champions,Automate win-back
C03385,173.6108,110.97,1,49,0.8341,New & Promising,Automate win-back
C01075,173.5313,389.13,5,38,0.5437,Deal Hunters,Automate win-back
C09835,173.3534,167.84,2,139,0.7436,Deal Hunters,Automate win-back
C16641,173.2979,96.47,2,67,0.507,New & Promising,Automate win-back
C05135,173.2781,289.96,1,56,0.6165,Steady Regulars,Automate win-back
C16347,173.1503,1421.8,10,157,0.5725,Champions,Automate win-back
C17460,173.1379,249.76,3,22,0.5006,Steady Regulars,Automate win-back
C11874,173.0561,593.9,7,110,0.5349,Steady Regulars,Automate win-back
C17592,173.0321,314.98,13,178,0.5672,Champions,Automate win-back
C01307,173.0134,347.99,1,9,0.8253,New & Promising,Automate win-back
C12592,172.9791,982.97,9,138,0.5187,Champions,Automate win-back
C10602,172.9576,264.95,4,115,0.5497,Steady Regulars,Automate win-back
C07792,172.9525,437.34,2,37,0.5396,Deal Hunters,Automate win-back
C06190,172.7262,17.99,3,57,0.5305,Steady Regulars,Automate win-back
C05597,172.57,766.65,6,145,0.5897,Steady Regulars,Automate win-back
C09416,172.4068,136.98,3,9,0.5278,Steady Regulars,Automate win-back
C10755,172.4061,186.98,1,8,0.7668,New & Promising,Automate win-back
C01637,172.2632,93.74,1,18,0.7109,Deal Hunters,Automate win-back
C09638,172.2059,226.76,1,19,0.765,Deal Hunters,Automate win-back
C07404,172.1133,151.94,2,54,0.4992,New & Promising,Automate win-back
C13493,172.0562,339.9,4,114,0.5792,Steady Regulars,Automate win-back
C15315,171.9806,226.96,3,73,0.6163,Steady Regulars,Automate win-back
C13751,171.9617,0.0,2,33,0.5611,Steady Regulars,Automate win-back
C13196,171.8644,205.78,5,33,0.5473,Champions,Automate win-back
C08517,171.8312,1029.2,14,187,0.8191,Champions,Automate win-back
C01741,171.8215,80.97,3,81,0.5255,New & Promising,Automate win-back
C15036,171.7784,855.87,10,177,0.5524,Steady Regulars,Automate win-back
C03392,171.7605,459.3,4,157,0.5472,Deal Hunters,Automate win-back
C15176,171.7297,372.97,1,97,0.7599,Steady Regulars,Automate win-back
C11739,171.7091,107.98,1,126,0.7906,New & Promising,Automate win-back
C11130,171.6082,120.55,7,82,0.5306,Champions,Automate win-back
C09696,171.5311,245.21,7,67,0.4834,Steady Regulars,Automate win-back
C06967,171.4692,291.57,1,16,0.7721,Deal Hunters,Automate win-back
C09579,171.461,67.48,2,52,0.4961,Deal Hunters,Automate win-back
C04899,171.4551,427.65,7,102,0.5613,Champions,Automate win-back
C03187,171.3984,213.47,1,34,0.6666,Deal Hunters,Automate win-back
C12231,171.3598,96.26,1,9,0.7054,Deal Hunters,Automate win-back
C00399,171.1868,0.0,5,2,0.4901,Champions,Automate win-back
C14286,171.0016,208.98,1,56,0.6252,New & Promising,Automate win-back
C10165,170.9743,174.95,3,131,0.6347,Steady Regulars,Automate win-back
C11854,170.8616,83.98,2,50,0.4672,New & Promising,Automate win-back
C09790,170.6591,333.94,1,87,0.6216,Steady Regulars,Automate win-back
C13226,170.6403,62.37,7,66,0.499,Champions,Automate win-back
C00263,170.4667,407.71,4,14,0.5178,Deal Hunters,Automate win-back
C15117,170.3282,22.99,1,13,0.677,New & Promising,Automate win-back
C05602,170.3113,173.98,1,10,0.7194,New & Promising,Automate win-back
C02874,170.2359,380.93,1,98,0.7674,Steady Regulars,Automate win-back
C12433,170.1522,273.93,5,40,0.5805,Steady Regulars,Automate win-back
C03513,170.0628,367.05,18,167,0.6831,Champions,Automate win-back
C03013,170.0044,165.98,1,46,0.7161,New & Promising,Automate win-back
C17564,169.8283,2213.48,23,203,0.8437,Champions,Automate win-back
C03351,169.7182,402.98,2,64,0.6731,Steady Regulars,Automate win-back
C15778,169.6912,57.99,1,14,0.8055,New & Promising,Automate win-back
C14629,169.6732,272.9,2,134,0.7193,Steady Regulars,Automate win-back
C00327,169.5661,935.88,3,202,0.7704,Steady Regulars,Automate win-back
C10081,169.4248,559.96,2,3,0.4966,Steady Regulars,Automate win-back
C05370,169.421,91.87,2,6,0.5208,Deal Hunters,Automate win-back
C06709,169.3667,311.97,6,75,0.5087,Steady Regulars,Automate win-back
C13149,169.2984,318.03,3,17,0.6261,Steady Regulars,Automate win-back
C10217,169.2734,325.52,1,132,0.6985,Deal Hunters,Automate win-back
C06286,169.2627,173.99,1,26,0.8271,New & Promising,Automate win-back
C17188,169.2471,144.55,6,26,0.5146,Steady Regulars,Automate win-back
C16299,169.1875,375.98,1,78,0.7463,Steady Regulars,Automate win-back
C14065,169.174,523.89,5,122,0.5656,Steady Regulars,Automate win-back
C15705,169.1528,233.99,1,149,0.7251,Steady Regulars,Automate win-back
C16973,169.1374,263.96,9,182,0.6287,Champions,Automate win-back
C12252,169.1158,629.32,4,158,0.5786,Steady Regulars,Automate win-back
C15357,168.8924,83.66,9,120,0.6136,Steady Regulars,Automate win-back
C16642,168.8749,74.97,1,71,0.6419,New & Promising,Automate win-back
C00173,168.8445,84.97,1,85,0.6862,Deal Hunters,Automate win-back
C03012,168.8,410.97,4,14,0.5978,Steady Regulars,Automate win-back
C00599,168.763,1246.72,16,175,0.6111,Champions,Automate win-back
C06647,168.747,236.56,1,76,0.6408,Deal Hunters,Automate win-back
C08866,168.6377,489.89,3,101,0.4657,Steady Regulars,Automate win-back
C10734,168.4737,28.99,1,88,0.625,New & Promising,Automate win-back
C03641,168.4581,185.95,5,234,0.7709,Steady Regulars,Automate win-back
C01189,168.439,202.99,1,161,0.7812,Steady Regulars,Automate win-back
C12884,168.4359,567.09,12,193,0.6894,Champions,Automate win-back
C13680,168.421,885.38,7,153,0.571,Champions,Automate win-back
C03128,168.415,232.98,1,6,0.7582,New & Promising,Automate win-back
C00910,168.3624,9.99,1,12,0.6726,New & Promising,Automate win-back
C13241,168.3504,235.96,1,134,0.673,Steady Regulars,Automate win-back
C07149,168.3276,31.98,1,127,0.7517,New & Promising,Automate win-back
C05732,168.1557,54.57,2,27,0.5483,Steady Regulars,Automate win-back
C13282,168.0582,92.37,2,15,0.4542,Deal Hunters,Automate win-back
C01910,168.0372,27.99,7,149,0.6641,Steady Regulars,Automate win-back
C00119,167.9074,268.96,1,63,0.6707,Steady Regulars,Automate win-back
C10997,167.893,90.96,6,85,0.5412,Steady Regulars,Automate win-back
C13867,167.8789,210.66,2,19,0.4964,Steady Regulars,Automate win-back
C15675,167.7776,250.78,2,18,0.4525,Steady Regulars,Automate win-back
C05467,167.6783,276.97,3,51,0.5595,Steady Regulars,Automate win-back
C00075,167.6612,231.98,4,111,0.519,Steady Regulars,Automate win-back
C17568,167.5981,114.98,2,91,0.474,New & Promising,Automate win-back
C04048,167.5589,473.98,1,5,0.8266,New & Promising,Automate win-back
C09315,167.5367,64.97,2,9,0.5845,New & Promising,Automate win-back
C02522,167.5314,214.96,8,20,0.4211,Champions,Automate win-back
C11544,167.5314,47.97,3,49,0.4954,New & Promising,Automate win-back
C11761,167.5188,116.96,2,75,0.5388,New & Promising,Automate win-back
C03224,167.4444,130.97,2,65,0.662,Steady Regulars,Automate win-back
C05691,167.4044,262.15,3,173,0.6533,Steady Regulars,Automate win-back
C08561,167.4019,186.98,1,126,0.7486,Steady Regulars,Automate win-back
C15167,167.1699,272.34,4,32,0.5919,Steady Regulars,Automate win-back
C09469,166.9495,103.77,1,9,0.7079,Deal Hunters,Automate win-back
C17083,166.9018,238.16,2,35,0.4818,Steady Regulars,Automate win-back
C00353,166.8554,1828.39,9,165,0.6018,Champions,Automate win-back
C09213,166.8521,111.99,1,4,0.7856,New & Promising,Automate win-back
C11246,166.7934,117.98,2,5,0.4,New & Promising,Automate win-back
C05380,166.657,0.0,1,71,0.6522,New & Promising,Automate win-back
C11043,166.5904,328.98,1,48,0.7958,Steady Regulars,Automate win-back
C10696,166.5102,52.38,1,19,0.7248,Deal Hunters,Automate win-back
C15233,166.4614,306.05,3,35,0.6005,Steady Regulars,Automate win-back
C06396,166.4026,28.99,2,16,0.5348,New & Promising,Automate win-back
C03562,166.357,66.76,2,18,0.4596,New & Promising,Automate win-back
C12307,166.3518,452.98,1,2,0.8367,New & Promising,Automate win-back
C13619,166.1798,71.97,2,102,0.5048,New & Promising,Automate win-back
C15681,166.0928,266.96,5,130,0.5513,Steady Regulars,Automate win-back
C13467,166.0135,441.96,2,180,0.6091,Steady Regulars,Automate win-back
C08087,165.9498,127.22,5,156,0.6154,Steady Regulars,Automate win-back
C10075,165.9073,172.37,3,28,0.5639,Steady Regulars,Automate win-back
C10471,165.7192,106.15,1,11,0.6464,Deal Hunters,Automate win-back
C07259,165.6597,235.96,1,73,0.6899,Steady Regulars,Automate win-back
C01953,165.6494,130.96,1,42,0.7589,New & Promising,Automate win-back
C10769,165.5347,263.93,7,116,0.4766,Steady Regulars,Automate win-back
C12823,165.4115,411.97,1,63,0.6974,Steady Regulars,Automate win-back
C12494,165.4102,27.98,2,30,0.5866,Steady Regulars,Automate win-back
C15143,165.3107,62.97,1,16,0.7342,Deal Hunters,Automate win-back
C07206,165.1968,43.98,1,162,0.7524,New & Promising,Automate win-back
C02793,165.1855,257.96,2,108,0.5701,Steady Regulars,Automate win-back
C01245,165.1084,0.0,2,49,0.5357,Steady Regulars,Automate win-back
C08141,164.9752,282.96,1,95,0.7407,Steady Regulars,Automate win-back
C03956,164.9134,173.13,5,16,0.5239,Champions,Automate win-back
C01570,164.8751,452.99,1,15,0.8355,Steady Regulars,Automate win-back
C15162,164.8448,334.92,15,238,0.7059,Champions,Automate win-back
C01467,164.7118,515.96,1,23,0.8315,Steady Regulars,Automate win-back
C01683,164.6104,65.97,1,85,0.6759,New & Promising,Automate win-back
C01539,164.5453,619.61,4,140,0.6299,Steady Regulars,Automate win-back
C14151,164.5154,36.98,3,47,0.5518,Steady Regulars,Automate win-back
C09302,164.3218,193.89,2,35,0.472,Deal Hunters,Automate win-back
C13854,164.2622,123.93,2,133,0.7521,New & Promising,Automate win-back
C14669,164.2579,220.99,3,9,0.5841,Steady Regulars,Automate win-back
C10716,164.2343,87.98,1,122,0.7744,New & Promising,Automate win-back
C17296,164.2213,115.98,1,4,0.775,New & Promising,Automate win-back
C03813,164.1868,124.06,3,20,0.5598,Steady Regulars,Automate win-back
C04933,164.1799,199.98,2,25,0.4928,Steady Regulars,Automate win-back
C05146,164.1729,604.7,5,43,0.5355,Champions,Automate win-back
C04141,164.0892,199.98,1,73,0.6382,Steady Regulars,Automate win-back
C15924,163.9995,650.41,9,171,0.6578,Champions,Automate win-back
C01982,163.9141,220.99,1,51,0.6798,Steady Regulars,Automate win-back
C11961,163.8823,384.94,4,162,0.6909,Steady Regulars,Automate win-back
C07711,163.8683,171.97,3,42,0.5838,Steady Regulars,Automate win-back
C10124,163.81,108.99,1,65,0.697,New & Promising,Automate win-back
C04416,163.774,69.98,1,42,0.8384,New & Promising,Automate win-back
C08709,163.7719,81.37,1,11,0.6138,New & Promising,Automate win-back
C01708,163.4996,473.97,2,101,0.5277,Steady Regulars,Automate win-back
C10215,163.4612,133.95,4,59,0.3803,Steady Regulars,Automate win-back
C12508,163.3985,519.96,2,65,0.6449,Steady Regulars,Automate win-back
C14773,163.3852,144.95,1,56,0.7277,New & Promising,Automate win-back
C06245,163.3702,276.99,1,3,0.7997,New & Promising,Automate win-back
C12328,163.354,151.99,5,12,0.5348,Champions,Automate win-back
C10046,163.3504,347.94,1,9,0.7921,New & Promising,Automate win-back
C05853,163.3391,17.99,1,96,0.6517,New & Promising,Automate win-back
C16495,163.3189,1694.07,5,202,0.7358,Steady Regulars,Automate win-back
C10214,163.2967,42.68,2,32,0.5189,Deal Hunters,Automate win-back
C00927,163.1757,329.98,1,30,0.8261,Steady Regulars,Automate win-back
C10130,163.0748,117.97,2,2,0.5578,Steady Regulars,Automate win-back
C03457,163.0607,336.32,11,165,0.5957,Champions,Automate win-back
C04938,162.8967,215.98,2,66,0.6175,Steady Regulars,Automate win-back
C10022,162.8617,0.0,1,42,0.6783,New & Promising,Automate win-back
C14378,162.846,803.41,8,177,0.5779,Steady Regulars,Automate win-back
C15653,162.834,129.96,1,91,0.6829,New & Promising,Automate win-back
C12229,162.8215,291.99,1,134,0.715,Steady Regulars,Automate win-back
C04128,162.8208,350.68,9,158,0.6235,Champions,Automate win-back
C00396,162.7792,380.96,7,173,0.6348,Steady Regulars,Automate win-back
C17440,162.6655,78.97,2,17,0.4775,New & Promising,Automate win-back
C10240,162.6182,490.73,13,168,0.5704,Champions,Automate win-back
C02501,162.5876,138.97,1,39,0.7256,New & Promising,Automate win-back
C03023,162.5011,471.12,6,190,0.644,Steady Regulars,Automate win-back
C10956,162.4317,44.19,1,167,0.6956,Deal Hunters,Automate win-back
C12387,162.3704,104.98,3,64,0.5074,Steady Regulars,Automate win-back
C04603,162.345,177.18,1,25,0.6548,New & Promising,Automate win-back
C17481,162.2674,200.97,2,8,0.5863,Steady Regulars,Automate win-back
C09129,162.2236,0.0,4,14,0.4353,Deal Hunters,Automate win-back
C03150,162.0171,191.96,1,11,0.6847,New & Promising,Automate win-back
C02190,161.9829,66.38,2,12,0.5657,Steady Regulars,Automate win-back
C17604,161.8732,572.59,4,37,0.5608,Steady Regulars,Automate win-back
C00570,161.7542,140.95,2,39,0.544,New & Promising,Automate win-back
C10112,161.6683,396.77,3,161,0.6338,Steady Regulars,Automate win-back
C01576,161.6662,15.38,2,38,0.5773,Steady Regulars,Automate win-back
C06310,161.6395,520.96,15,222,0.7267,Champions,Automate win-back
C05735,161.5343,995.99,16,201,0.7605,Champions,Automate win-back
C13278,161.5075,171.67,1,55,0.7162,Steady Regulars,Automate win-back
C04183,161.4929,773.74,11,208,0.795,Champions,Automate win-back
C13101,161.4515,212.57,1,42,0.6342,Deal Hunters,Automate win-back
C03196,161.4485,154.69,3,31,0.5883,Steady Regulars,Automate win-back
C05538,161.3848,297.97,3,104,0.6349,Steady Regulars,Automate win-back
C03470,161.2898,12.99,1,49,0.7979,New & Promising,Automate win-back
C07794,161.187,224.96,1,92,0.6869,Steady Regulars,Automate win-back
C05645,161.1508,37.98,3,29,0.5628,Steady Regulars,Automate win-back
C13441,161.0313,13.59,1,27,0.791,Deal Hunters,Automate win-back
C01357,161.0249,60.16,1,37,0.6868,Deal Hunters,Automate win-back
C02332,160.9918,58.38,1,26,0.7441,New & Promising,Automate win-back
C09955,160.9111,152.96,2,96,0.6544,Steady Regulars,Automate win-back
C14444,160.899,159.88,7,82,0.527,Steady Regulars,Automate win-back
C13225,160.8951,17.09,4,12,0.5673,Steady Regulars,Automate win-back
C10923,160.7374,755.16,4,110,0.5573,Steady Regulars,Automate win-back
C00068,160.7213,89.98,1,136,0.8005,New & Promising,Automate win-back
C07064,160.6547,225.02,3,18,0.4627,Deal Hunters,Automate win-back
C05041,160.609,332.64,7,145,0.5693,Steady Regulars,Automate win-back
C13142,160.5997,92.96,2,12,0.4359,New & Promising,Automate win-back
C13106,160.589,360.72,4,26,0.5412,Steady Regulars,Automate win-back
C01428,160.4798,72.75,1,16,0.7025,New & Promising,Automate win-back
C10245,160.4548,36.98,6,39,0.5103,Steady Regulars,Automate win-back
C10253,160.3443,90.98,1,131,0.8053,New & Promising,Automate win-back
C08976,160.3175,347.99,1,102,0.7214,Steady Regulars,Automate win-back
C10575,160.3105,214.92,5,19,0.4817,Steady Regulars,Automate win-back
C11607,160.1995,172.95,4,65,0.5226,Steady Regulars,Automate win-back
C03657,160.1687,59.96,2,92,0.4927,New & Promising,Automate win-back
C15495,160.1082,91.98,1,56,0.7634,New & Promising,Automate win-back
C16620,160.058,347.94,1,113,0.6463,Steady Regulars,Automate win-back
C10597,160.0359,210.35,4,31,0.5688,Steady Regulars,Automate win-back
C07952,159.9947,739.97,1,107,0.6964,Steady Regulars,Automate win-back
C07466,159.9491,199.98,2,47,0.5525,Steady Regulars,Automate win-back
C08865,159.8554,380.94,6,78,0.521,Steady Regulars,Automate win-back
C06900,159.7287,244.16,2,15,0.6154,Steady Regulars,Automate win-back
C17421,159.629,54.99,1,53,0.7948,New & Promising,Automate win-back
C12836,159.5857,167.94,1,74,0.6397,New & Promising,Automate win-back
C15475,159.5646,245.97,1,163,0.8263,Steady Regulars,Automate win-back
C04031,159.493,82.56,3,13,0.5621,Deal Hunters,Automate win-back
C06062,159.2557,171.17,1,82,0.6884,Deal Hunters,Automate win-back
C15933,159.2049,592.96,7,93,0.4839,Steady Regulars,Automate win-back
C00321,159.2008,112.98,2,58,0.4768,New & Promising,Automate win-back
C05204,159.0754,366.95,5,228,0.7847,Steady Regulars,Automate win-back
C05392,158.7973,0.0,1,16,0.6373,New & Promising,Automate win-back
C04389,158.6753,91.92,2,20,0.4188,Deal Hunters,Automate win-back
C14671,158.6239,72.98,1,28,0.6919,Deal Hunters,Automate win-back
C03973,158.6154,145.95,2,71,0.5547,New & Promising,Automate win-back
C17131,158.5884,407.36,27,175,0.7325,Champions,Automate win-back
C17506,158.5845,203.56,2,57,0.4899,Steady Regulars,Automate win-back
C09983,158.5774,663.93,5,42,0.5578,Steady Regulars,Automate win-back
C15089,158.554,114.97,3,1,0.4371,New & Promising,Automate win-back
C14584,158.477,111.99,2,17,0.4564,New & Promising,Automate win-back
C06681,158.431,82.96,7,74,0.4219,Steady Regulars,Automate win-back
C12352,158.3905,255.76,2,24,0.4111,Steady Regulars,Automate win-back
C01108,158.2905,69.98,1,74,0.612,New & Promising,Automate win-back
C13612,158.2344,175.98,1,42,0.7401,New & Promising,Automate win-back
C04219,158.2285,431.9,6,116,0.4901,Steady Regulars,Automate win-back
C03682,158.2239,22.99,6,62,0.4802,Steady Regulars,Automate win-back
C12514,158.0724,175.95,2,91,0.5488,Steady Regulars,Automate win-back
C08520,158.0395,123.95,2,85,0.461,New & Promising,Automate win-back
C17320,157.9512,69.99,3,58,0.4865,Steady Regulars,Automate win-back
C11804,157.9257,265.76,4,45,0.547,Steady Regulars,Automate win-back
C03707,157.9002,397.92,4,114,0.6157,Steady Regulars,Automate win-back
C01149,157.8736,292.94,2,181,0.7566,Steady Regulars,Automate win-back
C15138,157.8075,705.7,9,178,0.5926,Steady Regulars,Automate win-back
C15583,157.8065,553.95,19,197,0.8173,Champions,Automate win-back
C15879,157.7758,28.99,1,17,0.7163,New & Promising,Automate win-back
C16481,157.7756,84.51,6,80,0.4992,Steady Regulars,Automate win-back
C02933,157.7292,241.55,8,67,0.4287,Champions,Automate win-back
C02483,157.6544,951.89,6,229,0.7891,Steady Regulars,Automate win-back
C11786,157.6259,54.98,1,41,0.779,New & Promising,Automate win-back
C08952,157.5721,94.97,2,1,0.4783,New & Promising,Automate win-back
C02701,157.5641,79.99,1,130,0.7405,New & Promising,Automate win-back
C04884,157.5495,282.41,4,6,0.5421,Steady Regulars,Automate win-back
C06285,157.5403,329.98,1,17,0.8262,New & Promising,Automate win-back
C15710,157.4264,420.93,6,117,0.5293,Steady Regulars,Automate win-back
C08804,157.3615,186.15,1,32,0.6488,Deal Hunters,Automate win-back
C09768,157.3406,29.59,1,16,0.6285,Deal Hunters,Automate win-back
C11229,157.2832,452.99,2,49,0.6143,Steady Regulars,Automate win-back
C10739,157.2588,162.15,5,12,0.5209,Steady Regulars,Automate win-back
C09310,157.2401,104.97,1,95,0.6817,New & Promising,Automate win-back
C11335,157.2274,264.97,1,80,0.6857,Steady Regulars,Automate win-back
C10281,157.2259,891.82,6,190,0.7349,Steady Regulars,Automate win-back
C08270,157.159,32.79,2,22,0.5454,Deal Hunters,Automate win-back
C07811,157.0395,82.99,1,43,0.7126,New & Promising,Automate win-back
C14412,156.9292,934.9,7,151,0.6089,Steady Regulars,Automate win-back
C07718,156.845,99.57,1,18,0.7096,Deal Hunters,Automate win-back
C08854,156.7655,424.95,1,90,0.6298,Steady Regulars,Automate win-back
C01829,156.7228,0.0,1,19,0.7437,New & Promising,Automate win-back
C06646,156.6918,83.98,1,44,0.7611,New & Promising,Automate win-back
C02712,156.688,220.99,2,30,0.4962,Steady Regulars,Automate win-back
C15921,156.5885,503.78,9,166,0.616,Champions,Automate win-back
C17967,156.3865,308.97,1,149,0.691,Steady Regulars,Automate win-back
C06291,156.3541,195.93,2,79,0.4919,Steady Regulars,Automate win-back
C01193,156.3509,99.98,1,120,0.7795,New & Promising,Automate win-back
C07659,156.3213,51.99,1,128,0.7166,New & Promising,Automate win-back
C07000,156.3134,7.99,1,78,0.7143,New & Promising,Automate win-back
C11996,156.2931,88.97,2,64,0.4913,New & Promising,Automate win-back
C07896,156.2469,237.94,7,118,0.5319,Champions,Automate win-back
C07456,156.1928,326.14,2,38,0.4953,Deal Hunters,Automate win-back
C09903,156.1781,139.98,1,22,0.8336,New & Promising,Automate win-back
C14395,156.1127,23.99,1,128,0.7583,New & Promising,Automate win-back
C10867,155.8415,127.72,6,68,0.5325,Steady Regulars,Automate win-back
C12023,155.8305,49.98,4,53,0.5445,Steady Regulars,Automate win-back
C01660,155.7272,468.4,2,80,0.5224,Steady Regulars,Automate win-back
C01000,155.628,917.1,7,164,0.607,Steady Regulars,Automate win-back
C14483,155.5479,198.98,1,59,0.6444,New & Promising,Automate win-back
C15601,155.4565,877.81,8,168,0.5559,Champions,Automate win-back
C09926,155.2527,260.92,7,186,0.6823,Steady Regulars,Automate win-back
C03867,155.2086,387.94,15,171,0.6248,Champions,Automate win-back
C09912,155.0744,249.95,2,61,0.4716,Steady Regulars,Automate win-back
C04604,155.0485,0.0,1,55,0.7676,New & Promising,Automate win-back
C05218,155.0186,140.77,3,23,0.4869,Steady Regulars,Automate win-back
C05936,154.9003,623.76,2,44,0.6241,Steady Regulars,Automate win-back
C16252,154.8414,25.99,1,93,0.6869,New & Promising,Automate win-back
C03882,154.8348,1620.91,7,219,0.6997,Champions,Automate win-back
C08379,154.6573,269.95,3,18,0.5171,Steady Regulars,Automate win-back
C00332,154.5991,70.97,1,74,0.7213,New & Promising,Automate win-back
C02282,154.5108,220.99,1,43,0.7446,New & Promising,Automate win-back
C04116,154.4752,468.66,2,130,0.6696,Steady Regulars,Automate win-back
C09040,154.4475,205.95,8,115,0.5338,Steady Regulars,Automate win-back
C05274,154.3431,97.98,8,98,0.5226,Steady Regulars,Automate win-back
C15895,154.297,278.92,5,177,0.6321,Steady Regulars,Automate win-back
C04759,154.2694,0.0,6,89,0.5255,Steady Regulars,Automate win-back
C10842,154.2218,943.17,3,139,0.6718,Steady Regulars,Automate win-back
C04920,154.2091,245.98,1,42,0.6511,Steady Regulars,Automate win-back
C09373,154.1263,386.89,14,242,0.7419,Champions,Automate win-back
C11349,153.7787,118.96,2,16,0.4678,New & Promising,Automate win-back
C05750,153.7725,26.99,1,57,0.5437,New & Promising,Automate win-back
C06394,153.6882,55.26,1,36,0.7076,Deal Hunters,Automate win-back
C07411,153.3899,800.91,6,178,0.6904,Steady Regulars,Automate win-back
C05471,153.3071,380.93,4,158,0.6203,Steady Regulars,Automate win-back
C15575,153.1793,196.66,5,22,0.5235,Steady Regulars,Automate win-back
C10798,153.1683,141.08,1,142,0.8056,Deal Hunters,Automate win-back
C08959,153.083,76.98,6,46,0.5072,Champions,Automate win-back
C07459,153.0801,175.36,3,114,0.6392,Steady Regulars,Automate win-back
C05283,153.007,72.99,9,171,0.664,Champions,Automate win-back
C08655,152.9103,60.98,5,41,0.4166,New & Promising,Automate win-back
C02044,152.8883,154.99,2,41,0.5297,Steady Regulars,Automate win-back
C01005,152.8256,134.86,3,43,0.5362,Steady Regulars,Automate win-back
C04666,152.786,390.16,1,126,0.7983,Deal Hunters,Automate win-back
C01639,152.7656,368.33,3,35,0.5618,Steady Regulars,Automate win-back
C01901,152.7522,678.94,2,98,0.6161,Steady Regulars,Automate win-back
C16327,152.7299,706.84,10,176,0.6008,Steady Regulars,Automate win-back
C11790,152.726,45.88,1,168,0.6798,Deal Hunters,Automate win-back
C16503,152.7105,157.97,1,55,0.7458,New & Promising,Automate win-back
C01457,152.7073,95.96,1,29,0.6642,Deal Hunters,Automate win-back
C03938,152.5092,58.99,1,21,0.8375,New & Promising,Automate win-back
C17939,152.3871,448.72,9,180,0.5545,Steady Regulars,Automate win-back
C11869,152.3187,1012.93,6,129,0.5935,Steady Regulars,Automate win-back
C10718,152.2391,865.3,12,186,0.6712,Champions,Automate win-back
C09100,152.2297,67.48,4,64,0.5861,Steady Regulars,Automate win-back
C00417,152.2028,230.01,7,121,0.5631,Steady Regulars,Automate win-back
C04119,152.1987,21.58,1,53,0.7162,New & Promising,Automate win-back
C06536,152.1889,26.99,2,41,0.5746,Deal Hunters,Automate win-back
C02839,152.1394,178.47,2,34,0.5122,Steady Regulars,Automate win-back
C16874,152.0818,11.89,2,35,0.578,Steady Regulars,Automate win-back
C06771,151.9914,518.45,17,232,0.8305,Champions,Automate win-back
C01937,151.8568,62.04,5,169,0.7023,Steady Regulars,Automate win-back
C00378,151.8417,373.98,2,44,0.547,Steady Regulars,Automate win-back
C02232,151.7504,150.3,5,44,0.5033,Steady Regulars,Automate win-back
C09151,151.7221,223.97,4,16,0.4416,Deal Hunters,Automate win-back
C10330,151.6271,157.98,1,63,0.8107,New & Promising,Automate win-back
C04958,151.6194,122.97,1,19,0.8518,New & Promising,Automate win-back
C08467,151.5703,75.96,1,30,0.7237,New & Promising,Automate win-back
C15506,151.4487,461.9,4,240,0.7999,Steady Regulars,Automate win-back
C16774,151.384,90.32,2,144,0.7544,Deal Hunters,Automate win-back
C02879,151.2961,285.94,6,143,0.6011,Steady Regulars,Automate win-back
C00002,151.2666,192.96,8,146,0.6053,Champions,Automate win-back
C14701,151.1938,346.87,3,64,0.6279,Steady Regulars,Automate win-back
C05651,151.1564,622.95,6,154,0.5777,Steady Regulars,Automate win-back
C12225,151.123,283.54,5,37,0.5575,Champions,Automate win-back
C09374,151.0601,163.78,1,31,0.8137,Deal Hunters,Automate win-back
C04410,150.9909,37.99,1,17,0.7443,New & Promising,Automate win-back
C03300,150.8329,216.95,1,65,0.6765,Steady Regulars,Automate win-back
C16037,150.7889,282.96,5,85,0.5364,Steady Regulars,Automate win-back
C00968,150.7426,223.56,2,13,0.6237,Steady Regulars,Automate win-back
C09702,150.6568,131.97,1,61,0.7987,New & Promising,Automate win-back
C04232,150.5873,148.98,1,65,0.8151,New & Promising,Automate win-back
C05221,150.5389,76.98,1,46,0.7222,New & Promising,Automate win-back
C15715,150.519,157.98,1,71,0.8062,New & Promising,Automate win-back
C16395,150.5115,275.67,5,131,0.5855,Steady Regulars,Automate win-back
C17519,150.4861,436.94,5,105,0.5377,Champions,Automate win-back
C07741,150.4444,236.97,1,87,0.61,Steady Regulars,Automate win-back
C04880,150.3651,96.28,6,41,0.5061,Steady Regulars,Automate win-back
C16434,150.23,802.84,5,234,0.7028,Steady Regulars,Automate win-back
C14474,150.1956,489.94,1,111,0.6891,Steady Regulars,Automate win-back
C09588,150.1212,517.94,1,101,0.7333,Steady Regulars,Automate win-back
C01080,150.0622,50.98,1,100,0.5963,New & Promising,Automate win-back
C14188,149.9788,143.98,1,119,0.7596,New & Promising,Automate win-back
C04124,149.9045,901.46,37,178,0.8293,Champions,Automate win-back
C15349,149.8581,759.91,9,176,0.6178,Champions,Automate win-back
C10818,149.7987,586.3,5,161,0.6326,Steady Regulars,Automate win-back
C06157,149.7209,198.89,1,3,0.752,Deal Hunters,Automate win-back
C00285,149.6184,164.99,1,54,0.7798,New & Promising,Automate win-back
C02238,149.6136,319.99,1,108,0.7142,Steady Regulars,Automate win-back
C09184,149.5605,255.98,3,56,0.593,Steady Regulars,Automate win-back
C14429,149.5322,284.97,1,109,0.7142,Steady Regulars,Automate win-back
C10288,149.448,349.42,8,138,0.5494,Steady Regulars,Automate win-back
C07227,149.3916,162.96,1,67,0.7777,New & Promising,Automate win-back
C09145,149.2642,13.59,1,19,0.7712,Deal Hunters,Automate win-back
C12748,149.2541,150.97,2,60,0.5503,Steady Regulars,Automate win-back
C07108,149.2383,730.67,8,175,0.6368,Champions,Automate win-back
C05262,149.1986,47.98,1,139,0.707,Deal Hunters,Automate win-back
C16159,148.9946,395.97,1,122,0.7658,Steady Regulars,Automate win-back
C12793,148.8061,449.98,6,149,0.5872,Steady Regulars,Automate win-back
C10554,148.6025,17.99,1,90,0.6667,New & Promising,Automate win-back
C02100,148.387,20.99,1,62,0.6596,New & Promising,Automate win-back
C01485,148.3665,591.94,28,180,0.7617,Champions,Automate win-back
C13653,148.3109,373.57,1,165,0.7126,Deal Hunters,Automate win-back
C13768,148.241,145.98,1,146,0.8479,Deal Hunters,Automate win-back
C01364,148.1711,414.35,9,184,0.6111,Champions,Automate win-back
C17548,148.026,153.95,2,66,0.5352,New & Promising,Automate win-back
C17461,148.0217,13.59,1,12,0.7292,Deal Hunters,Automate win-back
C09655,147.9598,128.95,2,103,0.4939,New & Promising,Automate win-back
C00121,147.9431,162.36,1,38,0.6461,Deal Hunters,Automate win-back
C07799,147.8892,260.54,7,90,0.4535,Steady Regulars,Automate win-back
C04135,147.8161,34.99,2,11,0.5842,New & Promising,Automate win-back
C15500,147.7397,242.87,2,38,0.5444,Deal Hunters,Automate win-back
C02478,147.6343,595.93,3,103,0.6156,Steady Regulars,Automate win-back
C01235,147.4853,199.58,5,79,0.5854,Steady Regulars,Automate win-back
C08476,147.4581,704.91,6,176,0.547,Steady Regulars,Automate win-back
C01776,147.3005,203.96,3,153,0.5697,Steady Regulars,Automate win-back
C03439,147.2655,59.18,3,18,0.4927,Deal Hunters,Automate win-back
C13759,147.2332,140.34,1,23,0.7628,Deal Hunters,Automate win-back
C03752,147.227,128.34,4,25,0.4537,Steady Regulars,Automate win-back
C14945,147.1635,186.94,6,100,0.5606,Steady Regulars,Automate win-back
C04100,147.0493,34.99,2,51,0.5652,New & Promising,Automate win-back
C06146,146.989,78.97,4,99,0.5043,Steady Regulars,Automate win-back
C14780,146.9585,750.29,12,174,0.6242,Champions,Automate win-back
C00083,146.9349,508.05,3,129,0.6185,Steady Regulars,Automate win-back
C06562,146.7243,468.8,7,132,0.5497,Steady Regulars,Automate win-back
C14204,146.6247,113.96,1,92,0.7204,New & Promising,Automate win-back
C07307,146.4361,91.06,2,73,0.4933,Deal Hunters,Automate win-back
C01506,146.4263,799.98,11,195,0.6212,Champions,Automate win-back
C11995,146.3586,57.58,1,45,0.7424,New & Promising,Automate win-back
C17050,146.3336,377.97,1,71,0.7184,Steady Regulars,Automate win-back
C12529,146.322,174.97,4,84,0.5296,Steady Regulars,Automate win-back
C01643,146.2944,1011.42,9,169,0.6714,Champions,Automate win-back
C13950,146.261,101.97,5,84,0.5482,Steady Regulars,Automate win-back
C11849,146.2485,900.92,20,238,0.8557,Champions,Automate win-back
C14255,146.1384,130.17,5,32,0.5294,Steady Regulars,Automate win-back
C05169,146.0057,346.96,4,141,0.5943,Steady Regulars,Automate win-back
C11281,145.9794,687.94,5,88,0.5669,Steady Regulars,Automate win-back
C12143,145.9786,45.98,1,3,0.7135,New & Promising,Automate win-back
C01166,145.9668,104.16,5,18,0.4766,Champions,Automate win-back
C02913,145.9222,582.96,3,137,0.5935,Steady Regulars,Automate win-back
C09687,145.9215,50.98,1,92,0.6963,New & Promising,Automate win-back
C16569,145.8697,179.33,1,170,0.7574,Deal Hunters,Automate win-back
C13500,145.7646,240.97,2,110,0.4974,Steady Regulars,Automate win-back
C01064,145.6473,489.48,18,168,0.7071,Champions,Automate win-back
C01138,145.5367,399.74,6,136,0.5853,Steady Regulars,Automate win-back
C03805,145.4773,611.97,1,41,0.8326,Steady Regulars,Automate win-back
C04317,145.4269,422.57,1,137,0.7269,Deal Hunters,Automate win-back
C13977,145.4261,227.18,6,210,0.7433,Steady Regulars,Automate win-back
C09192,145.4212,32.79,3,20,0.6024,Steady Regulars,Automate win-back
C11585,145.1824,1271.76,9,174,0.5547,Steady Regulars,Automate win-back
C16419,145.1656,396.63,4,77,0.5516,Steady Regulars,Automate win-back
C15445,145.1435,109.97,2,93,0.5229,New & Promising,Automate win-back
C17449,145.1416,340.04,2,142,0.714,Steady Regulars,Automate win-back
C04149,144.8988,137.13,6,78,0.5547,Champions,Automate win-back
C06097,144.787,249.14,5,124,0.5776,Steady Regulars,Automate win-back
C06656,144.7078,23.99,7,133,0.5775,Champions,Automate win-back
C02324,144.6853,367.97,1,153,0.7956,Steady Regulars,Automate win-back
C12402,144.6818,0.0,1,3,0.7274,New & Promising,Automate win-back
C15547,144.5813,191.92,1,101,0.7074,Steady Regulars,Automate win-back
C13023,144.5427,94.98,1,55,0.8074,New & Promising,Automate win-back
C05106,144.4821,237.73,6,189,0.742,Steady Regulars,Automate win-back
C04032,144.4534,370.95,9,233,0.7022,Champions,Automate win-back
C09962,144.4434,137.04,2,31,0.4718,Deal Hunters,Automate win-back
C01487,144.3777,222.96,1,159,0.793,Steady Regulars,Automate win-back
C11655,144.3759,28.69,1,32,0.7403,Deal Hunters,Automate win-back
C02683,144.3558,103.98,2,62,0.4636,Steady Regulars,Automate win-back
C00539,144.3178,61.98,1,92,0.7323,New & Promising,Automate win-back
C07581,144.2138,350.93,2,89,0.4955,Steady Regulars,Automate win-back
C12062,144.2043,228.98,6,93,0.5417,Champions,Automate win-back
C08325,144.1045,88.96,5,46,0.4714,Steady Regulars,Automate win-back
C02334,143.9766,923.56,5,216,0.6984,Steady Regulars,Automate win-back
C17629,143.9601,267.97,1,84,0.5866,Steady Regulars,Automate win-back
C13456,143.8769,53.98,1,82,0.5811,New & Promising,Automate win-back
C08030,143.8699,153.98,2,55,0.4855,Steady Regulars,Automate win-back
C01824,143.8519,303.93,8,147,0.6053,Champions,Automate win-back
C07427,143.7932,179.17,2,33,0.4704,Deal Hunters,Automate win-back
C12241,143.6086,134.97,7,151,0.6293,Steady Regulars,Automate win-back
C15027,143.5896,20.99,1,14,0.67,New & Promising,Automate win-back
C14670,143.4345,129.95,1,29,0.7548,New & Promising,Automate win-back
C02926,143.4158,214.96,3,40,0.5678,Steady Regulars,Automate win-back
C09734,143.3873,58.99,1,21,0.8226,New & Promising,Automate win-back
C03591,143.3777,339.96,1,177,0.7112,Steady Regulars,Automate win-back
C13980,143.3126,70.98,2,45,0.587,Steady Regulars,Automate win-back
C17386,143.0641,32.79,1,16,0.758,Deal Hunters,Automate win-back
C14866,143.0073,170.08,8,169,0.6867,Steady Regulars,Automate win-back
C01104,142.9641,450.94,2,94,0.6132,Steady Regulars,Automate win-back
C15262,142.9394,232.95,1,117,0.6948,Steady Regulars,Automate win-back
C02364,142.9032,74.37,11,185,0.6369,Champions,Automate win-back
C04620,142.8767,32.38,1,19,0.7868,Deal Hunters,Automate win-back
C12077,142.7792,89.98,3,23,0.5503,Steady Regulars,Automate win-back
C02784,142.7585,70.28,3,36,0.5111,New & Promising,Automate win-back
C01118,142.462,158.97,1,71,0.7839,New & Promising,Automate win-back
C16617,142.4257,38.49,2,33,0.502,Deal Hunters,Automate win-back
C06934,142.3498,1426.03,20,207,0.8096,Champions,Automate win-back
C08414,142.1069,26.99,1,20,0.7428,New & Promising,Automate win-back
C04322,141.7622,46.78,1,18,0.7767,Deal Hunters,Automate win-back
C05393,141.6702,758.04,5,197,0.7174,Steady Regulars,Automate win-back
C02674,141.6364,1030.92,5,181,0.5923,Steady Regulars,Automate win-back
C13803,141.4494,751.88,10,185,0.6788,Champions,Automate win-back
C13067,141.4306,219.96,1,25,0.7375,New & Promising,Automate win-back
C02014,141.4299,190.97,1,178,0.8133,Steady Regulars,Automate win-back
C05129,141.3647,128.98,1,45,0.7676,New & Promising,Automate win-back
C11012,141.3284,1125.92,3,224,0.7312,Steady Regulars,Automate win-back
C16031,141.2931,502.44,2,153,0.7291,Steady Regulars,Automate win-back
C03515,141.293,219.95,6,141,0.5818,Steady Regulars,Automate win-back
C03978,141.1576,252.37,2,16,0.5132,Deal Hunters,Automate win-back
C11624,141.1018,53.98,1,57,0.7048,New & Promising,Automate win-back
C10853,141.0657,319.99,1,68,0.7405,Steady Regulars,Automate win-back
C09334,141.0335,167.97,1,110,0.6992,Steady Regulars,Automate win-back
C12119,140.977,420.95,3,144,0.6171,Steady Regulars,Automate win-back
C17871,140.9435,29.98,1,164,0.813,New & Promising,Automate win-back
C09775,140.9304,91.96,1,44,0.7281,New & Promising,Automate win-back
C02612,140.9118,220.99,1,22,0.808,New & Promising,Automate win-back
C02558,140.9034,1107.29,4,181,0.6495,Steady Regulars,Automate win-back
C14768,140.7148,672.34,3,118,0.675,Steady Regulars,Automate win-back
C00690,140.7007,944.89,4,206,0.7412,Steady Regulars,Automate win-back
C16198,140.6568,112.99,1,73,0.6835,New & Promising,Automate win-back
C03258,140.6343,33.98,3,116,0.529,New & Promising,Automate win-back
C16988,140.5594,281.94,5,174,0.5939,Steady Regulars,Automate win-back
C13242,140.5543,876.05,6,171,0.6412,Steady Regulars,Automate win-back
C14786,140.5469,861.66,7,242,0.7217,Steady Regulars,Automate win-back
C09661,140.528,63.98,1,44,0.7892,New & Promising,Automate win-back
C11022,140.5259,83.97,1,28,0.7789,New & Promising,Automate win-back
C02240,140.4536,567.93,12,181,0.6442,Champions,Automate win-back
C05908,140.4536,16.99,1,4,0.7471,New & Promising,Automate win-back
C07556,140.3634,384.76,5,188,0.719,Steady Regulars,Automate win-back
C12811,140.3362,595.85,2,172,0.7014,Steady Regulars,Automate win-back
C13898,140.3349,550.9,2,122,0.6902,Steady Regulars,Automate win-back
C12257,140.2144,13.59,1,16,0.7207,Deal Hunters,Automate win-back
C17640,140.1935,168.94,1,67,0.7007,Steady Regulars,Automate win-back
C17501,140.0846,160.98,1,84,0.7374,New & Promising,Automate win-back
C08980,140.0067,390.94,3,139,0.5467,Deal Hunters,Automate win-back
C17219,139.9848,180.82,4,36,0.533,Deal Hunters,Automate win-back
C02009,139.9218,253.95,2,95,0.5208,Steady Regulars,Automate win-back
C00705,139.7756,60.99,1,12,0.7417,New & Promising,Automate win-back
C05644,139.7072,139.49,1,51,0.8087,Deal Hunters,Automate win-back
C11108,139.6982,220.97,8,183,0.6382,Champions,Automate win-back
C17376,139.5725,577.09,2,169,0.6577,Deal Hunters,Automate win-back
C11521,139.4538,212.86,5,35,0.5598,Steady Regulars,Automate win-back
C00858,139.2363,335.77,3,119,0.6219,Steady Regulars,Automate win-back
C15592,139.2283,622.93,2,176,0.6803,Steady Regulars,Automate win-back
C09449,139.2221,431.94,3,126,0.6279,Steady Regulars,Automate win-back
C05134,139.1109,13.59,1,20,0.7637,Deal Hunters,Automate win-back
C10679,139.0397,95.18,1,139,0.789,Deal Hunters,Automate win-back
C15964,139.0271,112.49,1,50,0.7761,Deal Hunters,Automate win-back
C15452,139.0055,903.95,1,101,0.7264,Steady Regulars,Automate win-back
C08731,138.8798,0.0,1,126,0.7625,New & Promising,Automate win-back
C17464,138.8646,134.98,1,91,0.6475,New & Promising,Automate win-back
C07059,138.7349,1167.96,1,144,0.746,Steady Regulars,Automate win-back
C01213,138.5668,828.9,1,114,0.6587,Steady Regulars,Automate win-back
C13845,138.5575,85.96,1,86,0.6881,New & Promising,Automate win-back
C16028,138.5519,75.96,1,56,0.7169,New & Promising,Automate win-back
C08469,138.5229,1267.92,2,132,0.6888,Steady Regulars,Automate win-back
C03089,138.386,955.51,10,194,0.6489,Champions,Automate win-back
C07989,138.3683,99.37,1,31,0.7387,Deal Hunters,Automate win-back
C11148,138.1475,111.96,3,130,0.5875,New & Promising,Automate win-back
C11951,138.0876,650.72,10,190,0.6811,Champions,Automate win-back
C10365,138.0747,415.98,3,53,0.5049,Steady Regulars,Automate win-back
C07803,138.0398,480.45,5,156,0.536,Steady Regulars,Automate win-back
C00144,137.879,644.92,4,122,0.6414,Steady Regulars,Automate win-back
C06185,137.8364,132.98,3,38,0.6041,Steady Regulars,Automate win-back
C00140,137.7564,201.95,2,51,0.4886,Steady Regulars,Automate win-back
C13316,137.6435,204.98,4,61,0.4923,Steady Regulars,Automate win-back
C01584,137.4381,75.98,1,43,0.6718,New & Promising,Automate win-back
C13279,137.3299,29.18,1,55,0.665,Deal Hunters,Automate win-back
C03536,137.2962,152.72,6,89,0.5312,Steady Regulars,Automate win-back
C14749,137.2089,256.95,4,39,0.5609,Steady Regulars,Automate win-back
C08516,137.1481,332.98,6,102,0.5331,Steady Regulars,Automate win-back
C09283,137.135,176.98,1,112,0.7051,Steady Regulars,Automate win-back
C06385,137.094,111.99,1,23,0.8408,New & Promising,Automate win-back
C07870,137.0159,615.1,4,206,0.7263,Steady Regulars,Automate win-back
C05794,137.0022,590.96,1,73,0.7702,Steady Regulars,Automate win-back
C14776,136.9832,151.99,1,24,0.7952,New & Promising,Automate win-back
C12975,136.9759,0.0,5,22,0.506,Steady Regulars,Automate win-back
C05315,136.7219,26.99,1,42,0.7367,New & Promising,Automate win-back
C03176,136.4873,212.79,3,38,0.4779,Deal Hunters,Automate win-back
C13311,136.3902,465.76,5,87,0.5807,Steady Regulars,Automate win-back
C08426,136.3862,797.41,33,173,0.7896,Champions,Automate win-back
C17991,136.3666,33.98,1,47,0.7335,New & Promising,Automate win-back
C00145,136.3156,246.28,3,69,0.6151,Steady Regulars,Automate win-back
C03487,136.2399,233.95,9,234,0.7065,Steady Regulars,Automate win-back
C12794,136.1495,182.97,5,82,0.5156,Steady Regulars,Automate win-back
C05994,136.0958,121.98,1,153,0.6804,New & Promising,Automate win-back
C06919,136.034,664.97,1,80,0.7205,Steady Regulars,Automate win-back
C09841,135.9569,57.38,1,34,0.8031,Deal Hunters,Automate win-back
C06261,135.9219,90.96,2,41,0.491,New & Promising,Automate win-back
C05046,135.9032,57.98,10,269,0.9093,Champions,Automate win-back
C07508,135.82,455.27,11,217,0.7809,Champions,Automate win-back
C09720,135.7812,86.77,2,17,0.4792,Deal Hunters,Automate win-back
C10351,135.7811,123.37,3,35,0.5131,Steady Regulars,Automate win-back
C07878,135.7073,110.65,1,16,0.7635,Deal Hunters,Automate win-back
C17022,135.6295,70.99,1,96,0.714,New & Promising,Automate win-back
C17365,135.5791,140.38,1,44,0.8118,Deal Hunters,Automate win-back
C07672,135.5615,1571.93,23,187,0.9167,Champions,Automate win-back
C01814,135.5611,57.99,1,22,0.7997,New & Promising,Automate win-back
C12302,135.4863,70.99,6,114,0.6317,Steady Regulars,Automate win-back
C16450,135.3112,28.37,2,88,0.4658,New & Promising,Automate win-back
C10447,135.2391,183.96,2,117,0.7107,Steady Regulars,Automate win-back
C11365,135.1665,403.94,1,123,0.761,Steady Regulars,Automate win-back
C08840,135.1608,177.95,4,60,0.506,Steady Regulars,Automate win-back
C15161,135.1372,28.99,1,43,0.7282,New & Promising,Automate win-back
C03135,135.0449,278.96,3,148,0.6924,Steady Regulars,Automate win-back
C13419,135.0112,240.74,14,191,0.6973,Champions,Automate win-back
C14206,135.0034,114.98,2,66,0.5532,Deal Hunters,Automate win-back
C03239,134.9111,156.59,1,2,0.7965,Deal Hunters,Automate win-back
C14046,134.8423,24.99,2,51,0.5981,New & Promising,Automate win-back
C15069,134.7816,530.97,8,291,0.826,Steady Regulars,Automate win-back
C04499,134.7503,99.96,1,72,0.7534,New & Promising,Automate win-back
C11327,134.7219,665.71,1,143,0.7219,Steady Regulars,Automate win-back
C00954,134.6212,33.99,1,20,0.8277,New & Promising,Automate win-back
C09414,134.5843,552.75,3,180,0.598,Steady Regulars,Automate win-back
C05982,134.5767,245.94,6,180,0.6684,Steady Regulars,Automate win-back
C14941,134.5498,683.55,4,91,0.5885,Steady Regulars,Automate win-back
C02684,134.5428,137.94,2,113,0.5513,Steady Regulars,Automate win-back
C11519,134.4829,105.34,8,184,0.6481,Champions,Automate win-back
C06212,134.4816,41.97,1,72,0.7094,New & Promising,Automate win-back
C04285,134.4564,104.97,1,2,0.7598,New & Promising,Automate win-back
C07608,134.4446,109.98,1,20,0.8557,New & Promising,Automate win-back
C17008,134.4358,277.97,1,121,0.7463,Steady Regulars,Automate win-back
C10584,134.3875,0.0,1,36,0.7183,Deal Hunters,Automate win-back
C01340,134.3321,43.99,1,14,0.7472,New & Promising,Automate win-back
C10521,134.2997,251.95,4,47,0.5571,Steady Regulars,Automate win-back
C11244,134.2869,63.98,1,54,0.7842,New & Promising,Automate win-back
C09862,134.2574,162.96,2,69,0.5601,Steady Regulars,Automate win-back
C05974,134.2303,381.04,12,240,0.748,Champions,Automate win-back
C09895,134.2195,43.12,2,169,0.7868,Deal Hunters,Automate win-back
C08344,134.1794,1035.81,12,234,0.837,Champions,Automate win-back
C04475,134.0914,628.95,4,159,0.6518,Steady Regulars,Automate win-back
C07481,133.9896,157.13,3,165,0.6449,Deal Hunters,Automate win-back
C14070,133.9184,397.74,4,183,0.6725,Steady Regulars,Automate win-back
C06516,133.9183,29.99,6,133,0.6054,Steady Regulars,Automate win-back
C13186,133.9082,115.98,1,30,0.8164,New & Promising,Automate win-back
C13570,133.8634,452.99,1,56,0.7254,Steady Regulars,Automate win-back
C16797,133.8206,211.98,1,99,0.7305,Steady Regulars,Automate win-back
C01847,133.8182,121.51,1,167,0.7328,Deal Hunters,Automate win-back
C00945,133.8088,91.98,3,154,0.6918,Steady Regulars,Automate win-back
C16442,133.7838,225.98,3,102,0.7189,Steady Regulars,Automate win-back
C06555,133.7602,38.49,5,34,0.5331,Steady Regulars,Automate win-back
C01674,133.6484,49.67,1,36,0.6449,Deal Hunters,Automate win-back
C16963,133.5577,487.96,1,106,0.6795,Steady Regulars,Automate win-back
C08842,133.5058,192.98,1,113,0.7815,Steady Regulars,Automate win-back
C01822,133.4913,102.97,1,42,0.8128,New & Promising,Automate win-back
C08503,133.3944,100.98,5,152,0.6883,Steady Regulars,Automate win-back
C00481,133.3892,0.0,1,157,0.7465,New & Promising,Automate win-back
C02430,133.3764,630.95,1,87,0.7172,Steady Regulars,Automate win-back
C16719,133.2749,48.88,1,62,0.7602,Deal Hunters,Automate win-back
C04599,133.1818,91.97,3,46,0.5396,Steady Regulars,Automate win-back
C01463,133.0309,220.99,1,61,0.7032,New & Promising,Automate win-back
C14122,133.0108,109.98,2,65,0.5853,Steady Regulars,Automate win-back
C04522,132.9673,189.36,1,178,0.8297,Deal Hunters,Automate win-back
C13159,132.9219,462.86,3,136,0.5778,Steady Regulars,Automate win-back
C14699,132.9179,947.97,8,198,0.7383,Champions,Automate win-back
C14543,132.9037,109.96,4,151,0.7048,Steady Regulars,Automate win-back
C11530,132.844,663.04,7,186,0.7357,Steady Regulars,Automate win-back
C07781,132.8266,51.98,1,48,0.7577,New & Promising,Automate win-back
C03826,132.8173,213.96,4,158,0.7389,Steady Regulars,Automate win-back
C13597,132.7236,363.96,2,118,0.7255,Steady Regulars,Automate win-back
C17081,132.667,36.99,1,52,0.7697,New & Promising,Automate win-back
C05242,132.6332,1768.71,18,184,0.7715,Champions,Automate win-back
C06909,132.6193,71.97,9,188,0.6987,Champions,Automate win-back
C11321,132.5857,1010.85,7,179,0.5563,Steady Regulars,Automate win-back
C13767,132.4719,81.99,1,7,0.7112,New & Promising,Automate win-back
C00275,132.4324,23.99,1,7,0.8202,New & Promising,Automate win-back
C02159,132.3836,123.98,1,54,0.7973,New & Promising,Automate win-back
C08039,132.3011,61.98,3,71,0.6178,Steady Regulars,Automate win-back
C05909,132.0639,452.92,13,210,0.7527,Champions,Automate win-back
C03679,132.0508,251.97,1,125,0.7327,Steady Regulars,Automate win-back
C11013,131.9637,448.8,14,186,0.6614,Champions,Automate win-back
C02921,131.8999,87.99,1,97,0.7149,New & Promising,Automate win-back
C03640,131.8729,55.99,1,157,0.854,New & Promising,Automate win-back
C13277,131.7885,10.99,1,91,0.7134,New & Promising,Automate win-back
C16946,131.6068,347.99,1,77,0.7271,Steady Regulars,Automate win-back
C17789,131.591,502.97,1,114,0.6632,Steady Regulars,Automate win-back
C13229,131.575,281.93,1,122,0.7513,Steady Regulars,Automate win-back
C17126,131.4823,462.91,3,260,0.8024,Steady Regulars,Automate win-back
C16910,131.4187,678.91,12,228,0.732,Champions,Automate win-back
C11718,131.296,422.97,5,131,0.5612,Steady Regulars,Automate win-back
C03767,131.2694,589.36,14,200,0.7848,Champions,Automate win-back
C17308,131.2607,942.96,1,111,0.6764,Steady Regulars,Automate win-back
C05654,131.2026,189.65,3,132,0.6306,Steady Regulars,Automate win-back
C08567,131.1474,34.99,1,9,0.8068,New & Promising,Automate win-back
C12968,131.0309,304.33,4,246,0.8261,Steady Regulars,Automate win-back
C17228,130.9688,2475.72,28,180,0.8056,Champions,Automate win-back
C04848,130.8722,185.95,11,180,0.6716,Champions,Automate win-back
C00658,130.8391,256.98,5,220,0.7903,Steady Regulars,Automate win-back
C15900,130.8343,34.99,1,59,0.7839,New & Promising,Automate win-back
C16226,130.749,1615.93,8,226,0.703,Steady Regulars,Automate win-back
C07251,130.6876,22.39,1,31,0.7795,Deal Hunters,Automate win-back
C07491,130.6534,518.52,5,190,0.7409,Steady Regulars,Automate win-back
C03517,130.5406,65.38,2,127,0.7143,Steady Regulars,Automate win-back
C11443,130.5403,109.98,1,18,0.8221,New & Promising,Automate win-back
C07242,130.2807,250.97,2,39,0.6129,Steady Regulars,Automate win-back
C01488,130.1133,321.99,1,172,0.6187,Steady Regulars,Automate win-back
C02084,130.0898,0.0,1,2,0.7667,New & Promising,Automate win-back
C04881,130.0092,665.9,2,172,0.7181,Steady Regulars,Automate win-back
C15240,129.9687,317.98,1,151,0.8117,Steady Regulars,Automate win-back
C17470,129.753,183.95,6,84,0.5421,Steady Regulars,Automate win-back
C09739,129.7529,173.99,1,54,0.7818,New & Promising,Automate win-back
C04492,129.5895,147.16,1,116,0.6779,Deal Hunters,Automate win-back
C15259,129.553,86.97,5,185,0.7378,Steady Regulars,Automate win-back
C10355,129.5484,44.98,3,109,0.5927,Steady Regulars,Automate win-back
C00683,129.4487,84.97,1,69,0.7807,New & Promising,Automate win-back
C14062,129.3994,148.96,2,13,0.4162,New & Promising,Automate win-back
C16725,129.3788,781.68,9,193,0.712,Champions,Automate win-back
C14463,129.3654,35.98,1,142,0.7585,New & Promising,Automate win-back
C15947,129.2723,72.22,7,167,0.6836,Champions,Automate win-back
C13596,129.2487,722.57,3,133,0.586,Deal Hunters,Automate win-back
C10710,129.2282,164.55,3,178,0.6237,Steady Regulars,Automate win-back
C04056,129.1772,132.98,4,20,0.4742,Steady Regulars,Automate win-back
C02335,129.0591,276.99,1,48,0.7708,Steady Regulars,Automate win-back
C16494,128.9899,615.95,4,202,0.7614,Steady Regulars,Automate win-back
C09034,128.9044,26.99,2,18,0.6144,New & Promising,Automate win-back
C12304,128.874,407.99,1,160,0.729,Steady Regulars,Automate win-back
C03041,128.8203,663.57,3,235,0.7579,Steady Regulars,Automate win-back
C16990,128.7056,9.99,4,77,0.5849,Steady Regulars,Automate win-back
C04832,128.547,31.98,1,27,0.7468,Deal Hunters,Automate win-back
C06275,128.4976,224.98,2,88,0.4482,New & Promising,Automate win-back
C12021,128.4772,380.92,3,106,0.5543,Steady Regulars,Automate win-back
C12353,128.4264,118.96,1,63,0.7889,New & Promising,Automate win-back
C15021,128.355,812.92,28,202,0.9619,Champions,Automate win-back
C08330,128.2635,186.96,1,123,0.7545,Steady Regulars,Automate win-back
C07386,128.2231,120.98,1,13,0.7683,New & Promising,Automate win-back
C05564,128.1499,34.99,2,58,0.5475,New & Promising,Automate win-back
C05076,128.1436,311.97,3,103,0.6413,Steady Regulars,Automate win-back
C17544,128.0601,47.97,1,94,0.7546,New & Promising,Automate win-back
C13809,128.0534,553.97,7,178,0.6776,Steady Regulars,Automate win-back
C16449,128.0524,452.9,7,167,0.5233,Steady Regulars,Automate win-back
C09506,128.0429,179.76,8,189,0.6511,Steady Regulars,Automate win-back
C03419,127.9759,19.99,1,123,0.7824,New & Promising,Automate win-back
C13071,127.9015,51.99,5,113,0.6052,Steady Regulars,Automate win-back
C10645,127.809,1077.13,9,186,0.5698,Champions,Automate win-back
C12666,127.7898,26.99,1,48,0.7032,New & Promising,Automate win-back
C08632,127.7872,675.23,4,189,0.6808,Steady Regulars,Automate win-back
C04701,127.7663,518.93,3,101,0.635,Steady Regulars,Automate win-back
C08453,127.7624,225.97,9,236,0.7682,Champions,Automate win-back
C05757,127.7542,425.07,6,130,0.5361,Steady Regulars,Automate win-back
C02498,127.7296,82.96,2,75,0.5123,Deal Hunters,Automate win-back
C06683,127.7051,145.97,1,159,0.7748,Steady Regulars,Automate win-back
C11034,127.6958,25.99,1,4,0.7924,New & Promising,Automate win-back
C12869,127.6815,55.99,1,148,0.7322,New & Promising,Automate win-back
C09976,127.587,89.98,1,2,0.7373,New & Promising,Automate win-back
C01960,127.5702,307.24,7,197,0.7543,Steady Regulars,Automate win-back
C04930,127.5402,1109.02,8,234,0.7381,Steady Regulars,Automate win-back
C15859,127.3841,169.99,1,57,0.7451,New & Promising,Automate win-back
C11656,127.3351,1128.64,16,236,0.7523,Champions,Automate win-back
C06734,127.2899,234.95,2,52,0.3475,New & Promising,Automate win-back
C08460,127.0545,53.98,7,160,0.6222,Steady Regulars,Automate win-back
C05980,127.0354,187.98,1,95,0.7841,New & Promising,Automate win-back
C01045,127.0014,415.95,13,183,0.6505,Champions,Automate win-back
C01148,126.948,825.62,10,190,0.7202,Champions,Automate win-back
C10796,126.9311,507.35,6,180,0.574,Steady Regulars,Automate win-back
C15841,126.9212,435.22,13,186,0.6885,Champions,Automate win-back
C02382,126.7688,14.69,1,33,0.7822,Deal Hunters,Automate win-back
C02402,126.7283,156.24,2,170,0.7307,Deal Hunters,Automate win-back
C01846,126.6999,1012.81,9,214,0.7554,Champions,Automate win-back
C10930,126.6976,2061.31,9,178,0.6997,Steady Regulars,Automate win-back
C02456,126.6375,69.98,1,62,0.7717,New & Promising,Automate win-back
C12855,126.4723,205.38,1,186,0.8241,Deal Hunters,Automate win-back
C04871,126.3937,161.99,1,157,0.9165,Steady Regulars,Automate win-back
C01904,126.3413,311.29,10,263,0.7852,Champions,Automate win-back
C03161,126.1295,182.96,1,117,0.6908,Steady Regulars,Automate win-back
C12765,126.0547,253.93,9,216,0.6512,Champions,Automate win-back
C16662,126.0435,399.96,1,102,0.807,Steady Regulars,Automate win-back
C06658,125.8119,111.96,1,113,0.7071,New & Promising,Automate win-back
C11684,125.7785,640.85,19,223,0.8181,Champions,Automate win-back
C04163,125.7629,68.98,1,43,0.7488,New & Promising,Automate win-back
C08652,125.6956,43.98,1,3,0.7923,New & Promising,Automate win-back
C12952,125.6851,169.97,3,95,0.5542,Steady Regulars,Automate win-back
C06609,125.6369,193.98,1,124,0.7633,Steady Regulars,Automate win-back
C04979,125.6131,456.85,17,208,0.766,Champions,Automate win-back
C07403,125.6087,178.97,5,162,0.708,Steady Regulars,Automate win-back
C05491,125.5523,169.03,2,137,0.6715,Steady Regulars,Automate win-back
C03953,125.5405,277.95,1,123,0.7618,Steady Regulars,Automate win-back
C09750,125.4563,42.69,1,33,0.7545,Deal Hunters,Automate win-back
C05856,125.3498,551.94,13,189,0.7333,Champions,Automate win-back
C16191,125.322,89.97,3,90,0.5595,Steady Regulars,Automate win-back
C17843,125.2332,83.97,6,110,0.6123,Steady Regulars,Automate win-back
C08226,125.1767,215.95,5,109,0.5903,Steady Regulars,Automate win-back
C12087,125.1489,217.45,2,88,0.5193,Steady Regulars,Automate win-back
C07015,125.1465,69.98,1,57,0.7283,New & Promising,Automate win-back
C14134,125.1281,648.91,15,222,0.7855,Champions,Automate win-back
C12030,124.9917,440.14,8,185,0.6472,Champions,Automate win-back
C13353,124.9565,660.97,1,154,0.8246,Steady Regulars,Automate win-back
C16024,124.9436,263.97,1,113,0.7422,Steady Regulars,Automate win-back
C10182,124.8893,34.18,1,12,0.7517,Deal Hunters,Automate win-back
C08125,124.7612,23.39,1,30,0.7383,Deal Hunters,Automate win-back
C12984,124.7503,141.99,2,110,0.5594,New & Promising,Automate win-back
C11494,124.7193,180.15,1,104,0.7432,Steady Regulars,Automate win-back
C17491,124.7005,215.96,2,101,0.5607,Steady Regulars,Automate win-back
C08310,124.6515,12.99,2,69,0.5756,New & Promising,Automate win-back
C16975,124.6356,352.37,1,184,0.7572,Steady Regulars,Automate win-back
C12657,124.5995,104.98,1,38,0.6978,Deal Hunters,Automate win-back
C13145,124.5903,123.98,2,86,0.5702,New & Promising,Automate win-back
C05592,124.563,164.99,1,124,0.8004,New & Promising,Automate win-back
C08850,124.562,0.0,2,82,0.4901,Steady Regulars,Automate win-back
C03152,124.5456,97.98,1,48,0.8518,New & Promising,Automate win-back
C01634,124.4904,101.58,2,126,0.5948,Steady Regulars,Automate win-back
C09521,124.4882,663.91,2,94,0.6187,Steady Regulars,Automate win-back
C16256,124.4665,173.99,1,44,0.783,New & Promising,Automate win-back
C00112,124.4267,288.99,1,162,0.8171,Steady Regulars,Automate win-back
C12051,124.4212,81.97,1,86,0.643,New & Promising,Automate win-back
C01804,124.2699,41.98,2,121,0.5336,New & Promising,Automate win-back
C10433,124.2542,284.65,4,224,0.7324,Steady Regulars,Automate win-back
C00817,124.1936,19.99,1,74,0.7514,New & Promising,Automate win-back
C03382,124.1228,432.93,9,176,0.5961,Steady Regulars,Automate win-back
C13310,124.091,80.98,1,95,0.6877,New & Promising,Automate win-back
C10197,123.7407,44.97,5,91,0.553,Steady Regulars,Automate win-back
C05389,123.7222,462.96,3,221,0.7231,Steady Regulars,Automate win-back
C10815,123.6628,941.93,3,243,0.7883,Steady Regulars,Automate win-back
C09330,123.6325,57.97,5,229,0.7884,Steady Regulars,Automate win-back
C14419,123.6313,29.59,1,15,0.7877,Deal Hunters,Automate win-back
C08360,123.6269,40.99,1,10,0.7691,New & Promising,Automate win-back
C10263,123.5425,81.99,1,23,0.7686,New & Promising,Automate win-back
C14850,123.5322,618.91,12,200,0.6965,Champions,Automate win-back
C16092,123.2797,242.06,1,120,0.6998,Deal Hunters,Automate win-back
C10098,122.9603,362.96,1,174,0.7964,Steady Regulars,Automate win-back
C04312,122.9196,0.0,1,136,0.7085,New & Promising,Automate win-back
C13511,122.8697,55.99,1,4,0.8311,New & Promising,Automate win-back
C14707,122.8247,306.2,8,158,0.6959,Champions,Automate win-back
C08053,122.8017,169.97,2,128,0.6183,Steady Regulars,Automate win-back
C03085,122.7774,450.45,2,75,0.6043,Steady Regulars,Automate win-back
C13058,122.7406,111.99,1,3,0.7764,New & Promising,Automate win-back
C05669,122.6223,250.66,3,164,0.5932,Steady Regulars,Automate win-back
C03619,122.589,85.97,1,108,0.6295,New & Promising,Automate win-back
C10172,122.5265,28.99,1,1,0.876,New & Promising,Automate win-back
C08533,122.4879,51.99,1,161,0.7095,New & Promising,Automate win-back
C12038,122.4388,112.99,3,81,0.499,Steady Regulars,Automate win-back
C13727,122.4237,59.98,1,16,0.7575,New & Promising,Automate win-back
C14150,122.4153,330.83,2,302,0.8058,Steady Regulars,Automate win-back
C03088,122.3035,536.94,16,222,0.7731,Champions,Automate win-back
C09214,122.2285,160.96,4,120,0.6189,Steady Regulars,Automate win-back
C11401,122.1948,69.98,1,20,0.8153,New & Promising,Automate win-back
C10183,122.1581,253.94,8,235,0.7648,Steady Regulars,Automate win-back
C17941,122.0642,452.99,1,64,0.7511,Steady Regulars,Automate win-back
C00829,121.9641,173.99,1,91,0.701,New & Promising,Automate win-back
C09112,121.9176,101.98,1,54,0.8158,New & Promising,Automate win-back
C01216,121.8335,220.99,3,87,0.6146,Steady Regulars,Automate win-back
C16407,121.6532,266.96,2,88,0.4849,Steady Regulars,Automate win-back
C03425,121.557,59.98,1,77,0.7075,New & Promising,Automate win-back
C09322,121.2958,43.99,1,163,0.6988,New & Promising,Automate win-back
C17971,121.2392,40.99,1,56,0.7763,New & Promising,Automate win-back
C01614,121.1853,88.97,2,112,0.5459,New & Promising,Automate win-back
C11250,121.1055,63.99,1,158,0.736,New & Promising,Automate win-back
C10887,121.0896,35.98,3,90,0.6394,Deal Hunters,Automate win-back
C12321,120.9938,7.99,1,87,0.7528,New & Promising,Automate win-back
C07603,120.7986,175.58,1,182,0.7806,Deal Hunters,Automate win-back
C02944,120.7123,1004.94,9,209,0.7057,Steady Regulars,Automate win-back
C00702,120.6228,154.93,17,179,0.6937,Champions,Automate win-back
C03051,120.5463,80.98,1,71,0.7447,New & Promising,Automate win-back
C01086,120.4276,82.98,1,73,0.7229,New & Promising,Automate win-back
C16476,120.4209,90.07,1,170,0.6641,Deal Hunters,Automate win-back
C00050,120.4209,221.76,4,188,0.6565,Steady Regulars,Automate win-back
C14988,120.3941,468.93,4,216,0.7938,Steady Regulars,Automate win-back
C02981,120.388,374.97,2,97,0.6423,Steady Regulars,Automate win-back
C01793,120.368,990.54,6,242,0.8021,Steady Regulars,Automate win-back
C01583,120.3083,220.99,2,87,0.6143,Steady Regulars,Automate win-back
C07361,120.1338,34.99,1,14,0.7673,New & Promising,Automate win-back
C09908,120.1065,29.74,1,129,0.7802,Deal Hunters,Automate win-back
C03369,120.0564,230.95,4,90,0.5572,Champions,Automate win-back
C12171,119.9986,113.86,1,168,0.7769,Deal Hunters,Automate win-back
C01974,119.9787,26.99,1,14,0.7477,New & Promising,Automate win-back
C08214,119.9785,310.98,1,152,0.6471,Steady Regulars,Automate win-back
C15643,119.8948,26.99,1,53,0.7009,New & Promising,Automate win-back
C07692,119.8652,1358.9,11,282,0.8335,Champions,Automate win-back
C00103,119.8121,173.99,1,118,0.7688,New & Promising,Automate win-back
C07105,119.773,45.57,6,193,0.7306,Steady Regulars,Automate win-back
C16144,119.5003,331.96,11,269,0.7755,Champions,Automate win-back
C12001,119.3896,69.99,1,14,0.7786,New & Promising,Automate win-back
C01054,119.3835,49.99,2,143,0.5474,New & Promising,Automate win-back
C00554,119.3681,611.98,1,104,0.7338,Steady Regulars,Automate win-back
C05406,119.3435,37.39,6,168,0.7002,Steady Regulars,Automate win-back
C10579,119.3304,37.98,1,66,0.8141,New & Promising,Automate win-back
C11782,119.2877,493.94,3,140,0.6138,Steady Regulars,Automate win-back
C09977,119.1557,37.99,1,1,0.854,New & Promising,Automate win-back
C14849,119.1057,174.89,4,144,0.6566,Steady Regulars,Automate win-back
C05622,119.0589,395.33,2,172,0.7263,Steady Regulars,Automate win-back
C14942,118.977,1346.86,9,194,0.7045,Steady Regulars,Automate win-back
C06405,118.9718,124.18,8,168,0.6381,Champions,Automate win-back
C14032,118.9659,110.94,1,67,0.8045,New & Promising,Automate win-back
C02147,118.914,109.98,3,100,0.6814,Steady Regulars,Automate win-back
C01559,118.9097,46.38,1,18,0.7674,Deal Hunters,Automate win-back
C10648,118.8872,138.94,1,153,0.7528,Steady Regulars,Automate win-back
C16537,118.8668,370.98,1,161,0.793,Steady Regulars,Automate win-back
C08361,118.8083,445.75,3,217,0.7402,Steady Regulars,Automate win-back
C04513,118.727,94.97,2,186,0.7038,New & Promising,Automate win-back
C08697,118.6968,139.97,1,157,0.7966,Steady Regulars,Automate win-back
C15824,118.6365,782.89,12,194,0.6912,Champions,Automate win-back
C00441,118.5862,87.99,1,144,0.7884,New & Promising,Automate win-back
C14233,118.5463,768.74,38,183,0.8887,Champions,Automate win-back
C06674,118.5393,588.14,8,198,0.6584,Steady Regulars,Automate win-back
C01141,118.5197,44.98,1,90,0.7099,New & Promising,Automate win-back
C03545,118.467,71.99,1,2,0.8678,New & Promising,Automate win-back
C11617,118.4364,18.19,1,32,0.7343,Deal Hunters,Automate win-back
C16587,118.3556,815.52,4,164,0.5995,Steady Regulars,Automate win-back
C02650,118.3296,28.67,1,35,0.7185,Deal Hunters,Automate win-back
C14081,118.3225,1217.83,11,233,0.7145,Champions,Automate win-back
C05818,118.2843,197.97,1,46,0.7234,New & Promising,Automate win-back
C11421,118.1911,314.96,12,278,0.8121,Champions,Automate win-back
C13351,118.1816,206.95,8,277,0.7939,Steady Regulars,Automate win-back
C10628,118.1771,0.0,1,32,0.7428,Deal Hunters,Automate win-back
C03507,118.1471,32.79,1,22,0.779,Deal Hunters,Automate win-back
C05933,118.1471,32.79,1,22,0.808,Deal Hunters,Automate win-back
C16413,118.042,0.0,1,23,0.7397,New & Promising,Automate win-back
C12669,118.0277,70.19,1,2,0.7932,Deal Hunters,Automate win-back
C07543,118.0093,34.99,1,9,0.7914,New & Promising,Automate win-back
C14243,117.8383,93.47,5,82,0.5054,Steady Regulars,Automate win-back
C14076,117.8176,82.96,3,158,0.7285,Steady Regulars,Automate win-back
C03448,117.7921,30.97,1,124,0.7817,New & Promising,Automate win-back
C11428,117.6588,33.99,1,109,0.6601,New & Promising,Automate win-back
C07820,117.6501,56.99,1,53,0.8099,New & Promising,Automate win-back
C17999,117.6404,114.97,1,111,0.7447,New & Promising,Automate win-back
C12501,117.5673,405.98,1,164,0.72,Steady Regulars,Automate win-back
C16386,117.5373,0.0,1,43,0.7189,New & Promising,Automate win-back
C06826,117.5276,245.98,6,212,0.7073,Steady Regulars,Automate win-back
C04610,117.5231,40.99,4,92,0.5894,Steady Regulars,Automate win-back
C11935,117.4966,33.99,1,45,0.7505,New & Promising,Automate win-back
C11116,117.4218,365.97,1,124,0.7595,Steady Regulars,Automate win-back
C01094,117.3309,333.94,9,230,0.754,Champions,Automate win-back
C06163,117.138,291.97,2,87,0.4395,Steady Regulars,Automate win-back
C03052,117.0494,67.18,1,14,0.7187,Deal Hunters,Automate win-back
C15970,116.7649,241.46,22,238,0.9485,Champions,Automate win-back
C06554,116.7082,252.57,1,182,0.7014,Steady Regulars,Automate win-back
C08389,116.561,52.79,1,20,0.8148,Deal Hunters,Automate win-back
C03886,116.411,348.55,2,186,0.741,Steady Regulars,Automate win-back
C15750,116.3334,142.98,1,39,0.7848,New & Promising,Automate win-back
C01621,116.3197,86.95,3,135,0.6964,Steady Regulars,Automate win-back
C07058,116.2485,193.98,1,46,0.7621,New & Promising,Automate win-back
C14465,116.1897,0.0,5,114,0.5718,Steady Regulars,Automate win-back
C04061,116.1685,236.91,6,153,0.5638,Steady Regulars,Automate win-back
C03346,116.1609,0.0,1,67,0.8018,New & Promising,Automate win-back
C15147,116.1224,316.7,3,282,0.8133,Deal Hunters,Automate win-back
C07855,116.036,29.59,1,17,0.7843,Deal Hunters,Automate win-back
C00894,115.9951,89.12,7,142,0.6767,Steady Regulars,Automate win-back
C01848,115.9621,81.98,1,67,0.7802,New & Promising,Automate win-back
C01590,115.9413,389.96,13,217,0.7366,Champions,Automate win-back
C16586,115.8599,13.59,1,19,0.7815,Deal Hunters,Automate win-back
C01912,115.8374,26.99,2,122,0.6702,Steady Regulars,Automate win-back
C05254,115.6814,379.96,1,181,0.7441,Steady Regulars,Automate win-back
C06903,115.5723,27.18,1,23,0.7499,Deal Hunters,Automate win-back
C00357,115.5574,340.98,1,185,0.7532,Steady Regulars,Automate win-back
C16920,115.5122,427.76,2,123,0.6329,Steady Regulars,Automate win-back
C14445,115.5005,39.98,1,154,0.6477,New & Promising,Automate win-back
C11880,115.4844,40.59,1,33,0.7728,Deal Hunters,Automate win-back
C02867,115.4093,256.87,1,141,0.6973,Deal Hunters,Automate win-back
C05808,115.3124,28.04,1,142,0.7925,Deal Hunters,Automate win-back
C05411,115.2462,62.97,2,90,0.5279,New & Promising,Automate win-back
C03732,115.1844,695.25,3,228,0.7197,Steady Regulars,Automate win-back
C10613,115.1805,193.89,1,38,0.7854,Deal Hunters,Automate win-back
C09336,115.1712,98.97,6,142,0.6667,Steady Regulars,Automate win-back
C04186,115.1543,36.39,1,34,0.7269,Deal Hunters,Automate win-back
C05174,115.1261,220.99,1,59,0.7225,New & Promising,Automate win-back
C01958,115.1061,113.97,1,164,0.6741,New & Promising,Automate win-back
C02135,115.032,343.95,1,175,0.7836,Steady Regulars,Automate win-back
C07441,115.0183,32.99,1,127,0.7812,New & Promising,Automate win-back
C13783,114.8769,24.99,1,93,0.7006,New & Promising,Automate win-back
C16341,114.7984,32.99,1,155,0.7793,New & Promising,Automate win-back
C07322,114.7658,309.96,1,162,0.7815,Steady Regulars,Automate win-back
C16602,114.7018,305.9,5,202,0.7482,Steady Regulars,Automate win-back
C10431,114.5568,824.99,4,218,0.7954,Steady Regulars,Automate win-back
C15526,114.4897,71.99,4,192,0.7451,Steady Regulars,Automate win-back
C01206,114.4772,170.96,2,146,0.6403,Steady Regulars,Automate win-back
C06561,114.4423,133.97,1,173,0.677,Steady Regulars,Automate win-back
C14176,114.3597,22.99,1,68,0.7926,New & Promising,Automate win-back
C10888,114.3361,70.99,1,101,0.8027,New & Promising,Automate win-back
C04612,114.2962,42.96,2,134,0.5772,New & Promising,Automate win-back
C12040,114.2099,40.99,1,111,0.6453,New & Promising,Automate win-back
C17964,114.1349,24.99,1,83,0.7586,New & Promising,Automate win-back
C08668,113.9809,218.96,1,157,0.6743,Steady Regulars,Automate win-back
C09272,113.939,28.99,1,28,0.7735,New & Promising,Automate win-back
C00631,113.9366,465.01,6,198,0.7719,Steady Regulars,Automate win-back
C13772,113.929,49.99,2,129,0.6453,Steady Regulars,Automate win-back
C02856,113.9223,153.56,1,182,0.7541,Deal Hunters,Automate win-back
C13093,113.8862,11.69,1,51,0.7272,Deal Hunters,Automate win-back
C08680,113.8819,1121.44,4,199,0.7405,Steady Regulars,Automate win-back
C00478,113.8195,164.99,1,41,0.8031,New & Promising,Automate win-back
C11611,113.8011,646.92,5,286,0.8084,Steady Regulars,Automate win-back
C17115,113.7826,52.98,1,83,0.7018,New & Promising,Automate win-back
C05507,113.7421,141.07,7,191,0.6602,Steady Regulars,Automate win-back
C12744,113.7211,395.97,1,156,0.783,Steady Regulars,Automate win-back
C16533,113.7095,41.98,19,223,0.8212,Champions,Automate win-back
C17802,113.6538,482.94,12,272,0.9366,Champions,Automate win-back
C11382,113.58,163.98,1,160,0.9038,Steady Regulars,Automate win-back
C11410,113.5535,41.97,1,40,0.7469,New & Promising,Automate win-back
C12692,113.3972,1627.91,1,188,0.7664,Steady Regulars,Automate win-back
C17222,113.3142,489.95,5,121,0.5454,Steady Regulars,Automate win-back
C02580,113.309,102.97,1,75,0.7239,New & Promising,Automate win-back
C13421,113.2409,123.87,1,31,0.8128,Deal Hunters,Automate win-back
C17687,113.1359,97.98,1,121,0.7398,New & Promising,Automate win-back
C08196,113.0073,120.37,1,127,0.7902,Steady Regulars,Automate win-back
C11212,112.9106,495.94,2,95,0.6491,Steady Regulars,Automate win-back
C05416,112.8003,200.96,2,184,0.7918,Steady Regulars,Automate win-back
C11606,112.7247,410.13,4,191,0.7277,Steady Regulars,Automate win-back
C09526,112.5909,171.98,1,149,0.8072,Steady Regulars,Automate win-back
C01533,112.5168,401.98,3,164,0.6573,Steady Regulars,Automate win-back
C12430,112.4885,395.88,6,207,0.7148,Steady Regulars,Automate win-back
C07872,112.3603,2305.65,34,191,0.9459,Champions,Automate win-back
C17097,112.283,574.15,10,245,0.7192,Steady Regulars,Automate win-back
C03010,112.2141,533.93,3,222,0.7291,Steady Regulars,Automate win-back
C07448,112.0207,463.95,14,225,0.9009,Champions,Automate win-back
C15314,111.9564,32.79,1,28,0.7527,Deal Hunters,Automate win-back
C05208,111.8433,213.96,4,210,0.7848,Steady Regulars,Automate win-back
C03652,111.8136,105.46,2,111,0.5659,New & Promising,Automate win-back
C01006,111.7907,223.97,6,201,0.7644,Steady Regulars,Automate win-back
C06117,111.7594,289.75,7,299,0.8713,Steady Regulars,Automate win-back
C12033,111.7568,19.98,2,151,0.6707,Steady Regulars,Automate win-back
C00367,111.7551,16.99,1,3,0.7765,New & Promising,Automate win-back
C12611,111.6817,28.99,1,45,0.7079,New & Promising,Automate win-back
C04431,111.6714,33.99,2,123,0.6367,Steady Regulars,Automate win-back
C16346,111.6224,72.98,1,97,0.7423,New & Promising,Automate win-back
C01297,111.576,123.96,3,103,0.5862,Steady Regulars,Automate win-back
C09406,111.4495,473.97,1,101,0.7442,Steady Regulars,Automate win-back
C15093,111.3306,113.96,2,162,0.6262,New & Promising,Automate win-back
C10324,111.2838,404.94,4,242,0.8416,Steady Regulars,Automate win-back
C06710,111.2775,41.99,1,51,0.7778,New & Promising,Automate win-back
C05763,111.2219,125.79,1,133,0.8422,Deal Hunters,Automate win-back
C15330,111.1474,86.97,1,220,0.8972,New & Promising,Automate win-back
C03283,111.1258,812.94,7,235,0.7057,Steady Regulars,Automate win-back
C12458,111.1023,677.97,1,95,0.7837,Steady Regulars,Automate win-back
C17882,111.0288,95.98,1,100,0.7407,New & Promising,Automate win-back
C15082,111.0138,107.07,2,167,0.6977,Steady Regulars,Automate win-back
C08178,110.9118,39.96,9,219,0.7257,Steady Regulars,Automate win-back
C07527,110.8899,81.98,1,116,0.6601,New & Promising,Automate win-back
C00346,110.8784,550.15,3,217,0.7401,Steady Regulars,Automate win-back
C01669,110.8019,49.98,1,67,0.8094,New & Promising,Automate win-back
C05970,110.787,151.99,1,45,0.7952,New & Promising,Automate win-back
C09969,110.7442,255.98,1,77,0.6795,Steady Regulars,Automate win-back
C06010,110.6791,381.93,11,213,0.7012,Champions,Automate win-back
C14843,110.6387,54.58,1,33,0.7666,Deal Hunters,Automate win-back
C01972,110.6317,288.98,1,135,0.7516,Deal Hunters,Automate win-back
C02556,110.5072,0.0,1,35,0.7197,Deal Hunters,Automate win-back
C13340,110.4765,90.05,1,168,0.7413,Deal Hunters,Automate win-back
C15398,110.3902,410.98,16,205,0.7464,Champions,Automate win-back
C01682,110.3366,529.95,5,236,0.7525,Steady Regulars,Automate win-back
C02680,110.2863,28.99,1,65,0.8223,New & Promising,Automate win-back
C04589,110.279,77.97,1,102,0.6977,New & Promising,Automate win-back
C10684,110.2074,72.95,4,79,0.5461,New & Promising,Automate win-back
C08132,110.0777,62.98,1,121,0.7355,New & Promising,Automate win-back
C14946,110.0562,218.92,15,230,0.7681,Champions,Automate win-back
C14820,110.0557,150.16,1,144,0.8595,Deal Hunters,Automate win-back
C02499,109.9483,80.95,2,149,0.6315,New & Promising,Automate win-back
C14242,109.946,557.86,9,210,0.7725,Steady Regulars,Automate win-back
C12120,109.929,79.98,1,113,0.7393,New & Promising,Automate win-back
C14213,109.8797,1083.86,6,228,0.7696,Steady Regulars,Automate win-back
C07685,109.8788,58.09,1,38,0.8006,Deal Hunters,Automate win-back
C12585,109.7795,237.98,1,83,0.6887,Steady Regulars,Automate win-back
C05231,109.591,408.91,7,236,0.8281,Steady Regulars,Automate win-back
C01568,109.569,538.96,1,121,0.7627,Steady Regulars,Automate win-back
C08572,109.5233,213.18,1,138,0.7749,Steady Regulars,Automate win-back
C13660,109.5066,81.89,1,35,0.7924,Deal Hunters,Automate win-back
C04738,109.4345,847.13,8,200,0.7325,Steady Regulars,Automate win-back
C12959,109.4193,152.98,1,58,0.7779,New & Promising,Automate win-back
C17630,109.4117,377.93,7,200,0.6297,Steady Regulars,Automate win-back
C16464,109.3487,980.29,3,157,0.7687,Steady Regulars,Automate win-back
C01995,109.3181,163.97,1,156,0.8444,Steady Regulars,Automate win-back
C13216,109.2068,36.98,1,149,0.7067,New & Promising,Automate win-back
C14700,109.1893,790.88,9,213,0.7353,Steady Regulars,Automate win-back
C06739,109.1331,22.99,1,67,0.8017,New & Promising,Automate win-back
C05084,109.1232,371.43,1,133,0.8005,Deal Hunters,Automate win-back
C03637,109.0795,272.44,5,180,0.6886,Steady Regulars,Automate win-back
C03893,108.9822,63.99,1,40,0.7896,New & Promising,Automate win-back
C00213,108.9322,223.98,1,63,0.741,New & Promising,Automate win-back
C10291,108.8737,47.98,1,141,0.7224,New & Promising,Automate win-back
C09346,108.8514,977.67,3,230,0.7402,Steady Regulars,Automate win-back
C15566,108.8118,228.15,2,169,0.7331,Deal Hunters,Automate win-back
C03322,108.7772,362.39,10,197,0.7235,Steady Regulars,Automate win-back
C06999,108.7611,134.95,5,152,0.6568,Steady Regulars,Automate win-back
C15058,108.7109,374.62,6,228,0.815,Steady Regulars,Automate win-back
C05842,108.6457,252.96,7,215,0.7541,Steady Regulars,Automate win-back
C14924,108.6379,27.98,1,56,0.7736,New & Promising,Automate win-back
C09125,108.6379,25.99,1,57,0.7964,New & Promising,Automate win-back
C16129,108.6092,519.7,5,141,0.6734,Steady Regulars,Automate win-back
C10412,108.5782,774.29,7,236,0.6798,Champions,Automate win-back
C02692,108.5459,639.82,25,183,0.832,Champions,Automate win-back
C14956,108.5146,83.97,1,109,0.6637,New & Promising,Automate win-back
C12702,108.5121,616.93,12,256,0.8126,Champions,Automate win-back
C15503,108.5116,260.95,3,203,0.7534,Steady Regulars,Automate win-back
C09236,108.4226,926.09,4,197,0.7691,Steady Regulars,Automate win-back
C02066,108.1259,109.96,2,147,0.6768,New & Promising,Automate win-back
C11222,108.0655,812.94,7,237,0.737,Steady Regulars,Automate win-back
C00751,107.9017,24.99,1,80,0.6582,New & Promising,Automate win-back
C01113,107.8555,518.53,5,177,0.6451,Steady Regulars,Automate win-back
C05650,107.8059,259.21,1,169,0.6407,Deal Hunters,Automate win-back
C08935,107.6092,47.99,1,147,0.746,New & Promising,Automate win-back
C01609,107.6088,69.98,1,1,0.8497,New & Promising,Automate win-back
C11372,107.5855,867.91,3,218,0.7951,Steady Regulars,Automate win-back
C00273,107.4423,599.05,2,122,0.6823,Steady Regulars,Automate win-back
C04566,107.3668,367.97,1,177,0.7974,Steady Regulars,Automate win-back
C04808,107.3021,66.99,1,60,0.8006,New & Promising,Automate win-back
C15645,107.1285,9.99,2,94,0.5696,Steady Regulars,Automate win-back
C17162,107.1235,102.98,1,147,0.7614,New & Promising,Automate win-back
C15094,107.0662,91.47,9,181,0.6644,Champions,Automate win-back
C04945,106.9727,164.99,1,60,0.7942,New & Promising,Automate win-back
C08202,106.9076,243.59,1,38,0.8034,Deal Hunters,Automate win-back
C15563,106.9026,529.18,6,210,0.788,Steady Regulars,Automate win-back
C02616,106.8573,48.98,1,104,0.7387,New & Promising,Automate win-back
C03445,106.805,82.98,1,79,0.7434,New & Promising,Automate win-back
C14824,106.7628,16.99,1,51,0.7226,New & Promising,Automate win-back
C03587,106.7608,212.78,1,36,0.7975,Deal Hunters,Automate win-back
C14976,106.7406,26.99,1,85,0.7182,New & Promising,Automate win-back
C08911,106.7295,83.98,1,156,0.8203,New & Promising,Automate win-back
C02162,106.7064,78.97,1,119,0.6892,New & Promising,Automate win-back
C07266,106.6619,559.16,4,219,0.7552,Deal Hunters,Automate win-back
C14994,106.6019,284.96,11,201,0.7218,Champions,Automate win-back
C14642,106.5793,614.93,12,200,0.7556,Champions,Automate win-back
C12663,106.5324,431.96,1,149,0.7971,Steady Regulars,Automate win-back
C17015,106.4834,129.97,1,159,0.8015,New & Promising,Automate win-back
C15289,106.4711,390.97,1,169,0.8102,Deal Hunters,Automate win-back
C11711,106.4392,467.98,1,123,0.758,Steady Regulars,Automate win-back
C04434,106.419,271.97,9,192,0.5974,Champions,Automate win-back
C17177,106.4069,711.65,4,145,0.6209,Steady Regulars,Automate win-back
C11110,106.3675,87.99,1,78,0.7288,New & Promising,Automate win-back
C12389,106.3151,10.99,1,83,0.7601,New & Promising,Automate win-back
C01619,106.3132,46.19,1,36,0.7119,Deal Hunters,Automate win-back
C13798,106.3094,28.89,2,135,0.62,Deal Hunters,Automate win-back
C00988,106.2656,683.31,5,186,0.6816,Steady Regulars,Automate win-back
C12490,106.2449,29.37,1,35,0.7095,Deal Hunters,Automate win-back
C08656,106.2148,27.98,2,145,0.6158,New & Promising,Automate win-back
C03206,106.1059,110.17,1,152,0.845,New & Promising,Automate win-back
C17563,106.0812,96.96,3,176,0.5779,New & Promising,Automate win-back
C03136,106.0004,85.98,1,160,0.7946,New & Promising,Automate win-back
C02942,105.99,55.98,1,103,0.7303,New & Promising,Automate win-back
C02061,105.9166,80.99,1,89,0.6764,New & Promising,Automate win-back
C07497,105.8928,63.97,3,124,0.7585,Steady Regulars,Automate win-back
C11788,105.8537,614.44,15,217,0.7849,Champions,Automate win-back
C05201,105.8282,430.93,3,177,0.7091,Steady Regulars,Automate win-back
C15719,105.6796,160.93,4,172,0.6756,Steady Regulars,Automate win-back
C02003,105.6374,756.7,5,198,0.6787,Steady Regulars,Automate win-back
C14171,105.596,47.99,1,61,0.8283,New & Promising,Automate win-back
C13514,105.4662,1009.29,4,193,0.7299,Steady Regulars,Automate win-back
C00969,105.3809,162.75,8,195,0.6203,Champions,Automate win-back
C13438,105.3249,288.01,3,139,0.6505,Steady Regulars,Automate win-back
C04568,105.3076,146.37,1,117,0.7835,Steady Regulars,Automate win-back
C17312,105.306,49.98,1,75,0.6971,New & Promising,Automate win-back
C05570,105.2921,284.87,1,136,0.7572,Deal Hunters,Automate win-back
C06301,105.216,94.97,1,95,0.7747,New & Promising,Automate win-back
C02358,105.1812,74.97,1,112,0.7166,New & Promising,Automate win-back
C06279,105.1315,183.96,8,235,0.82,Steady Regulars,Automate win-back
C16764,105.096,140.87,1,71,0.7326,New & Promising,Automate win-back
C15906,105.0767,541.21,12,279,0.921,Champions,Automate win-back
C16280,105.0476,368.03,3,139,0.6624,Steady Regulars,Automate win-back
C07421,105.0317,91.97,1,171,0.6612,New & Promising,Automate win-back
C09317,104.9964,280.16,3,133,0.6132,Steady Regulars,Automate win-back
C14055,104.9764,215.97,2,107,0.596,Steady Regulars,Automate win-back
C13750,104.9762,485.97,14,268,0.8111,Champions,Automate win-back
C14575,104.9418,154.98,1,163,0.8395,New & Promising,Automate win-back
C02263,104.8813,613.94,4,179,0.6565,Steady Regulars,Automate win-back
C13787,104.8754,164.99,1,94,0.7858,New & Promising,Automate win-back
C03849,104.8163,25.99,1,108,0.6743,New & Promising,Automate win-back
C15070,104.635,315.98,9,225,0.6781,Steady Regulars,Automate win-back
C00061,104.63,66.27,1,56,0.7761,New & Promising,Automate win-back
C08179,104.5902,24.49,1,32,0.7877,Deal Hunters,Automate win-back
C00745,104.5708,41.99,1,47,0.7257,New & Promising,Automate win-back
C06178,104.5538,23.99,2,116,0.7021,Steady Regulars,Automate win-back
C01066,104.5302,240.98,1,90,0.6444,Steady Regulars,Automate win-back
C08720,104.4991,53.97,1,112,0.8114,New & Promising,Automate win-back
C04786,104.4877,147.97,1,173,0.7798,Steady Regulars,Automate win-back
C12840,104.4403,154.68,1,169,0.8574,Deal Hunters,Automate win-back
C12815,104.3917,424.73,1,137,0.7575,Steady Regulars,Automate win-back
C09345,104.3428,86.99,1,44,0.6696,New & Promising,Automate win-back
C11476,104.3163,166.99,1,177,0.8523,Steady Regulars,Automate win-back
C08998,104.2832,221.99,1,87,0.6436,Steady Regulars,Automate win-back
C14420,104.2635,440.33,2,198,0.7192,Steady Regulars,Automate win-back
C05515,104.207,93.97,5,162,0.691,Steady Regulars,Automate win-back
C00788,104.1906,439.15,4,147,0.5646,Steady Regulars,Automate win-back
C00529,104.1901,72.99,1,164,0.7166,New & Promising,Automate win-back
C12215,104.1851,1325.86,6,205,0.776,Steady Regulars,Automate win-back
C06945,104.1382,67.18,1,35,0.7449,Deal Hunters,Automate win-back
C02168,104.0836,423.94,2,95,0.6491,Steady Regulars,Automate win-back
C17860,104.0482,136.98,4,131,0.6858,Steady Regulars,Automate win-back
C03863,104.0476,62.38,1,29,0.8065,Deal Hunters,Automate win-back
C07670,104.0314,69.96,5,139,0.6066,Steady Regulars,Automate win-back
C09635,104.0308,343.98,1,138,0.6951,Steady Regulars,Automate win-back
C13492,104.0115,187.92,1,114,0.7488,Steady Regulars,Automate win-back
C08126,103.9501,166.98,8,268,0.767,Steady Regulars,Automate win-back
C07613,103.9373,321.99,1,162,0.7699,Steady Regulars,Automate win-back
C13584,103.8882,854.11,6,199,0.6785,Steady Regulars,Automate win-back
C16393,103.8104,99.96,1,113,0.6746,New & Promising,Automate win-back
C04023,103.5932,76.98,1,120,0.7657,New & Promising,Automate win-back
C04972,103.5337,255.98,1,118,0.7574,Steady Regulars,Automate win-back
C07520,103.3804,49.98,1,98,0.7984,New & Promising,Automate win-back
C06566,103.3387,661.91,4,207,0.6851,Steady Regulars,Automate win-back
C03841,103.3115,19.99,1,79,0.7073,New & Promising,Automate win-back
C06355,103.2197,745.91,7,209,0.7736,Steady Regulars,Automate win-back
C00750,103.1792,199.23,3,291,0.8421,Steady Regulars,Automate win-back
C11201,102.9831,161.98,1,97,0.8298,New & Promising,Automate win-back
C11940,102.9074,375.74,7,241,0.7763,Steady Regulars,Automate win-back
C11581,102.894,261.96,11,224,0.7435,Champions,Automate win-back
C12373,102.7149,69.98,1,40,0.7657,New & Promising,Automate win-back
C10974,102.7054,218.95,1,188,0.8487,Steady Regulars,Automate win-back
C05364,102.689,346.79,1,137,0.7711,Deal Hunters,Automate win-back
C05068,102.6274,560.92,3,215,0.6817,Steady Regulars,Automate win-back
C04547,102.6018,253.97,1,173,0.7835,Steady Regulars,Automate win-back
C04355,102.5571,0.0,1,74,0.6958,New & Promising,Automate win-back
C01984,102.5065,177.98,3,141,0.596,Steady Regulars,Automate win-back
C13899,102.4951,40.78,7,345,0.9015,Champions,Automate win-back
C13697,102.4247,647.57,3,222,0.7515,Steady Regulars,Automate win-back
C15200,102.4148,181.98,4,209,0.7995,Steady Regulars,Automate win-back
C05051,102.4145,10.99,1,41,0.7418,New & Promising,Automate win-back
C04025,102.4007,145.98,1,177,0.793,Steady Regulars,Automate win-back
C02895,102.3756,0.0,1,80,0.7323,New & Promising,Automate win-back
C04659,102.3553,125.99,1,73,0.7332,New & Promising,Automate win-back
C12658,102.2913,81.98,1,122,0.6783,New & Promising,Automate win-back
C05660,102.2304,215.97,1,126,0.8362,Steady Regulars,Automate win-back
C17127,102.0935,0.0,1,98,0.7759,New & Promising,Automate win-back
C08586,102.0927,24.49,1,38,0.7781,Deal Hunters,Automate win-back
C03888,102.0892,45.98,2,143,0.7692,New & Promising,Automate win-back
C11685,102.0758,200.98,6,186,0.646,Steady Regulars,Automate win-back
C05661,102.012,14.99,3,125,0.6907,Deal Hunters,Automate win-back
C02932,101.9716,426.56,1,143,0.8165,Steady Regulars,Automate win-back
C06937,101.9648,60.27,6,243,0.7618,Steady Regulars,Automate win-back
C06531,101.8249,483.5,14,205,0.8154,Champions,Automate win-back
C12930,101.8128,390.98,2,228,0.7774,Steady Regulars,Automate win-back
C08385,101.7371,164.76,14,288,0.9298,Champions,Automate win-back
C14920,101.7211,13.99,1,46,0.7917,New & Promising,Automate win-back
C10236,101.7054,225.98,1,109,0.6984,Steady Regulars,Automate win-back
C11280,101.6813,466.96,4,194,0.6752,Steady Regulars,Automate win-back
C16712,101.6763,26.99,2,110,0.5052,New & Promising,Automate win-back
C08282,101.6333,218.47,4,166,0.6546,Steady Regulars,Automate win-back
C16046,101.4661,228.93,6,219,0.7444,Steady Regulars,Automate win-back
C09719,101.4425,608.95,6,222,0.7338,Steady Regulars,Automate win-back
C13544,101.243,491.96,1,224,0.8236,Steady Regulars,Automate win-back
C01950,101.2235,130.98,2,101,0.5666,New & Promising,Automate win-back
C13525,101.0544,81.57,1,112,0.6591,New & Promising,Automate win-back
C10508,100.8677,348.73,1,143,0.7342,Steady Regulars,Automate win-back
C13613,100.866,0.0,1,139,0.7461,New & Promising,Automate win-back
C07112,100.8577,30.99,1,124,0.8163,New & Promising,Automate win-back
C05132,100.8249,41.98,1,101,0.7359,New & Promising,Automate win-back
C16694,100.8139,111.98,3,67,0.6232,New & Promising,Automate win-back
C04438,100.804,111.96,6,181,0.6109,Steady Regulars,Automate win-back
C14442,100.7733,113.96,1,92,0.7282,New & Promising,Automate win-back
C07318,100.7479,148.85,12,249,0.7841,Champions,Automate win-back
C06953,100.7341,233.97,3,145,0.6478,Steady Regulars,Automate win-back
C10758,100.7198,394.98,1,165,0.7845,Steady Regulars,Automate win-back
C13309,100.6982,718.9,5,201,0.743,Steady Regulars,Automate win-back
C04937,100.645,735.73,2,202,0.7955,Steady Regulars,Automate win-back
C08340,100.6186,19.99,3,155,0.6636,Steady Regulars,Automate win-back
C06128,100.5826,137.97,1,162,0.8246,Steady Regulars,Automate win-back
C04735,100.5034,444.93,5,226,0.7682,Steady Regulars,Automate win-back
C16047,100.4907,484.92,4,166,0.6336,Steady Regulars,Automate win-back
C07829,100.448,696.94,2,213,0.7792,Steady Regulars,Automate win-back
C05108,100.4399,437.77,6,243,0.8019,Steady Regulars,Automate win-back
C00488,100.4161,129.98,2,105,0.629,New & Promising,Automate win-back
C17310,100.3661,25.99,3,155,0.6197,Deal Hunters,Automate win-back
C13565,100.3598,101.97,6,237,0.8383,Steady Regulars,Automate win-back
C15317,100.2428,182.95,7,219,0.7826,Steady Regulars,Automate win-back
C06222,100.1903,643.98,1,163,0.7292,Steady Regulars,Automate win-back
C09269,100.1871,271.96,8,221,0.7472,Steady Regulars,Automate win-back
C09755,100.1321,83.98,11,212,0.7149,Champions,Automate win-back
C16665,100.1301,262.94,1,179,0.813,Steady Regulars,Automate win-back
C02045,100.1141,0.0,1,111,0.6874,Deal Hunters,Automate win-back
C16633,100.0316,119.15,2,152,0.6174,Steady Regulars,Automate win-back
C05091,100.016,873.89,16,206,0.972,Champions,Automate win-back
C00888,99.9837,364.94,3,155,0.6849,Steady Regulars,Automate win-back
C00491,99.897,323.81,4,239,0.833,Steady Regulars,Automate win-back
C09721,99.884,247.88,1,164,0.7902,Steady Regulars,Automate win-back
C14922,99.8781,39.58,2,147,0.6855,Deal Hunters,Automate win-back
C03688,99.8172,63.99,1,87,0.7934,New & Promising,Automate win-back
C14938,99.7803,595.93,2,232,0.7538,Steady Regulars,Automate win-back
C06326,99.7776,558.64,3,146,0.6431,Steady Regulars,Automate win-back
C01961,99.7065,181.98,1,158,0.8791,Steady Regulars,Automate win-back
C15872,99.5774,467.32,15,244,0.7347,Champions,Automate win-back
C12289,99.473,154.15,1,189,0.8566,Steady Regulars,Automate win-back
C08791,99.471,49.95,9,220,0.7474,Steady Regulars,Automate win-back
C09025,99.4216,84.68,1,64,0.7793,New & Promising,Automate win-back
C06356,99.3933,513.55,9,203,0.6371,Steady Regulars,Automate win-back
C10380,99.3901,91.79,5,239,0.7497,Steady Regulars,Automate win-back
C12735,99.3034,36.89,1,156,0.8016,Deal Hunters,Automate win-back
C08427,99.289,34.98,1,146,0.7764,New & Promising,Automate win-back
C06033,99.23,40.99,1,78,0.7285,New & Promising,Automate win-back
C17354,99.2095,1029.96,1,153,0.7989,Steady Regulars,Automate win-back
C01943,99.1917,236.98,6,234,0.7464,Steady Regulars,Automate win-back
C09678,99.0824,37.98,1,113,0.794,New & Promising,Automate win-back
C02272,98.9927,0.0,1,118,0.7485,New & Promising,Automate win-back
C03077,98.982,69.98,1,55,0.6679,New & Promising,Automate win-back
C15764,98.9605,25.99,1,44,0.7023,New & Promising,Automate win-back
C10369,98.9382,449.51,3,214,0.7396,Deal Hunters,Automate win-back
C14170,98.9367,17.99,4,112,0.6249,Steady Regulars,Automate win-back
C03363,98.8876,76.48,8,145,0.6867,Champions,Automate win-back
C13296,98.883,62.99,5,227,0.7262,Steady Regulars,Automate win-back
C07770,98.7548,1934.66,42,182,0.9095,Champions,Automate win-back
C13447,98.723,156.16,2,180,0.689,Steady Regulars,Automate win-back
C05446,98.7061,112.96,3,183,0.7301,Steady Regulars,Automate win-back
C17515,98.6822,453.52,7,226,0.7863,Steady Regulars,Automate win-back
C05314,98.6438,291.99,1,106,0.8298,Steady Regulars,Automate win-back
C15758,98.5269,0.0,1,121,0.6904,New & Promising,Automate win-back
C12872,98.5229,461.95,2,188,0.7575,Steady Regulars,Automate win-back
C09593,98.5217,134.98,4,196,0.6766,Steady Regulars,Automate win-back
C04201,98.3667,60.97,8,201,0.6575,Champions,Automate win-back
C17674,98.3194,815.98,1,176,0.8315,Steady Regulars,Automate win-back
C00663,98.2659,537.85,5,245,0.7339,Steady Regulars,Automate win-back
C16265,98.22,191.97,1,155,0.896,Steady Regulars,Automate win-back
C04157,98.0994,197.92,10,309,0.8944,Champions,Automate win-back
C00149,97.9942,63.99,1,70,0.8773,New & Promising,Automate win-back
C13538,97.8606,168.95,5,238,0.8025,Steady Regulars,Automate win-back
C15241,97.8462,29.97,1,57,0.7739,New & Promising,Automate win-back
C01799,97.7587,749.93,3,230,0.741,Steady Regulars,Automate win-back
C17540,97.7391,59.22,3,182,0.7072,New & Promising,Automate win-back
C02287,97.6379,159.98,7,273,0.8176,Steady Regulars,Automate win-back
C16651,97.6067,108.99,1,96,0.7489,New & Promising,Automate win-back
C06091,97.6014,102.39,1,185,0.8318,Deal Hunters,Automate win-back
C09355,97.592,71.99,1,84,0.7515,New & Promising,Automate win-back
C07958,97.5819,524.95,1,158,0.8287,Steady Regulars,Automate win-back
C14014,97.5328,774.95,1,156,0.778,Steady Regulars,Automate win-back
C12708,97.5152,31.99,1,54,0.6983,New & Promising,Automate win-back
C16153,97.5032,166.93,3,106,0.6506,Steady Regulars,Automate win-back
C00018,97.4697,51.99,1,91,0.7171,New & Promising,Automate win-back
C04160,97.4115,63.99,4,171,0.6991,Steady Regulars,Automate win-back
C17984,97.3984,65.98,1,174,0.7086,New & Promising,Automate win-back
C09766,97.3516,138.97,1,147,0.7589,New & Promising,Automate win-back
C07463,97.3237,49.98,1,64,0.7982,New & Promising,Automate win-back
C10517,97.2282,69.95,1,89,0.7668,New & Promising,Automate win-back
C02453,97.2128,160.95,3,122,0.6388,Steady Regulars,Automate win-back
C13136,97.1347,22.99,1,54,0.7336,New & Promising,Automate win-back
C13365,97.0663,43.98,1,125,0.7642,New & Promising,Automate win-back
C03969,97.0105,343.5,7,183,0.5947,Steady Regulars,Automate win-back
C09935,96.9921,224.35,3,229,0.836,Steady Regulars,Automate win-back
C07936,96.9694,517.94,1,223,0.8368,Steady Regulars,Automate win-back
C09258,96.9392,592.11,12,192,0.7987,Champions,Automate win-back
C11156,96.8962,49.99,5,101,0.5734,Steady Regulars,Automate win-back
C17138,96.7881,352.98,1,158,0.7755,Steady Regulars,Automate win-back
C09297,96.7716,44.18,1,146,0.7907,Deal Hunters,Automate win-back
C13298,96.7708,680.9,1,146,0.7279,Steady Regulars,Automate win-back
C05259,96.7124,811.96,1,154,0.7885,Steady Regulars,Automate win-back
C11797,96.6669,572.5,13,236,0.802,Champions,Automate win-back
C07746,96.6064,56.97,2,119,0.6724,Steady Regulars,Automate win-back
C14112,96.5989,289.51,3,169,0.7147,Steady Regulars,Automate win-back
C14066,96.5481,35.99,1,111,0.8112,New & Promising,Automate win-back
C10257,96.5077,467.94,2,165,0.6622,Steady Regulars,Automate win-back
C17107,96.4909,220.99,1,92,0.749,Steady Regulars,Automate win-back
C03436,96.362,227.94,6,290,0.8267,Steady Regulars,Automate win-back
C06798,96.3076,627.98,1,179,0.7749,Steady Regulars,Automate win-back
C13322,96.2557,238.96,1,173,0.7761,Steady Regulars,Automate win-back
C05741,96.2252,522.76,1,180,0.8038,Steady Regulars,Automate win-back
C09442,96.2009,359.65,3,139,0.6533,Steady Regulars,Automate win-back
C03310,96.0857,26.99,1,53,0.7378,New & Promising,Automate win-back
C07892,95.8299,427.98,1,155,0.7663,Steady Regulars,Automate win-back
C01862,95.8274,305.97,8,224,0.7308,Steady Regulars,Automate win-back
C05967,95.7251,193.96,10,244,0.72,Champions,Automate win-back
C11125,95.7004,393.42,4,196,0.7581,Steady Regulars,Automate win-back
C15654,95.6708,26.99,1,52,0.735,New & Promising,Automate win-back
C14296,95.6028,182.69,1,173,0.884,Deal Hunters,Automate win-back
C08901,95.5654,263.97,4,159,0.6362,Steady Regulars,Automate win-back
C01673,95.5534,0.0,4,146,0.5784,Deal Hunters,Automate win-back
C09856,95.4968,127.98,1,148,0.7357,New & Promising,Automate win-back
C08404,95.4708,723.97,1,129,0.8106,Steady Regulars,Automate win-back
C02380,95.4317,281.68,15,259,0.8353,Champions,Automate win-back
C15991,95.4286,198.89,1,145,0.9194,Deal Hunters,Automate win-back
C00412,95.3867,81.99,3,197,0.6618,Steady Regulars,Automate win-back
C03467,95.3855,93.96,3,166,0.7031,Steady Regulars,Automate win-back
C06616,95.353,209.07,1,167,0.8351,Deal Hunters,Automate win-back
C07072,95.3503,63.99,2,157,0.7011,Steady Regulars,Automate win-back
C09071,95.3466,105.98,2,150,0.6059,New & Promising,Automate win-back
C16721,95.3119,70.54,1,143,0.8287,Deal Hunters,Automate win-back
C14105,95.2586,123.17,1,65,0.7635,Deal Hunters,Automate win-back
C02008,95.2443,638.72,12,245,0.8581,Champions,Automate win-back
C07663,95.2215,150.98,1,124,0.8346,New & Promising,Automate win-back
C06754,95.2132,1512.81,7,175,0.6584,Steady Regulars,Automate win-back
C09361,95.1494,75.17,1,144,0.8218,Deal Hunters,Automate win-back
C01333,95.093,64.79,1,70,0.8416,Deal Hunters,Automate win-back
C04947,95.059,0.0,1,154,0.7184,New & Promising,Automate win-back
C12590,95.0454,58.98,1,107,0.8258,New & Promising,Automate win-back
C08979,95.0057,29.99,2,224,0.7825,Deal Hunters,Automate win-back
C02641,94.9885,959.88,1,179,0.7456,Steady Regulars,Automate win-back
C01324,94.9872,454.57,1,216,0.8421,Steady Regulars,Automate win-back
C01437,94.9608,71.98,1,150,0.7442,New & Promising,Automate win-back
C10231,94.8983,41.99,1,63,0.838,New & Promising,Automate win-back
C04839,94.8832,147.99,1,147,0.7012,New & Promising,Automate win-back
C11898,94.8051,61.18,1,126,0.7785,Deal Hunters,Automate win-back
C03097,94.8048,98.06,1,133,0.8455,Steady Regulars,Automate win-back
C17067,94.794,13.99,1,147,0.7504,New & Promising,Automate win-back
C08506,94.7408,359.56,6,185,0.6574,Steady Regulars,Automate win-back
C02069,94.7346,236.97,1,141,0.7057,Steady Regulars,Automate win-back
C05009,94.7209,202.99,1,200,0.8511,Steady Regulars,Automate win-back
C05900,94.6708,0.0,1,84,0.7714,New & Promising,Automate win-back
C05403,94.668,427.84,1,140,0.7666,Deal Hunters,Automate win-back
C02787,94.6362,133.44,1,138,0.8366,Deal Hunters,Automate win-back
C04722,94.6054,69.99,1,93,0.8089,New & Promising,Automate win-back
C08767,94.4661,58.39,1,180,0.8108,Deal Hunters,Automate win-back
C03838,94.446,1070.74,30,236,0.9777,Champions,Automate win-back
C13204,94.3742,233.98,1,148,0.7765,Steady Regulars,Automate win-back
C06884,94.3518,474.2,1,168,0.7975,Deal Hunters,Automate win-back
C12902,94.2545,81.18,1,37,0.8078,Deal Hunters,Automate win-back
C02405,94.2218,271.25,3,221,0.8437,Steady Regulars,Automate win-back
C11259,94.2078,88.99,1,111,0.7291,New & Promising,Automate win-back
C11400,94.0206,248.96,7,310,0.8193,Steady Regulars,Automate win-back
C08410,93.9931,48.98,10,238,0.7682,Steady Regulars,Automate win-back
C06435,93.9871,69.98,1,70,0.7786,New & Promising,Automate win-back
C17483,93.9792,151.99,1,75,0.7462,New & Promising,Automate win-back
C05939,93.9711,444.96,1,206,0.8611,Steady Regulars,Automate win-back
C11464,93.8405,124.98,1,193,0.8565,Deal Hunters,Automate win-back
C04985,93.7963,618.92,6,217,0.7838,Steady Regulars,Automate win-back
C10376,93.7743,587.11,5,229,0.7966,Steady Regulars,Automate win-back
C02500,93.7547,19.99,2,117,0.5919,New & Promising,Automate win-back
C11543,93.736,151.98,2,127,0.6651,New & Promising,Automate win-back
C17555,93.6803,439.95,6,206,0.6673,Steady Regulars,Automate win-back
C17874,93.6784,59.47,3,146,0.6628,Steady Regulars,Automate win-back
C04260,93.5599,767.95,14,285,0.8832,Champions,Automate win-back
C10736,93.5142,145.98,1,143,0.8445,New & Promising,Automate win-back
C16422,93.4715,164.99,1,70,0.816,New & Promising,Automate win-back
C06109,93.4122,43.45,3,224,0.8268,Steady Regulars,Automate win-back
C03903,93.2973,458.94,2,252,0.8115,Steady Regulars,Automate win-back
C04399,93.1991,221.99,1,93,0.799,Steady Regulars,Automate win-back
C06473,93.1815,115.94,1,160,0.8083,Steady Regulars,Automate win-back
C00759,93.1037,345.33,3,181,0.7088,Steady Regulars,Automate win-back
C10792,93.0936,77.98,1,148,0.7012,New & Promising,Automate win-back
C05624,93.0377,43.99,1,122,0.8048,New & Promising,Automate win-back
C15691,92.9564,146.76,3,362,0.8061,Steady Regulars,Automate win-back
C02513,92.9197,339.95,2,251,0.8243,Steady Regulars,Automate win-back
C07642,92.8913,81.56,1,170,0.7343,Deal Hunters,Automate win-back
C07993,92.8754,177.94,4,227,0.8055,Steady Regulars,Automate win-back
C15794,92.8685,324.37,1,181,0.7033,Steady Regulars,Automate win-back
C17478,92.7159,793.87,18,269,0.926,Champions,Automate win-back
C15815,92.691,155.98,3,140,0.6658,New & Promising,Automate win-back
C07859,92.6594,20.99,1,65,0.759,New & Promising,Automate win-back
C16311,92.6184,110.97,1,163,0.7932,New & Promising,Automate win-back
C00544,92.4921,462.18,3,237,0.8225,Steady Regulars,Automate win-back
C06482,92.4917,311.08,1,169,0.7839,Deal Hunters,Automate win-back
C16084,92.4453,35.48,5,219,0.7859,Steady Regulars,Automate win-back
C00102,92.422,58.39,1,182,0.8242,Deal Hunters,Automate win-back
C16064,92.2687,0.0,1,61,0.739,New & Promising,Automate win-back
C01665,92.2533,0.0,1,60,0.7949,New & Promising,Automate win-back
C11269,92.2492,291.99,2,128,0.745,Steady Regulars,Automate win-back
C11067,92.238,153.97,6,209,0.7385,Steady Regulars,Automate win-back
C04115,92.187,74.97,1,68,0.784,New & Promising,Automate win-back
C12789,92.1858,484.94,6,220,0.7159,Steady Regulars,Automate win-back
C12925,92.1593,384.93,1,218,0.8078,Steady Regulars,Automate win-back
C07588,92.1301,76.97,1,155,0.716,New & Promising,Automate win-back
C13699,91.9387,20.99,1,63,0.7911,New & Promising,Automate win-back
C13376,91.737,29.74,1,136,0.7764,Deal Hunters,Automate win-back
C09019,91.669,38.39,1,192,0.7982,Deal Hunters,Automate win-back
C17459,91.642,284.95,3,259,0.8599,Steady Regulars,Automate win-back
C10047,91.6373,2476.48,62,153,0.8692,Champions,Automate win-back
C00403,91.6031,63.99,1,175,0.8107,Deal Hunters,Automate win-back
C03755,91.5891,163.98,1,149,0.8477,Steady Regulars,Automate win-back
C01900,91.55,342.87,3,293,0.8311,Steady Regulars,Automate win-back
C11438,91.5384,271.99,1,138,0.817,Deal Hunters,Automate win-back
C00604,91.5097,177.96,1,152,0.9108,Steady Regulars,Automate win-back
C00630,91.5096,638.94,6,201,0.6486,Steady Regulars,Automate win-back
C02554,91.484,151.99,1,120,0.828,New & Promising,Automate win-back
C00058,91.4724,644.72,14,240,0.8476,Steady Regulars,Automate win-back
C15040,91.465,16.18,1,68,0.7916,Deal Hunters,Automate win-back
C00006,91.4557,63.97,3,147,0.6223,New & Promising,Automate win-back
C10095,91.4246,322.95,5,217,0.7587,Steady Regulars,Automate win-back
C01047,91.3175,95.97,1,148,0.8008,New & Promising,Automate win-back
C06927,91.3077,110.27,1,241,0.9007,Steady Regulars,Automate win-back
C16342,91.2952,241.97,1,139,0.8138,Steady Regulars,Automate win-back
C12764,91.2555,386.92,3,210,0.7809,Steady Regulars,Automate win-back
C13818,91.217,185.29,5,170,0.5992,Deal Hunters,Automate win-back
C10346,91.2114,172.76,1,184,0.8192,Deal Hunters,Automate win-back
C09313,91.1858,31.96,18,291,0.968,Champions,Automate win-back
C12654,90.9686,53.98,1,58,0.7759,New & Promising,Automate win-back
C02812,90.9276,223.77,1,197,0.8352,Deal Hunters,Automate win-back
C01219,90.8746,639.9,13,248,0.7984,Champions,Automate win-back
C11379,90.8396,256.97,9,278,0.8239,Champions,Automate win-back
C04833,90.7841,164.99,1,80,0.7587,New & Promising,Automate win-back
C16009,90.7255,57.98,1,67,0.8169,New & Promising,Automate win-back
C03495,90.7182,57.98,2,147,0.6106,New & Promising,Automate win-back
C08812,90.7158,212.76,1,193,0.8535,Deal Hunters,Automate win-back
C00057,90.65,421.96,3,359,0.809,Steady Regulars,Automate win-back
C13169,90.6367,47.59,2,137,0.7167,Steady Regulars,Automate win-back
C01241,90.5751,335.97,1,199,0.7832,Steady Regulars,Automate win-back
C05740,90.5624,69.99,1,93,0.8046,New & Promising,Automate win-back
C17885,90.4755,124.97,2,104,0.5315,New & Promising,Automate win-back
C13397,90.4126,47.59,1,129,0.8148,Deal Hunters,Automate win-back
C08114,90.3876,591.83,3,209,0.759,Steady Regulars,Automate win-back
C00914,90.2035,151.99,1,151,0.8578,New & Promising,Automate win-back
C05530,90.1423,70.99,1,126,0.8291,New & Promising,Automate win-back
C08858,90.1415,47.59,4,169,0.6353,Steady Regulars,Automate win-back
C15656,90.1151,44.97,1,102,0.8312,New & Promising,Automate win-back
C09893,90.018,108.99,1,124,0.7797,New & Promising,Automate win-back
C04405,90.0142,93.99,1,84,0.7079,New & Promising,Automate win-back
C10581,89.948,78.99,1,120,0.7403,New & Promising,Automate win-back
C08047,89.8634,485.91,14,278,0.8539,Champions,Automate win-back
C09018,89.8145,650.95,13,305,0.9801,Champions,Automate win-back
C10273,89.7919,87.98,2,134,0.7317,Steady Regulars,Automate win-back
C01586,89.7333,174.96,8,197,0.6629,Champions,Automate win-back
C10295,89.6902,53.98,2,136,0.7049,Steady Regulars,Automate win-back
C01390,89.665,47.99,1,140,0.7008,New & Promising,Automate win-back
C10483,89.569,463.97,5,191,0.6613,Steady Regulars,Automate win-back
C17352,89.5374,51.98,1,124,0.7464,New & Promising,Automate win-back
C04213,89.4254,122.23,9,280,0.8465,Steady Regulars,Automate win-back
C09193,89.4218,178.99,1,173,0.848,Steady Regulars,Automate win-back
C17821,89.4101,73.16,1,188,0.8458,New & Promising,Automate win-back
C04380,89.3925,597.97,4,364,0.8346,Steady Regulars,Automate win-back
C12276,89.3575,495.94,2,200,0.7679,Steady Regulars,Automate win-back
C16789,89.3563,17.99,1,150,0.803,New & Promising,Automate win-back
C09682,89.3337,522.92,6,215,0.7587,Steady Regulars,Automate win-back
C00795,89.3152,16.99,1,69,0.8046,New & Promising,Automate win-back
C04420,89.3112,102.97,1,86,0.6717,New & Promising,Automate win-back
C05207,89.2733,63.98,13,285,0.8691,Champions,Automate win-back
C12091,89.2675,145.95,1,152,0.8481,Steady Regulars,Automate win-back
C03595,89.2383,249.95,4,202,0.7502,Steady Regulars,Automate win-back
C07719,89.1768,331.95,5,234,0.7781,Steady Regulars,Automate win-back
C01202,89.1107,573.94,7,292,0.8555,Steady Regulars,Automate win-back
C16571,89.0953,49.97,1,120,0.7712,New & Promising,Automate win-back
C15479,89.0888,232.98,1,173,0.8147,Steady Regulars,Automate win-back
C13925,89.0432,25.99,1,66,0.7752,New & Promising,Automate win-back
C11353,89.0393,243.01,5,167,0.6676,Steady Regulars,Automate win-back
C03031,88.9978,28.99,1,67,0.7521,New & Promising,Automate win-back
C15308,88.9893,213.93,2,150,0.7076,Steady Regulars,Automate win-back
C05273,88.9667,48.59,18,259,0.9175,Champions,Automate win-back
C10374,88.9333,283.77,2,196,0.7403,Steady Regulars,Automate win-back
C12227,88.9196,17.99,1,100,0.8252,New & Promising,Automate win-back
C08530,88.9041,207.97,2,124,0.7202,Steady Regulars,Automate win-back
C09186,88.8276,28.89,1,136,0.8007,Deal Hunters,Automate win-back
C17846,88.7351,55.97,1,143,0.7683,New & Promising,Automate win-back
C03795,88.7075,147.89,1,129,0.8499,Deal Hunters,Automate win-back
C02245,88.5635,75.98,3,173,0.7525,Steady Regulars,Automate win-back
C14929,88.5573,446.98,1,217,0.8325,Steady Regulars,Automate win-back
C05386,88.4938,150.96,1,172,0.8729,Steady Regulars,Automate win-back
C07695,88.4809,123.22,1,133,0.8058,Deal Hunters,Automate win-back
C11504,88.3518,281.96,1,182,0.7403,Steady Regulars,Automate win-back
C12461,88.203,424.89,9,291,0.8151,Steady Regulars,Automate win-back
C06857,88.1893,0.0,1,127,0.7613,New & Promising,Automate win-back
C12535,88.1789,12.99,1,118,0.8384,New & Promising,Automate win-back
C08977,88.0272,669.93,3,204,0.7684,Steady Regulars,Automate win-back
C13484,87.8386,112.99,1,89,0.6825,New & Promising,Automate win-back
C17360,87.8348,108.97,1,164,0.7552,New & Promising,Automate win-back
C06979,87.8057,113.98,1,87,0.6779,New & Promising,Automate win-back
C04027,87.7819,261.91,4,267,0.843,Steady Regulars,Automate win-back
C15294,87.7805,200.14,11,204,0.7289,Champions,Automate win-back
C01031,87.7673,437.96,1,195,0.824,Steady Regulars,Automate win-back
C00106,87.7572,40.99,1,114,0.8342,New & Promising,Automate win-back
C02635,87.7151,47.99,1,80,0.7701,New & Promising,Automate win-back
C12746,87.6565,97.98,2,217,0.8936,New & Promising,Automate win-back
C13820,87.5409,35.98,1,134,0.878,New & Promising,Automate win-back
C08206,87.5387,380.38,1,198,0.8236,Steady Regulars,Automate win-back
C03705,87.5233,341.93,17,268,0.8847,Champions,Automate win-back
C16261,87.452,154.98,4,178,0.6959,Steady Regulars,Automate win-back
C04435,87.4447,314.96,1,226,0.7699,Steady Regulars,Automate win-back
C05984,87.4086,305.97,1,177,0.8007,Steady Regulars,Automate win-back
C12006,87.3559,930.01,11,209,0.794,Steady Regulars,Automate win-back
C15186,87.3398,35.69,1,167,0.8167,Deal Hunters,Automate win-back
C06571,87.3046,47.58,1,136,0.7902,Deal Hunters,Automate win-back
C11967,87.2214,77.96,1,81,0.6871,New & Promising,Automate win-back
C08558,87.1677,440.94,25,241,0.9548,Champions,Automate win-back
C03241,87.1357,0.0,1,100,0.774,New & Promising,Automate win-back
C13240,87.1288,61.98,1,124,0.8473,New & Promising,Automate win-back
C00950,87.1016,129.64,8,241,0.8212,Steady Regulars,Automate win-back
C06456,87.0913,107.98,1,103,0.7842,New & Promising,Automate win-back
C12473,86.987,240.95,14,303,0.9421,Champions,Automate win-back
C15939,86.9695,362.94,4,235,0.752,Steady Regulars,Automate win-back
C14354,86.9168,236.97,1,174,0.7729,Steady Regulars,Automate win-back
C11518,86.8807,118.99,8,221,0.7096,Steady Regulars,Automate win-back
C16362,86.8775,3872.27,45,143,0.8624,Champions,Automate win-back
C05252,86.8656,23.99,1,57,0.8069,New & Promising,Automate win-back
C02671,86.6869,214.96,5,225,0.853,Steady Regulars,Automate win-back
C16272,86.6564,145.98,3,132,0.6293,Steady Regulars,Automate win-back
C09389,86.6194,107.97,6,259,0.8295,Steady Regulars,Automate win-back
C12560,86.6085,119.67,2,237,0.7633,Steady Regulars,Automate win-back
C14594,86.3691,69.98,1,142,0.7906,New & Promising,Automate win-back
C16903,86.3418,467.88,16,267,0.9758,Champions,Automate win-back
C14071,86.276,0.0,1,107,0.7168,New & Promising,Automate win-back
C09264,86.203,118.98,1,168,0.7726,Deal Hunters,Automate win-back
C09610,86.1628,576.94,2,152,0.6989,Steady Regulars,Automate win-back
C17338,86.1345,137.97,3,347,0.8292,Steady Regulars,Automate win-back
C01287,86.078,138.36,7,194,0.7232,Steady Regulars,Automate win-back
C06226,86.0278,43.99,3,178,0.639,Steady Regulars,Automate win-back
C15077,85.995,51.99,1,79,0.7543,New & Promising,Automate win-back
C06862,85.9907,348.13,4,297,0.8584,Steady Regulars,Automate win-back
C06731,85.9178,56.98,2,175,0.617,New & Promising,Automate win-back
C11551,85.9104,138.93,4,202,0.7863,Steady Regulars,Automate win-back
C12187,85.9033,45.99,1,132,0.796,New & Promising,Automate win-back
C14511,85.8243,96.96,2,154,0.775,Steady Regulars,Automate win-back
C14328,85.8023,319.94,1,207,0.7818,Steady Regulars,Automate win-back
C16959,85.7697,346.79,4,145,0.5987,Steady Regulars,Automate win-back
C14743,85.7269,80.97,1,96,0.7629,New & Promising,Automate win-back
C09120,85.7129,0.0,1,67,0.8078,New & Promising,Automate win-back
C06827,85.6444,198.94,4,256,0.8027,Steady Regulars,Automate win-back
C01055,85.2946,8.99,16,232,0.7794,Champions,Automate win-back
C03834,85.2917,689.05,17,262,0.8959,Champions,Automate win-back
C04370,85.1796,511.89,3,184,0.7467,Steady Regulars,Automate win-back
C05543,85.1409,254.97,5,302,0.8511,Steady Regulars,Automate win-back
C09669,84.9536,217.99,1,151,0.8585,Steady Regulars,Automate win-back
C13580,84.8552,115.99,1,116,0.733,New & Promising,Automate win-back
C15418,84.8536,300.96,8,292,0.9247,Steady Regulars,Automate win-back
C17767,84.8315,74.57,4,141,0.6735,Steady Regulars,Automate win-back
C01306,84.7899,106.96,5,304,0.8012,Steady Regulars,Automate win-back
C00986,84.7602,53.98,1,99,0.8046,New & Promising,Automate win-back
C13589,84.7355,195.93,1,209,0.8295,Steady Regulars,Automate win-back
C04854,84.6573,40.99,5,232,0.7758,Steady Regulars,Automate win-back
C11484,84.5952,96.04,1,137,0.7931,Deal Hunters,Automate win-back
C05514,84.5734,379.96,1,213,0.8492,Steady Regulars,Automate win-back
C14371,84.4146,35.98,1,130,0.7888,New & Promising,Automate win-back
C01117,84.3418,108.99,1,104,0.8022,New & Promising,Automate win-back
C06802,84.2606,186.45,9,277,0.8736,Steady Regulars,Automate win-back
C11574,84.105,354.67,4,226,0.7288,Steady Regulars,Automate win-back
C00933,84.0778,624.92,7,251,0.8049,Steady Regulars,Automate win-back
C03876,84.0702,62.99,1,156,0.7546,New & Promising,Automate win-back
C14133,84.0297,147.97,32,218,0.9576,Champions,Automate win-back
C05301,83.9729,51.99,1,120,0.7624,New & Promising,Automate win-back
C04450,83.9408,30.99,1,108,0.8418,New & Promising,Automate win-back
C11491,83.8144,13.99,1,78,0.7536,New & Promising,Automate win-back
C16150,83.811,178.56,3,125,0.7204,Steady Regulars,Automate win-back
C06087,83.6984,52.99,4,216,0.7463,Steady Regulars,Automate win-back
C04667,83.6105,146.78,4,355,0.9144,Steady Regulars,Automate win-back
C11645,83.6006,453.73,3,197,0.7839,Steady Regulars,Automate win-back
C11163,83.5293,34.98,1,107,0.806,New & Promising,Automate win-back
C02117,83.5173,87.27,1,237,0.8384,Steady Regulars,Automate win-back
C14489,83.4764,1531.89,6,262,0.8744,Steady Regulars,Automate win-back
C00613,83.4404,35.99,1,166,0.8547,New & Promising,Automate win-back
C12154,83.3944,88.38,1,170,0.8173,Deal Hunters,Automate win-back
C13126,83.3203,228.76,1,191,0.8291,Deal Hunters,Automate win-back
C14720,83.315,144.97,10,298,0.8699,Champions,Automate win-back
C12173,83.2331,232.98,3,228,0.7926,Steady Regulars,Automate win-back
C17857,83.1962,193.75,1,199,0.8616,Steady Regulars,Automate win-back
C11038,83.1601,72.98,3,157,0.6741,New & Promising,Automate win-back
C17981,83.1452,439.95,5,332,0.8948,Steady Regulars,Automate win-back
C13671,83.1049,457.85,4,180,0.655,Steady Regulars,Automate win-back
C01785,83.0698,0.0,1,131,0.764,Deal Hunters,Automate win-back
C05187,83.0242,19.79,8,288,0.8459,Steady Regulars,Automate win-back
C17108,83.0139,47.98,1,165,0.7346,New & Promising,Automate win-back
C02153,82.9853,130.95,9,224,0.7933,Steady Regulars,Automate win-back
C17671,82.9058,81.99,2,132,0.7516,Deal Hunters,Automate win-back
C02835,82.9037,70.99,1,120,0.7314,New & Promising,Automate win-back
C16554,82.8676,51.99,1,112,0.8217,New & Promising,Automate win-back
C09681,82.7926,70.99,2,138,0.6506,New & Promising,Automate win-back
C08236,82.7672,70.99,1,111,0.7159,New & Promising,Automate win-back
C04608,82.7503,20.99,1,118,0.8188,New & Promising,Automate win-back
C09595,82.7185,30.99,1,133,0.7546,New & Promising,Automate win-back
C10008,82.6891,100.96,1,184,0.7686,New & Promising,Automate win-back
C14934,82.6734,63.99,1,101,0.7488,New & Promising,Automate win-back
C17679,82.6574,535.4,6,199,0.6791,Steady Regulars,Automate win-back
C03624,82.6569,865.69,39,192,0.9538,Champions,Automate win-back
C05620,82.6325,203.96,3,157,0.76,Steady Regulars,Automate win-back
C05707,82.6021,17.99,2,129,0.5635,New & Promising,Automate win-back
C04934,82.5657,379.51,8,287,0.8057,Steady Regulars,Automate win-back
C13742,82.493,29.99,2,88,0.6337,New & Promising,Automate win-back
C12244,82.4883,47.99,4,143,0.6907,Steady Regulars,Automate win-back
C09654,82.4667,87.98,20,201,0.8143,Champions,Automate win-back
C11683,82.4474,116.97,1,181,0.7551,New & Promising,Automate win-back
C00601,82.4468,81.97,1,177,0.7354,New & Promising,Automate win-back
C16076,82.2366,53.97,1,164,0.8119,New & Promising,Automate win-back
C11197,82.235,108.99,1,75,0.7036,New & Promising,Automate win-back
C06426,82.1832,55.99,1,149,0.748,New & Promising,Automate win-back
C16784,82.129,68.98,2,197,0.783,New & Promising,Automate win-back
C09474,82.1052,175.96,1,192,0.8227,Steady Regulars,Automate win-back
C02661,82.0328,126.97,1,176,0.7602,New & Promising,Automate win-back
C01734,82.0325,30.99,1,171,0.8449,New & Promising,Automate win-back
C15178,81.952,1074.87,16,204,0.9463,Champions,Automate win-back
C01743,81.9376,114.98,8,298,0.8384,Steady Regulars,Automate win-back
C04454,81.8948,194.97,6,217,0.7316,Steady Regulars,Automate win-back
C09585,81.843,42.49,2,169,0.7172,Steady Regulars,Automate win-back
C00244,81.818,43.99,1,178,0.7621,New & Promising,Automate win-back
C04821,81.7596,17.98,1,133,0.7177,Deal Hunters,Automate win-back
C11429,81.7135,302.21,18,292,0.9028,Champions,Automate win-back
C03368,81.6794,183.97,2,147,0.6842,Steady Regulars,Automate win-back
C01806,81.6264,52.98,3,214,0.7209,Steady Regulars,Automate win-back
C14343,81.6166,103.18,4,244,0.8365,Steady Regulars,Automate win-back
C02004,81.6129,107.98,1,74,0.7111,New & Promising,Automate win-back
C12179,81.5511,41.99,7,270,0.8806,Steady Regulars,Automate win-back
C13888,81.3806,70.54,3,129,0.7316,Steady Regulars,Automate win-back
C15421,81.3627,394.71,1,238,0.8477,Deal Hunters,Automate win-back
C06956,81.3154,30.56,3,167,0.7521,Steady Regulars,Automate win-back
C06006,81.2862,170.96,1,207,0.8219,Steady Regulars,Automate win-back
C17099,81.2811,696.91,5,261,0.7758,Steady Regulars,Automate win-back
C09746,81.2733,188.97,1,194,0.8206,Steady Regulars,Automate win-back
C01088,81.2677,114.96,1,184,0.7795,Steady Regulars,Automate win-back
C02844,81.1629,373.71,10,284,0.8586,Steady Regulars,Automate win-back
C03296,81.111,87.99,1,132,0.8277,New & Promising,Automate win-back
C17017,81.0779,114.18,1,194,0.8322,Steady Regulars,Automate win-back
C00115,81.065,63.99,1,128,0.8452,New & Promising,Automate win-back
C12044,81.0523,165.96,1,177,0.8723,Steady Regulars,Automate win-back
C05857,81.0416,241.82,11,244,0.7356,Champions,Automate win-back
C04187,80.913,91.98,1,219,0.9133,New & Promising,Automate win-back
C12240,80.8971,0.0,1,122,0.7536,New & Promising,Automate win-back
C06132,80.8574,254.94,2,224,0.8244,Steady Regulars,Automate win-back
C13503,80.8542,138.97,9,252,0.7802,Steady Regulars,Automate win-back
C10316,80.8473,583.96,3,225,0.7982,Steady Regulars,Automate win-back
C02325,80.8184,231.98,1,186,0.8422,Steady Regulars,Automate win-back
C10784,80.7765,87.99,1,91,0.8052,New & Promising,Automate win-back
C04448,80.7683,51.99,1,134,0.8371,New & Promising,Automate win-back
C10167,80.6821,26.99,1,71,0.7345,New & Promising,Automate win-back
C17526,80.6742,335.94,1,223,0.7684,Steady Regulars,Automate win-back
C15840,80.6278,648.61,9,267,0.8914,Steady Regulars,Automate win-back
C09486,80.5733,87.97,1,214,0.9234,New & Promising,Automate win-back
C17703,80.5212,132.97,6,327,0.8088,Steady Regulars,Automate win-back
C06592,80.5019,80.98,11,300,0.8925,Steady Regulars,Automate win-back
C16859,80.4977,332.93,18,276,0.925,Champions,Automate win-back
C14060,80.3828,93.98,6,279,0.8545,Steady Regulars,Automate win-back
C16790,80.3618,75.98,1,202,0.9057,New & Promising,Automate win-back
C03476,80.356,401.37,18,280,0.9322,Champions,Automate win-back
C09632,80.3455,43.98,2,142,0.6848,New & Promising,Automate win-back
C03733,80.2733,30.58,7,243,0.7725,Steady Regulars,Automate win-back
C16006,80.2068,967.88,21,257,0.91,Champions,Automate win-back
C02983,80.1604,71.98,5,214,0.7938,Steady Regulars,Automate win-back
C08194,80.1237,391.98,5,229,0.7811,Steady Regulars,Automate win-back
C05569,80.1223,73.59,1,192,0.8316,Deal Hunters,Automate win-back
C06525,80.0408,601.38,14,256,0.8744,Champions,Automate win-back
C11430,79.9938,333.96,1,239,0.8869,Steady Regulars,Automate win-back
C09851,79.9904,0.0,1,115,0.7549,New & Promising,Automate win-back
C00924,79.9544,497.93,7,228,0.6338,Steady Regulars,Automate win-back
C04496,79.9209,191.77,4,194,0.7822,Steady Regulars,Automate win-back
C17304,79.8873,37.98,1,135,0.8428,New & Promising,Automate win-back
C07145,79.8699,113.94,4,286,0.8485,Steady Regulars,Automate win-back
C05855,79.7457,471.57,1,196,0.8084,Steady Regulars,Automate win-back
C06663,79.71,89.98,1,211,0.8633,New & Promising,Automate win-back
C01751,79.6501,34.99,1,121,0.813,New & Promising,Automate win-back
C07436,79.6326,363.95,9,252,0.8055,Champions,Automate win-back
C05305,79.6266,96.04,1,139,0.8444,Deal Hunters,Automate win-back
C08322,79.5963,595.89,11,293,0.8056,Champions,Automate win-back
C01276,79.5956,47.59,1,140,0.8586,Deal Hunters,Automate win-back
C17890,79.5454,0.0,1,144,0.8029,New & Promising,Automate win-back
C00017,79.5212,26.99,1,79,0.6756,New & Promising,Automate win-back
C13181,79.4869,231.97,1,209,0.9091,Steady Regulars,Automate win-back
C03229,79.4451,1087.84,5,250,0.7901,Steady Regulars,Automate win-back
C02631,79.4215,672.6,6,282,0.7767,Steady Regulars,Automate win-back
C04340,79.255,264.97,1,196,0.802,Steady Regulars,Automate win-back
C17239,79.1728,272.96,4,200,0.7713,Steady Regulars,Automate win-back
C09805,79.1116,85.38,2,193,0.7518,Deal Hunters,Automate win-back
C12280,79.1087,545.91,7,294,0.8019,Steady Regulars,Automate win-back
C15268,79.0843,63.99,1,128,0.8685,New & Promising,Automate win-back
C08082,78.9726,234.98,3,240,0.8381,Steady Regulars,Automate win-back
C05480,78.8675,303.96,4,363,0.8652,Steady Regulars,Automate win-back
C04582,78.8662,130.96,3,181,0.7571,Steady Regulars,Automate win-back
C08876,78.8559,288.99,1,241,0.8191,Steady Regulars,Automate win-back
C03948,78.8362,108.78,1,141,0.886,Deal Hunters,Automate win-back
C02728,78.8149,643.98,1,207,0.8605,Steady Regulars,Automate win-back
C00909,78.7918,149.98,1,186,0.8235,Steady Regulars,Automate win-back
C16137,78.7605,25.99,1,172,0.8137,New & Promising,Automate win-back
C13380,78.508,115.99,1,124,0.8222,New & Promising,Automate win-back
C01624,78.2336,55.99,1,151,0.8256,New & Promising,Automate win-back
C01053,78.2214,118.94,8,214,0.7649,Steady Regulars,Automate win-back
C08051,78.202,288.99,1,176,0.8355,Steady Regulars,Automate win-back
C15427,78.1936,987.07,15,179,0.7032,Champions,Automate win-back
C00802,78.1336,120.98,1,149,0.7648,New & Promising,Automate win-back
C00934,78.0796,0.0,1,85,0.7715,New & Promising,Automate win-back
C13013,77.9499,261.16,8,281,0.8796,Steady Regulars,Automate win-back
C07522,77.9306,391.97,1,205,0.8724,Steady Regulars,Automate win-back
C14438,77.8767,93.99,1,154,0.7366,New & Promising,Automate win-back
C15905,77.7627,32.99,1,158,0.8088,New & Promising,Automate win-back
C11057,77.593,629.93,3,272,0.8051,Steady Regulars,Automate win-back
C11367,77.5491,0.0,1,109,0.7405,New & Promising,Automate win-back
C02379,77.5328,142.39,5,190,0.7081,Steady Regulars,Automate win-back
C05391,77.515,190.97,1,200,0.8699,Steady Regulars,Automate win-back
C02751,77.431,79.88,1,241,0.8855,Deal Hunters,Automate win-back
C10186,77.3262,1106.33,4,278,0.8301,Steady Regulars,Automate win-back
C03398,77.3238,65.97,1,148,0.8742,New & Promising,Automate win-back
C03753,77.2346,81.99,1,159,0.7961,New & Promising,Automate win-back
C16629,77.0967,93.99,1,143,0.7852,New & Promising,Automate win-back
C14674,77.0957,515.16,2,215,0.7856,Steady Regulars,Automate win-back
C07790,77.0813,42.63,5,167,0.6457,Steady Regulars,Automate win-back
C09241,76.9516,39.99,5,255,0.8287,Deal Hunters,Automate win-back
C06207,76.9164,32.98,1,162,0.8003,New & Promising,Automate win-back
C12817,76.8521,153.53,2,170,0.8083,Deal Hunters,Automate win-back
C10323,76.8086,130.98,7,278,0.8106,Steady Regulars,Automate win-back
C17055,76.7872,52.99,5,229,0.8261,Steady Regulars,Automate win-back
C15513,76.7539,59.98,1,147,0.83,New & Promising,Automate win-back
C03411,76.6468,63.97,1,138,0.7943,New & Promising,Automate win-back
C11008,76.5038,0.0,4,334,0.9163,Steady Regulars,Automate win-back
C09549,76.4664,18.99,1,130,0.8104,New & Promising,Automate win-back
C09257,76.4205,115.99,1,144,0.8461,New & Promising,Automate win-back
C04146,76.3602,173.96,2,116,0.7621,New & Promising,Automate win-back
C02910,76.2433,321.99,1,185,0.7292,Steady Regulars,Automate win-back
C17573,76.1502,93.98,1,152,0.7574,New & Promising,Automate win-back
C00581,76.1307,149.44,6,333,0.8223,Steady Regulars,Automate win-back
C13549,76.0625,35.83,1,243,0.8256,Deal Hunters,Automate win-back
C05797,76.0321,58.98,1,175,0.7338,New & Promising,Automate win-back
C14506,76.0207,18.99,1,107,0.841,New & Promising,Automate win-back
C05588,76.0182,208.75,3,185,0.6875,Steady Regulars,Automate win-back
C12357,76.0178,321.99,1,186,0.7695,Steady Regulars,Automate win-back
C16097,76.0123,0.0,1,124,0.7464,New & Promising,Automate win-back
C08232,76.0069,34.99,1,127,0.9021,New & Promising,Automate win-back
C10123,75.9368,17.99,1,154,0.7871,New & Promising,Automate win-back
C13062,75.9006,267.97,1,217,0.7989,Steady Regulars,Automate win-back
C10951,75.8678,687.89,10,247,0.8772,Champions,Automate win-back
C00657,75.8418,99.77,4,237,0.761,New & Promising,Automate win-back
C10752,75.8396,489.91,2,246,0.8529,Steady Regulars,Automate win-back
C17598,75.7473,103.97,1,155,0.8015,New & Promising,Automate win-back
C09110,75.7092,17.99,1,111,0.8483,New & Promising,Automate win-back
C14545,75.6883,273.95,5,304,0.8647,Steady Regulars,Automate win-back
C11966,75.5763,28.99,1,157,0.8128,New & Promising,Automate win-back
C06320,75.5238,50.39,1,128,0.8246,Deal Hunters,Automate win-back
C06392,75.4951,17.99,1,162,0.8199,New & Promising,Automate win-back
C08912,75.4509,108.99,1,110,0.8125,New & Promising,Automate win-back
C11941,75.4494,199.97,2,269,0.8491,Steady Regulars,Automate win-back
C11037,75.4365,53.98,1,155,0.7652,New & Promising,Automate win-back
C08882,75.4333,0.0,1,116,0.7537,New & Promising,Automate win-back
C06478,75.4022,364.96,2,295,0.8588,Steady Regulars,Automate win-back
C04199,75.3813,1052.78,7,205,0.788,Steady Regulars,Automate win-back
C10435,75.3675,79.97,1,115,0.7726,New & Promising,Automate win-back
C12717,75.3563,26.99,1,109,0.7133,New & Promising,Automate win-back
C16868,75.2447,165.95,4,205,0.7645,Steady Regulars,Automate win-back
C15624,75.2421,46.97,3,177,0.7488,Steady Regulars,Automate win-back
C08687,75.2303,0.0,1,107,0.7191,New & Promising,Automate win-back
C07622,75.1998,136.98,1,176,0.7591,Steady Regulars,Automate win-back
C13091,75.1407,585.93,1,182,0.7624,Steady Regulars,Automate win-back
C11631,75.107,53.99,1,185,0.8297,New & Promising,Automate win-back
C00362,74.8192,232.95,6,253,0.9257,Steady Regulars,Automate win-back
C10633,74.6566,50.32,7,258,0.8092,Deal Hunters,Automate win-back
C07705,74.6028,346.97,9,274,0.7844,Champions,Automate win-back
C07942,74.5884,145.93,1,245,0.8709,Steady Regulars,Automate win-back
C10366,74.5843,82.38,1,192,0.8419,Deal Hunters,Automate win-back
C02035,74.5832,65.23,2,238,0.7964,Deal Hunters,Automate win-back
C08055,74.5404,25.99,1,110,0.7362,New & Promising,Automate win-back
C11958,74.5359,655.89,18,249,0.855,Champions,Automate win-back
C04153,74.5008,53.38,1,199,0.803,Deal Hunters,Automate win-back
C06793,74.4876,134.94,2,214,0.7638,New & Promising,Automate win-back
C14129,74.4745,615.74,1,183,0.7435,Steady Regulars,Automate win-back
C11561,74.4744,600.55,5,363,0.9148,Steady Regulars,Automate win-back
C08762,74.4495,23.97,1,105,0.7208,New & Promising,Automate win-back
C01759,74.426,27.98,2,166,0.66,Deal Hunters,Automate win-back
C14764,74.4005,108.99,1,156,0.8137,New & Promising,Automate win-back
C02368,74.289,47.99,1,151,0.8105,New & Promising,Automate win-back
C00611,74.2598,87.97,8,277,0.8951,Steady Regulars,Automate win-back
C05247,74.2304,19.99,1,124,0.8227,New & Promising,Automate win-back
C13930,74.1438,27.99,1,164,0.7735,New & Promising,Automate win-back
C11622,73.9569,114.68,1,240,0.8774,Deal Hunters,Automate win-back
C04357,73.8514,32.99,19,279,0.9755,Champions,Automate win-back
C15537,73.8122,235.98,1,193,0.8731,Steady Regulars,Automate win-back
C17811,73.7753,352.91,2,223,0.8135,Steady Regulars,Automate win-back
C02589,73.7642,113.98,4,183,0.691,Steady Regulars,Automate win-back
C04028,73.6951,264.98,1,233,0.8301,Steady Regulars,Automate win-back
C08288,73.6937,853.95,4,262,0.8203,Steady Regulars,Automate win-back
C02653,73.6849,442.41,8,250,0.8451,Champions,Automate win-back
C15943,73.6214,35.98,1,183,0.846,New & Promising,Automate win-back
C17509,73.6071,18.99,7,255,0.7983,Steady Regulars,Automate win-back
C11137,73.573,388.94,16,258,0.8391,Champions,Automate win-back
C12601,73.5728,88.57,3,194,0.7618,Steady Regulars,Automate win-back
C07261,73.5406,221.95,2,292,0.8593,Steady Regulars,Automate win-back
C04011,73.4932,41.98,1,187,0.8205,New & Promising,Automate win-back
C09499,73.4416,187.93,6,277,0.8701,Steady Regulars,Automate win-back
C09758,73.3885,465.95,3,263,0.7834,Steady Regulars,Automate win-back
C12638,73.3871,80.98,1,189,0.8147,New & Promising,Automate win-back
C09447,73.3817,0.0,1,160,0.7334,New & Promising,Automate win-back
C00756,73.3183,53.98,2,229,0.7607,Steady Regulars,Automate win-back
C12129,73.3136,17.99,1,121,0.8374,New & Promising,Automate win-back
C17150,73.3061,32.79,5,193,0.718,Steady Regulars,Automate win-back
C17220,73.2709,402.34,1,239,0.8379,Deal Hunters,Automate win-back
C08754,73.2396,44.99,2,181,0.7787,Steady Regulars,Automate win-back
C04546,73.2304,98.97,2,202,0.8065,New & Promising,Automate win-back
C13969,73.2148,474.96,1,218,0.7955,Steady Regulars,Automate win-back
C15517,73.1034,231.98,1,215,0.8373,Steady Regulars,Automate win-back
C01690,73.0777,165.99,5,364,0.8282,Steady Regulars,Automate win-back
C03273,73.0461,92.63,1,237,0.9331,Deal Hunters,Automate win-back
C16003,73.0364,258.97,1,300,0.8276,Steady Regulars,Automate win-back
C03693,72.9602,199.96,1,222,0.8334,Steady Regulars,Automate win-back
C04995,72.954,61.98,2,135,0.6318,New & Promising,Automate win-back
C05235,72.9298,100.98,1,163,0.7718,New & Promising,Automate win-back
C07774,72.8798,181.98,1,182,0.8159,Steady Regulars,Automate win-back
C04303,72.8716,136.98,4,233,0.8024,Steady Regulars,Automate win-back
C12967,72.8555,119.96,7,309,0.8246,Steady Regulars,Automate win-back
C10610,72.853,562.96,1,225,0.8241,Steady Regulars,Automate win-back
C12135,72.7375,162.98,1,190,0.8684,Steady Regulars,Automate win-back
C00454,72.7129,62.99,1,224,0.8331,New & Promising,Automate win-back
C09569,72.6487,107.99,4,239,0.8075,Steady Regulars,Automate win-back
C11757,72.6462,516.83,16,265,0.8707,Champions,Automate win-back
C07585,72.6317,223.14,4,320,0.8807,Steady Regulars,Automate win-back
C04514,72.5961,79.18,1,197,0.8433,New & Promising,Automate win-back
C05921,72.5774,651.46,1,221,0.8002,Steady Regulars,Automate win-back
C08261,72.5533,0.0,1,117,0.7675,New & Promising,Automate win-back
C14871,72.3897,31.99,9,359,0.9602,Steady Regulars,Automate win-back
C03632,72.3887,89.97,2,185,0.8448,New & Promising,Automate win-back
C11654,72.3309,343.14,3,189,0.6925,Steady Regulars,Automate win-back
C02289,72.2949,37.97,2,193,0.728,New & Promising,Automate win-back
C10698,72.27,313.99,2,229,0.7411,Steady Regulars,Automate win-back
C08162,72.1318,336.43,7,219,0.7644,Steady Regulars,Automate win-back
C08239,72.0222,165.97,9,294,0.842,Steady Regulars,Automate win-back
C00763,71.8593,47.99,1,164,0.8277,New & Promising,Automate win-back
C06271,71.8297,62.14,3,197,0.701,Steady Regulars,Automate win-back
C00004,71.786,271.92,2,89,0.4312,Steady Regulars,Automate win-back
C13005,71.7531,134.17,1,191,0.7754,Deal Hunters,Automate win-back
C11412,71.6997,108.97,1,220,0.8994,Steady Regulars,Automate win-back
C07738,71.6619,30.99,1,128,0.8388,New & Promising,Automate win-back
C12885,71.6275,0.0,9,278,0.8267,Steady Regulars,Automate win-back
C07999,71.5706,90.99,1,176,0.8588,New & Promising,Automate win-back
C08722,71.5459,277.96,2,139,0.7753,Steady Regulars,Automate win-back
C10178,71.5405,471.9,3,210,0.7918,Steady Regulars,Automate win-back
C13828,71.4746,53.98,1,182,0.8008,New & Promising,Automate win-back
C07679,71.1969,185.97,4,264,0.8231,Steady Regulars,Automate win-back
C10606,71.1907,118.99,1,211,0.8438,New & Promising,Automate win-back
C06850,71.1903,37.98,3,279,0.8765,Steady Regulars,Automate win-back
C13207,71.1266,34.99,1,173,0.8327,New & Promising,Automate win-back
C13261,71.1167,88.98,4,324,0.8658,Steady Regulars,Automate win-back
C04939,71.0421,538.94,3,218,0.7591,Steady Regulars,Automate win-back
C14666,70.911,47.99,1,165,0.8156,New & Promising,Automate win-back
C15441,70.8645,768.52,12,256,0.805,Champions,Automate win-back
C02528,70.8556,288.99,1,232,0.7783,Steady Regulars,Automate win-back
C02338,70.8488,107.96,9,280,0.8428,Steady Regulars,Automate win-back
C11418,70.7864,43.99,1,130,0.8893,New & Promising,Automate win-back
C07755,70.761,155.96,1,201,0.8318,Steady Regulars,Automate win-back
C08510,70.7563,353.98,4,272,0.8863,Steady Regulars,Automate win-back
C10943,70.7527,27.99,1,144,0.7586,New & Promising,Automate win-back
C08941,70.7448,262.9,11,286,0.7796,Champions,Automate win-back
C04367,70.6777,180.37,2,183,0.7378,Steady Regulars,Automate win-back
C02987,70.637,329.95,5,245,0.7728,Steady Regulars,Automate win-back
C13189,70.6264,642.94,4,254,0.8437,Steady Regulars,Automate win-back
C10209,70.6198,86.66,1,242,0.921,Deal Hunters,Automate win-back
C11153,70.6142,304.12,8,252,0.8716,Steady Regulars,Automate win-back
C11290,70.4969,366.69,10,253,0.9352,Champions,Automate win-back
C16729,70.4787,74.97,2,270,0.822,Deal Hunters,Automate win-back
C09767,70.4534,172.37,1,235,0.8458,Deal Hunters,Automate win-back
C02302,70.4367,145.98,1,227,0.8055,Steady Regulars,Automate win-back
C10283,70.321,117.48,8,280,0.8802,Steady Regulars,Automate win-back
C02052,70.295,40.98,2,217,0.759,New & Promising,Automate win-back
C11591,70.246,1163.94,2,245,0.7841,Steady Regulars,Automate win-back
C02951,70.2436,931.92,4,205,0.6734,Steady Regulars,Automate win-back
C04618,70.2375,352.73,2,241,0.7207,Deal Hunters,Automate win-back
C12442,70.1992,235.96,2,244,0.8711,Steady Regulars,Automate win-back
C16585,70.1988,137.96,5,249,0.8281,Steady Regulars,Automate win-back
C01274,70.1709,173.96,13,279,0.8585,Champions,Automate win-back
C11528,70.1268,126.95,2,142,0.7881,New & Promising,Automate win-back
C09698,70.111,66.99,2,171,0.7603,Steady Regulars,Automate win-back
C09580,70.0136,117.98,1,218,0.9114,Steady Regulars,Automate win-back
C07883,69.8339,66.98,4,348,0.8754,Steady Regulars,Automate win-back
C10984,69.6956,136.46,11,285,0.8647,Champions,Automate win-back
C10759,69.6755,33.99,5,363,0.8413,Steady Regulars,Automate win-back
C01432,69.6204,277.09,5,281,0.847,Steady Regulars,Automate win-back
C17720,69.6023,269.05,3,206,0.7699,Steady Regulars,Automate win-back
C10873,69.5982,68.98,20,256,0.9488,Champions,Automate win-back
C17771,69.5812,135.98,1,211,0.7861,Steady Regulars,Automate win-back
C15356,69.56,434.98,1,231,0.8593,Steady Regulars,Automate win-back
C16271,69.5175,160.96,6,218,0.6961,Steady Regulars,Automate win-back
C15788,69.5134,24.99,1,87,0.7764,New & Promising,Automate win-back
C14235,69.3828,364.96,7,300,0.8427,Steady Regulars,Automate win-back
C05505,69.2589,118.96,2,174,0.8091,New & Promising,Automate win-back
C16396,69.2155,109.97,6,250,0.8555,Steady Regulars,Automate win-back
C16942,69.2126,71.99,2,190,0.7609,Steady Regulars,Automate win-back
C07454,69.1963,127.97,1,204,0.8369,Steady Regulars,Automate win-back
C13393,69.1419,101.98,1,242,0.9034,New & Promising,Automate win-back
C00318,69.1213,164.93,1,197,0.8256,Steady Regulars,Automate win-back
C06195,69.1038,34.99,1,162,0.8547,New & Promising,Automate win-back
C07503,68.7396,23.79,1,137,0.8531,Deal Hunters,Automate win-back
C12041,68.726,13.99,1,145,0.7813,New & Promising,Automate win-back
C10084,68.7218,551.98,6,346,0.8426,Champions,Automate win-back
C15060,68.6931,269.97,1,220,0.7489,Steady Regulars,Automate win-back
C10482,68.503,367.98,1,215,0.8351,Steady Regulars,Automate win-back
C05205,68.4762,421.97,3,253,0.8343,Steady Regulars,Automate win-back
C10110,68.4392,236.95,2,175,0.8087,Steady Regulars,Automate win-back
C16188,68.3906,97.96,4,292,0.8534,Steady Regulars,Automate win-back
C01719,68.3536,45.99,1,174,0.7888,New & Promising,Automate win-back
C12193,68.1419,288.94,7,290,0.8421,Steady Regulars,Automate win-back
C08068,68.1087,116.95,1,213,0.8731,New & Promising,Automate win-back
C03922,68.0544,41.99,1,150,0.8282,New & Promising,Automate win-back
C03319,68.0443,549.89,12,279,0.8443,Champions,Automate win-back
C05829,68.0047,248.97,5,280,0.8428,Steady Regulars,Automate win-back
C09725,68.0036,0.0,5,287,0.7954,Steady Regulars,Automate win-back
C07826,68.0006,628.11,7,302,0.8491,Steady Regulars,Automate win-back
C00847,67.9584,147.99,1,184,0.8176,New & Promising,Automate win-back
C03520,67.8783,574.94,3,270,0.8672,Steady Regulars,Automate win-back
C16431,67.8749,321.73,1,355,0.8615,Steady Regulars,Automate win-back
C10473,67.8729,252.96,2,277,0.8664,Steady Regulars,Automate win-back
C17280,67.8675,103.96,2,250,0.8456,New & Promising,Automate win-back
C16124,67.859,77.98,2,232,0.8446,Steady Regulars,Automate win-back
C04615,67.8584,43.97,1,186,0.8062,New & Promising,Automate win-back
C06906,67.8001,49.93,7,245,0.7804,Steady Regulars,Automate win-back
C08105,67.759,55.97,2,357,0.8538,Steady Regulars,Automate win-back
C14220,67.7309,65.98,3,257,0.8219,Deal Hunters,Automate win-back
C16979,67.6726,33.99,2,183,0.7356,New & Promising,Automate win-back
C00048,67.6145,698.74,1,189,0.7846,Steady Regulars,Automate win-back
C15035,67.605,245.96,3,211,0.8347,Steady Regulars,Automate win-back
C17867,67.5893,129.68,23,267,0.9707,Champions,Automate win-back
C02299,67.57,465.95,2,256,0.8457,Steady Regulars,Automate win-back
C15254,67.5537,41.98,8,282,0.8671,Steady Regulars,Automate win-back
C11986,67.5224,63.99,1,165,0.8674,New & Promising,Automate win-back
C02297,67.5017,424.96,1,203,0.8641,Steady Regulars,Automate win-back
C06528,67.4274,211.15,10,339,0.8861,Champions,Automate win-back
C01127,67.4065,18.99,10,298,0.9402,Champions,Automate win-back
C06568,67.3911,48.99,12,254,0.8292,Champions,Automate win-back
C17571,67.3606,9.99,6,253,0.8289,Steady Regulars,Automate win-back
C14628,67.3436,146.37,1,193,0.7802,Steady Regulars,Automate win-back
C17120,67.2943,315.95,7,259,0.8012,Champions,Automate win-back
C12269,67.2628,655.15,1,205,0.7812,Deal Hunters,Automate win-back
C15187,67.2424,475.94,3,264,0.8998,Steady Regulars,Automate win-back
C05125,67.2061,21.99,2,300,0.8762,Steady Regulars,Automate win-back
C00237,67.1551,32.39,1,186,0.813,Deal Hunters,Automate win-back
C09351,67.1311,573.09,5,293,0.9054,Steady Regulars,Automate win-back
C14913,67.1229,39.98,1,189,0.8163,New & Promising,Automate win-back
C08221,67.1105,660.74,2,197,0.7923,Steady Regulars,Automate win-back
C13015,67.1068,110.69,2,264,0.8491,Deal Hunters,Automate win-back
C16637,67.0493,37.98,1,190,0.7799,New & Promising,Automate win-back
C12218,67.0373,182.95,4,237,0.7883,Steady Regulars,Automate win-back
C02013,67.0166,77.98,1,173,0.8403,New & Promising,Automate win-back
C11502,67.0062,284.97,3,223,0.7762,Steady Regulars,Automate win-back
C13024,66.9686,47.69,1,210,0.8284,Deal Hunters,Automate win-back
C13177,66.9202,156.97,1,208,0.8221,Steady Regulars,Automate win-back
C11500,66.9201,261.97,1,212,0.87,Steady Regulars,Automate win-back
C03855,66.9153,119.85,1,223,0.8299,Deal Hunters,Automate win-back
C15922,66.9151,35.99,4,190,0.7451,Steady Regulars,Automate win-back
C09204,66.9037,234.95,9,281,0.8411,Steady Regulars,Automate win-back
C15287,66.8921,1011.69,8,277,0.8891,Steady Regulars,Automate win-back
C04679,66.8648,32.97,12,281,0.8942,Champions,Automate win-back
C16763,66.8469,240.98,2,223,0.7552,Steady Regulars,Automate win-back
C04905,66.8137,69.97,3,356,0.8501,Steady Regulars,Automate win-back
C06409,66.7894,288.99,2,175,0.7391,Steady Regulars,Automate win-back
C00821,66.6863,285.53,10,292,0.8501,Champions,Automate win-back
C03131,66.5623,313.99,4,257,0.8003,Steady Regulars,Automate win-back
C09864,66.5585,381.76,3,173,0.7159,Steady Regulars,Automate win-back
C05154,66.5403,288.99,1,211,0.8597,Steady Regulars,Automate win-back
C08419,66.4992,0.0,2,224,0.7312,Steady Regulars,Automate win-back
C03673,66.3621,197.96,1,199,0.85,Deal Hunters,Automate win-back
C15209,66.3452,428.97,1,224,0.7963,Steady Regulars,Automate win-back
C05928,66.2396,91.79,3,242,0.7724,Deal Hunters,Automate win-back
C02572,66.2384,61.97,9,291,0.8293,Steady Regulars,Automate win-back
C15443,66.2314,591.97,2,356,0.8338,Steady Regulars,Automate win-back
C01752,66.194,449.97,4,276,0.8616,Steady Regulars,Automate win-back
C04916,66.1865,208.96,8,273,0.9274,Steady Regulars,Automate win-back
C12424,66.0968,88.38,3,167,0.7408,Steady Regulars,Automate win-back
C11463,66.0593,425.94,4,270,0.8646,Steady Regulars,Automate win-back
C17244,65.9906,397.95,4,260,0.8374,Steady Regulars,Automate win-back
C02857,65.7923,106.47,1,240,0.8727,Steady Regulars,Automate win-back
C04065,65.7273,140.86,2,328,0.882,Steady Regulars,Automate win-back
C15579,65.7059,48.98,1,187,0.819,New & Promising,Automate win-back
C14599,65.7008,203.23,1,288,0.8612,Deal Hunters,Automate win-back
C16672,65.6596,915.27,5,326,0.8091,Steady Regulars,Automate win-back
C02832,65.5598,98.97,5,266,0.8196,Steady Regulars,Automate win-back
C13702,65.5388,51.98,2,182,0.7303,Steady Regulars,Automate win-back
C13429,65.4505,150.99,4,247,0.8412,Steady Regulars,Automate win-back
C02539,65.3771,109.98,1,180,0.7892,New & Promising,Automate win-back
C00646,65.3412,148.95,1,201,0.8378,Steady Regulars,Automate win-back
C11576,65.3293,0.0,1,153,0.7199,New & Promising,Automate win-back
C08653,65.3196,125.98,5,203,0.6711,Steady Regulars,Automate win-back
C17943,65.2979,131.57,7,334,0.8106,Champions,Automate win-back
C12781,65.2618,401.95,5,278,0.8515,Steady Regulars,Automate win-back
C00338,65.1969,57.98,2,252,0.8462,Steady Regulars,Automate win-back
C02345,65.0565,270.95,7,263,0.7863,Steady Regulars,Automate win-back
C05557,65.0195,742.74,1,230,0.8412,Steady Regulars,Automate win-back
C11196,64.9331,16.99,1,142,0.8548,Deal Hunters,Automate win-back
C12821,64.9201,673.85,47,187,0.9122,Champions,Automate win-back
C00979,64.8612,199.96,2,188,0.7816,Steady Regulars,Automate win-back
C14746,64.8575,132.94,8,261,0.8955,Champions,Automate win-back
C07653,64.8111,216.97,2,244,0.8624,Steady Regulars,Automate win-back
C09306,64.6722,53.98,10,282,0.8422,Champions,Automate win-back
C08512,64.4848,108.37,1,199,0.8869,Deal Hunters,Automate win-back
C17627,64.428,123.98,3,289,0.873,Steady Regulars,Automate win-back
C07673,64.4257,25.99,1,139,0.7705,New & Promising,Automate win-back
C10181,64.4098,135.94,5,251,0.8105,Deal Hunters,Automate win-back
C05746,64.3744,184.94,7,228,0.768,Steady Regulars,Automate win-back
C07894,64.2909,85.96,5,247,0.7904,Steady Regulars,Automate win-back
C06234,64.2804,119.95,2,260,0.8491,New & Promising,Automate win-back
C03381,64.2569,760.36,6,240,0.7946,Steady Regulars,Automate win-back
C14870,64.2561,111.96,6,360,0.8719,Steady Regulars,Automate win-back
C11384,64.2118,637.96,3,352,0.8503,Steady Regulars,Automate win-back
C08158,64.1861,180.96,2,277,0.8031,Steady Regulars,Automate win-back
C04906,64.1817,61.98,1,240,0.9486,New & Promising,Automate win-back
C16871,64.1628,427.6,18,257,0.8915,Champions,Automate win-back
C00254,64.1607,69.98,1,240,0.8376,New & Promising,Automate win-back
C06660,64.1552,168.98,9,335,0.8323,Champions,Automate win-back
C07966,64.1516,162.95,1,220,0.887,Steady Regulars,Automate win-back
C00113,64.1033,7.99,1,132,0.8158,New & Promising,Automate win-back
C10413,64.0995,252.97,5,248,0.8219,Steady Regulars,Automate win-back
C16051,63.9712,163.01,6,245,0.8423,Steady Regulars,Automate win-back
C13198,63.9336,202.99,1,229,0.854,Steady Regulars,Automate win-back
C17625,63.8438,56.97,1,201,0.8339,New & Promising,Automate win-back
C14793,63.8113,788.36,4,336,0.8256,Steady Regulars,Automate win-back
C16281,63.8082,125.98,1,204,0.8857,New & Promising,Automate win-back
C16999,63.8027,162.95,3,267,0.8947,Steady Regulars,Automate win-back
C04867,63.8,1265.94,5,296,0.8207,Steady Regulars,Automate win-back
C10069,63.7926,30.99,2,222,0.8347,Steady Regulars,Automate win-back
C00205,63.73,311.16,2,213,0.7613,Steady Regulars,Automate win-back
C15099,63.6252,0.0,1,184,0.8355,New & Promising,Automate win-back
C10497,63.5451,13.99,1,154,0.8079,New & Promising,Automate win-back
C07469,63.506,124.99,2,275,0.8974,Steady Regulars,Automate win-back
C03897,63.4991,192.15,3,245,0.8396,Steady Regulars,Automate win-back
C05616,63.4842,45.88,1,236,0.879,Deal Hunters,Automate win-back
C02559,63.4828,49.58,1,194,0.797,Deal Hunters,Automate win-back
C11386,63.4306,8.49,1,240,0.9101,Deal Hunters,Automate win-back
C01678,63.4201,130.98,1,215,0.881,Steady Regulars,Automate win-back
C12997,63.3716,1459.86,45,193,0.9499,Champions,Automate win-back
C06000,63.3561,169.98,1,243,0.8433,Steady Regulars,Automate win-back
C12847,63.3351,274.95,6,359,0.8461,Steady Regulars,Automate win-back
C12986,63.3176,497.96,1,360,0.9221,Steady Regulars,Automate win-back
C00736,63.3137,211.92,12,265,0.8562,Champions,Automate win-back
C07054,63.2679,161.99,1,185,0.8909,Steady Regulars,Automate win-back
C07255,63.2643,262.94,7,294,0.9224,Steady Regulars,Automate win-back
C11179,63.2615,40.98,3,259,0.8549,Steady Regulars,Automate win-back
C09485,63.245,440.98,2,187,0.772,Steady Regulars,Automate win-back
C01096,63.1418,296.97,1,231,0.8372,Steady Regulars,Automate win-back
C13520,63.1323,133.29,3,327,0.9106,Steady Regulars,Automate win-back
C08719,62.9873,89.97,1,192,0.8774,New & Promising,Automate win-back
C00772,62.9361,910.16,1,243,0.8249,Steady Regulars,Automate win-back
C05599,62.9306,590.95,1,208,0.8749,Steady Regulars,Automate win-back
C09221,62.9272,542.38,4,362,0.8623,Steady Regulars,Automate win-back
C13794,62.88,798.92,5,262,0.843,Steady Regulars,Automate win-back
C09234,62.8786,23.79,1,139,0.8573,Deal Hunters,Automate win-back
C05353,62.8393,300.96,7,356,0.8903,Champions,Automate win-back
C11758,62.7298,16.99,1,170,0.8162,Deal Hunters,Automate win-back
C09424,62.7131,50.95,4,265,0.8614,Steady Regulars,Automate win-back
C01131,62.6519,172.97,4,254,0.8615,Steady Regulars,Automate win-back
C13968,62.6468,113.98,1,182,0.8282,New & Promising,Automate win-back
C06369,62.5568,393.82,3,364,0.8276,Steady Regulars,Automate win-back
C10632,62.507,586.95,2,267,0.7817,Steady Regulars,Automate win-back
C15391,62.4832,62.99,1,190,0.8238,New & Promising,Automate win-back
C12398,62.4209,77.97,1,197,0.8326,New & Promising,Automate win-back
C17286,62.2522,79.95,4,250,0.8064,Steady Regulars,Automate win-back
C11241,62.2049,614.13,5,257,0.7974,Steady Regulars,Automate win-back
C11726,62.202,17.99,1,154,0.8456,New & Promising,Automate win-back
C12750,62.1595,380.94,5,247,0.8267,Steady Regulars,Automate win-back
C17315,61.9851,225.99,1,298,0.9012,Steady Regulars,Automate win-back
C11715,61.9845,53.99,1,188,0.8841,New & Promising,Automate win-back
C16985,61.9834,175.23,10,279,0.8614,Steady Regulars,Automate win-back
C06546,61.9514,72.99,1,174,0.818,New & Promising,Automate win-back
C05123,61.9309,161.99,2,309,0.8131,Steady Regulars,Automate win-back
C05944,61.9039,215.08,1,235,0.8178,Steady Regulars,Automate win-back
C13377,61.8783,9.99,1,144,0.8005,New & Promising,Automate win-back
C11194,61.8738,196.98,3,235,0.8518,Steady Regulars,Automate win-back
C02033,61.8496,35.98,1,191,0.845,New & Promising,Automate win-back
C10793,61.7027,46.67,8,301,0.8551,Steady Regulars,Automate win-back
C08384,61.6309,161.98,1,200,0.8672,Steady Regulars,Automate win-back
C02561,61.5857,22.99,8,228,0.7757,Steady Regulars,Automate win-back
C14189,61.5654,1948.35,12,210,0.8991,Steady Regulars,Automate win-back
C09756,61.3453,178.98,1,204,0.8609,Steady Regulars,Automate win-back
C15738,61.3252,479.98,1,292,0.8831,Steady Regulars,Automate win-back
C00165,61.3145,1071.66,18,260,0.9654,Champions,Automate win-back
C02114,61.2982,45.88,2,235,0.7979,Steady Regulars,Automate win-back
C09513,61.2962,45.98,1,191,0.8519,New & Promising,Automate win-back
C00427,61.295,310.68,3,297,0.8872,Steady Regulars,Automate win-back
C00495,61.191,27.99,1,162,0.8681,New & Promising,Automate win-back
C03684,61.191,27.99,1,150,0.8069,New & Promising,Automate win-back
C15355,61.1848,71.99,2,331,0.7879,Deal Hunters,Automate win-back
C14861,61.1536,637.95,2,304,0.8739,Steady Regulars,Automate win-back
C10243,61.1441,37.98,1,188,0.8461,New & Promising,Automate win-back
C15753,61.1343,365.94,2,254,0.8317,Steady Regulars,Automate win-back
C04240,61.1337,135.07,9,250,0.8111,Steady Regulars,Automate win-back
C16371,61.1053,172.94,11,271,0.902,Champions,Automate win-back
C12271,61.0874,109.96,1,217,0.9058,New & Promising,Automate win-back
C10210,61.0168,28.99,1,208,0.9197,New & Promising,Automate win-back
C01449,60.9539,225.97,3,279,0.8729,Steady Regulars,Automate win-back
C00776,60.9116,86.98,2,203,0.8473,New & Promising,Automate win-back
C02972,60.8953,206.97,2,262,0.8802,Steady Regulars,Automate win-back
C07961,60.8895,599.93,1,211,0.8587,Steady Regulars,Automate win-back
C13475,60.887,388.37,2,335,0.786,Steady Regulars,Automate win-back
C01608,60.8601,65.98,5,262,0.8674,Steady Regulars,Automate win-back
C05978,60.8208,572.94,19,303,0.9673,Champions,Automate win-back
C09668,60.8003,206.94,5,320,0.8861,Steady Regulars,Automate win-back
C16982,60.7757,127.99,3,173,0.6963,Steady Regulars,Automate win-back
C16557,60.7516,25.99,1,154,0.8837,New & Promising,Automate win-back
C06995,60.7478,61.96,4,347,0.8818,Steady Regulars,Automate win-back
C12950,60.7268,2207.62,10,221,0.8374,Champions,Automate win-back
C10980,60.7229,0.0,1,166,0.7844,New & Promising,Automate win-back
C13857,60.719,67.99,8,267,0.8205,Steady Regulars,Automate win-back
C14329,60.7181,32.79,1,194,0.8081,Deal Hunters,Automate win-back
C17572,60.711,41.99,1,174,0.8327,New & Promising,Automate win-back
C14350,60.7083,288.99,15,271,0.8905,Champions,Automate win-back
C09113,60.6948,303.93,26,248,0.972,Champions,Automate win-back
C14596,60.6839,382.96,5,262,0.797,Steady Regulars,Automate win-back
C03768,60.6277,255.97,2,301,0.8412,Steady Regulars,Automate win-back
C15380,60.5826,373.97,3,224,0.7894,Steady Regulars,Automate win-back
C03728,60.5414,30.99,4,354,0.8845,Steady Regulars,Automate win-back
C11050,60.5046,22.99,5,328,0.8325,Steady Regulars,Automate win-back
C00929,60.4132,46.99,6,253,0.8377,Steady Regulars,Automate win-back
C05405,60.4069,142.39,1,196,0.857,Deal Hunters,Automate win-back
C16227,60.3559,194.14,3,351,0.8331,Steady Regulars,Automate win-back
C00999,60.317,68.98,1,241,0.8039,New & Promising,Automate win-back
C17621,60.3152,550.97,9,287,0.8013,Steady Regulars,Automate win-back
C06022,60.2619,242.56,1,359,0.8979,Steady Regulars,Automate win-back
C04385,60.2004,125.97,1,198,0.873,New & Promising,Automate win-back
C04530,60.1982,30.99,1,175,0.8612,New & Promising,Automate win-back
C11141,60.1809,141.99,6,306,0.882,Steady Regulars,Automate win-back
C17091,60.166,159.37,3,237,0.8166,Steady Regulars,Automate win-back
C01172,60.0468,383.95,12,297,0.8912,Champions,Automate win-back
C13801,60.0275,174.96,1,226,0.8388,Steady Regulars,Automate win-back
C16619,59.9804,26.99,1,145,0.7995,New & Promising,Automate win-back
C07922,59.969,946.43,18,278,0.9702,Champions,Automate win-back
C01475,59.9361,551.34,1,193,0.7881,Steady Regulars,Automate win-back
C15891,59.8738,82.94,1,198,0.7994,New & Promising,Automate win-back
C17808,59.8517,18.99,7,231,0.7664,Steady Regulars,Automate win-back
C17313,59.7773,138.67,1,234,0.898,Steady Regulars,Automate win-back
C15901,59.7159,348.94,4,272,0.8286,Steady Regulars,Automate win-back
C08686,59.6998,201.98,2,275,0.8427,Steady Regulars,Automate win-back
C08725,59.6864,48.99,6,320,0.8725,Steady Regulars,Automate win-back
C16616,59.666,94.98,1,204,0.8683,New & Promising,Automate win-back
C07040,59.6386,64.97,1,221,0.8372,New & Promising,Automate win-back
C11939,59.552,312.36,3,326,0.8732,Steady Regulars,Automate win-back
C05150,59.5095,766.94,3,274,0.8136,Steady Regulars,Automate win-back
C14110,59.508,134.53,2,279,0.8438,Deal Hunters,Automate win-back
C03214,59.4772,736.81,24,274,0.97,Champions,Automate win-back
C16295,59.4713,0.0,1,180,0.7975,New & Promising,Automate win-back
C06066,59.408,41.98,1,231,0.9316,New & Promising,Automate win-back
C02545,59.348,71.97,3,300,0.8902,Steady Regulars,Automate win-back
C00136,59.3324,342.94,5,252,0.8404,Steady Regulars,Automate win-back
C09382,59.2922,125.98,1,203,0.8678,New & Promising,Automate win-back
C06318,59.2888,30.99,1,197,0.798,New & Promising,Automate win-back
C12136,59.2199,407.92,6,275,0.9001,Steady Regulars,Automate win-back
C05835,59.1653,460.91,4,288,0.8702,Steady Regulars,Automate win-back
C15037,59.1554,207.95,2,254,0.8221,Steady Regulars,Automate win-back
C16492,59.1441,241.58,2,193,0.7677,Steady Regulars,Automate win-back
C04935,59.1245,19.98,2,289,0.8469,Steady Regulars,Automate win-back
C06977,59.1164,53.99,1,180,0.8255,New & Promising,Automate win-back
C15173,59.1131,62.99,1,206,0.8153,New & Promising,Automate win-back
C07990,59.0935,28.99,1,202,0.8721,New & Promising,Automate win-back
C09290,59.057,0.0,1,145,0.7745,New & Promising,Automate win-back
C10832,58.936,305.98,4,296,0.9187,Steady Regulars,Automate win-back
C08984,58.9158,181.98,1,213,0.8675,Steady Regulars,Automate win-back
C13233,58.9091,41.98,3,336,0.8593,Steady Regulars,Automate win-back
C11322,58.8806,87.98,12,299,0.8661,Steady Regulars,Automate win-back
C05263,58.7797,59.98,1,211,0.9405,New & Promising,Automate win-back
C03895,58.6667,29.98,4,314,0.892,Steady Regulars,Automate win-back
C08974,58.6458,785.27,20,284,0.9346,Champions,Automate win-back
C01598,58.5944,434.95,8,302,0.8909,Steady Regulars,Automate win-back
C13037,58.5931,0.0,3,282,0.842,Steady Regulars,Automate win-back
C16832,58.588,76.98,12,311,0.9419,Champions,Automate win-back
C06794,58.533,34.18,1,225,0.8567,Deal Hunters,Automate win-back
C04401,58.5264,0.0,1,170,0.6967,Deal Hunters,Automate win-back
C01998,58.5014,156.98,1,215,0.8425,Steady Regulars,Automate win-back
C13541,58.4975,288.78,1,354,0.899,Deal Hunters,Automate win-back
C15741,58.4945,106.67,1,210,0.8932,Deal Hunters,Automate win-back
C01896,58.4273,93.95,3,262,0.8628,Steady Regulars,Automate win-back
C03519,58.4201,11.99,2,293,0.8811,Steady Regulars,Automate win-back
C05325,58.3644,189.55,5,295,0.8663,Steady Regulars,Automate win-back
C08081,58.2762,211.79,8,327,0.8829,Champions,Automate win-back
C17345,58.2186,17.99,5,275,0.8212,Steady Regulars,Automate win-back
C11388,58.1891,20.99,11,276,0.8924,Steady Regulars,Automate win-back
C00063,58.1334,1286.2,46,186,0.9167,Champions,Automate win-back
C01379,58.131,475.96,1,296,0.9013,Steady Regulars,Automate win-back
C14142,58.1,42.98,1,225,0.8896,New & Promising,Automate win-back
C03873,58.0388,72.99,1,178,0.844,New & Promising,Automate win-back
C02403,58.0034,89.96,9,258,0.8156,Steady Regulars,Automate win-back
C04783,57.9933,234.13,3,237,0.8504,Steady Regulars,Automate win-back
C11682,57.9894,225.96,1,249,0.878,Steady Regulars,Automate win-back
C17875,57.9596,46.99,4,335,0.9094,Steady Regulars,Automate win-back
C04533,57.9332,23.99,7,284,0.8632,Steady Regulars,Automate win-back
C07798,57.9278,161.98,1,299,0.863,Steady Regulars,Automate win-back
C14614,57.9264,115.99,1,190,0.8977,New & Promising,Automate win-back
C11903,57.919,29.98,2,335,0.835,Steady Regulars,Automate win-back
C10104,57.8143,133.36,2,197,0.7262,Deal Hunters,Automate win-back
C16582,57.7852,51.98,3,232,0.7725,Steady Regulars,Automate win-back
C11794,57.7608,121.98,1,194,0.8149,New & Promising,Automate win-back
C14901,57.7086,51.98,1,231,0.9547,New & Promising,Automate win-back
C00497,57.5982,288.99,1,242,0.8216,Steady Regulars,Automate win-back
C07219,57.5037,114.97,3,171,0.7866,Steady Regulars,Automate win-back
C02670,57.4984,361.76,1,353,0.8381,Steady Regulars,Automate win-back
C11971,57.465,42.98,1,232,0.9,New & Promising,Automate win-back
C17451,57.4518,354.97,3,249,0.8569,Steady Regulars,Automate win-back
C16369,57.4403,56.97,1,218,0.9205,New & Promising,Automate win-back
C15973,57.4403,56.97,1,212,0.9335,New & Promising,Automate win-back
C07863,57.3034,122.99,4,271,0.8915,Steady Regulars,Automate win-back
C04306,57.2885,297.18,3,353,0.8782,Steady Regulars,Automate win-back
C10102,57.2711,219.94,3,282,0.8707,Steady Regulars,Automate win-back
C09695,57.2651,89.99,2,214,0.7817,Steady Regulars,Automate win-back
C15457,57.2158,79.98,3,268,0.8897,Steady Regulars,Automate win-back
C01811,57.1831,437.91,5,308,0.8609,Steady Regulars,Automate win-back
C08351,57.157,217.97,2,284,0.8414,Steady Regulars,Automate win-back
C05318,57.1331,181.96,4,304,0.8934,Steady Regulars,Automate win-back
C15137,57.0003,125.96,1,224,0.9058,New & Promising,Automate win-back
C16245,56.9772,53.98,1,222,0.9211,New & Promising,Automate win-back
C02986,56.9594,147.99,2,244,0.8265,Steady Regulars,Automate win-back
C04932,56.8946,44.97,5,364,0.8773,Steady Regulars,Automate win-back
C16233,56.8345,216.95,5,298,0.9011,Steady Regulars,Automate win-back
C09054,56.8019,107.99,2,246,0.7987,Steady Regulars,Automate win-back
C00090,56.7969,78.58,10,336,0.9196,Steady Regulars,Automate win-back
C15291,56.7461,115.96,3,327,0.9372,New & Promising,Automate win-back
C05796,56.7199,188.78,9,329,0.977,Champions,Automate win-back
C01097,56.6605,113.96,3,320,0.9535,Steady Regulars,Automate win-back
C03583,56.5252,329.82,1,246,0.8554,Steady Regulars,Automate win-back
C12933,56.5113,311.93,2,312,0.8626,Steady Regulars,Automate win-back
C05253,56.5052,44.99,1,212,0.8526,New & Promising,Automate win-back
C12936,56.4423,69.98,1,209,0.8668,New & Promising,Automate win-back
C15130,56.4403,541.89,2,307,0.7946,Steady Regulars,Automate win-back
C14641,56.4371,31.79,11,340,0.9369,Champions,Automate win-back
C11072,56.3795,413.9,2,319,0.8719,Steady Regulars,Automate win-back
C07029,56.3714,48.98,1,218,0.8591,New & Promising,Automate win-back
C15220,56.3361,1046.88,23,279,0.9897,Champions,Automate win-back
C10014,56.3252,30.59,1,235,0.9141,Deal Hunters,Automate win-back
C16967,56.3084,461.97,2,223,0.8063,Steady Regulars,Automate win-back
C03696,56.2608,30.99,4,304,0.8791,Steady Regulars,Automate win-back
C11330,56.2473,144.98,6,303,0.8994,Steady Regulars,Automate win-back
C04197,56.2412,119.23,1,283,0.9159,Deal Hunters,Automate win-back
C12162,56.2115,52.99,1,236,0.8839,New & Promising,Automate win-back
C06832,56.2027,52.99,1,243,0.9366,New & Promising,Automate win-back
C09905,56.1975,81.98,2,272,0.8877,Steady Regulars,Automate win-back
C16106,56.1773,174.97,3,303,0.8383,Steady Regulars,Automate win-back
C01103,56.1485,122.99,1,224,0.8434,New & Promising,Automate win-back
C14300,56.1475,23.19,1,185,0.8171,Deal Hunters,Automate win-back
C11485,56.0964,79.96,1,230,0.8687,New & Promising,Automate win-back
C13217,56.0464,307.17,1,359,0.8859,Deal Hunters,Automate win-back
C12163,56.0189,180.76,3,306,0.8187,Steady Regulars,Automate win-back
C09854,55.9537,271.19,1,362,0.8955,Deal Hunters,Automate win-back
C10141,55.8652,49.99,1,225,0.8804,New & Promising,Automate win-back
C07293,55.8605,155.98,1,233,0.8477,Steady Regulars,Automate win-back
C05482,55.8472,122.99,1,220,0.8481,New & Promising,Automate win-back
C17384,55.8176,290.95,1,361,0.9438,Steady Regulars,Automate win-back
C10052,55.8165,41.99,1,219,0.8132,New & Promising,Automate win-back
C12022,55.8165,30.99,1,213,0.8308,New & Promising,Automate win-back
C16082,55.8088,34.99,1,231,0.9397,New & Promising,Automate win-back
C16864,55.7704,65.98,8,311,0.8824,Steady Regulars,Automate win-back
C15894,55.6542,57.98,1,204,0.8497,New & Promising,Automate win-back
C14485,55.6383,66.97,1,210,0.8852,New & Promising,Automate win-back
C02878,55.5936,127.99,1,221,0.9109,New & Promising,Automate win-back
C08635,55.4732,58.98,3,342,0.9224,Steady Regulars,Automate win-back
C13490,55.3681,98.67,7,310,0.9401,Steady Regulars,Automate win-back
C03112,55.2124,186.97,2,325,0.9249,Steady Regulars,Automate win-back
C14854,55.1674,1641.15,10,280,0.9296,Steady Regulars,Automate win-back
C17953,55.1167,39.98,1,219,0.8742,New & Promising,Automate win-back
C14566,55.1086,18.99,1,158,0.8957,New & Promising,Automate win-back
C00689,55.0688,35.98,1,208,0.9382,New & Promising,Automate win-back
C04847,55.0147,117.98,1,211,0.9408,New & Promising,Automate win-back
C12707,54.9809,667.91,18,279,0.9538,Champions,Automate win-back
C10198,54.8931,62.99,1,192,0.8068,New & Promising,Automate win-back
C12219,54.8747,87.37,1,246,0.8941,Deal Hunters,Automate win-back
C09615,54.8631,481.94,1,320,0.9266,Steady Regulars,Automate win-back
C07604,54.8189,41.98,1,230,0.8672,New & Promising,Automate win-back
C14695,54.8113,120.44,3,284,0.8728,Steady Regulars,Automate win-back
C08482,54.7838,59.98,1,212,0.9298,New & Promising,Automate win-back
C00841,54.7488,69.99,5,332,0.9044,Steady Regulars,Automate win-back
C04245,54.7447,0.0,1,237,0.9515,Deal Hunters,Automate win-back
C03212,54.7138,225.97,1,268,0.8557,Steady Regulars,Automate win-back
C07187,54.6961,276.96,1,284,0.7886,Deal Hunters,Automate win-back
C17600,54.6572,492.97,4,275,0.8277,Steady Regulars,Automate win-back
C12659,54.5933,76.48,1,288,0.8823,New & Promising,Automate win-back
C12861,54.582,141.97,10,330,0.9414,Champions,Automate win-back
C03751,54.5407,27.99,1,174,0.8266,New & Promising,Automate win-back
C11123,54.2922,2111.35,33,178,0.8452,Champions,Automate win-back
C03383,54.2455,224.97,3,208,0.7978,Steady Regulars,Automate win-back
C08968,54.1446,412.97,2,335,0.89,Steady Regulars,Automate win-back
C11106,54.1082,208.95,3,273,0.8665,Steady Regulars,Automate win-back
C02648,54.0653,510.97,6,361,0.9255,Steady Regulars,Automate win-back
C02314,54.031,80.97,1,232,0.8432,New & Promising,Automate win-back
C07117,53.9505,9.99,7,355,0.8684,Steady Regulars,Automate win-back
C12329,53.9109,385.97,2,247,0.8119,Steady Regulars,Automate win-back
C13094,53.8999,181.97,2,209,0.8839,New & Promising,Automate win-back
C01239,53.8375,50.98,6,317,0.9464,Steady Regulars,Automate win-back
C13046,53.7051,188.98,5,356,0.8853,Steady Regulars,Automate win-back
C00207,53.6648,449.92,4,338,0.8914,Steady Regulars,Automate win-back
C13326,53.6383,147.99,1,205,0.8026,Steady Regulars,Automate win-back
C04942,53.6378,177.57,2,340,0.8679,Steady Regulars,Automate win-back
C06183,53.588,155.94,3,298,0.881,Steady Regulars,Automate win-back
C10444,53.588,505.95,3,314,0.885,Steady Regulars,Automate win-back
C14635,53.5847,305.96,1,365,0.9086,Steady Regulars,Automate win-back
C08809,53.5661,52.99,1,192,0.8321,New & Promising,Automate win-back
C01329,53.506,179.97,5,363,0.8488,Steady Regulars,Automate win-back
C07185,53.4938,1330.92,11,290,0.9604,Steady Regulars,Automate win-back
C12904,53.2343,32.78,1,361,0.9466,Deal Hunters,Automate win-back
C00589,53.2191,66.73,3,291,0.8477,Steady Regulars,Automate win-back
C14748,53.1944,234.92,4,223,0.8679,Steady Regulars,Automate win-back
C15522,53.1603,149.95,3,218,0.7808,Steady Regulars,Automate win-back
C10080,53.1349,49.48,2,279,0.8078,New & Promising,Automate win-back
C14160,53.1297,234.97,11,332,0.9255,Steady Regulars,Automate win-back
C02936,53.0547,302.98,8,355,0.8762,Steady Regulars,Automate win-back
C15278,53.0015,482.97,1,249,0.8507,Steady Regulars,Automate win-back
C06223,52.9916,305.18,1,356,0.8956,Deal Hunters,Automate win-back
C01840,52.9746,53.99,1,237,0.9641,New & Promising,Automate win-back
C05180,52.9495,0.0,1,187,0.8264,Deal Hunters,Automate win-back
C08490,52.9125,104.96,1,209,0.8679,New & Promising,Automate win-back
C05862,52.8401,158.93,5,357,0.9492,Steady Regulars,Automate win-back
C16057,52.7621,275.94,3,255,0.8632,Steady Regulars,Automate win-back
C08585,52.7069,117.17,2,259,0.8004,New & Promising,Automate win-back
C03324,52.6775,127.99,2,224,0.7646,Steady Regulars,Automate win-back
C16536,52.6639,478.97,1,326,0.9127,Steady Regulars,Automate win-back
C11827,52.6368,323.14,3,288,0.8993,Steady Regulars,Automate win-back
C04535,52.6281,124.86,3,229,0.8131,Steady Regulars,Automate win-back
C01237,52.6249,134.38,1,351,0.8865,Steady Regulars,Automate win-back
C00021,52.5351,97.98,3,324,0.9307,Steady Regulars,Automate win-back
C07983,52.4101,130.94,2,350,0.8918,Steady Regulars,Automate win-back
C13804,52.3985,32.99,1,220,0.8632,New & Promising,Automate win-back
C09081,52.3847,389.93,5,257,0.8702,Steady Regulars,Automate win-back
C06630,52.3148,183.95,2,277,0.882,Steady Regulars,Automate win-back
C12463,52.3036,503.77,2,235,0.7788,Deal Hunters,Automate win-back
C14923,52.2894,83.58,1,356,0.9238,Deal Hunters,Automate win-back
C10118,52.255,464.05,1,324,0.8817,Steady Regulars,Automate win-back
C11233,52.1928,30.99,1,199,0.8362,New & Promising,Automate win-back
C03256,52.1612,16.14,1,326,0.9047,New & Promising,Automate win-back
C15941,52.1503,91.99,1,279,0.9249,Deal Hunters,Automate win-back
C12394,52.0997,1181.1,13,318,0.9277,Champions,Automate win-back
C15684,52.0705,279.98,1,311,0.8969,Steady Regulars,Automate win-back
C03429,52.0555,70.17,2,336,0.8622,Steady Regulars,Automate win-back
C07102,52.0006,61.98,3,312,0.8479,Deal Hunters,Automate win-back
C16875,51.9999,463.97,1,319,0.9264,Steady Regulars,Automate win-back
C04624,51.9998,472.3,1,338,0.8975,Deal Hunters,Automate win-back
C00003,51.9744,87.98,11,330,0.9374,Champions,Automate win-back
C00392,51.9736,54.89,4,351,0.9124,Steady Regulars,Automate win-back
C05107,51.9391,79.98,3,263,0.8439,Steady Regulars,Automate win-back
C12126,51.8506,25.99,9,296,0.8887,Steady Regulars,Automate win-back
C00754,51.8498,244.98,4,319,0.9112,Steady Regulars,Automate win-back
C09466,51.8204,39.98,9,325,0.9521,Champions,Automate win-back
C09902,51.7695,0.0,2,213,0.7711,New & Promising,Automate win-back
C15362,51.6944,59.98,2,298,0.8172,Steady Regulars,Automate win-back
C05184,51.5245,29.98,10,340,0.8889,Champions,Automate win-back
C17435,51.4865,611.92,3,318,0.8714,Steady Regulars,Automate win-back
C08004,51.3143,20.79,1,361,0.9528,Deal Hunters,Automate win-back
C17803,51.2899,432.93,1,251,0.9004,Steady Regulars,Automate win-back
C17471,51.2853,52.99,1,207,0.8623,New & Promising,Automate win-back
C03847,51.2201,127.99,2,239,0.8167,Steady Regulars,Automate win-back
C04683,51.2056,46.77,5,341,0.9511,Steady Regulars,Automate win-back
C01812,51.1926,78.27,1,327,0.895,Steady Regulars,Automate win-back
C08701,51.1883,179.98,1,286,0.8428,Steady Regulars,Automate win-back
C11466,51.1838,162.32,1,321,0.8907,Deal Hunters,Automate win-back
C12472,51.0587,188.97,3,340,0.9121,Deal Hunters,Automate win-back
C01326,50.9143,347.98,1,356,0.89,Deal Hunters,Automate win-back
C12099,50.8999,30.99,1,241,0.8878,New & Promising,Automate win-back
C07835,50.892,52.99,1,196,0.8394,New & Promising,Automate win-back
C05896,50.8445,45.88,1,245,0.8952,Deal Hunters,Automate win-back
C09116,50.8391,42.43,1,289,0.9043,Deal Hunters,Automate win-back
C08928,50.8243,82.99,14,353,0.9699,Champions,Automate win-back
C09253,50.8215,118.99,3,208,0.7945,Steady Regulars,Automate win-back
C08970,50.8113,52.99,1,202,0.8937,New & Promising,Automate win-back
C10074,50.7875,62.99,1,213,0.9153,New & Promising,Automate win-back
C04764,50.7749,91.97,14,315,0.9789,Champions,Automate win-back
C05477,50.7663,203.97,5,346,0.9403,Steady Regulars,Automate win-back
C05531,50.7512,65.98,2,336,0.8486,Steady Regulars,Automate win-back
C00323,50.7205,392.96,1,365,0.8588,Steady Regulars,Automate win-back
C13590,50.6572,11.19,3,198,0.7508,Deal Hunters,Automate win-back
C07006,50.6186,89.99,1,237,0.8827,New & Promising,Automate win-back
C15171,50.4486,153.96,1,246,0.8429,Steady Regulars,Automate win-back
C14196,50.4444,801.96,1,350,0.8766,Steady Regulars,Automate win-back
C07786,50.3859,7.64,1,241,0.8856,New & Promising,Automate win-back
C14909,50.3792,523.96,10,343,0.8849,Champions,Automate win-back
C12607,50.273,446.97,1,313,0.9195,Steady Regulars,Automate win-back
C00166,50.2717,286.98,2,293,0.8109,Steady Regulars,Automate win-back
C08994,50.2129,40.79,1,356,0.955,Deal Hunters,Automate win-back
C04591,50.2077,500.96,1,349,0.8973,Steady Regulars,Automate win-back
C12014,50.1995,781.93,1,351,0.868,Steady Regulars,Automate win-back
C10631,50.1786,30.99,1,210,0.8689,New & Promising,Automate win-back
C11708,50.1712,104.97,5,354,0.9565,Steady Regulars,Automate win-back
C12547,49.9553,213.98,3,229,0.8457,Steady Regulars,Automate win-back
C14407,49.9452,53.99,13,357,0.9549,Champions,Automate win-back
C06742,49.9213,189.96,1,307,0.8588,Steady Regulars,Automate win-back
C15650,49.9076,118.99,2,232,0.7742,Deal Hunters,Automate win-back
C08684,49.7999,72.96,1,314,0.8552,New & Promising,Automate win-back
C07638,49.7634,31.99,3,355,0.8599,Steady Regulars,Automate win-back
C11706,49.7494,19.99,1,341,0.9468,Deal Hunters,Automate win-back
C10795,49.6653,122.18,3,320,0.8713,Steady Regulars,Automate win-back
C09883,49.6639,467.96,1,267,0.8374,Steady Regulars,Automate win-back
C14898,49.5767,196.96,1,350,0.8834,Steady Regulars,Automate win-back
C14558,49.5505,62.78,1,364,0.9288,New & Promising,Automate win-back
C04125,49.5356,140.38,2,197,0.8133,Steady Regulars,Automate win-back
C04283,49.5255,1043.91,8,319,0.9347,Steady Regulars,Automate win-back
C08011,49.5177,101.94,9,342,0.8856,Steady Regulars,Automate win-back
C11886,49.5131,25.99,1,179,0.8499,New & Promising,Automate win-back
C17524,49.4923,43.99,1,209,0.8757,New & Promising,Automate win-back
C04929,49.4754,53.36,16,337,0.9827,Champions,Automate win-back
C06036,49.4318,163.95,1,251,0.8892,Steady Regulars,Automate win-back
C15698,49.4309,681.87,24,257,0.9861,Champions,Automate win-back
C09420,49.4204,247.37,2,306,0.7876,Steady Regulars,Automate win-back
C06936,49.377,266.95,2,346,0.8564,Steady Regulars,Automate win-back
C00084,49.3613,28.99,2,211,0.7691,Steady Regulars,Automate win-back
C06162,49.3544,380.99,1,358,0.8999,Steady Regulars,Automate win-back
C17998,49.3367,237.38,15,359,0.9799,Champions,Automate win-back
C11634,49.3004,26.99,11,287,0.885,Champions,Automate win-back
C06861,49.2725,170.58,1,359,0.8946,Steady Regulars,Automate win-back
C09024,49.2254,25.99,12,291,0.8806,Champions,Automate win-back
C04185,49.1938,82.98,1,312,0.8726,Deal Hunters,Automate win-back
C03810,49.1783,41.99,8,351,0.9503,Steady Regulars,Automate win-back
C14796,49.1707,198.94,12,309,0.9256,Champions,Automate win-back
C09209,49.1581,111.96,1,357,0.9457,Deal Hunters,Automate win-back
C08839,49.1509,66.78,4,222,0.7985,Steady Regulars,Automate win-back
C05976,49.1133,43.19,1,283,0.9068,Deal Hunters,Automate win-back
C04214,49.0906,717.96,2,210,0.7914,Steady Regulars,Automate win-back
C17694,49.0546,219.98,1,327,0.9258,Steady Regulars,Automate win-back
C00549,49.0209,37.98,7,312,0.8681,Steady Regulars,Automate win-back
C01402,49.0145,70.38,3,364,0.9431,Steady Regulars,Automate win-back
C13479,48.9651,86.98,6,357,0.8916,Steady Regulars,Automate win-back
C08445,48.9386,59.35,4,339,0.9349,Steady Regulars,Automate win-back
C09545,48.9078,96.97,1,343,0.9461,New & Promising,Automate win-back
C01641,48.8986,14.99,8,350,0.8449,Steady Regulars,Automate win-back
C12258,48.8745,25.99,1,185,0.8635,New & Promising,Automate win-back
C11957,48.8594,140.95,8,305,0.9655,Steady Regulars,Automate win-back
C03096,48.8131,55.98,2,314,0.9478,New & Promising,Automate win-back
C08021,48.7917,108.99,3,329,0.9618,Steady Regulars,Automate win-back
C13577,48.7442,677.98,5,318,0.8716,Steady Regulars,Automate win-back
C00801,48.7348,29.97,1,249,0.8853,New & Promising,Automate win-back
C14224,48.7292,451.98,1,271,0.8737,Steady Regulars,Automate win-back
C16218,48.7121,39.99,1,227,0.8478,New & Promising,Automate win-back
C04302,48.6421,122.99,1,215,0.946,New & Promising,Automate win-back
C04016,48.6407,44.99,1,221,0.8389,New & Promising,Automate win-back
C03484,48.6377,10.99,1,205,0.865,New & Promising,Automate win-back
C06361,48.6339,47.99,1,209,0.8898,New & Promising,Automate win-back
C14889,48.6215,0.0,6,276,0.8656,Steady Regulars,Automate win-back
C10715,48.5626,38.58,1,361,0.9226,Deal Hunters,Automate win-back
C03533,48.51,295.94,6,341,0.9066,Steady Regulars,Automate win-back
C06363,48.3946,184.98,3,333,0.9037,Steady Regulars,Automate win-back
C02251,48.305,39.98,2,285,0.8217,Steady Regulars,Automate win-back
C04428,48.2031,93.58,1,353,0.9664,Deal Hunters,Automate win-back
C00499,48.1443,21.98,2,288,0.833,Deal Hunters,Automate win-back
C09509,48.0968,136.96,6,362,0.9505,Steady Regulars,Automate win-back
C08189,48.018,29.99,1,226,0.8975,New & Promising,Automate win-back
C04888,48.0159,70.97,2,274,0.8907,New & Promising,Automate win-back
C14657,47.9605,147.99,1,232,0.8555,Steady Regulars,Automate win-back
C13724,47.9365,32.99,1,223,0.8291,New & Promising,Automate win-back
C05932,47.9347,264.95,1,291,0.8359,Steady Regulars,Automate win-back
C07124,47.8789,34.99,8,365,0.9411,Steady Regulars,Automate win-back
C03967,47.825,363.97,1,304,0.8632,Steady Regulars,Automate win-back
C07507,47.807,9.99,3,343,0.8313,Deal Hunters,Automate win-back
C09519,47.7911,28.99,3,295,0.902,New & Promising,Automate win-back
C15899,47.7121,87.98,1,267,0.8943,New & Promising,Automate win-back
C09152,47.6509,59.98,1,358,0.9363,New & Promising,Automate win-back
C09165,47.6206,22.94,3,236,0.8681,Steady Regulars,Automate win-back
C12974,47.5762,105.55,9,339,0.9509,Steady Regulars,Automate win-back
C00461,47.5718,94.95,2,221,0.7978,Deal Hunters,Automate win-back
C09867,47.4755,150.99,2,227,0.848,Steady Regulars,Automate win-back
C03546,47.2923,494.96,8,348,0.9287,Steady Regulars,Automate win-back
C16880,47.2755,26.24,15,290,0.9701,Champions,Automate win-back
C03294,47.2174,89.97,1,306,0.9027,New & Promising,Automate win-back
C15980,47.1604,108.96,2,211,0.8114,Steady Regulars,Automate win-back
C14907,47.1602,25.28,1,236,0.8607,Deal Hunters,Automate win-back
C13172,47.0718,436.97,1,318,0.8952,Steady Regulars,Automate win-back
C04713,47.0507,1388.93,2,310,0.8503,Steady Regulars,Automate win-back
C13808,47.0008,160.97,8,364,0.8484,Champions,Automate win-back
C16180,46.9995,341.97,1,279,0.866,Steady Regulars,Automate win-back
C01736,46.9973,75.96,2,268,0.8254,New & Promising,Automate win-back
C15203,46.9016,221.17,6,327,0.8608,Steady Regulars,Automate win-back
C04292,46.8837,17.98,1,174,0.8639,New & Promising,Automate win-back
C14023,46.8404,17.59,9,357,0.8873,Champions,Automate win-back
C00721,46.839,0.0,1,340,0.9522,Deal Hunters,Automate win-back
C04041,46.8384,73.28,1,251,0.8647,New & Promising,Automate win-back
C02421,46.8313,400.98,1,335,0.9076,Steady Regulars,Automate win-back
C01351,46.8191,246.96,1,353,0.8798,Steady Regulars,Automate win-back
C06835,46.8073,45.88,1,323,0.9167,Deal Hunters,Automate win-back
C09157,46.7489,82.19,6,346,0.8776,Steady Regulars,Automate win-back
C09600,46.7148,17.84,1,242,0.916,Deal Hunters,Automate win-back
C09975,46.6354,350.96,1,251,0.8809,Steady Regulars,Automate win-back
C01567,46.6103,20.79,4,351,0.8753,Steady Regulars,Automate win-back
C14096,46.5965,63.37,1,346,0.9288,New & Promising,Automate win-back
C08650,46.5959,30.99,1,239,0.8878,New & Promising,Automate win-back
C05670,46.5767,35.18,1,355,0.9595,Deal Hunters,Automate win-back
C15087,46.5526,19.99,4,215,0.8093,Steady Regulars,Automate win-back
C02736,46.5106,35.99,1,223,0.8444,New & Promising,Automate win-back
C02971,46.4957,86.98,1,259,0.8155,New & Promising,Automate win-back
C06131,46.4941,685.78,1,290,0.8057,Deal Hunters,Automate win-back
C01421,46.4928,479.98,1,283,0.8713,Steady Regulars,Automate win-back
C05296,46.4499,51.98,2,312,0.9162,Steady Regulars,Automate win-back
C10681,46.4299,184.48,1,279,0.8667,Deal Hunters,Automate win-back
C04109,46.4262,42.18,9,340,0.872,Steady Regulars,Automate win-back
C02274,46.3742,84.78,2,363,0.9243,Steady Regulars,Automate win-back
C17065,46.3587,323.98,1,251,0.8435,Steady Regulars,Automate win-back
C07048,46.3486,132.97,2,313,0.9157,Steady Regulars,Automate win-back
C03177,46.3405,180.97,1,252,0.8556,Steady Regulars,Automate win-back
C06386,46.3332,46.99,1,236,0.9204,New & Promising,Automate win-back
C02356,46.3292,0.0,1,219,0.8998,New & Promising,Automate win-back
C07045,46.3268,283.98,10,338,0.8871,Champions,Automate win-back
C02244,46.3113,225.99,1,353,0.927,Steady Regulars,Automate win-back
C05824,46.3001,171.98,3,256,0.8588,Steady Regulars,Automate win-back
C14210,46.2885,202.97,4,318,0.8776,Steady Regulars,Automate win-back
C05546,46.2856,99.88,1,260,0.9115,Steady Regulars,Automate win-back
C16958,46.2603,142.98,3,332,0.9086,Steady Regulars,Automate win-back
C08926,46.2549,37.98,7,361,0.91,Steady Regulars,Automate win-back
C02842,46.2389,215.97,1,246,0.8371,Steady Regulars,Automate win-back
C06542,46.1395,54.23,1,283,0.9483,New & Promising,Automate win-back
C03986,46.1181,105.99,1,363,0.9205,Steady Regulars,Automate win-back
C02838,46.1076,160.96,1,292,0.8859,Steady Regulars,Automate win-back
C12949,46.0389,530.95,1,320,0.9402,Steady Regulars,Automate win-back
C10017,45.9718,53.98,5,358,0.9099,Steady Regulars,Automate win-back
C09664,45.9563,41.23,1,286,0.9087,Deal Hunters,Automate win-back
C12489,45.9536,296.46,1,284,0.8104,Deal Hunters,Automate win-back
C08841,45.8885,46.99,6,327,0.8695,Steady Regulars,Automate win-back
C09949,45.8663,388.34,1,269,0.7638,Steady Regulars,Automate win-back
C05858,45.8556,113.96,1,265,0.9087,Steady Regulars,Automate win-back
C09776,45.8546,117.74,1,350,0.8904,Steady Regulars,Automate win-back
C11094,45.8479,677.98,8,325,0.8383,Steady Regulars,Automate win-back
C02735,45.8472,88.97,1,265,0.8235,New & Promising,Automate win-back
C12281,45.8469,325.98,1,253,0.8359,Steady Regulars,Automate win-back
C03353,45.8146,87.78,4,362,0.9409,Steady Regulars,Automate win-back
C02464,45.7825,277.96,1,249,0.8414,Steady Regulars,Automate win-back
C09043,45.7691,53.98,1,249,0.8891,Deal Hunters,Automate win-back
C02383,45.7318,48.78,1,312,0.8842,Deal Hunters,Automate win-back
C06918,45.6456,38.88,1,320,0.9202,Deal Hunters,Automate win-back
C16883,45.6454,392.34,5,320,0.8686,Steady Regulars,Automate win-back
C14048,45.64,152.98,3,327,0.8646,Steady Regulars,Automate win-back
C13010,45.6164,367.95,1,274,0.8505,Steady Regulars,Automate win-back
C14645,45.5603,44.98,1,338,0.9314,Deal Hunters,Automate win-back
C00352,45.5306,53.98,3,289,0.8097,Steady Regulars,Automate win-back
C09743,45.5189,41.98,4,297,0.8562,New & Promising,Automate win-back
C15201,45.4872,115.96,2,332,0.9242,Steady Regulars,Automate win-back
C11385,45.4803,182.98,1,269,0.8825,Steady Regulars,Automate win-back
C04824,45.4789,401.95,6,307,0.8712,Steady Regulars,Automate win-back
C01627,45.4784,48.99,2,256,0.8375,Steady Regulars,Automate win-back
C01892,45.4511,588.96,7,364,0.9318,Steady Regulars,Automate win-back
C13826,45.4342,22.99,3,313,0.9035,Steady Regulars,Automate win-back
C06065,45.4253,17.99,1,191,0.8204,New & Promising,Automate win-back
C15674,45.3894,29.98,4,332,0.9007,Steady Regulars,Automate win-back
C10184,45.3442,26.98,8,362,0.9225,Steady Regulars,Automate win-back
C17194,45.2322,376.51,16,315,0.9448,Champions,Automate win-back
C05058,45.1918,77.97,4,348,0.8814,Steady Regulars,Automate win-back
C07398,45.1846,252.96,1,347,0.8624,Steady Regulars,Automate win-back
C05605,45.129,0.0,1,225,0.8733,New & Promising,Automate win-back
C10449,45.1237,219.95,1,329,0.9458,Steady Regulars,Automate win-back
C04671,45.1132,38.99,4,360,0.9395,Steady Regulars,Automate win-back
C15079,45.1069,0.0,1,332,0.9457,Deal Hunters,Automate win-back
C14751,45.0617,59.38,10,358,0.949,Steady Regulars,Automate win-back
C03625,45.0389,0.0,1,357,0.9638,Deal Hunters,Automate win-back
C07142,44.9832,23.99,1,287,0.9167,Deal Hunters,Automate win-back
C13710,44.9649,28.99,1,298,0.9174,New & Promising,Automate win-back
C02845,44.9309,161.99,10,360,0.9363,Steady Regulars,Automate win-back
C12035,44.9157,105.26,1,244,0.8944,Steady Regulars,Automate win-back
C17783,44.9051,117.73,1,280,0.9036,Deal Hunters,Automate win-back
C02798,44.8968,26.39,1,356,0.9672,Deal Hunters,Automate win-back
C06574,44.8968,20.79,1,352,0.9642,Deal Hunters,Automate win-back
C10940,44.8968,20.79,1,359,0.9591,Deal Hunters,Automate win-back
C02695,44.8968,11.99,1,355,0.9572,Deal Hunters,Automate win-back
C09275,44.8905,161.98,3,322,0.8876,Steady Regulars,Automate win-back
C02064,44.8864,59.96,2,273,0.8608,New & Promising,Automate win-back
C17014,44.8652,161.97,1,299,0.8651,Steady Regulars,Automate win-back
C06728,44.8019,66.38,1,354,0.9647,Deal Hunters,Automate win-back
C14411,44.796,173.98,5,285,0.8776,Steady Regulars,Automate win-back
C12558,44.786,52.99,2,310,0.8832,Steady Regulars,Automate win-back
C03046,44.7856,248.95,5,334,0.9575,Steady Regulars,Automate win-back
C01879,44.7642,217.98,1,262,0.7997,Steady Regulars,Automate win-back
C14803,44.7415,198.98,1,365,0.8509,Steady Regulars,Automate win-back
C12678,44.7362,158.93,14,364,0.9756,Champions,Automate win-back
C05170,44.7086,2398.97,48,192,0.9476,Champions,Automate win-back
C01190,44.6676,214.34,8,362,0.9589,Steady Regulars,Automate win-back
C16531,44.6644,191.97,1,278,0.8594,Steady Regulars,Automate win-back
C14052,44.6193,499.95,1,295,0.9237,Steady Regulars,Automate win-back
C09605,44.597,376.89,26,241,0.9623,Champions,Automate win-back
C04630,44.5497,199.98,1,353,0.9231,Steady Regulars,Automate win-back
C10892,44.5405,241.95,9,319,0.9401,Steady Regulars,Automate win-back
C11406,44.4971,26.34,1,245,0.8967,Deal Hunters,Automate win-back
C15361,44.4876,23.98,1,307,0.9208,New & Promising,Automate win-back
C13689,44.4345,114.98,1,334,0.9593,Steady Regulars,Automate win-back
C09137,44.3941,89.98,6,313,0.9062,Steady Regulars,Automate win-back
C05738,44.3659,59.98,2,219,0.8454,Steady Regulars,Automate win-back
C11709,44.3235,259.45,1,281,0.8097,Steady Regulars,Automate win-back
C11919,44.2831,213.97,1,302,0.8794,Steady Regulars,Automate win-back
C12820,44.2807,68.97,4,309,0.9425,Steady Regulars,Automate win-back
C10362,44.2547,59.96,1,288,0.9198,New & Promising,Automate win-back
C03056,44.1754,0.0,4,343,0.8366,Deal Hunters,Automate win-back
C04217,44.1653,388.97,1,298,0.8693,Steady Regulars,Automate win-back
C07016,44.1524,333.98,1,250,0.8815,Steady Regulars,Automate win-back
C02999,44.129,232.98,1,275,0.8742,Steady Regulars,Automate win-back
C15211,44.0884,367.97,1,262,0.8431,Steady Regulars,Automate win-back
C08654,44.0788,762.86,4,304,0.8349,Steady Regulars,Automate win-back
C14316,44.0146,434.95,1,311,0.9162,Steady Regulars,Automate win-back
C13168,43.9697,118.98,3,306,0.8468,Steady Regulars,Automate win-back
C14812,43.9164,99.59,1,345,0.9515,Deal Hunters,Automate win-back
C07793,43.8905,53.99,1,305,0.907,New & Promising,Automate win-back
C16262,43.8261,335.97,1,361,0.9164,Steady Regulars,Automate win-back
C05780,43.8154,404.96,1,316,0.8654,Steady Regulars,Automate win-back
C12385,43.8,335.98,1,288,0.888,Steady Regulars,Automate win-back
C11407,43.7737,0.0,3,252,0.862,Steady Regulars,Automate win-back
C02996,43.7653,64.97,2,361,0.9426,Steady Regulars,Automate win-back
C01967,43.7466,70.98,1,260,0.838,New & Promising,Automate win-back
C08048,43.6944,25.99,1,178,0.8386,New & Promising,Automate win-back
C00859,43.6917,94.38,1,362,0.9546,Deal Hunters,Automate win-back
C05771,43.6831,145.98,1,360,0.9368,Steady Regulars,Automate win-back
C03542,43.5797,52.78,1,352,0.9568,Deal Hunters,Automate win-back
C03426,43.5522,69.98,1,276,0.9294,New & Promising,Automate win-back
C00618,43.537,0.0,1,188,0.8787,New & Promising,Automate win-back
C00717,43.4913,95.95,1,248,0.9113,Steady Regulars,Automate win-back
C00870,43.4741,546.96,2,230,0.807,Steady Regulars,Automate win-back
C17682,43.4645,46.99,1,311,0.9169,New & Promising,Automate win-back
C07925,43.4642,23.99,7,306,0.8769,Champions,Automate win-back
C01008,43.4218,106.97,1,263,0.9081,Steady Regulars,Automate win-back
C14686,43.4007,264.37,1,335,0.8814,Deal Hunters,Automate win-back
C09779,43.3094,286.95,9,363,0.9574,Steady Regulars,Automate win-back
C11719,43.2996,0.0,7,281,0.8638,Steady Regulars,Automate win-back
C14959,43.2717,153.97,1,246,0.8298,Steady Regulars,Automate win-back
C02742,43.2672,10.99,1,179,0.7971,New & Promising,Automate win-back
C13920,43.2349,125.97,1,269,0.9164,New & Promising,Automate win-back
C12349,43.1777,141.98,1,311,0.9309,Steady Regulars,Automate win-back
C01007,43.174,149.95,2,305,0.849,Steady Regulars,Automate win-back
C12634,43.1725,183.98,1,265,0.8047,Steady Regulars,Automate win-back
C00877,43.1333,91.97,10,343,0.9627,Steady Regulars,Automate win-back
C10176,43.1329,135.98,1,365,0.9104,Steady Regulars,Automate win-back
C15324,43.1205,152.97,3,273,0.8784,Steady Regulars,Automate win-back
C04692,43.1194,8.99,1,188,0.878,New & Promising,Automate win-back
C10322,43.0812,232.27,1,275,0.796,Steady Regulars,Automate win-back
C02487,43.0157,230.98,2,282,0.8455,Steady Regulars,Automate win-back
C11751,42.9961,23.99,12,278,0.8962,Steady Regulars,Automate win-back
C10991,42.9813,149.08,1,333,0.9385,Deal Hunters,Automate win-back
C01177,42.9768,137.97,1,307,0.8799,Steady Regulars,Automate win-back
C16643,42.9705,115.96,1,274,0.9305,Steady Regulars,Automate win-back
C12575,42.9569,66.97,2,345,0.8714,Steady Regulars,Automate win-back
C13567,42.9292,124.98,1,288,0.9128,Steady Regulars,Automate win-back
C13670,42.927,145.97,1,281,0.9102,Steady Regulars,Automate win-back
C00258,42.9185,125.98,1,264,0.9009,New & Promising,Automate win-back
C13483,42.9132,15.98,1,231,0.9238,New & Promising,Automate win-back
C00566,42.9028,117.98,1,267,0.9265,Steady Regulars,Automate win-back
C01905,42.871,115.97,1,318,0.9166,Steady Regulars,Automate win-back
C00577,42.8458,52.97,1,288,0.9408,New & Promising,Automate win-back
C10254,42.8121,405.97,1,331,0.9178,Steady Regulars,Automate win-back
C16600,42.7732,1135.45,39,219,0.981,Champions,Automate win-back
C14958,42.7499,229.97,1,296,0.9102,Steady Regulars,Automate win-back
C10780,42.7303,264.97,1,260,0.8623,Steady Regulars,Automate win-back
C08424,42.686,191.98,1,279,0.8395,Steady Regulars,Automate win-back
C11577,42.6788,126.95,1,276,0.9178,Steady Regulars,Automate win-back
C14556,42.6727,110.38,1,344,0.9552,Deal Hunters,Automate win-back
C06069,42.6414,0.0,8,288,0.8546,Champions,Automate win-back
C05733,42.6288,319.77,1,308,0.8655,Steady Regulars,Automate win-back
C10816,42.6051,10.99,1,295,0.9198,New & Promising,Automate win-back
C13144,42.5901,176.94,13,335,0.9683,Steady Regulars,Automate win-back
C10751,42.5865,244.08,1,340,0.889,Deal Hunters,Automate win-back
C17340,42.583,8.49,1,239,0.9336,Deal Hunters,Automate win-back
C02600,42.5781,230.98,1,282,0.831,Steady Regulars,Automate win-back
C10876,42.5537,761.98,1,273,0.8445,Steady Regulars,Automate win-back
C15621,42.5536,256.98,7,348,0.8572,Steady Regulars,Automate win-back
C14247,42.5481,184.95,1,284,0.8539,Steady Regulars,Automate win-back
C10145,42.5463,8.99,1,179,0.7793,New & Promising,Automate win-back
C14689,42.5422,22.99,1,306,0.9439,New & Promising,Automate win-back
C12065,42.5017,19.99,4,231,0.8168,Steady Regulars,Automate win-back
C11644,42.4887,109.99,2,351,0.9201,Steady Regulars,Automate win-back
C12191,42.485,97.98,1,299,0.9256,New & Promising,Automate win-back
C13394,42.4624,96.96,1,321,0.9178,New & Promising,Automate win-back
C17085,42.46,225.96,9,338,0.8504,Steady Regulars,Automate win-back
C07693,42.3872,87.96,2,286,0.8956,New & Promising,Automate win-back
C07160,42.3209,224.97,2,358,0.9331,Deal Hunters,Automate win-back
C15529,42.3084,59.98,1,298,0.9013,New & Promising,Automate win-back
C14197,42.2899,100.97,1,244,0.9049,Steady Regulars,Automate win-back
C06514,42.2853,18.99,1,295,0.9377,New & Promising,Automate win-back
C01051,42.2853,18.99,1,292,0.9384,New & Promising,Automate win-back
C00805,42.2853,14.99,1,298,0.9327,New & Promising,Automate win-back
C14307,42.284,436.95,1,261,0.8513,Steady Regulars,Automate win-back
C16497,42.2835,45.98,1,322,0.8838,New & Promising,Automate win-back
C06603,42.2693,8.99,2,186,0.8405,New & Promising,Automate win-back
C04993,42.2565,86.38,1,343,0.9361,Deal Hunters,Automate win-back
C05692,42.2407,739.97,1,333,0.9077,Steady Regulars,Automate win-back
C17261,42.2027,169.96,1,308,0.8337,Steady Regulars,Automate win-back
C14953,42.1621,116.97,1,356,0.9161,Steady Regulars,Automate win-back
C02537,42.1577,234.96,1,299,0.914,Steady Regulars,Automate win-back
C01156,42.0872,154.95,1,260,0.8705,Steady Regulars,Automate win-back
C15041,42.0843,373.92,13,303,0.97,Champions,Automate win-back
C16918,42.0755,111.98,1,268,0.9291,Steady Regulars,Automate win-back
C12469,42.0077,91.12,10,322,0.8632,Steady Regulars,Automate win-back
C12951,41.9938,22.99,1,221,0.8721,New & Promising,Automate win-back
C12927,41.9842,298.98,3,314,0.8371,Steady Regulars,Automate win-back
C15009,41.9636,193.97,2,332,0.9111,Steady Regulars,Automate win-back
C15316,41.9551,852.94,17,347,0.9604,Champions,Automate win-back
C14118,41.9448,78.98,13,348,0.9694,Champions,Automate win-back
C10721,41.934,414.57,1,297,0.7577,Deal Hunters,Automate win-back
C01629,41.8948,121.98,1,340,0.9238,Steady Regulars,Automate win-back
C00329,41.8563,10.99,1,233,0.9207,New & Promising,Automate win-back
C04225,41.8427,1625.71,42,214,0.9721,Champions,Automate win-back
C01985,41.7946,21.99,1,242,0.896,New & Promising,Automate win-back
C15923,41.7923,123.98,1,349,0.9134,Steady Regulars,Automate win-back
C07402,41.7408,761.98,1,356,0.8966,Steady Regulars,Automate win-back
C11921,41.6184,35.09,1,323,0.9342,Deal Hunters,Automate win-back
C16848,41.6054,41.99,2,327,0.8976,New & Promising,Automate win-back
C06481,41.5791,148.99,2,326,0.911,Steady Regulars,Automate win-back
C00982,41.5284,167.96,2,299,0.8991,Steady Regulars,Automate win-back
C11488,41.5106,26.99,1,198,0.8827,New & Promising,Automate win-back
C08416,41.5006,63.97,1,258,0.8859,New & Promising,Automate win-back
C06406,41.471,115.96,1,274,0.8956,Steady Regulars,Automate win-back
C08254,41.4413,175.98,1,353,0.9112,Steady Regulars,Automate win-back
C17170,41.4306,121.98,1,337,0.9261,Steady Regulars,Automate win-back
C10282,41.4009,161.96,1,297,0.8443,Steady Regulars,Automate win-back
C02233,41.3621,59.98,1,351,0.9561,New & Promising,Automate win-back
C14621,41.3621,63.98,1,357,0.9679,New & Promising,Automate win-back
C00129,41.3524,20.79,1,355,0.9561,Deal Hunters,Automate win-back
C13585,41.3522,154.98,1,268,0.9065,Steady Regulars,Automate win-back
C07279,41.3289,189.98,1,264,0.8358,Steady Regulars,Automate win-back
C17114,41.3209,181.95,1,281,0.849,Steady Regulars,Automate win-back
C04358,41.2842,15.98,4,350,0.89,Steady Regulars,Automate win-back
C06582,41.2459,210.97,1,266,0.8215,Steady Regulars,Automate win-back
C16050,41.2041,48.59,1,347,0.9403,Deal Hunters,Automate win-back
C01664,41.1741,282.97,1,335,0.9281,Steady Regulars,Automate win-back
C00126,41.1571,623.96,2,255,0.8335,Steady Regulars,Automate win-back
C12566,41.1091,203.97,1,271,0.8545,Steady Regulars,Automate win-back
C12664,41.0946,58.49,1,273,0.9141,Deal Hunters,Automate win-back
C02514,41.0856,55.98,1,362,0.9438,New & Promising,Automate win-back
C02959,41.0443,44.97,1,256,0.8557,New & Promising,Automate win-back
C06769,40.9901,53.97,1,293,0.9218,New & Promising,Automate win-back
C17824,40.9875,156.97,1,354,0.9124,Steady Regulars,Automate win-back
C09732,40.9824,208.96,2,303,0.8583,Steady Regulars,Automate win-back
C12415,40.9621,194.98,1,258,0.7965,Steady Regulars,Automate win-back
C15080,40.9557,131.97,1,277,0.8864,Steady Regulars,Automate win-back
C05522,40.9317,79.98,1,349,0.9268,New & Promising,Automate win-back
C05320,40.9307,111.96,1,332,0.9594,Steady Regulars,Automate win-back
C14653,40.8949,336.97,1,308,0.9132,Steady Regulars,Automate win-back
C16782,40.868,338.99,1,340,0.9195,Steady Regulars,Automate win-back
C02019,40.8349,227.95,1,341,0.9074,Deal Hunters,Automate win-back
C05500,40.7497,59.98,1,258,0.8877,New & Promising,Automate win-back
C08375,40.7038,85.97,1,355,0.9516,New & Promising,Automate win-back
C06749,40.7017,25.99,2,269,0.8378,Steady Regulars,Automate win-back
C12728,40.6841,71.96,1,274,0.913,New & Promising,Automate win-back
C17872,40.674,82.99,5,363,0.963,Steady Regulars,Automate win-back
C13170,40.6347,43.19,1,344,0.9554,Deal Hunters,Automate win-back
C08527,40.6329,0.0,1,218,0.9108,New & Promising,Automate win-back
C10038,40.624,71.97,1,253,0.8445,New & Promising,Automate win-back
C16088,40.6058,131.97,1,333,0.9282,Steady Regulars,Automate win-back
C15958,40.5758,0.0,1,203,0.9138,New & Promising,Automate win-back
C10387,40.5478,39.73,2,326,0.9104,Deal Hunters,Automate win-back
C10027,40.54,323.96,1,266,0.8364,Steady Regulars,Automate win-back
C12725,40.4932,259.97,1,286,0.8921,Steady Regulars,Automate win-back
C01968,40.4189,0.0,1,299,0.944,New & Promising,Automate win-back
C17743,40.4155,88.98,1,247,0.8074,New & Promising,Automate win-back
C05420,40.4153,116.98,1,267,0.9136,Steady Regulars,Automate win-back
C07917,40.4083,24.99,4,334,0.8737,Steady Regulars,Automate win-back
C10989,40.3888,313.99,1,271,0.8683,Steady Regulars,Automate win-back
C16754,40.3756,106.96,1,311,0.9008,Steady Regulars,Automate win-back
C07409,40.3581,606.57,6,328,0.8384,Steady Regulars,Automate win-back
C00317,40.347,163.47,1,250,0.8644,Steady Regulars,Automate win-back
C09263,40.3298,50.97,12,333,0.9282,Steady Regulars,Automate win-back
C07587,40.3044,225.99,3,279,0.8508,Steady Regulars,Automate win-back
C15252,40.2918,140.95,1,339,0.9274,Steady Regulars,Automate win-back
C17206,40.2876,61.58,2,362,0.8815,Deal Hunters,Automate win-back
C06494,40.2837,18.99,3,259,0.8832,Steady Regulars,Automate win-back
C11374,40.2214,426.98,1,331,0.935,Steady Regulars,Automate win-back
C04400,40.2126,107.96,1,351,0.9218,New & Promising,Automate win-back
C08914,40.204,491.96,1,252,0.8886,Steady Regulars,Automate win-back
C03021,40.1476,310.97,1,255,0.852,Steady Regulars,Automate win-back
C01065,40.1102,326.97,1,294,0.9215,Steady Regulars,Automate win-back
C07051,40.11,313.99,1,288,0.8873,Steady Regulars,Automate win-back
C05121,40.0455,29.98,1,354,0.9273,New & Promising,Automate win-back
C00533,39.9985,165.99,1,350,0.8893,Steady Regulars,Automate win-back
C03906,39.9898,119.96,1,266,0.866,New & Promising,Automate win-back
C14842,39.965,0.0,1,218,0.886,New & Promising,Automate win-back
C01693,39.9551,50.98,3,248,0.7964,Steady Regulars,Automate win-back
C04982,39.9545,46.99,2,285,0.8462,New & Promising,Automate win-back
C06272,39.9506,0.0,1,358,0.9297,New & Promising,Automate win-back
C07122,39.9452,0.0,2,352,0.9003,Steady Regulars,Automate win-back
C05675,39.9109,78.97,1,319,0.9191,New & Promising,Automate win-back
C08298,39.9107,13.99,1,209,0.9177,New & Promising,Automate win-back
C06480,39.872,101.36,1,332,0.9354,Deal Hunters,Automate win-back
C05608,39.8513,0.0,1,343,0.9532,Deal Hunters,Automate win-back
C03125,39.8234,873.95,1,249,0.8436,Steady Regulars,Automate win-back
C12363,39.7876,391.98,1,352,0.8621,Steady Regulars,Automate win-back
C06553,39.7868,380.99,3,337,0.9096,Steady Regulars,Automate win-back
C10174,39.7792,53.99,17,341,0.9842,Champions,Automate win-back
C16439,39.7492,224.96,1,275,0.8767,Steady Regulars,Automate win-back
C03377,39.7178,23.99,5,263,0.8357,Steady Regulars,Automate win-back
C11593,39.7055,22.99,3,307,0.8747,Steady Regulars,Automate win-back
C04017,39.6811,555.97,3,362,0.8513,Steady Regulars,Automate win-back
C05595,39.6565,162.97,1,279,0.8761,Steady Regulars,Automate win-back
C01667,39.6503,150.98,1,256,0.8849,Steady Regulars,Automate win-back
C06579,39.6362,47.98,1,282,0.9113,New & Promising,Automate win-back
C08464,39.597,42.29,1,263,0.8501,Deal Hunters,Automate win-back
C04955,39.5847,128.18,1,247,0.8376,Deal Hunters,Automate win-back
C05432,39.5618,34.99,2,325,0.9263,New & Promising,Automate win-back
C11588,39.541,41.98,1,274,0.9044,New & Promising,Automate win-back
C04886,39.4495,141.99,1,342,0.9233,Steady Regulars,Automate win-back
C02723,39.4348,383.96,12,355,0.9658,Champions,Automate win-back
C09169,39.4251,277.98,1,262,0.8351,Steady Regulars,Automate win-back
C06428,39.4077,377.46,2,284,0.8728,Steady Regulars,Automate win-back
C09810,39.3868,574.97,1,333,0.9484,Steady Regulars,Automate win-back
C01130,39.2904,323.98,1,327,0.9373,Steady Regulars,Automate win-back
C13486,39.2594,50.98,3,364,0.9176,Steady Regulars,Automate win-back
C01923,39.224,91.98,1,352,0.9391,New & Promising,Automate win-back
C16216,39.2221,77.48,1,288,0.9103,Deal Hunters,Automate win-back
C00607,39.2218,221.46,12,314,0.9333,Champions,Automate win-back
C00696,39.2206,159.95,1,364,0.9047,Steady Regulars,Automate win-back
C00188,39.2161,18.99,1,265,0.8832,New & Promising,Automate win-back
C13390,39.2077,61.98,3,322,0.836,Steady Regulars,Automate win-back
C12637,39.2002,73.98,1,330,0.9055,New & Promising,Automate win-back
C13942,39.1948,55.98,1,339,0.9356,New & Promising,Automate win-back
C14084,39.1927,155.97,1,318,0.9037,Steady Regulars,Automate win-back
C13162,39.1618,79.98,1,259,0.8641,New & Promising,Automate win-back
C05078,39.1432,151.97,1,363,0.8739,Steady Regulars,Automate win-back
C16762,39.1375,68.97,1,303,0.8399,New & Promising,Automate win-back
C11409,39.1298,66.97,1,357,0.9205,New & Promising,Automate win-back
C10920,39.1105,225.99,1,318,0.9218,Steady Regulars,Automate win-back
C11686,39.0883,683.77,1,294,0.8473,Steady Regulars,Automate win-back
C10754,39.0862,26.99,1,264,0.8516,New & Promising,Automate win-back
C05168,39.0633,62.97,1,319,0.9074,New & Promising,Automate win-back
C05281,39.0149,67.99,2,363,0.8506,Deal Hunters,Automate win-back
C06997,39.0136,91.99,3,255,0.8225,Steady Regulars,Automate win-back
C14831,38.9782,61.99,2,324,0.9345,New & Promising,Automate win-back
C17614,38.9671,39.96,1,277,0.9186,New & Promising,Automate win-back
C03408,38.9509,380.99,1,286,0.8613,Steady Regulars,Automate win-back
C16815,38.9509,338.99,1,299,0.9046,Steady Regulars,Automate win-back
C12052,38.9243,79.96,2,272,0.8893,New & Promising,Automate win-back
C15104,38.9123,63.98,1,283,0.9069,New & Promising,Automate win-back
C05529,38.8964,2004.51,50,214,0.9873,Champions,Automate win-back
C01098,38.8741,20.79,8,355,0.9492,Steady Regulars,Automate win-back
C12715,38.8683,124.99,1,281,0.9517,Steady Regulars,Automate win-back
C15692,38.8032,64.99,1,288,0.9353,New & Promising,Automate win-back
C08064,38.7611,14.99,2,333,0.9212,Steady Regulars,Automate win-back
C15404,38.7219,33.98,1,341,0.9384,New & Promising,Automate win-back
C12635,38.7072,69.98,1,301,0.8575,New & Promising,Automate win-back
C17512,38.699,57.99,1,246,0.9383,New & Promising,Automate win-back
C09479,38.6775,122.99,2,270,0.8739,Steady Regulars,Automate win-back
C07955,38.5976,176.98,1,341,0.9552,Steady Regulars,Automate win-back
C03102,38.5861,200.97,1,362,0.8985,Steady Regulars,Automate win-back
C08341,38.5578,53.99,1,354,0.9763,New & Promising,Automate win-back
C16219,38.5347,225.99,1,320,0.9342,Steady Regulars,Automate win-back
C06896,38.5175,22.99,1,217,0.9174,New & Promising,Automate win-back
C05100,38.5155,62.99,1,247,0.8766,New & Promising,Automate win-back
C17719,38.5155,62.99,1,252,0.8911,New & Promising,Automate win-back
C01993,38.5106,91.99,1,328,0.9261,New & Promising,Automate win-back
C17665,38.4486,52.58,2,357,0.9143,Deal Hunters,Automate win-back
C09138,38.443,401.94,1,313,0.9131,Steady Regulars,Automate win-back
C07687,38.415,91.98,1,336,0.9547,New & Promising,Automate win-back
C03709,38.3941,137.98,1,263,0.8782,Steady Regulars,Automate win-back
C06655,38.3846,26.99,9,363,0.9582,Steady Regulars,Automate win-back
C11650,38.357,50.98,1,354,0.951,New & Promising,Automate win-back
C05965,38.3241,69.77,2,341,0.853,Steady Regulars,Automate win-back
C09798,38.2932,59.98,1,278,0.9335,New & Promising,Automate win-back
C06511,38.1956,19.98,4,291,0.863,Steady Regulars,Automate win-back
C05066,38.1934,135.98,1,309,0.8924,Steady Regulars,Automate win-back
C16291,38.1879,331.98,1,312,0.9298,Steady Regulars,Automate win-back
C17350,38.1792,108.99,1,305,0.9014,Steady Regulars,Automate win-back
C00386,38.1307,354.97,1,318,0.9143,Steady Regulars,Automate win-back
C14308,38.095,27.99,2,288,0.8713,New & Promising,Automate win-back
C07354,38.0856,54.98,1,361,0.9452,New & Promising,Automate win-back
C12570,38.0624,65.98,1,258,0.8734,New & Promising,Automate win-back
C13030,38.0494,407.97,1,312,0.9096,Steady Regulars,Automate win-back
C05302,37.9783,76.97,6,319,0.8514,Champions,Automate win-back
C05092,37.9663,9.99,1,295,0.9221,New & Promising,Automate win-back
C05158,37.9663,22.99,1,302,0.9468,New & Promising,Automate win-back
C00573,37.9464,94.98,1,339,0.9458,New & Promising,Automate win-back
C07453,37.9201,56.97,1,258,0.9134,New & Promising,Automate win-back
C12812,37.9023,22.99,1,233,0.8936,New & Promising,Automate win-back
C09752,37.8968,415.98,1,303,0.9008,Steady Regulars,Automate win-back
C14146,37.8399,571.98,1,247,0.8953,Steady Regulars,Automate win-back
C09543,37.8373,65.98,1,319,0.8944,New & Promising,Automate win-back
C17416,37.8033,487.9,17,331,0.9714,Champions,Automate win-back
C03014,37.8005,64.99,1,265,0.8732,New & Promising,Automate win-back
C11205,37.7702,40.98,1,337,0.9296,New & Promising,Automate win-back
C12423,37.7614,278.98,1,254,0.8332,Steady Regulars,Automate win-back
C09187,37.7581,62.99,1,266,0.8914,New & Promising,Automate win-back
C02466,37.748,69.98,2,272,0.8637,Steady Regulars,Automate win-back
C00682,37.7136,0.0,1,291,0.936,Deal Hunters,Automate win-back
C05356,37.7033,48.58,1,335,0.934,Deal Hunters,Automate win-back
C13853,37.6617,74.98,1,332,0.8942,New & Promising,Automate win-back
C10801,37.6521,67.99,1,363,0.9525,New & Promising,Automate win-back
C12344,37.634,33.99,3,294,0.8873,Steady Regulars,Automate win-back
C04711,37.6255,73.97,1,365,0.8997,New & Promising,Automate win-back
C07813,37.618,94.98,1,341,0.9456,New & Promising,Automate win-back
C09103,37.5398,181.98,1,259,0.8654,Steady Regulars,Automate win-back
C12867,37.5334,18.99,3,319,0.8872,Steady Regulars,Automate win-back
C05828,37.5291,298.96,1,319,0.9235,Steady Regulars,Automate win-back
C09956,37.5057,18.99,1,361,0.9193,New & Promising,Automate win-back
C11928,37.4659,11.99,1,364,0.9417,New & Promising,Automate win-back
C09251,37.4659,7.99,1,360,0.9535,New & Promising,Automate win-back
C16957,37.4659,14.99,1,362,0.9283,New & Promising,Automate win-back
C15944,37.4607,43.95,12,354,0.9662,Steady Regulars,Automate win-back
C05275,37.4409,380.99,1,265,0.8388,Steady Regulars,Automate win-back
C07167,37.4285,0.0,1,320,0.932,New & Promising,Automate win-back
C09202,37.4267,43.19,1,342,0.9598,Deal Hunters,Automate win-back
C11901,37.4036,122.99,1,244,0.9271,New & Promising,Automate win-back
C15042,37.4027,551.98,1,299,0.9009,Steady Regulars,Automate win-back
C10953,37.4022,111.96,1,354,0.9374,New & Promising,Automate win-back
C02870,37.3868,41.99,1,258,0.8654,New & Promising,Automate win-back
C05786,37.3793,62.99,1,271,0.9243,New & Promising,Automate win-back
C03762,37.3117,137.97,1,325,0.9457,Steady Regulars,Automate win-back
C05943,37.3096,71.96,1,313,0.8491,New & Promising,Automate win-back
C01853,37.2453,56.97,1,278,0.9113,New & Promising,Automate win-back
C02291,37.2148,80.97,1,298,0.8965,New & Promising,Automate win-back
C13362,37.1918,9.34,1,321,0.9557,Deal Hunters,Automate win-back
C00161,37.1902,94.99,1,349,0.915,New & Promising,Automate win-back
C05839,37.1814,185.98,1,351,0.9202,Steady Regulars,Automate win-back
C15239,37.1807,278.98,1,324,0.8902,Steady Regulars,Automate win-back
C05990,37.1337,22.99,1,198,0.8522,New & Promising,Automate win-back
C08192,37.0739,255.95,1,330,0.952,Steady Regulars,Automate win-back
C03548,37.0575,30.99,2,308,0.8422,New & Promising,Automate win-back
C06156,37.008,539.93,2,259,0.8408,Steady Regulars,Automate win-back
C11204,36.9737,0.0,1,248,0.8896,New & Promising,Automate win-back
C11336,36.948,7.99,2,248,0.845,New & Promising,Automate win-back
C08728,36.9373,21.99,1,198,0.8306,New & Promising,Automate win-back
C01528,36.8739,546.98,1,334,0.9238,Steady Regulars,Automate win-back
C00335,36.8138,168.98,1,332,0.9498,Steady Regulars,Automate win-back
C04690,36.7964,18.89,1,308,0.9484,Deal Hunters,Automate win-back
C01532,36.7833,41.99,1,328,0.9452,New & Promising,Automate win-back
C11891,36.7737,26.99,1,276,0.9227,New & Promising,Automate win-back
C01597,36.7689,720.97,1,308,0.8835,Steady Regulars,Automate win-back
C02615,36.7094,60.99,1,346,0.9437,New & Promising,Automate win-back
C09031,36.6856,29.99,1,253,0.7819,New & Promising,Automate win-back
C16570,36.6856,30.99,1,277,0.9208,New & Promising,Automate win-back
C02316,36.675,25.99,1,207,0.9014,New & Promising,Automate win-back
C08451,36.6162,100.87,2,342,0.9325,Steady Regulars,Automate win-back
C02516,36.465,31.99,1,327,0.9557,New & Promising,Automate win-back
C08429,36.4632,163.99,1,260,0.877,Steady Regulars,Automate win-back
C06612,36.4302,34.99,1,332,0.9619,New & Promising,Automate win-back
C11300,36.3852,944.41,23,293,0.9809,Champions,Automate win-back
C12864,36.3252,22.94,1,323,0.936,Deal Hunters,Automate win-back
C09286,36.2703,22.99,1,227,0.9023,New & Promising,Automate win-back
C01226,36.2265,28.99,1,308,0.914,New & Promising,Automate win-back
C17377,36.2263,113.97,13,346,0.9679,Champions,Automate win-back
C16953,36.1338,165.99,1,322,0.923,Steady Regulars,Automate win-back
C10858,36.1302,29.98,1,301,0.9379,New & Promising,Automate win-back
C14345,36.1094,31.99,1,323,0.9128,New & Promising,Automate win-back
C03626,36.0766,17.99,1,213,0.8773,New & Promising,Automate win-back
C08793,36.0678,23.99,1,200,0.902,New & Promising,Automate win-back
C13497,36.047,91.99,1,361,0.9626,New & Promising,Automate win-back
C00177,36.0221,138.98,1,305,0.902,Steady Regulars,Automate win-back
C08397,36.0152,501.98,11,328,0.8592,Steady Regulars,Automate win-back
C08283,35.964,51.98,1,319,0.9273,New & Promising,Automate win-back
C13707,35.9275,140.96,1,327,0.9531,Steady Regulars,Automate win-back
C11532,35.9208,22.99,1,192,0.8613,New & Promising,Automate win-back
C15250,35.8962,17.99,1,218,0.8941,New & Promising,Automate win-back
C14961,35.8761,37.98,1,351,0.9449,New & Promising,Automate win-back
C17195,35.8732,147.96,2,328,0.8564,Steady Regulars,Automate win-back
C15896,35.8701,80.98,1,313,0.9015,New & Promising,Automate win-back
C01721,35.8443,122.98,1,277,0.9327,New & Promising,Automate win-back
C02191,35.8239,64.99,1,271,0.9017,New & Promising,Automate win-back
C17861,35.7796,10.99,1,317,0.9245,New & Promising,Automate win-back
C04359,35.7651,18.99,1,344,0.9333,New & Promising,Automate win-back
C04640,35.7417,14.99,1,338,0.9374,New & Promising,Automate win-back
C02768,35.7417,17.99,1,336,0.9451,New & Promising,Automate win-back
C02750,35.7417,9.99,1,315,0.9352,New & Promising,Automate win-back
C17995,35.7417,24.99,1,322,0.9652,New & Promising,Automate win-back
C07130,35.7238,26.99,1,234,0.9347,New & Promising,Automate win-back
C06472,35.7179,0.0,1,250,0.9281,New & Promising,Automate win-back
C01264,35.7075,21.99,1,350,0.9618,New & Promising,Automate win-back
C00154,35.6877,743.95,1,326,0.9157,Steady Regulars,Automate win-back
C07098,35.6379,108.99,1,344,0.9482,New & Promising,Automate win-back
C02911,35.6247,520.37,20,237,0.96,Champions,Automate win-back
C04796,35.5787,194.98,2,292,0.9115,Steady Regulars,Automate win-back
C02040,35.5756,0.0,1,330,0.9529,New & Promising,Automate win-back
C01346,35.5513,30.99,1,327,0.9331,New & Promising,Automate win-back
C06491,35.5432,150.99,1,276,0.9041,Steady Regulars,Automate win-back
C16873,35.4994,41.98,1,293,0.9203,New & Promising,Automate win-back
C02417,35.4731,68.98,1,292,0.893,New & Promising,Automate win-back
C10059,35.4437,556.94,1,325,0.9319,Steady Regulars,Automate win-back
C16104,35.423,0.0,1,278,0.9285,New & Promising,Automate win-back
C15486,35.4166,37.98,1,304,0.9044,New & Promising,Automate win-back
C02550,35.3877,69.98,1,304,0.85,New & Promising,Automate win-back
C10540,35.3814,18.99,1,257,0.8313,New & Promising,Automate win-back
C09053,35.3814,20.99,1,278,0.9285,New & Promising,Automate win-back
C08139,35.3814,26.99,1,263,0.8724,New & Promising,Automate win-back
C04870,35.3677,225.99,1,289,0.9051,Steady Regulars,Automate win-back
C00209,35.3651,48.99,1,273,0.9226,New & Promising,Automate win-back
C07502,35.3608,268.93,5,345,0.894,Steady Regulars,Automate win-back
C16208,35.3358,2457.89,52,230,0.9784,Champions,Automate win-back
C15902,35.3353,20.99,2,276,0.8264,New & Promising,Automate win-back
C04748,35.3294,108.99,1,321,0.9496,New & Promising,Automate win-back
C12168,35.3268,61.98,1,333,0.9574,New & Promising,Automate win-back
C03126,35.3253,71.99,1,247,0.7919,New & Promising,Automate win-back
C02970,35.2999,139.98,1,338,0.9459,Steady Regulars,Automate win-back
C04716,35.2786,59.98,1,363,0.9611,New & Promising,Automate win-back
C12256,35.2355,61.99,1,348,0.9509,New & Promising,Automate win-back
C03695,35.2253,415.98,1,305,0.9006,Steady Regulars,Automate win-back
C01765,35.0976,0.0,1,271,0.9241,New & Promising,Automate win-back
C01399,35.097,20.69,5,314,0.8975,Steady Regulars,Automate win-back
C10844,35.0933,123.98,2,323,0.9173,New & Promising,Automate win-back
C00748,35.0775,48.96,1,314,0.8854,New & Promising,Automate win-back
C14314,35.0706,700.97,1,315,0.906,Steady Regulars,Automate win-back
C16012,35.0243,33.98,1,303,0.9115,New & Promising,Automate win-back
C03616,35.0219,61.99,1,281,0.934,New & Promising,Automate win-back
C11540,35.0157,0.0,1,294,0.938,New & Promising,Automate win-back
C05090,34.9938,0.0,1,242,0.9526,New & Promising,Automate win-back
C10398,34.964,317.76,12,352,0.9431,Champions,Automate win-back
C06492,34.954,20.99,1,229,0.9017,New & Promising,Automate win-back
C03201,34.9471,42.39,3,360,0.9505,Steady Regulars,Automate win-back
C13271,34.9135,568.76,14,353,0.9396,Champions,Automate win-back
C04460,34.8972,0.0,1,265,0.8829,New & Promising,Automate win-back
C07316,34.889,18.99,1,250,0.8992,New & Promising,Automate win-back
C13219,34.8401,0.0,1,217,0.9356,New & Promising,Automate win-back
C08761,34.702,606.98,1,332,0.9391,Steady Regulars,Automate win-back
C09920,34.6763,25.99,1,333,0.954,New & Promising,Automate win-back
C15385,34.6632,18.99,2,328,0.8566,Steady Regulars,Automate win-back
C13303,34.6293,640.24,33,244,0.9786,Champions,Automate win-back
C03138,34.6248,57.99,1,253,0.8273,New & Promising,Automate win-back
C14683,34.5815,46.99,1,247,0.886,New & Promising,Automate win-back
C10995,34.5475,157.55,2,361,0.8885,Deal Hunters,Automate win-back
C02281,34.5254,22.99,2,333,0.872,Deal Hunters,Automate win-back
C06964,34.5237,37.98,1,334,0.9476,New & Promising,Automate win-back
C15169,34.5237,59.98,1,340,0.9638,New & Promising,Automate win-back
C07612,34.4974,29.99,1,248,0.8877,New & Promising,Automate win-back
C11240,34.4974,29.99,1,253,0.8876,New & Promising,Automate win-back
C12055,34.487,20.99,9,340,0.9169,Steady Regulars,Automate win-back
C03336,34.4662,26.99,2,330,0.8591,New & Promising,Automate win-back
C16235,34.4398,23.99,1,269,0.9349,New & Promising,Automate win-back
C13716,34.4022,61.98,1,305,0.8777,New & Promising,Automate win-back
C10992,34.3962,22.99,1,223,0.8838,New & Promising,Automate win-back
C02369,34.3888,20.99,2,273,0.8574,New & Promising,Automate win-back
C10561,34.3582,218.96,4,251,0.8838,Steady Regulars,Automate win-back
C11315,34.3345,225.99,1,338,0.9411,Steady Regulars,Automate win-back
C04537,34.2736,184.56,5,329,0.9143,Steady Regulars,Automate win-back
C02819,34.2392,95.99,1,318,0.9408,New & Promising,Automate win-back
C16823,34.225,51.98,1,338,0.9535,New & Promising,Automate win-back
C06675,34.1753,91.99,1,255,0.9199,New & Promising,Automate win-back
C06344,34.1734,108.99,1,344,0.9451,New & Promising,Automate win-back
C04927,34.1617,62.99,1,260,0.8947,New & Promising,Automate win-back
C12113,34.0781,71.99,1,253,0.8381,New & Promising,Automate win-back
C10535,34.0499,106.99,1,272,0.9469,New & Promising,Automate win-back
C06319,34.0491,21.98,1,267,0.8931,New & Promising,Automate win-back
C06254,34.0358,20.79,12,355,0.9782,Champions,Automate win-back
C03190,34.0112,124.99,1,253,0.89,New & Promising,Automate win-back
C07821,33.9411,199.98,2,301,0.9229,Steady Regulars,Automate win-back
C12371,33.9021,123.98,1,349,0.9129,Steady Regulars,Automate win-back
C06144,33.8697,143.98,1,322,0.9384,Steady Regulars,Automate win-back
C05287,33.7596,0.0,1,227,0.9223,New & Promising,Automate win-back
C02630,33.7596,0.0,1,234,0.9683,New & Promising,Automate win-back
C04126,33.7596,0.0,1,228,0.9404,New & Promising,Automate win-back
C01355,33.7357,29.99,1,357,0.9691,New & Promising,Automate win-back
C01988,33.6988,94.98,1,349,0.9501,New & Promising,Automate win-back
C04010,33.6419,18.99,1,318,0.92,New & Promising,Automate win-back
C15417,33.6379,83.96,1,314,0.924,New & Promising,Automate win-back
C08493,33.6089,9.99,1,246,0.8992,New & Promising,Automate win-back
C14927,33.5662,18.99,1,227,0.8793,New & Promising,Automate win-back
C03360,33.5269,27.99,1,314,0.9515,New & Promising,Automate win-back
C02651,33.5222,71.99,1,258,0.8829,New & Promising,Automate win-back
C06687,33.5222,71.99,1,257,0.7961,New & Promising,Automate win-back
C12354,33.5101,48.99,1,289,0.9189,New & Promising,Automate win-back
C05803,33.4976,124.99,1,259,0.9253,New & Promising,Automate win-back
C03962,33.4974,11.99,3,284,0.8361,New & Promising,Automate win-back
C04767,33.4761,566.95,2,302,0.8409,Steady Regulars,Automate win-back
C16351,33.46,30.99,1,271,0.8854,New & Promising,Automate win-back
C02323,33.4256,32.99,1,256,0.8701,New & Promising,Automate win-back
C16490,33.4118,47.99,1,351,0.9238,New & Promising,Automate win-back
C00284,33.3975,57.99,1,268,0.93,New & Promising,Automate win-back
C05942,33.3939,18.99,1,248,0.875,New & Promising,Automate win-back
C11838,33.3833,300.33,3,346,0.8759,Steady Regulars,Automate win-back
C08518,33.3685,124.99,1,262,0.8648,New & Promising,Automate win-back
C10964,33.3685,147.99,1,260,0.8343,Steady Regulars,Automate win-back
C03286,33.3641,609.97,1,319,0.9108,Steady Regulars,Automate win-back
C11364,33.3465,18.99,1,310,0.9553,New & Promising,Automate win-back
C06654,33.3444,52.98,1,313,0.91,New & Promising,Automate win-back
C12739,33.3007,108.99,1,301,0.9222,New & Promising,Automate win-back
C15555,33.2389,0.0,1,231,0.9488,New & Promising,Automate win-back
C12777,33.2205,81.99,1,256,0.8634,New & Promising,Automate win-back
C12689,33.0983,72.99,1,260,0.8905,New & Promising,Automate win-back
C08167,33.0834,29.99,1,260,0.8528,New & Promising,Automate win-back
C00393,33.0558,45.98,1,332,0.9519,New & Promising,Automate win-back
C15769,33.031,73.99,1,273,0.9303,New & Promising,Automate win-back
C11469,33.0154,33.99,1,307,0.9292,New & Promising,Automate win-back
C00857,32.9812,33.99,1,354,0.9758,New & Promising,Automate win-back
C05284,32.9812,46.99,1,359,0.956,New & Promising,Automate win-back
C02888,32.9497,53.99,1,351,0.9638,New & Promising,Automate win-back
C13703,32.9262,168.99,1,321,0.9277,Steady Regulars,Automate win-back
C04908,32.8386,581.96,30,294,0.9778,Champions,Automate win-back
C15642,32.8352,14.99,2,329,0.9212,New & Promising,Automate win-back
C14844,32.7337,64.99,1,276,0.9547,New & Promising,Automate win-back
C06976,32.6895,18.99,1,258,0.8737,New & Promising,Automate win-back
C01753,32.5809,483.55,16,324,0.9756,Champions,Automate win-back
C02813,32.5507,91.99,1,262,0.9156,New & Promising,Automate win-back
C07432,32.5203,124.99,1,294,0.9432,Steady Regulars,Automate win-back
C07819,32.5053,59.98,1,334,0.9484,New & Promising,Automate win-back
C14829,32.505,161.99,1,293,0.9026,Steady Regulars,Automate win-back
C06215,32.4967,25.99,1,359,0.9576,New & Promising,Automate win-back
C09799,32.4353,217.98,2,323,0.9061,Steady Regulars,Automate win-back
C05088,32.3784,71.97,1,363,0.9344,New & Promising,Automate win-back
C13686,32.376,39.99,1,299,0.9215,New & Promising,Automate win-back
C15126,32.3294,22.99,1,296,0.9634,New & Promising,Automate win-back
C02172,32.3294,21.99,1,281,0.9417,New & Promising,Automate win-back
C12012,32.3294,23.99,1,280,0.9424,New & Promising,Automate win-back
C07728,32.2861,148.99,1,337,0.9417,Steady Regulars,Automate win-back
C08625,32.277,45.99,1,306,0.9169,New & Promising,Automate win-back
C11068,32.277,46.99,1,306,0.9161,New & Promising,Automate win-back
C10108,32.2055,0.0,1,310,0.9471,New & Promising,Automate win-back
C11088,32.1831,48.99,1,325,0.9407,New & Promising,Automate win-back
C16307,32.1831,47.99,1,335,0.9547,New & Promising,Automate win-back
C11117,32.1831,61.99,1,331,0.9621,New & Promising,Automate win-back
C09560,32.1648,67.99,1,277,0.9259,New & Promising,Automate win-back
C07011,32.1648,64.99,1,267,0.8725,New & Promising,Automate win-back
C15179,32.1646,21.98,1,336,0.9342,New & Promising,Automate win-back
C16608,32.1646,15.98,1,317,0.8953,New & Promising,Automate win-back
C11292,32.1524,61.99,1,320,0.9336,New & Promising,Automate win-back
C02283,32.1462,255.95,2,310,0.8933,Steady Regulars,Automate win-back
C09697,32.0472,20.99,1,357,0.9669,New & Promising,Automate win-back
C11082,32.0472,25.99,1,355,0.9736,New & Promising,Automate win-back
C11398,32.0166,24.99,1,364,0.9582,New & Promising,Automate win-back
C03879,31.9504,20.99,3,346,0.9098,Steady Regulars,Automate win-back
C09092,31.9046,31.99,1,320,0.9525,New & Promising,Automate win-back
C03974,31.9046,45.99,1,320,0.9352,New & Promising,Automate win-back
C13265,31.9046,41.99,1,348,0.9548,New & Promising,Automate win-back
C09471,31.9046,53.99,1,346,0.9604,New & Promising,Automate win-back
C08093,31.9044,30.99,1,291,0.9391,New & Promising,Automate win-back
C04390,31.8983,0.0,1,361,0.9508,New & Promising,Automate win-back
C13923,31.8876,30.99,1,311,0.9375,New & Promising,Automate win-back
C09331,31.8764,105.98,1,348,0.9248,New & Promising,Automate win-back
C11091,31.8585,21.99,1,273,0.9344,New & Promising,Automate win-back
C15562,31.8585,21.99,1,281,0.9514,New & Promising,Automate win-back
C08856,31.8585,22.99,1,277,0.9386,New & Promising,Automate win-back
C08764,31.8585,26.99,1,276,0.9383,New & Promising,Automate win-back
C16174,31.8585,23.99,1,276,0.9427,New & Promising,Automate win-back
C11908,31.8585,18.99,1,286,0.9426,New & Promising,Automate win-back
C14573,31.8405,29.99,1,345,0.9715,New & Promising,Automate win-back
C05438,31.84,188.74,2,290,0.8884,Steady Regulars,Automate win-back
C07824,31.765,22.99,1,273,0.9383,New & Promising,Automate win-back
C05816,31.7105,0.0,1,277,0.938,New & Promising,Automate win-back
C04229,31.5857,95.99,1,304,0.9341,New & Promising,Automate win-back
C06680,31.4633,29.99,1,328,0.9682,New & Promising,Automate win-back
C02076,31.4272,69.99,1,345,0.9198,New & Promising,Automate win-back
C06159,31.4272,71.99,1,327,0.8768,New & Promising,Automate win-back
C01128,31.3049,18.99,1,331,0.949,New & Promising,Automate win-back
C08553,31.2717,22.99,1,321,0.9662,New & Promising,Automate win-back
C17224,31.2717,18.99,1,340,0.9574,New & Promising,Automate win-back
C11955,31.2657,648.87,50,242,0.9855,Champions,Automate win-back
C12649,31.1296,17.99,1,303,0.9475,New & Promising,Automate win-back
C08448,31.1063,67.99,1,351,0.9517,New & Promising,Automate win-back
C09818,31.08,0.0,1,296,0.9453,New & Promising,Automate win-back
C13813,30.9811,31.99,2,357,0.9657,New & Promising,Automate win-back
C14891,30.9715,9.99,1,337,0.9498,New & Promising,Automate win-back
C15689,30.9215,0.0,1,333,0.9507,New & Promising,Automate win-back
C06130,30.8147,30.99,1,337,0.9773,New & Promising,Automate win-back
C04779,30.8087,0.0,1,356,0.9632,New & Promising,Automate win-back
C13356,30.7702,25.99,1,286,0.9555,New & Promising,Automate win-back
C15588,30.7702,14.99,1,283,0.9249,New & Promising,Automate win-back
C01520,30.5958,275.99,16,363,0.9634,Champions,Automate win-back
C14586,30.5723,14.99,1,322,0.9293,New & Promising,Automate win-back
C11289,30.3256,1862.88,27,279,0.9825,Champions,Automate win-back
C07274,30.1048,91.99,1,349,0.9329,New & Promising,Automate win-back
C13672,30.0662,18.99,1,308,0.953,New & Promising,Automate win-back
C08255,29.9421,14.99,1,338,0.9378,New & Promising,Automate win-back
C07272,29.9421,18.99,1,330,0.9583,New & Promising,Automate win-back
C07109,29.9421,20.99,1,328,0.9511,New & Promising,Automate win-back
C12467,29.7568,111.98,2,308,0.9262,New & Promising,Automate win-back
C15781,29.6747,69.99,1,349,0.9501,New & Promising,Automate win-back
C14503,29.5302,30.97,16,337,0.9957,Champions,Automate win-back
C12428,29.3722,0.0,1,318,0.9447,New & Promising,Automate win-back
C08131,29.2221,497.92,23,254,0.9787,Champions,Automate win-back
C08099,29.1172,298.95,6,317,0.9461,Steady Regulars,Automate win-back
C17924,29.1034,65.28,24,288,0.9911,Champions,Automate win-back
C05775,28.982,1811.24,28,250,0.9664,Champions,Automate win-back
C14853,28.668,178.97,4,356,0.9565,Steady Regulars,Automate win-back
C05962,28.3899,86.97,50,299,0.9899,Champions,Automate win-back
C04068,27.9585,89.97,16,340,0.9702,Champions,Automate win-back
C06045,27.6622,416.82,14,284,0.9543,Champions,Automate win-back
C12691,27.2788,245.97,2,332,0.9477,Steady Regulars,Automate win-back
C17838,24.7318,1431.57,37,259,0.9802,Champions,Automate win-back
C07042,24.6181,794.83,22,257,0.9807,Champions,Automate win-back
C12610,24.2524,71.98,15,329,0.9784,Champions,Automate win-back
C10805,23.7087,388.92,73,256,0.9875,Champions,Automate win-back
C00299,23.5579,1275.82,25,272,0.986,Champions,Automate win-back
C10592,23.3566,447.46,11,352,0.9778,Champions,Automate win-back
C07332,22.7629,628.89,41,287,0.9859,Champions,Automate win-back
C16289,22.6836,11.99,25,305,0.9898,Champions,Automate win-back
C07027,22.1381,31.99,14,351,0.9831,Champions,Automate win-back
C16511,22.014,1492.09,25,271,0.9726,Champions,Automate win-back
C17027,21.6234,963.95,19,344,0.9605,Champions,Automate win-back
C04236,21.3906,576.69,42,286,0.9932,Champions,Automate win-back
C13408,21.1685,167.34,21,364,0.9881,Champions,Automate win-back
C13897,20.9485,1358.89,27,320,0.9927,Champions,Automate win-back
C08906,20.4998,45.99,18,351,0.9913,Champions,Automate win-back
C05408,20.4605,89.97,30,345,0.9897,Champions,Automate win-back
C05811,20.102,63.58,28,357,0.9945,Champions,Automate win-back
C14868,20.0598,165.96,18,339,0.9883,Champions,Automate win-back
C02343,20.0338,45.99,16,355,0.9736,Champions,Automate win-back
C11568,20.0001,72.98,21,341,0.9883,Champions,Automate win-back
C02113,19.7253,133.94,23,313,0.9867,Champions,Automate win-back
C01707,19.4286,552.89,22,343,0.9872,Champions,Automate win-back
C17533,19.0865,328.94,20,361,0.9883,Champions,Automate win-back
C05418,18.3278,394.96,33,365,0.9892,Champions,Automate win-back
C14560,18.1401,135.15,26,326,0.9936,Champions,Automate win-back
C06335,17.5855,49.59,21,355,0.9937,Champions,Automate win-back
C05417,17.4025,406.98,19,348,0.9695,Champions,Automate win-back
C01957,17.1878,155.97,77,361,0.982,Champions,Automate win-back
C10383,17.1667,295.93,13,357,0.9671,Champions,Automate win-back
C07291,17.1067,140.96,32,322,0.9906,Champions,Automate win-back
C15702,17.0234,48.97,24,357,0.9846,Champions,Automate win-back
C09367,16.8232,112.97,20,327,0.9932,Champions,Automate win-back
C11465,16.3684,83.97,24,348,0.9862,Champions,Automate win-back
C11218,16.3684,80.37,24,357,0.9922,Champions,Automate win-back
C01362,16.1954,461.37,30,338,0.9908,Champions,Automate win-back
C09212,16.1689,601.92,73,324,0.9921,Champions,Automate win-back
C11221,16.0288,14.99,36,349,0.991,Champions,Automate win-back
C01150,15.8695,187.96,30,313,0.9869,Champions,Automate win-back
