customer_id,segment,R,F,M,RFM,recency_days,frequency,monetary,avg_order_value,discount_share,n_categories,tenure_days,digital_share,return_rate
C00001,Steady Regulars,4,4,3,443,60,6,537.54,89.59,0.025,4,459,1.0,0.286
C00002,Champions,3,4,4,344,146,8,1643.54,205.442,0.132,5,947,0.875,0.0
C00003,Champions,3,5,5,355,330,11,1908.24,173.476,0.123,5,1038,0.909,0.12
C00004,Steady Regulars,4,2,3,423,89,2,271.92,135.96,0.0,2,91,1.0,0.0
C00005,Lapsed / Hibernating,1,2,3,123,751,2,282.31,141.155,0.603,2,766,1.0,0.0
C00006,New & Promising,3,3,2,332,147,3,91.35,30.45,0.168,2,540,1.0,0.0
C00009,Champions,5,5,5,555,1,31,3586.27,115.686,0.036,6,764,0.806,0.136
C00010,Steady Regulars,4,2,3,423,60,2,270.9,135.45,0.0,4,162,0.5,0.125
C00011,Champions,5,5,5,555,18,26,5447.88,209.534,0.166,4,932,0.885,0.07
C00014,Deal Hunters,3,1,1,311,145,1,47.59,47.59,1.0,1,145,1.0,0.0
C00015,Lapsed / Hibernating,2,1,1,211,641,1,36.99,36.99,0.0,1,641,1.0,0.0
C00016,Steady Regulars,3,3,4,334,144,4,890.69,222.672,0.103,2,355,0.0,0.0
C00017,New & Promising,4,1,1,411,79,1,26.99,26.99,0.0,1,79,1.0,0.0
C00018,New & Promising,4,1,1,411,91,1,51.99,51.99,0.0,1,91,1.0,0.0
C00019,Lapsed / Hibernating,2,1,2,212,534,1,179.34,179.34,1.0,1,534,0.0,0.0
C00020,Lapsed / Hibernating,1,4,5,145,717,6,2330.3,388.383,0.319,2,967,0.333,0.0
C00021,Steady Regulars,3,3,3,333,324,3,444.95,148.317,0.0,4,416,1.0,0.333
C00022,Steady Regulars,5,2,3,523,4,2,525.96,262.98,0.0,2,59,1.0,0.25
C00024,Deal Hunters,4,1,1,411,34,1,27.98,27.98,1.0,2,34,1.0,0.333
C00025,Lapsed / Hibernating,2,1,2,212,411,1,170.97,170.97,0.0,1,411,1.0,0.0
C00028,New & Promising,4,1,1,411,78,1,26.99,26.99,0.0,1,78,1.0,0.0
C00029,Lapsed / Hibernating,2,5,5,255,580,12,1971.52,164.293,0.177,6,1058,0.917,0.179
C00030,Steady Regulars,4,4,3,443,42,6,511.58,85.263,0.093,5,379,1.0,0.1
C00031,Lapsed / Hibernating,1,3,4,134,1040,3,1306.25,435.417,0.204,3,1063,0.0,0.0
C00032,Lapsed / Hibernating,2,1,1,211,611,1,23.99,23.99,0.0,1,611,0.0,0.0
C00035,Lapsed / Hibernating,1,2,3,123,989,2,495.94,247.97,0.0,3,1071,1.0,0.0
C00036,Lapsed / Hibernating,1,1,2,112,728,1,223.96,223.96,0.0,3,728,0.0,0.0
C00037,Lapsed / Hibernating,1,3,2,132,906,3,183.94,61.313,0.0,3,1091,1.0,0.2
C00040,Lapsed / Hibernating,1,3,3,133,792,3,539.92,179.973,0.0,4,890,0.0,0.0
C00043,Champions,4,5,5,455,35,17,3155.9,185.641,0.376,7,688,0.0,0.0
C00044,Lapsed / Hibernating,1,3,2,132,795,3,205.96,68.653,0.0,3,1037,1.0,0.0
C00045,New & Promising,5,2,2,522,18,2,121.37,60.685,0.193,2,120,1.0,0.0
C00046,Steady Regulars,5,3,4,534,17,4,1090.27,272.568,0.043,4,327,0.25,0.0
C00047,Deal Hunters,5,3,2,532,9,3,144.75,48.25,0.903,3,34,1.0,0.0
C00048,Steady Regulars,3,1,4,314,189,1,698.74,698.74,0.536,2,189,1.0,0.0
C00049,Steady Regulars,5,4,3,543,22,5,459.91,91.982,0.0,5,429,1.0,0.0
C00050,Steady Regulars,3,3,3,333,188,4,507.73,126.932,0.295,3,544,0.75,0.143
C00051,Champions,5,5,5,555,2,66,11914.75,180.527,0.044,8,1080,0.97,0.085
C00055,Lapsed / Hibernating,2,2,2,222,562,2,87.37,43.685,0.21,2,749,1.0,0.0
C00057,Steady Regulars,3,3,4,334,359,3,741.92,247.307,0.07,2,780,1.0,0.25
C00058,Steady Regulars,3,5,4,354,240,14,1668.53,119.181,0.081,4,909,0.929,0.138
C00059,Champions,5,4,4,544,14,7,894.18,127.74,0.16,5,268,0.0,0.0
C00061,New & Promising,4,1,1,411,56,1,66.27,66.27,0.367,1,56,0.0,0.0
C00063,Champions,3,5,5,355,186,46,7433.4,161.596,0.126,7,1056,0.913,0.081
C00064,Lapsed / Hibernating,1,1,3,113,1080,1,317.96,317.96,0.0,2,1080,0.0,0.0
C00066,Lapsed / Hibernating,2,2,3,223,682,2,507.94,253.97,0.0,3,819,1.0,0.0
C00068,New & Promising,3,1,2,312,136,1,89.98,89.98,0.0,2,136,0.0,0.0
C00069,Lapsed / Hibernating,1,2,3,123,728,2,500.93,250.465,0.0,3,1047,0.0,0.0
C00070,Lapsed / Hibernating,2,3,2,232,382,3,147.96,49.32,0.0,3,640,1.0,0.0
C00071,Lapsed / Hibernating,1,2,4,124,954,2,1025.91,512.955,0.0,3,1040,0.0,0.0
C00072,Lapsed / Hibernating,2,1,1,211,625,1,31.99,31.99,0.0,1,625,0.0,0.0
C00073,Lapsed / Hibernating,1,2,2,122,899,2,165.87,82.935,0.893,2,1012,1.0,0.4
C00074,Champions,4,5,5,455,63,19,3644.14,191.797,0.134,4,834,0.211,0.073
C00075,Steady Regulars,4,3,3,433,111,4,353.94,88.485,0.051,3,607,1.0,0.0
C00076,Champions,4,5,4,454,32,11,1473.77,133.979,0.257,3,661,0.182,0.217
C00077,Lapsed / Hibernating,1,3,3,133,709,3,545.95,181.983,0.0,4,817,0.333,0.333
C00078,Champions,4,5,5,455,29,11,3452.0,313.818,0.014,6,681,1.0,0.147
C00079,Lapsed / Hibernating,2,1,1,211,546,1,79.98,79.98,1.0,1,546,0.0,0.0
C00080,Lapsed / Hibernating,1,1,4,114,711,1,729.57,729.57,0.021,2,711,0.0,0.0
C00081,Lapsed / Hibernating,1,1,3,113,713,1,432.96,432.96,0.0,2,713,1.0,0.0
C00082,Lapsed / Hibernating,1,1,3,113,776,1,340.98,340.98,0.0,1,776,0.0,0.0
C00083,Steady Regulars,3,3,4,334,129,3,970.78,323.593,0.729,6,498,1.0,0.1
C00084,Steady Regulars,3,2,3,323,211,2,409.96,204.98,0.0,4,581,1.0,0.2
C00087,Lapsed / Hibernating,2,1,1,211,679,1,29.99,29.99,0.0,1,679,1.0,0.0
C00088,Steady Regulars,4,4,3,443,28,6,434.81,72.468,0.053,4,235,1.0,0.0
C00090,Steady Regulars,3,4,4,344,336,10,1091.26,109.126,0.451,5,976,1.0,0.211
C00091,Lapsed / Hibernating,1,1,1,111,1007,1,68.97,68.97,0.0,2,1007,0.0,0.0
C00092,Lapsed / Hibernating,1,5,4,154,807,15,1643.7,109.58,0.014,3,1081,0.933,0.038
C00093,Champions,5,4,4,544,5,7,1295.07,185.01,0.189,7,96,0.857,0.0
C00094,Lapsed / Hibernating,2,1,3,213,443,1,503.97,503.97,0.0,2,443,1.0,0.0
C00096,Lapsed / Hibernating,1,2,2,122,797,2,219.64,109.82,0.599,4,968,1.0,0.0
C00098,Lapsed / Hibernating,2,2,2,222,384,2,142.98,71.49,0.0,3,412,0.0,0.333
C00099,Champions,5,4,4,544,8,10,902.32,90.232,0.251,7,296,1.0,0.208
C00101,Champions,5,5,5,555,4,34,4745.88,139.585,0.134,8,1063,0.118,0.053
C00102,Deal Hunters,3,1,1,311,182,1,58.39,58.39,1.0,1,182,0.0,0.0
C00103,New & Promising,4,1,2,412,118,1,173.99,173.99,0.0,1,118,1.0,0.5
C00104,Champions,5,5,5,555,4,34,6211.54,182.692,0.157,7,636,0.176,0.086
C00105,New & Promising,5,2,2,522,23,2,92.98,46.49,0.0,2,246,0.5,0.333
C00106,New & Promising,4,1,1,411,114,1,40.99,40.99,0.0,1,114,1.0,0.0
C00107,Lapsed / Hibernating,2,1,2,212,640,1,153.98,153.98,0.0,2,640,0.0,0.0
C00108,Lapsed / Hibernating,1,1,1,111,886,1,31.98,31.98,0.0,1,886,1.0,0.0
C00109,Lapsed / Hibernating,1,2,2,122,750,2,232.97,116.485,0.0,3,1089,0.0,0.4
C00110,Champions,5,5,5,555,9,53,12788.15,241.286,0.143,8,1096,0.925,0.078
C00112,Steady Regulars,3,1,3,313,162,1,288.99,288.99,0.121,3,162,1.0,0.667
C00113,New & Promising,3,1,1,311,132,1,7.99,7.99,0.0,1,132,1.0,0.0
C00114,Champions,4,4,4,444,61,7,1035.62,147.946,0.019,7,880,0.143,0.0
C00115,New & Promising,3,1,1,311,128,1,63.99,63.99,0.0,1,128,1.0,0.0
C00116,New & Promising,4,1,1,411,49,1,16.99,16.99,0.0,1,49,1.0,0.0
C00118,Steady Regulars,5,2,3,523,19,2,632.91,316.455,0.07,5,70,0.5,0.0
C00119,Steady Regulars,4,1,3,413,63,1,268.96,268.96,0.0,2,63,1.0,0.0
C00121,Deal Hunters,4,1,2,412,38,1,162.36,162.36,1.0,3,38,1.0,0.0
C00122,Lapsed / Hibernating,2,4,4,244,587,7,1466.03,209.433,0.066,3,992,0.0,0.19
C00123,Lapsed / Hibernating,2,4,4,244,414,7,1320.84,188.691,0.0,5,750,0.143,0.0
C00124,Lapsed / Hibernating,2,1,2,212,371,1,117.97,117.97,0.0,2,371,1.0,0.0
C00125,Lapsed / Hibernating,1,1,1,111,809,1,0.0,0.0,0.0,1,809,1.0,1.0
C00126,Steady Regulars,3,2,4,324,255,2,697.94,348.97,0.0,1,623,1.0,0.0
C00128,Lapsed / Hibernating,1,1,1,111,1090,1,28.99,28.99,0.0,1,1090,0.0,0.0
C00129,Deal Hunters,3,1,1,311,355,1,20.79,20.79,1.0,1,355,1.0,0.0
C00131,Lapsed / Hibernating,1,2,1,121,809,2,77.98,38.99,0.0,1,936,1.0,0.0
C00132,Lapsed / Hibernating,2,5,5,255,488,12,2635.74,219.645,0.273,4,1046,0.167,0.067
C00134,Lapsed / Hibernating,1,1,2,112,1094,1,266.97,266.97,0.0,3,1094,1.0,0.0
C00135,Lapsed / Hibernating,2,1,1,211,571,1,44.99,44.99,0.0,1,571,1.0,0.0
C00136,Steady Regulars,3,4,3,343,252,5,578.9,115.78,0.0,3,933,1.0,0.111
C00137,Lapsed / Hibernating,1,2,3,123,755,2,429.95,214.975,0.0,3,826,1.0,0.2
C00139,Champions,3,5,5,355,166,11,1978.65,179.877,0.111,7,739,0.182,0.04
C00140,Steady Regulars,4,2,2,422,51,2,201.95,100.975,0.059,3,352,1.0,0.0
C00141,Lapsed / Hibernating,1,1,1,111,764,1,53.98,53.98,0.0,1,764,0.0,0.0
C00142,Lapsed / Hibernating,1,2,3,123,1023,2,379.93,189.965,0.687,3,1083,0.5,0.0
C00143,Champions,5,5,5,555,13,34,6882.11,202.415,0.099,8,856,0.912,0.1
C00144,Steady Regulars,4,3,4,434,122,4,876.87,219.218,0.0,6,523,0.0,0.0
C00145,Steady Regulars,4,3,4,434,69,3,713.21,237.737,0.034,3,615,1.0,0.0
C00146,Champions,5,5,5,555,26,37,8139.48,219.986,0.114,8,1085,0.189,0.023
C00147,Lapsed / Hibernating,2,3,3,233,639,3,421.44,140.48,0.361,3,968,0.0,0.143
C00148,Lapsed / Hibernating,2,1,2,212,457,1,135.98,135.98,0.0,1,457,0.0,0.0
C00149,New & Promising,4,1,1,411,70,1,63.99,63.99,0.0,1,70,0.0,0.0
C00150,Lapsed / Hibernating,2,2,2,222,443,2,117.97,58.985,0.0,2,478,1.0,0.0
C00151,Lapsed / Hibernating,2,1,2,212,556,1,195.97,195.97,0.0,2,556,1.0,0.0
C00153,Lapsed / Hibernating,2,4,3,243,387,10,641.59,64.159,0.335,4,801,0.2,0.0
C00154,Steady Regulars,3,1,4,314,326,1,743.95,743.95,0.0,2,326,1.0,0.0
C00156,Lapsed / Hibernating,1,2,3,123,865,2,287.57,143.785,0.294,3,1001,0.5,0.0
C00157,Steady Regulars,5,4,4,544,10,9,827.93,91.992,0.069,4,101,1.0,0.05
C00159,Lapsed / Hibernating,1,1,2,112,909,1,184.99,184.99,0.0,1,909,0.0,0.0
C00160,Steady Regulars,5,2,4,524,2,2,850.84,425.42,0.403,3,273,0.0,0.0
C00161,New & Promising,3,1,2,312,349,1,94.99,94.99,0.0,1,349,0.0,0.0
C00163,Champions,5,5,5,555,2,37,8357.05,225.866,0.106,8,1077,0.919,0.048
C00164,Lapsed / Hibernating,1,3,4,134,869,3,710.54,236.847,0.164,2,929,1.0,0.2
C00165,Champions,3,5,5,355,260,18,3660.4,203.356,0.02,4,848,0.222,0.132
C00166,Steady Regulars,3,2,3,323,293,2,457.93,228.965,0.0,3,884,1.0,0.2
C00167,Champions,5,5,5,555,13,12,1896.31,158.026,0.056,6,1090,0.917,0.048
C00169,Lapsed / Hibernating,2,1,1,211,700,1,45.99,45.99,0.0,1,700,1.0,0.0
C00170,Lapsed / Hibernating,1,5,5,155,817,13,4585.62,352.74,0.232,6,1078,0.923,0.051
C00171,Champions,5,4,4,544,10,7,1163.05,166.15,0.53,5,549,0.286,0.077
C00172,Lapsed / Hibernating,2,1,1,211,504,1,79.02,79.02,1.0,1,504,0.0,0.0
C00173,Deal Hunters,4,1,1,411,85,1,84.97,84.97,0.57,2,85,1.0,0.333
C00174,Champions,5,5,5,555,6,20,2936.49,146.824,0.196,7,430,0.95,0.102
C00176,Lapsed / Hibernating,1,4,3,143,739,6,481.97,80.328,0.612,5,1081,0.833,0.0
C00177,Steady Regulars,3,1,2,312,305,1,138.98,138.98,0.0,2,305,1.0,0.0
C00178,Lapsed / Hibernating,2,5,5,255,433,14,4293.48,306.677,0.011,7,1058,0.143,0.097
C00179,Lapsed / Hibernating,1,4,4,144,740,7,1391.88,198.84,0.009,3,1095,1.0,0.0
C00181,Lapsed / Hibernating,1,1,1,111,1017,1,57.98,57.98,0.0,2,1017,1.0,0.0
C00183,Lapsed / Hibernating,1,3,3,133,878,3,346.93,115.643,0.049,4,966,0.0,0.0
C00184,Lapsed / Hibernating,1,1,2,112,1051,1,100.98,100.98,0.0,2,1051,1.0,0.0
C00185,Champions,5,5,5,555,14,19,2563.41,134.916,0.1,8,617,0.947,0.122
C00187,Champions,5,5,5,555,18,63,13458.2,213.622,0.195,7,965,0.159,0.08
C00188,New & Promising,3,1,1,311,265,1,18.99,18.99,0.0,2,265,1.0,0.5
C00190,Champions,4,5,5,455,105,31,6014.37,194.012,0.049,6,1058,0.097,0.057
C00193,Steady Regulars,5,2,5,525,24,2,1970.89,985.445,0.0,4,224,0.0,0.0
C00195,Lapsed / Hibernating,2,1,4,214,509,1,782.8,782.8,1.0,2,509,1.0,0.0
C00198,Champions,4,5,5,455,28,34,7549.53,222.045,0.101,8,1022,0.294,0.049
C00199,Lapsed / Hibernating,2,1,2,212,630,1,167.96,167.96,0.0,5,630,1.0,0.2
C00202,Lapsed / Hibernating,2,1,2,212,688,1,141.96,141.96,0.0,2,688,0.0,0.0
C00204,Lapsed / Hibernating,1,5,5,155,756,14,2556.72,182.623,0.113,7,1089,0.929,0.143
C00205,Steady Regulars,3,2,3,323,213,2,510.14,255.07,0.385,3,586,0.0,0.0
C00207,Steady Regulars,3,3,3,333,338,4,514.89,128.722,0.0,3,798,1.0,0.0
C00209,New & Promising,3,1,1,311,273,1,48.99,48.99,0.0,1,273,0.0,0.0
C00210,Champions,4,4,4,444,32,7,1058.72,151.246,0.271,5,850,0.0,0.188
C00211,Champions,5,5,5,555,10,20,3921.87,196.094,0.114,5,850,0.9,0.191
C00212,Champions,5,4,4,544,16,7,920.3,131.471,0.183,6,119,1.0,0.111
C00213,New & Promising,4,1,2,412,63,1,223.98,223.98,0.0,1,63,1.0,0.0
C00215,Lapsed / Hibernating,2,4,5,245,671,7,2616.85,373.836,0.108,7,985,0.143,0.077
C00216,Lapsed / Hibernating,1,1,2,112,979,1,107.97,107.97,0.0,2,979,1.0,0.5
C00217,Champions,3,4,4,344,151,9,1066.17,118.463,0.146,7,903,0.889,0.056
C00218,Lapsed / Hibernating,1,1,3,113,893,1,348.98,348.98,0.0,1,893,1.0,0.0
C00219,Champions,4,5,4,454,55,11,1227.82,111.62,0.012,6,1047,1.0,0.158
C00220,Lapsed / Hibernating,2,1,2,212,451,1,181.98,181.98,0.0,1,451,0.0,0.0
C00222,Lapsed / Hibernating,1,3,3,133,907,3,350.91,116.97,0.0,2,1058,1.0,0.0
C00224,Steady Regulars,5,3,3,533,12,3,502.92,167.64,0.0,4,462,0.0,0.0
C00225,Lapsed / Hibernating,2,1,3,213,688,1,609.17,609.17,0.957,2,688,0.0,0.0
C00226,Lapsed / Hibernating,2,3,2,232,390,4,199.83,49.958,0.095,4,947,0.25,0.0
C00227,Lapsed / Hibernating,1,2,3,123,1059,2,378.96,189.48,0.0,2,1069,0.0,0.0
C00228,Lapsed / Hibernating,1,1,3,113,1010,1,290.98,290.98,0.0,3,1010,1.0,0.333
C00230,Champions,4,4,5,445,52,10,2983.16,298.316,0.141,5,492,1.0,0.091
C00233,New & Promising,4,1,2,412,49,1,220.99,220.99,0.0,1,49,0.0,0.0
C00234,Champions,4,5,5,455,41,12,1993.34,166.112,0.062,7,866,0.083,0.091
C00235,Lapsed / Hibernating,2,3,3,233,424,4,368.9,92.225,0.0,2,1091,0.5,0.0
C00237,Deal Hunters,3,1,1,311,186,1,32.39,32.39,1.0,1,186,1.0,0.0
C00238,Lapsed / Hibernating,2,5,5,255,542,12,2840.0,236.667,0.102,6,1030,0.333,0.043
C00239,Steady Regulars,4,3,3,433,103,3,372.54,124.18,0.082,3,248,1.0,0.0
C00240,Champions,5,5,5,555,26,20,3087.86,154.393,0.092,8,959,0.95,0.095
C00243,Lapsed / Hibernating,1,1,2,112,712,1,112.88,112.88,0.725,2,712,1.0,0.0
C00244,New & Promising,3,1,1,311,178,1,43.99,43.99,0.0,2,178,0.0,0.5
C00245,Lapsed / Hibernating,2,4,5,245,501,7,1749.31,249.901,0.028,4,975,0.143,0.0
C00246,Lapsed / Hibernating,1,4,5,145,743,6,2342.83,390.472,0.0,2,953,0.333,0.0
C00249,Champions,4,5,5,455,34,12,2354.93,196.244,0.07,5,433,0.917,0.111
C00250,Lapsed / Hibernating,1,1,1,111,1056,1,28.99,28.99,0.0,1,1056,1.0,0.0
C00251,Champions,5,4,4,544,14,10,1631.63,163.163,0.18,6,893,0.9,0.059
C00252,Lapsed / Hibernating,2,3,3,233,704,4,607.32,151.83,0.192,4,1084,0.25,0.0
C00254,New & Promising,3,1,1,311,240,1,69.98,69.98,0.0,1,240,1.0,0.0
C00256,Lapsed / Hibernating,2,1,1,211,603,1,27.99,27.99,0.0,1,603,0.0,0.0
C00257,Steady Regulars,4,3,3,433,77,4,569.91,142.478,0.0,3,252,0.0,0.143
C00258,New & Promising,3,1,2,312,264,1,125.98,125.98,0.0,1,264,0.0,0.0
C00259,Lapsed / Hibernating,1,1,3,113,821,1,296.97,296.97,0.0,2,821,1.0,0.0
C00260,Lapsed / Hibernating,1,1,2,112,1068,1,146.16,146.16,0.85,2,1068,1.0,0.0
C00261,Lapsed / Hibernating,2,4,3,243,557,5,618.53,123.706,0.1,4,779,0.0,0.0
C00262,Lapsed / Hibernating,1,1,2,112,819,1,231.98,231.98,0.0,1,819,1.0,0.0
C00263,Deal Hunters,5,3,3,533,14,4,511.56,127.89,0.676,5,620,1.0,0.0
C00264,Lapsed / Hibernating,1,1,1,111,905,1,58.95,58.95,0.0,2,905,0.0,0.0
C00265,Lapsed / Hibernating,2,4,5,245,645,8,2154.0,269.25,0.027,6,1084,0.25,0.048
C00267,Champions,4,4,4,444,102,9,1366.48,151.831,0.281,5,551,0.889,0.15
C00269,Lapsed / Hibernating,1,3,3,133,908,3,461.93,153.977,0.135,5,1074,1.0,0.286
C00270,Champions,5,5,5,555,13,13,2623.7,201.823,0.044,6,1087,0.923,0.118
C00271,Champions,5,5,5,555,12,82,13054.9,159.206,0.177,8,1092,0.159,0.051
C00272,Champions,5,5,5,555,21,21,4823.75,229.702,0.048,6,1054,0.905,0.143
C00273,Steady Regulars,4,2,3,423,122,2,599.05,299.525,0.334,5,323,1.0,0.0
C00274,Lapsed / Hibernating,1,3,3,133,952,3,289.01,96.337,0.028,5,1028,0.667,0.0
C00275,New & Promising,5,1,1,511,7,1,23.99,23.99,0.0,1,7,1.0,0.0
C00276,Lapsed / Hibernating,2,4,3,243,629,5,422.92,84.584,0.0,4,985,0.8,0.0
C00277,Deal Hunters,5,4,4,544,4,7,1411.37,201.624,0.816,4,319,0.0,0.071
C00278,Steady Regulars,3,4,3,343,150,5,411.28,82.256,0.353,3,251,1.0,0.0
C00280,Lapsed / Hibernating,1,1,2,112,998,1,205.97,205.97,0.0,2,998,1.0,0.333
C00281,Lapsed / Hibernating,1,4,4,144,874,5,1703.07,340.614,0.07,6,1091,0.8,0.0
C00284,New & Promising,3,1,1,311,268,1,57.99,57.99,0.0,1,268,1.0,0.0
C00285,New & Promising,4,1,2,412,54,1,164.99,164.99,0.0,1,54,1.0,0.0
C00287,Champions,4,4,4,444,34,9,1682.53,186.948,0.493,6,498,0.111,0.0
C00289,Champions,4,5,5,455,107,13,2657.27,204.405,0.022,4,1043,1.0,0.133
C00291,Steady Regulars,4,4,4,444,105,6,1063.97,177.328,0.177,4,407,1.0,0.0
C00292,Lapsed / Hibernating,1,3,2,132,711,4,178.46,44.615,1.0,3,901,1.0,0.0
C00294,Lapsed / Hibernating,2,5,5,255,374,16,2225.2,139.075,0.161,6,1072,0.188,0.1
C00295,Lapsed / Hibernating,2,1,1,211,554,1,55.99,55.99,0.0,1,554,0.0,0.0
C00296,New & Promising,4,1,1,411,30,1,48.99,48.99,0.0,2,30,1.0,0.5
C00297,Champions,3,5,5,355,144,13,2280.05,175.388,0.143,6,950,0.846,0.174
C00298,Lapsed / Hibernating,2,1,1,211,563,1,10.99,10.99,0.0,1,563,1.0,0.0
C00299,Champions,3,5,5,355,272,25,4669.61,186.784,0.185,5,617,0.92,0.111
C00300,Lapsed / Hibernating,1,1,2,112,925,1,221.99,221.99,0.0,1,925,1.0,0.0
C00302,Champions,5,5,5,555,17,13,3151.47,242.421,0.014,7,401,0.846,0.107
C00303,Lapsed / Hibernating,1,1,1,111,1008,1,10.99,10.99,0.0,1,1008,1.0,0.0
C00305,Lapsed / Hibernating,2,1,1,211,704,1,15.59,15.59,1.0,1,704,1.0,0.0
C00306,Lapsed / Hibernating,1,1,2,112,711,1,237.96,237.96,0.87,2,711,1.0,0.0
C00307,Lapsed / Hibernating,1,1,3,113,914,1,271.97,271.97,0.0,1,914,1.0,0.0
C00308,Lapsed / Hibernating,2,1,2,212,676,1,104.99,104.99,0.0,1,676,1.0,0.0
C00309,Champions,4,5,5,455,98,23,3345.3,145.448,0.09,8,1058,1.0,0.043
C00310,New & Promising,5,2,2,522,27,2,103.96,51.98,0.154,3,32,1.0,0.0
C00311,Lapsed / Hibernating,1,3,3,133,921,4,581.95,145.488,0.0,3,1002,0.0,0.286
C00312,Champions,5,5,5,555,4,67,10956.92,163.536,0.17,8,864,0.94,0.067
C00316,Lapsed / Hibernating,2,3,3,233,495,4,573.35,143.338,0.084,4,983,1.0,0.0
C00317,Steady Regulars,3,1,2,312,250,1,163.47,163.47,0.138,2,250,1.0,0.0
C00318,Steady Regulars,3,1,2,312,197,1,164.93,164.93,0.0,2,197,1.0,0.0
C00319,Lapsed / Hibernating,1,2,2,122,921,2,240.16,120.08,0.892,1,1073,1.0,0.0
C00321,New & Promising,4,2,2,422,58,2,112.98,56.49,0.0,2,252,0.5,0.0
C00323,Steady Regulars,3,1,3,313,365,1,392.96,392.96,0.0,2,365,0.0,0.0
C00324,Lapsed / Hibernating,2,3,4,234,483,3,944.62,314.873,0.902,3,744,0.0,0.0
C00325,Lapsed / Hibernating,2,4,4,244,395,6,698.9,116.483,0.138,5,605,0.167,0.133
C00326,Lapsed / Hibernating,1,1,3,113,1092,1,424.94,424.94,0.028,3,1092,0.0,0.0
C00327,Steady Regulars,3,3,4,334,202,3,935.88,311.96,0.0,5,279,0.0,0.125
C00328,Lapsed / Hibernating,2,1,1,211,533,1,73.92,73.92,1.0,1,533,1.0,0.0
C00329,New & Promising,3,1,1,311,233,1,10.99,10.99,0.0,1,233,0.0,0.0
C00330,Lapsed / Hibernating,1,1,2,112,717,1,221.99,221.99,0.0,1,717,1.0,0.0
C00331,Lapsed / Hibernating,1,4,5,145,825,7,2002.28,286.04,0.141,5,1084,0.0,0.056
C00332,New & Promising,4,1,1,411,74,1,70.97,70.97,0.0,2,74,1.0,0.0
C00334,Lapsed / Hibernating,2,1,3,213,413,1,285.98,285.98,0.0,1,413,1.0,0.0
C00335,Steady Regulars,3,1,2,312,332,1,168.98,168.98,0.0,2,332,1.0,0.0
C00336,Steady Regulars,4,1,3,413,69,1,355.97,355.97,0.0,2,69,1.0,0.0
C00338,Steady Regulars,3,2,4,324,252,2,681.91,340.955,0.0,3,383,1.0,0.0
C00339,Lapsed / Hibernating,1,3,2,132,804,3,137.97,45.99,0.0,2,1075,1.0,0.0
C00340,New & Promising,5,1,1,511,7,1,71.99,71.99,0.0,1,7,1.0,0.0
C00341,New & Promising,5,2,1,521,11,2,28.98,14.49,0.0,1,83,0.0,0.333
C00342,Lapsed / Hibernating,1,2,2,122,923,2,192.38,96.19,0.304,2,934,0.5,0.0
C00344,Lapsed / Hibernating,2,1,1,211,703,1,45.99,45.99,0.0,1,703,0.0,0.0
C00345,Lapsed / Hibernating,2,1,1,211,598,1,26.99,26.99,0.0,1,598,0.0,0.0
C00346,Steady Regulars,3,3,3,333,217,3,550.15,183.383,0.1,2,356,1.0,0.0
C00347,Champions,5,5,5,555,9,13,1824.27,140.328,0.161,7,907,0.154,0.0
C00348,Steady Regulars,5,3,4,534,26,4,870.33,217.582,0.094,5,308,1.0,0.0
C00351,Lapsed / Hibernating,2,3,3,233,418,3,313.93,104.643,0.0,3,651,0.0,0.167
C00352,Steady Regulars,3,3,4,334,289,3,699.91,233.303,0.0,4,1036,0.667,0.0
C00353,Champions,3,4,5,345,165,9,2347.27,260.808,0.197,6,972,0.0,0.042
C00355,Steady Regulars,4,4,3,443,117,5,366.23,73.246,0.059,3,380,0.4,0.3
C00356,Champions,5,5,4,554,15,12,692.25,57.688,0.208,7,213,0.917,0.111
C00357,Steady Regulars,3,1,3,313,185,1,340.98,340.98,0.0,2,185,1.0,0.0
C00358,Lapsed / Hibernating,2,3,3,233,503,3,508.87,169.623,0.0,4,1046,0.0,0.0
C00359,Lapsed / Hibernating,1,1,3,113,1095,1,278.99,278.99,0.0,1,1095,1.0,0.0
C00360,Lapsed / Hibernating,1,1,1,111,804,1,55.99,55.99,0.0,1,804,1.0,0.0
C00361,Lapsed / Hibernating,2,5,4,254,396,14,1667.44,119.103,0.12,6,936,0.357,0.045
C00362,Steady Regulars,3,4,3,343,253,6,616.25,102.708,0.168,6,425,1.0,0.235
C00363,Lapsed / Hibernating,1,1,3,113,798,1,333.96,333.96,0.0,2,798,0.0,0.0
C00364,Lapsed / Hibernating,2,1,2,212,659,1,211.97,211.97,0.0,2,659,1.0,0.0
C00366,Steady Regulars,4,3,3,433,52,4,402.53,100.632,0.123,5,393,1.0,0.0
C00367,New & Promising,5,1,1,511,3,1,16.99,16.99,0.0,1,3,1.0,0.0
C00368,Champions,5,5,5,555,9,60,13662.46,227.708,0.087,7,1066,0.2,0.122
C00369,Champions,5,5,5,555,2,17,2225.47,130.91,0.075,6,762,0.059,0.05
C00370,Lapsed / Hibernating,2,1,2,212,677,1,96.96,96.96,0.0,2,677,1.0,0.0
C00371,Lapsed / Hibernating,1,1,1,111,1044,1,0.0,0.0,0.0,1,1044,1.0,1.0
C00372,Lapsed / Hibernating,2,1,1,211,593,1,31.99,31.99,0.0,1,593,0.0,0.0
C00373,Lapsed / Hibernating,2,4,3,243,405,9,502.71,55.857,0.0,4,966,0.778,0.1
C00374,Deal Hunters,5,2,2,522,11,2,101.66,50.83,0.626,2,38,0.5,0.0
C00375,Steady Regulars,4,4,3,443,46,5,356.89,71.378,0.0,6,560,0.0,0.0
C00376,Lapsed / Hibernating,2,4,3,243,474,6,504.87,84.145,0.0,4,783,0.833,0.0
C00377,Lapsed / Hibernating,2,3,4,234,390,3,883.92,294.64,0.0,3,1078,1.0,0.0
C00378,Steady Regulars,4,2,3,423,44,2,433.96,216.98,0.0,2,415,0.0,0.0
C00379,Steady Regulars,5,1,4,514,4,1,665.97,665.97,0.0,2,4,1.0,0.0
C00380,Champions,4,5,4,454,104,15,1340.87,89.391,0.031,4,651,1.0,0.077
C00381,Lapsed / Hibernating,2,4,4,244,702,6,1497.25,249.542,0.173,5,1040,1.0,0.0
C00383,Lapsed / Hibernating,2,5,5,255,508,20,4646.4,232.32,0.113,6,1040,0.2,0.062
C00384,Lapsed / Hibernating,1,1,3,113,822,1,297.96,297.96,0.0,2,822,1.0,0.0
C00385,Champions,4,5,5,455,77,19,2593.99,136.526,0.297,6,1080,1.0,0.077
C00386,Steady Regulars,3,1,3,313,318,1,354.97,354.97,0.0,2,318,1.0,0.0
C00388,Lapsed / Hibernating,1,1,1,111,966,1,76.49,76.49,1.0,1,966,1.0,0.0
C00389,Lapsed / Hibernating,1,1,2,112,799,1,141.99,141.99,0.0,1,799,1.0,0.0
C00390,Lapsed / Hibernating,2,4,4,244,432,9,1043.27,115.919,0.136,7,917,0.222,0.067
C00391,Champions,5,4,4,544,20,7,797.32,113.903,0.145,5,375,0.714,0.188
C00392,Steady Regulars,3,3,3,333,351,4,501.19,125.298,0.409,4,761,1.0,0.0
C00393,New & Promising,3,1,1,311,332,1,45.98,45.98,0.0,1,332,0.0,0.0
C00394,Champions,5,5,5,555,17,35,5176.83,147.909,0.167,8,1084,0.914,0.171
C00396,Steady Regulars,3,4,4,344,173,7,793.86,113.409,0.0,5,843,0.714,0.077
C00397,Steady Regulars,5,2,3,523,24,2,317.93,158.965,0.0,3,330,1.0,0.125
C00399,Champions,5,4,3,543,2,5,430.72,86.144,0.314,5,1018,1.0,0.222
C00400,Steady Regulars,4,4,3,443,53,5,625.22,125.044,0.151,5,489,1.0,0.0
C00401,Lapsed / Hibernating,2,5,5,255,407,11,1851.75,168.341,0.022,5,1037,0.727,0.1
C00402,Lapsed / Hibernating,1,4,5,145,725,10,3396.96,339.696,0.48,7,1086,0.8,0.043
C00403,Deal Hunters,3,1,1,311,175,1,63.99,63.99,0.507,2,175,0.0,0.5
C00404,Steady Regulars,4,3,3,433,43,3,400.91,133.637,0.0,4,438,0.667,0.125
C00408,Champions,4,5,5,455,87,16,2541.81,158.863,0.162,8,1096,0.812,0.1
C00409,Lapsed / Hibernating,1,1,1,111,925,1,55.99,55.99,0.0,1,925,1.0,0.0
C00410,Lapsed / Hibernating,1,1,1,111,707,1,32.99,32.99,0.0,1,707,0.0,0.0
C00411,Champions,5,5,5,555,3,31,5604.12,180.778,0.075,7,1066,0.935,0.083
C00412,Steady Regulars,3,3,3,333,197,3,558.95,186.317,0.0,4,523,0.667,0.2
C00413,Lapsed / Hibernating,1,2,3,123,821,2,383.92,191.96,0.0,3,1074,0.0,0.25
C00415,Lapsed / Hibernating,1,4,4,144,771,5,682.57,136.514,0.227,3,1090,0.0,0.0
C00416,Champions,4,5,5,455,42,34,6923.22,203.624,0.042,7,531,0.971,0.108
C00417,Steady Regulars,4,4,4,444,121,7,719.85,102.836,0.032,5,850,0.857,0.062
C00418,Steady Regulars,3,3,5,335,130,4,1961.57,490.393,0.142,4,307,1.0,0.0
C00419,Lapsed / Hibernating,1,1,1,111,789,1,37.98,37.98,0.0,1,789,0.0,0.0
C00420,Steady Regulars,4,1,3,413,30,1,278.97,278.97,0.0,2,30,0.0,0.0
C00423,Lapsed / Hibernating,1,2,3,123,798,2,632.93,316.465,0.0,3,1036,0.0,0.0
C00424,New & Promising,5,1,1,511,8,1,28.99,28.99,0.0,2,8,1.0,0.5
C00427,Steady Regulars,3,3,3,333,297,3,408.62,136.207,0.051,4,731,1.0,0.0
C00429,Champions,3,5,5,355,126,23,2858.74,124.293,0.308,7,1018,0.87,0.135
C00430,Lapsed / Hibernating,1,2,2,122,1048,2,148.74,74.37,0.084,5,1054,1.0,0.333
C00431,Lapsed / Hibernating,1,1,1,111,1040,1,28.99,28.99,0.0,1,1040,0.0,0.0
C00432,Champions,5,4,4,544,13,6,1255.19,209.198,0.161,5,586,0.0,0.067
C00433,Champions,4,5,4,454,72,16,1691.01,105.688,0.304,7,1028,0.938,0.097
C00434,Lapsed / Hibernating,1,4,4,144,787,7,1207.56,172.509,0.165,6,991,0.857,0.0
C00435,Champions,5,4,4,544,1,10,1011.84,101.184,0.014,5,207,0.9,0.316
C00437,Champions,4,5,5,455,88,12,2102.99,175.249,0.179,7,459,0.917,0.043
C00438,Champions,4,5,5,455,33,45,7650.25,170.006,0.187,8,1096,0.156,0.066
C00439,Lapsed / Hibernating,1,1,1,111,975,1,30.59,30.59,1.0,1,975,1.0,0.0
C00440,Lapsed / Hibernating,2,1,1,211,558,1,28.99,28.99,0.0,1,558,1.0,0.5
C00441,New & Promising,3,1,2,312,144,1,87.99,87.99,0.0,1,144,1.0,0.0
C00442,Lapsed / Hibernating,2,4,3,243,690,5,362.87,72.574,0.0,3,1073,0.8,0.0
C00443,New & Promising,5,1,1,511,9,1,45.98,45.98,0.0,2,9,1.0,0.0
C00444,Lapsed / Hibernating,2,1,1,211,513,1,75.98,75.98,0.0,2,513,0.0,0.0
C00445,Lapsed / Hibernating,1,2,3,123,1035,2,329.94,164.97,0.0,3,1087,1.0,0.2
C00448,Champions,5,5,5,555,19,47,8319.45,177.01,0.226,5,1069,0.128,0.179
C00450,Champions,3,4,4,344,165,8,1144.66,143.082,0.162,7,409,1.0,0.118
C00451,New & Promising,5,1,1,511,25,1,84.98,84.98,0.0,1,25,1.0,0.0
C00453,Lapsed / Hibernating,2,1,1,211,641,1,25.99,25.99,0.0,1,641,0.0,0.0
C00454,New & Promising,3,1,1,311,224,1,62.99,62.99,0.0,2,224,1.0,0.5
C00455,Lapsed / Hibernating,2,1,1,211,398,1,61.58,61.58,1.0,2,398,0.0,0.0
C00456,Lapsed / Hibernating,1,2,4,124,730,2,841.67,420.835,0.724,3,810,0.5,0.125
C00457,Steady Regulars,4,3,3,433,96,3,373.82,124.607,0.203,4,242,1.0,0.125
C00458,Lapsed / Hibernating,1,1,2,112,761,1,122.97,122.97,0.0,3,761,0.0,0.0
C00460,Lapsed / Hibernating,1,2,4,124,877,2,851.94,425.97,0.0,3,1077,1.0,0.0
C00461,Deal Hunters,3,2,3,323,221,2,346.1,173.05,0.648,3,754,1.0,0.0
C00465,Lapsed / Hibernating,2,4,3,243,439,5,529.92,105.984,0.0,4,839,1.0,0.111
C00467,Champions,5,5,5,555,12,12,1769.44,147.453,0.158,4,536,1.0,0.074
C00468,Champions,4,5,5,455,105,18,1870.68,103.927,0.241,8,1068,0.944,0.105
C00469,Lapsed / Hibernating,1,1,1,111,1086,1,58.99,58.99,0.0,1,1086,1.0,0.0
C00470,Lapsed / Hibernating,1,2,3,123,763,2,292.94,146.47,0.0,3,842,0.5,0.0
C00471,Lapsed / Hibernating,2,1,1,211,481,1,30.99,30.99,0.0,1,481,0.0,0.0
C00473,Lapsed / Hibernating,2,5,5,255,662,24,3305.49,137.729,0.053,6,1084,0.958,0.033
C00474,Lapsed / Hibernating,2,5,5,255,480,11,2290.8,208.255,0.063,6,753,0.0,0.0
C00475,New & Promising,4,1,1,411,54,1,40.99,40.99,0.0,1,54,1.0,0.0
C00477,Champions,5,5,5,555,6,22,4130.3,187.741,0.165,5,884,0.864,0.128
C00478,New & Promising,4,1,2,412,41,1,164.99,164.99,0.0,1,41,0.0,0.0
C00479,Champions,5,5,4,554,12,19,1607.31,84.595,0.204,6,1032,0.053,0.081
C00480,Champions,4,5,5,455,34,11,1880.04,170.913,0.172,5,517,0.909,0.2
C00481,New & Promising,3,1,1,311,157,1,0.0,0.0,0.0,1,157,1.0,1.0
C00482,Lapsed / Hibernating,1,1,1,111,743,1,38.18,38.18,0.078,3,743,0.0,0.333
C00483,Lapsed / Hibernating,2,4,4,244,389,6,1393.94,232.323,0.181,5,1026,1.0,0.083
C00484,Champions,5,5,5,555,16,30,6704.71,223.49,0.147,7,1095,0.067,0.049
C00486,Lapsed / Hibernating,1,2,1,121,1049,2,83.98,41.99,0.0,2,1079,0.5,0.0
C00488,New & Promising,4,2,2,422,105,2,129.98,64.99,0.0,1,130,1.0,0.0
C00489,Lapsed / Hibernating,2,1,1,211,624,1,0.0,0.0,0.0,1,624,1.0,1.0
C00491,Steady Regulars,3,3,3,333,239,4,350.8,87.7,0.099,4,437,0.0,0.0
C00492,Champions,4,5,5,455,37,48,10547.17,219.733,0.212,7,1083,0.938,0.104
C00494,Champions,4,4,5,445,46,10,2663.86,266.386,0.109,6,287,0.2,0.029
C00495,New & Promising,3,1,1,311,162,1,27.99,27.99,0.0,1,162,1.0,0.0
C00496,Champions,4,5,5,455,77,21,2673.16,127.293,0.216,6,995,0.905,0.179
C00497,Steady Regulars,3,1,3,313,242,1,288.99,288.99,0.0,1,242,1.0,0.0
C00498,Champions,5,5,5,555,1,23,3562.24,154.88,0.225,7,705,0.739,0.109
C00499,Deal Hunters,3,2,2,322,288,2,106.67,53.335,0.794,2,398,1.0,0.0
C00500,Lapsed / Hibernating,2,1,1,211,455,1,28.99,28.99,0.0,1,455,0.0,0.5
C00501,Champions,4,5,5,455,49,29,6757.09,233.003,0.157,8,1056,0.966,0.148
C00502,Champions,5,5,5,555,19,42,5857.35,139.461,0.138,7,1070,0.167,0.101
C00503,Lapsed / Hibernating,1,3,3,133,870,4,443.65,110.912,0.103,5,976,0.25,0.1
C00504,Lapsed / Hibernating,1,1,1,111,750,1,55.97,55.97,1.0,1,750,0.0,0.0
C00506,Lapsed / Hibernating,1,3,4,134,867,3,841.1,280.367,0.349,4,1083,1.0,0.0
C00510,Lapsed / Hibernating,1,1,2,112,710,1,251.95,251.95,0.738,2,710,1.0,0.0
C00512,Steady Regulars,5,3,3,533,27,3,287.19,95.73,0.307,5,48,1.0,0.0
C00515,Champions,5,4,5,545,7,6,1910.03,318.338,0.056,5,644,0.167,0.176
C00518,Lapsed / Hibernating,2,1,2,212,683,1,131.96,131.96,0.0,3,683,0.0,0.0
C00521,Lapsed / Hibernating,2,1,2,212,494,1,161.97,161.97,0.0,2,494,0.0,0.0
C00523,Lapsed / Hibernating,2,1,3,213,619,1,299.95,299.95,0.0,3,619,1.0,0.0
C00526,Champions,5,5,5,555,16,28,4673.3,166.904,0.151,8,973,0.893,0.103
C00527,Lapsed / Hibernating,2,5,5,255,499,11,2559.91,232.719,0.204,6,1034,0.182,0.0
C00529,New & Promising,3,1,1,311,164,1,72.99,72.99,0.0,1,164,1.0,0.0
C00530,Champions,4,4,4,444,51,9,1424.23,158.248,0.194,6,759,1.0,0.136
C00531,Lapsed / Hibernating,2,2,1,221,502,2,84.58,42.29,0.563,1,621,1.0,0.0
C00532,Lapsed / Hibernating,2,2,3,223,384,2,318.53,159.265,0.043,2,411,1.0,0.0
C00533,Steady Regulars,3,1,2,312,350,1,165.99,165.99,0.0,2,350,1.0,0.5
C00534,Lapsed / Hibernating,2,1,3,213,585,1,268.07,268.07,0.097,3,585,1.0,0.0
C00535,Lapsed / Hibernating,1,3,3,133,825,3,294.96,98.32,0.0,4,1091,0.333,0.0
C00536,Lapsed / Hibernating,2,1,1,211,704,1,39.58,39.58,0.545,2,704,0.0,0.0
C00537,Lapsed / Hibernating,2,5,5,255,368,21,4058.73,193.273,0.073,6,975,0.19,0.018
C00538,Lapsed / Hibernating,1,1,2,112,903,1,123.99,123.99,0.0,1,903,1.0,0.0
C00539,New & Promising,4,1,1,411,92,1,61.98,61.98,0.0,2,92,1.0,0.0
C00542,Champions,5,5,5,555,4,24,3477.03,144.876,0.168,7,726,0.958,0.036
C00543,Champions,4,5,5,455,59,18,3284.47,182.471,0.367,6,863,0.278,0.128
C00544,Steady Regulars,3,3,3,333,237,3,520.17,173.39,0.305,3,485,1.0,0.125
C00545,Champions,5,5,5,555,2,27,3800.78,140.77,0.212,8,1069,0.111,0.091
C00546,New & Promising,5,2,2,522,16,2,185.95,92.975,0.0,3,67,1.0,0.0
C00547,Steady Regulars,5,3,3,533,16,3,323.92,107.973,0.198,3,224,1.0,0.429
C00548,New & Promising,5,2,3,523,2,2,316.95,158.475,0.0,2,20,0.5,0.0
C00549,Steady Regulars,3,4,5,345,312,7,1825.59,260.799,0.095,5,877,0.857,0.2
C00550,Champions,5,5,4,554,17,13,1213.98,93.383,0.14,8,605,0.923,0.08
C00551,Champions,4,4,4,444,46,10,1475.19,147.519,0.086,5,799,0.0,0.111
C00552,Steady Regulars,5,4,4,544,15,5,943.6,188.72,0.049,5,152,0.2,0.182
C00553,Champions,5,5,5,555,26,17,2533.35,149.021,0.176,6,903,0.941,0.111
C00554,Steady Regulars,4,1,3,413,104,1,611.98,611.98,0.0,2,104,0.0,0.0
C00558,Lapsed / Hibernating,2,4,4,244,660,8,1303.79,162.974,0.0,4,857,0.125,0.2
C00559,Champions,5,5,5,555,15,15,2787.35,185.823,0.014,3,448,1.0,0.103
C00560,Champions,5,5,5,555,13,29,4761.38,164.186,0.236,8,989,0.034,0.13
C00561,Lapsed / Hibernating,2,1,1,211,646,1,84.99,84.99,0.382,2,646,1.0,0.5
C00565,Champions,4,5,5,455,72,16,2625.12,164.07,0.268,6,847,0.188,0.032
C00566,Steady Regulars,3,1,2,312,267,1,117.98,117.98,0.0,2,267,1.0,0.0
C00568,Champions,5,5,5,555,6,12,2835.84,236.32,0.023,7,312,1.0,0.115
C00569,Lapsed / Hibernating,2,1,3,213,615,1,271.97,271.97,0.0,1,615,1.0,0.0
C00570,New & Promising,4,2,2,422,39,2,140.95,70.475,0.0,2,200,0.0,0.0
C00571,Champions,5,5,5,555,24,74,15105.1,204.123,0.115,7,1091,0.946,0.041
C00572,Lapsed / Hibernating,2,2,4,224,627,2,799.96,399.98,0.0,2,640,0.0,0.5
C00573,New & Promising,3,1,2,312,339,1,94.98,94.98,0.0,1,339,1.0,0.0
C00574,Champions,5,4,4,544,13,9,1660.84,184.538,0.0,4,630,0.889,0.118
C00575,Lapsed / Hibernating,2,2,2,222,447,2,99.99,49.995,0.0,2,670,1.0,0.5
C00576,Lapsed / Hibernating,2,5,5,255,684,22,3149.88,143.176,0.224,6,1078,0.864,0.043
C00577,New & Promising,3,1,1,311,288,1,52.97,52.97,0.0,2,288,1.0,0.0
C00578,Lapsed / Hibernating,2,1,1,211,381,1,48.77,48.77,1.0,1,381,0.0,0.0
C00579,New & Promising,4,1,2,412,65,1,98.98,98.98,0.0,2,65,0.0,0.0
C00580,Lapsed / Hibernating,1,1,1,111,1096,1,0.0,0.0,0.0,1,1096,0.0,1.0
C00581,Steady Regulars,3,4,4,344,333,6,913.82,152.303,0.175,6,886,1.0,0.25
C00583,Lapsed / Hibernating,1,1,3,113,1095,1,487.98,487.98,0.0,1,1095,1.0,0.0
C00584,Lapsed / Hibernating,1,1,2,112,981,1,264.94,264.94,0.0,2,981,0.0,0.0
C00585,Lapsed / Hibernating,1,1,2,112,737,1,220.97,220.97,0.0,2,737,0.0,0.0
C00586,New & Promising,5,2,2,522,4,2,266.97,133.485,0.0,2,9,1.0,0.0
C00588,Lapsed / Hibernating,2,1,1,211,640,1,19.98,19.98,0.0,1,640,1.0,0.0
C00589,Steady Regulars,3,3,4,334,291,3,1422.62,474.207,0.046,6,788,0.0,0.111
C00590,Champions,4,4,4,444,37,7,1180.93,168.704,0.021,4,1078,0.857,0.154
C00591,Lapsed / Hibernating,2,4,4,244,497,7,891.39,127.341,0.312,6,1002,0.0,0.056
C00593,Lapsed / Hibernating,2,1,3,213,639,1,272.95,272.95,0.0,1,639,0.0,0.0
C00594,Lapsed / Hibernating,1,2,3,123,772,2,408.13,204.065,0.868,3,795,0.0,0.0
C00595,Champions,4,4,5,445,111,10,2251.58,225.158,0.177,4,1078,1.0,0.04
C00596,Champions,5,5,5,555,21,13,2041.62,157.048,0.121,6,759,0.923,0.031
C00599,Champions,3,5,5,355,175,16,3188.27,199.267,0.216,7,1027,0.125,0.079
C00601,New & Promising,3,1,1,311,177,1,81.97,81.97,0.0,2,177,1.0,0.0
C00602,Champions,5,5,5,555,4,25,3192.8,127.712,0.296,8,961,0.96,0.157
C00603,Lapsed / Hibernating,2,1,1,211,684,1,53.98,53.98,0.0,2,684,1.0,0.0
C00604,Steady Regulars,3,1,2,312,152,1,177.96,177.96,0.0,1,152,0.0,0.0
C00605,Lapsed / Hibernating,2,4,4,244,509,9,1434.02,159.336,0.415,4,933,0.333,0.053
C00607,Champions,3,5,5,355,314,12,2165.61,180.468,0.1,5,1024,0.167,0.111
C00608,Lapsed / Hibernating,1,1,1,111,1094,1,62.38,62.38,1.0,1,1094,0.0,0.0
C00609,Lapsed / Hibernating,2,3,3,233,564,4,637.74,159.435,0.144,4,1025,1.0,0.167
C00610,Champions,5,5,5,555,15,30,5919.52,197.317,0.064,8,921,1.0,0.105
C00611,Steady Regulars,3,4,4,344,277,8,691.27,86.409,0.322,5,780,0.875,0.133
C00612,Steady Regulars,4,2,3,423,36,2,648.07,324.035,0.33,6,57,1.0,0.091
C00613,New & Promising,3,1,1,311,166,1,35.99,35.99,0.0,1,166,0.0,0.0
C00614,Lapsed / Hibernating,2,4,4,244,479,9,874.26,97.14,0.047,4,1048,0.111,0.083
C00615,Champions,4,5,5,455,45,60,8749.5,145.825,0.11,7,1081,0.9,0.132
C00616,Lapsed / Hibernating,2,4,4,244,564,8,1167.12,145.89,0.277,6,1047,0.0,0.0
C00617,Champions,4,5,5,455,28,24,5195.54,216.481,0.126,7,1064,0.167,0.017
C00618,New & Promising,3,1,1,311,188,1,0.0,0.0,0.0,1,188,1.0,1.0
C00619,New & Promising,5,1,1,511,21,1,34.99,34.99,0.0,1,21,1.0,0.5
C00620,Lapsed / Hibernating,2,4,3,243,396,5,521.67,104.334,0.212,4,1084,0.0,0.0
C00621,Champions,5,5,5,555,5,15,2522.09,168.139,0.404,7,864,1.0,0.111
C00623,Champions,4,5,4,454,31,12,1533.27,127.772,0.246,7,589,0.917,0.0
C00624,Lapsed / Hibernating,2,1,3,213,595,1,431.96,431.96,0.0,1,595,0.0,0.0
C00626,Steady Regulars,4,3,3,433,37,3,322.42,107.473,0.104,3,653,0.667,0.2
C00627,Lapsed / Hibernating,2,3,4,234,604,4,691.86,172.965,0.124,5,792,1.0,0.417
C00628,Champions,4,5,4,454,52,11,1213.14,110.285,0.157,5,253,1.0,0.143
C00629,Lapsed / Hibernating,1,1,1,111,853,1,69.99,69.99,0.0,1,853,0.0,0.0
C00630,Steady Regulars,3,4,4,344,201,6,1487.3,247.883,0.072,4,1050,0.0,0.0
C00631,Steady Regulars,3,4,4,344,198,6,739.12,123.187,0.177,5,499,1.0,0.133
C00632,Lapsed / Hibernating,1,1,2,112,1058,1,152.98,152.98,0.0,1,1058,1.0,0.0
C00633,Champions,5,4,4,544,22,10,914.04,91.404,0.292,6,1070,0.3,0.059
C00634,Champions,4,5,5,455,90,28,3585.82,128.065,0.038,7,1033,0.893,0.118
C00635,Lapsed / Hibernating,2,5,5,255,619,13,2616.55,201.273,0.15,7,1059,0.077,0.1
C00637,New & Promising,5,2,2,522,5,2,139.97,69.985,0.0,2,52,0.0,0.0
C00638,Lapsed / Hibernating,1,1,3,113,952,1,285.97,285.97,0.0,3,952,0.0,0.0
C00639,Lapsed / Hibernating,2,3,3,233,462,3,533.92,177.973,0.0,4,672,0.0,0.0
C00641,Steady Regulars,5,4,3,543,9,5,660.91,132.182,0.0,5,165,0.8,0.182
C00642,Lapsed / Hibernating,2,4,5,245,477,9,1870.81,207.868,0.07,5,805,0.111,0.059
C00644,Champions,5,4,4,544,6,6,823.91,137.318,0.0,5,230,1.0,0.2
C00645,Champions,5,5,5,555,19,46,8506.95,184.934,0.161,7,1095,0.913,0.091
C00646,Steady Regulars,3,1,2,312,201,1,148.95,148.95,0.0,2,201,1.0,0.0
C00648,Lapsed / Hibernating,1,2,4,124,736,2,819.86,409.93,0.0,4,903,0.0,0.0
C00649,Champions,5,3,4,534,14,4,883.39,220.848,0.064,6,544,1.0,0.111
C00650,Champions,5,4,4,544,17,7,1242.91,177.559,0.434,4,288,1.0,0.0
C00651,Lapsed / Hibernating,1,2,3,123,769,2,322.87,161.435,0.362,3,830,0.0,0.0
C00653,Champions,5,5,5,555,24,12,2144.75,178.729,0.371,8,772,0.833,0.031
C00654,Lapsed / Hibernating,1,1,2,112,1006,1,91.99,91.99,0.0,1,1006,0.0,0.0
C00656,Steady Regulars,4,4,4,444,33,5,989.38,197.876,0.096,4,629,1.0,0.0
C00657,New & Promising,3,3,2,332,237,4,99.77,24.942,0.223,4,538,1.0,0.5
C00658,Steady Regulars,3,4,4,344,220,5,685.75,137.15,0.324,5,534,1.0,0.1
C00660,Lapsed / Hibernating,2,2,3,223,451,2,315.96,157.98,0.0,2,462,1.0,0.0
C00661,Champions,3,5,5,355,232,14,3816.47,272.605,0.174,8,752,0.929,0.0
C00663,Steady Regulars,3,4,4,344,245,5,1196.13,239.226,0.06,5,866,1.0,0.0
C00664,Champions,4,5,5,455,39,15,3132.75,208.85,0.106,6,903,0.933,0.062
C00665,Champions,4,4,4,444,73,7,1637.89,233.984,0.068,7,927,0.143,0.091
C00666,Champions,5,5,5,555,12,81,17315.78,213.775,0.172,7,1089,0.272,0.03
C00667,Lapsed / Hibernating,2,2,3,223,396,2,588.27,294.135,0.403,2,775,0.5,0.0
C00669,Lapsed / Hibernating,2,4,4,244,586,7,869.34,124.191,0.2,6,987,0.0,0.056
C00670,Champions,4,5,5,455,80,14,2242.49,160.178,0.038,7,744,0.0,0.154
C00671,Steady Regulars,5,1,3,513,24,1,390.65,390.65,0.053,4,24,0.0,0.0
C00672,New & Promising,5,1,1,511,3,1,28.99,28.99,0.0,1,3,0.0,0.0
C00673,Lapsed / Hibernating,2,4,4,244,515,6,990.66,165.11,0.116,6,924,1.0,0.083
C00674,Lapsed / Hibernating,2,3,4,234,517,3,853.3,284.433,0.275,4,934,1.0,0.0
C00675,Steady Regulars,4,1,2,412,92,1,184.97,184.97,0.0,2,92,1.0,0.0
C00677,Lapsed / Hibernating,1,1,2,112,733,1,98.99,98.99,0.0,1,733,0.0,0.0
C00678,Steady Regulars,4,3,4,434,47,4,784.89,196.223,0.0,4,207,1.0,0.1
C00679,Lapsed / Hibernating,2,1,2,212,704,1,121.97,121.97,0.0,2,704,0.0,0.0
C00682,Deal Hunters,3,1,1,311,291,1,0.0,0.0,1.0,1,291,1.0,1.0
C00683,New & Promising,4,1,1,411,69,1,84.97,84.97,0.0,2,69,1.0,0.0
C00688,Champions,5,4,4,544,14,9,1235.6,137.289,0.213,5,1014,0.0,0.158
C00689,New & Promising,3,1,1,311,208,1,35.98,35.98,0.0,1,208,0.0,0.0
C00690,Steady Regulars,3,3,4,334,206,4,944.89,236.222,0.0,5,300,1.0,0.0
C00691,Champions,5,5,5,555,8,15,3091.74,206.116,0.002,6,226,1.0,0.0
C00694,Lapsed / Hibernating,2,3,3,233,481,4,350.37,87.592,0.107,3,1086,1.0,0.0
C00695,Champions,3,5,5,355,146,11,2719.27,247.206,0.04,7,554,0.909,0.045
C00696,Steady Regulars,3,1,2,312,364,1,159.95,159.95,0.0,2,364,1.0,0.0
C00698,Deal Hunters,4,3,3,433,36,4,492.4,123.1,0.659,4,291,0.0,0.0
C00699,Lapsed / Hibernating,1,1,1,111,965,1,59.99,59.99,0.0,1,965,1.0,0.0
C00700,Steady Regulars,4,3,2,432,44,3,241.95,80.65,0.0,3,203,1.0,0.0
C00701,Lapsed / Hibernating,1,1,1,111,1021,1,16.99,16.99,0.0,1,1021,0.0,0.0
C00702,Champions,3,5,5,355,179,17,2137.23,125.719,0.049,5,990,0.118,0.059
C00704,Lapsed / Hibernating,1,1,1,111,819,1,81.99,81.99,0.0,1,819,1.0,0.0
C00705,New & Promising,5,1,1,511,12,1,60.99,60.99,0.0,1,12,1.0,0.0
C00706,Lapsed / Hibernating,2,1,2,212,554,1,152.98,152.98,0.0,2,554,1.0,0.0
C00708,Lapsed / Hibernating,1,2,2,122,955,2,103.96,51.98,0.0,3,1040,1.0,0.0
C00709,Lapsed / Hibernating,1,1,3,113,1083,1,384.95,384.95,0.0,1,1083,1.0,0.0
C00710,Lapsed / Hibernating,1,3,3,133,750,4,305.96,76.49,0.0,3,1016,0.0,0.0
C00711,Lapsed / Hibernating,2,1,2,212,370,1,160.98,160.98,0.0,1,370,0.0,0.0
C00713,Lapsed / Hibernating,2,1,2,212,702,1,228.96,228.96,0.0,1,702,1.0,0.0
C00714,Deal Hunters,4,2,2,422,75,2,171.38,85.69,0.523,2,181,1.0,0.333
C00715,New & Promising,5,1,2,512,26,1,217.96,217.96,0.0,3,26,1.0,0.0
C00716,Deal Hunters,5,1,1,511,24,1,85.07,85.07,1.0,2,24,1.0,0.0
C00717,Steady Regulars,3,1,2,312,248,1,95.95,95.95,0.0,3,248,1.0,0.0
C00718,Lapsed / Hibernating,2,5,3,253,588,12,642.57,53.548,0.318,6,1089,0.833,0.105
C00719,Champions,5,5,5,555,8,24,5973.37,248.89,0.092,6,676,0.958,0.071
C00720,Champions,5,5,5,555,6,26,4872.96,187.422,0.162,6,407,0.885,0.169
C00721,Deal Hunters,3,1,1,311,340,1,0.0,0.0,1.0,1,340,0.0,1.0
C00722,Lapsed / Hibernating,1,1,3,113,812,1,445.92,445.92,0.267,3,812,1.0,0.0
C00723,Champions,4,5,5,455,115,31,5945.1,191.777,0.193,8,719,0.935,0.108
C00725,Lapsed / Hibernating,1,1,1,111,1014,1,24.99,24.99,0.0,1,1014,0.0,0.0
C00726,Lapsed / Hibernating,2,1,1,211,548,1,61.98,61.98,0.0,1,548,0.0,0.0
C00730,Lapsed / Hibernating,2,1,1,211,388,1,37.17,37.17,0.409,2,388,0.0,0.0
C00733,Champions,5,5,5,555,4,30,6537.41,217.914,0.15,5,992,0.9,0.045
C00734,Deal Hunters,4,2,2,422,34,2,193.45,96.725,0.633,3,68,1.0,0.0
C00736,Champions,3,5,4,354,265,12,968.7,80.725,0.083,7,1064,0.167,0.192
C00737,Champions,4,5,5,455,28,16,1987.61,124.226,0.149,5,634,1.0,0.062
C00738,Lapsed / Hibernating,1,3,5,135,879,4,2231.77,557.943,0.0,3,1040,0.25,0.067
C00740,Lapsed / Hibernating,2,3,3,233,610,3,294.91,98.303,0.033,4,971,1.0,0.333
C00742,Lapsed / Hibernating,1,4,3,143,715,5,420.48,84.096,0.094,5,1021,0.6,0.0
C00745,New & Promising,4,1,1,411,47,1,41.99,41.99,0.0,1,47,0.0,0.0
C00746,Steady Regulars,4,4,4,444,47,5,1504.62,300.924,0.031,6,275,0.2,0.0
C00747,Lapsed / Hibernating,1,3,3,133,873,3,470.22,156.74,0.224,4,1040,1.0,0.0
C00748,New & Promising,3,1,1,311,314,1,48.96,48.96,0.0,1,314,0.0,0.0
C00749,Lapsed / Hibernating,2,1,2,212,466,1,236.94,236.94,0.0,4,466,1.0,0.0
C00750,Steady Regulars,3,3,3,333,291,3,469.2,156.4,0.052,4,410,0.667,0.0
C00751,New & Promising,4,1,1,411,80,1,24.99,24.99,0.0,1,80,1.0,0.0
C00752,Lapsed / Hibernating,1,1,2,112,961,1,133.99,133.99,0.0,1,961,0.0,0.0
C00753,Steady Regulars,4,3,3,433,30,3,440.95,146.983,0.224,1,423,1.0,0.0
C00754,Steady Regulars,3,3,3,333,319,4,427.61,106.902,0.133,4,625,0.0,0.0
C00756,Steady Regulars,3,2,2,322,229,2,130.93,65.465,0.412,3,390,1.0,0.0
C00757,Champions,4,4,4,444,76,10,1681.13,168.113,0.082,8,616,0.8,0.045
C00758,Steady Regulars,4,4,4,444,80,6,1469.84,244.973,0.0,4,312,1.0,0.143
C00759,Steady Regulars,3,3,3,333,181,3,464.31,154.77,0.393,3,454,1.0,0.0
C00762,Lapsed / Hibernating,1,1,2,112,1067,1,160.17,160.17,1.0,1,1067,1.0,0.0
C00763,New & Promising,3,1,1,311,164,1,47.99,47.99,0.0,1,164,1.0,0.0
C00764,New & Promising,4,1,1,411,75,1,10.99,10.99,0.0,1,75,1.0,0.0
C00767,Lapsed / Hibernating,1,3,4,134,881,3,1202.87,400.957,0.0,3,1096,0.0,0.0
C00769,Lapsed / Hibernating,1,4,4,144,826,5,720.91,144.182,0.087,4,1006,1.0,0.0
C00770,Lapsed / Hibernating,2,1,2,212,448,1,141.98,141.98,0.0,2,448,0.0,0.333
C00771,Steady Regulars,5,4,2,542,8,6,213.46,35.577,0.05,3,630,1.0,0.429
C00772,Steady Regulars,3,1,4,314,243,1,910.16,910.16,0.31,2,243,1.0,0.0
C00774,Lapsed / Hibernating,2,1,1,211,444,1,17.98,17.98,0.0,1,444,1.0,0.0
C00775,Steady Regulars,4,4,4,444,35,5,859.55,171.91,0.155,4,492,0.8,0.0
C00776,New & Promising,3,2,2,322,203,2,86.98,43.49,0.0,1,217,1.0,0.0
C00777,Lapsed / Hibernating,2,1,3,213,523,1,308.95,308.95,0.0,1,523,0.0,0.0
C00778,Champions,4,5,5,455,38,25,4525.15,181.006,0.178,7,1071,0.76,0.127
C00779,Lapsed / Hibernating,1,1,1,111,741,1,74.97,74.97,0.0,2,741,1.0,0.0
C00780,Champions,5,5,4,554,4,13,1568.27,120.636,0.083,7,760,1.0,0.12
C00781,Lapsed / Hibernating,2,3,3,233,366,4,325.61,81.402,0.307,4,653,0.5,0.143
C00782,Steady Regulars,4,4,4,444,73,8,1529.11,191.139,0.041,4,411,1.0,0.059
C00783,Champions,5,5,5,555,3,87,22955.47,263.856,0.063,7,1086,0.149,0.054
C00784,Steady Regulars,4,1,3,413,28,1,405.94,405.94,0.0,2,28,1.0,0.25
C00786,Steady Regulars,5,4,4,544,19,5,678.82,135.764,0.0,4,444,0.4,0.0
C00787,Lapsed / Hibernating,1,3,4,134,1024,3,726.51,242.17,0.158,6,1067,1.0,0.0
C00788,Steady Regulars,3,3,3,333,147,4,584.49,146.122,0.211,3,721,0.75,0.125
C00792,Champions,4,5,5,455,96,12,2223.48,185.29,0.229,6,1018,0.917,0.105
C00793,Lapsed / Hibernating,2,4,4,244,584,7,881.7,125.957,0.055,6,1070,0.714,0.182
C00794,Lapsed / Hibernating,1,1,3,113,736,1,275.94,275.94,0.0,3,736,0.0,0.0
C00795,New & Promising,4,1,1,411,69,1,16.99,16.99,0.0,1,69,1.0,0.0
C00796,Champions,4,4,5,445,96,7,1888.78,269.826,0.144,5,844,0.857,0.125
C00797,Champions,3,5,5,355,128,21,5266.86,250.803,0.012,5,1017,0.952,0.062
C00799,Deal Hunters,4,1,1,411,31,1,34.28,34.28,1.0,2,31,1.0,0.5
C00800,Lapsed / Hibernating,1,1,2,112,1026,1,164.97,164.97,0.0,3,1026,0.0,0.0
C00801,New & Promising,3,1,1,311,249,1,29.97,29.97,0.0,2,249,0.0,0.5
C00802,New & Promising,3,1,2,312,149,1,120.98,120.98,0.0,1,149,1.0,0.0
C00804,Lapsed / Hibernating,1,3,3,133,718,3,522.95,174.317,0.0,4,1044,1.0,0.2
C00805,New & Promising,3,1,1,311,298,1,14.99,14.99,0.0,1,298,1.0,0.0
C00806,Lapsed / Hibernating,2,1,1,211,429,1,51.99,51.99,0.0,1,429,0.0,0.0
C00807,Lapsed / Hibernating,1,1,3,113,881,1,486.07,486.07,0.035,3,881,1.0,0.0
C00808,Lapsed / Hibernating,2,2,3,223,410,2,391.97,195.985,0.046,2,429,0.5,0.0
C00809,Lapsed / Hibernating,1,3,3,133,838,3,601.42,200.473,0.097,5,1018,0.667,0.0
C00811,Champions,4,5,5,455,36,17,2791.89,164.229,0.218,6,891,0.882,0.132
C00812,Lapsed / Hibernating,2,1,1,211,420,1,23.99,23.99,0.0,1,420,1.0,0.0
C00815,Steady Regulars,5,3,3,533,8,4,360.92,90.23,0.0,3,234,0.5,0.0
C00817,New & Promising,4,1,1,411,74,1,19.99,19.99,0.0,2,74,1.0,0.5
C00818,Lapsed / Hibernating,1,3,2,132,906,3,211.97,70.657,0.0,3,983,1.0,0.0
C00819,Lapsed / Hibernating,1,1,1,111,969,1,28.99,28.99,0.0,1,969,1.0,0.0
C00820,Champions,5,5,5,555,8,22,3580.39,162.745,0.224,6,480,0.864,0.041
C00821,Champions,3,4,4,344,292,10,1268.27,126.827,0.271,6,970,0.9,0.143
C00823,Lapsed / Hibernating,2,1,2,212,654,1,175.97,175.97,0.92,2,654,1.0,0.0
C00825,Steady Regulars,5,2,2,522,20,2,184.54,92.27,0.355,4,830,1.0,0.0
C00827,Lapsed / Hibernating,1,1,2,112,940,1,133.99,133.99,0.0,1,940,0.0,0.0
C00828,Deal Hunters,5,3,2,532,19,3,153.15,51.05,0.824,2,77,1.0,0.0
C00829,New & Promising,4,1,2,412,91,1,173.99,173.99,0.0,1,91,1.0,0.0
C00830,Lapsed / Hibernating,1,3,2,132,923,3,160.93,53.643,0.0,3,1035,0.0,0.0
C00831,Steady Regulars,4,2,2,422,56,2,158.96,79.48,0.0,3,216,1.0,0.0
C00832,Lapsed / Hibernating,2,4,4,244,581,9,1277.22,141.913,0.424,3,912,0.333,0.05
C00833,Champions,4,5,4,454,53,14,1534.16,109.583,0.013,7,804,0.929,0.143
C00834,Lapsed / Hibernating,2,1,1,211,613,1,53.98,53.98,0.0,2,613,1.0,0.0
C00835,Steady Regulars,5,3,3,533,14,4,517.72,129.43,0.04,5,59,1.0,0.4
C00836,Lapsed / Hibernating,2,1,1,211,617,1,46.98,46.98,0.0,1,617,0.0,0.0
C00837,Lapsed / Hibernating,1,4,2,142,976,6,237.71,39.618,0.693,4,1075,0.5,0.556
C00839,Champions,4,4,4,444,34,10,1647.43,164.743,0.139,7,604,0.9,0.143
C00840,Lapsed / Hibernating,1,3,2,132,880,3,212.97,70.99,0.0,4,1080,0.0,0.4
C00841,Steady Regulars,3,4,3,343,332,5,446.06,89.212,0.357,6,853,0.8,0.0
C00842,Champions,4,4,4,444,63,8,1358.74,169.842,0.076,5,1078,0.875,0.294
C00843,Lapsed / Hibernating,2,1,3,213,470,1,405.96,405.96,0.0,2,470,0.0,0.0
C00846,Lapsed / Hibernating,1,1,1,111,824,1,57.99,57.99,0.0,1,824,0.0,0.0
C00847,New & Promising,3,1,2,312,184,1,147.99,147.99,0.0,1,184,1.0,0.0
C00848,Steady Regulars,5,4,2,542,17,5,241.91,48.382,0.09,3,603,1.0,0.25
C00849,Lapsed / Hibernating,1,1,2,112,822,1,148.99,148.99,0.0,1,822,1.0,0.0
C00850,Lapsed / Hibernating,2,5,5,255,608,19,4111.52,216.396,0.314,6,1013,1.0,0.042
C00851,Steady Regulars,4,4,4,444,79,5,1162.63,232.526,0.056,4,307,1.0,0.0
C00852,Lapsed / Hibernating,2,1,1,211,426,1,60.99,60.99,0.0,2,426,0.0,0.5
C00853,Lapsed / Hibernating,1,1,1,111,1049,1,24.99,24.99,0.0,1,1049,0.0,0.0
C00854,Lapsed / Hibernating,1,1,1,111,1082,1,23.19,23.19,1.0,1,1082,1.0,0.0
C00855,Lapsed / Hibernating,2,1,3,213,423,1,273.99,273.99,0.0,1,423,1.0,0.0
C00856,New & Promising,4,1,1,411,104,1,29.99,29.99,0.0,1,104,1.0,0.0
C00857,New & Promising,3,1,1,311,354,1,33.99,33.99,0.0,1,354,1.0,0.0
C00858,Steady Regulars,4,3,3,433,119,3,519.75,173.25,0.061,1,1091,0.667,0.0
C00859,Deal Hunters,3,1,2,312,362,1,94.38,94.38,1.0,1,362,1.0,0.0
C00860,Champions,5,5,5,555,5,14,2961.21,211.515,0.07,7,1035,0.071,0.0
C00861,Lapsed / Hibernating,2,5,5,255,600,13,2142.26,164.789,0.142,7,938,1.0,0.1
C00862,Steady Regulars,4,2,3,423,36,2,429.26,214.63,0.13,4,177,1.0,0.25
C00863,Lapsed / Hibernating,2,1,1,211,413,1,86.38,86.38,1.0,1,413,0.0,0.0
C00864,Champions,5,5,5,555,3,20,2532.48,126.624,0.174,6,887,0.9,0.043
C00865,Lapsed / Hibernating,1,3,2,132,741,3,151.61,50.537,0.328,3,881,1.0,0.0
C00866,Lapsed / Hibernating,1,1,3,113,946,1,306.97,306.97,0.0,2,946,1.0,0.0
C00867,Lapsed / Hibernating,2,1,2,212,479,1,200.99,200.99,0.0,1,479,1.0,0.0
C00868,Lapsed / Hibernating,2,5,4,254,576,12,1596.46,133.038,0.253,6,1049,1.0,0.045
C00869,Lapsed / Hibernating,2,3,3,233,622,4,400.1,100.025,0.218,6,1063,0.25,0.25
C00870,Steady Regulars,3,2,3,323,230,2,546.96,273.48,0.0,2,250,1.0,0.0
C00871,Steady Regulars,5,4,3,543,23,5,297.08,59.416,0.138,5,339,0.8,0.091
C00872,Lapsed / Hibernating,2,4,4,244,676,7,1343.04,191.863,0.085,3,1048,1.0,0.071
C00874,Lapsed / Hibernating,2,1,1,211,594,1,20.99,20.99,0.0,1,594,1.0,0.0
C00875,Lapsed / Hibernating,1,3,3,133,745,3,320.89,106.963,0.0,2,1073,0.667,0.0
C00877,Steady Regulars,3,4,5,345,343,10,1921.84,192.184,0.305,5,727,0.9,0.071
C00878,Steady Regulars,4,1,3,413,42,1,375.96,375.96,0.0,2,42,1.0,0.0
C00881,Steady Regulars,4,3,3,433,84,3,464.95,154.983,0.0,2,209,1.0,0.2
C00882,Lapsed / Hibernating,2,1,1,211,396,1,58.78,58.78,1.0,1,396,1.0,0.0
C00883,Champions,5,5,5,555,1,19,4013.61,211.243,0.175,5,931,0.842,0.064
C00885,Lapsed / Hibernating,2,3,3,233,525,4,626.68,156.67,0.04,3,983,0.75,0.25
C00886,New & Promising,5,2,2,522,3,2,206.94,103.47,0.0,3,52,0.5,0.0
C00887,Champions,5,5,5,555,27,16,2226.94,139.184,0.204,5,1048,0.125,0.088
C00888,Steady Regulars,3,3,4,334,155,3,669.03,223.01,0.178,5,616,0.667,0.091
C00889,Champions,4,4,5,445,40,10,2223.4,222.34,0.046,5,363,0.0,0.125
C00890,Lapsed / Hibernating,1,2,3,123,867,2,286.57,143.285,0.511,2,1079,1.0,0.167
C00891,Lapsed / Hibernating,2,1,2,212,447,1,124.91,124.91,0.12,3,447,1.0,0.0
C00893,Lapsed / Hibernating,2,3,4,234,474,4,805.6,201.4,0.16,4,825,1.0,0.0
C00894,Steady Regulars,3,4,4,344,142,7,858.53,122.647,0.291,5,895,0.143,0.0
C00895,Lapsed / Hibernating,2,4,4,244,472,5,856.57,171.314,0.351,2,769,1.0,0.167
C00898,Lapsed / Hibernating,2,3,3,233,500,3,547.96,182.653,0.42,3,735,1.0,0.0
C00901,Steady Regulars,4,4,4,444,117,5,1341.88,268.376,0.33,4,777,1.0,0.091
C00902,Champions,5,5,5,555,23,19,5007.89,263.573,0.043,7,529,0.895,0.025
C00903,Steady Regulars,4,3,2,432,32,3,205.23,68.41,0.311,4,621,1.0,0.25
C00904,Lapsed / Hibernating,2,1,1,211,574,1,13.99,13.99,0.0,1,574,1.0,0.0
C00906,Champions,5,5,5,555,27,11,2168.77,197.161,0.039,7,308,1.0,0.087
C00907,Lapsed / Hibernating,1,1,1,111,1040,1,53.98,53.98,0.0,1,1040,1.0,0.333
C00909,Steady Regulars,3,1,2,312,186,1,149.98,149.98,0.0,2,186,1.0,0.0
C00910,New & Promising,5,1,1,511,12,1,9.99,9.99,0.0,1,12,0.0,0.0
C00912,Lapsed / Hibernating,2,4,4,244,388,6,811.27,135.212,0.063,7,1076,0.667,0.0
C00914,New & Promising,3,1,2,312,151,1,151.99,151.99,0.0,1,151,1.0,0.0
C00915,Champions,4,5,5,455,34,15,3939.85,262.657,0.308,6,986,0.267,0.075
C00916,New & Promising,5,1,1,511,11,1,22.99,22.99,0.0,1,11,1.0,0.0
C00917,Lapsed / Hibernating,2,5,5,255,557,13,1773.45,136.419,0.145,6,1005,0.231,0.037
C00918,Lapsed / Hibernating,2,1,1,211,465,1,75.58,75.58,1.0,1,465,0.0,0.0
C00919,Lapsed / Hibernating,1,1,3,113,1044,1,545.94,545.94,0.0,2,1044,1.0,0.0
C00922,New & Promising,5,1,3,513,5,1,481.98,481.98,0.0,2,5,1.0,0.0
C00923,Lapsed / Hibernating,1,3,3,133,967,3,575.73,191.91,0.267,3,1093,0.0,0.0
C00924,Steady Regulars,3,4,4,344,228,7,1601.38,228.769,0.453,2,1070,0.143,0.0
C00925,Lapsed / Hibernating,2,1,3,213,616,1,522.94,522.94,0.0,3,616,1.0,0.143
C00926,Champions,5,5,5,555,1,26,5539.24,213.048,0.008,7,932,1.0,0.052
C00927,Steady Regulars,4,1,3,413,30,1,329.98,329.98,0.0,1,30,1.0,0.0
C00928,Lapsed / Hibernating,2,5,5,255,462,12,2742.11,228.509,0.042,6,912,0.917,0.037
C00929,Steady Regulars,3,4,4,344,253,6,713.69,118.948,0.01,5,944,1.0,0.333
C00930,Champions,4,4,5,445,31,10,1784.23,178.423,0.224,4,547,0.2,0.074
C00931,Lapsed / Hibernating,1,4,4,144,929,7,1673.77,239.11,0.0,6,1081,0.143,0.059
C00932,Champions,4,5,5,455,29,12,3550.6,295.883,0.138,6,280,0.833,0.036
C00933,Steady Regulars,3,4,5,345,251,7,1745.58,249.369,0.027,5,655,1.0,0.062
C00934,New & Promising,4,1,1,411,85,1,0.0,0.0,0.0,1,85,1.0,1.0
C00935,Steady Regulars,4,4,3,443,34,5,504.62,100.924,0.133,5,394,0.8,0.143
C00936,Champions,3,5,5,355,156,25,5495.15,219.806,0.123,6,1039,0.32,0.067
C00937,Champions,4,5,5,455,98,20,2467.08,123.354,0.179,6,1057,0.3,0.053
C00938,Lapsed / Hibernating,2,1,2,212,533,1,166.58,166.58,1.0,1,533,1.0,0.0
C00940,Lapsed / Hibernating,2,5,5,255,467,20,3599.23,179.962,0.311,7,1089,0.15,0.14
C00941,Lapsed / Hibernating,1,1,1,111,1026,1,48.99,48.99,0.0,1,1026,1.0,0.0
C00943,Lapsed / Hibernating,1,1,3,113,1021,1,305.27,305.27,0.063,2,1021,0.0,0.25
C00944,Steady Regulars,4,4,4,444,32,6,701.01,116.835,0.183,5,261,0.833,0.083
C00945,Steady Regulars,3,3,3,333,154,3,290.96,96.987,0.0,3,392,0.0,0.2
C00946,Lapsed / Hibernating,1,1,1,111,919,1,23.19,23.19,1.0,1,919,0.0,0.5
C00949,Lapsed / Hibernating,1,2,3,123,1002,2,309.89,154.945,0.0,2,1009,1.0,0.0
C00950,Steady Regulars,3,4,3,343,241,8,593.5,74.188,0.089,6,1078,0.25,0.0
C00951,Lapsed / Hibernating,2,2,2,222,522,2,141.97,70.985,0.0,3,628,1.0,0.0
C00952,Lapsed / Hibernating,1,2,2,122,856,2,96.96,48.48,0.0,2,1042,0.5,0.0
C00954,New & Promising,5,1,1,511,20,1,33.99,33.99,0.0,1,20,1.0,0.0
C00955,Steady Regulars,5,3,3,533,23,3,300.93,100.31,0.072,4,226,1.0,0.143
C00956,Steady Regulars,5,3,3,533,9,3,499.3,166.433,0.141,3,267,1.0,0.0
C00957,Champions,5,5,5,555,13,19,3732.23,196.433,0.243,7,1012,1.0,0.041
C00958,Lapsed / Hibernating,2,3,2,232,559,3,150.95,50.317,0.0,3,852,0.333,0.0
C00959,Steady Regulars,5,2,2,522,6,2,244.71,122.355,0.149,4,92,1.0,0.2
C00960,Steady Regulars,5,1,4,514,14,1,719.36,719.36,0.033,2,14,0.0,0.0
C00961,Lapsed / Hibernating,2,3,2,232,678,3,121.96,40.653,0.0,2,1072,0.0,0.0
C00962,Champions,4,5,5,455,47,14,2545.66,181.833,0.0,7,1061,0.071,0.065
C00963,Steady Regulars,5,3,4,534,14,4,735.2,183.8,0.5,5,172,0.75,0.0
C00964,Lapsed / Hibernating,1,1,3,113,714,1,338.98,338.98,0.0,2,714,1.0,0.5
C00965,Lapsed / Hibernating,2,2,2,222,588,2,123.97,61.985,0.0,3,1095,1.0,0.25
C00966,Lapsed / Hibernating,1,4,3,143,986,5,284.93,56.986,0.0,3,1065,0.2,0.167
C00967,Champions,4,5,5,455,35,15,3232.69,215.513,0.18,7,436,0.467,0.061
C00968,Steady Regulars,5,2,4,524,13,2,705.51,352.755,0.07,4,634,1.0,0.0
C00969,Champions,3,4,4,344,195,8,1466.17,183.271,0.143,7,1040,0.375,0.1
C00970,Lapsed / Hibernating,2,4,4,244,395,5,1359.84,271.968,0.158,5,1072,1.0,0.125
C00971,Lapsed / Hibernating,1,2,2,122,745,2,204.96,102.48,0.0,3,970,0.5,0.0
C00972,Lapsed / Hibernating,2,1,1,211,611,1,24.99,24.99,0.0,1,611,0.0,0.0
C00973,Lapsed / Hibernating,1,5,5,155,734,22,3506.56,159.389,0.115,7,1066,0.091,0.089
C00975,Steady Regulars,5,2,3,523,11,2,333.12,166.56,0.211,4,24,0.5,0.0
C00976,Lapsed / Hibernating,2,1,2,212,555,1,163.99,163.99,0.0,1,555,0.0,0.0
C00977,Steady Regulars,4,1,3,413,51,1,355.97,355.97,0.0,1,51,1.0,0.0
C00979,Steady Regulars,3,2,2,322,188,2,249.94,124.97,0.255,5,667,1.0,0.167
C00980,Steady Regulars,4,3,3,433,47,4,633.85,158.462,0.0,2,332,0.0,0.0
C00982,Steady Regulars,3,2,2,322,299,2,167.96,83.98,0.0,3,300,1.0,0.25
C00985,Champions,3,5,5,355,172,23,3445.52,149.805,0.341,7,1073,0.913,0.067
C00986,New & Promising,4,1,1,411,99,1,53.98,53.98,0.0,1,99,1.0,0.0
C00987,Lapsed / Hibernating,1,1,1,111,1031,1,68.99,68.99,0.0,1,1031,0.0,0.0
C00988,Steady Regulars,3,4,4,344,186,5,1322.76,264.552,0.383,6,874,0.2,0.133
C00989,Lapsed / Hibernating,1,1,3,113,874,1,477.99,477.99,0.165,5,874,0.0,0.0
C00990,Steady Regulars,4,3,2,432,33,3,239.94,79.98,0.159,3,234,1.0,0.2
C00991,Champions,3,5,5,355,239,16,3249.98,203.124,0.068,7,890,1.0,0.059
C00992,Champions,4,5,5,455,58,16,3445.33,215.333,0.165,8,499,1.0,0.089
C00996,Champions,5,5,5,555,11,16,2190.93,136.933,0.105,7,943,1.0,0.069
C00998,Lapsed / Hibernating,1,1,1,111,879,1,63.98,63.98,0.0,1,879,0.0,0.0
C00999,New & Promising,3,1,1,311,241,1,68.98,68.98,0.0,2,241,1.0,0.0
C01000,Steady Regulars,3,4,4,344,164,7,1229.07,175.581,0.204,6,471,1.0,0.111
C01001,Lapsed / Hibernating,1,3,4,134,789,3,813.96,271.32,0.0,1,1019,1.0,0.0
C01004,Lapsed / Hibernating,2,4,5,245,595,9,2003.96,222.662,0.332,5,991,1.0,0.053
C01005,Steady Regulars,4,3,3,433,43,3,303.83,101.277,0.076,3,723,1.0,0.0
C01006,Steady Regulars,3,4,3,343,201,6,590.91,98.485,0.037,5,467,1.0,0.333
C01007,Steady Regulars,3,2,2,322,305,2,206.92,103.46,0.0,1,962,1.0,0.0
C01008,Steady Regulars,3,1,2,312,263,1,106.97,106.97,0.0,3,263,1.0,0.333
C01012,Lapsed / Hibernating,1,1,2,112,815,1,100.99,100.99,0.0,1,815,0.0,0.0
C01014,Champions,5,4,4,544,20,8,1260.82,157.603,0.317,7,656,0.25,0.238
C01015,Champions,5,4,5,545,5,10,1943.43,194.343,0.015,6,978,0.2,0.04
C01016,Champions,5,5,5,555,9,47,8224.69,174.993,0.16,8,1009,0.894,0.045
C01017,Lapsed / Hibernating,1,3,2,132,862,3,172.95,57.65,0.0,3,1056,0.0,0.0
C01018,Lapsed / Hibernating,2,4,4,244,544,7,746.09,106.584,0.352,4,1091,1.0,0.143
C01022,Champions,5,5,5,555,17,16,2557.59,159.849,0.117,6,828,0.875,0.103
C01023,Lapsed / Hibernating,1,3,4,134,868,3,774.92,258.307,0.197,4,1073,0.0,0.143
C01025,Champions,5,4,4,544,18,9,1187.93,131.992,0.139,5,374,0.778,0.05
C01027,Champions,5,5,5,555,9,15,2188.05,145.87,0.076,7,790,1.0,0.097
C01029,Steady Regulars,3,3,3,333,157,4,603.39,150.848,0.243,5,282,1.0,0.111
C01030,Lapsed / Hibernating,1,5,4,154,858,11,1660.75,150.977,0.101,5,1096,0.273,0.045
C01031,Steady Regulars,3,1,3,313,195,1,437.96,437.96,0.0,2,195,1.0,0.0
C01032,Champions,5,5,5,555,12,39,10847.8,278.149,0.056,7,1089,0.179,0.031
C01033,Champions,5,4,3,543,13,8,467.88,58.485,0.41,5,161,1.0,0.25
C01034,Lapsed / Hibernating,1,4,4,144,961,8,1385.86,173.233,0.099,2,1082,0.875,0.059
C01035,Lapsed / Hibernating,1,1,3,113,830,1,354.97,354.97,0.0,2,830,1.0,0.0
C01037,Lapsed / Hibernating,1,1,1,111,705,1,28.99,28.99,0.0,1,705,0.0,0.0
C01039,Champions,5,5,5,555,9,52,6809.63,130.954,0.119,7,546,0.25,0.017
C01041,Lapsed / Hibernating,2,5,5,255,447,15,2523.64,168.243,0.048,6,1052,0.0,0.054
C01042,Lapsed / Hibernating,2,1,2,212,426,1,117.98,117.98,0.0,2,426,1.0,0.0
C01043,Champions,5,5,5,555,1,21,5512.19,262.485,0.116,7,683,0.143,0.071
C01045,Champions,3,5,5,355,183,13,2902.61,223.278,0.019,4,1056,0.154,0.04
C01046,Lapsed / Hibernating,2,1,1,211,386,1,82.07,82.07,1.0,2,386,0.0,0.0
C01047,New & Promising,3,1,2,312,148,1,95.97,95.97,0.0,2,148,0.0,0.0
C01048,Champions,4,5,5,455,101,40,7166.67,179.167,0.178,8,1074,0.925,0.089
C01049,Lapsed / Hibernating,1,1,2,112,796,1,104.99,104.99,0.0,1,796,1.0,0.0
C01050,Champions,5,4,3,543,21,6,381.04,63.507,0.025,6,325,1.0,0.25
C01051,New & Promising,3,1,1,311,292,1,18.99,18.99,0.0,1,292,1.0,0.0
C01052,Lapsed / Hibernating,2,4,4,244,654,5,773.89,154.778,0.682,3,900,0.0,0.125
C01053,Steady Regulars,3,4,3,343,214,8,536.64,67.08,0.151,3,744,0.875,0.091
C01054,New & Promising,3,2,1,321,143,2,49.99,24.995,0.0,2,247,1.0,0.5
C01055,Champions,3,5,5,355,232,16,2476.45,154.778,0.063,7,1077,0.938,0.103
C01056,Lapsed / Hibernating,2,2,3,223,621,2,335.95,167.975,0.08,3,629,0.5,0.0
C01057,Champions,4,5,5,455,61,11,1900.87,172.806,0.089,8,1075,0.091,0.0
C01059,Lapsed / Hibernating,1,1,3,113,738,1,345.96,345.96,0.0,2,738,1.0,0.0
C01060,Champions,5,5,5,555,16,18,2538.76,141.042,0.077,7,412,0.889,0.125
C01062,Lapsed / Hibernating,2,2,2,222,370,2,88.26,44.13,0.173,3,540,1.0,0.0
C01064,Champions,3,5,5,355,168,18,2189.08,121.616,0.156,7,816,0.778,0.095
C01065,Steady Regulars,3,1,3,313,294,1,326.97,326.97,0.0,1,294,1.0,0.0
C01066,Steady Regulars,4,1,2,412,90,1,240.98,240.98,0.0,1,90,1.0,0.0
C01069,Lapsed / Hibernating,2,1,2,212,391,1,134.95,134.95,1.0,1,391,1.0,0.0
C01071,Champions,4,5,5,455,33,47,12214.71,259.887,0.138,7,1094,0.085,0.049
C01072,Lapsed / Hibernating,2,3,3,233,555,4,432.35,108.088,0.094,4,916,0.75,0.2
C01073,Lapsed / Hibernating,2,1,3,213,580,1,379.98,379.98,0.0,1,580,0.0,0.0
C01074,Lapsed / Hibernating,2,5,5,255,562,41,6396.04,156.001,0.167,7,1067,0.927,0.16
C01075,Deal Hunters,4,4,4,444,38,5,928.42,185.684,0.709,4,874,1.0,0.25
C01076,Lapsed / Hibernating,1,1,1,111,1067,1,17.39,17.39,1.0,2,1067,1.0,0.5
C01077,Champions,5,5,4,554,12,13,1620.21,124.632,0.046,6,688,1.0,0.04
C01078,Champions,4,5,4,454,61,13,1710.82,131.602,0.185,7,657,0.308,0.036
C01080,New & Promising,4,1,1,411,100,1,50.98,50.98,0.0,2,100,1.0,0.0
C01081,Steady Regulars,4,4,3,443,34,6,327.67,54.612,0.155,6,161,0.167,0.091
C01083,Steady Regulars,4,2,3,423,33,2,529.11,264.555,0.339,3,261,1.0,0.0
C01084,Champions,5,4,4,544,15,9,1106.62,122.958,0.175,6,441,1.0,0.0
C01085,Lapsed / Hibernating,2,1,3,213,680,1,319.96,319.96,0.0,2,680,0.0,0.0
C01086,New & Promising,4,1,1,411,73,1,82.98,82.98,0.0,2,73,0.0,0.0
C01087,Lapsed / Hibernating,1,1,1,111,886,1,47.98,47.98,0.0,1,886,1.0,0.0
C01088,Steady Regulars,3,1,2,312,184,1,114.96,114.96,0.348,3,184,1.0,0.0
C01090,Champions,5,4,5,545,8,6,2251.47,375.245,0.062,6,89,0.167,0.043
C01091,Steady Regulars,3,4,4,344,145,5,1144.89,228.978,0.0,4,275,1.0,0.0
C01092,Champions,4,5,5,455,96,37,6047.25,163.439,0.17,7,1087,0.973,0.069
C01093,Lapsed / Hibernating,1,2,1,121,983,2,82.46,41.23,0.273,3,998,0.5,0.0
C01094,Champions,3,4,4,344,230,9,1356.7,150.744,0.514,7,861,0.889,0.118
C01095,Lapsed / Hibernating,1,1,2,112,881,1,119.98,119.98,0.0,2,881,1.0,0.0
C01096,Steady Regulars,3,1,3,313,231,1,296.97,296.97,0.0,1,231,1.0,0.0
C01097,Steady Regulars,3,3,2,332,320,3,200.93,66.977,0.0,2,375,0.0,0.0
C01098,Steady Regulars,3,4,3,343,355,8,659.68,82.46,0.026,5,812,1.0,0.167
C01099,Champions,5,5,5,555,22,20,3491.06,174.553,0.083,7,656,1.0,0.109
C01100,Lapsed / Hibernating,1,1,1,111,723,1,83.18,83.18,1.0,1,723,1.0,0.0
C01101,Lapsed / Hibernating,1,1,1,111,1088,1,0.0,0.0,0.0,1,1088,0.0,1.0
C01103,New & Promising,3,1,2,312,224,1,122.99,122.99,0.0,1,224,1.0,0.0
C01104,Steady Regulars,4,2,3,423,94,2,450.94,225.47,0.0,2,305,1.0,0.0
C01105,Lapsed / Hibernating,2,3,3,233,371,4,566.92,141.73,0.0,5,784,1.0,0.125
C01107,Champions,5,5,5,555,12,12,2256.55,188.046,0.036,4,1020,0.917,0.069
C01108,New & Promising,4,1,1,411,74,1,69.98,69.98,0.0,1,74,1.0,0.0
C01110,Champions,3,5,5,355,157,11,2305.01,209.546,0.48,6,667,0.455,0.0
C01112,Lapsed / Hibernating,1,1,2,112,708,1,179.97,179.97,0.0,2,708,0.0,0.0
C01113,Steady Regulars,3,4,3,343,177,5,518.53,103.706,0.071,4,741,1.0,0.444
C01115,Champions,5,5,5,555,23,53,10782.91,203.451,0.159,8,844,0.189,0.074
C01117,New & Promising,4,1,2,412,104,1,108.99,108.99,0.0,1,104,1.0,0.0
C01118,New & Promising,4,1,2,412,71,1,158.97,158.97,0.0,2,71,1.0,0.0
C01119,Champions,4,5,5,455,34,12,2318.28,193.19,0.162,4,530,1.0,0.04
C01120,Lapsed / Hibernating,1,2,1,121,952,2,40.18,20.09,0.385,2,1084,1.0,0.333
C01121,Lapsed / Hibernating,1,1,2,112,983,1,193.95,193.95,0.0,2,983,1.0,0.25
C01123,Steady Regulars,3,4,4,344,130,6,1429.89,238.315,0.457,6,394,1.0,0.0
C01125,Champions,5,4,4,544,15,10,1319.0,131.9,0.179,7,714,0.8,0.211
C01127,Champions,3,4,4,344,298,10,787.51,78.751,0.652,6,828,0.2,0.133
C01128,New & Promising,3,1,1,311,331,1,18.99,18.99,0.0,1,331,0.0,0.0
C01130,Steady Regulars,3,1,3,313,327,1,323.98,323.98,0.0,1,327,1.0,0.0
C01131,Steady Regulars,3,3,3,333,254,4,364.94,91.235,0.0,3,783,0.0,0.0
C01132,Champions,5,4,4,544,6,7,850.23,121.461,0.204,4,607,1.0,0.0
C01133,Lapsed / Hibernating,2,1,1,211,371,1,43.97,43.97,0.0,2,371,1.0,0.0
C01134,New & Promising,4,1,1,411,116,1,66.99,66.99,0.0,1,116,1.0,0.0
C01135,Champions,4,5,4,454,49,16,1437.56,89.848,0.031,6,283,0.062,0.108
C01136,Lapsed / Hibernating,1,1,2,112,907,1,230.96,230.96,0.0,1,907,1.0,0.0
C01137,Champions,5,5,5,555,24,26,5932.62,228.178,0.118,5,1032,0.846,0.077
C01138,Steady Regulars,3,4,3,343,136,6,534.69,89.115,0.553,2,838,0.167,0.0
C01139,Champions,4,5,5,455,96,16,3767.57,235.473,0.027,5,647,0.188,0.056
C01141,New & Promising,4,1,1,411,90,1,44.98,44.98,0.0,2,90,1.0,0.0
C01144,Lapsed / Hibernating,2,1,1,211,702,1,0.0,0.0,0.0,1,702,1.0,1.0
C01146,Steady Regulars,5,3,3,533,18,3,404.52,134.84,0.11,3,135,0.0,0.111
C01148,Champions,3,4,5,345,190,10,2039.71,203.971,0.214,5,737,0.9,0.045
C01149,Steady Regulars,3,2,3,323,181,2,292.94,146.47,0.0,2,220,0.0,0.2
C01150,Champions,3,5,5,355,313,30,3789.02,126.301,0.088,6,1061,0.1,0.05
C01151,Lapsed / Hibernating,2,1,1,211,449,1,65.99,65.99,0.0,1,449,1.0,0.0
C01152,Champions,4,5,5,455,39,35,7773.52,222.101,0.244,8,1089,0.171,0.059
C01154,Lapsed / Hibernating,2,1,2,212,414,1,183.99,183.99,0.0,1,414,0.0,0.0
C01155,Steady Regulars,4,4,5,445,96,8,1777.41,222.176,0.022,4,658,1.0,0.062
C01156,Steady Regulars,3,1,2,312,260,1,154.95,154.95,0.0,2,260,1.0,0.0
C01157,Deal Hunters,5,1,2,512,19,1,127.56,127.56,0.451,2,19,1.0,0.0
C01158,Lapsed / Hibernating,1,2,2,122,924,2,205.17,102.585,0.113,3,938,0.5,0.0
C01160,Champions,5,5,5,555,7,32,4840.8,151.275,0.214,7,644,0.281,0.076
C01161,Champions,5,5,5,555,18,27,4362.6,161.578,0.128,7,476,0.889,0.082
C01162,Lapsed / Hibernating,1,1,1,111,782,1,64.98,64.98,0.0,2,782,0.0,0.0
C01163,Steady Regulars,5,4,3,543,6,5,383.49,76.698,0.283,4,380,0.8,0.0
C01164,Lapsed / Hibernating,1,1,1,111,726,1,41.58,41.58,1.0,1,726,1.0,0.0
C01165,New & Promising,5,1,1,511,14,1,57.99,57.99,0.0,1,14,0.0,0.0
C01166,Champions,5,4,4,544,18,5,916.2,183.24,0.171,7,884,0.2,0.125
C01167,Steady Regulars,4,3,4,434,90,4,717.1,179.275,0.395,4,186,0.75,0.222
C01170,Champions,4,5,5,455,34,18,2838.24,157.68,0.127,7,836,0.889,0.171
C01172,Champions,3,5,5,355,297,12,3128.38,260.698,0.023,7,936,1.0,0.036
C01173,Champions,5,5,4,554,14,12,1457.48,121.457,0.152,6,445,0.833,0.111
C01174,Lapsed / Hibernating,1,1,1,111,1037,1,36.99,36.99,0.0,1,1037,1.0,0.0
C01176,Champions,5,5,4,554,4,12,771.02,64.252,0.204,4,432,0.917,0.095
C01177,Steady Regulars,3,1,2,312,307,1,137.97,137.97,0.0,2,307,1.0,0.0
C01178,Champions,4,5,5,455,29,28,4639.15,165.684,0.09,4,1057,0.857,0.153
C01179,Champions,5,4,4,544,21,9,1087.82,120.869,0.216,6,407,1.0,0.105
C01180,Lapsed / Hibernating,2,2,2,222,647,2,200.67,100.335,0.058,2,757,1.0,0.0
C01181,Champions,5,4,4,544,19,7,678.15,96.879,0.31,5,431,1.0,0.167
C01182,Champions,4,5,5,455,69,14,2042.11,145.865,0.207,4,1007,0.929,0.12
C01183,Lapsed / Hibernating,1,1,1,111,903,1,31.98,31.98,0.0,1,903,1.0,0.0
C01184,Champions,5,5,5,555,8,18,3455.89,191.994,0.057,5,675,0.333,0.02
C01186,Lapsed / Hibernating,1,1,3,113,1000,1,307.97,307.97,0.0,2,1000,1.0,0.0
C01187,Lapsed / Hibernating,1,1,2,112,1089,1,185.97,185.97,0.0,3,1089,1.0,0.0
C01188,Lapsed / Hibernating,1,3,4,134,729,4,1027.58,256.895,0.255,3,1076,0.25,0.0
C01189,Steady Regulars,3,1,2,312,161,1,202.99,202.99,0.0,1,161,1.0,0.0
C01190,Steady Regulars,3,4,5,345,362,8,2223.99,277.999,0.13,5,676,0.875,0.056
C01191,Lapsed / Hibernating,1,2,3,123,924,2,505.73,252.865,0.231,4,996,0.5,0.0
C01193,New & Promising,4,1,2,412,120,1,99.98,99.98,0.0,1,120,0.0,0.0
C01195,Lapsed / Hibernating,2,1,2,212,687,1,220.97,220.97,0.0,2,687,1.0,0.0
C01197,Lapsed / Hibernating,2,1,2,212,578,1,261.98,261.98,0.653,2,578,1.0,0.0
C01198,Lapsed / Hibernating,1,1,2,112,994,1,154.98,154.98,0.0,1,994,0.0,0.0
C01200,Steady Regulars,5,3,4,534,13,3,1000.56,333.52,0.156,3,377,1.0,0.0
C01202,Steady Regulars,3,4,4,344,292,7,1578.85,225.55,0.0,4,1054,0.857,0.071
C01203,Lapsed / Hibernating,2,3,4,234,565,3,742.92,247.64,0.0,2,734,0.0,0.0
C01204,Champions,5,5,5,555,9,40,8261.66,206.541,0.193,7,1095,0.075,0.108
C01205,Steady Regulars,4,2,3,423,64,2,536.94,268.47,0.033,4,339,0.0,0.2
C01206,Steady Regulars,3,2,2,322,146,2,170.96,85.48,0.0,2,287,1.0,0.0
C01207,Champions,4,4,5,445,50,9,1926.18,214.02,0.08,5,1056,0.889,0.0
C01209,Lapsed / Hibernating,2,1,1,211,642,1,67.98,67.98,0.0,2,642,1.0,0.0
C01210,Lapsed / Hibernating,1,4,5,145,837,9,1935.03,215.003,0.122,6,1084,1.0,0.136
C01211,Lapsed / Hibernating,1,1,1,111,1057,1,65.62,65.62,0.116,2,1057,1.0,0.0
C01213,Steady Regulars,4,1,4,414,114,1,828.9,828.9,0.0,3,114,1.0,0.0
C01215,Steady Regulars,3,3,4,334,179,4,866.88,216.72,0.404,3,399,1.0,0.0
C01216,Steady Regulars,4,3,3,433,87,3,462.97,154.323,0.0,2,805,0.0,0.25
C01217,Champions,5,5,5,555,11,28,4760.18,170.006,0.072,7,999,1.0,0.103
C01218,Lapsed / Hibernating,1,1,2,112,860,1,154.26,154.26,0.751,2,860,1.0,0.333
C01219,Champions,3,5,5,355,248,13,2998.56,230.658,0.237,6,966,0.231,0.029
C01220,Lapsed / Hibernating,1,2,1,121,890,2,68.98,34.49,0.407,2,1072,0.5,0.333
C01222,Champions,4,4,4,444,36,10,1620.61,162.061,0.166,6,721,0.1,0.077
C01223,Lapsed / Hibernating,2,5,5,255,388,24,4917.25,204.885,0.242,6,982,0.917,0.149
C01224,Lapsed / Hibernating,1,1,2,112,1095,1,114.97,114.97,0.0,2,1095,1.0,0.0
C01225,Lapsed / Hibernating,2,1,1,211,675,1,36.99,36.99,0.0,1,675,1.0,0.0
C01226,New & Promising,3,1,1,311,308,1,28.99,28.99,0.0,1,308,1.0,0.5
C01229,Lapsed / Hibernating,1,2,4,124,782,2,700.95,350.475,0.0,3,958,1.0,0.2
C01231,Steady Regulars,5,3,3,533,6,3,576.91,192.303,0.0,3,213,0.667,0.0
C01232,Steady Regulars,5,4,4,544,27,5,774.89,154.978,0.0,4,165,1.0,0.0
C01234,Champions,5,5,5,555,5,18,3756.05,208.669,0.106,7,383,0.222,0.045
C01235,Steady Regulars,4,4,3,443,79,5,663.52,132.704,0.067,5,935,1.0,0.25
C01236,Lapsed / Hibernating,2,1,3,213,645,1,633.69,633.69,1.0,1,645,0.0,0.25
C01237,Steady Regulars,3,1,2,312,351,1,134.38,134.38,0.315,2,351,0.0,0.0
C01238,Champions,5,5,4,554,21,13,1177.43,90.572,0.105,7,779,0.923,0.048
C01239,Steady Regulars,3,4,4,344,317,6,960.91,160.152,0.0,5,580,1.0,0.0
C01241,Steady Regulars,3,1,3,313,199,1,335.97,335.97,0.119,2,199,1.0,0.0
C01243,Steady Regulars,4,1,2,412,48,1,240.98,240.98,0.0,3,48,1.0,0.333
C01244,Lapsed / Hibernating,2,1,2,212,447,1,116.96,116.96,0.0,3,447,0.0,0.333
C01245,Steady Regulars,4,2,3,423,49,2,366.97,183.485,0.0,2,511,1.0,0.25
C01246,Lapsed / Hibernating,2,1,1,211,494,1,48.44,48.44,1.0,1,494,1.0,0.5
C01247,Steady Regulars,4,2,2,422,34,2,256.15,128.075,0.262,3,212,0.0,0.0
C01248,Champions,4,4,5,445,33,9,1737.89,193.099,0.117,6,1078,0.778,0.04
C01249,Steady Regulars,4,4,4,444,32,6,1229.33,204.888,0.121,5,311,1.0,0.143
C01250,Lapsed / Hibernating,2,3,3,233,559,3,572.34,190.78,0.032,3,689,0.0,0.0
C01251,Champions,5,5,5,555,14,13,2034.26,156.482,0.014,6,476,0.154,0.04
C01252,Lapsed / Hibernating,1,1,2,112,725,1,125.97,125.97,0.0,3,725,1.0,0.0
C01257,Lapsed / Hibernating,2,1,1,211,687,1,0.0,0.0,0.0,1,687,0.0,1.0
C01259,Champions,5,5,4,554,6,16,1661.44,103.84,0.073,6,716,0.875,0.125
C01261,Champions,5,4,5,545,22,10,1866.87,186.687,0.142,7,832,0.9,0.043
C01264,New & Promising,3,1,1,311,350,1,21.99,21.99,0.0,1,350,1.0,0.0
C01266,Champions,5,4,3,543,3,6,526.56,87.76,0.422,5,400,1.0,0.1
C01267,Lapsed / Hibernating,2,1,2,212,380,1,134.95,134.95,1.0,1,380,0.0,0.0
C01269,Champions,4,5,5,455,74,12,2905.0,242.083,0.226,3,929,0.833,0.038
C01270,Lapsed / Hibernating,1,3,3,133,843,3,319.93,106.643,0.0,2,920,0.0,0.0
C01272,Lapsed / Hibernating,2,1,2,212,386,1,114.96,114.96,0.47,3,386,1.0,0.0
C01273,Lapsed / Hibernating,1,4,3,143,772,7,540.59,77.227,0.173,4,1025,0.857,0.0
C01274,Champions,3,5,4,354,279,13,1462.47,112.498,0.4,7,1086,0.154,0.045
C01275,Steady Regulars,3,2,2,322,144,2,186.98,93.49,0.0,3,193,1.0,0.333
C01276,Deal Hunters,3,1,1,311,140,1,47.59,47.59,1.0,1,140,0.0,0.0
C01277,Deal Hunters,5,1,2,512,24,1,111.78,111.78,0.472,2,24,1.0,0.0
C01278,Lapsed / Hibernating,2,4,4,244,648,5,1180.38,236.076,0.019,4,834,0.8,0.0
C01279,Champions,3,4,5,345,127,8,3127.44,390.93,0.075,5,721,0.0,0.091
C01280,Steady Regulars,4,4,4,444,75,9,1448.84,160.982,0.029,3,749,0.889,0.167
C01283,Steady Regulars,4,1,3,413,60,1,404.94,404.94,0.0,3,60,1.0,0.0
C01285,Champions,5,5,5,555,16,14,3789.51,270.679,0.009,7,909,1.0,0.0
C01286,Champions,5,5,5,555,6,22,4787.89,217.631,0.05,7,583,0.136,0.077
C01287,Steady Regulars,3,4,4,344,194,7,680.4,97.2,0.1,5,599,0.571,0.182
C01288,Lapsed / Hibernating,2,1,2,212,512,1,156.99,156.99,0.0,1,512,0.0,0.0
C01290,Champions,5,5,5,555,12,35,4183.46,119.527,0.3,7,869,0.886,0.096
C01292,Lapsed / Hibernating,1,1,3,113,800,1,305.98,305.98,0.0,2,800,0.0,0.0
C01293,Champions,5,5,5,555,17,19,3806.13,200.323,0.209,6,1045,0.947,0.128
C01294,Lapsed / Hibernating,2,4,4,244,401,6,698.17,116.362,0.048,7,831,0.667,0.077
C01295,Lapsed / Hibernating,2,1,2,212,464,1,163.37,163.37,0.088,2,464,0.0,0.0
C01296,Champions,5,5,5,555,12,43,8380.28,194.89,0.173,8,1036,0.907,0.093
C01297,Steady Regulars,4,3,2,432,103,3,171.94,57.313,0.0,3,578,1.0,0.0
C01301,Lapsed / Hibernating,2,1,2,212,650,1,248.47,248.47,0.815,2,650,1.0,0.0
C01303,Lapsed / Hibernating,2,3,3,233,624,3,584.92,194.973,0.0,4,736,1.0,0.222
C01304,Champions,5,4,3,543,19,6,567.74,94.623,0.404,6,819,0.833,0.125
C01305,Lapsed / Hibernating,2,3,3,233,465,3,301.93,100.643,0.0,4,853,1.0,0.0
C01306,Steady Regulars,3,4,4,344,304,5,1114.96,222.992,0.115,4,1033,0.2,0.077
C01307,New & Promising,5,1,3,513,9,1,347.99,347.99,0.0,1,9,1.0,0.0
C01308,Lapsed / Hibernating,1,4,4,144,749,7,817.64,116.806,0.385,4,1069,0.857,0.0
C01309,Lapsed / Hibernating,2,5,5,255,411,21,2924.88,139.28,0.168,8,1093,0.952,0.04
C01310,Champions,4,5,5,455,44,20,3566.65,178.332,0.083,6,800,0.1,0.229
C01311,Lapsed / Hibernating,2,2,1,221,462,2,69.98,34.99,0.656,1,470,0.5,0.5
C01319,Lapsed / Hibernating,1,1,3,113,1047,1,356.97,356.97,0.0,3,1047,1.0,0.0
C01320,Lapsed / Hibernating,1,2,4,124,808,2,1292.3,646.15,0.046,5,958,0.0,0.0
C01321,Champions,4,5,5,455,38,13,2606.9,200.531,0.059,5,944,0.077,0.032
C01322,Champions,4,4,4,444,31,8,663.93,82.991,0.502,6,723,0.875,0.267
C01324,Steady Regulars,3,1,3,313,216,1,454.57,454.57,0.107,2,216,0.0,0.0
C01326,Deal Hunters,3,1,3,313,356,1,347.98,347.98,1.0,1,356,0.0,0.0
C01328,Champions,5,5,5,555,2,68,9678.45,142.33,0.129,8,803,0.956,0.204
C01329,Steady Regulars,3,4,3,343,363,5,600.9,120.18,0.12,4,934,0.2,0.0
C01330,Lapsed / Hibernating,2,4,4,244,655,7,1142.89,163.27,0.027,5,991,0.429,0.1
C01331,Champions,5,5,5,555,2,46,7981.07,173.502,0.071,8,1034,0.152,0.082
C01332,Lapsed / Hibernating,1,4,4,144,797,8,1262.76,157.845,0.443,5,1073,0.75,0.105
C01333,Deal Hunters,4,1,1,411,70,1,64.79,64.79,1.0,1,70,1.0,0.0
C01335,Lapsed / Hibernating,1,2,4,124,976,2,793.85,396.925,0.272,2,1042,1.0,0.0
C01337,Steady Regulars,5,2,3,523,18,2,431.65,215.825,0.203,4,94,0.0,0.0
C01338,Lapsed / Hibernating,2,5,5,255,509,15,3206.44,213.763,0.024,6,1034,0.0,0.073
C01339,Lapsed / Hibernating,2,2,3,223,653,2,308.41,154.205,0.306,4,789,0.0,0.0
C01340,New & Promising,5,1,1,511,14,1,43.99,43.99,0.0,1,14,1.0,0.0
C01341,New & Promising,4,2,2,422,59,2,117.16,58.58,0.377,2,131,0.0,0.0
C01342,Champions,4,5,4,454,31,14,1628.09,116.292,0.095,7,440,0.857,0.133
C01343,Lapsed / Hibernating,2,4,4,244,503,8,681.86,85.232,0.216,7,853,0.75,0.067
C01344,Lapsed / Hibernating,2,5,5,255,628,14,4565.4,326.1,0.109,4,810,0.929,0.033
C01346,New & Promising,3,1,1,311,327,1,30.99,30.99,0.0,1,327,0.0,0.5
C01347,Lapsed / Hibernating,2,3,3,233,488,4,463.33,115.833,0.076,5,1072,1.0,0.0
C01348,Lapsed / Hibernating,1,4,4,144,889,7,1135.76,162.251,0.352,6,1068,1.0,0.167
C01349,Champions,4,4,5,445,68,9,2364.49,262.721,0.214,5,859,0.889,0.045
C01350,Champions,5,4,3,543,11,5,577.97,115.594,0.026,6,267,1.0,0.091
C01351,Steady Regulars,3,1,2,312,353,1,246.96,246.96,0.0,1,353,0.0,0.0
C01352,Lapsed / Hibernating,2,1,3,213,667,1,339.96,339.96,0.0,1,667,1.0,0.0
C01355,New & Promising,3,1,1,311,357,1,29.99,29.99,0.0,1,357,1.0,0.0
C01356,Champions,5,5,4,554,15,13,1590.63,122.356,0.626,7,787,0.077,0.083
C01357,Deal Hunters,4,1,1,411,37,1,60.16,60.16,1.0,2,37,0.0,0.0
C01358,Lapsed / Hibernating,1,2,3,123,955,2,350.94,175.47,0.0,4,1071,0.0,0.0
C01359,Champions,5,5,5,555,26,12,3104.42,258.702,0.115,5,1013,0.917,0.033
C01360,Champions,4,5,5,455,30,21,4102.2,195.343,0.229,7,805,0.952,0.109
C01361,Steady Regulars,5,4,4,544,6,6,1430.81,238.468,0.036,3,291,0.833,0.0
C01362,Champions,3,5,5,355,338,30,5570.73,185.691,0.169,6,1003,0.8,0.182
C01363,Lapsed / Hibernating,2,5,5,255,593,12,2256.78,188.065,0.137,6,840,0.917,0.033
C01364,Champions,3,4,5,345,184,9,1872.93,208.103,0.402,6,914,1.0,0.125
C01366,Lapsed / Hibernating,1,1,1,111,1086,1,21.99,21.99,0.0,1,1086,1.0,0.0
C01367,Lapsed / Hibernating,1,2,3,123,894,2,437.93,218.965,0.0,2,1046,1.0,0.167
C01368,Lapsed / Hibernating,1,1,3,113,826,1,327.94,327.94,0.0,3,826,1.0,0.0
C01369,Champions,4,5,5,455,33,14,2302.13,164.438,0.166,4,1093,0.929,0.094
C01370,Champions,5,5,5,555,10,19,1838.02,96.738,0.247,5,850,0.158,0.028
C01371,Lapsed / Hibernating,2,4,4,244,424,7,1396.74,199.534,0.511,6,545,0.857,0.0
C01372,Lapsed / Hibernating,1,3,3,133,783,4,375.89,93.972,0.0,3,1022,1.0,0.125
C01373,Lapsed / Hibernating,1,3,4,134,907,3,1073.54,357.847,0.079,4,1053,0.0,0.083
C01375,Lapsed / Hibernating,2,4,5,245,619,8,2125.2,265.65,0.044,3,1056,0.125,0.105
C01376,Steady Regulars,4,3,3,433,40,3,450.89,150.297,0.0,5,363,1.0,0.0
C01377,Steady Regulars,4,4,4,444,116,10,1398.83,139.883,0.076,4,492,1.0,0.25
C01379,Steady Regulars,3,1,3,313,296,1,475.96,475.96,0.0,2,296,0.0,0.0
C01381,Lapsed / Hibernating,1,3,3,133,974,3,268.44,89.48,0.918,2,1096,0.667,0.0
C01386,Champions,4,5,5,455,33,21,4718.93,224.711,0.137,8,1077,0.286,0.053
C01387,Lapsed / Hibernating,2,2,3,223,406,2,444.27,222.135,0.906,2,516,0.0,0.0
C01388,Champions,5,4,5,545,26,5,1804.83,360.966,0.0,6,393,1.0,0.067
C01390,New & Promising,3,1,1,311,140,1,47.99,47.99,0.0,1,140,1.0,0.0
C01391,Champions,5,4,4,544,27,7,842.89,120.413,0.0,5,929,0.857,0.1
C01392,New & Promising,5,2,2,522,26,2,112.97,56.485,0.0,3,59,1.0,0.0
C01393,Lapsed / Hibernating,1,1,1,111,839,1,23.99,23.99,0.0,1,839,1.0,0.0
C01394,New & Promising,5,3,2,532,27,3,94.5,31.5,0.398,4,290,0.667,0.167
C01397,Champions,5,5,4,554,17,20,1646.92,82.346,0.332,6,644,0.9,0.114
C01398,Lapsed / Hibernating,2,1,2,212,486,1,147.99,147.99,0.0,1,486,1.0,0.0
C01399,Steady Regulars,3,4,3,343,314,5,353.97,70.794,0.31,4,705,1.0,0.222
C01400,Lapsed / Hibernating,1,1,3,113,743,1,294.86,294.86,0.247,2,743,0.0,0.0
C01402,Steady Regulars,3,3,3,333,364,3,474.29,158.097,0.148,5,430,0.333,0.0
C01404,Steady Regulars,5,3,3,533,18,4,584.52,146.13,0.022,6,226,0.5,0.125
C01405,Champions,5,5,5,555,10,14,1903.7,135.979,0.103,6,1001,0.929,0.077
C01407,Champions,5,5,5,555,24,15,3097.7,206.513,0.019,7,695,1.0,0.207
C01408,Lapsed / Hibernating,1,3,4,134,947,4,759.92,189.98,0.0,5,998,0.0,0.0
C01409,Champions,5,5,5,555,6,48,8072.15,168.17,0.125,5,1095,0.938,0.076
C01410,Champions,5,5,4,554,17,14,1164.85,83.204,0.123,7,329,0.929,0.091
C01411,Lapsed / Hibernating,2,5,5,255,654,11,1887.15,171.559,0.112,7,984,0.909,0.095
C01412,Champions,5,5,5,555,14,44,7292.08,165.729,0.07,6,1080,0.182,0.071
C01413,Champions,5,5,5,555,16,29,5577.77,192.337,0.07,8,642,0.138,0.055
C01415,Champions,5,5,5,555,22,72,14206.17,197.308,0.248,8,1090,0.153,0.06
C01417,Champions,5,5,4,554,11,16,1644.84,102.803,0.148,7,531,0.188,0.231
C01419,Lapsed / Hibernating,1,2,2,122,899,2,122.17,61.085,0.913,1,989,1.0,0.333
C01421,Steady Regulars,3,1,3,313,283,1,479.98,479.98,0.0,1,283,1.0,0.0
C01422,Champions,4,5,5,455,28,20,2018.95,100.948,0.097,6,1035,0.05,0.0
C01424,Lapsed / Hibernating,2,1,2,212,487,1,99.76,99.76,0.198,3,487,1.0,0.0
C01425,Lapsed / Hibernating,2,2,2,222,367,2,170.96,85.48,0.0,2,560,1.0,0.0
C01428,New & Promising,5,1,1,511,16,1,72.75,72.75,0.248,2,16,1.0,0.333
C01430,Lapsed / Hibernating,1,3,4,134,838,3,745.91,248.637,0.0,2,984,0.0,0.0
C01431,Lapsed / Hibernating,2,5,5,255,493,11,1883.0,171.182,0.106,6,779,0.091,0.125
C01432,Steady Regulars,3,4,3,343,281,5,391.83,78.366,0.404,5,534,1.0,0.182
C01433,Lapsed / Hibernating,2,2,4,224,378,2,697.52,348.76,0.751,4,497,1.0,0.0
C01434,Champions,5,4,4,544,25,10,1387.84,138.784,0.201,6,725,1.0,0.1
C01435,Champions,3,5,5,355,144,16,4137.81,258.613,0.134,6,679,0.25,0.048
C01436,Champions,4,5,5,455,83,22,3473.93,157.906,0.054,6,1077,0.909,0.204
C01437,New & Promising,3,1,1,311,150,1,71.98,71.98,0.0,2,150,1.0,0.0
C01439,Lapsed / Hibernating,2,4,4,244,437,6,1280.57,213.428,0.023,5,982,0.167,0.083
C01440,Champions,5,5,5,555,8,12,2138.11,178.176,0.029,7,813,0.083,0.048
C01441,Lapsed / Hibernating,1,2,2,122,1015,2,225.93,112.965,0.0,3,1067,0.5,0.0
C01442,Lapsed / Hibernating,1,1,1,111,981,1,0.0,0.0,0.0,1,981,1.0,1.0
C01443,Steady Regulars,4,4,3,443,113,5,411.93,82.386,0.058,4,354,0.8,0.0
C01444,Lapsed / Hibernating,2,2,1,221,652,2,51.73,25.865,0.619,2,820,1.0,0.5
C01445,Lapsed / Hibernating,1,1,1,111,1085,1,58.99,58.99,0.0,1,1085,1.0,0.0
C01447,New & Promising,5,1,2,512,18,1,90.97,90.97,0.0,2,18,0.0,0.0
C01448,Lapsed / Hibernating,2,1,2,212,437,1,90.98,90.98,0.0,1,437,1.0,0.0
C01449,Steady Regulars,3,3,3,333,279,3,347.04,115.68,0.26,3,636,0.0,0.0
C01451,Lapsed / Hibernating,1,3,4,134,899,4,909.94,227.485,0.435,5,1006,0.25,0.0
C01455,Steady Regulars,4,3,3,433,46,3,355.94,118.647,0.0,4,179,1.0,0.143
C01456,Lapsed / Hibernating,1,1,3,113,852,1,336.97,336.97,0.0,3,852,1.0,0.0
C01457,Deal Hunters,4,1,2,412,29,1,95.96,95.96,0.458,2,29,1.0,0.0
C01458,Champions,5,5,5,555,21,25,5336.33,213.453,0.017,5,1038,0.08,0.113
C01459,Champions,5,4,4,544,14,9,1694.47,188.274,0.283,6,184,0.222,0.077
C01460,Champions,5,5,5,555,15,40,8682.11,217.053,0.137,7,1057,1.0,0.1
C01461,Steady Regulars,4,3,3,433,34,4,520.95,130.238,0.043,6,330,1.0,0.167
C01462,Lapsed / Hibernating,1,4,4,144,1005,6,1522.87,253.812,0.045,6,1095,1.0,0.0
C01463,New & Promising,4,1,2,412,61,1,220.99,220.99,0.0,1,61,1.0,0.0
C01464,Lapsed / Hibernating,1,1,1,111,807,1,70.98,70.98,0.0,2,807,0.0,0.0
C01465,Steady Regulars,4,3,4,434,111,4,1164.46,291.115,0.205,4,281,0.75,0.214
C01467,Steady Regulars,5,1,3,513,23,1,515.96,515.96,0.0,1,23,1.0,0.0
C01468,Champions,5,5,5,555,18,13,2496.62,192.048,0.113,5,163,0.077,0.091
C01470,Steady Regulars,4,3,3,433,40,4,560.86,140.215,0.053,5,293,0.75,0.111
C01471,Champions,4,4,5,445,49,10,1898.89,189.889,0.068,6,413,0.9,0.167
C01472,Champions,5,5,5,555,19,15,1861.1,124.073,0.23,6,1047,0.267,0.103
C01473,Steady Regulars,5,2,3,523,8,2,338.74,169.37,0.38,5,21,1.0,0.0
C01474,Lapsed / Hibernating,1,3,3,133,795,3,432.1,144.033,0.169,4,1002,0.333,0.143
C01475,Steady Regulars,3,1,3,313,193,1,551.34,551.34,0.07,3,193,1.0,0.0
C01478,Champions,5,4,4,544,15,9,1515.2,168.356,0.051,6,541,0.778,0.059
C01479,New & Promising,5,1,2,512,8,1,158.99,158.99,0.0,1,8,1.0,0.5
C01480,Lapsed / Hibernating,1,1,1,111,820,1,23.98,23.98,0.0,1,820,0.0,0.0
C01481,Lapsed / Hibernating,2,1,2,212,494,1,181.21,181.21,0.492,2,494,1.0,0.0
C01483,Lapsed / Hibernating,2,1,2,212,503,1,112.97,112.97,0.0,1,503,1.0,0.0
C01485,Champions,3,5,5,355,180,28,3176.16,113.434,0.106,8,919,0.964,0.052
C01486,Steady Regulars,4,2,3,423,47,2,351.94,175.97,0.0,2,301,1.0,0.0
C01487,Steady Regulars,3,1,2,312,159,1,222.96,222.96,0.0,2,159,1.0,0.25
C01488,Steady Regulars,3,1,3,313,172,1,321.99,321.99,0.0,1,172,1.0,0.5
C01489,Steady Regulars,4,3,2,432,54,3,232.65,77.55,0.128,3,267,1.0,0.0
C01490,Lapsed / Hibernating,2,2,3,223,402,2,602.25,301.125,0.907,3,913,0.5,0.0
C01491,Steady Regulars,5,4,4,544,26,8,1111.25,138.906,0.114,3,376,0.25,0.0
C01493,Steady Regulars,5,3,3,533,25,4,276.95,69.238,0.0,3,234,1.0,0.5
C01495,Champions,5,5,5,555,10,22,4110.81,186.855,0.115,8,370,0.818,0.044
C01496,Champions,4,5,5,455,28,11,3529.04,320.822,0.082,8,268,0.909,0.028
C01497,Steady Regulars,3,1,3,313,132,1,293.97,293.97,0.0,1,132,0.0,0.333
C01498,Steady Regulars,4,3,3,433,40,4,558.94,139.735,0.0,3,419,1.0,0.2
C01499,Lapsed / Hibernating,1,1,1,111,907,1,0.0,0.0,0.0,1,907,0.0,1.0
C01500,Steady Regulars,5,4,4,544,18,5,797.43,159.486,0.122,6,172,1.0,0.118
C01501,Lapsed / Hibernating,1,4,4,144,804,6,1381.35,230.225,0.558,5,1084,1.0,0.273
C01503,Lapsed / Hibernating,2,4,5,245,506,9,2484.4,276.044,0.263,5,1084,1.0,0.12
C01504,Champions,5,5,5,555,20,62,9842.68,158.753,0.096,7,901,0.919,0.102
C01505,Steady Regulars,5,3,4,534,26,3,888.89,296.297,0.173,4,211,1.0,0.0
C01506,Champions,3,5,5,355,195,11,2377.69,216.154,0.197,5,1036,0.364,0.0
C01509,Lapsed / Hibernating,1,1,1,111,1078,1,62.96,62.96,0.0,1,1078,0.0,0.0
C01510,Lapsed / Hibernating,2,1,1,211,396,1,73.43,73.43,1.0,1,396,0.0,0.0
C01511,Lapsed / Hibernating,2,3,3,233,376,4,428.33,107.083,0.246,3,825,1.0,0.0
C01513,Lapsed / Hibernating,1,4,5,145,904,9,3230.82,358.98,0.12,7,1075,0.222,0.032
C01514,Steady Regulars,4,4,4,444,121,6,939.85,156.642,0.025,4,428,1.0,0.077
C01515,Steady Regulars,5,2,3,523,24,2,462.51,231.255,0.105,3,24,0.5,0.0
C01516,Lapsed / Hibernating,2,2,1,221,395,2,41.18,20.59,1.0,2,505,1.0,0.0
C01517,Steady Regulars,5,4,3,543,17,6,658.6,109.767,0.435,5,186,0.833,0.25
C01518,Champions,4,4,4,444,76,8,1624.45,203.056,0.227,6,1052,0.0,0.056
C01520,Champions,3,5,5,355,363,16,4120.99,257.562,0.126,7,1076,0.0,0.162
C01521,Champions,5,5,5,555,1,34,7039.99,207.059,0.149,8,1071,0.912,0.063
C01522,Deal Hunters,4,1,2,412,36,1,193.89,193.89,1.0,2,36,1.0,0.5
C01523,Lapsed / Hibernating,2,1,2,212,490,1,101.99,101.99,0.0,1,490,0.0,0.0
C01524,Champions,5,5,5,555,20,21,3594.74,171.178,0.167,7,399,0.857,0.06
C01525,Lapsed / Hibernating,2,1,3,213,472,1,369.98,369.98,0.0,2,472,0.0,0.333
C01528,Steady Regulars,3,1,3,313,334,1,546.98,546.98,0.0,2,334,0.0,0.0
C01529,Champions,4,5,5,455,34,32,5791.96,180.999,0.255,7,936,0.312,0.057
C01531,Lapsed / Hibernating,1,2,1,121,941,2,40.98,20.49,0.0,3,1095,0.5,0.333
C01532,New & Promising,3,1,1,311,328,1,41.99,41.99,0.0,1,328,1.0,0.0
C01533,Steady Regulars,3,3,3,333,164,3,425.97,141.99,0.0,3,468,0.333,0.0
C01534,New & Promising,4,1,1,411,77,1,54.97,54.97,0.0,2,77,1.0,0.0
C01539,Steady Regulars,3,3,4,334,140,4,762.6,190.65,0.35,3,482,1.0,0.0
C01540,Lapsed / Hibernating,2,1,1,211,532,1,28.04,28.04,1.0,1,532,0.0,0.0
C01541,Lapsed / Hibernating,2,1,1,211,418,1,23.98,23.98,0.0,1,418,0.0,0.0
C01542,Lapsed / Hibernating,1,3,4,134,828,3,1277.93,425.977,0.0,5,1044,1.0,0.167
C01544,New & Promising,4,1,1,411,39,1,40.97,40.97,0.0,2,39,1.0,0.0
C01546,Champions,5,5,5,555,6,46,7800.94,169.586,0.07,7,1088,0.152,0.093
C01550,Champions,5,5,5,555,3,78,8003.11,102.604,0.105,8,1080,0.962,0.077
C01551,Lapsed / Hibernating,1,1,1,111,1059,1,18.99,18.99,0.0,1,1059,1.0,0.0
C01553,Champions,5,5,5,555,4,29,2957.9,101.997,0.133,6,532,0.897,0.086
C01554,New & Promising,5,1,2,512,1,1,140.86,140.86,0.07,2,1,1.0,0.0
C01555,Lapsed / Hibernating,2,4,3,243,398,6,488.08,81.347,0.349,5,877,1.0,0.0
C01556,Lapsed / Hibernating,1,1,1,111,706,1,55.99,55.99,0.0,1,706,1.0,0.0
C01558,Champions,5,5,4,554,5,14,1500.36,107.169,0.195,7,1044,0.929,0.0
C01559,Deal Hunters,5,1,1,511,18,1,46.38,46.38,1.0,1,18,1.0,0.0
C01560,Champions,4,5,4,454,34,11,1177.96,107.087,0.046,6,598,0.909,0.188
C01561,Champions,4,4,4,444,31,9,1405.5,156.167,0.05,6,1096,0.0,0.1
C01562,Champions,5,4,5,545,10,8,1769.98,221.248,0.055,6,238,0.875,0.105
C01563,Lapsed / Hibernating,1,1,3,113,733,1,474.96,474.96,0.0,2,733,1.0,0.25
C01564,Champions,4,4,4,444,47,8,1603.52,200.44,0.058,5,410,0.875,0.222
C01565,Deal Hunters,4,3,3,433,37,4,382.53,95.632,0.558,3,133,0.0,0.0
C01566,Lapsed / Hibernating,2,1,4,214,384,1,695.65,695.65,0.03,4,384,1.0,0.0
C01567,Steady Regulars,3,3,3,333,351,4,520.39,130.098,0.539,5,763,0.25,0.0
C01568,Steady Regulars,4,1,3,413,121,1,538.96,538.96,0.0,1,121,1.0,0.0
C01569,Champions,5,4,4,544,5,7,1616.41,230.916,0.36,4,432,1.0,0.077
C01570,Steady Regulars,5,1,3,513,15,1,452.99,452.99,0.0,1,15,0.0,0.0
C01571,Champions,5,5,5,555,20,47,12479.15,265.514,0.155,7,1089,0.915,0.083
C01572,Steady Regulars,5,4,3,543,20,5,407.79,81.558,0.184,4,557,0.2,0.0
C01573,Lapsed / Hibernating,2,1,2,212,573,1,218.98,218.98,0.0,2,573,0.0,0.333
C01574,New & Promising,4,1,2,412,102,1,156.98,156.98,0.0,2,102,1.0,0.333
C01576,Steady Regulars,4,2,2,422,38,2,125.36,62.68,0.123,2,603,1.0,0.0
C01577,Lapsed / Hibernating,1,3,2,132,861,3,147.29,49.097,0.447,2,1049,0.0,0.25
C01578,Lapsed / Hibernating,2,4,4,244,572,8,723.38,90.422,0.248,6,1050,0.875,0.118
C01579,Champions,5,5,5,555,8,32,7818.29,244.322,0.106,7,1018,0.219,0.078
C01580,Lapsed / Hibernating,2,1,1,211,688,1,32.99,32.99,0.0,1,688,0.0,0.0
C01581,Lapsed / Hibernating,2,1,1,211,585,1,43.98,43.98,0.0,1,585,0.0,0.0
C01583,Steady Regulars,4,2,2,422,87,2,249.03,124.515,0.113,2,505,1.0,0.0
C01584,New & Promising,4,1,1,411,43,1,75.98,75.98,0.0,2,43,1.0,0.0
C01586,Champions,3,4,4,344,197,8,1195.72,149.465,0.383,6,1051,0.0,0.0
C01587,Lapsed / Hibernating,2,4,5,245,686,8,1779.46,222.432,0.238,8,1082,0.125,0.05
C01588,Steady Regulars,5,3,2,532,23,4,217.31,54.328,0.397,5,357,0.0,0.0
C01589,New & Promising,4,1,1,411,48,1,81.97,81.97,0.0,2,48,1.0,0.0
C01590,Champions,3,5,5,355,217,13,3056.14,235.088,0.067,6,1054,0.923,0.103
C01591,Champions,4,5,5,455,31,21,5037.12,239.863,0.088,8,1094,0.143,0.055
C01592,Lapsed / Hibernating,1,1,1,111,991,1,35.99,35.99,0.0,1,991,0.0,0.0
C01593,Champions,4,5,5,455,71,14,2314.94,165.353,0.03,6,1059,0.214,0.0
C01594,Lapsed / Hibernating,1,2,2,122,1014,2,209.22,104.61,0.57,2,1089,0.0,0.0
C01595,Lapsed / Hibernating,2,4,5,245,444,10,2007.47,200.747,0.279,5,1091,0.3,0.0
C01596,Lapsed / Hibernating,1,1,2,112,722,1,191.96,191.96,1.0,1,722,0.0,0.0
C01597,Steady Regulars,3,1,4,314,308,1,720.97,720.97,0.0,2,308,1.0,0.0
C01598,Steady Regulars,3,4,4,344,302,8,1224.54,153.068,0.068,5,736,0.875,0.067
C01600,Lapsed / Hibernating,1,1,3,113,739,1,389.98,389.98,0.0,2,739,1.0,0.333
C01601,Lapsed / Hibernating,1,1,1,111,805,1,53.98,53.98,0.0,1,805,1.0,0.5
C01602,Steady Regulars,5,4,4,544,25,8,721.96,90.245,0.068,3,503,0.75,0.083
C01603,Lapsed / Hibernating,1,1,1,111,989,1,57.98,57.98,0.0,1,989,0.0,0.0
C01605,Champions,5,4,4,544,16,7,1395.05,199.293,0.267,6,175,1.0,0.077
C01606,Champions,5,5,5,555,15,17,5595.02,329.119,0.152,6,467,0.941,0.048
C01607,New & Promising,5,1,1,511,17,1,81.08,81.08,0.211,2,17,0.0,0.0
C01608,Steady Regulars,3,4,4,344,262,5,784.32,156.864,0.015,3,735,0.8,0.333
C01609,New & Promising,5,1,1,511,1,1,69.98,69.98,0.0,1,1,1.0,0.0
C01610,Lapsed / Hibernating,2,1,3,213,634,1,280.96,280.96,0.865,2,634,1.0,0.0
C01611,Champions,5,5,5,555,6,20,3258.88,162.944,0.047,8,765,1.0,0.082
C01614,New & Promising,4,2,2,422,112,2,88.97,44.485,0.0,3,527,1.0,0.25
C01616,Lapsed / Hibernating,2,1,2,212,670,1,242.95,242.95,0.0,3,670,0.0,0.2
C01619,Deal Hunters,4,1,1,411,36,1,46.19,46.19,1.0,1,36,1.0,0.0
C01620,Deal Hunters,4,1,1,411,33,1,20.29,20.29,1.0,1,33,0.0,0.5
C01621,Steady Regulars,3,3,3,333,135,3,268.93,89.643,0.0,3,479,0.0,0.0
C01624,New & Promising,3,1,1,311,151,1,55.99,55.99,0.0,1,151,1.0,0.0
C01625,Deal Hunters,4,3,3,433,34,3,519.74,173.247,0.607,3,249,0.667,0.2
C01626,Lapsed / Hibernating,1,1,1,111,982,1,43.99,43.99,0.0,1,982,0.0,0.0
C01627,Steady Regulars,3,2,4,324,256,2,706.94,353.47,0.0,3,559,1.0,0.25
C01628,Lapsed / Hibernating,1,3,2,132,926,3,238.94,79.647,0.0,3,1054,0.0,0.286
C01629,Steady Regulars,3,1,2,312,340,1,121.98,121.98,0.0,1,340,1.0,0.0
C01630,Lapsed / Hibernating,1,1,3,113,1095,1,497.98,497.98,0.0,1,1095,1.0,0.0
C01631,Lapsed / Hibernating,2,1,1,211,395,1,37.09,37.09,1.0,2,395,1.0,0.5
C01633,Lapsed / Hibernating,2,3,3,233,516,3,375.45,125.15,0.06,2,831,0.333,0.0
C01634,Steady Regulars,3,2,2,322,126,2,101.58,50.79,0.313,3,353,1.0,0.5
C01635,Steady Regulars,5,4,3,543,20,5,545.34,109.068,0.067,1,493,0.2,0.0
C01637,Deal Hunters,5,1,2,512,18,1,93.74,93.74,0.435,3,18,1.0,0.0
C01638,Lapsed / Hibernating,2,1,1,211,605,1,57.98,57.98,0.0,1,605,1.0,0.0
C01639,Steady Regulars,4,3,3,433,35,3,413.31,137.77,0.223,4,863,1.0,0.0
C01640,Lapsed / Hibernating,1,1,1,111,913,1,19.99,19.99,0.0,1,913,0.0,0.0
C01641,Steady Regulars,3,4,4,344,350,8,1477.61,184.701,0.111,4,1023,0.25,0.067
C01642,Steady Regulars,4,4,5,445,88,7,1853.75,264.821,0.086,5,621,1.0,0.143
C01643,Champions,3,4,5,345,169,9,3641.44,404.604,0.254,4,1045,0.333,0.056
C01644,Champions,5,5,5,555,18,23,3341.76,145.294,0.105,7,376,1.0,0.109
C01645,Lapsed / Hibernating,1,2,2,122,704,2,210.54,105.27,0.074,4,1025,1.0,0.0
C01646,Steady Regulars,3,4,4,344,147,5,801.71,160.342,0.04,6,355,1.0,0.0
C01648,Lapsed / Hibernating,1,1,2,112,992,1,143.99,143.99,0.0,1,992,0.0,0.0
C01649,Lapsed / Hibernating,2,1,2,212,595,1,157.99,157.99,0.0,1,595,1.0,0.0
C01651,Champions,4,4,5,445,30,9,1718.96,190.996,0.027,5,786,0.222,0.105
C01652,Lapsed / Hibernating,1,1,1,111,763,1,0.0,0.0,1.0,1,763,1.0,1.0
C01654,Lapsed / Hibernating,2,5,4,254,433,13,1048.96,80.689,0.434,5,1017,0.769,0.167
C01655,Champions,5,5,5,555,22,31,7588.16,244.779,0.071,6,414,0.065,0.06
C01656,Lapsed / Hibernating,2,1,3,213,657,1,330.94,330.94,0.0,2,657,1.0,0.0
C01658,Lapsed / Hibernating,1,1,2,112,704,1,117.97,117.97,0.0,2,704,1.0,0.0
C01660,Steady Regulars,4,2,3,423,80,2,468.4,234.2,0.287,5,285,1.0,0.0
C01661,Lapsed / Hibernating,2,3,3,233,689,4,362.27,90.568,0.026,4,983,0.75,0.0
C01662,Champions,5,5,5,555,5,24,2919.88,121.662,0.162,8,484,1.0,0.042
C01663,Lapsed / Hibernating,2,1,1,211,378,1,52.96,52.96,0.509,3,378,1.0,0.0
C01664,Steady Regulars,3,1,3,313,335,1,282.97,282.97,0.0,2,335,0.0,0.0
C01665,New & Promising,4,1,1,411,60,1,0.0,0.0,0.0,1,60,1.0,1.0
C01667,Steady Regulars,3,1,2,312,256,1,150.98,150.98,0.0,2,256,1.0,0.0
C01668,New & Promising,5,2,2,522,12,2,163.75,81.875,0.286,3,115,0.5,0.0
C01669,New & Promising,4,1,1,411,67,1,49.98,49.98,0.0,2,67,1.0,0.0
C01670,Steady Regulars,4,2,3,423,47,2,404.53,202.265,0.137,3,146,1.0,0.143
C01672,Steady Regulars,5,2,3,523,21,2,440.98,220.49,0.064,4,142,0.5,0.0
C01673,Deal Hunters,3,3,2,332,146,4,204.56,51.14,0.876,2,706,1.0,0.5
C01674,Deal Hunters,4,1,1,411,36,1,49.67,49.67,1.0,2,36,1.0,0.0
C01675,Champions,4,5,5,455,84,29,2688.4,92.703,0.091,4,869,0.931,0.017
C01676,Lapsed / Hibernating,2,3,4,234,697,3,851.35,283.783,0.064,3,798,1.0,0.2
C01677,Lapsed / Hibernating,1,1,2,112,889,1,222.99,222.99,0.0,1,889,1.0,0.0
C01678,Steady Regulars,3,1,2,312,215,1,130.98,130.98,0.0,2,215,1.0,0.0
C01680,Champions,5,5,4,554,1,11,1377.14,125.195,0.108,4,257,1.0,0.0
C01681,Lapsed / Hibernating,2,1,2,212,484,1,169.08,169.08,0.154,2,484,1.0,0.0
C01682,Steady Regulars,3,4,4,344,236,5,1280.03,256.006,0.014,5,612,0.0,0.0
C01683,New & Promising,4,1,1,411,85,1,65.97,65.97,0.0,2,85,1.0,0.0
C01684,Champions,4,5,5,455,35,22,4229.77,192.262,0.209,4,1069,0.045,0.054
C01685,Lapsed / Hibernating,2,1,2,212,378,1,96.97,96.97,0.0,1,378,0.0,0.0
C01686,Lapsed / Hibernating,1,1,1,111,1055,1,63.96,63.96,0.0,1,1055,0.0,0.0
C01687,Lapsed / Hibernating,2,3,3,233,450,4,386.95,96.738,0.0,4,818,1.0,0.2
C01688,Steady Regulars,4,4,4,444,34,5,977.44,195.488,0.249,4,569,0.4,0.0
C01690,Steady Regulars,3,4,4,344,364,5,1214.2,242.84,0.082,3,885,1.0,0.091
C01692,Lapsed / Hibernating,2,5,5,255,420,22,3108.7,141.305,0.064,6,1094,0.864,0.116
C01693,Steady Regulars,3,3,2,332,248,3,126.75,42.25,0.085,3,1021,0.333,0.0
C01696,Steady Regulars,4,4,4,444,86,9,781.58,86.842,0.268,4,953,0.778,0.385
C01697,Lapsed / Hibernating,1,4,3,143,891,6,582.92,97.153,0.0,4,1085,0.0,0.143
C01699,Lapsed / Hibernating,1,1,1,111,1019,1,16.99,16.99,0.0,1,1019,0.0,0.0
C01700,Lapsed / Hibernating,2,1,2,212,480,1,233.95,233.95,0.0,2,480,1.0,0.4
C01701,Lapsed / Hibernating,1,4,5,145,844,10,1837.12,183.712,0.164,8,1051,0.8,0.036
C01702,New & Promising,4,1,2,412,118,1,132.97,132.97,0.0,2,118,0.0,0.0
C01703,Lapsed / Hibernating,1,3,4,134,805,3,957.52,319.173,0.818,5,995,0.333,0.143
C01704,Lapsed / Hibernating,2,4,4,244,385,7,1049.27,149.896,0.293,6,898,0.857,0.067
C01705,Lapsed / Hibernating,2,4,3,243,393,5,522.67,104.534,0.162,4,724,1.0,0.0
C01706,Lapsed / Hibernating,1,2,3,123,915,2,502.97,251.485,0.0,2,924,1.0,0.0
C01707,Champions,3,5,5,355,343,22,2319.25,105.42,0.034,8,1079,0.136,0.05
C01708,Steady Regulars,4,2,3,423,101,2,473.97,236.985,0.0,2,221,1.0,0.0
C01709,Lapsed / Hibernating,1,1,3,113,968,1,509.98,509.98,0.0,1,968,0.0,0.0
C01711,Deal Hunters,4,2,2,422,32,2,230.78,115.39,0.64,3,90,1.0,0.667
C01712,Lapsed / Hibernating,2,1,2,212,679,1,155.94,155.94,0.0,2,679,0.0,0.0
C01714,Lapsed / Hibernating,2,1,2,212,404,1,251.98,251.98,0.0,2,404,0.0,0.0
C01716,Lapsed / Hibernating,1,4,4,144,729,6,679.4,113.233,0.359,4,1008,0.833,0.1
C01717,Lapsed / Hibernating,2,1,4,214,382,1,760.65,760.65,0.027,3,382,0.0,0.0
C01718,Lapsed / Hibernating,2,1,2,212,595,1,242.98,242.98,0.0,2,595,0.0,0.0
C01719,New & Promising,3,1,1,311,174,1,45.99,45.99,0.0,2,174,1.0,0.5
C01720,Steady Regulars,4,3,3,433,73,3,523.93,174.643,0.0,4,207,1.0,0.0
C01721,New & Promising,3,1,2,312,277,1,122.98,122.98,0.0,1,277,0.0,0.0
C01722,Lapsed / Hibernating,2,4,4,244,455,7,1631.49,233.07,0.068,7,1075,1.0,0.0
C01723,Lapsed / Hibernating,2,1,2,212,477,1,190.94,190.94,0.0,3,477,1.0,0.25
C01725,Lapsed / Hibernating,2,4,4,244,464,5,816.31,163.262,0.145,5,782,0.0,0.0
C01727,Steady Regulars,4,1,3,413,77,1,583.9,583.9,0.0,2,77,1.0,0.0
C01729,Deal Hunters,5,1,2,512,9,1,87.16,87.16,0.805,2,9,1.0,0.0
C01730,Lapsed / Hibernating,2,2,3,223,375,2,636.92,318.46,0.127,3,499,0.0,0.0
C01731,Lapsed / Hibernating,1,1,2,112,935,1,145.98,145.98,0.0,1,935,0.0,0.0
C01734,New & Promising,3,1,1,311,171,1,30.99,30.99,0.0,1,171,0.0,0.0
C01735,Champions,5,5,5,555,22,13,2011.88,154.76,0.078,5,582,0.923,0.143
C01736,New & Promising,3,2,2,322,268,2,104.95,52.475,0.0,2,585,0.5,0.0
C01737,Lapsed / Hibernating,1,1,1,111,1092,1,43.98,43.98,0.0,1,1092,0.0,0.0
C01738,Lapsed / Hibernating,1,1,2,112,765,1,120.96,120.96,0.0,2,765,0.0,0.0
C01739,Champions,5,5,5,555,15,25,2060.5,82.42,0.172,8,1017,0.2,0.067
C01740,Lapsed / Hibernating,1,1,3,113,1061,1,374.96,374.96,0.0,3,1061,1.0,0.0
C01741,New & Promising,4,3,1,431,81,3,80.97,26.99,0.0,2,447,1.0,0.333
C01742,Steady Regulars,5,2,3,523,1,2,426.91,213.455,0.0,4,220,0.5,0.167
C01743,Steady Regulars,3,4,4,344,298,8,1168.53,146.066,0.179,4,848,0.0,0.125
C01745,Lapsed / Hibernating,1,1,1,111,1055,1,57.98,57.98,0.0,2,1055,0.0,0.0
C01746,Champions,4,5,5,455,58,14,2718.43,194.174,0.1,4,353,0.071,0.158
C01747,Champions,5,5,4,554,22,11,1640.13,149.103,0.063,5,367,1.0,0.192
C01749,Lapsed / Hibernating,1,1,2,112,913,1,88.97,88.97,0.202,2,913,1.0,0.0
C01750,Lapsed / Hibernating,1,2,1,121,1018,2,68.43,34.215,1.0,2,1095,1.0,0.0
C01751,New & Promising,4,1,1,411,121,1,34.99,34.99,0.0,1,121,1.0,0.0
C01752,Steady Regulars,3,3,4,334,276,4,814.9,203.725,0.0,3,666,1.0,0.2
C01753,Champions,3,5,5,355,324,16,3133.59,195.849,0.108,5,960,0.938,0.1
C01754,Lapsed / Hibernating,1,2,4,124,1078,2,671.96,335.98,0.0,1,1093,0.0,0.0
C01755,Lapsed / Hibernating,1,3,4,134,868,4,778.45,194.612,0.099,4,983,0.25,0.25
C01758,Lapsed / Hibernating,1,4,4,144,965,5,1613.73,322.746,0.052,5,1033,1.0,0.133
C01759,Deal Hunters,3,2,2,322,166,2,142.05,71.025,0.648,4,399,1.0,0.25
C01760,Steady Regulars,4,3,4,434,76,4,729.42,182.355,0.022,4,646,1.0,0.125
C01761,Champions,3,5,5,355,170,22,3725.21,169.328,0.079,6,1089,0.909,0.068
C01762,Lapsed / Hibernating,2,4,3,243,467,6,518.31,86.385,0.093,3,801,0.0,0.1
C01764,Lapsed / Hibernating,1,3,4,134,763,4,835.75,208.938,0.608,4,1076,0.25,0.0
C01765,New & Promising,3,1,1,311,271,1,0.0,0.0,0.0,1,271,1.0,1.0
C01767,Deal Hunters,5,2,2,522,12,2,251.77,125.885,0.464,2,193,0.5,0.0
C01768,Lapsed / Hibernating,1,1,1,111,812,1,63.98,63.98,0.0,1,812,1.0,0.0
C01769,Champions,4,5,5,455,36,17,2710.6,159.447,0.154,7,997,0.294,0.122
C01770,Lapsed / Hibernating,2,1,2,212,419,1,262.94,262.94,0.0,3,419,1.0,0.0
C01771,Lapsed / Hibernating,2,1,1,211,538,1,66.98,66.98,0.0,1,538,0.0,0.0
C01773,Deal Hunters,5,1,1,511,19,1,67.25,67.25,1.0,2,19,0.0,0.0
C01774,Champions,4,5,5,455,47,28,3081.08,110.039,0.049,7,1093,0.214,0.08
C01776,Steady Regulars,3,3,2,332,153,3,203.96,67.987,0.0,3,357,0.667,0.0
C01777,Lapsed / Hibernating,2,1,2,212,413,1,105.98,105.98,0.0,2,413,0.0,0.0
C01778,Lapsed / Hibernating,2,4,3,243,375,5,335.67,67.134,0.217,5,968,0.8,0.0
C01779,Lapsed / Hibernating,2,3,3,233,577,3,477.94,159.313,0.0,4,846,0.667,0.143
C01780,Lapsed / Hibernating,2,2,3,223,606,2,415.36,207.68,0.049,1,691,0.5,0.0
C01781,Steady Regulars,4,3,4,434,59,4,672.3,168.075,0.156,6,196,1.0,0.2
C01782,Lapsed / Hibernating,2,2,3,223,568,2,342.7,171.35,0.056,3,1067,0.5,0.2
C01783,Lapsed / Hibernating,1,4,3,143,873,5,615.18,123.036,0.018,4,985,0.0,0.1
C01785,Deal Hunters,3,1,1,311,131,1,0.0,0.0,1.0,1,131,1.0,1.0
C01786,Steady Regulars,4,3,3,433,72,3,612.92,204.307,0.0,3,205,0.333,0.125
C01789,Lapsed / Hibernating,2,4,4,244,590,9,1134.73,126.081,0.23,6,1085,0.889,0.071
C01790,Steady Regulars,4,4,4,444,41,5,1227.21,245.442,0.224,4,416,0.0,0.0
C01791,Lapsed / Hibernating,1,2,2,122,705,2,137.96,68.98,0.352,4,845,1.0,0.25
C01792,Lapsed / Hibernating,2,1,1,211,662,1,35.99,35.99,0.0,1,662,1.0,0.0
C01793,Steady Regulars,3,4,4,344,242,6,1686.03,281.005,0.14,6,507,0.167,0.062
C01794,Lapsed / Hibernating,2,5,5,255,642,15,3459.98,230.665,0.044,6,1090,0.267,0.057
C01795,Lapsed / Hibernating,2,1,2,212,557,1,134.38,134.38,1.0,1,557,1.0,0.0
C01797,Lapsed / Hibernating,1,2,2,122,880,2,95.97,47.985,0.0,2,939,0.0,0.0
C01798,Steady Regulars,4,3,3,433,71,4,458.88,114.72,0.0,4,459,0.25,0.25
C01799,Steady Regulars,3,3,4,334,230,3,749.93,249.977,0.0,3,351,1.0,0.0
C01800,Lapsed / Hibernating,2,4,4,244,538,7,747.14,106.734,0.048,5,1054,0.143,0.077
C01801,Champions,3,5,5,355,155,14,2486.24,177.589,0.219,5,795,1.0,0.107
C01802,Lapsed / Hibernating,2,1,2,212,428,1,255.96,255.96,0.0,3,428,1.0,0.25
C01803,Champions,4,5,4,454,45,11,1051.85,95.623,0.09,5,595,0.909,0.174
C01804,New & Promising,4,2,1,421,121,2,41.98,20.99,0.0,1,314,1.0,0.0
C01806,Steady Regulars,3,3,3,333,214,3,520.96,173.653,0.0,3,523,0.667,0.2
C01807,Lapsed / Hibernating,2,5,5,255,691,19,3197.37,168.283,0.153,8,1092,0.0,0.098
C01809,Lapsed / Hibernating,2,5,5,255,409,12,2096.22,174.685,0.209,4,1023,0.083,0.042
C01810,Steady Regulars,5,3,3,533,9,3,585.92,195.307,0.0,3,202,0.0,0.143
C01811,Steady Regulars,3,4,4,344,308,5,817.86,163.572,0.0,4,922,0.8,0.111
C01812,Steady Regulars,3,1,1,311,327,1,78.27,78.27,0.412,2,327,0.0,0.0
C01813,Lapsed / Hibernating,2,3,2,232,382,3,247.96,82.653,0.0,3,479,0.333,0.25
C01814,New & Promising,5,1,1,511,22,1,57.99,57.99,0.0,1,22,1.0,0.0
C01815,Lapsed / Hibernating,1,2,2,122,724,2,221.97,110.985,0.0,2,727,0.0,0.0
C01816,Lapsed / Hibernating,2,1,1,211,386,1,13.59,13.59,1.0,1,386,0.0,0.0
C01817,Lapsed / Hibernating,1,3,2,132,710,4,143.05,35.762,0.182,4,1066,0.0,0.0
C01819,Steady Regulars,5,2,3,523,5,2,637.9,318.95,0.0,5,174,0.0,0.143
C01820,Steady Regulars,5,4,3,543,10,5,481.07,96.214,0.181,5,251,1.0,0.0
C01821,Lapsed / Hibernating,2,5,5,255,464,11,1754.21,159.474,0.217,5,1036,1.0,0.083
C01822,New & Promising,4,1,2,412,42,1,102.97,102.97,0.0,2,42,1.0,0.0
C01823,Champions,4,4,4,444,57,9,1569.87,174.43,0.113,6,1010,0.111,0.182
C01824,Champions,3,4,5,345,147,8,1739.26,217.408,0.073,5,1007,0.5,0.0
C01825,Champions,4,5,5,455,72,17,2713.26,159.604,0.127,5,1091,0.118,0.054
C01826,Lapsed / Hibernating,2,4,4,244,481,8,813.84,101.73,0.0,4,1020,0.75,0.0
C01828,Lapsed / Hibernating,2,2,2,222,397,2,87.27,43.635,0.292,2,419,1.0,0.25
C01829,New & Promising,5,1,1,511,19,1,0.0,0.0,0.0,1,19,1.0,1.0
C01830,Lapsed / Hibernating,1,3,3,133,1072,3,420.14,140.047,0.06,4,1094,0.667,0.0
C01831,Lapsed / Hibernating,2,3,3,233,665,4,475.69,118.923,0.115,6,984,0.0,0.182
C01832,Steady Regulars,5,3,3,533,5,4,435.79,108.947,0.041,3,133,1.0,0.0
C01834,Lapsed / Hibernating,2,4,4,244,401,9,1350.01,150.001,0.239,4,868,1.0,0.222
C01835,Lapsed / Hibernating,2,4,4,244,367,5,970.67,194.134,0.228,6,705,0.0,0.167
C01836,Deal Hunters,3,2,2,322,130,2,251.88,125.94,0.79,1,256,0.0,0.0
C01838,Champions,4,5,4,454,47,11,1145.33,104.121,0.046,7,624,0.909,0.167
C01839,New & Promising,4,1,1,411,63,1,78.99,78.99,0.0,1,63,1.0,0.0
C01840,New & Promising,3,1,1,311,237,1,53.99,53.99,0.0,1,237,0.0,0.0
C01841,Lapsed / Hibernating,2,1,1,211,366,1,77.97,77.97,0.435,2,366,1.0,0.25
C01842,Lapsed / Hibernating,2,1,2,212,690,1,92.98,92.98,0.0,1,690,1.0,0.0
C01843,Champions,5,5,5,555,8,66,16090.31,243.793,0.086,7,1054,0.061,0.127
C01844,Steady Regulars,4,4,5,445,110,7,2160.71,308.673,0.0,4,774,0.857,0.091
C01845,New & Promising,4,1,1,411,41,1,48.98,48.98,0.0,2,41,0.0,0.0
C01846,Champions,3,4,4,344,214,9,1487.22,165.247,0.207,7,767,0.889,0.0
C01847,Deal Hunters,3,1,2,312,167,1,121.51,121.51,1.0,3,167,1.0,0.333
C01848,New & Promising,4,1,1,411,67,1,81.98,81.98,0.0,1,67,1.0,0.0
C01851,Champions,5,5,5,555,13,35,7300.47,208.585,0.122,8,996,0.857,0.071
C01853,New & Promising,3,1,1,311,278,1,56.97,56.97,0.0,1,278,1.0,0.0
C01854,Lapsed / Hibernating,1,2,3,123,920,2,331.84,165.92,0.078,3,986,0.5,0.0
C01855,Lapsed / Hibernating,2,3,4,234,648,4,873.5,218.375,0.224,6,906,0.75,0.182
C01856,Lapsed / Hibernating,2,1,1,211,589,1,51.28,51.28,0.298,2,589,1.0,0.0
C01857,Champions,5,5,5,555,7,58,9670.72,166.737,0.07,7,1096,0.207,0.043
C01858,Lapsed / Hibernating,1,4,3,143,834,5,488.88,97.776,0.0,6,1027,0.2,0.0
C01859,Champions,4,5,5,455,36,20,3712.06,185.603,0.232,7,710,0.95,0.062
C01860,Lapsed / Hibernating,1,2,1,121,922,2,50.98,25.49,0.0,2,1041,1.0,0.0
C01862,Steady Regulars,3,4,4,344,224,8,1435.06,179.382,0.117,3,725,0.875,0.154
C01863,Lapsed / Hibernating,1,2,2,122,745,2,251.94,125.97,0.214,2,906,0.5,0.0
C01864,Lapsed / Hibernating,2,3,2,232,408,4,108.96,27.24,0.0,4,815,0.0,0.25
C01865,Lapsed / Hibernating,1,1,1,111,826,1,21.99,21.99,0.0,1,826,0.0,0.0
C01867,Lapsed / Hibernating,2,1,2,212,468,1,103.97,103.97,0.0,2,468,1.0,0.0
C01868,Lapsed / Hibernating,2,1,3,213,375,1,338.99,338.99,0.0,1,375,1.0,0.0
C01871,Lapsed / Hibernating,1,1,2,112,836,1,114.98,114.98,0.0,2,836,1.0,0.0
C01872,Lapsed / Hibernating,2,1,1,211,557,1,34.39,34.39,1.0,1,557,1.0,0.0
C01873,Steady Regulars,4,3,4,434,117,4,987.06,246.765,0.527,5,266,1.0,0.0
C01876,Steady Regulars,4,2,3,423,61,2,430.77,215.385,0.208,3,203,1.0,0.25
C01879,Steady Regulars,3,1,2,312,262,1,217.98,217.98,0.0,1,262,1.0,0.0
C01880,New & Promising,5,1,2,512,23,1,197.37,197.37,0.305,3,23,0.0,0.333
C01881,Deal Hunters,4,1,2,412,91,1,113.95,113.95,0.79,2,91,1.0,0.0
C01883,Lapsed / Hibernating,2,1,1,211,620,1,11.99,11.99,0.0,1,620,1.0,0.0
C01884,Lapsed / Hibernating,2,1,1,211,573,1,36.99,36.99,0.0,1,573,0.0,0.0
C01885,Lapsed / Hibernating,2,3,2,232,388,4,192.92,48.23,0.536,2,884,1.0,0.111
C01887,Steady Regulars,5,4,3,543,22,5,544.35,108.87,0.041,5,211,0.8,0.0
C01888,Lapsed / Hibernating,1,1,1,111,1009,1,58.99,58.99,0.0,2,1009,1.0,0.5
C01892,Steady Regulars,3,4,4,344,364,7,1491.68,213.097,0.227,4,734,0.857,0.071
C01893,Champions,5,5,5,555,5,20,3529.75,176.488,0.205,8,1092,0.15,0.056
C01894,Champions,4,5,5,455,39,23,3802.38,165.321,0.105,7,684,0.174,0.026
C01895,Lapsed / Hibernating,1,3,4,134,980,3,677.92,225.973,0.0,4,1086,0.0,0.125
C01896,Steady Regulars,3,3,2,332,262,3,171.02,57.007,0.211,5,743,0.667,0.0
C01897,Champions,5,5,5,555,9,29,5358.3,184.769,0.127,7,770,0.172,0.106
C01898,Lapsed / Hibernating,1,1,2,112,851,1,161.96,161.96,0.0,3,851,1.0,0.25
C01899,Champions,3,5,5,355,130,15,2113.46,140.897,0.102,8,1018,0.2,0.071
C01900,Steady Regulars,3,3,4,334,293,3,817.79,272.597,0.153,5,597,0.333,0.222
C01901,Steady Regulars,4,2,4,424,98,2,678.94,339.47,0.0,1,284,1.0,0.0
C01902,Champions,4,4,4,444,31,8,1164.52,145.565,0.105,6,490,0.875,0.071
C01903,Champions,5,5,5,555,14,31,7078.63,228.343,0.166,6,607,1.0,0.075
C01904,Champions,3,4,4,344,263,10,1528.75,152.875,0.372,5,829,0.0,0.105
C01905,Steady Regulars,3,1,2,312,318,1,115.97,115.97,0.0,3,318,0.0,0.0
C01907,Champions,5,5,5,555,22,11,2046.11,186.01,0.306,5,1060,1.0,0.077
C01908,Steady Regulars,5,2,3,523,19,2,594.96,297.48,0.0,1,27,1.0,0.0
C01909,New & Promising,4,1,1,411,44,1,17.99,17.99,0.0,1,44,1.0,0.0
C01910,Steady Regulars,3,4,4,344,149,7,1514.13,216.304,0.118,4,816,1.0,0.0
C01911,Lapsed / Hibernating,1,1,1,111,788,1,17.99,17.99,0.0,1,788,0.0,0.0
C01912,Steady Regulars,4,2,3,423,122,2,381.96,190.98,0.0,2,410,1.0,0.0
C01914,New & Promising,5,2,2,522,9,2,127.18,63.59,0.277,4,94,1.0,0.5
C01917,Champions,5,5,5,555,13,20,2825.45,141.272,0.081,6,442,0.95,0.043
C01920,Champions,4,5,5,455,53,19,4967.19,261.431,0.086,6,931,0.158,0.12
C01921,New & Promising,4,1,1,411,41,1,30.97,30.97,0.0,2,41,1.0,0.333
C01922,Champions,4,4,4,444,75,7,1564.44,223.491,0.212,5,738,1.0,0.071
C01923,New & Promising,3,1,2,312,352,1,91.98,91.98,0.0,1,352,0.0,0.0
C01925,Lapsed / Hibernating,1,1,1,111,1091,1,44.98,44.98,0.444,2,1091,0.0,0.0
C01927,Lapsed / Hibernating,1,2,3,123,875,2,586.96,293.48,0.0,3,967,0.5,0.0
C01930,Champions,5,5,5,555,5,17,2404.43,141.437,0.24,8,1026,1.0,0.026
C01931,Lapsed / Hibernating,2,1,2,212,379,1,94.17,94.17,0.883,2,379,1.0,0.0
C01933,Champions,5,5,5,555,6,14,2923.11,208.794,0.268,7,287,0.214,0.026
C01935,Lapsed / Hibernating,1,1,2,112,754,1,197.67,197.67,0.15,1,754,0.0,0.0
C01936,Deal Hunters,5,3,2,532,3,4,179.24,44.81,0.707,4,377,0.0,0.143
C01937,Steady Regulars,3,4,4,344,169,5,1420.45,284.09,0.145,5,652,1.0,0.077
C01938,Lapsed / Hibernating,2,1,1,211,485,1,27.99,27.99,0.0,2,485,0.0,0.5
C01940,Lapsed / Hibernating,1,1,2,112,829,1,166.99,166.99,0.0,1,829,1.0,0.0
C01941,Steady Regulars,4,3,4,434,70,4,1102.85,275.713,0.0,4,196,1.0,0.0
C01942,Lapsed / Hibernating,2,2,1,221,636,2,69.98,34.99,0.0,2,684,0.0,0.0
C01943,Steady Regulars,3,4,4,344,234,6,1165.7,194.283,0.024,5,1095,1.0,0.091
C01944,Lapsed / Hibernating,1,1,1,111,711,1,74.99,74.99,0.0,1,711,1.0,0.0
C01945,Champions,5,5,5,555,7,15,1722.82,114.855,0.202,8,333,1.0,0.167
C01946,New & Promising,5,1,1,511,22,1,58.99,58.99,0.0,1,22,1.0,0.0
C01949,New & Promising,4,1,1,411,54,1,52.18,52.18,0.231,2,54,0.0,0.5
C01950,New & Promising,4,2,2,422,101,2,130.98,65.49,0.0,2,343,1.0,0.0
C01953,New & Promising,4,1,2,412,42,1,130.96,130.96,0.0,2,42,1.0,0.0
C01954,Champions,4,5,5,455,56,17,2067.93,121.643,0.131,7,1094,0.882,0.138
C01955,Lapsed / Hibernating,2,1,3,213,477,1,324.96,324.96,0.0,2,477,1.0,0.0
C01956,Lapsed / Hibernating,2,5,5,255,484,11,2536.3,230.573,0.296,5,945,1.0,0.13
C01957,Champions,3,5,5,355,361,77,13336.01,173.195,0.267,7,1090,0.117,0.099
C01958,New & Promising,3,1,2,312,164,1,113.97,113.97,0.0,2,164,1.0,0.0
C01959,Lapsed / Hibernating,1,2,3,123,734,2,609.92,304.96,0.0,3,1084,1.0,0.0
C01960,Steady Regulars,3,4,4,344,197,7,841.13,120.161,0.339,6,468,0.143,0.062
C01961,Steady Regulars,3,1,2,312,158,1,181.98,181.98,0.0,2,158,0.0,0.0
C01962,Lapsed / Hibernating,1,3,2,132,957,3,231.9,77.3,0.0,1,996,0.333,0.0
C01963,Steady Regulars,4,1,2,412,43,1,236.97,236.97,0.0,3,43,1.0,0.0
C01964,Champions,4,5,5,455,46,17,2346.96,138.056,0.028,7,939,0.118,0.094
C01965,Lapsed / Hibernating,1,3,3,133,859,3,531.09,177.03,0.019,7,1053,1.0,0.0
C01966,Champions,5,4,4,544,6,8,1278.75,159.844,0.0,4,468,1.0,0.062
C01967,New & Promising,3,1,1,311,260,1,70.98,70.98,0.0,3,260,1.0,0.5
C01968,New & Promising,3,1,1,311,299,1,0.0,0.0,0.0,1,299,1.0,1.0
C01970,Steady Regulars,4,2,3,423,46,2,650.93,325.465,0.0,5,207,1.0,0.0
C01972,Deal Hunters,3,1,3,313,135,1,288.98,288.98,1.0,1,135,1.0,0.0
C01974,New & Promising,5,1,1,511,14,1,26.99,26.99,0.0,1,14,1.0,0.0
C01976,Lapsed / Hibernating,1,5,5,155,875,11,2993.4,272.127,0.396,4,1035,0.182,0.167
C01978,Lapsed / Hibernating,1,1,3,113,961,1,311.95,311.95,0.0,3,961,1.0,0.0
C01981,Lapsed / Hibernating,2,1,1,211,617,1,23.99,23.99,0.0,1,617,1.0,0.0
C01982,Steady Regulars,4,1,2,412,51,1,220.99,220.99,0.0,2,51,1.0,0.5
C01983,Lapsed / Hibernating,1,1,2,112,1041,1,226.99,226.99,0.0,1,1041,0.0,0.0
C01984,Steady Regulars,3,3,3,333,141,3,532.95,177.65,0.0,3,504,0.667,0.0
C01985,New & Promising,3,1,1,311,242,1,21.99,21.99,0.0,1,242,1.0,0.0
C01986,Lapsed / Hibernating,2,4,4,244,391,9,1494.2,166.022,0.203,5,1004,0.111,0.0
C01988,New & Promising,3,1,2,312,349,1,94.98,94.98,0.0,1,349,1.0,0.0
C01989,Lapsed / Hibernating,1,1,1,111,905,1,40.99,40.99,0.0,1,905,1.0,0.5
C01990,Champions,4,4,4,444,31,9,1552.46,172.496,0.175,7,346,1.0,0.136
C01991,Lapsed / Hibernating,1,1,1,111,786,1,54.97,54.97,0.0,1,786,1.0,0.0
C01992,Lapsed / Hibernating,2,3,4,234,375,4,785.15,196.288,0.1,4,764,0.5,0.0
C01993,New & Promising,3,1,2,312,328,1,91.99,91.99,0.0,1,328,1.0,0.5
C01994,Lapsed / Hibernating,2,1,2,212,538,1,142.99,142.99,0.0,1,538,1.0,0.0
C01995,Steady Regulars,3,1,2,312,156,1,163.97,163.97,0.0,2,156,1.0,0.0
C01996,Champions,5,4,5,545,12,7,2214.07,316.296,0.573,6,322,0.857,0.0
C01997,Lapsed / Hibernating,1,1,1,111,736,1,21.99,21.99,0.0,1,736,0.0,0.0
C01998,Steady Regulars,3,1,2,312,215,1,156.98,156.98,0.0,1,215,1.0,0.0
C02003,Steady Regulars,3,4,4,344,198,5,970.67,194.134,0.217,4,469,0.0,0.091
C02004,New & Promising,4,1,2,412,74,1,107.98,107.98,0.0,1,74,1.0,0.0
C02006,Lapsed / Hibernating,2,3,4,234,659,4,812.64,203.16,0.225,5,1002,0.5,0.111
C02008,Champions,3,5,5,355,245,12,2228.06,185.672,0.263,6,775,1.0,0.111
C02009,Steady Regulars,4,2,2,422,95,2,253.95,126.975,0.0,3,310,1.0,0.0
C02010,Lapsed / Hibernating,2,5,4,254,425,11,1713.48,155.771,0.48,5,1073,0.818,0.0
C02012,Champions,4,5,5,455,79,44,6670.7,151.607,0.152,7,927,0.159,0.04
C02013,New & Promising,3,1,1,311,173,1,77.98,77.98,0.0,1,173,0.0,0.0
C02014,Steady Regulars,3,1,2,312,178,1,190.97,190.97,0.0,2,178,0.0,0.333
C02017,Lapsed / Hibernating,2,1,3,213,639,1,556.97,556.97,0.0,1,639,1.0,0.0
C02018,Champions,4,5,5,455,34,13,2136.19,164.322,0.202,6,886,0.231,0.083
C02019,Deal Hunters,3,1,2,312,341,1,227.95,227.95,0.632,2,341,0.0,0.0
C02020,Champions,4,5,5,455,102,15,2349.29,156.619,0.279,6,880,0.933,0.107
C02021,Champions,5,4,4,544,5,9,1238.42,137.602,0.246,5,922,0.889,0.2
C02022,Lapsed / Hibernating,1,1,1,111,954,1,0.0,0.0,0.0,1,954,0.0,1.0
C02023,Steady Regulars,4,2,3,423,54,2,391.84,195.92,0.508,4,137,1.0,0.0
C02024,Lapsed / Hibernating,1,4,4,144,818,5,766.16,153.232,0.024,4,941,0.6,0.333
C02025,Champions,5,5,5,555,8,57,11467.69,201.188,0.07,7,1012,0.93,0.119
C02026,Champions,5,5,5,555,1,22,3231.76,146.898,0.036,7,807,0.909,0.073
C02028,Steady Regulars,4,4,4,444,35,6,1126.53,187.755,0.316,5,345,0.833,0.214
C02029,Champions,5,4,5,545,5,7,2495.74,356.534,0.055,5,579,0.714,0.091
C02031,Champions,5,5,5,555,1,27,6500.79,240.77,0.099,7,387,0.148,0.03
C02032,Champions,5,4,5,545,10,9,1902.94,211.438,0.184,6,643,0.0,0.045
C02033,New & Promising,3,1,1,311,191,1,35.98,35.98,0.0,2,191,1.0,0.5
C02035,Deal Hunters,3,2,1,321,238,2,65.23,32.615,0.847,2,314,1.0,0.0
C02036,Lapsed / Hibernating,2,4,3,243,529,5,358.54,71.708,0.102,4,760,0.6,0.0
C02038,Champions,5,5,5,555,9,28,6305.15,225.184,0.081,7,1091,0.179,0.069
C02039,Lapsed / Hibernating,2,1,3,213,553,1,345.99,345.99,0.0,1,553,1.0,0.0
C02040,New & Promising,3,1,1,311,330,1,0.0,0.0,0.0,1,330,1.0,1.0
C02041,Lapsed / Hibernating,2,1,1,211,457,1,51.98,51.98,0.0,2,457,1.0,0.0
C02042,Lapsed / Hibernating,2,1,2,212,502,1,115.96,115.96,0.0,1,502,1.0,0.0
C02043,Lapsed / Hibernating,1,1,1,111,1096,1,57.98,57.98,0.0,1,1096,1.0,0.0
C02044,Steady Regulars,4,2,2,422,41,2,246.98,123.49,0.0,2,491,0.5,0.0
C02045,Deal Hunters,4,1,1,411,111,1,0.0,0.0,1.0,1,111,1.0,1.0
C02047,Lapsed / Hibernating,1,1,1,111,1076,1,56.97,56.97,0.0,1,1076,0.0,0.0
C02048,Champions,5,4,4,544,17,8,1000.79,125.099,0.272,7,807,0.125,0.053
C02049,Lapsed / Hibernating,1,4,4,144,801,6,1105.07,184.178,0.131,5,1066,0.0,0.25
C02050,Champions,4,5,5,455,60,12,1728.05,144.004,0.074,5,383,0.833,0.091
C02051,Champions,5,4,4,544,6,9,1430.87,158.986,0.082,6,143,1.0,0.167
C02052,New & Promising,3,2,1,321,217,2,40.98,20.49,0.0,3,285,1.0,0.333
C02053,Lapsed / Hibernating,2,4,4,244,573,6,1564.64,260.773,0.156,6,989,0.833,0.0
C02055,Lapsed / Hibernating,2,4,3,243,398,5,548.38,109.676,0.201,5,848,0.8,0.0
C02056,Lapsed / Hibernating,1,1,1,111,984,1,48.99,48.99,0.0,1,984,0.0,0.0
C02058,Lapsed / Hibernating,2,1,3,213,584,1,422.98,422.98,0.0,1,584,1.0,0.0
C02060,Lapsed / Hibernating,1,1,3,113,719,1,334.98,334.98,0.0,3,719,0.0,0.333
C02061,New & Promising,4,1,1,411,89,1,80.99,80.99,0.0,1,89,1.0,0.0
C02062,Lapsed / Hibernating,2,4,2,242,461,5,205.75,41.15,0.343,3,898,0.2,0.167
C02063,Champions,4,4,4,444,35,5,959.27,191.854,0.284,5,719,1.0,0.0
C02064,New & Promising,3,2,2,322,273,2,122.95,61.475,0.0,2,496,1.0,0.0
C02065,Lapsed / Hibernating,2,2,2,222,434,2,224.97,112.485,0.0,2,602,1.0,0.0
C02066,New & Promising,3,2,2,322,147,2,109.96,54.98,0.0,3,314,0.5,0.0
C02067,Lapsed / Hibernating,2,3,3,233,466,3,628.34,209.447,0.066,3,1042,0.667,0.0
C02069,Steady Regulars,3,1,2,312,141,1,236.97,236.97,0.0,1,141,1.0,0.0
C02070,Lapsed / Hibernating,2,1,1,211,616,1,0.0,0.0,0.0,1,616,1.0,1.0
C02071,Lapsed / Hibernating,2,4,3,243,602,6,346.79,57.798,0.161,6,1065,0.333,0.0
C02072,Lapsed / Hibernating,2,1,2,212,367,1,145.93,145.93,0.0,2,367,1.0,0.0
C02075,Champions,3,5,5,355,140,25,3644.1,145.764,0.27,7,1068,0.88,0.105
C02076,New & Promising,3,1,1,311,345,1,69.99,69.99,0.0,1,345,1.0,0.0
C02077,New & Promising,5,1,1,511,26,1,37.99,37.99,0.0,1,26,1.0,0.0
C02081,Steady Regulars,5,3,2,532,19,4,230.5,57.625,0.302,4,110,1.0,0.0
C02082,Lapsed / Hibernating,2,1,1,211,596,1,0.0,0.0,0.0,1,596,1.0,1.0
C02083,Champions,4,4,4,444,48,8,741.03,92.629,0.031,7,874,0.0,0.0
C02084,New & Promising,5,1,1,511,2,1,0.0,0.0,0.0,1,2,1.0,1.0
C02085,Lapsed / Hibernating,2,1,1,211,517,1,73.99,73.99,0.0,1,517,1.0,0.0
C02086,Champions,5,5,5,555,24,23,5247.08,228.134,0.128,4,1032,0.174,0.132
C02088,Champions,5,5,3,553,9,12,593.56,49.463,0.164,4,542,1.0,0.2
C02089,Champions,4,5,5,455,105,19,3394.68,178.667,0.171,6,1014,0.158,0.032
C02091,Champions,5,5,5,555,17,26,3521.16,135.429,0.304,7,1095,0.115,0.056
C02092,Champions,5,5,5,555,11,34,6985.08,205.444,0.078,7,1018,0.941,0.12
C02093,Steady Regulars,5,3,4,534,19,3,667.47,222.49,0.119,4,171,1.0,0.111
C02094,Champions,4,5,5,455,85,12,2355.94,196.328,0.117,5,1008,0.0,0.087
C02095,Champions,3,5,5,355,160,23,5190.38,225.669,0.13,6,1090,0.174,0.086
C02096,Lapsed / Hibernating,2,3,3,233,390,3,375.96,125.32,0.0,3,441,0.667,0.2
C02098,Lapsed / Hibernating,2,2,2,222,634,2,160.98,80.49,0.0,1,716,0.5,0.0
C02099,Lapsed / Hibernating,2,2,2,222,412,2,251.91,125.955,0.0,5,543,0.5,0.0
C02100,New & Promising,4,1,1,411,62,1,20.99,20.99,0.0,1,62,1.0,0.0
C02102,Lapsed / Hibernating,2,3,4,234,406,4,1080.9,270.225,0.0,4,687,1.0,0.125
C02103,Lapsed / Hibernating,1,2,3,123,1001,2,405.35,202.675,0.391,2,1086,1.0,0.0
C02105,Lapsed / Hibernating,1,1,1,111,867,1,30.99,30.99,0.0,1,867,0.0,0.0
C02107,Champions,5,5,5,555,1,31,6151.45,198.434,0.063,7,1061,0.935,0.086
C02108,Lapsed / Hibernating,1,3,4,134,814,3,872.91,290.97,0.0,3,1006,0.0,0.0
C02109,Lapsed / Hibernating,1,1,1,111,722,1,19.99,19.99,0.0,2,722,0.0,0.5
C02110,Lapsed / Hibernating,2,1,1,211,440,1,76.98,76.98,0.0,1,440,1.0,0.0
C02111,Champions,4,5,5,455,31,61,12316.77,201.914,0.075,8,1088,0.902,0.195
C02112,Lapsed / Hibernating,2,5,5,255,574,16,4418.78,276.174,0.134,7,958,0.125,0.075
C02113,Champions,3,5,5,355,313,23,2808.45,122.107,0.213,7,1091,0.957,0.111
C02114,Steady Regulars,3,2,3,323,235,2,317.85,158.925,0.144,3,592,0.0,0.0
C02116,Lapsed / Hibernating,2,4,4,244,442,8,1166.2,145.775,0.316,6,1071,0.0,0.053
C02117,Steady Regulars,3,1,2,312,237,1,87.27,87.27,0.175,3,237,0.0,0.0
C02118,Lapsed / Hibernating,1,2,4,124,971,2,801.93,400.965,0.0,2,1085,0.5,0.0
C02119,Lapsed / Hibernating,1,1,3,113,766,1,467.54,467.54,1.0,3,766,1.0,0.0
C02120,Lapsed / Hibernating,2,5,5,255,567,12,2143.83,178.652,0.032,5,1056,0.917,0.042
C02121,Lapsed / Hibernating,2,4,4,244,409,5,1522.84,304.568,0.0,4,1064,0.2,0.0
C02122,Champions,4,5,5,455,75,21,3869.92,184.282,0.254,6,1092,0.19,0.049
C02126,Champions,4,5,5,455,31,24,3966.09,165.254,0.138,5,1045,0.167,0.143
C02127,Champions,4,4,4,444,45,7,1373.81,196.259,0.0,8,149,1.0,0.059
C02128,Lapsed / Hibernating,1,3,3,133,715,3,466.94,155.647,0.0,3,981,0.667,0.0
C02129,Champions,4,5,5,455,46,38,7473.9,196.682,0.137,5,1080,0.895,0.2
C02133,Champions,4,5,5,455,85,32,7873.34,246.042,0.039,7,949,0.188,0.084
C02135,Steady Regulars,3,1,3,313,175,1,343.95,343.95,0.0,4,175,0.0,0.0
C02136,Steady Regulars,4,1,3,413,72,1,433.98,433.98,0.0,2,72,1.0,0.0
C02137,Champions,5,5,5,555,10,24,4503.85,187.66,0.128,6,1081,0.125,0.021
C02138,Champions,5,5,5,555,4,45,10787.07,239.713,0.046,6,1073,0.156,0.086
C02139,Lapsed / Hibernating,1,2,1,121,1014,2,76.98,38.49,0.0,1,1095,0.0,0.0
C02140,Champions,4,4,4,444,75,9,1253.5,139.278,0.089,8,1023,0.889,0.0
C02141,Lapsed / Hibernating,1,2,2,122,973,2,154.47,77.235,0.825,2,1003,0.0,0.0
C02145,Champions,5,5,5,555,16,17,3662.65,215.45,0.077,5,1041,1.0,0.162
C02146,Lapsed / Hibernating,1,1,2,112,798,1,109.98,109.98,0.0,2,798,0.0,0.0
C02147,Steady Regulars,4,3,2,432,100,3,224.55,74.85,0.221,2,421,0.0,0.0
C02148,Champions,5,5,5,555,4,16,3652.06,228.254,0.205,4,1076,0.0,0.079
C02149,Champions,4,5,5,455,114,11,1935.28,175.935,0.261,7,1094,0.182,0.071
C02150,Lapsed / Hibernating,2,4,4,244,674,5,1305.71,261.142,0.028,6,1078,0.0,0.062
C02151,Champions,4,5,5,455,50,21,4003.94,190.664,0.141,6,762,0.857,0.06
C02152,Champions,5,5,5,555,11,16,2181.02,136.314,0.141,7,1027,0.938,0.033
C02153,Steady Regulars,3,4,4,344,224,9,750.85,83.428,0.106,4,1056,0.889,0.154
C02154,Lapsed / Hibernating,1,4,4,144,783,6,1112.84,185.473,0.212,6,977,0.833,0.067
C02156,Lapsed / Hibernating,1,4,4,144,862,7,924.17,132.024,0.182,4,1021,1.0,0.294
C02157,Lapsed / Hibernating,2,2,3,223,620,2,384.98,192.49,0.0,1,663,0.5,0.0
C02158,Champions,5,4,5,545,5,10,2412.59,241.259,0.251,7,645,0.2,0.087
C02159,New & Promising,4,1,2,412,54,1,123.98,123.98,0.0,2,54,1.0,0.0
C02160,Steady Regulars,4,4,4,444,112,5,783.03,156.606,0.245,5,341,1.0,0.1
C02161,Steady Regulars,5,3,3,533,14,3,376.91,125.637,0.34,5,149,0.333,0.0
C02162,New & Promising,4,1,1,411,119,1,78.97,78.97,0.0,2,119,1.0,0.0
C02163,Steady Regulars,4,4,4,444,31,6,1212.11,202.018,0.324,4,744,0.167,0.071
C02164,Lapsed / Hibernating,2,4,4,244,421,6,884.88,147.48,0.0,3,1079,0.667,0.0
C02165,Lapsed / Hibernating,1,2,3,123,747,2,281.97,140.985,0.0,3,760,0.0,0.25
C02166,Lapsed / Hibernating,2,5,5,255,474,52,6875.91,132.229,0.101,8,1095,0.173,0.075
C02167,Lapsed / Hibernating,1,1,2,112,1074,1,258.55,258.55,0.954,2,1074,0.0,0.0
C02168,Steady Regulars,4,2,4,424,95,2,854.32,427.16,0.504,4,723,0.0,0.0
C02169,Lapsed / Hibernating,1,4,4,144,836,8,1668.26,208.532,0.011,7,1076,0.25,0.048
C02171,Champions,5,5,5,555,6,37,6086.94,164.512,0.136,7,348,0.946,0.132
C02172,New & Promising,3,1,1,311,281,1,21.99,21.99,0.0,1,281,1.0,0.0
C02173,Champions,5,5,5,555,12,24,3603.69,150.154,0.119,5,1071,0.875,0.176
C02174,Champions,5,5,5,555,21,33,6017.74,182.356,0.059,7,1096,0.242,0.027
C02175,Steady Regulars,4,3,3,433,35,4,405.03,101.258,0.333,5,197,0.25,0.0
C02176,Lapsed / Hibernating,2,1,2,212,402,1,191.79,191.79,1.0,1,402,0.0,0.0
C02177,Lapsed / Hibernating,1,1,2,112,1051,1,171.97,171.97,0.0,2,1051,1.0,0.0
C02181,Champions,4,5,5,455,29,13,2263.28,174.098,0.189,5,1091,0.077,0.129
C02182,Lapsed / Hibernating,1,2,1,121,1018,2,83.98,41.99,0.536,1,1038,1.0,0.0
C02183,Lapsed / Hibernating,2,1,1,211,655,1,27.74,27.74,1.0,1,655,1.0,0.0
C02185,Lapsed / Hibernating,2,1,1,211,515,1,0.0,0.0,0.0,1,515,1.0,1.0
C02188,Steady Regulars,4,3,4,434,29,4,795.74,198.935,0.036,4,491,1.0,0.333
C02189,Champions,5,4,4,544,20,9,1329.94,147.771,0.438,5,415,1.0,0.15
C02190,Steady Regulars,5,2,3,523,12,2,309.36,154.68,0.215,3,582,1.0,0.0
C02191,New & Promising,3,1,1,311,271,1,64.99,64.99,0.0,1,271,1.0,0.0
C02192,Lapsed / Hibernating,1,1,3,113,1080,1,343.07,343.07,0.102,2,1080,0.0,0.0
C02194,Lapsed / Hibernating,2,3,2,232,622,3,140.96,46.987,0.0,2,1011,0.0,0.2
C02195,Lapsed / Hibernating,1,4,4,144,726,5,838.46,167.692,0.184,4,1044,1.0,0.0
C02197,Lapsed / Hibernating,2,1,1,211,657,1,79.49,79.49,1.0,1,657,1.0,0.0
C02198,Champions,5,4,5,545,14,10,2124.93,212.493,0.293,4,901,0.5,0.087
C02200,Lapsed / Hibernating,1,1,3,113,990,1,397.97,397.97,0.0,2,990,1.0,0.0
C02201,Lapsed / Hibernating,2,4,4,244,506,6,847.39,141.232,0.3,4,749,0.167,0.0
C02202,Lapsed / Hibernating,2,3,4,234,393,4,920.91,230.228,0.0,4,884,0.0,0.125
C02203,New & Promising,5,1,1,511,15,1,33.99,33.99,0.0,1,15,1.0,0.0
C02205,Steady Regulars,4,2,4,424,65,2,1043.91,521.955,0.0,4,174,1.0,0.0
C02207,Lapsed / Hibernating,2,1,2,212,514,1,103.27,103.27,0.322,2,514,0.0,0.0
C02208,Lapsed / Hibernating,1,3,4,134,928,4,912.27,228.068,0.019,5,1076,1.0,0.0
C02209,Champions,4,4,4,444,70,8,1345.19,168.149,0.085,7,523,0.875,0.0
C02210,Lapsed / Hibernating,2,1,1,211,424,1,18.99,18.99,0.0,1,424,1.0,0.0
C02211,Champions,4,5,5,455,72,14,2117.86,151.276,0.268,7,1069,0.143,0.154
C02212,Lapsed / Hibernating,1,1,2,112,895,1,146.94,146.94,0.0,3,895,0.0,0.0
C02216,Champions,5,5,5,555,17,15,2283.22,152.215,0.272,6,1017,0.2,0.094
C02217,Deal Hunters,5,1,1,511,9,1,20.69,20.69,1.0,1,9,1.0,0.0
C02218,Steady Regulars,5,4,4,544,12,5,884.31,176.862,0.138,3,628,0.2,0.0
C02219,Lapsed / Hibernating,2,1,2,212,633,1,108.95,108.95,0.0,2,633,0.0,0.0
C02220,Lapsed / Hibernating,1,1,1,111,1002,1,60.98,60.98,0.0,1,1002,1.0,0.0
C02224,Lapsed / Hibernating,1,1,1,111,1015,1,38.99,38.99,0.185,3,1015,0.0,0.667
C02225,Champions,5,5,4,554,26,15,1467.19,97.813,0.032,6,845,1.0,0.0
C02226,Lapsed / Hibernating,2,1,2,212,570,1,146.95,146.95,0.0,2,570,1.0,0.0
C02227,Lapsed / Hibernating,1,1,2,112,1047,1,136.96,136.96,0.0,2,1047,1.0,0.0
C02228,Champions,5,4,5,545,6,8,2014.95,251.869,0.346,7,602,0.75,0.182
C02229,Steady Regulars,4,3,4,434,117,4,1575.87,393.968,0.0,3,519,1.0,0.0
C02230,Lapsed / Hibernating,1,1,2,112,953,1,186.99,186.99,0.0,2,953,1.0,0.5
C02231,Lapsed / Hibernating,1,1,1,111,1028,1,43.98,43.98,0.0,1,1028,1.0,0.0
C02232,Steady Regulars,4,4,4,444,44,5,673.06,134.612,0.22,5,718,0.0,0.0
C02233,New & Promising,3,1,1,311,351,1,59.98,59.98,0.0,1,351,1.0,0.0
C02235,Champions,5,4,3,543,16,7,460.26,65.751,0.101,5,932,1.0,0.0
C02236,Lapsed / Hibernating,2,5,5,255,675,18,2574.36,143.02,0.343,6,1085,0.278,0.029
C02238,Steady Regulars,4,1,3,413,108,1,319.99,319.99,0.0,1,108,1.0,0.0
C02240,Champions,3,5,5,355,181,12,2156.02,179.668,0.426,5,1081,0.167,0.08
C02241,Lapsed / Hibernating,1,3,3,133,914,3,647.16,215.72,0.091,2,955,0.0,0.2
C02242,Lapsed / Hibernating,1,2,2,122,837,2,150.96,75.48,0.0,2,926,1.0,0.0
C02243,Steady Regulars,5,3,3,533,9,3,378.46,126.153,0.049,4,345,1.0,0.25
C02244,Steady Regulars,3,1,2,312,353,1,225.99,225.99,0.0,1,353,1.0,0.0
C02245,Steady Regulars,3,3,2,332,173,3,258.74,86.247,0.39,3,557,1.0,0.0
C02247,Champions,5,4,4,544,12,9,1443.49,160.388,0.095,5,526,0.889,0.067
C02248,Steady Regulars,3,1,3,313,128,1,453.95,453.95,0.0,2,128,1.0,0.0
C02250,Lapsed / Hibernating,2,4,4,244,693,7,803.64,114.806,0.016,6,1078,0.143,0.0
C02251,Steady Regulars,3,2,3,323,285,2,307.75,153.875,0.503,3,643,1.0,0.0
C02253,Lapsed / Hibernating,1,1,2,112,862,1,169.98,169.98,0.0,1,862,1.0,0.0
C02255,Champions,3,4,5,345,137,9,2066.69,229.632,0.14,7,579,0.889,0.08
C02256,Steady Regulars,4,3,4,434,46,4,1178.22,294.555,0.371,4,258,0.0,0.0
C02258,Champions,5,5,5,555,13,34,5484.13,161.298,0.066,5,669,0.912,0.122
C02259,Lapsed / Hibernating,1,1,2,112,1084,1,199.19,199.19,1.0,1,1084,0.0,0.0
C02261,Lapsed / Hibernating,1,1,1,111,704,1,42.18,42.18,0.526,2,704,0.0,0.0
C02262,Lapsed / Hibernating,1,1,2,112,788,1,237.98,237.98,0.0,2,788,1.0,0.0
C02263,Steady Regulars,3,3,3,333,179,4,658.93,164.733,0.0,3,554,0.25,0.0
C02264,Lapsed / Hibernating,2,4,4,244,375,6,1443.89,240.648,0.0,6,874,0.167,0.091
C02267,Lapsed / Hibernating,2,1,1,211,384,1,83.98,83.98,0.0,1,384,1.0,0.0
C02268,Lapsed / Hibernating,1,1,2,112,1077,1,163.98,163.98,0.0,1,1077,0.0,0.0
C02269,Lapsed / Hibernating,2,1,2,212,371,1,209.96,209.96,0.0,2,371,1.0,0.0
C02270,Lapsed / Hibernating,2,2,3,223,416,2,567.95,283.975,0.0,3,971,1.0,0.0
C02271,Steady Regulars,4,4,4,444,61,8,920.86,115.108,0.112,4,337,0.25,0.0
C02272,New & Promising,4,1,1,411,118,1,0.0,0.0,0.0,1,118,1.0,1.0
C02273,Steady Regulars,4,1,4,414,69,1,776.96,776.96,0.0,3,69,0.0,0.0
C02274,Steady Regulars,3,2,3,323,363,2,328.64,164.32,0.507,3,433,0.5,0.0
C02275,Lapsed / Hibernating,2,3,3,233,385,3,322.94,107.647,0.0,2,941,1.0,0.0
C02277,Lapsed / Hibernating,1,1,2,112,910,1,106.98,106.98,0.0,2,910,1.0,0.0
C02280,Lapsed / Hibernating,1,1,1,111,954,1,32.99,32.99,0.0,1,954,1.0,0.0
C02281,Deal Hunters,3,2,1,321,333,2,22.99,11.495,0.648,2,562,1.0,0.5
C02282,New & Promising,4,1,2,412,43,1,220.99,220.99,0.0,1,43,1.0,0.0
C02283,Steady Regulars,3,2,2,322,310,2,255.95,127.975,0.0,3,342,0.5,0.0
C02284,Lapsed / Hibernating,2,4,4,244,419,8,729.79,91.224,0.0,6,980,1.0,0.062
C02285,Lapsed / Hibernating,2,4,4,244,490,6,718.85,119.808,0.436,5,974,1.0,0.091
C02287,Steady Regulars,3,4,4,344,273,7,1119.56,159.937,0.276,4,1076,0.0,0.143
C02289,New & Promising,3,2,1,321,193,2,80.15,40.075,0.14,3,728,1.0,0.0
C02291,New & Promising,3,1,1,311,298,1,80.97,80.97,0.0,1,298,1.0,0.0
C02293,Champions,5,5,4,554,25,19,1689.42,88.917,0.13,3,663,0.947,0.148
C02294,Lapsed / Hibernating,2,1,1,211,372,1,52.99,52.99,0.0,1,372,0.0,0.0
C02295,Champions,5,4,4,544,12,10,779.13,77.913,0.388,6,339,0.1,0.125
C02297,Steady Regulars,3,1,3,313,203,1,424.96,424.96,0.0,3,203,1.0,0.0
C02298,Champions,4,5,5,455,28,26,4115.9,158.304,0.195,5,1077,0.115,0.074
C02299,Steady Regulars,3,2,4,324,256,2,701.91,350.955,0.0,4,372,0.0,0.25
C02301,Lapsed / Hibernating,2,1,2,212,642,1,180.95,180.95,0.086,2,642,0.0,0.25
C02302,Steady Regulars,3,1,2,312,227,1,145.98,145.98,0.0,1,227,1.0,0.0
C02303,Champions,5,4,4,544,18,10,1550.86,155.086,0.147,5,450,1.0,0.056
C02304,Lapsed / Hibernating,2,1,2,212,571,1,148.99,148.99,0.0,1,571,1.0,0.0
C02306,Lapsed / Hibernating,2,1,1,211,586,1,55.99,55.99,0.0,1,586,1.0,0.0
C02307,Lapsed / Hibernating,2,4,3,243,642,6,530.08,88.347,0.048,6,862,0.833,0.0
C02308,Champions,5,5,5,555,16,30,6764.53,225.484,0.166,6,1058,0.867,0.071
C02310,Champions,5,5,5,555,21,31,5113.19,164.942,0.114,5,1092,0.903,0.129
C02312,Steady Regulars,5,3,2,532,23,3,232.12,77.373,0.102,2,223,1.0,0.143
C02313,Lapsed / Hibernating,1,2,3,123,839,2,318.94,159.47,0.0,4,922,0.0,0.0
C02314,New & Promising,3,1,1,311,232,1,80.97,80.97,0.0,1,232,1.0,0.0
C02316,New & Promising,3,1,1,311,207,1,25.99,25.99,0.0,1,207,1.0,0.0
C02317,Champions,5,5,5,555,8,19,3267.41,171.969,0.231,8,992,0.895,0.044
C02319,Steady Regulars,5,4,4,544,13,5,962.02,192.404,0.184,5,30,1.0,0.0
C02320,Lapsed / Hibernating,1,1,1,111,706,1,25.99,25.99,0.0,1,706,1.0,0.0
C02321,Lapsed / Hibernating,1,2,3,123,992,2,385.96,192.98,0.0,2,1065,1.0,0.0
C02323,New & Promising,3,1,1,311,256,1,32.99,32.99,0.0,1,256,0.0,0.0
C02324,Steady Regulars,3,1,3,313,153,1,367.97,367.97,0.0,3,153,1.0,0.25
C02325,Steady Regulars,3,1,2,312,186,1,231.98,231.98,0.0,2,186,0.0,0.0
C02328,Lapsed / Hibernating,1,4,5,145,764,6,1866.29,311.048,0.493,4,1070,0.0,0.118
C02329,Steady Regulars,3,3,4,334,125,3,943.92,314.64,0.044,3,339,1.0,0.167
C02332,New & Promising,5,1,1,511,26,1,58.38,58.38,0.401,2,26,1.0,0.0
C02333,Lapsed / Hibernating,2,1,2,212,371,1,102.97,102.97,0.0,2,371,0.0,0.0
C02334,Steady Regulars,3,4,4,344,216,5,1177.54,235.508,0.056,6,422,1.0,0.0
C02335,Steady Regulars,4,1,3,413,48,1,276.99,276.99,0.0,1,48,1.0,0.0
C02337,Lapsed / Hibernating,1,1,1,111,943,1,83.98,83.98,0.0,1,943,1.0,0.0
C02338,Steady Regulars,3,4,4,344,280,9,1292.16,143.573,0.041,4,1020,0.111,0.059
C02340,Steady Regulars,4,4,4,444,95,7,772.78,110.397,0.54,5,256,1.0,0.091
C02342,Lapsed / Hibernating,1,1,3,113,1088,1,350.15,350.15,0.112,4,1088,1.0,0.0
C02343,Champions,3,5,5,355,355,16,3663.23,228.952,0.039,6,757,1.0,0.039
C02344,Champions,5,5,4,554,12,13,1704.89,131.145,0.124,6,999,0.154,0.0
C02345,Steady Regulars,3,4,4,344,263,7,1024.25,146.321,0.111,5,984,0.143,0.143
C02348,Lapsed / Hibernating,2,1,2,212,650,1,94.49,94.49,1.0,1,650,1.0,0.0
C02349,Champions,5,5,5,555,4,51,12792.05,250.825,0.033,8,779,0.882,0.112
C02352,Champions,5,5,5,555,4,15,1823.24,121.549,0.32,6,661,0.867,0.065
C02353,Lapsed / Hibernating,1,2,2,122,756,2,201.36,100.68,0.071,2,812,1.0,0.0
C02354,Lapsed / Hibernating,1,1,1,111,809,1,0.0,0.0,0.0,1,809,1.0,1.0
C02355,Lapsed / Hibernating,1,4,5,145,909,10,2345.53,234.553,0.031,6,1094,1.0,0.043
C02356,New & Promising,3,1,1,311,219,1,0.0,0.0,0.0,1,219,0.0,1.0
C02358,New & Promising,4,1,1,411,112,1,74.97,74.97,0.0,1,112,1.0,0.0
C02360,Champions,5,5,5,555,9,13,2115.45,162.727,0.201,4,513,0.769,0.143
C02362,Champions,5,4,5,545,5,8,1928.88,241.11,0.417,3,648,0.125,0.111
C02364,Champions,3,5,5,355,185,11,2295.31,208.665,0.064,7,968,1.0,0.043
C02365,Lapsed / Hibernating,1,3,4,134,909,4,981.86,245.465,0.173,5,1093,1.0,0.0
C02366,Champions,3,5,5,355,142,23,3928.95,170.824,0.198,5,1083,1.0,0.182
C02368,New & Promising,3,1,1,311,151,1,47.99,47.99,0.0,1,151,1.0,0.0
C02369,New & Promising,3,2,2,322,273,2,86.98,43.49,0.0,2,452,1.0,0.0
C02370,Lapsed / Hibernating,2,5,5,255,374,43,8194.09,190.56,0.194,6,1088,0.977,0.135
C02372,Lapsed / Hibernating,1,2,3,123,825,2,410.96,205.48,0.0,3,992,1.0,0.0
C02373,Lapsed / Hibernating,1,4,4,144,873,6,799.33,133.222,0.334,7,1093,0.167,0.067
C02374,Champions,5,5,5,555,13,29,8051.21,277.628,0.095,6,680,0.897,0.046
C02375,Champions,4,5,5,455,48,22,3668.94,166.77,0.213,6,1039,0.864,0.064
C02376,Lapsed / Hibernating,1,4,4,144,745,9,1543.22,171.469,0.427,5,993,0.111,0.0
C02379,Steady Regulars,3,4,3,343,190,5,625.07,125.014,0.486,4,1045,1.0,0.091
C02380,Champions,3,5,5,355,259,15,2630.76,175.384,0.229,7,1059,0.133,0.077
C02381,Lapsed / Hibernating,1,4,4,144,772,9,831.12,92.347,0.309,5,1086,0.111,0.053
C02382,Deal Hunters,4,1,1,411,33,1,14.69,14.69,1.0,1,33,0.0,0.0
C02383,Deal Hunters,3,1,1,311,312,1,48.78,48.78,0.775,2,312,1.0,0.0
C02384,Champions,4,5,5,455,108,51,10845.0,212.647,0.118,6,1028,0.196,0.056
C02385,Lapsed / Hibernating,1,1,1,111,915,1,37.99,37.99,0.0,1,915,0.0,0.0
C02386,Lapsed / Hibernating,2,1,1,211,624,1,27.99,27.99,0.0,1,624,1.0,0.0
C02387,New & Promising,5,1,1,511,9,1,80.98,80.98,0.0,2,9,0.0,0.0
C02389,Champions,4,5,4,454,53,13,1618.27,124.482,0.095,7,714,0.923,0.074
C02391,Lapsed / Hibernating,1,1,3,113,952,1,497.95,497.95,0.0,3,952,1.0,0.0
C02392,Lapsed / Hibernating,1,2,3,123,899,2,319.53,159.765,0.221,2,1075,1.0,0.0
C02393,Lapsed / Hibernating,1,4,3,143,761,6,427.59,71.265,0.056,5,1079,0.333,0.0
C02394,Lapsed / Hibernating,2,1,3,213,493,1,385.97,385.97,0.0,1,493,0.0,0.0
C02395,Lapsed / Hibernating,1,1,2,112,859,1,109.98,109.98,0.0,2,859,1.0,0.0
C02396,Lapsed / Hibernating,2,3,2,232,407,3,248.87,82.957,0.385,4,872,1.0,0.143
C02397,Lapsed / Hibernating,2,1,1,211,494,1,10.99,10.99,0.0,2,494,0.0,0.5
C02400,Champions,5,5,5,555,3,79,17398.33,220.232,0.129,7,1092,0.962,0.098
C02401,Lapsed / Hibernating,2,1,1,211,437,1,25.99,25.99,0.0,1,437,0.0,0.0
C02402,Deal Hunters,3,2,2,322,170,2,156.24,78.12,0.533,3,210,1.0,0.0
C02403,Steady Regulars,3,4,3,343,258,9,627.8,69.756,0.16,5,1018,0.778,0.125
C02404,Champions,4,5,5,455,34,14,3209.01,229.215,0.141,5,847,0.857,0.065
C02405,Steady Regulars,3,3,3,333,221,3,271.25,90.417,0.056,3,296,0.333,0.0
C02406,Lapsed / Hibernating,2,1,1,211,695,1,0.0,0.0,0.0,1,695,1.0,1.0
C02407,Lapsed / Hibernating,2,2,2,222,679,2,192.98,96.49,0.0,2,788,0.5,0.0
C02408,Lapsed / Hibernating,2,5,5,255,653,22,3891.05,176.866,0.042,5,1067,0.091,0.151
C02409,Champions,5,4,5,545,14,10,2186.7,218.67,0.019,5,115,1.0,0.091
C02412,Champions,4,4,4,444,38,10,730.3,73.03,0.131,5,1076,1.0,0.059
C02413,Lapsed / Hibernating,1,1,2,112,816,1,108.97,108.97,0.0,2,816,1.0,0.0
C02414,Lapsed / Hibernating,1,1,1,111,826,1,29.97,29.97,0.0,1,826,0.0,0.0
C02415,Lapsed / Hibernating,2,2,3,223,682,2,342.82,171.41,0.729,4,769,0.5,0.0
C02416,Lapsed / Hibernating,2,2,3,223,416,2,435.95,217.975,0.0,4,734,1.0,0.0
C02417,New & Promising,3,1,1,311,292,1,68.98,68.98,0.0,1,292,1.0,0.0
C02418,Steady Regulars,5,3,3,533,10,3,329.71,109.903,0.351,4,23,1.0,0.0
C02419,Lapsed / Hibernating,2,3,3,233,698,4,585.35,146.338,0.125,4,1042,1.0,0.182
C02420,Lapsed / Hibernating,2,4,4,244,507,5,1229.18,245.836,0.088,5,1047,1.0,0.083
C02421,Steady Regulars,3,1,3,313,335,1,400.98,400.98,0.0,1,335,1.0,0.0
C02422,Lapsed / Hibernating,1,1,2,112,1072,1,138.99,138.99,0.0,1,1072,1.0,0.0
C02427,Champions,4,5,4,454,104,11,1547.14,140.649,0.063,5,888,0.182,0.043
C02428,Champions,5,5,5,555,1,19,4767.18,250.904,0.119,5,244,0.947,0.128
C02429,Lapsed / Hibernating,1,3,3,133,1037,3,461.94,153.98,0.0,1,1085,0.667,0.0
C02430,Steady Regulars,4,1,3,413,87,1,630.95,630.95,0.0,2,87,1.0,0.0
C02432,Lapsed / Hibernating,1,1,2,112,925,1,209.98,209.98,0.705,2,925,1.0,0.0
C02433,Lapsed / Hibernating,1,3,3,133,781,3,294.94,98.313,0.0,3,844,0.0,0.0
C02434,Steady Regulars,4,1,2,412,101,1,238.96,238.96,0.0,2,101,1.0,0.0
C02435,Lapsed / Hibernating,1,1,3,113,933,1,271.98,271.98,0.0,1,933,1.0,0.0
C02436,Champions,5,5,5,555,2,14,2282.71,163.051,0.208,7,717,1.0,0.147
C02437,Lapsed / Hibernating,2,4,3,243,387,6,653.87,108.978,0.118,6,1041,0.833,0.167
C02439,Steady Regulars,5,2,4,524,2,2,771.96,385.98,0.0,2,20,1.0,0.0
C02442,Lapsed / Hibernating,1,2,2,122,739,2,104.97,52.485,0.0,2,862,1.0,0.0
C02444,Lapsed / Hibernating,1,1,1,111,1020,1,23.99,23.99,0.0,1,1020,1.0,0.0
C02445,Champions,4,5,5,455,57,47,8417.12,179.088,0.105,7,1085,0.213,0.126
C02446,Lapsed / Hibernating,1,1,2,112,1085,1,266.97,266.97,0.0,1,1085,0.0,0.0
C02448,Steady Regulars,5,3,3,533,27,3,376.74,125.58,0.119,2,210,1.0,0.0
C02449,Lapsed / Hibernating,1,2,3,123,981,2,560.92,280.46,0.0,3,999,1.0,0.286
C02450,Steady Regulars,4,3,4,434,101,4,763.71,190.928,0.157,5,469,0.0,0.25
C02451,Lapsed / Hibernating,1,3,3,133,845,3,327.16,109.053,0.144,2,1090,1.0,0.0
C02452,Lapsed / Hibernating,1,1,1,111,845,1,73.99,73.99,0.0,1,845,1.0,0.0
C02453,Steady Regulars,4,3,3,433,122,3,483.92,161.307,0.0,2,798,1.0,0.0
C02456,New & Promising,4,1,1,411,62,1,69.98,69.98,0.0,2,62,0.0,0.0
C02457,Champions,4,5,5,455,75,18,3987.38,221.521,0.088,5,504,0.944,0.098
C02460,Champions,4,5,4,454,93,16,1641.28,102.58,0.199,6,619,0.938,0.097
C02461,Lapsed / Hibernating,1,1,2,112,803,1,167.96,167.96,0.0,2,803,0.0,0.0
C02462,Lapsed / Hibernating,1,1,1,111,989,1,61.99,61.99,0.0,1,989,1.0,0.5
C02463,Champions,4,4,4,444,78,10,1319.69,131.969,0.0,6,587,0.1,0.048
C02464,Steady Regulars,3,1,3,313,249,1,277.96,277.96,0.0,2,249,0.0,0.0
C02465,Steady Regulars,5,4,4,544,11,5,1290.86,258.172,0.0,4,249,0.2,0.083
C02466,Steady Regulars,3,2,2,322,272,2,163.96,81.98,0.0,2,564,1.0,0.0
C02467,Champions,5,5,5,555,9,22,4085.29,185.695,0.042,7,561,0.818,0.085
C02468,Lapsed / Hibernating,1,1,3,113,898,1,292.37,292.37,1.0,2,898,0.0,0.0
C02469,Steady Regulars,4,1,3,413,51,1,347.99,347.99,0.0,1,51,1.0,0.0
C02470,Lapsed / Hibernating,2,2,3,223,665,2,442.37,221.185,0.853,2,901,0.0,0.0
C02472,Steady Regulars,5,2,3,523,10,2,563.94,281.97,0.08,3,76,1.0,0.0
C02473,Lapsed / Hibernating,2,1,1,211,440,1,29.99,29.99,0.0,1,440,1.0,0.0
C02474,Lapsed / Hibernating,2,4,4,244,487,5,1264.68,252.936,0.044,3,1069,0.0,0.167
C02475,Steady Regulars,3,4,4,344,152,7,844.5,120.643,0.009,5,541,0.857,0.0
C02476,Lapsed / Hibernating,2,5,5,255,459,15,3254.35,216.957,0.224,6,1065,0.133,0.158
C02477,New & Promising,5,3,2,532,24,4,221.75,55.438,0.106,4,92,0.25,0.2
C02478,Steady Regulars,4,3,4,434,103,3,679.91,226.637,0.0,2,561,0.667,0.286
C02479,Champions,5,5,5,555,8,65,12244.96,188.384,0.152,8,1091,0.923,0.097
C02480,Lapsed / Hibernating,2,1,1,211,422,1,75.86,75.86,0.605,1,422,1.0,0.0
C02481,Lapsed / Hibernating,1,1,1,111,829,1,33.99,33.99,0.0,1,829,0.0,0.0
C02482,Lapsed / Hibernating,1,1,2,112,786,1,147.97,147.97,0.0,2,786,0.0,0.0
C02483,Steady Regulars,3,4,5,345,229,6,1974.79,329.132,0.0,6,581,0.833,0.0
C02485,Champions,5,4,5,545,5,10,1769.88,176.988,0.116,8,123,1.0,0.0
C02486,Lapsed / Hibernating,1,4,4,144,937,5,1651.3,330.26,0.024,3,1061,0.2,0.077
C02487,Steady Regulars,3,2,2,322,282,2,256.97,128.485,0.0,2,736,1.0,0.25
C02489,Lapsed / Hibernating,1,4,4,144,915,5,1240.81,248.162,0.0,4,1042,0.0,0.062
C02490,Champions,4,5,5,455,95,63,14254.66,226.264,0.087,8,1083,0.254,0.084
C02491,Lapsed / Hibernating,2,3,4,234,535,3,809.52,269.84,0.322,5,742,0.0,0.0
C02493,Champions,4,5,5,455,34,47,7207.9,153.36,0.18,6,1093,0.128,0.099
C02494,Lapsed / Hibernating,2,5,4,254,463,13,1606.89,123.607,0.084,7,765,0.846,0.043
C02496,New & Promising,4,1,2,412,44,1,218.98,218.98,0.0,2,44,1.0,0.333
C02498,Deal Hunters,4,2,1,421,75,2,82.96,41.48,0.434,2,112,1.0,0.0
C02499,New & Promising,3,2,1,321,149,2,80.95,40.475,0.0,1,251,1.0,0.0
C02500,New & Promising,4,2,1,421,117,2,76.98,38.49,0.0,1,513,1.0,0.0
C02501,New & Promising,4,1,2,412,39,1,138.97,138.97,0.0,2,39,1.0,0.0
C02502,Lapsed / Hibernating,1,3,2,132,735,4,164.95,41.238,0.0,3,1002,1.0,0.2
C02504,Lapsed / Hibernating,2,4,4,244,675,6,1280.34,213.39,0.038,5,838,1.0,0.154
C02506,Lapsed / Hibernating,1,1,1,111,938,1,48.97,48.97,0.0,1,938,0.0,0.0
C02507,Lapsed / Hibernating,2,1,1,211,502,1,50.97,50.97,0.0,2,502,0.0,0.5
C02509,Lapsed / Hibernating,2,2,2,222,697,2,209.17,104.585,0.87,3,772,1.0,0.25
C02511,Lapsed / Hibernating,1,1,1,111,727,1,39.99,39.99,0.105,3,727,1.0,0.667
C02512,Lapsed / Hibernating,1,1,1,111,882,1,41.98,41.98,0.0,1,882,0.0,0.0
C02513,Steady Regulars,3,2,3,323,251,2,339.95,169.975,0.0,2,316,1.0,0.0
C02514,New & Promising,3,1,1,311,362,1,55.98,55.98,0.0,2,362,1.0,0.0
C02515,Lapsed / Hibernating,1,2,2,122,1074,2,140.96,70.48,0.213,2,1081,0.5,0.0
C02516,New & Promising,3,1,1,311,327,1,31.99,31.99,0.0,1,327,0.0,0.0
C02517,Lapsed / Hibernating,2,4,4,244,382,9,1409.69,156.632,0.171,6,963,1.0,0.062
C02519,Champions,4,5,5,455,37,14,2575.04,183.931,0.371,6,1020,0.071,0.121
C02521,Steady Regulars,5,3,2,532,26,3,171.04,57.013,0.1,3,369,0.333,0.0
C02522,Champions,5,4,4,544,20,8,1665.9,208.238,0.511,7,1026,0.125,0.0
C02523,Champions,5,5,5,555,3,26,4686.92,180.266,0.162,5,1046,0.923,0.052
C02524,Champions,4,5,5,455,53,17,1921.64,113.038,0.138,5,927,0.118,0.057
C02525,Champions,5,4,3,543,15,5,563.88,112.776,0.0,6,308,0.4,0.0
C02526,Lapsed / Hibernating,1,2,2,122,948,2,156.97,78.485,0.0,2,1032,0.5,0.0
C02527,Steady Regulars,5,3,4,534,10,4,1070.06,267.515,0.169,4,550,0.75,0.091
C02528,Steady Regulars,3,1,3,313,232,1,288.99,288.99,0.0,1,232,1.0,0.0
C02530,Steady Regulars,4,1,2,412,72,1,242.98,242.98,0.0,2,72,1.0,0.0
C02532,Champions,5,5,5,555,14,42,5735.66,136.563,0.124,6,780,0.905,0.071
C02535,Deal Hunters,4,3,3,433,52,3,354.86,118.287,0.924,4,395,1.0,0.0
C02536,Deal Hunters,4,3,4,434,31,4,686.32,171.58,0.863,2,557,1.0,0.0
C02537,Steady Regulars,3,1,2,312,299,1,234.96,234.96,0.0,2,299,1.0,0.0
C02539,New & Promising,3,1,2,312,180,1,109.98,109.98,0.0,2,180,1.0,0.0
C02540,Lapsed / Hibernating,2,1,1,211,463,1,56.99,56.99,0.0,1,463,1.0,0.0
C02542,Steady Regulars,4,4,4,444,50,9,866.93,96.326,0.358,4,357,0.0,0.071
C02543,Lapsed / Hibernating,1,3,4,134,940,4,1205.87,301.468,0.0,4,1052,0.0,0.091
C02544,Deal Hunters,5,1,1,511,26,1,52.79,52.79,1.0,1,26,1.0,0.0
C02545,Steady Regulars,3,3,2,332,300,3,237.92,79.307,0.0,4,613,0.0,0.0
C02546,Lapsed / Hibernating,1,1,1,111,927,1,70.98,70.98,0.0,2,927,1.0,0.333
C02547,Lapsed / Hibernating,1,1,2,112,772,1,205.76,205.76,1.0,3,772,1.0,0.0
C02548,Lapsed / Hibernating,1,2,2,122,864,2,263.41,131.705,0.375,2,963,0.0,0.2
C02549,Steady Regulars,4,3,3,433,116,4,576.7,144.175,0.183,5,256,1.0,0.111
C02550,New & Promising,3,1,1,311,304,1,69.98,69.98,0.0,1,304,1.0,0.0
C02551,New & Promising,4,1,1,411,46,1,54.99,54.99,0.0,1,46,1.0,0.0
C02554,New & Promising,4,1,2,412,120,1,151.99,151.99,0.0,1,120,0.0,0.0
C02555,Steady Regulars,4,1,3,413,61,1,548.46,548.46,0.09,2,61,1.0,0.0
C02556,Deal Hunters,4,1,1,411,35,1,0.0,0.0,1.0,1,35,1.0,1.0
C02558,Steady Regulars,3,3,4,334,181,4,1107.29,276.822,0.271,5,305,0.75,0.0
C02559,Deal Hunters,3,1,1,311,194,1,49.58,49.58,1.0,1,194,1.0,0.0
C02560,Champions,5,3,3,533,1,4,535.89,133.972,0.0,4,354,1.0,0.0
C02561,Steady Regulars,3,4,3,343,228,8,593.44,74.18,0.358,4,971,0.125,0.0
C02562,Champions,5,4,3,543,8,5,494.89,98.978,0.0,6,172,0.8,0.0
C02563,Champions,5,5,5,555,16,16,2565.16,160.322,0.208,6,1088,0.062,0.079
C02564,Champions,4,5,5,455,44,16,2071.09,129.443,0.094,6,579,0.875,0.147
C02565,Lapsed / Hibernating,2,1,2,212,686,1,90.97,90.97,0.0,2,686,1.0,0.0
C02566,Lapsed / Hibernating,2,4,4,244,391,5,1034.95,206.99,0.087,5,871,1.0,0.167
C02567,Champions,5,5,5,555,13,27,5163.86,191.254,0.196,7,1064,0.815,0.1
C02568,Lapsed / Hibernating,2,1,3,213,530,1,296.97,296.97,0.0,2,530,1.0,0.0
C02569,Lapsed / Hibernating,2,1,2,212,464,1,153.98,153.98,0.0,2,464,1.0,0.0
C02570,Champions,5,5,5,555,4,99,18117.6,183.006,0.082,7,1091,0.899,0.183
C02571,Lapsed / Hibernating,2,5,5,255,510,16,3700.36,231.272,0.046,4,1077,0.875,0.176
C02572,Steady Regulars,3,4,3,343,291,9,544.68,60.52,0.584,4,1060,0.333,0.25
C02573,Champions,4,4,5,445,29,8,3018.65,377.331,0.232,6,495,0.875,0.125
C02576,Lapsed / Hibernating,1,4,3,143,716,5,427.14,85.428,0.097,5,1021,0.0,0.1
C02577,Steady Regulars,4,1,4,414,55,1,1274.93,1274.93,0.0,4,55,1.0,0.0
C02578,Champions,4,5,5,455,34,12,2796.17,233.014,0.138,5,1022,0.25,0.03
C02579,Champions,5,5,5,555,16,19,3209.18,168.904,0.019,5,955,0.947,0.056
C02580,New & Promising,4,1,2,412,75,1,102.97,102.97,0.0,2,75,1.0,0.333
C02581,Champions,5,3,4,534,2,4,680.93,170.232,0.011,5,354,0.25,0.154
C02582,Champions,4,5,5,455,34,19,3430.0,180.526,0.024,7,708,0.789,0.087
C02583,Lapsed / Hibernating,1,4,3,143,753,5,593.26,118.652,0.105,3,1092,1.0,0.0
C02584,Lapsed / Hibernating,1,1,1,111,879,1,25.99,25.99,0.0,1,879,1.0,0.0
C02585,Lapsed / Hibernating,2,2,3,223,530,2,385.68,192.84,0.251,3,1015,0.0,0.0
C02586,Champions,5,5,5,555,21,20,2022.22,101.111,0.285,5,1037,0.95,0.167
C02589,Steady Regulars,3,3,2,332,183,4,123.97,30.992,0.124,3,893,0.75,0.25
C02591,Lapsed / Hibernating,2,5,4,254,524,18,1474.88,81.938,0.047,5,1069,0.833,0.091
C02594,Steady Regulars,5,1,4,514,9,1,683.94,683.94,0.0,2,9,1.0,0.0
C02595,Lapsed / Hibernating,1,1,3,113,907,1,342.07,342.07,0.076,1,907,1.0,0.0
C02596,Lapsed / Hibernating,2,1,1,211,692,1,48.99,48.99,0.0,2,692,0.0,0.5
C02600,Steady Regulars,3,1,2,312,282,1,230.98,230.98,0.064,2,282,1.0,0.333
C02602,Champions,5,5,5,555,13,54,12273.48,227.287,0.068,7,711,0.907,0.056
C02606,Lapsed / Hibernating,2,1,1,211,372,1,10.99,10.99,0.0,1,372,1.0,0.0
C02608,Steady Regulars,4,4,4,444,85,5,764.83,152.966,0.192,4,438,0.4,0.1
C02609,Lapsed / Hibernating,2,3,3,233,511,3,305.74,101.913,0.578,4,1001,1.0,0.0
C02611,Champions,5,5,5,555,3,55,13167.08,239.401,0.142,6,1082,0.164,0.049
C02612,New & Promising,5,1,2,512,22,1,220.99,220.99,0.0,1,22,0.0,0.0
C02613,New & Promising,4,2,2,422,33,2,171.65,85.825,0.33,3,79,1.0,0.0
C02614,Lapsed / Hibernating,1,2,3,123,736,2,275.93,137.965,0.0,4,813,1.0,0.0
C02615,New & Promising,3,1,1,311,346,1,60.99,60.99,0.0,1,346,1.0,0.0
C02616,New & Promising,4,1,1,411,104,1,48.98,48.98,0.0,2,104,1.0,0.0
C02618,Deal Hunters,4,2,2,422,32,2,93.08,46.54,0.535,2,59,1.0,0.333
C02619,Champions,4,5,5,455,89,12,1783.05,148.588,0.089,6,861,0.167,0.107
C02622,New & Promising,4,1,1,411,40,1,40.99,40.99,0.0,1,40,1.0,0.0
C02624,Champions,5,4,4,544,21,10,1178.99,117.899,0.162,5,1020,1.0,0.2
C02625,Lapsed / Hibernating,1,1,1,111,1080,1,31.98,31.98,0.0,1,1080,0.0,0.0
C02626,Champions,5,5,5,555,5,60,12094.49,201.575,0.108,7,1090,0.133,0.06
C02627,Lapsed / Hibernating,2,2,3,223,514,2,538.93,269.465,0.0,2,542,1.0,0.2
C02628,Deal Hunters,5,1,1,511,14,1,27.18,27.18,1.0,1,14,1.0,0.0
C02629,New & Promising,4,3,2,432,61,4,176.03,44.007,0.125,3,246,1.0,0.0
C02630,New & Promising,3,1,1,311,234,1,0.0,0.0,0.0,1,234,1.0,1.0
C02631,Steady Regulars,3,4,4,344,282,6,1240.49,206.748,0.144,5,854,0.167,0.0
C02632,Lapsed / Hibernating,2,1,1,211,625,1,24.99,24.99,0.0,1,625,0.0,0.0
C02633,Lapsed / Hibernating,2,3,3,233,699,3,272.73,90.91,0.425,3,827,0.333,0.0
C02634,Champions,3,5,5,355,149,11,2121.79,192.89,0.226,7,1082,0.0,0.062
C02635,New & Promising,4,1,1,411,80,1,47.99,47.99,0.0,1,80,1.0,0.0
C02636,Champions,4,4,4,444,34,9,1160.42,128.936,0.099,5,401,0.889,0.0
C02637,Lapsed / Hibernating,2,1,1,211,430,1,29.99,29.99,0.0,1,430,0.0,0.0
C02638,Champions,5,5,5,555,11,25,6596.71,263.868,0.181,6,1096,0.24,0.06
C02640,Champions,4,5,5,455,39,29,7011.91,241.79,0.211,6,607,0.966,0.074
C02641,Steady Regulars,3,1,4,314,179,1,959.88,959.88,0.0,5,179,0.0,0.125
C02642,Lapsed / Hibernating,2,5,4,254,577,11,1164.73,105.885,0.0,5,994,0.182,0.0
C02643,Lapsed / Hibernating,2,2,2,222,604,2,173.95,86.975,0.0,3,779,0.0,0.2
C02645,Lapsed / Hibernating,1,2,3,123,1051,2,385.96,192.98,0.0,2,1071,1.0,0.0
C02646,Champions,5,5,4,554,12,11,1182.1,107.464,0.284,6,339,1.0,0.0
C02647,Steady Regulars,5,4,3,543,13,5,469.72,93.944,0.051,3,298,0.2,0.0
C02648,Steady Regulars,3,4,4,344,361,6,987.64,164.607,0.098,5,600,1.0,0.0
C02650,Deal Hunters,4,1,1,411,35,1,28.67,28.67,1.0,1,35,0.0,0.0
C02651,New & Promising,3,1,1,311,258,1,71.99,71.99,0.0,1,258,0.0,0.0
C02652,Lapsed / Hibernating,1,4,4,144,911,5,692.5,138.5,0.176,5,1081,0.2,0.1
C02653,Champions,3,4,4,344,250,8,1543.33,192.916,0.283,6,557,0.25,0.167
C02654,Lapsed / Hibernating,1,3,3,133,783,3,408.94,136.313,0.0,3,1002,0.0,0.0
C02656,Lapsed / Hibernating,2,4,3,243,425,5,572.41,114.482,0.108,6,783,0.0,0.154
C02657,Lapsed / Hibernating,1,4,5,145,749,9,1810.9,201.211,0.11,4,1085,1.0,0.105
C02658,Champions,5,5,5,555,10,18,3956.16,219.787,0.119,7,519,0.111,0.047
C02659,Lapsed / Hibernating,2,4,4,244,472,9,1199.51,133.279,0.468,6,803,0.111,0.083
C02660,Champions,5,4,4,544,15,9,1414.14,157.127,0.082,7,535,1.0,0.12
C02661,New & Promising,3,1,2,312,176,1,126.97,126.97,0.0,2,176,1.0,0.0
C02662,Lapsed / Hibernating,2,1,1,211,656,1,79.98,79.98,0.0,1,656,1.0,0.0
C02664,Lapsed / Hibernating,2,1,2,212,560,1,148.78,148.78,1.0,1,560,0.0,0.0
C02666,Lapsed / Hibernating,1,1,2,112,756,1,97.45,97.45,0.682,3,756,1.0,0.0
C02667,Champions,5,5,5,555,8,12,2558.35,213.196,0.008,6,393,1.0,0.115
C02668,Lapsed / Hibernating,1,3,3,133,768,4,478.71,119.678,0.175,7,1062,1.0,0.2
C02669,Lapsed / Hibernating,2,2,3,223,501,2,358.83,179.415,0.511,4,513,0.0,0.125
C02670,Steady Regulars,3,1,3,313,353,1,361.76,361.76,0.555,3,353,1.0,0.25
C02671,Steady Regulars,3,4,3,343,225,5,493.82,98.764,0.14,5,599,1.0,0.111
C02673,Lapsed / Hibernating,1,1,2,112,1074,1,142.97,142.97,0.0,2,1074,1.0,0.0
C02674,Steady Regulars,3,4,4,344,181,5,1073.91,214.782,0.0,5,552,0.6,0.111
C02675,Lapsed / Hibernating,1,1,1,111,739,1,0.0,0.0,0.0,1,739,1.0,1.0
C02677,Lapsed / Hibernating,1,2,2,122,711,2,198.95,99.475,0.0,3,861,0.5,0.0
C02678,Steady Regulars,5,3,4,534,1,3,815.9,271.967,0.0,3,471,0.667,0.0
C02679,Lapsed / Hibernating,2,1,1,211,587,1,36.99,36.99,0.0,1,587,1.0,0.0
C02680,New & Promising,4,1,1,411,65,1,28.99,28.99,0.0,1,65,0.0,0.0
C02683,Steady Regulars,4,2,2,422,62,2,252.97,126.485,0.0,2,404,1.0,0.0
C02684,Steady Regulars,4,2,2,422,113,2,137.94,68.97,0.0,3,287,1.0,0.0
C02685,Lapsed / Hibernating,1,1,2,112,1060,1,162.97,162.97,0.0,2,1060,1.0,0.0
C02687,Lapsed / Hibernating,1,2,4,124,712,2,770.93,385.465,0.0,2,791,0.5,0.0
C02688,Champions,4,5,5,455,75,81,18508.34,228.498,0.152,5,1094,0.123,0.128
C02689,Lapsed / Hibernating,2,1,1,211,413,1,14.99,14.99,0.0,1,413,1.0,0.0
C02691,Champions,4,5,5,455,107,12,2758.29,229.858,0.348,7,423,0.167,0.097
C02692,Champions,3,5,5,355,183,25,2752.78,110.111,0.101,6,859,0.84,0.023
C02694,Champions,4,5,5,455,28,25,6075.62,243.025,0.2,7,582,0.24,0.076
C02695,Deal Hunters,3,1,1,311,355,1,11.99,11.99,1.0,1,355,0.0,0.0
C02697,Champions,5,4,4,544,26,10,1310.72,131.072,0.044,4,880,0.1,0.05
C02698,New & Promising,5,1,1,511,3,1,17.99,17.99,0.0,1,3,1.0,0.0
C02701,New & Promising,3,1,1,311,130,1,79.99,79.99,0.0,1,130,1.0,0.0
C02702,Champions,5,4,4,544,10,6,718.97,119.828,0.135,6,782,1.0,0.0
C02703,Champions,5,5,5,555,1,14,3318.72,237.051,0.226,6,236,0.929,0.029
C02704,Lapsed / Hibernating,1,1,3,113,961,1,306.93,306.93,0.0,3,961,1.0,0.0
C02705,Champions,5,5,5,555,1,13,3656.89,281.299,0.151,4,446,1.0,0.15
C02706,Lapsed / Hibernating,1,1,3,113,710,1,316.16,316.16,1.0,1,710,0.0,0.0
C02709,Lapsed / Hibernating,2,1,3,213,613,1,371.96,371.96,0.0,2,613,1.0,0.0
C02710,Lapsed / Hibernating,1,1,3,113,879,1,448.95,448.95,0.0,2,879,1.0,0.0
C02711,Champions,4,4,4,444,111,7,869.97,124.281,0.531,6,922,1.0,0.071
C02712,Steady Regulars,4,2,3,423,30,2,326.97,163.485,0.0,2,488,1.0,0.0
C02713,Lapsed / Hibernating,1,1,1,111,1046,1,11.99,11.99,0.0,1,1046,1.0,0.0
C02714,Steady Regulars,5,3,4,534,11,4,802.29,200.572,0.419,3,167,1.0,0.286
C02715,Lapsed / Hibernating,2,5,5,255,561,14,1901.99,135.856,0.07,7,1090,0.857,0.0
C02717,Deal Hunters,5,1,1,511,10,1,53.68,53.68,0.553,1,10,0.0,0.0
C02718,Lapsed / Hibernating,1,4,4,144,840,8,1049.85,131.231,0.0,4,1079,0.875,0.077
C02720,Lapsed / Hibernating,2,4,4,244,677,9,1705.25,189.472,0.129,7,1096,0.111,0.0
C02721,Steady Regulars,3,2,3,323,140,2,566.39,283.195,0.582,2,209,0.0,0.167
C02723,Champions,3,5,5,355,355,12,1879.64,156.637,0.214,5,938,0.25,0.042
C02725,Lapsed / Hibernating,1,4,4,144,851,6,980.33,163.388,0.022,5,1034,0.167,0.0
C02726,Lapsed / Hibernating,1,3,4,134,766,4,1191.7,297.925,0.391,7,929,1.0,0.25
C02727,Lapsed / Hibernating,1,1,3,113,791,1,358.97,358.97,0.0,1,791,1.0,0.0
C02728,Steady Regulars,3,1,3,313,207,1,643.98,643.98,0.0,1,207,1.0,0.0
C02729,Lapsed / Hibernating,1,1,1,111,1048,1,57.98,57.98,0.0,1,1048,1.0,0.0
C02730,Champions,4,5,5,455,34,29,5080.2,175.179,0.09,7,494,0.138,0.122
C02732,Champions,4,5,5,455,45,36,6962.13,193.392,0.079,7,906,0.944,0.075
C02734,New & Promising,5,1,1,511,6,1,63.96,63.96,0.0,2,6,0.0,0.0
C02735,New & Promising,3,1,2,312,265,1,88.97,88.97,0.0,2,265,1.0,0.0
C02736,New & Promising,3,1,1,311,223,1,35.99,35.99,0.0,1,223,1.0,0.0
C02738,Lapsed / Hibernating,2,1,2,212,407,1,183.99,183.99,0.0,1,407,0.0,0.5
C02739,Lapsed / Hibernating,2,2,2,222,395,2,162.66,81.33,0.125,2,567,0.0,0.25
C02740,Lapsed / Hibernating,2,1,1,211,680,1,9.99,9.99,0.0,1,680,1.0,0.0
C02742,New & Promising,3,1,1,311,179,1,10.99,10.99,0.0,1,179,1.0,0.0
C02743,Champions,5,5,5,555,26,21,4084.02,194.477,0.134,6,1033,0.095,0.045
C02744,Champions,5,4,4,544,12,10,1262.35,126.235,0.231,4,686,1.0,0.05
C02746,Lapsed / Hibernating,2,1,2,212,412,1,136.99,136.99,0.0,1,412,0.0,0.0
C02747,Lapsed / Hibernating,1,3,3,133,1061,3,318.96,106.32,0.0,3,1095,1.0,0.2
C02750,New & Promising,3,1,1,311,315,1,9.99,9.99,0.0,1,315,1.0,0.0
C02751,Deal Hunters,3,1,1,311,241,1,79.88,79.88,0.526,2,241,0.0,0.5
C02752,Lapsed / Hibernating,1,1,1,111,1078,1,44.99,44.99,0.0,1,1078,0.0,0.0
C02753,Lapsed / Hibernating,2,1,1,211,379,1,60.77,60.77,0.174,3,379,1.0,0.333
C02754,Lapsed / Hibernating,2,1,1,211,596,1,71.98,71.98,0.0,1,596,0.0,0.0
C02756,Steady Regulars,4,2,3,423,32,2,565.95,282.975,0.133,2,43,1.0,0.167
C02758,Steady Regulars,4,4,4,444,95,6,854.06,142.343,0.112,5,616,0.167,0.083
C02760,Lapsed / Hibernating,1,2,3,123,729,2,313.98,156.99,0.0,2,759,1.0,0.0
C02761,Champions,4,5,4,454,34,12,1695.07,141.256,0.196,6,505,0.167,0.0
C02763,Lapsed / Hibernating,1,1,2,112,896,1,129.97,129.97,0.0,1,896,0.0,0.0
C02766,Deal Hunters,4,2,3,423,33,2,559.06,279.53,0.567,2,195,1.0,0.0
C02767,Steady Regulars,4,3,4,434,52,3,673.42,224.473,0.039,3,240,0.0,0.25
C02768,New & Promising,3,1,1,311,336,1,17.99,17.99,0.0,1,336,1.0,0.0
C02769,Champions,4,5,5,455,63,20,3522.25,176.112,0.081,7,955,0.95,0.14
C02772,Lapsed / Hibernating,2,2,2,222,555,2,104.77,52.385,0.733,2,658,1.0,0.0
C02773,Lapsed / Hibernating,1,1,2,112,1075,1,248.99,248.99,0.0,1,1075,0.0,0.0
C02776,Lapsed / Hibernating,2,3,2,232,622,3,215.93,71.977,0.0,3,706,0.0,0.0
C02777,Champions,5,5,5,555,8,82,13716.5,167.274,0.323,8,1083,0.902,0.108
C02779,Lapsed / Hibernating,1,2,3,123,981,2,290.94,145.47,0.0,3,1065,0.0,0.0
C02780,Steady Regulars,5,4,3,543,22,8,635.61,79.451,0.248,3,400,1.0,0.143
C02781,Champions,5,4,4,544,3,8,913.05,114.131,0.016,5,915,0.875,0.062
C02783,Steady Regulars,5,3,3,533,3,4,659.42,164.855,0.061,4,347,0.0,0.0
C02784,New & Promising,4,3,2,432,36,3,100.27,33.423,0.202,2,419,1.0,0.0
C02785,Champions,5,5,5,555,22,30,5080.78,169.359,0.086,6,1096,0.933,0.078
C02787,Deal Hunters,3,1,2,312,138,1,133.44,133.44,1.0,1,138,1.0,0.0
C02788,Champions,4,5,5,455,34,31,6100.49,196.79,0.176,8,1055,0.194,0.056
C02790,Steady Regulars,4,4,3,443,34,5,662.03,132.406,0.013,4,425,1.0,0.125
C02791,Lapsed / Hibernating,2,4,4,244,688,5,825.42,165.084,0.043,3,1004,0.8,0.125
C02792,New & Promising,4,3,2,432,95,4,137.95,34.488,0.0,2,454,0.75,0.2
C02793,Steady Regulars,4,2,2,422,108,2,257.96,128.98,0.0,3,184,1.0,0.0
C02796,Champions,5,5,5,555,2,16,3272.4,204.525,0.123,6,267,1.0,0.083
C02797,Champions,4,4,4,444,31,10,1611.57,161.157,0.578,7,936,1.0,0.1
C02798,Deal Hunters,3,1,1,311,356,1,26.39,26.39,1.0,1,356,0.0,0.0
C02799,Lapsed / Hibernating,1,1,2,112,717,1,146.98,146.98,0.109,2,717,1.0,0.0
C02801,Lapsed / Hibernating,1,2,3,123,1089,2,529.33,264.665,0.172,4,1096,0.0,0.167
C02802,Champions,4,5,4,454,55,11,1569.66,142.696,0.062,7,1060,0.364,0.0
C02803,Steady Regulars,5,3,2,532,13,3,258.35,86.117,0.404,2,303,0.333,0.0
C02805,Steady Regulars,5,2,2,522,14,2,199.17,99.585,0.081,3,236,1.0,0.0
C02806,New & Promising,5,1,2,512,23,1,220.99,220.99,0.0,1,23,1.0,0.5
C02807,Lapsed / Hibernating,2,4,4,244,383,5,676.51,135.302,0.116,3,516,0.2,0.222
C02808,Lapsed / Hibernating,1,1,2,112,919,1,185.97,185.97,0.0,1,919,1.0,0.0
C02810,Lapsed / Hibernating,1,5,5,155,838,15,2722.04,181.469,0.121,7,1080,1.0,0.083
C02811,Steady Regulars,4,3,3,433,68,3,530.93,176.977,0.0,5,176,0.667,0.25
C02812,Deal Hunters,3,1,2,312,197,1,223.77,223.77,0.862,2,197,0.0,0.0
C02813,New & Promising,3,1,2,312,262,1,91.99,91.99,0.0,1,262,1.0,0.0
C02814,Lapsed / Hibernating,2,3,3,233,580,2,329.97,164.985,0.0,2,619,1.0,0.25
C02815,Champions,5,5,5,555,17,11,2520.87,229.17,0.221,5,525,0.091,0.107
C02816,Champions,5,5,5,555,18,55,11542.55,209.865,0.068,8,1043,0.945,0.084
C02818,Champions,5,5,4,554,14,12,1466.83,122.236,0.205,4,404,0.0,0.037
C02819,New & Promising,3,1,2,312,318,1,95.99,95.99,0.0,1,318,0.0,0.0
C02820,Lapsed / Hibernating,1,1,1,111,947,1,0.0,0.0,0.0,1,947,1.0,1.0
C02822,Lapsed / Hibernating,1,3,3,133,829,3,437.29,145.763,0.28,4,1081,0.0,0.0
C02823,Champions,4,5,5,455,113,19,3083.61,162.295,0.163,7,1077,0.895,0.103
C02824,Lapsed / Hibernating,1,1,1,111,1073,1,72.98,72.98,0.0,2,1073,0.0,0.0
C02825,Champions,4,5,5,455,33,45,10057.09,223.491,0.056,7,1088,0.911,0.087
C02826,New & Promising,5,3,1,531,19,2,54.16,27.08,0.299,1,207,1.0,0.0
C02828,Champions,5,5,4,554,22,13,1593.14,122.549,0.21,5,979,0.846,0.0
C02831,Champions,5,5,5,555,5,25,4963.95,198.558,0.154,6,360,0.2,0.1
C02832,Steady Regulars,3,4,4,344,266,5,1532.99,306.598,0.014,4,876,1.0,0.0
C02833,Lapsed / Hibernating,2,1,2,212,426,1,199.98,199.98,0.0,1,426,1.0,0.0
C02834,Lapsed / Hibernating,1,1,3,113,1020,1,273.98,273.98,0.0,2,1020,0.0,0.0
C02835,New & Promising,4,1,1,411,120,1,70.99,70.99,0.0,1,120,1.0,0.0
C02837,Lapsed / Hibernating,1,1,1,111,925,1,76.28,76.28,0.554,2,925,1.0,0.0
C02838,Steady Regulars,3,1,2,312,292,1,160.96,160.96,0.0,3,292,1.0,0.25
C02839,Steady Regulars,4,3,3,433,34,2,416.44,208.22,0.429,2,493,1.0,0.0
C02840,Lapsed / Hibernating,2,1,1,211,536,1,33.98,33.98,0.0,1,536,1.0,0.0
C02842,Steady Regulars,3,1,2,312,246,1,215.97,215.97,0.0,1,246,1.0,0.0
C02843,Steady Regulars,4,3,3,433,42,2,419.13,209.565,0.275,4,115,0.0,0.0
C02844,Steady Regulars,3,4,4,344,284,10,1529.93,152.993,0.264,4,827,0.2,0.118
C02845,Steady Regulars,3,4,4,344,360,10,1367.03,136.703,0.013,4,1064,0.8,0.067
C02847,New & Promising,5,1,1,511,15,1,0.0,0.0,0.0,1,15,1.0,1.0
C02848,Steady Regulars,5,3,4,534,24,4,1115.89,278.972,0.021,4,324,0.0,0.0
C02849,Lapsed / Hibernating,1,1,2,112,774,1,148.95,148.95,0.0,4,774,0.0,0.0
C02850,Lapsed / Hibernating,1,3,1,131,750,2,44.58,22.29,0.384,3,1064,0.0,0.333
C02852,Lapsed / Hibernating,2,1,3,213,484,1,350.97,350.97,0.0,2,484,1.0,0.0
C02854,Lapsed / Hibernating,1,1,3,113,835,1,571.97,571.97,0.0,3,835,1.0,0.0
C02855,Lapsed / Hibernating,2,4,3,243,574,5,589.86,117.972,0.0,4,1072,0.2,0.182
C02856,Deal Hunters,3,1,2,312,182,1,153.56,153.56,0.531,2,182,1.0,0.0
C02857,Steady Regulars,3,1,2,312,240,1,106.47,106.47,0.319,2,240,1.0,0.333
C02858,Steady Regulars,4,1,4,414,45,1,699.92,699.92,0.0,4,45,1.0,0.0
C02859,Champions,5,5,5,555,14,25,8640.25,345.61,0.128,6,493,0.92,0.077
C02860,Lapsed / Hibernating,1,3,3,133,978,4,605.91,151.478,0.087,5,1080,0.75,0.167
C02862,Champions,4,4,4,444,62,9,1345.21,149.468,0.292,4,845,0.889,0.125
C02863,Lapsed / Hibernating,1,1,1,111,1094,1,48.99,48.99,0.0,2,1094,0.0,0.5
C02864,Deal Hunters,4,3,1,431,31,2,69.97,34.985,0.7,2,147,1.0,0.0
C02867,Deal Hunters,3,1,2,312,141,1,256.87,256.87,0.774,3,141,0.0,0.0
C02868,Champions,4,5,5,455,92,16,2816.49,176.031,0.059,7,962,0.938,0.097
C02869,Lapsed / Hibernating,1,1,1,111,938,1,21.98,21.98,0.0,2,938,1.0,0.5
C02870,New & Promising,3,1,1,311,258,1,41.99,41.99,0.0,1,258,0.0,0.0
C02872,Steady Regulars,5,3,4,534,12,4,1072.98,268.245,0.238,3,353,1.0,0.111
C02874,Steady Regulars,4,1,3,413,98,1,380.93,380.93,0.0,2,98,1.0,0.0
C02876,Lapsed / Hibernating,2,1,3,213,423,1,394.98,394.98,0.0,2,423,1.0,0.0
C02877,New & Promising,5,1,3,513,8,1,330.77,330.77,0.223,1,8,1.0,0.0
C02878,New & Promising,3,1,2,312,221,1,127.99,127.99,0.0,1,221,0.0,0.0
C02879,Steady Regulars,3,4,4,344,143,6,989.86,164.977,0.0,3,729,0.167,0.083
C02880,Champions,5,3,3,533,2,3,446.6,148.867,0.222,6,117,0.667,0.3
C02881,Steady Regulars,4,4,4,444,66,7,1443.51,206.216,0.041,4,912,0.143,0.059
C02882,Steady Regulars,4,4,4,444,46,7,1317.93,188.276,0.05,2,176,0.857,0.077
C02883,Lapsed / Hibernating,1,1,3,113,1062,1,397.98,397.98,0.0,1,1062,1.0,0.0
C02884,Lapsed / Hibernating,1,1,1,111,846,1,68.97,68.97,0.0,2,846,0.0,0.0
C02885,Lapsed / Hibernating,1,1,2,112,885,1,227.98,227.98,0.0,2,885,1.0,0.0
C02886,Lapsed / Hibernating,1,3,2,132,882,2,104.96,52.48,0.0,2,934,0.0,0.0
C02887,Lapsed / Hibernating,2,1,2,212,396,1,120.38,120.38,1.0,1,396,0.0,0.0
C02888,New & Promising,3,1,1,311,351,1,53.99,53.99,0.0,1,351,1.0,0.0
C02892,Lapsed / Hibernating,1,4,4,144,833,8,1568.78,196.098,0.0,5,1032,0.125,0.143
C02893,Lapsed / Hibernating,2,1,1,211,641,1,18.99,18.99,0.0,2,641,0.0,0.5
C02894,Champions,4,5,4,454,45,15,1320.23,88.015,0.147,5,453,1.0,0.185
C02895,New & Promising,4,1,1,411,80,1,0.0,0.0,0.0,1,80,1.0,1.0
C02896,Lapsed / Hibernating,2,5,5,255,430,13,1985.68,152.745,0.291,5,955,0.923,0.04
C02897,Deal Hunters,4,1,2,412,34,1,137.13,137.13,1.0,4,34,0.0,0.125
C02898,Champions,5,5,5,555,10,21,5262.62,250.601,0.159,8,420,0.095,0.04
C02900,Lapsed / Hibernating,1,1,1,111,834,1,66.97,66.97,0.0,2,834,0.0,0.0
C02902,Champions,4,5,5,455,58,34,6225.09,183.091,0.125,8,1095,0.235,0.047
C02903,Lapsed / Hibernating,2,1,1,211,464,1,23.99,23.99,0.0,1,464,1.0,0.0
C02904,Steady Regulars,5,4,4,544,9,5,916.9,183.38,0.0,2,260,1.0,0.182
C02908,Lapsed / Hibernating,1,1,1,111,709,1,0.0,0.0,1.0,1,709,1.0,1.0
C02909,Champions,5,5,5,555,11,21,2585.72,123.13,0.156,6,891,0.238,0.071
C02910,Steady Regulars,3,1,3,313,185,1,321.99,321.99,0.0,1,185,1.0,0.0
C02911,Champions,3,5,5,355,237,20,4216.06,210.803,0.275,5,676,1.0,0.089
C02913,Steady Regulars,3,3,4,334,137,3,686.95,228.983,0.33,2,382,0.667,0.167
C02914,Champions,4,4,5,445,110,9,1773.46,197.051,0.264,6,736,1.0,0.1
C02915,Lapsed / Hibernating,2,1,2,212,670,1,101.98,101.98,0.0,2,670,0.0,0.0
C02916,Lapsed / Hibernating,1,4,4,144,728,9,1539.5,171.056,0.332,7,1048,0.889,0.136
C02918,Champions,5,4,5,545,25,8,2255.72,281.965,0.214,4,706,0.25,0.0
C02919,Lapsed / Hibernating,1,1,1,111,1079,1,28.99,28.99,0.0,1,1079,1.0,0.0
C02920,Steady Regulars,4,3,3,433,31,2,512.52,256.26,0.216,2,164,1.0,0.0
C02921,New & Promising,4,1,2,412,97,1,87.99,87.99,0.0,1,97,1.0,0.0
C02922,Lapsed / Hibernating,1,3,4,134,718,4,711.51,177.878,0.391,6,864,0.0,0.364
C02923,Lapsed / Hibernating,1,1,2,112,1070,1,142.35,142.35,0.775,2,1070,1.0,0.0
C02925,Lapsed / Hibernating,2,5,4,254,397,13,1602.16,123.243,0.058,7,1006,1.0,0.087
C02926,Steady Regulars,4,3,3,433,40,3,274.94,91.647,0.0,3,967,1.0,0.2
C02927,Steady Regulars,3,3,4,334,168,4,683.5,170.875,0.092,4,339,1.0,0.111
C02928,Lapsed / Hibernating,1,1,2,112,1080,1,260.47,260.47,0.086,2,1080,1.0,0.0
C02929,Steady Regulars,4,1,3,413,91,1,354.94,354.94,0.0,4,91,1.0,0.167
C02930,Steady Regulars,5,4,4,544,19,6,1034.2,172.367,0.068,4,201,1.0,0.0
C02931,Champions,5,5,5,555,2,11,2577.03,234.275,0.231,5,1087,0.182,0.0
C02932,Steady Regulars,3,1,3,313,143,1,426.56,426.56,0.478,3,143,1.0,0.2
C02933,Champions,4,4,4,444,67,8,1182.41,147.801,0.208,5,972,0.125,0.0
C02935,Lapsed / Hibernating,1,1,1,111,826,1,32.99,32.99,0.0,1,826,0.0,0.5
C02936,Steady Regulars,3,4,4,344,355,8,953.65,119.206,0.244,4,1070,0.625,0.0
C02938,Lapsed / Hibernating,1,1,1,111,938,1,78.66,78.66,0.377,3,938,1.0,0.0
C02941,Champions,5,5,5,555,17,27,3757.94,139.183,0.182,8,937,0.926,0.093
C02942,New & Promising,4,1,1,411,103,1,55.98,55.98,0.0,2,103,1.0,0.0
C02943,Lapsed / Hibernating,1,1,2,112,921,1,147.99,147.99,1.0,1,921,0.0,0.0
C02944,Steady Regulars,3,4,5,345,209,9,3156.18,350.687,0.063,4,828,1.0,0.045
C02945,Lapsed / Hibernating,2,4,4,244,633,6,1068.8,178.133,0.0,3,941,0.833,0.0
C02946,Lapsed / Hibernating,2,1,2,212,474,1,183.97,183.97,0.0,3,474,0.0,0.0
C02948,Lapsed / Hibernating,1,1,2,112,974,1,105.08,105.08,0.248,2,974,0.0,0.0
C02949,Steady Regulars,4,3,3,433,71,4,297.94,74.485,0.0,3,250,1.0,0.0
C02950,Champions,4,4,4,444,86,8,1468.81,183.601,0.218,5,530,1.0,0.25
C02951,Steady Regulars,3,3,4,334,205,4,994.89,248.723,0.0,4,1047,0.75,0.0
C02954,Champions,5,4,4,544,3,9,1608.48,178.72,0.066,6,787,0.667,0.0
C02955,Lapsed / Hibernating,1,5,5,155,843,11,2107.31,191.574,0.187,6,1074,0.182,0.083
C02956,Lapsed / Hibernating,2,3,2,232,680,2,123.35,61.675,0.433,4,1073,0.0,0.0
C02958,Lapsed / Hibernating,1,3,2,132,1002,2,117.17,58.585,0.334,2,1090,0.0,0.0
C02959,New & Promising,3,1,1,311,256,1,44.97,44.97,0.0,1,256,0.0,0.0
C02960,Steady Regulars,4,3,2,432,34,2,209.37,104.685,0.374,3,216,1.0,0.0
C02962,Champions,5,5,5,555,17,18,3129.38,173.854,0.181,8,618,0.167,0.065
C02963,New & Promising,5,1,2,512,11,1,106.98,106.98,0.0,2,11,1.0,0.0
C02964,Champions,5,4,4,544,1,5,854.86,170.972,0.319,5,761,1.0,0.0
C02965,Lapsed / Hibernating,2,4,4,244,480,5,839.01,167.802,0.187,6,985,0.2,0.071
C02966,Lapsed / Hibernating,2,1,1,211,629,1,21.99,21.99,0.0,1,629,0.0,0.0
C02967,Steady Regulars,5,3,3,533,20,4,604.93,151.233,0.0,4,225,1.0,0.286
C02968,Champions,5,5,5,555,3,34,6843.03,201.266,0.094,5,468,0.324,0.148
C02969,Lapsed / Hibernating,2,5,5,255,374,15,2167.32,144.488,0.378,7,1092,0.933,0.029
C02970,Steady Regulars,3,1,2,312,338,1,139.98,139.98,0.0,1,338,0.0,0.0
C02971,New & Promising,3,1,2,312,259,1,86.98,86.98,0.0,2,259,0.0,0.0
C02972,Steady Regulars,3,3,4,334,262,2,670.91,335.455,0.04,3,391,1.0,0.0
C02974,Lapsed / Hibernating,2,4,3,243,549,6,554.28,92.38,0.122,5,846,1.0,0.091
C02975,Lapsed / Hibernating,2,3,3,233,369,3,564.96,188.32,0.0,3,607,0.667,0.0
C02976,Lapsed / Hibernating,2,1,4,214,667,1,734.93,734.93,0.0,2,667,1.0,0.0
C02977,Lapsed / Hibernating,2,5,5,255,605,11,3377.87,307.079,0.168,6,1088,0.091,0.074
C02978,Steady Regulars,5,3,3,533,17,2,305.95,152.975,0.0,3,125,0.0,0.0
C02979,Steady Regulars,4,1,3,413,58,1,525.75,525.75,0.14,2,58,0.0,0.0
C02981,Steady Regulars,4,3,3,433,97,2,532.93,266.465,0.0,4,426,1.0,0.0
C02983,Steady Regulars,3,4,3,343,214,5,561.01,112.202,0.391,5,605,0.4,0.222
C02984,Steady Regulars,4,4,4,444,109,7,1329.53,189.933,0.201,3,410,0.429,0.067
C02986,Steady Regulars,3,3,2,332,244,2,209.37,104.685,0.164,3,554,1.0,0.0
C02987,Steady Regulars,3,4,4,344,245,5,666.42,133.284,0.217,4,909,0.8,0.0
C02989,Champions,5,5,5,555,1,22,5298.15,240.825,0.237,4,410,1.0,0.102
C02990,Champions,5,5,5,555,10,68,10010.23,147.209,0.145,8,1087,0.221,0.03
C02992,Champions,4,5,5,455,123,18,2646.79,147.044,0.09,8,812,0.278,0.029
C02994,Lapsed / Hibernating,2,3,4,234,552,3,909.34,303.113,0.323,4,942,0.0,0.0
C02995,Lapsed / Hibernating,2,1,1,211,385,1,18.99,18.99,0.0,2,385,1.0,0.5
C02996,Steady Regulars,3,3,2,332,361,2,157.95,78.975,0.0,4,409,1.0,0.0
C02997,Lapsed / Hibernating,2,1,1,211,399,1,16.77,16.77,1.0,1,399,0.0,0.0
C02998,Lapsed / Hibernating,2,3,2,232,403,3,219.04,73.013,0.105,3,658,0.667,0.167
C02999,Steady Regulars,3,1,2,312,275,1,232.98,232.98,0.0,1,275,1.0,0.0
C03000,Deal Hunters,4,3,1,431,34,2,63.87,31.935,1.0,3,143,0.0,0.333
C03001,Champions,5,4,4,544,23,5,824.48,164.896,0.013,6,596,0.0,0.182
C03002,Lapsed / Hibernating,2,1,1,211,577,1,50.99,50.99,0.0,1,577,0.0,0.0
C03003,Champions,4,5,5,455,50,20,3664.36,183.218,0.093,7,1071,0.95,0.119
C03004,Lapsed / Hibernating,2,1,2,212,389,1,134.09,134.09,1.0,1,389,1.0,0.0
C03006,Lapsed / Hibernating,1,4,3,143,859,7,613.46,87.637,0.226,7,996,0.0,0.083
C03007,Champions,4,5,5,455,42,20,3497.56,174.878,0.101,7,1005,0.05,0.038
C03009,Champions,4,5,5,455,37,15,2567.01,171.134,0.277,6,1067,0.067,0.061
C03010,Steady Regulars,3,3,3,333,222,3,533.93,177.977,0.0,5,355,0.333,0.167
C03011,Champions,5,4,5,545,1,10,2297.21,229.721,0.111,7,582,0.1,0.067
C03012,Steady Regulars,5,3,4,534,14,4,691.37,172.842,0.137,4,931,0.0,0.0
C03013,New & Promising,4,1,2,412,46,1,165.98,165.98,0.0,2,46,1.0,0.5
C03014,New & Promising,3,1,1,311,265,1,64.99,64.99,0.0,2,265,1.0,0.5
C03015,Champions,5,4,4,544,26,6,1438.09,239.682,0.03,5,633,1.0,0.0
C03017,Lapsed / Hibernating,1,3,3,133,938,2,270.95,135.475,0.0,4,992,1.0,0.0
C03018,Champions,4,5,5,455,30,87,13134.79,150.975,0.137,7,1073,0.943,0.123
C03019,Steady Regulars,5,4,4,544,17,5,1142.07,228.414,0.096,4,547,0.2,0.1
C03020,New & Promising,5,1,2,512,9,1,95.98,95.98,0.0,2,9,1.0,0.0
C03021,Steady Regulars,3,1,3,313,255,1,310.97,310.97,0.0,1,255,1.0,0.0
C03022,New & Promising,5,1,1,511,12,1,85.97,85.97,0.419,2,12,1.0,0.0
C03023,Steady Regulars,3,4,4,344,190,6,1306.47,217.745,0.119,4,621,0.833,0.062
C03024,Champions,5,5,5,555,10,16,2717.55,169.847,0.138,6,984,1.0,0.107
C03025,New & Promising,5,1,2,512,26,1,224.97,224.97,0.0,2,26,0.0,0.0
C03026,Deal Hunters,4,3,3,433,32,2,320.56,160.28,0.825,3,118,1.0,0.0
C03027,Lapsed / Hibernating,2,4,4,244,581,9,1384.58,153.842,0.211,5,1089,0.222,0.062
C03028,Lapsed / Hibernating,2,3,3,233,575,3,400.72,133.573,0.037,3,798,0.0,0.125
C03031,New & Promising,4,1,1,411,67,1,28.99,28.99,0.0,1,67,1.0,0.0
C03032,Champions,5,5,4,554,22,14,1429.73,102.124,0.059,6,1043,0.857,0.087
C03033,Lapsed / Hibernating,1,3,1,131,815,2,76.96,38.48,0.0,2,866,1.0,0.2
C03034,Lapsed / Hibernating,2,4,4,244,397,6,1132.74,188.79,0.429,5,881,0.0,0.125
C03037,Lapsed / Hibernating,1,3,2,132,957,2,190.97,95.485,0.0,2,1001,0.0,0.0
C03038,Lapsed / Hibernating,2,1,1,211,472,1,27.99,27.99,0.0,1,472,0.0,0.0
C03039,Champions,4,5,5,455,64,28,6397.11,228.468,0.062,7,1057,0.107,0.06
C03041,Steady Regulars,3,3,3,333,235,3,663.57,221.19,0.012,5,305,0.0,0.0
C03043,Champions,4,5,4,454,29,12,1103.4,91.95,0.644,4,834,0.833,0.095
C03045,New & Promising,4,1,1,411,49,1,72.98,72.98,0.0,2,49,1.0,0.0
C03046,Steady Regulars,3,4,4,344,334,5,803.51,160.702,0.057,5,563,1.0,0.143
C03051,New & Promising,4,1,1,411,71,1,80.98,80.98,0.0,2,71,1.0,0.0
C03052,Deal Hunters,5,1,1,511,14,1,67.18,67.18,1.0,1,14,1.0,0.0
C03054,Champions,5,5,4,554,25,11,1548.66,140.787,0.119,6,741,0.182,0.048
C03056,Deal Hunters,3,3,2,332,343,4,214.87,53.718,0.843,2,863,0.5,0.5
C03058,Steady Regulars,5,3,4,534,14,4,707.35,176.838,0.356,3,129,0.5,0.286
C03059,Deal Hunters,5,1,1,511,16,1,43.99,43.99,1.0,1,16,0.0,0.0
C03063,Steady Regulars,5,3,3,533,21,4,529.91,132.478,0.0,3,204,0.25,0.0
C03066,Lapsed / Hibernating,2,1,3,213,420,1,333.96,333.96,0.0,4,420,0.0,0.0
C03067,Steady Regulars,3,4,4,344,137,6,1207.48,201.247,0.058,6,464,0.167,0.182
C03069,Lapsed / Hibernating,1,1,2,112,809,1,95.54,95.54,0.508,1,809,1.0,0.0
C03072,Lapsed / Hibernating,1,3,3,133,1057,2,351.94,175.97,0.0,4,1086,1.0,0.0
C03073,Champions,5,4,4,544,15,5,843.83,168.766,0.486,5,545,0.4,0.0
C03075,Steady Regulars,3,4,4,344,178,6,1137.86,189.643,0.0,4,408,1.0,0.0
C03076,Lapsed / Hibernating,1,3,2,132,727,2,89.96,44.98,0.0,1,848,0.5,0.0
C03077,New & Promising,4,1,1,411,55,1,69.98,69.98,0.0,1,55,1.0,0.0
C03078,Lapsed / Hibernating,1,3,2,132,1025,3,172.86,57.62,0.03,4,1038,0.667,0.2
C03080,Champions,4,4,4,444,33,9,1069.07,118.786,0.218,4,706,1.0,0.056
C03081,Lapsed / Hibernating,1,1,1,111,1049,1,28.99,28.99,0.0,2,1049,0.0,0.5
C03082,Lapsed / Hibernating,2,4,4,244,670,5,686.63,137.326,0.18,3,937,1.0,0.091
C03084,Champions,5,4,4,544,16,9,1413.92,157.102,0.317,7,702,1.0,0.211
C03085,Steady Regulars,4,3,4,434,75,2,1290.49,645.245,0.072,3,472,1.0,0.0
C03086,Champions,5,5,5,555,14,18,2390.85,132.825,0.123,6,740,0.167,0.056
C03087,Lapsed / Hibernating,2,1,1,211,699,1,54.99,54.99,0.0,1,699,0.0,0.0
C03088,Champions,3,5,5,355,222,16,2562.71,160.169,0.18,8,1076,0.938,0.189
C03089,Champions,3,4,5,345,194,10,2178.28,217.828,0.17,5,1084,0.3,0.111
C03091,Lapsed / Hibernating,2,1,3,213,391,1,362.04,362.04,0.171,3,391,1.0,0.0
C03092,Lapsed / Hibernating,1,3,3,133,801,3,310.94,103.647,0.0,3,1042,0.0,0.167
C03093,Lapsed / Hibernating,1,1,3,113,1055,1,406.97,406.97,0.0,1,1055,1.0,0.0
C03094,Champions,5,5,5,555,2,94,22931.64,243.954,0.091,7,1091,0.17,0.066
C03095,Lapsed / Hibernating,1,3,3,133,837,3,388.94,129.647,0.0,3,915,0.333,0.0
C03096,New & Promising,3,3,1,331,314,2,55.98,27.99,0.0,2,330,0.0,0.0
C03097,Steady Regulars,3,1,2,312,133,1,98.06,98.06,0.399,3,133,0.0,0.0
C03100,Lapsed / Hibernating,2,3,3,233,524,3,399.44,133.147,0.117,3,941,0.0,0.143
C03101,Lapsed / Hibernating,2,3,3,233,570,3,388.92,129.64,0.023,3,1046,1.0,0.0
C03102,Steady Regulars,3,1,2,312,362,1,200.97,200.97,0.0,2,362,1.0,0.0
C03103,Champions,5,5,5,555,5,22,4467.46,203.066,0.108,7,757,1.0,0.044
C03104,Lapsed / Hibernating,1,3,1,131,916,2,51.98,25.99,0.0,2,1041,1.0,0.0
C03105,Lapsed / Hibernating,1,3,3,133,869,2,329.71,164.855,0.371,3,1017,1.0,0.2
C03106,New & Promising,5,1,1,511,16,1,83.58,83.58,0.083,2,16,1.0,0.333
C03107,Champions,4,5,5,455,71,23,4685.74,203.728,0.181,7,805,0.13,0.021
C03108,Lapsed / Hibernating,2,1,3,213,606,1,313.97,313.97,0.0,3,606,0.0,0.0
C03109,Lapsed / Hibernating,2,3,3,233,492,3,558.91,186.303,0.0,3,762,0.0,0.0
C03112,Steady Regulars,3,3,2,332,325,2,195.96,97.98,0.0,3,446,1.0,0.0
C03113,Champions,5,4,5,545,15,10,1844.08,184.408,0.244,5,523,0.1,0.038
C03114,Lapsed / Hibernating,2,5,5,255,454,29,4393.34,151.494,0.112,6,1036,0.862,0.145
C03115,Lapsed / Hibernating,1,1,1,111,1062,1,26.09,26.09,1.0,1,1062,0.0,0.0
C03116,Lapsed / Hibernating,1,3,4,134,927,3,708.89,236.297,0.0,5,1078,0.0,0.0
C03118,Champions,5,5,5,555,12,50,9523.48,190.47,0.107,8,644,0.12,0.063
C03119,Champions,4,4,4,444,72,10,1285.74,128.574,0.022,5,614,1.0,0.25
C03120,New & Promising,5,3,2,532,8,2,220.96,110.48,0.0,2,91,1.0,0.25
C03121,Champions,5,5,5,555,4,40,8835.13,220.878,0.098,8,1090,0.125,0.055
C03122,Champions,5,5,5,555,11,11,2522.76,229.342,0.154,7,945,0.0,0.13
C03124,Lapsed / Hibernating,2,5,5,255,540,21,3125.01,148.81,0.226,5,1075,0.095,0.106
C03125,Steady Regulars,3,1,4,314,249,1,873.95,873.95,0.0,2,249,1.0,0.25
C03126,New & Promising,3,1,1,311,247,1,71.99,71.99,0.0,1,247,0.0,0.0
C03127,Lapsed / Hibernating,1,1,1,111,974,1,61.99,61.99,0.0,1,974,1.0,0.0
C03128,New & Promising,5,1,2,512,6,1,232.98,232.98,0.0,1,6,1.0,0.0
C03129,Lapsed / Hibernating,1,3,3,133,786,3,490.92,163.64,0.0,4,1062,0.333,0.0
C03130,Lapsed / Hibernating,2,5,5,255,412,17,2949.79,173.517,0.062,5,1074,0.059,0.0
C03131,Steady Regulars,3,3,3,333,257,4,527.71,131.928,0.404,4,764,0.0,0.111
C03133,Deal Hunters,3,1,1,311,130,1,70.54,70.54,1.0,1,130,1.0,0.0
C03134,Lapsed / Hibernating,1,1,1,111,855,1,69.99,69.99,0.0,1,855,1.0,0.0
C03135,Steady Regulars,3,3,3,333,148,3,303.25,101.083,0.08,3,461,0.667,0.0
C03136,New & Promising,3,1,1,311,160,1,85.98,85.98,0.0,2,160,0.0,0.0
C03137,Lapsed / Hibernating,1,3,3,133,864,3,338.92,112.973,0.0,4,894,0.0,0.0
C03138,New & Promising,3,1,1,311,253,1,57.99,57.99,0.0,1,253,1.0,0.0
C03143,Champions,5,5,5,555,5,29,6397.36,220.599,0.079,7,586,0.966,0.141
C03145,Steady Regulars,4,3,4,434,31,4,1576.69,394.172,0.106,3,280,0.0,0.111
C03146,Lapsed / Hibernating,1,3,1,131,1039,2,52.97,26.485,0.0,3,1077,0.5,0.333
C03147,Lapsed / Hibernating,2,1,1,211,640,1,79.98,79.98,0.0,1,640,0.0,0.0
C03150,New & Promising,5,1,2,512,11,1,191.96,191.96,0.0,1,11,1.0,0.0
C03151,Champions,5,5,5,555,14,25,3821.53,152.861,0.13,8,973,0.92,0.096
C03152,New & Promising,4,1,2,412,48,1,97.98,97.98,0.0,1,48,1.0,0.0
C03153,New & Promising,4,1,1,411,100,1,54.98,54.98,0.0,2,100,1.0,0.0
C03154,Lapsed / Hibernating,1,3,1,131,761,2,61.97,30.985,0.0,2,1061,0.0,0.0
C03157,Champions,5,5,5,555,5,59,12110.01,205.254,0.119,7,1083,0.119,0.093
C03158,Steady Regulars,4,4,4,444,74,7,794.7,113.529,0.15,4,587,0.857,0.4
C03159,Lapsed / Hibernating,2,1,1,211,515,1,79.98,79.98,0.0,1,515,1.0,0.0
C03161,Steady Regulars,4,1,2,412,117,1,182.96,182.96,0.0,2,117,1.0,0.0
C03162,Lapsed / Hibernating,1,1,2,112,994,1,254.99,254.99,0.0,1,994,0.0,0.0
C03163,Lapsed / Hibernating,1,1,3,113,1054,1,297.98,297.98,0.0,2,1054,0.0,0.333
C03165,Lapsed / Hibernating,1,1,2,112,959,1,188.96,188.96,0.0,3,959,0.0,0.0
C03166,Steady Regulars,4,3,4,434,69,4,986.89,246.722,0.055,3,576,1.0,0.143
C03168,New & Promising,5,1,2,512,7,1,117.97,117.97,0.0,2,7,1.0,0.0
C03170,Lapsed / Hibernating,2,3,3,233,398,4,585.84,146.46,0.211,5,599,0.75,0.0
C03171,New & Promising,5,1,2,512,24,1,158.95,158.95,0.0,2,24,1.0,0.0
C03173,Lapsed / Hibernating,2,1,1,211,690,1,42.98,42.98,0.0,2,690,0.0,0.0
C03174,Steady Regulars,4,3,3,433,38,4,553.3,138.325,0.142,2,489,0.0,0.0
C03175,Steady Regulars,5,3,4,534,13,3,745.88,248.627,0.0,4,212,1.0,0.0
C03176,Deal Hunters,4,3,3,433,38,3,285.78,95.26,0.755,4,845,1.0,0.125
C03177,Steady Regulars,3,1,2,312,252,1,180.97,180.97,0.0,3,252,1.0,0.333
C03178,Champions,3,4,4,344,151,10,1449.03,144.903,0.115,5,1027,0.1,0.05
C03180,Deal Hunters,5,1,2,512,20,1,98.37,98.37,1.0,1,20,1.0,0.0
C03181,Champions,5,4,4,544,19,9,1173.05,130.339,0.097,5,346,0.333,0.0
C03182,Champions,3,5,5,355,129,21,5678.35,270.398,0.145,6,1072,0.143,0.062
C03183,Champions,5,4,5,545,11,10,1919.73,191.973,0.066,4,264,0.4,0.174
C03184,Lapsed / Hibernating,2,1,2,212,574,1,105.98,105.98,0.0,1,574,0.0,0.0
C03187,Deal Hunters,4,1,2,412,34,1,213.47,213.47,1.0,3,34,1.0,0.0
C03189,Lapsed / Hibernating,2,3,2,232,683,3,179.97,59.99,0.0,2,1032,0.0,0.0
C03190,New & Promising,3,1,2,312,253,1,124.99,124.99,0.0,1,253,1.0,0.0
C03194,Steady Regulars,4,3,3,433,28,2,321.95,160.975,0.0,2,54,1.0,0.0
C03196,Steady Regulars,4,3,3,433,31,3,606.65,202.217,0.255,3,834,0.333,0.0
C03197,Lapsed / Hibernating,2,1,2,212,456,1,167.96,167.96,0.0,2,456,1.0,0.25
C03198,Lapsed / Hibernating,2,1,1,211,540,1,52.99,52.99,0.0,1,540,1.0,0.0
C03200,Lapsed / Hibernating,1,4,4,144,747,7,1220.04,174.291,0.161,4,1077,0.0,0.0
C03201,Steady Regulars,3,3,2,332,360,3,244.36,81.453,0.173,3,415,1.0,0.0
C03203,Lapsed / Hibernating,1,3,3,133,997,2,442.68,221.34,0.048,5,1075,1.0,0.143
C03204,Champions,4,5,5,455,81,15,2299.62,153.308,0.179,6,741,0.2,0.129
C03205,Lapsed / Hibernating,2,3,1,231,566,2,67.46,33.73,0.906,2,703,1.0,0.25
C03206,New & Promising,3,1,2,312,152,1,110.17,110.17,0.147,2,152,0.0,0.0
C03208,Lapsed / Hibernating,2,1,2,212,618,1,145.95,145.95,0.0,2,618,0.0,0.25
C03209,Steady Regulars,4,3,3,433,36,4,451.73,112.932,0.066,3,382,0.0,0.167
C03210,Lapsed / Hibernating,2,1,3,213,678,1,291.95,291.95,0.0,3,678,0.0,0.0
C03211,Lapsed / Hibernating,2,4,3,243,670,5,607.5,121.5,0.737,3,923,0.2,0.0
C03212,Steady Regulars,3,1,2,312,268,1,225.97,225.97,0.0,1,268,0.0,0.0
C03214,Champions,3,5,5,355,274,24,2752.65,114.694,0.227,7,1027,1.0,0.077
C03215,Lapsed / Hibernating,1,3,2,132,1002,3,215.94,71.98,0.0,4,1058,1.0,0.0
C03216,Lapsed / Hibernating,2,4,4,244,686,6,1409.45,234.908,0.149,3,1066,1.0,0.0
C03218,Lapsed / Hibernating,1,1,1,111,860,1,21.99,21.99,0.859,2,860,0.0,0.5
C03219,Steady Regulars,4,4,3,443,58,5,532.34,106.468,0.091,4,328,0.8,0.182
C03220,Champions,4,5,5,455,97,13,2162.29,166.33,0.112,4,1095,0.769,0.074
C03222,Lapsed / Hibernating,1,3,4,134,740,3,1098.59,366.197,0.381,4,1090,0.667,0.111
C03223,Lapsed / Hibernating,1,3,2,132,902,2,134.97,67.485,0.0,1,1054,1.0,0.0
C03224,Steady Regulars,4,3,2,432,65,2,147.96,73.98,0.0,3,457,0.5,0.2
C03225,Lapsed / Hibernating,2,3,4,234,496,3,1243.66,414.553,0.142,4,1029,1.0,0.0
C03226,Lapsed / Hibernating,2,5,5,255,383,11,2732.53,248.412,0.268,5,1035,0.0,0.107
C03228,Deal Hunters,4,1,2,412,50,1,126.38,126.38,0.47,2,50,1.0,0.0
C03229,Steady Regulars,3,4,4,344,250,5,1404.81,280.962,0.0,4,609,0.8,0.062
C03230,Champions,5,4,5,545,1,7,1931.43,275.919,0.025,6,581,1.0,0.059
C03231,Champions,5,5,5,555,11,25,2675.08,107.003,0.24,8,638,0.96,0.102
C03233,Steady Regulars,5,3,3,533,15,4,614.96,153.74,0.55,3,288,1.0,0.125
C03234,Champions,5,5,5,555,14,15,2455.58,163.705,0.162,7,1006,0.067,0.057
C03239,Deal Hunters,5,1,2,512,2,1,156.59,156.59,1.0,1,2,1.0,0.0
C03240,Champions,5,5,5,555,9,17,3152.86,185.462,0.09,6,500,0.824,0.0
C03241,New & Promising,4,1,1,411,100,1,0.0,0.0,0.0,1,100,1.0,1.0
C03242,Champions,4,5,4,454,47,15,1664.2,110.947,0.061,4,1039,1.0,0.071
C03243,Champions,5,5,5,555,21,16,2520.55,157.534,0.157,6,432,0.938,0.154
C03244,Lapsed / Hibernating,2,3,2,232,575,2,86.97,43.485,0.0,3,1032,0.0,0.0
C03245,Champions,5,5,5,555,5,22,2488.4,113.109,0.157,6,1070,0.864,0.135
C03248,Lapsed / Hibernating,2,3,4,234,686,4,1060.54,265.135,0.419,5,999,0.75,0.071
C03249,Steady Regulars,4,4,4,444,115,5,1337.4,267.48,0.039,5,511,0.8,0.0
C03250,Lapsed / Hibernating,2,3,3,233,473,2,388.92,194.46,0.0,5,952,0.0,0.143
C03251,Lapsed / Hibernating,1,1,1,111,740,1,0.0,0.0,0.0,1,740,1.0,1.0
C03253,Lapsed / Hibernating,1,3,3,133,934,4,327.74,81.935,0.088,4,1015,0.25,0.0
C03254,Champions,5,4,5,545,18,9,2387.85,265.317,0.0,4,427,0.111,0.0
C03255,Lapsed / Hibernating,2,4,4,244,391,9,1598.7,177.633,0.241,5,664,0.667,0.036
C03256,New & Promising,3,1,1,311,326,1,16.14,16.14,0.157,2,326,1.0,0.5
C03258,New & Promising,4,3,1,431,116,3,76.96,25.653,0.0,4,489,1.0,0.0
C03259,Lapsed / Hibernating,1,3,4,134,1051,3,1036.91,345.637,0.0,3,1086,0.667,0.0
C03264,Lapsed / Hibernating,2,4,4,244,531,7,1429.72,204.246,0.363,5,1085,0.857,0.056
C03265,Steady Regulars,5,3,3,533,12,3,310.95,103.65,0.275,3,228,1.0,0.2
C03267,Champions,5,5,5,555,5,62,11397.55,183.831,0.159,8,1094,0.145,0.048
C03268,New & Promising,4,1,1,411,69,1,0.0,0.0,0.0,1,69,1.0,1.0
C03269,Lapsed / Hibernating,2,3,3,233,700,3,460.12,153.373,0.64,3,824,1.0,0.143
C03271,Champions,4,5,5,455,31,26,5259.98,202.307,0.138,8,990,0.923,0.147
C03273,Deal Hunters,3,1,2,312,237,1,92.63,92.63,1.0,1,237,0.0,0.0
C03276,New & Promising,4,1,1,411,45,1,0.0,0.0,0.0,1,45,1.0,1.0
C03277,Lapsed / Hibernating,2,3,3,233,561,3,454.9,151.633,0.0,2,802,0.0,0.125
C03278,Lapsed / Hibernating,1,3,2,132,1044,2,124.97,62.485,0.0,3,1061,0.0,0.0
C03279,Lapsed / Hibernating,1,1,2,112,1091,1,166.28,166.28,1.0,2,1091,1.0,0.0
C03283,Steady Regulars,3,4,4,344,235,7,1358.29,194.041,0.065,3,949,0.0,0.091
C03284,Champions,4,5,4,454,99,13,1561.64,120.126,0.24,6,392,1.0,0.08
C03285,Lapsed / Hibernating,2,3,2,232,418,2,210.94,105.47,0.0,4,584,1.0,0.0
C03286,Steady Regulars,3,1,3,313,319,1,609.97,609.97,0.0,3,319,1.0,0.0
C03287,Steady Regulars,4,3,4,434,71,4,721.91,180.478,0.0,3,252,1.0,0.0
C03288,Lapsed / Hibernating,1,3,3,133,836,3,426.93,142.31,0.0,4,1092,0.0,0.0
C03289,Champions,5,4,5,545,1,10,2808.58,280.858,0.014,6,190,1.0,0.121
C03291,Lapsed / Hibernating,2,4,5,245,687,7,1926.39,275.199,0.035,5,976,0.0,0.062
C03293,Lapsed / Hibernating,2,1,3,213,682,1,319.98,319.98,0.0,1,682,1.0,0.0
C03294,New & Promising,3,1,2,312,306,1,89.97,89.97,0.0,1,306,1.0,0.0
C03295,Champions,4,4,4,444,29,10,1149.32,114.932,0.007,6,447,0.0,0.111
C03296,New & Promising,3,1,2,312,132,1,87.99,87.99,0.0,1,132,1.0,0.0
C03297,Steady Regulars,4,4,4,444,51,8,1274.02,159.252,0.013,5,205,1.0,0.0
C03300,Steady Regulars,4,1,2,412,65,1,216.95,216.95,0.0,2,65,1.0,0.0
C03301,Lapsed / Hibernating,1,1,1,111,892,1,72.99,72.99,0.0,1,892,1.0,0.0
C03304,Champions,5,5,5,555,2,15,2496.91,166.461,0.146,7,496,0.933,0.085
C03306,Steady Regulars,4,3,4,434,29,4,1318.12,329.53,0.285,3,271,1.0,0.0
C03307,Champions,4,4,5,445,55,9,2182.14,242.46,0.006,6,407,0.111,0.037
C03308,Steady Regulars,4,4,4,444,59,5,1492.75,298.55,0.225,4,306,1.0,0.1
C03310,New & Promising,4,1,1,411,53,1,26.99,26.99,0.0,1,53,1.0,0.0
C03312,Lapsed / Hibernating,1,4,4,144,718,10,1189.78,118.978,0.394,6,1049,0.9,0.053
C03316,Champions,5,4,4,544,6,10,742.46,74.246,0.095,4,457,1.0,0.0
C03319,Champions,3,5,4,354,279,12,1521.07,126.756,0.201,7,1095,0.083,0.0
C03320,Lapsed / Hibernating,1,3,4,134,901,4,704.19,176.048,0.094,4,1080,1.0,0.0
C03321,Lapsed / Hibernating,2,3,3,233,496,3,455.94,151.98,0.263,3,762,1.0,0.0
C03322,Steady Regulars,3,4,4,344,197,10,796.23,79.623,0.064,5,843,1.0,0.125
C03324,Steady Regulars,3,3,2,332,224,2,195.96,97.98,0.0,4,544,0.0,0.0
C03325,Lapsed / Hibernating,2,3,2,232,418,3,179.06,59.687,0.095,3,458,1.0,0.0
C03326,Steady Regulars,4,3,3,433,51,4,563.82,140.955,0.019,3,89,1.0,0.154
C03327,Champions,4,5,5,455,56,17,2996.11,176.242,0.143,3,1045,0.059,0.028
C03328,Champions,5,4,5,545,21,8,1965.71,245.714,0.022,7,503,1.0,0.05
C03329,Champions,4,5,5,455,71,15,1824.78,121.652,0.035,5,1083,0.133,0.04
C03331,Steady Regulars,5,3,3,533,14,2,399.12,199.56,0.234,4,65,1.0,0.143
C03332,Lapsed / Hibernating,1,1,1,111,914,1,47.98,47.98,0.0,1,914,1.0,0.0
C03333,Lapsed / Hibernating,1,1,2,112,944,1,153.97,153.97,0.0,2,944,1.0,0.0
C03334,Lapsed / Hibernating,1,1,1,111,1078,1,70.98,70.98,0.0,2,1078,0.0,0.0
C03335,Champions,5,5,5,555,5,27,4161.66,154.136,0.168,6,1031,0.852,0.103
C03336,New & Promising,3,3,1,331,330,2,68.98,34.49,0.0,2,890,0.5,0.0
C03337,Lapsed / Hibernating,2,4,5,245,598,6,2046.43,341.072,0.026,6,893,0.833,0.235
C03339,Champions,5,5,5,555,10,18,2626.02,145.89,0.052,7,991,0.222,0.027
C03340,Lapsed / Hibernating,2,1,3,213,643,1,379.98,379.98,0.0,1,643,1.0,0.0
C03341,Lapsed / Hibernating,1,1,1,111,773,1,67.87,67.87,1.0,1,773,0.0,0.0
C03342,Champions,5,4,4,544,6,8,966.98,120.872,0.276,7,595,0.875,0.176
C03344,Lapsed / Hibernating,2,4,4,244,703,8,832.28,104.035,0.065,5,1080,1.0,0.167
C03345,Lapsed / Hibernating,2,4,3,243,502,6,518.87,86.478,0.055,5,992,1.0,0.091
C03346,New & Promising,4,1,1,411,67,1,0.0,0.0,0.0,1,67,1.0,1.0
C03349,Lapsed / Hibernating,2,4,4,244,678,9,1654.73,183.859,0.168,6,1094,0.556,0.0
C03350,Champions,4,5,5,455,61,37,7073.28,191.17,0.207,7,1077,0.108,0.131
C03351,Steady Regulars,4,3,3,433,64,2,452.15,226.075,0.076,4,472,0.5,0.0
C03352,Lapsed / Hibernating,2,4,4,244,488,9,1267.92,140.88,0.115,5,986,0.889,0.133
C03353,Steady Regulars,3,3,3,333,362,4,568.67,142.168,0.134,5,423,0.75,0.1
C03354,Steady Regulars,3,3,2,332,145,2,257.37,128.685,0.305,3,180,0.0,0.25
C03355,Lapsed / Hibernating,1,1,1,111,987,1,71.97,71.97,0.0,1,987,0.0,0.0
C03356,Lapsed / Hibernating,2,4,3,243,375,5,429.37,85.874,0.592,3,876,1.0,0.143
C03357,Champions,5,4,5,545,1,10,1836.22,183.622,0.028,6,622,1.0,0.048
C03358,Champions,5,5,5,555,17,50,7113.55,142.271,0.119,7,601,0.16,0.026
C03359,Steady Regulars,4,3,3,433,65,3,497.9,165.967,0.0,4,281,0.667,0.0
C03360,New & Promising,3,1,1,311,314,1,27.99,27.99,0.0,1,314,1.0,0.0
C03361,Lapsed / Hibernating,2,4,3,243,532,5,611.62,122.324,0.227,4,723,0.8,0.091
C03362,New & Promising,4,1,2,412,54,1,86.98,86.98,0.0,1,54,0.0,0.0
C03363,Champions,3,4,3,343,145,8,641.61,80.201,0.35,6,1078,0.25,0.0
C03364,New & Promising,5,1,2,512,3,1,122.98,122.98,0.0,2,3,0.0,0.0
C03365,Lapsed / Hibernating,1,1,1,111,1059,1,47.98,47.98,0.0,1,1059,1.0,0.0
C03368,Steady Regulars,3,3,3,333,147,2,327.95,163.975,0.0,4,406,0.0,0.0
C03369,Champions,4,3,4,434,90,4,1503.02,375.755,0.357,7,974,0.0,0.0
C03370,Champions,5,5,5,555,4,22,3372.16,153.28,0.082,6,401,0.955,0.153
C03371,Steady Regulars,4,4,4,444,91,7,1248.56,178.366,0.016,4,385,0.286,0.1
C03373,Champions,3,5,5,355,145,25,5289.73,211.589,0.097,7,1066,0.16,0.069
C03374,Lapsed / Hibernating,2,1,3,213,459,1,295.96,295.96,0.0,3,459,1.0,0.0
C03375,Champions,5,5,5,555,13,106,23991.96,226.339,0.204,8,1090,0.179,0.142
C03376,Champions,5,5,5,555,13,22,5074.83,230.674,0.086,7,724,0.227,0.054
C03377,Steady Regulars,3,4,3,343,263,5,295.16,59.032,0.389,5,863,1.0,0.2
C03378,Lapsed / Hibernating,1,1,1,111,1056,1,33.98,33.98,0.0,2,1056,1.0,0.0
C03379,Champions,5,5,5,555,5,45,7729.63,171.77,0.196,7,1059,0.867,0.099
C03380,Lapsed / Hibernating,2,5,5,255,621,19,2477.21,130.379,0.088,7,1046,0.158,0.093
C03381,Steady Regulars,3,4,4,344,240,6,814.32,135.72,0.054,5,381,0.667,0.143
C03382,Steady Regulars,3,4,4,344,176,9,1061.43,117.937,0.156,5,924,0.444,0.0
C03383,Steady Regulars,3,3,3,333,208,3,283.96,94.653,0.0,2,1075,1.0,0.0
C03384,Lapsed / Hibernating,1,1,1,111,817,1,59.98,59.98,0.0,2,817,0.0,0.0
C03385,New & Promising,4,1,2,412,49,1,110.97,110.97,0.0,1,49,1.0,0.0
C03386,Champions,4,5,5,455,80,21,4066.6,193.648,0.158,5,1085,0.238,0.068
C03387,Lapsed / Hibernating,1,1,1,111,870,1,64.16,64.16,0.689,2,870,1.0,0.0
C03388,Lapsed / Hibernating,2,4,4,244,511,8,1253.94,156.742,0.183,6,903,0.875,0.158
C03389,Deal Hunters,4,3,3,433,78,2,439.18,219.59,0.615,2,131,1.0,0.333
C03390,Champions,5,5,5,555,21,23,7832.19,340.53,0.176,7,431,0.304,0.095
C03391,Lapsed / Hibernating,2,3,3,233,419,2,303.94,151.97,0.0,3,670,1.0,0.0
C03392,Deal Hunters,3,3,3,333,157,4,482.29,120.573,0.732,4,394,0.75,0.167
C03393,Champions,4,5,5,455,39,19,3574.64,188.139,0.165,6,629,0.053,0.022
C03394,Lapsed / Hibernating,1,3,3,133,1005,4,644.93,161.233,0.0,3,1064,0.0,0.25
C03395,Steady Regulars,4,3,4,434,53,2,682.95,341.475,0.0,2,109,1.0,0.2
C03396,Lapsed / Hibernating,1,1,1,111,887,1,30.59,30.59,1.0,1,887,1.0,0.0
C03397,Lapsed / Hibernating,1,3,2,132,1057,4,147.96,36.99,0.265,4,1091,1.0,0.2
C03398,New & Promising,3,1,1,311,148,1,65.97,65.97,0.0,1,148,0.0,0.0
C03399,Lapsed / Hibernating,1,1,1,111,820,1,37.98,37.98,0.0,2,820,1.0,0.5
C03400,Steady Regulars,5,3,3,533,26,2,364.93,182.465,0.0,3,112,1.0,0.286
C03402,Lapsed / Hibernating,2,3,1,231,534,2,60.37,30.185,0.619,1,724,0.5,0.0
C03404,Champions,5,4,4,544,19,6,1080.59,180.098,0.069,6,313,1.0,0.0
C03406,Lapsed / Hibernating,2,1,1,211,461,1,34.99,34.99,0.0,1,461,0.0,0.0
C03408,Steady Regulars,3,1,3,313,286,1,380.99,380.99,0.0,1,286,1.0,0.0
C03409,Lapsed / Hibernating,2,4,4,244,571,5,1236.8,247.36,0.039,4,1078,0.0,0.0
C03410,Steady Regulars,5,4,3,543,13,6,492.48,82.08,0.103,3,380,1.0,0.2
C03411,New & Promising,3,1,1,311,138,1,63.97,63.97,0.0,3,138,1.0,0.0
C03412,Lapsed / Hibernating,1,3,3,133,786,3,312.92,104.307,0.0,3,933,0.0,0.0
C03413,Lapsed / Hibernating,1,1,4,114,737,1,794.95,794.95,0.0,2,737,0.0,0.0
C03414,Steady Regulars,5,1,4,514,23,1,1148.11,1148.11,0.061,3,23,0.0,0.0
C03417,Lapsed / Hibernating,1,1,3,113,1055,1,455.96,455.96,0.0,3,1055,1.0,0.0
C03419,New & Promising,4,1,1,411,123,1,19.99,19.99,0.0,1,123,0.0,0.0
C03420,New & Promising,5,3,2,532,18,2,144.52,72.26,0.094,2,101,1.0,0.0
C03422,Deal Hunters,5,3,3,533,13,4,602.27,150.568,0.648,3,193,0.25,0.0
C03424,Lapsed / Hibernating,2,1,2,212,559,1,125.97,125.97,0.0,1,559,1.0,0.0
C03425,New & Promising,4,1,1,411,77,1,59.98,59.98,0.0,2,77,1.0,0.0
C03426,New & Promising,3,1,1,311,276,1,69.98,69.98,0.0,2,276,1.0,0.0
C03427,Champions,4,4,4,444,30,8,1438.0,179.75,0.142,6,360,0.125,0.05
C03428,Champions,5,4,4,544,17,10,1297.38,129.738,0.035,4,902,0.2,0.053
C03429,Steady Regulars,3,3,3,333,336,2,335.15,167.575,0.297,1,451,1.0,0.25
C03430,Steady Regulars,5,3,4,534,23,4,953.51,238.378,0.081,4,936,0.0,0.222
C03431,Champions,5,4,5,545,10,10,1719.71,171.971,0.045,6,1001,0.3,0.0
C03432,Lapsed / Hibernating,1,3,3,133,852,2,330.91,165.455,0.0,3,1041,0.0,0.0
C03433,Lapsed / Hibernating,2,1,1,211,399,1,22.39,22.39,1.0,1,399,1.0,0.0
C03434,Lapsed / Hibernating,2,5,5,255,616,12,2382.75,198.562,0.08,6,1032,0.833,0.174
C03435,Lapsed / Hibernating,2,1,1,211,533,1,0.0,0.0,1.0,1,533,1.0,1.0
C03436,Steady Regulars,3,4,4,344,290,6,1503.58,250.597,0.043,6,743,0.167,0.0
C03438,Champions,5,5,5,555,19,20,3949.51,197.476,0.091,7,1077,0.3,0.022
C03439,Deal Hunters,5,3,2,532,18,3,133.14,44.38,0.444,3,481,1.0,0.0
C03442,Champions,4,5,5,455,51,37,7200.51,194.608,0.11,8,1086,0.973,0.133
C03444,Lapsed / Hibernating,1,1,1,111,711,1,0.0,0.0,0.0,1,711,1.0,1.0
C03445,New & Promising,4,1,1,411,79,1,82.98,82.98,0.0,2,79,1.0,0.0
C03448,New & Promising,4,1,1,411,124,1,30.97,30.97,0.0,2,124,0.0,0.333
C03451,Lapsed / Hibernating,1,3,2,132,713,2,207.97,103.985,0.0,3,996,1.0,0.0
C03452,Champions,5,5,5,555,22,35,5377.0,153.629,0.179,7,885,0.886,0.09
C03454,Lapsed / Hibernating,2,1,1,211,518,1,38.99,38.99,0.0,1,518,0.0,0.0
C03457,Champions,3,5,5,355,165,11,1947.85,177.077,0.204,8,1018,0.364,0.107
C03458,Lapsed / Hibernating,2,1,2,212,587,1,86.97,86.97,0.0,1,587,1.0,0.0
C03459,Lapsed / Hibernating,2,3,2,232,578,2,115.98,57.99,0.0,3,639,1.0,0.5
C03460,Champions,5,5,5,555,3,20,1972.49,98.624,0.042,6,888,0.9,0.135
C03461,Lapsed / Hibernating,2,1,1,211,420,1,35.98,35.98,0.0,1,420,0.0,0.0
C03462,Steady Regulars,5,3,4,534,2,4,1276.82,319.205,0.0,4,114,0.25,0.083
C03463,Lapsed / Hibernating,1,3,3,133,924,2,474.97,237.485,0.0,3,950,0.5,0.333
C03464,Champions,4,5,5,455,32,12,2465.8,205.483,0.042,5,945,1.0,0.08
C03466,Steady Regulars,4,4,4,444,101,8,1128.38,141.048,0.152,3,786,1.0,0.062
C03467,Steady Regulars,3,3,2,332,166,3,247.91,82.637,0.0,2,421,1.0,0.0
C03468,Lapsed / Hibernating,2,3,3,233,407,3,508.93,169.643,0.0,4,665,0.333,0.0
C03470,New & Promising,4,1,1,411,49,1,12.99,12.99,0.0,1,49,1.0,0.0
C03471,Lapsed / Hibernating,1,4,4,144,811,5,943.58,188.716,0.193,3,1071,0.6,0.083
C03473,Champions,5,5,5,555,5,34,4420.71,130.021,0.12,8,455,0.941,0.13
C03476,Champions,3,5,5,355,280,18,3093.99,171.888,0.102,7,967,0.944,0.137
C03477,Lapsed / Hibernating,1,3,2,132,798,4,137.94,34.485,0.0,3,1052,0.0,0.286
C03479,Lapsed / Hibernating,2,1,1,211,522,1,27.99,27.99,0.0,1,522,1.0,0.0
C03482,Lapsed / Hibernating,1,3,4,134,823,2,713.15,356.575,0.187,2,871,0.0,0.333
C03484,New & Promising,3,1,1,311,205,1,10.99,10.99,0.0,2,205,1.0,0.5
C03485,Champions,5,5,4,554,12,14,1489.93,106.424,0.164,8,612,0.214,0.2
C03486,Champions,4,4,4,444,49,10,1664.75,166.475,0.0,4,990,0.1,0.0
C03487,Steady Regulars,3,4,5,345,234,9,1973.18,219.242,0.03,5,985,1.0,0.0
C03489,Lapsed / Hibernating,2,1,2,212,518,1,145.95,145.95,0.0,1,518,1.0,0.0
C03491,New & Promising,4,1,2,412,41,1,205.96,205.96,0.0,2,41,1.0,0.0
C03492,Lapsed / Hibernating,1,1,4,114,1012,1,707.96,707.96,0.0,1,1012,0.0,0.0
C03493,New & Promising,4,1,2,412,43,1,111.99,111.99,0.0,1,43,1.0,0.0
C03495,New & Promising,3,3,1,331,147,2,57.98,28.99,0.0,2,301,0.5,0.0
C03496,Lapsed / Hibernating,2,1,1,211,612,1,21.99,21.99,0.0,1,612,0.0,0.0
C03497,Steady Regulars,4,4,3,443,124,9,654.41,72.712,0.169,5,1065,0.111,0.125
C03498,Champions,5,5,5,555,5,18,2990.37,166.132,0.13,4,333,1.0,0.14
C03499,Lapsed / Hibernating,1,3,3,133,928,2,404.56,202.28,0.063,2,977,1.0,0.0
C03500,Lapsed / Hibernating,2,1,2,212,579,1,189.99,189.99,0.0,1,579,1.0,0.0
C03502,Champions,5,5,4,554,11,14,1310.3,93.593,0.293,5,1083,0.857,0.308
C03503,Lapsed / Hibernating,2,1,2,212,400,1,100.06,100.06,1.0,4,400,1.0,0.0
C03505,Steady Regulars,5,4,2,542,12,6,178.95,29.825,0.0,5,645,1.0,0.167
C03507,Deal Hunters,5,1,1,511,22,1,32.79,32.79,1.0,1,22,1.0,0.0
C03509,Steady Regulars,4,3,3,433,56,3,274.94,91.647,0.182,2,350,1.0,0.25
C03510,Lapsed / Hibernating,1,1,1,111,1001,1,48.99,48.99,0.0,1,1001,0.0,0.0
C03511,Deal Hunters,4,3,2,432,33,4,232.77,58.192,0.712,4,377,0.25,0.0
C03512,Lapsed / Hibernating,2,4,4,244,620,6,754.15,125.692,0.158,3,1013,0.167,0.0
C03513,Champions,3,5,5,355,167,18,2788.07,154.893,0.223,5,1046,1.0,0.146
C03514,Champions,4,5,5,455,37,21,3093.56,147.312,0.294,7,468,0.857,0.089
C03515,Steady Regulars,3,4,4,344,141,6,968.1,161.35,0.289,5,911,0.833,0.143
C03516,Lapsed / Hibernating,1,1,2,112,905,1,162.99,162.99,0.0,1,905,1.0,0.0
C03517,Steady Regulars,3,3,2,332,127,2,171.36,85.68,0.294,2,381,1.0,0.0
C03518,Lapsed / Hibernating,2,1,4,214,378,1,677.98,677.98,0.0,1,378,1.0,0.0
C03519,Steady Regulars,3,3,2,332,293,2,174.97,87.485,0.0,1,434,0.5,0.0
C03520,Steady Regulars,3,3,3,333,270,3,574.94,191.647,0.0,2,484,1.0,0.167
C03521,Steady Regulars,5,3,4,534,15,2,922.07,461.035,0.245,2,532,0.5,0.0
C03522,Champions,4,5,5,455,30,16,2652.41,165.776,0.217,7,1027,0.875,0.091
C03523,Champions,4,5,5,455,33,23,3437.44,149.454,0.193,6,1084,0.913,0.098
C03524,Lapsed / Hibernating,1,1,2,112,770,1,116.89,116.89,1.0,1,770,0.0,0.0
C03525,Champions,5,5,5,555,1,39,4921.51,126.193,0.204,8,762,0.128,0.068
C03527,Lapsed / Hibernating,2,3,3,233,648,3,601.95,200.65,0.0,2,761,1.0,0.0
C03528,Lapsed / Hibernating,2,3,1,231,488,2,69.97,34.985,0.0,3,647,0.0,0.25
C03529,Lapsed / Hibernating,2,1,1,211,491,1,49.98,49.98,0.0,2,491,1.0,0.0
C03531,Lapsed / Hibernating,2,4,3,243,635,5,416.9,83.38,0.067,4,1004,0.2,0.0
C03532,Steady Regulars,4,3,2,432,84,4,236.91,59.228,0.0,3,275,1.0,0.0
C03533,Steady Regulars,3,4,5,345,341,6,2133.76,355.627,0.0,5,729,0.833,0.0
C03534,Lapsed / Hibernating,2,3,2,232,658,2,101.93,50.965,0.0,5,883,0.5,0.333
C03536,Steady Regulars,4,4,5,445,89,6,2384.57,397.428,0.084,4,1062,0.833,0.077
C03537,New & Promising,4,1,1,411,69,1,76.97,76.97,0.0,2,69,1.0,0.0
C03539,Champions,5,5,5,555,14,12,3963.91,330.326,0.077,6,663,0.083,0.0
C03541,Lapsed / Hibernating,2,4,4,244,412,7,798.71,114.101,0.084,6,1072,0.286,0.0
C03542,Deal Hunters,3,1,1,311,352,1,52.78,52.78,1.0,1,352,1.0,0.0
C03544,Lapsed / Hibernating,1,3,3,133,1041,3,324.88,108.293,0.0,4,1057,0.333,0.0
C03545,New & Promising,5,1,1,511,2,1,71.99,71.99,0.0,1,2,1.0,0.0
C03546,Steady Regulars,3,4,4,344,348,8,1027.4,128.425,0.046,6,756,1.0,0.118
C03547,Lapsed / Hibernating,2,3,3,233,646,3,333.19,111.063,1.0,2,811,0.667,0.0
C03548,New & Promising,3,3,1,331,308,2,63.98,31.99,0.0,2,627,1.0,0.333
C03550,Deal Hunters,5,3,2,532,18,4,98.96,24.74,0.58,3,203,1.0,0.4
C03552,Champions,5,5,5,555,11,31,7252.12,233.939,0.044,7,1000,0.258,0.111
C03554,Champions,5,5,5,555,1,29,3934.81,135.683,0.235,6,585,0.931,0.097
C03556,Champions,5,5,5,555,17,12,2499.97,208.331,0.047,7,317,0.917,0.036
C03558,Lapsed / Hibernating,1,1,1,111,1036,1,60.98,60.98,0.0,2,1036,1.0,0.0
C03559,Lapsed / Hibernating,2,3,2,232,379,2,88.85,44.425,0.627,3,400,1.0,0.4
C03560,Lapsed / Hibernating,1,4,5,145,770,8,2048.88,256.11,0.36,5,1034,0.5,0.067
C03561,Steady Regulars,5,3,4,534,9,2,668.9,334.45,0.0,4,96,1.0,0.0
C03562,New & Promising,5,3,1,531,18,2,66.76,33.38,0.255,2,220,0.0,0.333
C03563,Steady Regulars,4,3,3,433,36,4,618.58,154.645,0.171,4,67,1.0,0.0
C03564,Lapsed / Hibernating,1,1,1,111,1001,1,23.99,23.99,0.0,2,1001,0.0,0.5
C03565,Champions,4,5,4,454,38,11,1545.59,140.508,0.11,6,586,0.182,0.2
C03566,Champions,5,5,5,555,19,47,8094.09,172.215,0.219,6,1027,0.915,0.102
C03567,Lapsed / Hibernating,2,1,2,212,499,1,90.99,90.99,0.0,1,499,1.0,0.0
C03569,Lapsed / Hibernating,1,5,5,155,796,18,2578.92,143.273,0.142,8,1094,0.889,0.114
C03570,Lapsed / Hibernating,1,1,1,111,1056,1,53.09,53.09,1.0,1,1056,1.0,0.0
C03572,Lapsed / Hibernating,2,5,5,255,695,14,2767.17,197.655,0.018,8,1086,1.0,0.121
C03573,Steady Regulars,3,4,3,343,125,6,384.89,64.148,0.072,5,920,0.0,0.167
C03574,Champions,5,4,4,544,8,7,677.07,96.724,0.235,6,704,0.714,0.083
C03575,Steady Regulars,5,3,3,533,16,3,513.86,171.287,0.039,3,155,1.0,0.2
C03576,Champions,5,5,5,555,6,27,6555.86,242.81,0.122,7,714,0.444,0.015
C03577,Lapsed / Hibernating,2,1,3,213,420,1,342.97,342.97,0.0,1,420,1.0,0.0
C03580,Lapsed / Hibernating,2,4,4,244,619,5,939.85,187.97,0.0,3,1044,0.0,0.0
C03582,Lapsed / Hibernating,1,3,4,134,969,2,674.44,337.22,0.22,4,1014,1.0,0.0
C03583,Steady Regulars,3,1,3,313,246,1,329.82,329.82,0.085,2,246,0.0,0.0
C03585,Champions,4,4,4,444,85,8,1350.97,168.871,0.068,6,765,0.75,0.056
C03586,Lapsed / Hibernating,1,1,3,113,848,1,312.97,312.97,0.0,2,848,0.0,0.0
C03587,Deal Hunters,4,1,2,412,36,1,212.78,212.78,1.0,1,36,1.0,0.0
C03588,Champions,5,5,5,555,1,58,8444.16,145.589,0.089,8,1079,0.931,0.05
C03590,Lapsed / Hibernating,1,4,4,144,768,10,1509.69,150.969,0.487,5,1068,0.9,0.059
C03591,Steady Regulars,3,1,3,313,177,1,339.96,339.96,0.0,2,177,0.0,0.0
C03592,Steady Regulars,4,4,3,443,36,6,390.68,65.113,0.372,5,400,1.0,0.1
C03595,Steady Regulars,3,3,3,333,202,4,297.43,74.357,0.108,5,605,1.0,0.25
C03601,Lapsed / Hibernating,1,1,2,112,912,1,133.99,133.99,0.0,1,912,1.0,0.0
C03602,Steady Regulars,5,4,3,543,8,6,469.49,78.248,0.077,3,311,0.167,0.222
C03603,Lapsed / Hibernating,2,1,1,211,465,1,60.99,60.99,0.0,2,465,1.0,0.5
C03606,Champions,5,4,3,543,6,7,586.91,83.844,0.0,4,542,0.429,0.222
C03609,Lapsed / Hibernating,1,1,3,113,709,1,465.64,465.64,0.605,3,709,1.0,0.0
C03610,Lapsed / Hibernating,2,3,3,233,401,3,275.73,91.91,0.601,3,755,1.0,0.0
C03611,Lapsed / Hibernating,1,3,3,133,792,2,608.94,304.47,0.0,4,913,1.0,0.167
C03612,Steady Regulars,4,3,4,434,33,4,1321.86,330.465,0.208,3,90,0.75,0.083
C03613,Lapsed / Hibernating,2,4,4,244,653,5,745.38,149.076,0.026,3,1080,0.4,0.0
C03614,Lapsed / Hibernating,2,4,4,244,572,8,1317.83,164.729,0.064,5,767,1.0,0.176
C03615,Champions,5,5,5,555,20,31,6462.41,208.465,0.169,7,1086,0.161,0.053
C03616,New & Promising,3,1,1,311,281,1,61.99,61.99,0.0,1,281,0.0,0.0
C03617,Champions,5,5,5,555,1,32,4850.9,151.591,0.18,7,1038,0.875,0.026
C03618,Lapsed / Hibernating,2,1,2,212,602,1,146.18,146.18,0.93,2,602,1.0,0.333
C03619,New & Promising,4,1,1,411,108,1,85.97,85.97,0.0,2,108,1.0,0.0
C03620,Champions,5,5,5,555,4,30,2765.48,92.183,0.055,7,779,0.967,0.019
C03621,Lapsed / Hibernating,2,1,1,211,386,1,15.19,15.19,1.0,1,386,1.0,0.0
C03622,Champions,4,5,5,455,34,17,2226.62,130.978,0.059,8,993,0.176,0.021
C03624,Champions,3,5,5,355,192,39,8506.34,218.111,0.164,8,1076,0.154,0.057
C03625,Deal Hunters,3,1,1,311,357,1,0.0,0.0,1.0,1,357,1.0,1.0
C03626,New & Promising,3,1,1,311,213,1,17.99,17.99,0.0,1,213,1.0,0.0
C03632,New & Promising,3,3,2,332,185,2,89.97,44.985,0.0,1,207,1.0,0.0
C03633,Lapsed / Hibernating,1,3,3,133,762,3,609.5,203.167,0.138,5,1041,0.333,0.125
C03634,Champions,4,4,4,444,38,8,1525.23,190.654,0.296,6,456,0.25,0.067
C03635,Steady Regulars,5,4,3,543,12,5,417.87,83.574,0.0,2,343,0.2,0.0
C03636,Lapsed / Hibernating,1,1,3,113,1031,1,341.97,341.97,0.0,1,1031,0.0,0.0
C03637,Steady Regulars,3,4,3,343,180,5,308.4,61.68,0.365,3,660,0.8,0.0
C03638,Lapsed / Hibernating,1,1,1,111,938,1,55.99,55.99,0.0,1,938,0.0,0.0
C03640,New & Promising,3,1,1,311,157,1,55.99,55.99,0.0,1,157,1.0,0.0
C03641,Steady Regulars,3,4,4,344,234,5,969.67,193.934,0.538,4,440,0.4,0.111
C03643,Steady Regulars,4,3,3,433,53,2,313.93,156.965,0.0,2,93,1.0,0.0
C03646,Lapsed / Hibernating,2,5,5,255,421,11,2131.89,193.808,0.095,8,879,0.0,0.083
C03650,Champions,4,5,5,455,102,26,3757.26,144.51,0.171,7,1048,0.923,0.051
C03651,Lapsed / Hibernating,1,4,4,144,1013,5,979.99,195.998,0.043,4,1085,1.0,0.0
C03652,New & Promising,4,3,2,432,111,2,105.46,52.73,0.213,2,293,0.0,0.0
C03654,Steady Regulars,5,4,4,544,12,5,919.05,183.81,0.11,4,276,0.0,0.0
C03655,Lapsed / Hibernating,1,4,4,144,815,6,1122.49,187.082,0.132,4,1083,0.5,0.067
C03656,Lapsed / Hibernating,1,4,3,143,730,8,466.34,58.293,0.185,4,1043,0.375,0.2
C03657,New & Promising,4,3,1,431,92,2,59.96,29.98,0.0,2,316,0.0,0.5
C03658,Lapsed / Hibernating,1,3,3,133,730,3,525.1,175.033,0.177,5,973,0.0,0.1
C03659,New & Promising,5,3,2,532,16,3,197.95,65.983,0.0,2,227,1.0,0.2
C03660,Champions,4,5,5,455,68,25,4754.25,190.17,0.19,5,1043,0.12,0.17
C03661,Lapsed / Hibernating,2,1,1,211,549,1,35.19,35.19,1.0,1,549,1.0,0.0
C03662,Steady Regulars,5,3,2,532,4,2,168.95,84.475,0.0,3,232,1.0,0.0
C03663,Champions,5,5,5,555,6,42,8650.6,205.967,0.062,6,466,0.976,0.078
C03664,Steady Regulars,4,1,3,413,52,1,584.93,584.93,0.0,3,52,1.0,0.0
C03665,Steady Regulars,4,3,3,433,31,2,388.53,194.265,0.068,2,52,0.5,0.0
C03667,Lapsed / Hibernating,1,3,4,134,903,3,817.9,272.633,0.0,4,1032,0.0,0.111
C03672,Champions,4,5,5,455,28,16,2128.41,133.026,0.272,6,1096,0.938,0.086
C03673,Deal Hunters,3,1,2,312,199,1,197.96,197.96,0.727,2,199,1.0,0.0
C03674,Lapsed / Hibernating,2,3,1,231,691,2,11.99,5.995,0.609,1,889,1.0,0.5
C03675,Lapsed / Hibernating,1,3,3,133,896,2,366.25,183.125,0.135,4,966,1.0,0.0
C03676,Lapsed / Hibernating,1,1,2,112,868,1,219.28,219.28,1.0,1,868,0.0,0.0
C03677,Lapsed / Hibernating,2,4,3,243,471,5,414.15,82.83,0.38,4,673,0.0,0.0
C03679,Steady Regulars,3,1,2,312,125,1,251.97,251.97,0.0,2,125,1.0,0.0
C03681,New & Promising,4,3,1,431,40,2,61.98,30.99,0.0,2,59,1.0,0.0
C03682,Steady Regulars,4,4,4,444,62,6,1430.86,238.477,0.0,4,1040,0.167,0.0
C03683,Lapsed / Hibernating,1,3,3,133,795,2,311.87,155.935,0.856,2,871,0.0,0.0
C03684,New & Promising,3,1,1,311,150,1,27.99,27.99,0.0,1,150,1.0,0.0
C03686,Champions,3,5,5,355,161,21,3715.58,176.932,0.27,6,1022,0.857,0.1
C03687,Champions,5,5,5,555,20,11,2285.71,207.792,0.237,4,1040,1.0,0.095
C03688,New & Promising,4,1,1,411,87,1,63.99,63.99,0.0,1,87,1.0,0.0
C03689,Champions,4,5,4,454,91,13,1438.08,110.622,0.209,4,1079,0.0,0.087
C03690,Steady Regulars,4,4,5,445,75,6,1900.84,316.807,0.0,5,639,0.167,0.0
C03691,Steady Regulars,5,3,3,533,14,3,601.94,200.647,0.0,3,85,0.0,0.2
C03692,Champions,5,5,5,555,6,16,3255.62,203.476,0.222,6,335,0.938,0.03
C03693,Steady Regulars,3,1,2,312,222,1,199.96,199.96,0.0,2,222,1.0,0.0
C03695,Steady Regulars,3,1,3,313,305,1,415.98,415.98,0.0,2,305,1.0,0.0
C03696,Steady Regulars,3,3,4,334,304,4,760.28,190.07,0.506,6,406,1.0,0.1
C03697,Lapsed / Hibernating,2,3,3,233,469,4,455.06,113.765,0.18,4,874,1.0,0.273
C03698,Steady Regulars,5,4,3,543,25,5,580.33,116.066,0.052,4,416,0.2,0.125
C03700,Lapsed / Hibernating,2,1,1,211,684,1,69.96,69.96,0.0,2,684,1.0,0.0
C03701,Steady Regulars,4,4,3,443,36,6,452.02,75.337,0.189,5,503,0.833,0.125
C03703,Champions,5,5,5,555,1,30,3741.67,124.722,0.209,7,1009,0.133,0.074
C03704,Champions,5,5,5,555,1,15,1806.33,120.422,0.016,7,371,0.933,0.0
C03705,Champions,3,5,5,355,268,17,4552.41,267.789,0.04,3,1096,0.176,0.116
C03707,Steady Regulars,4,3,3,433,114,4,559.19,139.797,0.235,5,763,0.25,0.0
C03708,Lapsed / Hibernating,1,1,2,112,718,1,159.99,159.99,0.0,1,718,1.0,0.0
C03709,Steady Regulars,3,1,2,312,263,1,137.98,137.98,0.0,2,263,0.0,0.0
C03711,Lapsed / Hibernating,1,1,3,113,1049,1,285.96,285.96,0.0,1,1049,0.0,0.0
C03712,Lapsed / Hibernating,1,3,4,134,739,2,929.87,464.935,0.0,4,989,0.0,0.0
C03714,Champions,4,4,4,444,91,7,1409.45,201.35,0.245,6,280,1.0,0.062
C03717,Lapsed / Hibernating,1,1,3,113,825,1,414.96,414.96,0.0,2,825,0.0,0.0
C03718,Champions,4,5,5,455,59,21,3915.21,186.439,0.082,6,1053,0.238,0.095
C03720,Champions,5,5,5,555,4,30,4578.59,152.62,0.124,7,1096,0.067,0.046
C03723,Lapsed / Hibernating,1,3,4,134,746,3,891.59,297.197,0.191,4,970,1.0,0.0
C03724,Champions,5,5,5,555,16,48,7868.77,163.933,0.099,8,1048,0.917,0.094
C03725,Steady Regulars,5,4,2,542,5,6,225.91,37.652,0.026,4,388,1.0,0.417
C03726,Lapsed / Hibernating,1,1,1,111,824,1,84.99,84.99,0.0,1,824,0.0,0.0
C03727,Lapsed / Hibernating,2,3,3,233,555,3,520.92,173.64,0.0,4,942,1.0,0.0
C03728,Steady Regulars,3,3,4,334,354,4,864.84,216.21,0.381,3,670,1.0,0.0
C03729,Lapsed / Hibernating,2,1,1,211,696,1,65.99,65.99,0.0,1,696,1.0,0.0
C03732,Steady Regulars,3,3,4,334,228,3,695.25,231.75,0.268,5,304,1.0,0.0
C03733,Steady Regulars,3,4,4,344,243,7,1099.03,157.004,0.071,5,1068,0.143,0.0
C03734,Lapsed / Hibernating,1,3,4,134,949,2,853.96,426.98,0.0,2,981,0.0,0.0
C03735,Champions,4,5,5,455,108,19,4336.9,228.258,0.088,7,1008,0.211,0.091
C03736,Deal Hunters,5,1,2,512,10,1,127.54,127.54,0.734,2,10,1.0,0.0
C03738,Lapsed / Hibernating,1,1,1,111,744,1,14.39,14.39,1.0,1,744,1.0,0.0
C03739,Champions,4,5,5,455,40,16,1976.85,123.553,0.083,5,911,0.188,0.086
C03740,Champions,5,5,5,555,1,25,3954.24,158.17,0.149,7,1064,0.12,0.052
C03742,Lapsed / Hibernating,2,4,4,244,509,6,1491.62,248.603,0.117,5,1081,0.0,0.071
C03743,Lapsed / Hibernating,1,1,1,111,867,1,27.99,27.99,0.0,1,867,1.0,0.5
C03744,Lapsed / Hibernating,2,4,4,244,368,7,1186.44,169.491,0.109,6,1070,0.857,0.0
C03745,Champions,4,4,4,444,73,6,1222.83,203.805,0.0,6,935,1.0,0.067
C03746,Champions,5,5,5,555,15,72,10605.69,147.301,0.188,8,992,0.958,0.105
C03747,Champions,5,5,5,555,12,16,4769.76,298.11,0.114,6,511,0.938,0.133
C03749,Lapsed / Hibernating,1,1,1,111,922,1,32.79,32.79,0.325,2,922,0.0,0.5
C03751,New & Promising,3,1,1,311,174,1,27.99,27.99,0.0,2,174,1.0,0.5
C03752,Steady Regulars,5,3,2,532,25,4,228.3,57.075,0.426,3,831,1.0,0.182
C03753,New & Promising,3,1,1,311,159,1,81.99,81.99,0.0,1,159,1.0,0.0
C03754,Lapsed / Hibernating,2,4,4,244,657,8,721.3,90.162,0.057,5,974,1.0,0.0
C03755,Steady Regulars,3,1,2,312,149,1,163.98,163.98,0.0,1,149,0.0,0.0
C03757,Lapsed / Hibernating,1,1,2,112,904,1,154.98,154.98,0.0,1,904,0.0,0.0
C03759,Lapsed / Hibernating,2,5,5,255,504,39,8738.3,224.059,0.128,7,1089,0.205,0.101
C03761,Steady Regulars,4,4,4,444,93,5,814.82,162.964,0.266,5,644,1.0,0.0
C03762,Steady Regulars,3,1,2,312,325,1,137.97,137.97,0.0,2,325,0.0,0.0
C03763,Champions,5,5,5,555,5,14,4477.01,319.786,0.155,5,265,1.0,0.059
C03765,Steady Regulars,4,3,2,432,101,2,194.91,97.455,0.0,3,275,1.0,0.2
C03766,Lapsed / Hibernating,1,1,2,112,761,1,145.57,145.57,1.0,1,761,1.0,0.0
C03767,Champions,3,5,5,355,200,14,3515.81,251.129,0.256,6,1046,0.429,0.111
C03768,Steady Regulars,3,3,3,333,301,2,325.96,162.98,0.0,3,842,0.5,0.25
C03770,Lapsed / Hibernating,1,1,3,113,1055,1,277.98,277.98,0.0,1,1055,1.0,0.0
C03771,Lapsed / Hibernating,1,1,3,113,973,1,279.54,279.54,0.961,3,973,0.0,0.0
C03772,Champions,4,4,5,445,120,9,2390.15,265.572,0.15,6,670,0.111,0.16
C03775,Lapsed / Hibernating,2,4,4,244,507,5,956.72,191.344,0.095,7,1086,0.2,0.0
C03776,Lapsed / Hibernating,2,4,4,244,661,5,1065.23,213.046,0.452,6,1053,0.2,0.067
C03778,Champions,4,4,4,444,120,9,1453.88,161.542,0.194,7,920,0.0,0.1
C03779,Lapsed / Hibernating,1,1,2,112,981,1,116.99,116.99,0.0,1,981,0.0,0.0
C03782,Lapsed / Hibernating,1,1,2,112,1083,1,127.98,127.98,0.0,1,1083,0.0,0.0
C03784,Steady Regulars,5,4,4,544,12,7,833.06,119.009,0.095,4,238,1.0,0.1
C03785,Lapsed / Hibernating,1,1,3,113,740,1,390.97,390.97,0.0,2,740,1.0,0.0
C03787,Lapsed / Hibernating,2,5,5,255,490,30,5356.4,178.547,0.106,6,1096,0.9,0.104
C03788,Lapsed / Hibernating,1,1,3,113,1049,1,655.95,655.95,0.0,2,1049,0.0,0.0
C03790,Lapsed / Hibernating,2,3,3,233,644,3,319.92,106.64,0.148,5,781,0.333,0.167
C03791,Champions,5,5,5,555,1,59,13927.56,236.06,0.122,7,1035,0.085,0.07
C03792,Lapsed / Hibernating,2,3,2,232,481,3,172.93,57.643,0.0,5,954,0.333,0.0
C03794,Steady Regulars,5,3,3,533,12,3,345.5,115.167,0.389,4,132,0.0,0.0
C03795,Deal Hunters,3,1,2,312,129,1,147.89,147.89,1.0,1,129,0.0,0.0
C03796,Lapsed / Hibernating,1,4,4,144,940,5,696.29,139.258,0.096,6,1075,0.4,0.1
C03797,Lapsed / Hibernating,1,1,1,111,970,1,59.99,59.99,0.0,1,970,0.0,0.0
C03798,Lapsed / Hibernating,1,5,5,155,806,15,3447.57,229.838,0.283,5,1044,0.067,0.167
C03800,Champions,5,5,4,554,14,13,1241.5,95.5,0.055,6,391,0.231,0.138
C03804,Steady Regulars,4,4,3,443,50,5,637.29,127.458,0.097,5,700,0.6,0.091
C03805,Steady Regulars,4,1,3,413,41,1,611.97,611.97,0.0,1,41,1.0,0.0
C03806,Lapsed / Hibernating,2,4,4,244,476,9,1156.61,128.512,0.195,5,962,0.889,0.059
C03807,Steady Regulars,4,3,3,433,38,4,534.53,133.632,0.039,4,525,0.75,0.25
C03809,Lapsed / Hibernating,2,1,3,213,406,1,573.96,573.96,0.0,1,406,1.0,0.0
C03810,Steady Regulars,3,4,4,344,351,8,857.02,107.128,0.068,5,861,0.875,0.062
C03811,Lapsed / Hibernating,2,1,2,212,491,1,139.96,139.96,0.0,1,491,0.0,0.0
C03812,Lapsed / Hibernating,1,3,3,133,757,2,592.46,296.23,0.1,2,870,1.0,0.0
C03813,Steady Regulars,5,3,2,532,20,3,243.04,81.013,0.07,4,595,0.0,0.0
C03814,Champions,5,5,5,555,9,14,2546.1,181.864,0.367,6,313,0.429,0.031
C03815,Lapsed / Hibernating,2,3,3,233,437,2,528.64,264.32,0.295,3,697,0.0,0.0
C03816,Lapsed / Hibernating,2,5,5,255,573,22,3225.16,146.598,0.135,6,1087,0.955,0.119
C03818,New & Promising,4,1,2,412,107,1,94.98,94.98,0.0,2,107,0.0,0.0
C03819,New & Promising,5,1,2,512,3,1,141.97,141.97,0.0,2,3,1.0,0.0
C03820,Lapsed / Hibernating,1,3,2,132,769,2,133.99,66.995,0.295,2,865,1.0,0.5
C03821,Lapsed / Hibernating,2,1,2,212,503,1,165.99,165.99,0.0,1,503,1.0,0.0
C03825,New & Promising,5,1,3,513,10,1,296.26,296.26,0.112,2,10,0.0,0.0
C03826,Steady Regulars,3,3,3,333,158,4,376.41,94.102,0.147,4,567,0.25,0.111
C03827,Steady Regulars,5,4,3,543,22,5,332.61,66.522,0.109,3,220,1.0,0.143
C03828,Lapsed / Hibernating,2,1,1,211,474,1,27.99,27.99,0.0,1,474,1.0,0.0
C03829,Lapsed / Hibernating,2,5,5,255,398,13,3934.3,302.638,0.047,6,734,0.077,0.071
C03831,Lapsed / Hibernating,1,1,2,112,860,1,241.38,241.38,1.0,1,860,1.0,0.0
C03833,Lapsed / Hibernating,2,1,2,212,434,1,173.94,173.94,0.0,3,434,1.0,0.0
C03834,Champions,3,5,5,355,262,17,2355.83,138.578,0.211,5,962,0.118,0.143
C03835,Steady Regulars,5,3,3,533,25,4,492.72,123.18,0.326,4,372,1.0,0.0
C03836,Lapsed / Hibernating,2,4,4,244,559,6,1390.65,231.775,0.129,5,1025,1.0,0.0
C03837,Lapsed / Hibernating,1,1,3,113,912,1,281.56,281.56,1.0,1,912,0.0,0.0
C03838,Champions,3,5,5,355,236,30,3636.17,121.206,0.208,7,1089,0.233,0.125
C03839,Champions,5,5,5,555,16,27,4441.15,164.487,0.137,6,578,1.0,0.19
C03840,Lapsed / Hibernating,1,4,4,144,742,5,1703.85,340.77,0.0,5,1009,0.0,0.091
C03841,New & Promising,4,1,1,411,79,1,19.99,19.99,0.0,1,79,0.0,0.0
C03842,New & Promising,4,1,2,412,44,1,176.97,176.97,0.0,3,44,1.0,0.0
C03844,Champions,5,5,5,555,26,30,5033.17,167.772,0.152,7,762,0.833,0.116
C03845,Steady Regulars,4,3,3,433,111,3,561.51,187.17,0.322,4,191,1.0,0.0
C03847,Steady Regulars,3,3,2,332,239,2,238.96,119.48,0.0,2,505,1.0,0.0
C03848,New & Promising,5,1,1,511,5,1,40.99,40.99,0.0,1,5,0.0,0.0
C03849,New & Promising,4,1,1,411,108,1,25.99,25.99,0.0,1,108,1.0,0.0
C03850,New & Promising,4,1,1,411,54,1,28.99,28.99,0.0,2,54,1.0,0.5
C03851,Lapsed / Hibernating,2,3,2,232,551,3,234.95,78.317,0.0,3,970,0.0,0.0
C03852,Champions,5,5,5,555,13,40,9923.0,248.075,0.084,6,1023,0.975,0.082
C03853,Lapsed / Hibernating,1,1,2,112,921,1,166.96,166.96,0.0,2,921,1.0,0.0
C03854,Champions,4,5,5,455,31,43,8845.29,205.704,0.235,6,1081,0.14,0.096
C03855,Deal Hunters,3,1,2,312,223,1,119.85,119.85,0.608,2,223,1.0,0.0
C03858,Champions,4,4,4,444,32,7,836.43,119.49,0.279,5,595,1.0,0.0
C03861,Champions,5,5,5,555,2,27,7161.78,265.251,0.096,7,285,0.963,0.072
C03862,Champions,4,4,4,444,47,9,1582.73,175.859,0.0,5,540,1.0,0.05
C03863,Deal Hunters,4,1,1,411,29,1,62.38,62.38,1.0,1,29,1.0,0.0
C03865,Lapsed / Hibernating,2,1,1,211,404,1,56.99,56.99,0.0,1,404,1.0,0.0
C03866,Lapsed / Hibernating,2,1,2,212,664,1,144.87,144.87,0.164,2,664,0.0,0.333
C03867,Champions,3,5,5,355,171,15,2277.77,151.851,0.161,7,1021,0.333,0.026
C03870,New & Promising,4,3,2,432,45,2,131.98,65.99,0.0,2,49,1.0,0.333
C03871,Champions,5,5,5,555,5,80,22973.26,287.166,0.174,7,1086,0.9,0.086
C03872,Champions,4,5,5,455,58,13,1964.93,151.148,0.013,5,199,0.923,0.094
C03873,New & Promising,3,1,1,311,178,1,72.99,72.99,0.0,1,178,0.0,0.0
C03874,Champions,4,5,5,455,38,14,3501.95,250.139,0.144,5,1017,0.357,0.094
C03875,Lapsed / Hibernating,1,4,3,143,854,6,384.27,64.045,0.096,4,1091,0.833,0.267
C03876,New & Promising,3,1,1,311,156,1,62.99,62.99,0.0,1,156,1.0,0.0
C03877,Lapsed / Hibernating,2,1,1,211,453,1,11.99,11.99,0.0,1,453,1.0,0.0
C03879,Steady Regulars,3,3,2,332,346,3,223.96,74.653,0.0,3,995,0.667,0.0
C03882,Champions,3,4,5,345,219,7,2510.22,358.603,0.038,6,961,0.286,0.0
C03884,Lapsed / Hibernating,2,4,4,244,685,5,808.92,161.784,0.0,5,1027,0.2,0.0
C03885,Lapsed / Hibernating,2,1,1,211,595,1,78.97,78.97,0.0,2,595,1.0,0.0
C03886,Steady Regulars,3,3,3,333,186,2,348.55,174.275,0.475,2,321,0.0,0.0
C03887,Lapsed / Hibernating,1,1,1,111,1052,1,28.99,28.99,0.0,1,1052,1.0,0.0
C03888,New & Promising,3,3,1,331,143,2,45.98,22.99,0.0,2,160,1.0,0.5
C03889,Steady Regulars,5,3,2,532,9,3,212.44,70.813,0.205,4,283,1.0,0.0
C03893,New & Promising,4,1,1,411,40,1,63.99,63.99,0.0,1,40,1.0,0.0
C03894,Lapsed / Hibernating,2,1,2,212,378,1,225.58,225.58,0.184,2,378,1.0,0.0
C03895,Steady Regulars,3,3,4,334,314,4,727.45,181.862,0.426,2,698,1.0,0.0
C03897,Steady Regulars,3,3,3,333,245,3,562.13,187.377,0.139,2,705,0.667,0.0
C03898,Lapsed / Hibernating,2,1,1,211,676,1,26.99,26.99,0.0,1,676,0.0,0.0
C03899,Champions,4,5,4,454,71,12,1195.75,99.646,0.279,6,1011,0.25,0.115
C03900,Lapsed / Hibernating,1,1,1,111,1093,1,11.99,11.99,1.0,1,1093,0.0,0.0
C03902,Lapsed / Hibernating,2,1,1,211,610,1,25.99,25.99,0.0,1,610,1.0,0.0
C03903,Steady Regulars,3,3,3,333,252,2,458.94,229.47,0.059,2,361,0.0,0.0
C03904,Champions,4,5,5,455,34,29,4673.72,161.163,0.175,7,1081,0.897,0.121
C03905,Lapsed / Hibernating,1,1,1,111,1087,1,78.99,78.99,0.0,1,1087,0.0,0.0
C03906,New & Promising,3,1,2,312,266,1,119.96,119.96,0.0,1,266,1.0,0.0
C03907,Champions,5,5,5,555,10,17,3501.48,205.969,0.045,8,699,0.941,0.133
C03908,Lapsed / Hibernating,2,3,3,233,614,4,369.92,92.48,0.086,4,789,0.25,0.0
C03909,Champions,5,4,4,544,13,8,1385.33,173.166,0.125,7,455,0.875,0.067
C03912,Champions,5,5,5,555,18,56,7863.38,140.418,0.128,7,481,0.893,0.059
C03913,Steady Regulars,5,3,4,534,10,3,716.92,238.973,0.0,2,20,1.0,0.0
C03915,Lapsed / Hibernating,2,1,3,213,536,1,375.94,375.94,0.0,1,536,1.0,0.0
C03918,Steady Regulars,5,3,3,533,2,4,510.89,127.723,0.0,3,470,1.0,0.0
C03921,Lapsed / Hibernating,1,3,3,133,876,4,590.98,147.745,0.105,4,960,0.0,0.0
C03922,New & Promising,3,1,1,311,150,1,41.99,41.99,0.0,1,150,1.0,0.0
C03925,Lapsed / Hibernating,1,3,4,134,769,4,896.5,224.125,0.029,2,1021,1.0,0.091
C03926,Champions,5,5,4,554,12,12,1409.58,117.465,0.611,6,1020,0.083,0.087
C03927,Lapsed / Hibernating,1,3,2,132,735,3,106.97,35.657,0.0,2,1089,1.0,0.25
C03930,Lapsed / Hibernating,2,1,1,211,498,1,61.98,61.98,0.0,1,498,1.0,0.0
C03932,Champions,5,5,5,555,21,28,4569.11,163.182,0.126,6,957,0.107,0.076
C03933,Lapsed / Hibernating,2,1,1,211,638,1,45.99,45.99,0.0,2,638,1.0,0.5
C03936,Steady Regulars,5,4,3,543,20,5,578.92,115.784,0.014,5,635,0.8,0.0
C03937,Champions,5,4,4,544,22,5,1269.6,253.92,0.193,7,410,1.0,0.067
C03938,New & Promising,5,1,1,511,21,1,58.99,58.99,0.0,1,21,0.0,0.0
C03939,Steady Regulars,3,5,4,354,131,12,954.04,79.503,0.058,4,1063,1.0,0.278
C03940,Lapsed / Hibernating,1,1,3,113,809,1,393.97,393.97,0.0,2,809,0.0,0.0
C03943,Lapsed / Hibernating,2,1,1,211,645,1,41.99,41.99,0.0,1,645,1.0,0.0
C03945,Lapsed / Hibernating,2,3,3,233,410,2,467.93,233.965,0.0,4,479,1.0,0.0
C03947,Lapsed / Hibernating,1,3,3,133,882,4,389.54,97.385,0.381,3,1011,1.0,0.143
C03948,Deal Hunters,3,1,2,312,141,1,108.78,108.78,1.0,1,141,0.0,0.0
C03949,Champions,3,4,4,344,150,10,1433.6,143.36,0.317,7,740,1.0,0.0
C03950,Lapsed / Hibernating,2,1,1,211,502,1,60.37,60.37,0.685,2,502,0.0,0.0
C03951,Lapsed / Hibernating,1,1,1,111,872,1,39.96,39.96,0.0,1,872,1.0,0.0
C03953,Steady Regulars,4,1,3,413,123,1,277.95,277.95,0.0,2,123,1.0,0.0
C03955,Steady Regulars,4,3,2,432,34,2,236.35,118.175,0.184,3,385,1.0,0.0
C03956,Champions,5,4,3,543,16,5,506.61,101.322,0.371,5,718,1.0,0.083
C03957,Champions,4,4,5,445,39,10,1900.73,190.073,0.548,7,1079,0.3,0.077
C03959,Lapsed / Hibernating,2,1,2,212,457,1,169.99,169.99,0.0,1,457,0.0,0.0
C03961,Champions,4,5,5,455,33,20,2628.86,131.443,0.119,7,1092,0.2,0.0
C03962,New & Promising,3,3,2,332,284,3,95.95,31.983,0.0,3,793,1.0,0.0
C03964,Lapsed / Hibernating,2,1,1,211,426,1,78.93,78.93,0.0,1,426,0.0,0.0
C03967,Steady Regulars,3,1,3,313,304,1,363.97,363.97,0.0,2,304,0.0,0.0
C03969,Steady Regulars,3,4,4,344,183,7,1627.39,232.484,0.039,4,1092,0.143,0.067
C03970,Champions,4,5,5,455,85,20,4281.63,214.082,0.005,7,1092,0.9,0.024
C03971,Steady Regulars,5,4,4,544,27,6,1380.5,230.083,0.169,4,179,1.0,0.0
C03972,Lapsed / Hibernating,2,1,3,213,488,1,442.96,442.96,0.0,3,488,1.0,0.0
C03973,New & Promising,4,3,2,432,71,2,145.95,72.975,0.0,2,256,1.0,0.0
C03974,New & Promising,3,1,1,311,320,1,45.99,45.99,0.0,1,320,0.0,0.0
C03977,Champions,5,4,4,544,14,7,1542.87,220.41,0.031,5,162,0.857,0.353
C03978,Deal Hunters,5,3,3,533,16,2,432.22,216.11,0.866,4,767,1.0,0.0
C03979,Lapsed / Hibernating,2,1,2,212,430,1,99.99,99.99,0.0,1,430,1.0,0.0
C03980,Lapsed / Hibernating,2,5,5,255,381,19,2664.56,140.24,0.309,4,1093,0.263,0.067
C03985,Lapsed / Hibernating,2,4,4,244,394,6,787.1,131.183,0.111,5,991,0.167,0.111
C03986,Steady Regulars,3,1,2,312,363,1,105.99,105.99,0.0,2,363,0.0,0.5
C03987,Champions,4,4,3,443,31,5,472.58,94.516,0.423,6,516,0.8,0.231
C03988,Lapsed / Hibernating,2,1,1,211,644,1,78.96,78.96,0.494,2,644,0.0,0.0
C03990,Steady Regulars,5,3,3,533,5,3,610.95,203.65,0.0,2,375,1.0,0.0
C03991,Lapsed / Hibernating,2,4,3,243,534,5,310.81,62.162,0.347,3,719,0.8,0.0
C03993,New & Promising,4,1,2,412,96,1,131.98,131.98,0.0,2,96,1.0,0.0
C03994,Steady Regulars,4,1,3,413,119,1,626.92,626.92,0.0,3,119,1.0,0.167
C03995,Champions,4,5,5,455,83,12,2429.01,202.418,0.011,6,492,1.0,0.036
C03996,Lapsed / Hibernating,2,1,2,212,530,1,129.96,129.96,0.0,3,530,1.0,0.0
C03997,Lapsed / Hibernating,1,3,3,133,972,3,564.95,188.317,0.223,5,1060,0.0,0.0
C03998,Steady Regulars,4,4,3,443,90,5,647.92,129.584,0.0,3,627,1.0,0.125
C04000,Lapsed / Hibernating,2,4,5,245,418,10,2020.75,202.075,0.196,5,967,0.9,0.12
C04001,Champions,5,5,5,555,18,91,23181.61,254.743,0.077,7,1079,0.132,0.092
C04002,Lapsed / Hibernating,2,3,2,232,670,2,224.96,112.48,0.0,2,686,1.0,0.25
C04004,Lapsed / Hibernating,1,3,2,132,844,2,242.97,121.485,0.0,2,879,1.0,0.0
C04005,Champions,5,5,5,555,3,26,5078.47,195.326,0.11,6,984,0.154,0.091
C04007,Lapsed / Hibernating,1,3,2,132,1010,2,154.37,77.185,0.31,3,1067,0.5,0.25
C04008,Lapsed / Hibernating,1,3,2,132,936,2,159.93,79.965,0.0,2,1043,0.0,0.25
C04009,New & Promising,4,1,2,412,87,1,113.98,113.98,0.0,2,87,0.0,0.333
C04010,New & Promising,3,1,1,311,318,1,18.99,18.99,0.0,2,318,1.0,0.5
C04011,New & Promising,3,1,1,311,187,1,41.98,41.98,0.0,2,187,1.0,0.0
C04012,Champions,5,4,4,544,23,9,802.88,89.209,0.241,6,435,0.222,0.231
C04014,Champions,5,5,5,555,17,32,6851.97,214.124,0.23,7,1085,0.156,0.077
C04015,Lapsed / Hibernating,2,1,2,212,527,1,204.95,204.95,0.0,3,527,0.0,0.0
C04016,New & Promising,3,1,1,311,221,1,44.99,44.99,0.0,1,221,1.0,0.0
C04017,Steady Regulars,3,3,3,333,362,3,620.93,206.977,0.0,3,1090,0.0,0.0
C04018,Champions,5,5,5,555,21,12,2738.78,228.232,0.0,6,561,0.667,0.143
C04019,Lapsed / Hibernating,2,1,1,211,691,1,21.99,21.99,0.0,1,691,1.0,0.0
C04021,Champions,4,5,5,455,30,20,4048.19,202.41,0.129,5,1095,0.05,0.119
C04022,New & Promising,4,3,2,432,64,3,178.93,59.643,0.0,2,163,1.0,0.0
C04023,New & Promising,4,1,1,411,120,1,76.98,76.98,0.0,3,120,1.0,0.333
C04024,Steady Regulars,4,3,2,432,122,2,196.17,98.085,0.118,3,189,0.5,0.0
C04025,Steady Regulars,3,1,2,312,177,1,145.98,145.98,0.0,2,177,0.0,0.5
C04027,Steady Regulars,3,3,4,334,267,4,853.87,213.468,0.0,5,597,1.0,0.091
C04028,Steady Regulars,3,1,2,312,233,1,264.98,264.98,0.0,2,233,1.0,0.333
C04029,Champions,4,5,4,454,82,13,1598.26,122.943,0.047,6,808,0.154,0.037
C04030,Deal Hunters,4,1,1,411,32,1,0.0,0.0,1.0,1,32,1.0,1.0
C04031,Deal Hunters,5,3,2,532,13,3,168.94,56.313,0.592,2,492,0.0,0.0
C04032,Champions,3,4,5,345,233,9,1858.03,206.448,0.199,6,765,0.111,0.0
C04033,Lapsed / Hibernating,2,4,4,244,627,9,1176.7,130.744,0.055,5,1068,1.0,0.042
C04034,Champions,3,5,5,355,137,12,2996.46,249.705,0.121,6,1056,1.0,0.0
C04037,Lapsed / Hibernating,2,1,3,213,570,1,345.99,345.99,0.0,1,570,0.0,0.0
C04038,Champions,5,4,3,543,1,5,279.92,55.984,0.278,4,238,1.0,0.125
C04039,Steady Regulars,4,4,3,443,61,5,452.11,90.422,0.036,4,306,0.6,0.0
C04040,Champions,5,4,3,543,11,6,531.3,88.55,0.044,5,790,1.0,0.0
C04041,New & Promising,3,1,1,311,251,1,73.28,73.28,0.331,2,251,1.0,0.0
C04043,Lapsed / Hibernating,1,3,2,132,766,2,221.25,110.625,0.06,3,782,0.0,0.0
C04045,Lapsed / Hibernating,2,1,2,212,593,1,103.99,103.99,0.0,1,593,1.0,0.0
C04047,Deal Hunters,4,1,1,411,37,1,86.07,86.07,1.0,1,37,0.0,0.0
C04048,New & Promising,5,1,3,513,5,1,473.98,473.98,0.0,1,5,1.0,0.0
C04049,Champions,5,5,5,555,19,14,2988.47,213.462,0.044,8,312,0.786,0.108
C04050,Steady Regulars,4,4,3,443,34,5,539.85,107.97,0.072,5,601,0.4,0.111
C04051,Lapsed / Hibernating,1,3,3,133,852,3,294.29,98.097,0.725,4,879,0.0,0.0
C04052,Lapsed / Hibernating,1,5,4,154,926,11,902.55,82.05,0.2,6,1087,0.909,0.348
C04054,Champions,5,5,5,555,16,27,4964.99,183.889,0.102,6,1096,0.185,0.089
C04056,Steady Regulars,5,3,3,533,20,4,404.94,101.235,0.342,5,878,1.0,0.143
C04057,Champions,5,4,4,544,17,6,1545.73,257.622,0.483,5,652,0.167,0.176
C04059,Champions,5,5,5,555,12,15,2765.99,184.399,0.158,6,677,0.067,0.031
C04060,Lapsed / Hibernating,1,1,1,111,866,1,49.29,49.29,1.0,1,866,1.0,0.0
C04061,Steady Regulars,3,4,4,344,153,6,1127.03,187.838,0.352,5,1012,0.333,0.133
C04062,Lapsed / Hibernating,1,4,4,144,745,6,926.47,154.412,0.112,5,1050,0.333,0.182
C04063,Lapsed / Hibernating,2,1,1,211,644,1,0.0,0.0,1.0,1,644,1.0,1.0
C04064,Deal Hunters,5,1,1,511,21,1,86.58,86.58,0.665,2,21,1.0,0.0
C04065,Steady Regulars,3,3,3,333,328,2,287.84,143.92,0.159,4,522,0.0,0.0
C04066,Lapsed / Hibernating,1,4,4,144,870,5,802.88,160.576,0.217,3,1091,1.0,0.2
C04067,Lapsed / Hibernating,2,4,4,244,633,9,1130.79,125.643,0.0,5,985,0.333,0.0
C04068,Champions,3,5,5,355,340,16,2726.02,170.376,0.161,5,862,1.0,0.029
C04071,Lapsed / Hibernating,1,3,1,131,1047,2,77.98,38.99,0.0,2,1052,1.0,0.5
C04072,Champions,4,4,4,444,41,10,1533.43,153.343,0.258,6,710,0.0,0.0
C04074,Champions,4,5,5,455,43,11,2568.28,233.48,0.018,8,511,1.0,0.067
C04075,New & Promising,4,1,1,411,89,1,0.0,0.0,0.0,1,89,0.0,1.0
C04078,Lapsed / Hibernating,2,5,5,255,382,19,3671.09,193.215,0.116,7,902,0.895,0.0
C04079,Lapsed / Hibernating,1,1,1,111,777,1,21.99,21.99,0.0,1,777,1.0,0.0
C04080,Lapsed / Hibernating,1,1,1,111,1067,1,47.39,47.39,1.0,1,1067,1.0,0.0
C04081,Lapsed / Hibernating,2,1,4,214,403,1,966.93,966.93,0.0,3,403,1.0,0.0
C04082,Champions,5,5,5,555,12,36,4389.76,121.938,0.083,6,1082,0.222,0.065
C04083,Lapsed / Hibernating,1,1,2,112,724,1,197.98,197.98,0.0,1,724,0.0,0.0
C04084,Champions,5,5,5,555,12,15,2568.5,171.233,0.058,6,795,0.333,0.094
C04085,Champions,5,4,4,544,11,7,1138.39,162.627,0.268,4,552,0.0,0.067
C04086,Lapsed / Hibernating,1,1,1,111,962,1,70.96,70.96,0.0,1,962,1.0,0.0
C04088,Steady Regulars,4,3,4,434,114,3,816.88,272.293,0.0,5,155,1.0,0.0
C04089,Lapsed / Hibernating,2,1,1,211,396,1,7.69,7.69,1.0,1,396,1.0,0.0
C04090,Lapsed / Hibernating,1,1,3,113,1090,1,278.99,278.99,0.0,1,1090,1.0,0.0
C04091,Lapsed / Hibernating,2,1,2,212,382,1,94.38,94.38,1.0,1,382,0.0,0.0
C04093,Lapsed / Hibernating,2,1,1,211,393,1,11.99,11.99,0.0,1,393,1.0,0.0
C04094,Lapsed / Hibernating,1,1,2,112,987,1,198.71,198.71,0.281,4,987,1.0,0.0
C04096,Lapsed / Hibernating,1,1,2,112,1085,1,110.95,110.95,0.0,3,1085,0.0,0.25
C04097,Lapsed / Hibernating,1,1,2,112,951,1,209.96,209.96,0.0,2,951,0.0,0.0
C04099,Champions,5,5,5,555,6,45,6798.02,151.067,0.102,7,997,0.933,0.112
C04100,New & Promising,4,3,1,431,51,2,34.99,17.495,0.0,2,594,1.0,0.5
C04101,Lapsed / Hibernating,1,1,2,112,1019,1,128.56,128.56,0.168,2,1019,0.0,0.0
C04102,Lapsed / Hibernating,1,1,1,111,890,1,16.99,16.99,0.0,1,890,1.0,0.0
C04106,Champions,5,5,5,555,5,73,15720.86,215.354,0.069,7,851,0.904,0.08
C04107,Lapsed / Hibernating,1,4,3,143,830,5,495.86,99.172,0.187,2,1071,0.2,0.2
C04108,Lapsed / Hibernating,1,1,1,111,1057,1,58.99,58.99,0.0,1,1057,1.0,0.0
C04109,Steady Regulars,3,4,4,344,340,9,1131.37,125.708,0.06,3,1031,0.111,0.053
C04110,Steady Regulars,4,4,5,445,76,6,1960.76,326.793,0.0,6,178,0.0,0.05
C04111,Steady Regulars,4,3,4,434,64,4,684.9,171.225,0.0,6,671,1.0,0.0
C04113,Champions,5,5,5,555,11,106,19442.35,183.418,0.132,8,1092,0.896,0.093
C04114,Lapsed / Hibernating,2,3,3,233,449,2,289.28,144.64,0.52,2,588,0.5,0.0
C04115,New & Promising,4,1,1,411,68,1,74.97,74.97,0.0,1,68,0.0,0.0
C04116,Steady Regulars,3,3,3,333,130,2,468.66,234.33,0.354,4,213,0.5,0.0
C04117,Lapsed / Hibernating,1,1,2,112,865,1,248.11,248.11,0.202,2,865,0.0,0.0
C04118,Steady Regulars,3,4,4,344,159,6,876.03,146.005,0.205,6,563,0.833,0.0
C04119,New & Promising,4,1,1,411,53,1,21.58,21.58,0.138,2,53,1.0,0.333
C04120,Lapsed / Hibernating,1,3,3,133,766,2,304.57,152.285,1.0,2,877,1.0,0.0
C04121,Lapsed / Hibernating,1,1,3,113,1025,1,392.97,392.97,0.0,2,1025,0.0,0.0
C04123,Champions,4,4,4,444,83,9,1575.2,175.022,0.294,4,1091,1.0,0.067
C04124,Champions,3,5,5,355,178,37,7443.55,201.177,0.092,6,1081,0.162,0.057
C04125,Steady Regulars,3,3,4,334,197,2,1033.3,516.65,0.057,5,585,1.0,0.0
C04126,New & Promising,3,1,1,311,228,1,0.0,0.0,0.0,1,228,1.0,1.0
C04127,Lapsed / Hibernating,1,1,2,112,817,1,135.99,135.99,0.0,1,817,1.0,0.0
C04128,Champions,3,4,4,344,158,9,1117.36,124.151,0.219,5,1002,0.444,0.118
C04129,New & Promising,5,1,2,512,10,1,137.47,137.47,0.164,3,10,1.0,0.0
C04130,Lapsed / Hibernating,1,1,1,111,1036,1,28.99,28.99,0.0,1,1036,1.0,0.0
C04132,Lapsed / Hibernating,2,1,1,211,412,1,0.0,0.0,0.0,1,412,1.0,1.0
C04134,Lapsed / Hibernating,1,1,3,113,953,1,302.98,302.98,0.0,2,953,1.0,0.0
C04135,New & Promising,5,3,1,531,11,2,49.98,24.99,0.0,2,481,1.0,0.0
C04136,New & Promising,4,1,2,412,61,1,127.98,127.98,0.0,1,61,0.0,0.0
C04137,Lapsed / Hibernating,2,4,4,244,488,5,952.82,190.564,0.0,4,969,1.0,0.0
C04139,Steady Regulars,4,3,4,434,78,4,1574.68,393.67,0.011,4,177,1.0,0.0
C04141,Steady Regulars,4,1,2,412,73,1,199.98,199.98,0.0,2,73,1.0,0.0
C04142,Champions,3,4,5,345,138,10,2458.11,245.811,0.367,4,959,1.0,0.08
C04143,Champions,5,5,5,555,1,31,5696.29,183.751,0.106,7,998,0.161,0.092
C04144,Lapsed / Hibernating,1,1,3,113,828,1,313.98,313.98,0.0,1,828,1.0,0.0
C04145,Lapsed / Hibernating,1,1,2,112,750,1,94.96,94.96,1.0,2,750,1.0,0.0
C04146,New & Promising,4,3,2,432,116,2,173.96,86.98,0.0,2,118,0.5,0.0
C04147,Steady Regulars,4,3,3,433,100,4,608.87,152.217,0.0,7,356,0.75,0.0
C04149,Champions,4,4,3,443,78,6,655.22,109.203,0.054,7,1014,1.0,0.0
C04150,Steady Regulars,4,4,3,443,96,5,608.99,121.798,0.234,5,604,1.0,0.1
C04153,Deal Hunters,3,1,1,311,199,1,53.38,53.38,0.719,2,199,1.0,0.0
C04154,Champions,4,5,5,455,44,11,3444.22,313.111,0.116,4,303,0.091,0.114
C04156,Champions,4,5,5,455,63,19,4084.72,214.985,0.208,6,1018,0.211,0.132
C04157,Champions,3,4,5,345,309,10,2163.34,216.334,0.03,7,858,0.1,0.037
C04160,Steady Regulars,3,3,3,333,171,4,551.93,137.983,0.0,4,561,0.5,0.0
C04161,Lapsed / Hibernating,1,1,2,112,1056,1,142.97,142.97,0.0,2,1056,0.0,0.0
C04162,Lapsed / Hibernating,2,3,3,233,368,4,451.06,112.765,0.557,3,1015,1.0,0.0
C04163,New & Promising,4,1,1,411,43,1,68.98,68.98,0.0,2,43,0.0,0.0
C04165,Champions,3,5,5,355,145,19,2885.11,151.848,0.136,8,713,0.211,0.1
C04167,Lapsed / Hibernating,1,1,1,111,905,1,31.99,31.99,0.0,1,905,1.0,0.0
C04168,Champions,5,5,5,555,20,50,6854.19,137.084,0.096,8,921,0.9,0.089
C04169,Champions,5,4,3,543,6,8,653.85,81.731,0.043,5,698,0.875,0.143
C04171,Lapsed / Hibernating,1,1,2,112,825,1,111.98,111.98,0.0,1,825,1.0,0.0
C04173,Lapsed / Hibernating,2,1,2,212,441,1,88.97,88.97,0.0,3,441,1.0,0.0
C04174,Lapsed / Hibernating,2,3,1,231,651,2,65.98,32.99,0.0,1,1006,0.0,0.0
C04175,Lapsed / Hibernating,2,3,4,234,547,3,753.56,251.187,0.495,4,1068,0.667,0.0
C04178,Lapsed / Hibernating,1,4,4,144,755,7,1059.82,151.403,0.0,5,1041,1.0,0.062
C04180,Steady Regulars,4,4,3,443,44,6,306.86,51.143,0.0,4,174,1.0,0.0
C04182,Lapsed / Hibernating,2,3,2,232,647,4,193.93,48.482,0.0,6,868,1.0,0.0
C04183,Champions,3,5,5,355,208,11,1765.58,160.507,0.178,6,605,0.818,0.105
C04184,Champions,5,5,5,555,15,15,2132.54,142.169,0.138,6,953,0.933,0.056
C04185,Deal Hunters,3,1,1,311,312,1,82.98,82.98,0.539,3,312,0.0,0.333
C04186,Deal Hunters,4,1,1,411,34,1,36.39,36.39,1.0,1,34,1.0,0.0
C04187,New & Promising,3,1,2,312,219,1,91.98,91.98,0.0,2,219,0.0,0.0
C04190,Champions,5,4,5,545,21,10,1745.75,174.575,0.0,3,541,0.9,0.091
C04191,Lapsed / Hibernating,2,1,1,211,562,1,81.98,81.98,0.0,2,562,0.0,0.667
C04192,Champions,5,4,5,545,2,10,2900.43,290.043,0.118,5,920,0.0,0.045
C04194,Lapsed / Hibernating,2,5,5,255,425,15,3559.38,237.292,0.169,6,1041,0.933,0.093
C04195,New & Promising,5,1,3,513,9,1,397.98,397.98,0.0,1,9,1.0,0.0
C04197,Deal Hunters,3,1,2,312,283,1,119.23,119.23,0.774,2,283,0.0,0.0
C04198,Champions,4,5,5,455,120,13,2650.1,203.854,0.173,7,1078,0.846,0.031
C04199,Steady Regulars,3,4,4,344,205,7,1052.78,150.397,0.0,4,317,0.857,0.0
C04201,Champions,3,4,4,344,201,8,973.51,121.689,0.121,7,1091,0.875,0.059
C04202,Lapsed / Hibernating,2,5,5,255,478,16,2443.04,152.69,0.222,5,1080,0.25,0.054
C04203,Lapsed / Hibernating,1,1,1,111,994,1,33.99,33.99,0.0,1,994,0.0,0.0
C04204,Steady Regulars,5,3,3,533,4,4,480.94,120.235,0.0,4,127,0.0,0.444
C04205,Steady Regulars,4,3,3,433,98,4,376.62,94.155,0.412,5,363,0.75,0.1
C04207,Champions,5,5,5,555,11,14,3135.33,223.952,0.084,6,356,1.0,0.1
C04208,Lapsed / Hibernating,2,5,5,255,432,21,5324.63,253.554,0.059,6,1090,0.143,0.038
C04209,Champions,4,5,5,455,90,12,2169.84,180.82,0.384,8,1013,0.667,0.048
C04211,Lapsed / Hibernating,2,1,1,211,458,1,61.98,61.98,0.0,1,458,1.0,0.0
C04212,Lapsed / Hibernating,1,1,1,111,741,1,17.99,17.99,0.0,1,741,1.0,0.0
C04213,Steady Regulars,3,4,5,345,280,9,2244.53,249.392,0.07,5,1020,1.0,0.053
C04214,Steady Regulars,3,3,4,334,210,2,717.96,358.98,0.0,3,224,1.0,0.333
C04215,Lapsed / Hibernating,1,3,3,133,1044,2,482.34,241.17,0.826,3,1091,0.5,0.0
C04217,Steady Regulars,3,1,3,313,298,1,388.97,388.97,0.0,2,298,1.0,0.0
C04218,Lapsed / Hibernating,2,3,3,233,620,3,305.92,101.973,0.127,5,823,1.0,0.25
C04219,Steady Regulars,4,4,3,443,116,6,449.88,74.98,0.267,4,944,1.0,0.2
C04221,Lapsed / Hibernating,1,1,3,113,1079,1,277.98,277.98,0.0,2,1079,0.0,0.0
C04222,Champions,4,5,5,455,30,25,3919.13,156.765,0.082,8,760,0.12,0.057
C04223,Lapsed / Hibernating,1,1,1,111,895,1,11.99,11.99,0.0,1,895,0.0,0.0
C04225,Champions,3,5,5,355,214,42,5191.9,123.617,0.075,8,1067,0.952,0.074
C04226,Champions,4,5,4,454,60,11,1158.13,105.285,0.291,5,668,1.0,0.15
C04228,New & Promising,4,1,2,412,78,1,99.96,99.96,0.0,2,78,0.0,0.0
C04229,New & Promising,3,1,2,312,304,1,95.99,95.99,0.0,1,304,1.0,0.0
C04231,Champions,5,5,5,555,11,15,3062.13,204.142,0.212,7,347,0.267,0.07
C04232,New & Promising,4,1,2,412,65,1,148.98,148.98,0.0,2,65,1.0,0.0
C04233,Lapsed / Hibernating,2,1,2,212,685,1,96.97,96.97,0.0,2,685,0.0,0.25
C04234,Champions,4,5,5,455,109,16,5347.77,334.236,0.057,6,892,0.125,0.017
C04235,Lapsed / Hibernating,1,1,3,113,1090,1,285.96,285.96,0.0,2,1090,1.0,0.0
C04236,Champions,3,5,5,355,286,42,9406.21,223.957,0.119,7,1096,0.31,0.094
C04238,Lapsed / Hibernating,2,1,1,211,381,1,16.79,16.79,1.0,1,381,1.0,0.0
C04240,Steady Regulars,3,4,4,344,250,9,844.64,93.849,0.181,5,958,1.0,0.176
C04241,Lapsed / Hibernating,1,4,4,144,781,6,1708.79,284.798,0.014,5,1089,0.833,0.125
C04244,New & Promising,4,1,2,412,48,1,111.98,111.98,0.0,2,48,1.0,0.0
C04245,Deal Hunters,3,1,1,311,237,1,0.0,0.0,1.0,1,237,0.0,1.0
C04246,Lapsed / Hibernating,2,4,4,244,563,5,1368.19,273.638,0.053,6,859,0.2,0.067
C04248,Steady Regulars,3,4,4,344,140,6,1388.5,231.417,0.098,3,397,1.0,0.0
C04249,Deal Hunters,4,3,1,431,36,2,53.57,26.785,0.496,2,137,1.0,0.0
C04251,Steady Regulars,4,4,4,444,104,5,665.16,133.032,0.25,5,278,0.2,0.2
C04252,Lapsed / Hibernating,2,1,2,212,393,1,96.77,96.77,1.0,1,393,0.0,0.0
C04253,Champions,4,5,5,455,34,14,2305.45,164.675,0.11,7,1061,0.929,0.081
C04254,Lapsed / Hibernating,2,4,4,244,459,9,1175.58,130.62,0.016,7,1023,0.222,0.095
C04255,Lapsed / Hibernating,1,1,3,113,1068,1,573.37,573.37,0.062,2,1068,0.0,0.0
C04257,Lapsed / Hibernating,1,3,2,132,901,2,96.47,48.235,0.617,2,957,0.5,0.0
C04258,Lapsed / Hibernating,2,1,1,211,644,1,55.98,55.98,0.0,2,644,0.0,0.0
C04260,Champions,3,5,5,355,285,14,2291.55,163.682,0.107,6,979,0.0,0.0
C04261,Steady Regulars,3,3,4,334,139,4,668.11,167.028,0.251,3,340,1.0,0.25
C04263,Champions,4,4,4,444,104,10,1424.02,142.402,0.194,5,1025,0.1,0.13
C04265,Champions,4,5,5,455,31,20,2906.93,145.346,0.453,7,575,0.95,0.189
C04268,Lapsed / Hibernating,1,3,2,132,801,2,227.94,113.97,0.0,4,859,0.5,0.333
C04270,Lapsed / Hibernating,2,3,3,233,387,4,451.79,112.947,0.217,3,768,1.0,0.0
C04272,Steady Regulars,4,4,4,444,57,6,1486.85,247.808,0.0,5,633,0.333,0.083
C04273,Champions,5,5,5,555,24,28,4408.36,157.441,0.268,8,952,0.036,0.093
C04274,Lapsed / Hibernating,2,5,5,255,459,20,2935.81,146.79,0.063,7,1095,0.8,0.053
C04276,Deal Hunters,4,1,3,413,32,1,373.06,373.06,1.0,1,32,1.0,0.0
C04277,Champions,5,4,4,544,8,7,1373.74,196.249,0.031,6,282,0.143,0.0
C04278,Champions,4,5,5,455,49,13,1739.55,133.812,0.129,7,1089,1.0,0.136
C04279,Champions,4,5,5,455,106,14,2798.81,199.915,0.126,6,1092,0.286,0.069
C04280,Lapsed / Hibernating,1,1,3,113,1080,1,346.97,346.97,0.0,1,1080,0.0,0.0
C04281,Lapsed / Hibernating,1,3,3,133,964,2,289.95,144.975,0.0,2,982,0.5,0.0
C04282,Champions,5,5,5,555,12,21,5396.1,256.957,0.209,6,955,0.952,0.059
C04283,Steady Regulars,3,4,5,345,319,8,1752.23,219.029,0.017,5,449,0.875,0.0
C04285,New & Promising,5,1,2,512,2,1,104.97,104.97,0.0,1,2,1.0,0.0
C04287,Lapsed / Hibernating,2,5,5,255,516,11,1843.47,167.588,0.363,6,913,0.909,0.167
C04290,Champions,4,4,4,444,41,7,1419.78,202.826,0.404,7,510,1.0,0.0
C04292,New & Promising,3,1,1,311,174,1,17.98,17.98,0.0,1,174,1.0,0.0
C04293,Champions,5,5,5,555,11,15,2885.4,192.36,0.092,8,461,1.0,0.0
C04294,New & Promising,5,1,1,511,20,1,50.97,50.97,0.0,2,20,1.0,0.0
C04295,Champions,5,5,5,555,16,21,3988.1,189.91,0.353,4,473,0.952,0.114
C04298,Lapsed / Hibernating,2,3,1,231,597,2,82.96,41.48,0.0,2,904,0.5,0.0
C04300,Steady Regulars,4,1,4,414,46,1,971.94,971.94,0.0,2,46,1.0,0.167
C04302,New & Promising,3,1,2,312,215,1,122.99,122.99,0.0,1,215,0.0,0.0
C04303,Steady Regulars,3,3,4,334,233,4,883.92,220.98,0.0,3,881,0.0,0.0
C04305,Steady Regulars,3,4,4,344,127,5,1128.49,225.698,0.233,3,398,1.0,0.231
C04306,Steady Regulars,3,3,3,333,353,3,523.15,174.383,0.518,3,560,1.0,0.0
C04307,Champions,5,5,5,555,27,26,4853.72,186.682,0.115,7,1001,0.885,0.036
C04308,Champions,5,5,5,555,20,41,5874.99,143.292,0.098,6,1031,0.927,0.095
C04309,Champions,4,4,4,444,63,6,1484.08,247.347,0.143,7,710,1.0,0.2
C04310,Lapsed / Hibernating,2,4,4,244,375,8,1318.56,164.82,0.112,6,942,0.125,0.056
C04311,Lapsed / Hibernating,1,4,4,144,947,8,1198.1,149.762,0.216,5,1054,0.75,0.05
C04312,New & Promising,3,1,1,311,136,1,0.0,0.0,0.0,1,136,1.0,1.0
C04315,Champions,3,5,5,355,130,25,4550.38,182.015,0.17,6,1024,0.92,0.208
C04317,Deal Hunters,3,1,3,313,137,1,422.57,422.57,0.877,2,137,1.0,0.0
C04319,Lapsed / Hibernating,2,4,3,243,396,5,411.47,82.294,0.48,6,690,1.0,0.2
C04320,New & Promising,4,3,2,432,44,3,158.93,52.977,0.0,4,175,1.0,0.0
C04322,Deal Hunters,5,1,1,511,18,1,46.78,46.78,1.0,1,18,1.0,0.0
C04325,Lapsed / Hibernating,2,4,4,244,422,5,721.89,144.378,0.0,5,725,1.0,0.2
C04327,Lapsed / Hibernating,1,1,1,111,999,1,35.98,35.98,0.0,1,999,1.0,0.0
C04330,Lapsed / Hibernating,2,3,3,233,568,2,530.93,265.465,0.0,3,738,0.5,0.0
C04331,Steady Regulars,5,3,4,534,8,4,1106.49,276.622,0.375,3,42,1.0,0.091
C04332,Steady Regulars,4,4,4,444,84,5,738.66,147.732,0.193,4,144,1.0,0.0
C04333,Champions,5,5,5,555,4,19,5039.65,265.245,0.064,7,449,0.947,0.036
C04334,Steady Regulars,4,3,4,434,53,2,978.4,489.2,0.153,4,132,0.0,0.125
C04336,New & Promising,4,1,1,411,62,1,69.99,69.99,0.0,2,62,1.0,0.5
C04339,Lapsed / Hibernating,1,1,3,113,754,1,337.87,337.87,0.402,2,754,1.0,0.0
C04340,Steady Regulars,3,1,2,312,196,1,264.97,264.97,0.0,1,196,0.0,0.0
C04341,Steady Regulars,3,3,3,333,169,2,395.99,197.995,0.114,3,220,1.0,0.0
C04343,Lapsed / Hibernating,1,1,1,111,1025,1,54.98,54.98,0.0,2,1025,0.0,0.0
C04344,Champions,4,5,5,455,70,15,2933.73,195.582,0.127,7,1090,0.933,0.147
C04346,Lapsed / Hibernating,2,1,2,212,389,1,139.43,139.43,0.692,2,389,0.0,0.333
C04347,Champions,5,5,5,555,6,68,17473.03,256.956,0.137,8,1085,0.868,0.074
C04348,Champions,4,4,4,444,37,5,832.72,166.544,0.115,6,591,1.0,0.0
C04349,Lapsed / Hibernating,1,1,3,113,1074,1,400.36,400.36,0.133,2,1074,1.0,0.0
C04350,New & Promising,5,3,2,532,26,2,147.96,73.98,0.0,3,166,1.0,0.333
C04351,Lapsed / Hibernating,1,3,2,132,766,2,182.98,91.49,0.64,1,923,1.0,0.5
C04353,Steady Regulars,4,4,4,444,33,6,796.72,132.787,0.159,5,425,1.0,0.167
C04354,Steady Regulars,4,4,4,444,75,7,1112.44,158.92,0.039,5,302,1.0,0.133
C04355,New & Promising,4,1,1,411,74,1,0.0,0.0,0.0,1,74,1.0,1.0
C04357,Champions,3,5,5,355,279,19,3483.29,183.331,0.081,6,1024,0.895,0.086
C04358,Steady Regulars,3,3,3,333,350,4,375.41,93.852,0.068,5,956,0.25,0.0
C04359,New & Promising,3,1,1,311,344,1,18.99,18.99,0.0,2,344,0.0,0.5
C04360,Champions,5,5,5,555,4,13,1986.0,152.769,0.077,5,929,0.923,0.136
C04363,Lapsed / Hibernating,2,1,2,212,596,1,210.98,210.98,0.0,2,596,1.0,0.0
C04364,Lapsed / Hibernating,1,1,2,112,767,1,125.25,125.25,1.0,2,767,0.0,0.0
C04366,Lapsed / Hibernating,2,3,3,233,644,4,286.17,71.542,0.605,4,907,0.0,0.0
C04367,Steady Regulars,3,3,3,333,183,2,411.35,205.675,0.313,4,467,1.0,0.2
C04368,Champions,4,4,4,444,53,8,1088.36,136.045,0.16,6,1066,0.375,0.15
C04370,Steady Regulars,3,3,3,333,184,3,555.87,185.29,0.306,5,617,1.0,0.111
C04372,Lapsed / Hibernating,2,1,2,212,590,1,242.96,242.96,0.0,2,590,1.0,0.0
C04374,New & Promising,4,1,1,411,59,1,40.99,40.99,0.0,1,59,1.0,0.0
C04375,Lapsed / Hibernating,2,1,1,211,399,1,33.59,33.59,1.0,1,399,1.0,0.0
C04376,Champions,4,5,5,455,99,20,2787.54,139.377,0.078,6,880,0.25,0.1
C04377,Lapsed / Hibernating,1,1,2,112,932,1,136.98,136.98,0.0,1,932,0.0,0.0
C04378,Champions,5,5,5,555,17,26,4056.22,156.008,0.113,8,644,0.192,0.167
C04379,Lapsed / Hibernating,1,3,4,134,919,4,1023.68,255.92,0.104,5,1069,0.0,0.154
C04380,Steady Regulars,3,3,4,334,364,4,976.9,244.225,0.213,3,813,1.0,0.0
C04381,Lapsed / Hibernating,1,4,4,144,858,9,1641.32,182.369,0.017,3,1076,0.222,0.222
C04382,Lapsed / Hibernating,2,1,1,211,674,1,0.0,0.0,0.0,1,674,1.0,1.0
C04385,New & Promising,3,1,2,312,198,1,125.97,125.97,0.0,1,198,0.0,0.0
C04386,Lapsed / Hibernating,2,4,4,244,387,7,1481.82,211.689,0.0,6,889,0.286,0.0
C04388,Champions,5,5,5,555,1,37,7080.48,191.364,0.167,6,1049,0.162,0.024
C04389,Deal Hunters,5,3,2,532,20,2,91.92,45.96,1.0,2,241,1.0,0.0
C04390,New & Promising,3,1,1,311,361,1,0.0,0.0,0.0,1,361,1.0,1.0
C04391,Lapsed / Hibernating,2,1,2,212,441,1,121.98,121.98,0.0,2,441,1.0,0.5
C04393,Lapsed / Hibernating,2,1,1,211,387,1,78.97,78.97,0.342,2,387,0.0,0.0
C04394,Lapsed / Hibernating,1,1,1,111,874,1,64.98,64.98,0.0,1,874,0.0,0.0
C04395,Lapsed / Hibernating,1,4,4,144,958,8,1016.39,127.049,0.239,7,1089,0.25,0.056
C04397,Champions,5,5,5,555,9,16,1714.37,107.148,0.17,7,988,1.0,0.182
C04398,Champions,5,5,5,555,15,17,2386.06,140.356,0.123,5,356,0.941,0.171
C04399,Steady Regulars,4,1,2,412,93,1,221.99,221.99,0.0,1,93,0.0,0.0
C04400,New & Promising,3,1,2,312,351,1,107.96,107.96,0.0,1,351,0.0,0.0
C04401,Deal Hunters,3,1,1,311,170,1,0.0,0.0,1.0,2,170,1.0,1.0
C04403,Lapsed / Hibernating,1,1,1,111,892,1,39.99,39.99,0.0,1,892,1.0,0.0
C04404,Champions,5,5,5,555,12,13,2826.41,217.416,0.215,7,312,0.077,0.0
C04405,New & Promising,4,1,2,412,84,1,93.99,93.99,0.0,1,84,1.0,0.0
C04406,Champions,5,4,4,544,26,8,1234.09,154.261,0.08,8,1044,0.875,0.1
C04407,Lapsed / Hibernating,1,3,3,133,843,2,531.08,265.54,0.094,4,869,1.0,0.0
C04408,Lapsed / Hibernating,1,1,1,111,777,1,74.97,74.97,0.0,1,777,0.0,0.0
C04409,Lapsed / Hibernating,2,3,4,234,451,3,781.92,260.64,0.0,4,860,0.333,0.0
C04410,New & Promising,5,1,1,511,17,1,37.99,37.99,0.0,1,17,0.0,0.0
C04413,Steady Regulars,5,3,3,533,15,4,498.93,124.732,0.113,4,335,0.75,0.167
C04414,Lapsed / Hibernating,2,4,5,245,574,8,2372.47,296.559,0.088,5,962,0.875,0.0
C04415,New & Promising,5,1,2,512,16,1,163.98,163.98,0.0,1,16,1.0,0.0
C04416,New & Promising,4,1,1,411,42,1,69.98,69.98,0.0,2,42,1.0,0.5
C04417,Steady Regulars,5,3,2,532,11,2,141.13,70.565,0.178,3,396,1.0,0.0
C04420,New & Promising,4,1,2,412,86,1,102.97,102.97,0.0,1,86,0.0,0.0
C04421,Lapsed / Hibernating,1,4,5,145,1002,7,1734.73,247.819,0.027,7,1092,0.286,0.0
C04422,Champions,5,5,5,555,14,23,3897.57,169.46,0.122,6,487,0.13,0.115
C04423,Lapsed / Hibernating,2,1,2,212,680,1,108.95,108.95,0.0,3,680,1.0,0.0
C04424,Lapsed / Hibernating,1,1,1,111,955,1,35.99,35.99,0.0,1,955,1.0,0.0
C04425,Champions,4,4,3,443,113,8,660.37,82.546,0.158,6,983,0.125,0.111
C04426,Champions,4,5,5,455,29,28,5030.9,179.675,0.101,8,1016,0.286,0.039
C04427,Champions,4,5,5,455,28,24,4945.54,206.064,0.16,8,929,0.208,0.086
C04428,Deal Hunters,3,1,2,312,353,1,93.58,93.58,1.0,1,353,1.0,0.0
C04429,Steady Regulars,5,3,3,533,15,2,504.22,252.11,0.173,4,67,0.5,0.0
C04430,Lapsed / Hibernating,1,1,1,111,755,1,31.19,31.19,1.0,1,755,0.0,0.0
C04431,Steady Regulars,4,3,3,433,123,2,288.95,144.475,0.0,2,466,0.5,0.0
C04432,Champions,5,5,5,555,18,15,2179.64,145.309,0.147,7,1003,0.067,0.05
C04433,Champions,4,4,4,444,34,8,968.97,121.121,0.09,6,1082,0.0,0.067
C04434,Champions,3,4,4,344,192,9,1685.7,187.3,0.21,6,1004,0.111,0.056
C04435,Steady Regulars,3,1,3,313,226,1,314.96,314.96,0.0,2,226,1.0,0.0
C04438,Steady Regulars,3,4,4,344,181,6,1106.53,184.422,0.661,5,849,0.0,0.083
C04440,Lapsed / Hibernating,1,1,1,111,1021,1,26.99,26.99,0.0,1,1021,1.0,0.0
C04441,Champions,4,5,5,455,94,14,2461.41,175.815,0.103,6,984,1.0,0.0
C04443,Lapsed / Hibernating,2,1,2,212,626,1,110.98,110.98,0.0,1,626,1.0,0.0
C04447,Champions,5,4,4,544,22,8,1129.24,141.155,0.198,6,393,0.875,0.25
C04448,New & Promising,3,1,1,311,134,1,51.99,51.99,0.0,1,134,1.0,0.0
C04449,Steady Regulars,4,4,4,444,96,5,1019.86,203.972,0.0,4,555,1.0,0.0
C04450,New & Promising,4,1,1,411,108,1,30.99,30.99,0.0,1,108,0.0,0.0
C04452,Lapsed / Hibernating,2,1,1,211,613,1,24.99,24.99,0.0,1,613,1.0,0.0
C04453,Champions,5,5,5,555,27,18,3735.03,207.502,0.301,8,767,0.833,0.0
C04454,Steady Regulars,3,4,4,344,217,6,833.86,138.977,0.0,4,1005,0.167,0.0
C04457,Lapsed / Hibernating,1,1,1,111,1001,1,53.98,53.98,0.0,1,1001,1.0,0.0
C04458,Champions,5,5,5,555,3,37,7636.57,206.394,0.09,8,1095,0.892,0.084
C04460,New & Promising,3,1,1,311,265,1,0.0,0.0,0.0,1,265,1.0,1.0
C04461,Champions,5,4,4,544,9,6,962.31,160.385,0.026,6,624,0.167,0.0
C04462,Lapsed / Hibernating,2,3,3,233,670,4,533.94,133.485,0.0,3,949,0.25,0.167
C04463,Steady Regulars,5,4,3,543,13,6,566.88,94.48,0.0,3,463,1.0,0.182
C04464,Lapsed / Hibernating,1,1,1,111,796,1,0.0,0.0,0.0,1,796,1.0,1.0
C04466,Lapsed / Hibernating,2,4,5,245,417,5,1895.95,379.19,0.208,5,661,1.0,0.2
C04467,Deal Hunters,5,1,1,511,17,1,48.57,48.57,0.452,2,17,0.0,0.5
C04468,Steady Regulars,5,3,3,533,24,3,490.92,163.64,0.029,6,88,1.0,0.143
C04469,New & Promising,5,1,1,511,16,1,81.38,81.38,0.287,2,16,0.0,0.0
C04471,Lapsed / Hibernating,1,1,4,114,897,1,761.95,761.95,0.096,2,897,1.0,0.333
C04473,Champions,5,5,5,555,18,19,3978.08,209.373,0.071,7,1020,0.895,0.105
C04474,New & Promising,5,3,3,533,4,2,291.97,145.985,0.0,2,17,1.0,0.0
C04475,Steady Regulars,3,3,4,334,159,4,694.22,173.555,0.15,5,608,1.0,0.143
C04477,Lapsed / Hibernating,1,3,2,132,1050,2,156.95,78.475,0.0,3,1083,0.5,0.25
C04478,New & Promising,4,3,2,432,43,4,141.97,35.492,0.0,2,369,1.0,0.4
C04480,Steady Regulars,4,3,3,433,82,3,462.55,154.183,0.32,3,343,1.0,0.167
C04481,Steady Regulars,4,4,3,443,56,5,340.78,68.156,0.085,4,349,0.8,0.0
C04482,Steady Regulars,4,4,4,444,120,8,1113.49,139.186,0.028,5,511,0.625,0.0
C04484,Lapsed / Hibernating,2,1,1,211,653,1,53.98,53.98,0.0,1,653,0.0,0.0
C04485,Deal Hunters,4,3,3,433,47,3,611.66,203.887,0.757,2,167,1.0,0.167
C04486,Lapsed / Hibernating,1,3,3,133,944,2,377.24,188.62,0.446,4,1066,1.0,0.0
C04487,Lapsed / Hibernating,2,3,2,232,432,3,227.1,75.7,0.52,3,732,0.667,0.0
C04488,Steady Regulars,4,3,4,434,60,4,760.91,190.228,0.44,3,475,0.0,0.0
C04490,Champions,5,5,5,555,27,17,3076.67,180.981,0.232,6,1041,0.941,0.286
C04491,Champions,5,5,5,555,17,21,3017.89,143.709,0.182,5,919,1.0,0.098
C04492,Deal Hunters,4,1,2,412,116,1,147.16,147.16,0.538,2,116,1.0,0.0
C04493,Lapsed / Hibernating,2,3,2,232,677,2,131.97,65.985,0.109,3,770,0.5,0.333
C04495,Lapsed / Hibernating,2,4,3,243,443,5,612.97,122.594,0.099,5,692,0.2,0.1
C04496,Steady Regulars,3,3,3,333,194,4,309.37,77.342,0.275,6,604,1.0,0.143
C04497,Champions,4,5,5,455,85,17,3249.2,191.129,0.027,5,986,0.941,0.091
C04499,New & Promising,4,1,2,412,72,1,99.96,99.96,0.0,2,72,1.0,0.333
C04503,Lapsed / Hibernating,1,1,1,111,743,1,55.99,55.99,0.0,1,743,1.0,0.0
C04505,New & Promising,5,3,1,531,11,2,82.97,41.485,0.0,2,83,1.0,0.0
C04506,Lapsed / Hibernating,1,1,2,112,707,1,209.97,209.97,0.357,3,707,1.0,0.0
C04507,New & Promising,3,3,2,332,161,3,116.94,38.98,0.0,2,274,1.0,0.0
C04509,Steady Regulars,5,3,3,533,21,3,411.53,137.177,0.303,2,61,1.0,0.0
C04510,Lapsed / Hibernating,2,1,1,211,605,1,21.99,21.99,0.0,1,605,1.0,0.0
C04511,Lapsed / Hibernating,1,3,3,133,746,3,433.82,144.607,0.274,3,863,1.0,0.0
C04513,New & Promising,3,3,2,332,186,2,94.97,47.485,0.0,3,253,1.0,0.5
C04514,New & Promising,3,1,1,311,197,1,79.18,79.18,0.141,2,197,1.0,0.0
C04515,Lapsed / Hibernating,2,1,2,212,495,1,151.29,151.29,1.0,1,495,1.0,0.0
C04516,Champions,5,5,5,555,3,16,3385.03,211.564,0.036,5,1055,0.062,0.036
C04517,Lapsed / Hibernating,2,4,4,244,429,5,739.31,147.862,0.071,4,740,1.0,0.222
C04518,Champions,5,5,5,555,13,24,4413.96,183.915,0.142,6,1056,0.208,0.043
C04519,Lapsed / Hibernating,1,3,2,132,1021,2,227.94,113.97,0.57,4,1027,0.0,0.167
C04520,Lapsed / Hibernating,2,3,3,233,471,3,594.91,198.303,0.0,3,586,1.0,0.0
C04521,Lapsed / Hibernating,1,1,2,112,1092,1,128.99,128.99,0.0,1,1092,1.0,0.0
C04522,Deal Hunters,3,1,2,312,178,1,189.36,189.36,0.551,3,178,0.0,0.0
C04523,Lapsed / Hibernating,1,3,3,133,877,3,609.84,203.28,0.042,4,1037,1.0,0.1
C04524,Lapsed / Hibernating,1,4,4,144,713,9,1520.11,168.901,0.03,5,1085,0.333,0.038
C04527,Lapsed / Hibernating,2,3,3,233,627,2,267.96,133.98,0.0,3,687,1.0,0.333
C04530,New & Promising,3,1,1,311,175,1,30.99,30.99,0.0,1,175,1.0,0.0
C04531,Lapsed / Hibernating,2,3,3,233,556,3,361.61,120.537,0.193,5,943,1.0,0.0
C04533,Steady Regulars,3,4,4,344,284,7,1022.42,146.06,0.056,5,924,0.286,0.083
C04535,Steady Regulars,3,3,3,333,229,3,424.81,141.603,0.193,5,761,0.0,0.0
C04536,Lapsed / Hibernating,2,4,3,243,402,5,586.76,117.352,0.572,4,932,0.8,0.0
C04537,Steady Regulars,3,4,3,343,329,5,598.5,119.7,0.534,3,464,0.8,0.125
C04540,Lapsed / Hibernating,2,3,4,234,702,4,1072.77,268.192,0.283,4,1027,1.0,0.0
C04542,Lapsed / Hibernating,2,4,4,244,666,8,721.78,90.222,0.0,8,1091,0.875,0.0
C04543,Lapsed / Hibernating,1,3,2,132,842,2,92.97,46.485,0.0,2,926,0.0,0.0
C04546,New & Promising,3,3,2,332,202,2,98.97,49.485,0.0,2,317,1.0,0.0
C04547,Steady Regulars,3,1,2,312,173,1,253.97,253.97,0.0,2,173,0.0,0.0
C04548,Lapsed / Hibernating,2,1,1,211,703,1,69.96,69.96,0.257,3,703,1.0,0.0
C04550,Lapsed / Hibernating,1,4,4,144,830,6,675.89,112.648,0.086,4,1029,1.0,0.182
C04551,Lapsed / Hibernating,1,1,1,111,834,1,20.99,20.99,0.0,1,834,0.0,0.0
C04552,Lapsed / Hibernating,1,1,2,112,735,1,148.98,148.98,0.0,2,735,1.0,0.0
C04553,New & Promising,4,1,2,412,28,1,112.98,112.98,0.0,2,28,1.0,0.0
C04555,Lapsed / Hibernating,2,5,5,255,667,15,3467.88,231.192,0.185,7,1037,1.0,0.021
C04556,Lapsed / Hibernating,2,3,3,233,418,2,303.96,151.98,0.0,2,455,1.0,0.0
C04557,Lapsed / Hibernating,1,5,4,154,811,11,1173.57,106.688,0.015,5,1093,1.0,0.105
C04560,Lapsed / Hibernating,1,4,4,144,871,5,849.25,169.85,0.321,4,1092,1.0,0.25
C04561,Steady Regulars,5,4,4,544,12,6,755.14,125.857,0.46,2,518,1.0,0.0
C04562,Deal Hunters,4,3,1,431,111,2,48.78,24.39,0.722,2,186,0.0,0.5
C04563,Deal Hunters,5,3,2,532,12,2,108.76,54.38,0.485,3,102,1.0,0.0
C04565,Lapsed / Hibernating,1,1,2,112,920,1,247.98,247.98,0.0,1,920,1.0,0.0
C04566,Steady Regulars,3,1,3,313,177,1,367.97,367.97,0.0,2,177,1.0,0.0
C04567,Lapsed / Hibernating,1,1,2,112,819,1,111.98,111.98,0.0,1,819,0.0,0.0
C04568,Steady Regulars,4,1,2,412,117,1,146.37,146.37,0.344,1,117,0.0,0.0
C04569,Lapsed / Hibernating,2,3,3,233,643,2,435.95,217.975,0.0,3,964,1.0,0.0
C04570,Champions,4,5,5,455,121,18,2562.57,142.365,0.021,7,957,0.333,0.094
C04571,Lapsed / Hibernating,1,1,1,111,859,1,72.99,72.99,0.0,1,859,0.0,0.0
C04572,Lapsed / Hibernating,1,3,3,133,833,3,523.99,174.663,0.067,3,1084,0.0,0.0
C04573,Champions,5,5,5,555,8,11,1804.69,164.063,0.0,7,246,0.273,0.0
C04574,Lapsed / Hibernating,2,1,1,211,619,1,47.98,47.98,0.563,2,619,0.0,0.0
C04576,Lapsed / Hibernating,2,1,2,212,658,1,115.97,115.97,0.155,2,658,1.0,0.0
C04577,Champions,4,5,5,455,29,95,19854.72,208.997,0.168,8,1093,0.884,0.069
C04578,Steady Regulars,3,4,4,344,178,7,1640.59,234.37,0.083,5,319,0.429,0.0
C04579,Lapsed / Hibernating,1,4,4,144,840,9,1202.97,133.663,0.165,6,1093,0.778,0.292
C04581,Champions,4,5,5,455,36,15,2912.85,194.19,0.124,5,618,0.0,0.067
C04582,Steady Regulars,3,3,3,333,181,3,309.94,103.313,0.0,4,437,0.0,0.0
C04583,Lapsed / Hibernating,2,1,1,211,618,1,26.99,26.99,0.0,1,618,1.0,0.0
C04584,Lapsed / Hibernating,1,4,4,144,943,5,901.79,180.358,0.221,4,1095,1.0,0.0
C04585,Champions,5,5,5,555,14,25,4424.17,176.967,0.31,6,1048,0.08,0.033
C04587,Lapsed / Hibernating,1,1,3,113,1073,1,294.38,294.38,0.446,2,1073,1.0,0.5
C04588,Steady Regulars,5,3,3,533,14,4,388.71,97.178,0.079,6,155,0.0,0.1
C04589,New & Promising,4,1,1,411,102,1,77.97,77.97,0.0,2,102,1.0,0.0
C04591,Steady Regulars,3,1,3,313,349,1,500.96,500.96,0.0,3,349,0.0,0.0
C04594,Lapsed / Hibernating,1,1,1,111,1085,1,46.38,46.38,1.0,1,1085,1.0,0.0
C04596,Lapsed / Hibernating,2,1,1,211,395,1,59.49,59.49,1.0,2,395,1.0,0.5
C04597,Champions,5,4,4,544,19,5,915.96,183.192,0.147,5,530,0.4,0.083
C04598,Lapsed / Hibernating,1,5,5,155,771,14,2011.89,143.706,0.186,6,1076,0.929,0.118
C04599,Steady Regulars,4,3,2,432,46,3,229.95,76.65,0.092,4,836,1.0,0.286
C04600,Deal Hunters,4,1,3,413,55,1,313.19,313.19,1.0,1,55,1.0,0.0
C04601,Lapsed / Hibernating,2,1,3,213,395,1,321.98,321.98,1.0,2,395,1.0,0.0
C04602,Lapsed / Hibernating,1,1,1,111,1040,1,78.99,78.99,0.0,1,1040,0.0,0.0
C04603,New & Promising,5,1,2,512,25,1,177.18,177.18,0.041,2,25,1.0,0.0
C04604,New & Promising,4,1,1,411,55,1,0.0,0.0,0.0,1,55,1.0,1.0
C04606,Champions,4,4,4,444,55,9,1457.86,161.984,0.238,4,685,0.0,0.0
C04607,Lapsed / Hibernating,1,1,1,111,736,1,0.0,0.0,0.0,1,736,1.0,1.0
C04608,New & Promising,4,1,1,411,118,1,20.99,20.99,0.0,1,118,1.0,0.0
C04609,Lapsed / Hibernating,1,3,4,134,711,4,937.07,234.268,0.195,5,1021,0.25,0.1
C04610,Steady Regulars,4,3,4,434,92,4,746.93,186.733,0.0,4,790,0.0,0.0
C04611,Champions,4,4,4,444,33,6,724.34,120.723,0.285,5,879,0.0,0.0
C04612,New & Promising,3,3,1,331,134,2,42.96,21.48,0.351,2,281,1.0,0.25
C04613,Champions,5,5,5,555,16,18,3394.29,188.572,0.158,8,638,0.944,0.108
C04614,Lapsed / Hibernating,1,1,2,112,928,1,147.99,147.99,1.0,1,928,1.0,0.0
C04615,New & Promising,3,1,1,311,186,1,43.97,43.97,0.0,1,186,1.0,0.0
C04618,Deal Hunters,3,3,3,333,241,2,482.72,241.36,0.731,2,526,1.0,0.0
C04619,Lapsed / Hibernating,2,5,5,255,393,25,4925.84,197.034,0.099,8,1079,1.0,0.074
C04620,Deal Hunters,5,1,1,511,19,1,32.38,32.38,1.0,1,19,1.0,0.0
C04621,Lapsed / Hibernating,2,1,1,211,684,1,51.98,51.98,0.0,1,684,1.0,0.0
C04622,Lapsed / Hibernating,1,1,2,112,705,1,98.99,98.99,0.253,2,705,1.0,0.5
C04624,Deal Hunters,3,1,3,313,338,1,472.3,472.3,0.869,2,338,0.0,0.0
C04625,Lapsed / Hibernating,1,1,1,111,849,1,0.0,0.0,0.0,1,849,0.0,1.0
C04626,Lapsed / Hibernating,2,1,3,213,551,1,394.74,394.74,0.853,3,551,1.0,0.0
C04627,Champions,5,5,5,555,5,23,6157.66,267.724,0.181,5,644,0.957,0.091
C04628,Champions,5,4,4,544,5,7,1534.16,219.166,0.011,3,591,0.143,0.045
C04629,Lapsed / Hibernating,1,1,1,111,913,1,61.99,61.99,0.0,1,913,1.0,0.0
C04630,Steady Regulars,3,1,2,312,353,1,199.98,199.98,0.0,1,353,1.0,0.0
C04631,Champions,4,5,5,455,90,12,2679.13,223.261,0.046,5,851,1.0,0.038
C04633,Lapsed / Hibernating,2,1,2,212,501,1,110.49,110.49,1.0,1,501,1.0,0.0
C04634,Lapsed / Hibernating,1,1,2,112,973,1,197.96,197.96,0.0,1,973,0.0,0.0
C04639,Lapsed / Hibernating,2,3,3,233,529,4,605.94,151.485,0.122,3,936,1.0,0.25
C04640,New & Promising,3,1,1,311,338,1,14.99,14.99,0.0,1,338,1.0,0.0
C04641,Lapsed / Hibernating,2,4,4,244,684,8,877.94,109.742,0.198,3,1060,1.0,0.0
C04643,Steady Regulars,4,4,4,444,42,5,916.88,183.376,0.0,5,229,0.8,0.167
C04645,Lapsed / Hibernating,2,1,1,211,501,1,55.48,55.48,0.459,2,501,1.0,0.0
C04647,Lapsed / Hibernating,2,3,2,232,419,3,140.97,46.99,0.0,3,792,1.0,0.0
C04648,Champions,5,4,4,544,11,6,1264.39,210.732,0.043,6,103,0.833,0.143
C04650,Lapsed / Hibernating,1,3,3,133,950,2,272.95,136.475,0.0,4,1065,1.0,0.0
C04653,Lapsed / Hibernating,2,1,1,211,367,1,52.99,52.99,0.0,1,367,1.0,0.0
C04654,Steady Regulars,4,3,4,434,88,3,1298.91,432.97,0.0,2,408,0.333,0.0
C04655,Lapsed / Hibernating,2,3,3,233,381,3,346.32,115.44,0.057,6,745,1.0,0.125
C04656,New & Promising,4,1,2,412,40,1,93.99,93.99,0.0,1,40,1.0,0.0
C04657,Lapsed / Hibernating,1,3,4,134,726,4,778.55,194.638,0.344,5,1074,0.0,0.0
C04658,Champions,5,5,5,555,11,15,3989.03,265.935,0.04,6,350,1.0,0.118
C04659,New & Promising,4,1,2,412,73,1,125.99,125.99,0.0,1,73,0.0,0.0
C04660,Lapsed / Hibernating,1,3,2,132,1040,2,182.35,91.175,0.221,4,1068,0.0,0.333
C04661,Lapsed / Hibernating,1,1,1,111,732,1,24.99,24.99,0.0,1,732,1.0,0.0
C04662,Lapsed / Hibernating,2,3,2,232,382,2,263.08,131.54,0.24,3,723,0.5,0.0
C04663,Lapsed / Hibernating,1,1,2,112,887,1,216.95,216.95,0.0,4,887,0.0,0.0
C04664,Steady Regulars,4,4,4,444,42,10,711.11,71.111,0.139,3,914,1.0,0.062
C04665,Steady Regulars,4,1,2,412,72,1,243.95,243.95,0.0,3,72,1.0,0.0
C04666,Deal Hunters,3,1,3,313,126,1,390.16,390.16,0.803,2,126,1.0,0.0
C04667,Steady Regulars,3,3,4,334,355,4,1139.89,284.972,0.081,6,439,0.75,0.0
C04668,Lapsed / Hibernating,2,3,2,232,448,3,103.06,34.353,0.078,4,751,0.667,0.0
C04669,Lapsed / Hibernating,1,1,2,112,788,1,170.97,170.97,0.0,1,788,0.0,0.0
C04670,Lapsed / Hibernating,1,1,1,111,1072,1,53.39,53.39,1.0,1,1072,1.0,0.0
C04671,Steady Regulars,3,3,4,334,360,4,702.93,175.733,0.0,3,566,0.0,0.143
C04672,Steady Regulars,4,3,4,434,48,4,860.89,215.223,0.0,4,333,0.75,0.0
C04674,Champions,4,5,5,455,62,17,1765.9,103.876,0.122,5,930,0.176,0.0
C04675,Steady Regulars,5,4,5,545,9,6,1738.94,289.823,0.024,5,58,1.0,0.059
C04676,Lapsed / Hibernating,2,3,3,233,666,4,449.03,112.258,0.074,3,823,0.0,0.0
C04677,Lapsed / Hibernating,2,3,2,232,690,2,216.96,108.48,0.0,1,764,1.0,0.0
C04678,Lapsed / Hibernating,1,1,1,111,995,1,34.99,34.99,0.0,1,995,1.0,0.0
C04679,Champions,3,5,4,354,281,12,1409.71,117.476,0.0,8,1060,0.833,0.048
C04680,Champions,4,5,5,455,40,20,2614.39,130.719,0.075,7,550,0.2,0.043
C04682,New & Promising,5,1,1,511,11,1,67.96,67.96,0.0,1,11,1.0,0.0
C04683,Steady Regulars,3,4,3,343,341,5,459.19,91.838,0.36,5,583,0.6,0.2
C04685,Lapsed / Hibernating,1,3,2,132,757,3,257.61,85.87,0.22,3,823,1.0,0.0
C04686,Champions,5,5,5,555,3,32,8180.39,255.637,0.065,8,568,0.188,0.055
C04687,Steady Regulars,3,4,4,344,136,6,994.64,165.773,0.314,3,316,1.0,0.0
C04689,Lapsed / Hibernating,1,3,4,134,791,2,795.88,397.94,0.0,2,846,0.0,0.2
C04690,Deal Hunters,3,1,1,311,308,1,18.89,18.89,1.0,1,308,0.0,0.0
C04692,New & Promising,3,1,1,311,188,1,8.99,8.99,0.0,1,188,1.0,0.0
C04694,Champions,4,5,5,455,38,17,2759.95,162.35,0.062,6,1051,0.941,0.135
C04696,Steady Regulars,5,3,3,533,24,3,378.94,126.313,0.0,3,89,1.0,0.0
C04697,Lapsed / Hibernating,1,1,1,111,794,1,80.97,80.97,0.0,1,794,1.0,0.0
C04698,Lapsed / Hibernating,2,3,2,232,470,3,252.55,84.183,0.192,2,743,1.0,0.0
C04699,Champions,4,5,5,455,44,27,6100.73,225.953,0.128,5,1041,0.926,0.093
C04701,Steady Regulars,4,3,4,434,101,3,723.89,241.297,0.0,3,577,1.0,0.0
C04702,New & Promising,5,3,3,533,10,3,362.91,120.97,0.093,3,40,0.667,0.222
C04705,Lapsed / Hibernating,2,1,2,212,527,1,121.97,121.97,0.0,2,527,1.0,0.0
C04707,Champions,5,5,4,554,5,13,1247.66,95.974,0.0,7,499,0.846,0.08
C04708,Champions,5,5,5,555,16,17,1890.04,111.179,0.043,5,677,0.824,0.167
C04709,Lapsed / Hibernating,2,1,3,213,503,1,269.98,269.98,0.0,1,503,1.0,0.0
C04711,New & Promising,3,1,1,311,365,1,73.97,73.97,0.0,1,365,0.0,0.0
C04712,Champions,5,5,5,555,13,15,2240.06,149.337,0.381,6,1068,0.8,0.0
C04713,Steady Regulars,3,3,4,334,310,2,1433.56,716.78,0.005,3,605,1.0,0.0
C04715,Champions,5,5,5,555,26,15,3571.22,238.081,0.096,7,356,1.0,0.133
C04716,New & Promising,3,1,1,311,363,1,59.98,59.98,0.0,1,363,1.0,0.0
C04717,Lapsed / Hibernating,1,1,4,114,806,1,1105.9,1105.9,0.0,4,806,1.0,0.0
C04719,Lapsed / Hibernating,1,1,2,112,1054,1,225.96,225.96,0.0,2,1054,1.0,0.0
C04720,Lapsed / Hibernating,2,4,4,244,397,8,1038.06,129.758,0.441,4,817,0.875,0.118
C04721,Champions,5,3,4,534,6,4,1033.68,258.42,0.145,4,890,1.0,0.182
C04722,New & Promising,4,1,1,411,93,1,69.99,69.99,0.0,1,93,1.0,0.0
C04723,Lapsed / Hibernating,2,3,2,232,697,3,177.96,59.32,0.0,3,1065,0.0,0.2
C04725,Lapsed / Hibernating,2,4,3,243,428,8,591.15,73.894,0.148,5,941,1.0,0.062
C04727,Lapsed / Hibernating,2,3,3,233,560,3,502.96,167.653,0.0,5,813,1.0,0.333
C04729,Lapsed / Hibernating,1,4,4,144,761,6,979.98,163.33,0.043,5,1094,1.0,0.133
C04732,Lapsed / Hibernating,1,1,2,112,883,1,162.99,162.99,0.0,1,883,1.0,0.5
C04733,Lapsed / Hibernating,2,3,2,232,593,4,237.93,59.482,0.0,3,959,0.0,0.0
C04735,Steady Regulars,3,4,4,344,226,5,880.84,176.168,0.0,3,683,0.6,0.0
C04736,Lapsed / Hibernating,1,4,5,145,719,10,2875.54,287.554,0.142,5,1042,0.0,0.05
C04737,Lapsed / Hibernating,1,1,2,112,1015,1,162.98,162.98,0.0,1,1015,1.0,0.0
C04738,Steady Regulars,3,4,5,345,200,8,2119.49,264.936,0.194,5,732,1.0,0.053
C04739,Lapsed / Hibernating,2,5,5,255,480,11,2136.8,194.255,0.066,4,1082,0.091,0.091
C04742,Lapsed / Hibernating,1,1,1,111,1053,1,61.27,61.27,0.527,2,1053,0.0,0.0
C04743,Lapsed / Hibernating,2,1,1,211,691,1,76.32,76.32,0.345,3,691,1.0,0.0
C04745,Champions,4,4,5,445,73,7,2212.63,316.09,0.18,6,745,0.143,0.05
C04746,Champions,4,5,4,454,38,12,1683.48,140.29,0.307,7,807,1.0,0.0
C04747,Lapsed / Hibernating,2,1,2,212,403,1,99.97,99.97,0.0,2,403,1.0,0.0
C04748,New & Promising,3,1,2,312,321,1,108.99,108.99,0.0,1,321,0.0,0.0
C04749,Champions,5,5,5,555,13,11,2151.55,195.595,0.313,5,511,1.0,0.0
C04750,Champions,5,4,4,544,9,9,1613.47,179.274,0.193,4,334,1.0,0.087
C04751,Lapsed / Hibernating,2,5,5,255,377,35,6247.79,178.508,0.163,8,1092,0.143,0.118
C04752,Lapsed / Hibernating,1,3,3,133,960,3,635.92,211.973,0.0,3,1016,0.333,0.0
C04755,Lapsed / Hibernating,2,5,5,255,561,11,1897.93,172.539,0.027,4,842,0.909,0.043
C04756,Lapsed / Hibernating,2,1,2,212,699,1,173.95,173.95,0.0,4,699,0.0,0.0
C04758,Champions,5,5,5,555,10,77,15792.49,205.097,0.1,8,1090,0.87,0.074
C04759,Steady Regulars,4,4,3,443,89,6,474.3,79.05,0.165,4,735,0.833,0.364
C04761,Lapsed / Hibernating,2,5,5,255,648,31,3319.28,107.074,0.198,6,1068,0.968,0.104
C04762,Champions,5,5,5,555,14,63,14103.18,223.86,0.117,5,1089,0.238,0.113
C04763,Lapsed / Hibernating,2,3,2,232,427,2,189.95,94.975,0.0,2,957,1.0,0.0
C04764,Champions,3,5,5,355,315,14,2194.21,156.729,0.266,6,999,0.071,0.065
C04765,Lapsed / Hibernating,2,4,4,244,599,7,901.45,128.779,0.108,4,1048,0.143,0.0
C04767,Steady Regulars,3,3,3,333,302,2,566.95,283.475,0.0,2,309,1.0,0.0
C04768,New & Promising,5,1,2,512,22,1,131.97,131.97,0.0,1,22,1.0,0.0
C04769,Lapsed / Hibernating,2,1,1,211,536,1,0.0,0.0,0.0,1,536,1.0,1.0
C04770,Lapsed / Hibernating,1,1,2,112,1089,1,185.97,185.97,0.0,3,1089,0.0,0.0
C04776,Lapsed / Hibernating,1,1,2,112,762,1,92.96,92.96,0.559,3,762,1.0,0.0
C04779,New & Promising,3,1,1,311,356,1,0.0,0.0,0.0,1,356,1.0,1.0
C04780,Lapsed / Hibernating,1,1,1,111,984,1,61.97,61.97,0.0,2,984,1.0,0.25
C04781,Champions,5,5,5,555,14,13,3096.63,238.202,0.0,7,480,0.154,0.036
C04783,Steady Regulars,3,3,3,333,237,3,328.08,109.36,0.049,5,853,0.0,0.0
C04784,Steady Regulars,5,3,4,534,3,3,857.43,285.81,0.109,2,50,1.0,0.0
C04785,Lapsed / Hibernating,2,1,2,212,388,1,138.97,138.97,0.0,4,388,1.0,0.25
C04786,Steady Regulars,3,1,2,312,173,1,147.97,147.97,0.0,3,173,1.0,0.0
C04788,Champions,4,5,5,455,44,26,4578.24,176.086,0.14,6,1089,0.154,0.1
C04790,Lapsed / Hibernating,1,1,1,111,719,1,17.99,17.99,0.0,1,719,1.0,0.0
C04791,Lapsed / Hibernating,2,1,3,213,610,1,381.97,381.97,0.0,2,610,1.0,0.0
C04793,Lapsed / Hibernating,2,5,5,255,564,32,6377.3,199.291,0.1,6,1082,0.156,0.058
C04794,Lapsed / Hibernating,2,1,2,212,658,1,93.95,93.95,0.0,2,658,0.0,0.0
C04795,Champions,4,5,5,455,121,19,4126.9,217.205,0.123,7,944,0.895,0.114
C04796,Steady Regulars,3,3,2,332,292,2,194.98,97.49,0.0,2,308,1.0,0.0
C04797,Lapsed / Hibernating,1,3,2,132,854,2,122.97,61.485,0.0,2,953,0.0,0.0
C04798,Champions,3,5,5,355,236,16,3722.05,232.628,0.088,7,721,0.938,0.044
C04799,Champions,4,5,5,455,41,43,7849.58,182.548,0.168,8,1026,0.14,0.081
C04800,Steady Regulars,5,1,4,514,10,1,1061.96,1061.96,0.0,1,10,0.0,0.0
C04801,Lapsed / Hibernating,2,1,2,212,420,1,199.98,199.98,0.0,1,420,0.0,0.0
C04802,Deal Hunters,4,3,4,434,37,2,789.55,394.775,0.865,4,196,0.0,0.2
C04803,Lapsed / Hibernating,2,1,2,212,443,1,164.58,164.58,0.131,2,443,1.0,0.0
C04804,Lapsed / Hibernating,1,1,3,113,767,1,288.36,288.36,1.0,2,767,1.0,0.0
C04806,Lapsed / Hibernating,2,1,3,213,685,1,445.96,445.96,0.0,2,685,1.0,0.0
C04807,Lapsed / Hibernating,2,3,4,234,689,3,692.68,230.893,0.145,4,854,0.667,0.0
C04808,New & Promising,4,1,1,411,60,1,66.99,66.99,0.0,1,60,1.0,0.0
C04809,New & Promising,5,3,1,531,10,2,79.16,39.58,0.432,3,22,1.0,0.0
C04810,Lapsed / Hibernating,2,1,1,211,459,1,10.99,10.99,0.0,1,459,0.0,0.0
C04811,Lapsed / Hibernating,1,4,4,144,802,6,897.75,149.625,0.544,3,1017,0.833,0.0
C04812,Lapsed / Hibernating,1,5,5,155,745,11,1751.97,159.27,0.049,5,1083,0.182,0.071
C04813,Lapsed / Hibernating,1,3,2,132,812,3,157.94,52.647,0.0,3,1000,0.0,0.0
C04814,Lapsed / Hibernating,1,1,1,111,885,1,34.99,34.99,0.0,2,885,0.0,0.5
C04815,Deal Hunters,4,1,1,411,36,1,22.39,22.39,1.0,1,36,1.0,0.0
C04816,Lapsed / Hibernating,1,1,1,111,766,1,0.0,0.0,1.0,1,766,0.0,1.0
C04817,Champions,5,5,5,555,6,20,2489.15,124.458,0.146,7,1074,0.95,0.027
C04820,Lapsed / Hibernating,1,1,2,112,931,1,176.98,176.98,0.0,2,931,0.0,0.0
C04821,Deal Hunters,3,1,1,311,133,1,17.98,17.98,1.0,1,133,1.0,0.0
C04823,Champions,4,5,5,455,55,12,2507.08,208.923,0.264,6,1056,0.083,0.048
C04824,Steady Regulars,3,4,4,344,307,6,776.09,129.348,0.043,6,701,1.0,0.1
C04825,Champions,5,4,4,544,11,5,1193.61,238.722,0.132,7,488,1.0,0.071
C04826,Steady Regulars,4,4,4,444,30,6,865.69,144.282,0.108,4,999,0.833,0.167
C04830,Lapsed / Hibernating,2,1,1,211,504,1,78.18,78.18,0.783,2,504,1.0,0.0
C04831,Champions,5,5,5,555,17,16,3969.24,248.078,0.059,6,1089,0.25,0.171
C04832,Deal Hunters,5,1,1,511,27,1,31.98,31.98,1.0,1,27,0.0,0.0
C04833,New & Promising,4,1,2,412,80,1,164.99,164.99,0.0,1,80,1.0,0.0
C04834,Lapsed / Hibernating,1,1,1,111,1054,1,20.38,20.38,1.0,1,1054,0.0,0.0
C04836,Lapsed / Hibernating,2,1,3,213,381,1,324.98,324.98,0.0,2,381,1.0,0.0
C04838,Lapsed / Hibernating,2,1,4,214,471,1,668.95,668.95,0.0,4,471,1.0,0.0
C04839,New & Promising,3,1,2,312,147,1,147.99,147.99,0.0,1,147,1.0,0.0
C04841,Deal Hunters,5,3,3,533,24,4,286.71,71.678,0.784,6,698,0.5,0.0
C04842,Steady Regulars,3,1,2,312,136,1,201.97,201.97,0.0,1,136,1.0,0.0
C04843,Lapsed / Hibernating,2,3,3,233,371,3,329.94,109.98,0.0,3,491,0.333,0.143
C04847,New & Promising,3,1,2,312,211,1,117.98,117.98,0.0,1,211,1.0,0.0
C04848,Champions,3,5,4,354,180,11,1313.19,119.381,0.153,7,1043,0.909,0.042
C04849,Steady Regulars,4,3,2,432,92,2,260.97,130.485,0.0,2,163,0.5,0.0
C04850,Champions,5,4,5,545,10,9,1977.33,219.703,0.088,5,947,0.778,0.0
C04852,Lapsed / Hibernating,1,3,2,132,934,2,134.96,67.48,0.0,4,1017,0.0,0.0
C04854,Steady Regulars,3,4,3,343,232,5,514.28,102.856,0.079,5,883,0.2,0.1
C04856,Lapsed / Hibernating,2,4,4,244,426,7,687.57,98.224,0.116,4,920,0.714,0.2
C04857,Lapsed / Hibernating,1,3,3,133,756,2,273.74,136.87,0.645,3,1070,0.0,0.167
C04859,Champions,4,5,4,454,32,17,1622.3,95.429,0.097,7,1042,0.882,0.1
C04861,Champions,5,3,3,533,21,4,575.32,143.83,0.117,6,874,1.0,0.0
C04863,Steady Regulars,5,4,4,544,25,9,1151.86,127.984,0.144,3,191,1.0,0.176
C04864,New & Promising,5,1,1,511,4,1,57.99,57.99,0.0,1,4,1.0,0.0
C04866,Champions,4,4,4,444,102,8,1241.59,155.199,0.282,7,774,0.875,0.182
C04867,Steady Regulars,3,4,4,344,296,5,1387.6,277.52,0.067,4,553,0.6,0.111
C04868,Lapsed / Hibernating,2,4,3,243,678,5,589.61,117.922,0.593,4,1022,0.8,0.0
C04869,Lapsed / Hibernating,1,1,3,113,955,1,348.98,348.98,0.0,1,955,1.0,0.0
C04870,Steady Regulars,3,1,2,312,289,1,225.99,225.99,0.0,1,289,1.0,0.0
C04871,Steady Regulars,3,1,2,312,157,1,161.99,161.99,0.0,1,157,0.0,0.667
C04873,Steady Regulars,4,4,4,444,33,5,794.36,158.872,0.242,5,256,1.0,0.167
C04874,Lapsed / Hibernating,2,5,5,255,484,11,1775.05,161.368,0.095,8,1094,0.0,0.04
C04876,Lapsed / Hibernating,2,3,4,234,622,4,1275.89,318.972,0.0,2,741,0.75,0.25
C04879,Champions,5,5,5,555,3,36,7021.12,195.031,0.058,7,996,0.833,0.011
C04880,Steady Regulars,4,4,3,443,41,6,640.19,106.698,0.038,4,954,0.833,0.0
C04881,Steady Regulars,3,3,4,334,172,2,665.9,332.95,0.0,2,344,1.0,0.0
C04882,Lapsed / Hibernating,2,4,4,244,585,5,992.5,198.5,0.428,4,768,0.2,0.0
C04883,Lapsed / Hibernating,2,3,3,233,399,3,302.87,100.957,0.485,3,922,0.333,0.25
C04884,Steady Regulars,5,3,4,534,6,4,692.54,173.135,0.498,3,961,0.0,0.0
C04886,Steady Regulars,3,1,2,312,342,1,141.99,141.99,0.0,2,342,1.0,0.5
C04887,Lapsed / Hibernating,1,3,4,134,1011,2,812.29,406.145,0.016,4,1073,1.0,0.143
C04888,New & Promising,3,3,1,331,274,2,70.97,35.485,0.0,2,288,1.0,0.0
C04889,Steady Regulars,4,3,3,433,49,3,588.84,196.28,0.0,3,220,1.0,0.1
C04891,Lapsed / Hibernating,2,3,2,232,459,2,199.18,99.59,0.669,2,789,1.0,0.0
C04893,Champions,5,4,4,544,19,9,1456.74,161.86,0.0,5,667,1.0,0.095
C04894,Lapsed / Hibernating,2,5,5,255,606,11,3114.51,283.137,0.407,4,1020,0.182,0.038
C04895,Champions,5,5,5,555,8,27,5000.03,185.186,0.175,8,477,0.185,0.06
C04896,Champions,5,5,5,555,19,17,3024.34,177.902,0.044,5,1067,1.0,0.05
C04897,Lapsed / Hibernating,1,3,2,132,1045,2,88.97,44.485,0.0,2,1055,1.0,0.5
C04898,Lapsed / Hibernating,2,3,4,234,635,2,1311.88,655.94,0.0,5,667,0.5,0.125
C04899,Champions,4,4,5,445,102,7,2016.18,288.026,0.144,5,1084,0.143,0.0
C04900,Lapsed / Hibernating,2,4,5,245,613,7,1992.34,284.62,0.286,4,1027,0.143,0.0
C04901,Steady Regulars,3,4,4,344,125,6,687.37,114.562,0.114,3,432,0.667,0.083
C04903,Champions,4,5,5,455,121,22,4971.28,225.967,0.043,8,1040,0.273,0.066
C04904,Lapsed / Hibernating,1,3,2,132,818,2,185.97,92.985,0.0,3,821,0.5,0.0
C04905,Steady Regulars,3,3,2,332,356,3,112.96,37.653,0.229,3,605,0.0,0.2
C04906,New & Promising,3,1,1,311,240,1,61.98,61.98,0.0,1,240,0.0,0.0
C04907,Lapsed / Hibernating,1,1,1,111,1041,1,58.99,58.99,0.0,1,1041,0.0,0.0
C04908,Champions,3,5,5,355,294,30,8497.69,283.256,0.053,7,1072,0.167,0.068
C04909,Lapsed / Hibernating,1,1,2,112,1038,1,147.99,147.99,0.0,1,1038,0.0,0.0
C04912,Lapsed / Hibernating,1,1,1,111,1081,1,43.98,43.98,0.0,1,1081,1.0,0.0
C04914,Lapsed / Hibernating,1,1,1,111,755,1,48.58,48.58,1.0,1,755,0.0,0.0
C04916,Steady Regulars,3,4,4,344,273,8,753.91,94.239,0.166,5,682,0.375,0.0
C04918,Lapsed / Hibernating,1,3,4,134,923,4,1159.86,289.965,0.0,5,1001,0.0,0.0
C04920,Steady Regulars,4,1,2,412,42,1,245.98,245.98,0.0,2,42,0.0,0.0
C04921,Lapsed / Hibernating,1,1,2,112,867,1,119.83,119.83,0.291,2,867,0.0,0.0
C04923,New & Promising,5,1,1,511,2,1,40.99,40.99,0.0,2,2,0.0,0.5
C04925,Lapsed / Hibernating,2,4,5,245,381,9,2507.11,278.568,0.358,6,1058,1.0,0.045
C04927,New & Promising,3,1,1,311,260,1,62.99,62.99,0.0,1,260,1.0,0.0
C04928,Champions,5,5,5,555,1,25,5390.87,215.635,0.1,6,992,0.16,0.085
C04929,Champions,3,5,5,355,337,16,2626.19,164.137,0.147,6,1049,0.875,0.129
C04930,Steady Regulars,3,4,4,344,234,8,1174.8,146.85,0.071,5,940,0.875,0.118
C04931,Steady Regulars,4,3,3,433,75,4,499.83,124.958,0.398,4,326,0.25,0.0
C04932,Steady Regulars,3,4,3,343,364,5,357.15,71.43,0.519,4,1049,0.2,0.0
C04933,Steady Regulars,5,3,2,532,25,2,199.98,99.99,0.08,2,355,1.0,0.0
C04934,Steady Regulars,3,4,4,344,287,8,1018.61,127.326,0.115,6,1016,0.0,0.111
C04935,Steady Regulars,3,3,3,333,289,2,349.14,174.57,0.147,3,546,0.5,0.0
C04937,Steady Regulars,3,3,4,334,202,2,735.73,367.865,0.104,2,360,1.0,0.0
C04938,Steady Regulars,4,3,3,433,66,2,512.94,256.47,0.0,3,373,0.0,0.143
C04939,Steady Regulars,3,3,4,334,218,3,764.9,254.967,0.295,3,707,0.0,0.0
C04940,Lapsed / Hibernating,2,4,3,243,459,5,524.89,104.978,0.0,5,1026,0.4,0.0
C04942,Steady Regulars,3,3,2,332,340,2,255.56,127.78,0.229,3,671,0.0,0.333
C04943,Lapsed / Hibernating,2,1,1,211,394,1,52.98,52.98,0.0,1,394,0.0,0.0
C04944,Steady Regulars,4,4,4,444,47,8,844.43,105.554,0.258,4,171,0.375,0.0
C04945,New & Promising,4,1,2,412,60,1,164.99,164.99,0.0,1,60,1.0,0.0
C04946,Lapsed / Hibernating,2,3,3,233,441,4,551.44,137.86,0.251,3,584,0.0,0.0
C04947,New & Promising,3,1,1,311,154,1,0.0,0.0,0.0,1,154,1.0,1.0
C04948,Champions,5,4,4,544,9,9,1423.41,158.157,0.285,5,696,0.778,0.0
C04950,New & Promising,4,1,1,411,105,1,71.99,71.99,0.0,2,105,0.0,0.5
C04953,Champions,3,5,5,355,145,28,6243.15,222.97,0.184,7,1084,0.929,0.094
C04955,Deal Hunters,3,1,2,312,247,1,128.18,128.18,0.758,1,247,1.0,0.0
C04958,New & Promising,5,1,2,512,19,1,122.97,122.97,0.0,1,19,1.0,0.0
C04959,Lapsed / Hibernating,2,3,3,233,587,2,283.96,141.98,0.082,3,601,0.5,0.2
C04963,Champions,5,4,4,544,25,8,1499.82,187.478,0.064,6,249,1.0,0.125
C04964,Lapsed / Hibernating,1,1,3,113,1074,1,266.97,266.97,0.0,2,1074,1.0,0.0
C04965,Steady Regulars,5,4,4,544,17,5,1057.7,211.54,0.129,3,166,0.6,0.0
C04966,Lapsed / Hibernating,2,4,4,244,552,10,1363.05,136.305,0.047,8,1043,0.1,0.045
C04967,New & Promising,4,1,1,411,59,1,19.98,19.98,0.0,1,59,1.0,0.0
C04968,Lapsed / Hibernating,2,4,4,244,410,6,1124.04,187.34,0.035,3,1083,1.0,0.0
C04969,Lapsed / Hibernating,2,3,2,232,630,3,238.91,79.637,0.0,4,1000,1.0,0.0
C04972,Steady Regulars,4,1,2,412,118,1,255.98,255.98,0.0,1,118,1.0,0.0
C04973,Lapsed / Hibernating,2,1,2,212,608,1,120.97,120.97,0.0,2,608,1.0,0.0
C04975,Lapsed / Hibernating,1,1,1,111,964,1,0.0,0.0,0.0,1,964,0.0,1.0
C04976,Champions,4,5,5,455,28,27,4729.22,175.156,0.065,8,1093,0.963,0.162
C04977,Champions,5,4,5,545,17,9,2495.4,277.267,0.111,5,197,0.889,0.167
C04979,Champions,3,5,5,355,208,17,2545.31,149.724,0.252,5,999,0.882,0.093
C04982,New & Promising,3,3,1,331,285,2,68.98,34.49,0.0,1,520,1.0,0.0
C04984,Lapsed / Hibernating,2,4,4,244,539,5,1161.29,232.258,0.173,3,1076,0.8,0.222
C04985,Steady Regulars,3,4,3,343,217,6,645.89,107.648,0.0,4,394,1.0,0.2
C04988,Lapsed / Hibernating,2,1,1,211,483,1,67.99,67.99,0.0,1,483,0.0,0.0
C04989,Lapsed / Hibernating,1,4,4,144,735,6,1147.92,191.32,0.26,2,1091,0.833,0.2
C04990,Lapsed / Hibernating,1,1,1,111,705,1,15.59,15.59,1.0,1,705,0.0,0.5
C04991,Lapsed / Hibernating,1,1,1,111,708,1,15.59,15.59,1.0,1,708,1.0,0.0
C04993,Deal Hunters,3,1,1,311,343,1,86.38,86.38,1.0,1,343,1.0,0.0
C04995,New & Promising,3,3,1,331,135,2,73.97,36.985,0.0,1,430,1.0,0.0
C04996,Champions,4,4,4,444,47,7,1396.88,199.554,0.006,6,490,1.0,0.0
C04997,Lapsed / Hibernating,1,1,1,111,868,1,44.99,44.99,0.0,1,868,1.0,0.0
C04998,Champions,5,4,4,544,6,7,1602.8,228.971,0.0,5,113,0.143,0.188
C04999,Lapsed / Hibernating,1,1,1,111,979,1,58.99,58.99,0.0,1,979,0.0,0.0
C05000,Champions,5,5,5,555,17,33,6964.28,211.039,0.25,7,1058,0.091,0.089
C05001,Champions,5,5,5,555,6,11,2062.38,187.489,0.059,8,426,0.273,0.037
C05003,Lapsed / Hibernating,2,1,1,211,397,1,42.69,42.69,1.0,1,397,1.0,0.0
C05004,New & Promising,4,1,1,411,62,1,83.98,83.98,0.0,1,62,1.0,0.5
C05005,Lapsed / Hibernating,2,3,3,233,505,3,292.96,97.653,0.0,3,995,0.667,0.0
C05007,Lapsed / Hibernating,2,5,5,255,605,14,2270.68,162.191,0.018,3,939,0.929,0.143
C05008,Lapsed / Hibernating,2,4,4,244,599,10,1558.34,155.834,0.152,6,1023,1.0,0.12
C05009,Steady Regulars,3,1,2,312,200,1,202.99,202.99,0.0,1,200,1.0,0.0
C05011,Lapsed / Hibernating,1,1,2,112,771,1,167.26,167.26,1.0,2,771,0.0,0.0
C05012,Champions,5,5,5,555,8,51,9997.81,196.035,0.189,8,1090,0.863,0.117
C05013,Champions,5,4,5,545,19,10,2195.25,219.525,0.072,6,214,0.9,0.0
C05015,Champions,5,5,5,555,17,26,5323.84,204.763,0.046,8,616,1.0,0.068
C05016,Steady Regulars,4,3,3,433,71,3,620.9,206.967,0.0,3,311,1.0,0.0
C05018,Steady Regulars,4,1,2,412,118,1,230.98,230.98,0.0,2,118,1.0,0.0
C05019,Lapsed / Hibernating,1,1,2,112,900,1,134.29,134.29,1.0,1,900,1.0,0.0
C05020,Champions,5,5,5,555,3,32,8100.56,253.142,0.139,6,1072,1.0,0.069
C05024,Lapsed / Hibernating,2,3,2,232,563,3,215.15,71.717,0.562,4,570,1.0,0.286
C05025,Champions,5,4,4,544,8,7,1098.66,156.951,0.03,5,254,1.0,0.0
C05026,Steady Regulars,5,1,3,513,18,1,371.98,371.98,0.0,2,18,1.0,0.0
C05027,Steady Regulars,3,3,3,333,155,4,440.3,110.075,0.455,3,248,1.0,0.0
C05028,Lapsed / Hibernating,2,3,2,232,595,3,173.12,57.707,0.111,4,722,1.0,0.0
C05029,Champions,3,5,5,355,139,25,5201.07,208.043,0.281,7,971,0.12,0.132
C05030,Lapsed / Hibernating,2,1,1,211,396,1,0.0,0.0,1.0,2,396,1.0,1.0
C05031,Lapsed / Hibernating,1,1,2,112,991,1,221.99,221.99,0.0,1,991,1.0,0.0
C05034,Lapsed / Hibernating,2,1,2,212,484,1,142.99,142.99,0.0,1,484,0.0,0.0
C05035,Steady Regulars,4,4,5,445,55,6,2123.43,353.905,0.097,4,984,1.0,0.067
C05036,Lapsed / Hibernating,2,1,4,214,663,1,799.97,799.97,0.0,3,663,1.0,0.333
C05037,Deal Hunters,4,1,1,411,34,1,51.08,51.08,1.0,2,34,1.0,0.0
C05039,Lapsed / Hibernating,2,3,3,233,505,3,393.59,131.197,0.461,3,755,1.0,0.091
C05040,Lapsed / Hibernating,2,1,1,211,651,1,26.98,26.98,0.0,2,651,1.0,0.0
C05041,Steady Regulars,3,4,4,344,145,7,705.65,100.807,0.35,4,767,1.0,0.182
C05042,Lapsed / Hibernating,1,3,4,134,793,4,1387.22,346.805,0.038,6,952,1.0,0.133
C05044,New & Promising,4,1,2,412,88,1,108.99,108.99,0.0,1,88,1.0,0.0
C05045,Champions,4,5,5,455,32,17,2528.42,148.731,0.156,5,884,0.118,0.025
C05046,Champions,3,4,5,345,269,10,2596.75,259.675,0.0,6,742,0.9,0.042
C05048,Lapsed / Hibernating,1,1,1,111,1091,1,38.99,38.99,0.0,1,1091,1.0,0.0
C05050,Champions,4,4,4,444,31,9,1357.64,150.849,0.16,4,553,1.0,0.13
C05051,New & Promising,4,1,1,411,41,1,10.99,10.99,0.0,1,41,1.0,0.0
C05052,Lapsed / Hibernating,2,1,2,212,557,1,105.36,105.36,0.402,2,557,1.0,0.0
C05056,Lapsed / Hibernating,2,4,5,245,527,7,2132.76,304.68,0.249,6,903,1.0,0.105
C05058,Steady Regulars,3,3,3,333,348,4,529.88,132.47,0.0,5,1078,1.0,0.0
C05060,Lapsed / Hibernating,2,1,1,211,469,1,56.97,56.97,0.0,1,469,1.0,0.0
C05062,Champions,4,5,5,455,56,16,1952.07,122.004,0.096,7,1027,0.875,0.094
C05063,New & Promising,5,1,2,512,27,1,164.78,164.78,0.32,2,27,0.0,0.0
C05064,Lapsed / Hibernating,1,4,3,143,813,5,411.88,82.376,0.0,4,1040,1.0,0.1
C05066,Steady Regulars,3,1,2,312,309,1,135.98,135.98,0.0,2,309,0.0,0.0
C05068,Steady Regulars,3,3,3,333,215,3,560.92,186.973,0.0,4,365,0.333,0.0
C05069,Lapsed / Hibernating,1,1,4,114,815,1,722.95,722.95,0.0,2,815,1.0,0.0
C05075,Deal Hunters,4,1,1,411,29,1,73.56,73.56,1.0,1,29,1.0,0.0
C05076,Steady Regulars,4,3,3,433,103,3,657.92,219.307,0.0,4,699,1.0,0.2
C05077,New & Promising,5,3,2,532,18,3,173.85,57.95,0.35,3,85,1.0,0.0
C05078,Steady Regulars,3,1,2,312,363,1,151.97,151.97,0.0,2,363,0.0,0.0
C05079,Champions,3,5,5,355,145,24,4425.52,184.397,0.04,7,1075,0.083,0.061
C05080,Lapsed / Hibernating,2,1,1,211,389,1,83.18,83.18,1.0,1,389,1.0,0.0
C05083,Lapsed / Hibernating,1,4,4,144,728,6,1229.31,204.885,0.07,4,825,1.0,0.0
C05084,Deal Hunters,3,1,3,313,133,1,371.43,371.43,1.0,1,133,1.0,0.0
C05086,Lapsed / Hibernating,1,1,2,112,739,1,98.99,98.99,0.0,1,739,1.0,0.0
C05087,Lapsed / Hibernating,2,1,3,213,489,1,455.97,455.97,0.0,3,489,0.0,0.0
C05088,New & Promising,3,1,1,311,363,1,71.97,71.97,0.0,1,363,1.0,0.0
C05089,Lapsed / Hibernating,1,1,3,113,857,1,309.97,309.97,0.0,2,857,1.0,0.0
C05090,New & Promising,3,1,1,311,242,1,0.0,0.0,0.0,1,242,1.0,1.0
C05091,Champions,3,5,5,355,206,16,2909.26,181.829,0.135,6,622,0.875,0.143
C05092,New & Promising,3,1,1,311,295,1,9.99,9.99,0.0,1,295,1.0,0.0
C05093,Steady Regulars,3,4,4,344,127,8,1005.28,125.66,0.147,5,891,0.5,0.111
C05094,Lapsed / Hibernating,1,1,3,113,1027,1,288.99,288.99,0.0,1,1027,1.0,0.0
C05095,Lapsed / Hibernating,1,1,2,112,886,1,221.99,221.99,0.0,1,886,0.0,0.0
C05096,Lapsed / Hibernating,1,1,2,112,986,1,93.97,93.97,0.0,3,986,1.0,0.25
C05098,Lapsed / Hibernating,2,3,2,232,641,2,135.95,67.975,0.265,2,818,0.0,0.0
C05100,New & Promising,3,1,1,311,247,1,62.99,62.99,0.0,1,247,1.0,0.0
C05101,Lapsed / Hibernating,1,1,4,114,782,1,705.96,705.96,0.0,1,782,1.0,0.0
C05104,Lapsed / Hibernating,1,1,1,111,987,1,11.99,11.99,0.0,1,987,1.0,0.0
C05105,Champions,5,5,5,555,17,36,6427.25,178.535,0.116,6,1070,0.944,0.154
C05106,Steady Regulars,3,4,4,344,189,6,952.29,158.715,0.218,6,601,1.0,0.176
C05107,Steady Regulars,3,3,3,333,263,3,340.95,113.65,0.0,4,545,1.0,0.0
C05108,Steady Regulars,3,4,4,344,243,6,720.7,120.117,0.391,4,656,0.833,0.0
C05111,Champions,5,5,5,555,17,17,2421.98,142.469,0.094,6,541,1.0,0.0
C05113,Lapsed / Hibernating,1,1,2,112,1068,1,229.33,229.33,0.311,3,1068,1.0,0.0
C05114,Lapsed / Hibernating,2,4,4,244,697,5,1054.78,210.956,0.027,4,1070,0.2,0.0
C05115,Lapsed / Hibernating,1,3,4,134,852,3,1109.11,369.703,0.633,3,923,0.0,0.1
C05116,Lapsed / Hibernating,2,1,2,212,499,1,95.18,95.18,1.0,1,499,1.0,0.0
C05117,Lapsed / Hibernating,2,1,2,212,526,1,113.98,113.98,0.0,2,526,0.0,0.0
C05118,Lapsed / Hibernating,2,1,1,211,424,1,19.99,19.99,0.0,1,424,0.0,0.0
C05119,Lapsed / Hibernating,1,3,4,134,1059,3,974.31,324.77,0.021,3,1079,0.333,0.0
C05120,Champions,4,5,5,455,34,20,4180.06,209.003,0.192,6,755,0.8,0.043
C05121,New & Promising,3,1,1,311,354,1,29.98,29.98,0.0,2,354,0.0,0.5
C05123,Steady Regulars,3,3,2,332,309,2,258.87,129.435,0.295,2,501,1.0,0.333
C05124,Champions,5,5,5,555,20,17,2535.98,149.175,0.069,7,1034,0.941,0.029
C05125,Steady Regulars,3,3,2,332,300,2,260.14,130.07,0.32,4,383,0.0,0.0
C05127,Champions,5,5,5,555,1,19,2859.23,150.486,0.313,6,1094,0.158,0.179
C05128,Champions,5,5,5,555,16,17,3050.24,179.426,0.224,7,497,0.176,0.061
C05129,New & Promising,4,1,2,412,45,1,128.98,128.98,0.0,2,45,1.0,0.0
C05131,Lapsed / Hibernating,2,1,1,211,696,1,67.94,67.94,0.0,2,696,1.0,0.0
C05132,New & Promising,4,1,1,411,101,1,41.98,41.98,0.0,1,101,1.0,0.0
C05134,Deal Hunters,5,1,1,511,20,1,13.59,13.59,1.0,1,20,1.0,0.0
C05135,Steady Regulars,4,1,3,413,56,1,289.96,289.96,0.0,3,56,1.0,0.0
C05136,Lapsed / Hibernating,2,1,1,211,569,1,22.99,22.99,0.0,1,569,0.0,0.0
C05137,Champions,5,5,5,555,14,12,1937.93,161.494,0.195,6,678,0.833,0.074
C05138,Steady Regulars,4,3,2,432,38,4,167.34,41.835,0.308,4,315,1.0,0.143
C05139,Lapsed / Hibernating,2,3,1,231,566,2,60.99,30.495,0.0,2,656,0.5,0.75
C05140,Champions,5,4,4,544,13,10,887.78,88.778,0.042,5,342,0.0,0.056
C05141,Lapsed / Hibernating,2,5,5,255,552,12,2974.02,247.835,0.114,6,1093,1.0,0.091
C05143,Champions,5,5,5,555,22,17,2068.56,121.68,0.153,7,642,1.0,0.067
C05144,New & Promising,4,3,2,432,66,2,160.93,80.465,0.0,2,193,1.0,0.0
C05146,Champions,4,4,4,444,43,5,908.32,181.664,0.458,6,1025,0.8,0.0
C05150,Steady Regulars,3,3,4,334,274,3,996.59,332.197,0.202,4,773,1.0,0.0
C05152,Lapsed / Hibernating,2,1,2,212,436,1,110.98,110.98,0.0,2,436,0.0,0.0
C05153,Lapsed / Hibernating,1,1,1,111,788,1,16.99,16.99,0.0,1,788,0.0,0.0
C05154,Steady Regulars,3,1,3,313,211,1,288.99,288.99,0.0,1,211,0.0,0.0
C05155,Champions,5,4,4,544,21,7,703.7,100.529,0.266,5,798,1.0,0.214
C05157,Steady Regulars,4,4,3,443,88,6,430.0,71.667,0.13,3,367,0.333,0.0
C05158,New & Promising,3,1,1,311,302,1,22.99,22.99,0.0,1,302,1.0,0.0
C05160,Steady Regulars,4,4,4,444,44,5,714.45,142.89,0.181,4,237,1.0,0.0
C05161,Steady Regulars,4,1,3,413,79,1,351.98,351.98,0.0,2,79,1.0,0.0
C05162,Champions,5,5,4,554,24,11,1634.72,148.611,0.147,7,882,0.909,0.13
C05165,Champions,5,5,5,555,26,17,2603.56,153.151,0.083,7,557,0.824,0.028
C05168,New & Promising,3,1,1,311,319,1,62.97,62.97,0.0,1,319,0.0,0.0
C05169,Steady Regulars,3,3,3,333,141,4,504.95,126.238,0.0,3,606,1.0,0.0
C05170,Champions,3,5,5,355,192,48,7138.61,148.721,0.04,7,1091,0.208,0.133
C05171,Champions,5,5,5,555,9,28,7412.84,264.744,0.128,8,1019,0.214,0.129
C05172,Lapsed / Hibernating,2,1,1,211,416,1,16.99,16.99,0.0,1,416,0.0,0.0
C05173,Lapsed / Hibernating,2,1,1,211,424,1,16.99,16.99,0.0,1,424,1.0,0.0
C05174,New & Promising,4,1,2,412,59,1,220.99,220.99,0.0,1,59,1.0,0.0
C05175,Champions,5,4,4,544,23,10,922.77,92.277,0.139,5,548,0.2,0.059
C05177,Champions,5,4,5,545,10,9,1843.58,204.842,0.277,5,343,1.0,0.087
C05178,Steady Regulars,4,4,4,444,38,5,802.86,160.572,0.179,5,264,0.8,0.077
C05179,New & Promising,5,1,3,513,7,1,271.95,271.95,0.0,3,7,1.0,0.0
C05180,Deal Hunters,3,1,1,311,187,1,0.0,0.0,1.0,1,187,1.0,1.0
C05182,Lapsed / Hibernating,1,3,3,133,746,3,299.95,99.983,0.213,4,948,1.0,0.0
C05183,New & Promising,5,1,2,512,1,1,125.96,125.96,0.0,2,1,1.0,0.0
C05184,Champions,3,4,4,344,340,10,1316.9,131.69,0.549,5,1066,1.0,0.105
C05185,Steady Regulars,4,3,2,432,56,2,254.93,127.465,0.271,3,396,0.0,0.167
C05186,Lapsed / Hibernating,2,1,1,211,394,1,23.99,23.99,0.0,1,394,1.0,0.0
C05187,Steady Regulars,3,4,5,345,288,8,2420.2,302.525,0.161,5,1001,0.125,0.045
C05188,Steady Regulars,5,3,3,533,13,3,347.71,115.903,0.221,5,107,0.0,0.0
C05189,Champions,5,4,4,544,9,9,1473.07,163.674,0.384,7,174,1.0,0.053
C05190,Lapsed / Hibernating,1,1,3,113,871,1,427.48,427.48,0.752,3,871,0.0,0.0
C05194,Lapsed / Hibernating,2,3,4,234,614,4,878.87,219.718,0.0,3,955,0.0,0.0
C05195,Champions,5,5,5,555,22,16,4206.0,262.875,0.016,6,355,0.938,0.128
C05196,Lapsed / Hibernating,2,5,5,255,686,11,2607.75,237.068,0.385,6,1020,0.818,0.231
C05198,Lapsed / Hibernating,1,1,2,112,798,1,184.68,184.68,0.794,2,798,1.0,0.0
C05201,Steady Regulars,3,3,4,334,177,3,741.87,247.29,0.0,3,497,0.667,0.1
C05202,Champions,4,5,5,455,54,12,1884.91,157.076,0.051,4,619,0.25,0.05
C05204,Steady Regulars,3,4,4,344,228,5,977.88,195.576,0.021,6,569,1.0,0.0
C05205,Steady Regulars,3,3,4,334,253,3,764.94,254.98,0.037,4,759,1.0,0.143
C05207,Champions,3,5,5,355,285,13,1718.82,132.217,0.161,7,1071,1.0,0.156
C05208,Steady Regulars,3,3,3,333,210,4,489.95,122.488,0.0,3,372,0.25,0.0
C05210,Lapsed / Hibernating,2,4,4,244,484,6,1179.84,196.64,0.0,4,880,0.0,0.1
C05211,Lapsed / Hibernating,1,3,3,133,944,3,557.86,185.953,0.041,5,1083,1.0,0.1
C05212,Lapsed / Hibernating,1,4,3,143,917,7,542.27,77.467,0.129,4,1027,1.0,0.429
C05213,New & Promising,3,1,1,311,125,1,69.98,69.98,0.0,1,125,1.0,0.0
C05214,New & Promising,5,3,2,532,17,2,147.76,73.88,0.237,2,210,1.0,0.25
C05216,Lapsed / Hibernating,1,5,5,155,860,18,3396.31,188.684,0.376,5,1072,0.889,0.19
C05217,New & Promising,5,1,3,513,10,1,377.97,377.97,0.0,2,10,1.0,0.0
C05218,Steady Regulars,5,3,2,532,23,3,197.76,65.92,0.13,4,668,1.0,0.2
C05221,New & Promising,4,1,1,411,46,1,76.98,76.98,0.0,2,46,1.0,0.5
C05225,Lapsed / Hibernating,1,3,2,132,908,4,206.14,51.535,0.079,4,1090,1.0,0.0
C05226,Lapsed / Hibernating,2,4,4,244,417,5,1645.94,329.188,0.082,4,615,0.4,0.0
C05227,Lapsed / Hibernating,2,4,4,244,524,6,1263.09,210.515,0.088,4,792,0.833,0.062
C05228,Lapsed / Hibernating,1,1,1,111,711,1,37.99,37.99,0.84,1,711,1.0,0.5
C05231,Steady Regulars,3,4,4,344,236,7,710.57,101.51,0.05,4,459,0.143,0.0
C05232,Lapsed / Hibernating,2,1,2,212,557,1,210.99,210.99,0.0,1,557,0.0,0.0
C05235,New & Promising,3,1,2,312,163,1,100.98,100.98,0.0,2,163,1.0,0.0
C05236,Lapsed / Hibernating,2,5,5,255,656,11,1810.03,164.548,0.096,7,1014,0.909,0.045
C05237,New & Promising,4,1,1,411,79,1,20.99,20.99,0.0,1,79,1.0,0.0
C05238,Lapsed / Hibernating,2,1,3,213,467,1,401.25,401.25,0.666,2,467,1.0,0.0
C05240,Champions,4,5,4,454,60,11,1270.63,115.512,0.062,6,627,0.818,0.095
C05242,Champions,3,5,5,355,184,18,2919.45,162.192,0.07,7,730,1.0,0.059
C05243,Steady Regulars,4,4,4,444,70,6,777.94,129.657,0.034,5,499,0.167,0.0
C05245,Lapsed / Hibernating,2,3,4,234,390,3,780.92,260.307,0.059,4,884,0.333,0.125
C05247,New & Promising,3,1,1,311,124,1,19.99,19.99,0.0,1,124,1.0,0.0
C05248,Steady Regulars,5,3,3,533,20,4,442.11,110.528,0.105,2,135,0.75,0.273
C05249,Steady Regulars,4,4,4,444,33,5,698.17,139.634,0.104,3,514,1.0,0.1
C05252,New & Promising,4,1,1,411,57,1,23.99,23.99,0.0,1,57,1.0,0.0
C05253,New & Promising,3,1,1,311,212,1,44.99,44.99,0.0,1,212,1.0,0.0
C05254,Steady Regulars,3,1,3,313,181,1,379.96,379.96,0.0,2,181,1.0,0.0
C05255,Champions,4,4,5,445,94,9,2712.88,301.431,0.333,5,811,0.778,0.069
C05256,Champions,5,5,5,555,15,22,3688.25,167.648,0.128,7,755,0.909,0.017
C05257,Lapsed / Hibernating,1,1,2,112,890,1,101.97,101.97,0.0,2,890,1.0,0.0
C05258,Lapsed / Hibernating,2,3,1,231,598,2,23.99,11.995,0.0,2,682,1.0,0.5
C05259,Steady Regulars,3,1,4,314,154,1,811.96,811.96,0.0,3,154,1.0,0.0
C05260,Lapsed / Hibernating,1,3,3,133,739,3,274.85,91.617,0.105,3,864,0.333,0.0
C05262,Deal Hunters,3,1,1,311,139,1,47.98,47.98,0.644,2,139,1.0,0.5
C05263,New & Promising,3,1,1,311,211,1,59.98,59.98,0.0,1,211,1.0,0.0
C05265,Lapsed / Hibernating,2,1,1,211,463,1,74.97,74.97,0.0,2,463,1.0,0.333
C05266,Lapsed / Hibernating,1,1,3,113,1047,1,290.94,290.94,0.0,3,1047,0.0,0.0
C05267,Lapsed / Hibernating,2,1,3,213,684,1,610.97,610.97,0.0,2,684,1.0,0.0
C05269,Champions,4,5,5,455,71,25,2174.17,86.967,0.168,7,1000,0.84,0.065
C05270,Lapsed / Hibernating,1,1,1,111,727,1,31.98,31.98,0.0,1,727,0.0,0.0
C05271,Champions,4,5,5,455,41,29,3439.57,118.606,0.199,8,1075,0.034,0.125
C05273,Champions,3,5,5,355,259,18,1938.87,107.715,0.21,6,1073,0.111,0.114
C05274,Steady Regulars,4,4,5,445,98,8,1940.2,242.525,0.168,4,732,1.0,0.053
C05275,Steady Regulars,3,1,3,313,265,1,380.99,380.99,0.0,1,265,1.0,0.0
C05276,Deal Hunters,4,1,2,412,37,1,88.19,88.19,1.0,2,37,1.0,0.5
C05277,Lapsed / Hibernating,1,1,4,114,717,1,714.69,714.69,0.634,3,717,0.0,0.0
C05280,Lapsed / Hibernating,1,4,4,144,725,6,1342.75,223.792,0.044,5,1095,0.0,0.071
C05281,Deal Hunters,3,3,2,332,363,2,108.97,54.485,0.624,3,1080,1.0,0.0
C05282,Lapsed / Hibernating,1,1,2,112,971,1,252.37,252.37,0.271,1,971,1.0,0.0
C05283,Champions,3,4,5,345,171,9,2062.8,229.2,0.073,6,1081,1.0,0.087
C05284,New & Promising,3,1,1,311,359,1,46.99,46.99,0.0,1,359,1.0,0.0
C05286,Champions,5,4,4,544,5,5,1127.9,225.58,0.0,6,151,1.0,0.1
C05287,New & Promising,3,1,1,311,227,1,0.0,0.0,0.0,1,227,1.0,1.0
C05288,Lapsed / Hibernating,2,1,2,212,673,1,125.97,125.97,0.0,2,673,0.0,0.0
C05289,Champions,5,5,5,555,26,15,3251.24,216.749,0.062,6,922,0.867,0.114
C05290,Lapsed / Hibernating,1,1,3,113,963,1,418.76,418.76,0.075,1,963,1.0,0.25
C05291,Lapsed / Hibernating,1,1,3,113,1069,1,317.98,317.98,0.0,2,1069,1.0,0.0
C05292,Lapsed / Hibernating,2,4,4,244,558,8,1152.93,144.116,0.201,5,864,0.125,0.111
C05295,Lapsed / Hibernating,2,1,1,211,629,1,69.96,69.96,0.0,4,629,1.0,0.25
C05296,Steady Regulars,3,3,2,332,312,2,225.95,112.975,0.0,3,463,0.0,0.0
C05297,Lapsed / Hibernating,2,1,1,211,521,1,59.98,59.98,0.0,1,521,1.0,0.0
C05299,Lapsed / Hibernating,1,4,4,144,869,7,939.88,134.269,0.03,5,1056,1.0,0.0
C05300,Steady Regulars,4,4,4,444,31,5,1074.72,214.944,0.135,4,447,0.4,0.071
C05301,New & Promising,4,1,1,411,120,1,51.99,51.99,0.0,1,120,1.0,0.0
C05302,Champions,3,4,4,344,319,6,1589.03,264.838,0.586,6,941,0.0,0.214
C05305,Deal Hunters,3,1,2,312,139,1,96.04,96.04,1.0,1,139,1.0,0.0
C05307,Steady Regulars,5,3,3,533,22,2,314.95,157.475,0.0,3,43,1.0,0.25
C05308,Lapsed / Hibernating,1,3,3,133,928,2,553.94,276.97,0.0,3,1061,1.0,0.0
C05311,Champions,5,5,5,555,12,30,4813.77,160.459,0.105,7,1083,0.167,0.016
C05312,Lapsed / Hibernating,2,1,2,212,537,1,145.66,145.66,0.389,3,537,1.0,0.0
C05313,Steady Regulars,5,4,2,542,26,5,158.98,31.796,0.148,3,577,0.2,0.143
C05314,Steady Regulars,4,1,3,413,106,1,291.99,291.99,0.0,1,106,0.0,0.0
C05315,New & Promising,4,1,1,411,42,1,26.99,26.99,0.0,1,42,1.0,0.0
C05317,Lapsed / Hibernating,1,3,2,132,829,2,193.98,96.99,0.0,1,844,0.0,0.0
C05318,Steady Regulars,3,3,3,333,304,4,323.91,80.977,0.0,6,591,0.75,0.0
C05319,Lapsed / Hibernating,2,1,1,211,671,1,23.99,23.99,0.0,1,671,0.0,0.0
C05320,Steady Regulars,3,1,2,312,332,1,111.96,111.96,0.0,2,332,1.0,0.0
C05321,Champions,5,3,4,534,6,4,1008.85,252.212,0.264,4,993,0.0,0.0
C05322,Lapsed / Hibernating,2,5,5,255,559,40,5494.29,137.357,0.1,8,1088,0.15,0.022
C05323,Lapsed / Hibernating,1,3,3,133,993,2,499.53,249.765,0.516,3,1093,0.5,0.2
C05324,Lapsed / Hibernating,2,4,4,244,401,8,1209.51,151.189,0.236,4,1053,0.25,0.071
C05325,Steady Regulars,3,4,3,343,295,5,275.72,55.144,0.492,4,1017,1.0,0.0
C05326,Lapsed / Hibernating,1,1,3,113,1031,1,635.96,635.96,0.0,1,1031,1.0,0.0
C05328,Champions,5,5,5,555,27,25,5316.78,212.671,0.04,5,413,1.0,0.04
C05329,Champions,3,4,4,344,136,7,1172.83,167.547,0.0,7,436,1.0,0.118
C05332,Lapsed / Hibernating,1,4,4,144,771,8,1399.86,174.983,0.164,4,1071,1.0,0.0
C05333,Champions,5,5,5,555,14,24,4102.93,170.955,0.12,6,636,0.125,0.196
C05336,Lapsed / Hibernating,2,4,4,244,467,6,778.18,129.697,0.18,6,1021,0.0,0.0
C05337,Champions,5,5,5,555,5,17,3304.35,194.374,0.105,8,151,0.882,0.106
C05338,Lapsed / Hibernating,2,3,4,234,401,3,771.78,257.26,0.768,4,473,0.667,0.0
C05340,Lapsed / Hibernating,2,3,2,232,617,3,263.66,87.887,0.147,3,775,0.333,0.0
C05341,Steady Regulars,4,4,4,444,86,5,906.79,181.358,0.0,5,272,0.6,0.0
C05343,Champions,3,5,5,355,130,23,5264.91,228.909,0.25,8,1074,0.217,0.07
C05344,Champions,5,5,5,555,17,23,2780.84,120.906,0.081,5,1049,0.957,0.091
C05345,Lapsed / Hibernating,1,3,3,133,769,4,461.13,115.282,0.51,3,1068,0.25,0.0
C05346,Lapsed / Hibernating,2,3,3,233,547,2,371.33,185.665,0.093,4,799,0.5,0.0
C05347,Lapsed / Hibernating,2,1,1,211,668,1,24.99,24.99,0.0,1,668,1.0,0.0
C05348,Lapsed / Hibernating,2,1,1,211,687,1,55.47,55.47,0.568,2,687,1.0,0.0
C05350,Lapsed / Hibernating,2,1,2,212,371,1,231.98,231.98,0.0,2,371,1.0,0.0
C05353,Champions,3,4,4,344,356,7,1417.75,202.536,0.082,7,884,0.714,0.0
C05354,Steady Regulars,3,4,4,344,179,6,1140.89,190.148,0.013,4,537,0.833,0.286
C05355,New & Promising,5,1,2,512,18,1,195.95,195.95,0.0,3,18,1.0,0.0
C05356,Deal Hunters,3,1,1,311,335,1,48.58,48.58,1.0,1,335,1.0,0.0
C05357,Lapsed / Hibernating,1,1,3,113,895,1,327.57,327.57,0.368,2,895,0.0,0.0
C05360,Lapsed / Hibernating,2,1,3,213,376,1,420.34,420.34,0.09,3,376,1.0,0.2
C05361,Steady Regulars,5,3,4,534,27,4,702.87,175.718,0.082,4,108,1.0,0.111
C05362,Lapsed / Hibernating,2,1,3,213,380,1,323.98,323.98,0.0,1,380,1.0,0.0
C05363,Lapsed / Hibernating,2,5,5,255,398,11,2380.96,216.451,0.258,6,845,0.909,0.0
C05364,Deal Hunters,3,1,3,313,137,1,346.79,346.79,1.0,1,137,0.0,0.0
C05365,Lapsed / Hibernating,1,3,2,132,1026,2,102.95,51.475,0.0,2,1095,0.5,0.25
C05368,Champions,4,5,5,455,53,60,11778.29,196.305,0.071,8,1090,0.917,0.094
C05369,New & Promising,4,1,2,412,72,1,153.95,153.95,0.0,3,72,1.0,0.0
C05370,Deal Hunters,5,3,2,532,6,2,91.87,45.935,0.5,2,188,1.0,0.0
C05373,Champions,5,5,5,555,11,13,2743.76,211.058,0.08,7,818,1.0,0.125
C05374,Champions,4,4,4,444,56,9,1626.3,180.7,0.064,6,902,0.889,0.05
C05376,Lapsed / Hibernating,1,3,2,132,828,2,193.97,96.985,0.49,4,944,0.0,0.4
C05377,Lapsed / Hibernating,1,1,2,112,902,1,193.98,193.98,0.0,1,902,1.0,0.0
C05378,Champions,5,5,5,555,13,27,5510.78,204.103,0.242,7,440,0.889,0.115
C05380,New & Promising,4,1,1,411,71,1,0.0,0.0,0.0,1,71,1.0,1.0
C05381,New & Promising,4,3,2,432,50,2,86.99,43.495,0.0,3,128,1.0,0.667
C05383,Champions,5,5,5,555,19,11,2484.2,225.836,0.019,6,775,0.364,0.0
C05384,Steady Regulars,5,4,4,544,5,5,913.88,182.776,0.0,5,42,1.0,0.214
C05385,Steady Regulars,4,4,4,444,87,8,1092.1,136.513,0.063,5,732,1.0,0.0
C05386,Steady Regulars,3,1,2,312,172,1,150.96,150.96,0.0,3,172,1.0,0.0
C05387,Lapsed / Hibernating,1,3,4,134,716,4,1373.05,343.263,0.516,3,1020,1.0,0.0
C05388,Lapsed / Hibernating,2,1,2,212,631,1,100.96,100.96,0.0,3,631,1.0,0.0
C05389,Steady Regulars,3,3,3,333,221,3,496.95,165.65,0.0,2,381,1.0,0.0
C05391,Steady Regulars,3,1,2,312,200,1,190.97,190.97,0.0,2,200,0.0,0.0
C05392,New & Promising,5,1,1,511,16,1,0.0,0.0,0.0,1,16,1.0,1.0
C05393,Steady Regulars,3,4,4,344,197,5,815.02,163.004,0.117,4,480,1.0,0.0
C05394,Champions,5,4,4,544,23,10,1341.21,134.121,0.069,4,540,0.8,0.0
C05397,Lapsed / Hibernating,1,3,2,132,931,2,227.77,113.885,0.221,3,934,1.0,0.5
C05398,Lapsed / Hibernating,2,1,2,212,571,1,137.99,137.99,0.0,1,571,0.0,0.0
C05399,Lapsed / Hibernating,2,3,3,233,412,3,580.58,193.527,0.599,3,496,1.0,0.0
C05400,Lapsed / Hibernating,1,1,3,113,724,1,310.17,310.17,0.694,3,724,1.0,0.0
C05402,Steady Regulars,4,1,3,413,95,1,473.98,473.98,0.0,1,95,1.0,0.0
C05403,Deal Hunters,3,1,3,313,140,1,427.84,427.84,0.664,3,140,1.0,0.0
C05404,Lapsed / Hibernating,2,1,2,212,366,1,162.96,162.96,0.0,2,366,1.0,0.0
C05405,Deal Hunters,3,1,2,312,196,1,142.39,142.39,1.0,1,196,1.0,0.0
C05406,Steady Regulars,3,4,4,344,168,6,913.96,152.327,0.056,5,773,0.0,0.083
C05408,Champions,3,5,5,355,345,30,5996.46,199.882,0.115,7,1093,0.967,0.063
C05409,Lapsed / Hibernating,1,3,2,132,998,2,187.97,93.985,0.0,3,1051,0.0,0.25
C05411,New & Promising,4,3,1,431,90,2,62.97,31.485,0.0,2,201,1.0,0.0
C05412,Champions,4,5,5,455,48,34,6931.1,203.856,0.166,7,1053,0.912,0.118
C05414,Lapsed / Hibernating,1,3,2,132,728,2,108.98,54.49,0.0,2,982,1.0,0.333
C05415,Lapsed / Hibernating,2,1,2,212,665,1,241.97,241.97,0.0,1,665,1.0,0.0
C05416,Steady Regulars,3,3,2,332,184,2,200.96,100.48,0.0,2,327,1.0,0.0
C05417,Champions,3,5,5,355,348,19,4539.35,238.913,0.276,8,1071,0.947,0.04
C05418,Champions,2,5,5,255,365,33,6546.63,198.383,0.061,8,808,1.0,0.083
C05419,Steady Regulars,3,3,4,334,132,4,814.9,203.725,0.334,4,205,1.0,0.0
C05420,Steady Regulars,3,1,2,312,267,1,116.98,116.98,0.0,2,267,1.0,0.0
C05421,Lapsed / Hibernating,2,1,1,211,674,1,34.99,34.99,0.0,1,674,1.0,0.0
C05422,Lapsed / Hibernating,1,1,3,113,1079,1,382.97,382.97,0.0,1,1079,0.0,0.0
C05423,Champions,4,4,4,444,74,10,1330.19,133.019,0.054,4,1059,0.2,0.071
C05425,Champions,5,5,5,555,11,13,3724.81,286.524,0.029,7,138,0.077,0.0
C05426,Lapsed / Hibernating,2,4,4,244,626,5,918.89,183.778,0.137,5,1054,1.0,0.2
C05428,Lapsed / Hibernating,2,1,2,212,493,1,105.98,105.98,0.0,2,493,1.0,0.5
C05429,Lapsed / Hibernating,2,3,3,233,641,2,624.94,312.47,0.0,2,765,0.5,0.0
C05430,Lapsed / Hibernating,1,1,2,112,1050,1,137.98,137.98,0.0,1,1050,0.0,0.0
C05431,Steady Regulars,4,3,4,434,68,4,1463.3,365.825,0.104,5,170,1.0,0.0
C05432,New & Promising,3,3,1,331,325,2,43.98,21.99,0.0,2,527,1.0,0.0
C05433,New & Promising,4,1,1,411,106,1,85.97,85.97,0.0,2,106,1.0,0.0
C05434,Lapsed / Hibernating,2,3,3,233,385,3,390.93,130.31,0.389,2,652,0.333,0.0
C05435,Champions,4,5,4,454,62,18,1450.08,80.56,0.154,8,784,0.889,0.036
C05438,Steady Regulars,3,3,2,332,290,2,188.74,94.37,0.296,2,295,1.0,0.0
C05439,Lapsed / Hibernating,1,1,2,112,979,1,158.99,158.99,0.0,1,979,0.0,0.0
C05440,Lapsed / Hibernating,2,4,4,244,548,6,828.84,138.14,0.0,5,989,1.0,0.0
C05442,Lapsed / Hibernating,2,1,1,211,440,1,65.98,65.98,0.0,2,440,1.0,0.0
C05443,Lapsed / Hibernating,1,4,4,144,783,6,757.48,126.247,0.178,3,977,1.0,0.0
C05444,Champions,5,5,5,555,2,12,1916.53,159.711,0.109,7,580,0.083,0.13
C05445,Lapsed / Hibernating,1,3,1,131,978,2,31.99,15.995,0.749,2,1069,1.0,0.5
C05446,Steady Regulars,3,3,2,332,183,3,255.95,85.317,0.0,5,447,1.0,0.0
C05447,Lapsed / Hibernating,1,3,3,133,794,2,496.92,248.46,0.0,4,852,0.0,0.143
C05448,New & Promising,4,1,1,411,55,1,23.99,23.99,0.0,1,55,1.0,0.0
C05452,Champions,5,4,4,544,8,7,887.62,126.803,0.132,5,746,0.857,0.0
C05453,Steady Regulars,4,3,3,433,46,4,277.24,69.31,0.175,4,316,0.75,0.286
C05454,Lapsed / Hibernating,2,4,3,243,656,7,565.99,80.856,0.449,3,1070,0.571,0.3
C05455,Lapsed / Hibernating,2,3,3,233,433,3,329.94,109.98,0.0,3,1051,1.0,0.0
C05458,Lapsed / Hibernating,2,1,4,214,628,1,790.95,790.95,0.0,2,628,1.0,0.0
C05459,Champions,5,5,5,555,22,19,2839.47,149.446,0.325,6,797,0.789,0.143
C05460,Lapsed / Hibernating,1,1,1,111,710,1,28.99,28.99,0.838,2,710,1.0,0.5
C05461,Deal Hunters,5,3,2,532,12,3,234.7,78.233,0.463,4,149,1.0,0.0
C05462,Champions,5,4,4,544,6,10,1270.92,127.092,0.178,5,578,0.9,0.0
C05463,Lapsed / Hibernating,1,4,3,143,1012,5,574.41,114.882,0.145,2,1080,0.8,0.222
C05464,Steady Regulars,4,4,2,442,31,5,237.28,47.456,0.309,4,442,0.0,0.0
C05465,Champions,4,4,5,445,73,10,1862.33,186.233,0.26,6,985,0.2,0.0
C05466,Lapsed / Hibernating,1,1,3,113,1055,1,266.97,266.97,0.0,2,1055,0.0,0.0
C05467,Steady Regulars,4,3,3,433,51,3,392.75,130.917,0.282,3,705,1.0,0.167
C05468,Lapsed / Hibernating,2,4,4,244,662,9,1226.79,136.31,0.0,3,1088,0.111,0.188
C05471,Steady Regulars,3,3,4,334,158,4,694.95,173.738,0.325,5,515,1.0,0.0
C05473,Champions,4,5,5,455,38,24,3984.92,166.038,0.173,7,1060,0.042,0.096
C05474,Steady Regulars,5,4,4,544,20,6,1486.33,247.722,0.606,5,89,0.0,0.0
C05475,Steady Regulars,3,3,3,333,139,3,375.64,125.213,0.548,4,351,0.667,0.0
C05477,Steady Regulars,3,4,4,344,346,5,849.01,169.802,0.416,2,606,1.0,0.1
C05478,Champions,3,4,5,345,171,9,2568.57,285.397,0.011,6,416,0.889,0.0
C05480,Steady Regulars,3,3,4,334,363,4,1036.82,259.205,0.24,4,669,0.25,0.067
C05482,New & Promising,3,1,2,312,220,1,122.99,122.99,0.0,1,220,1.0,0.0
C05483,Champions,5,4,5,545,21,10,2265.76,226.576,0.048,4,743,0.0,0.087
C05484,Lapsed / Hibernating,2,1,1,211,699,1,0.0,0.0,0.0,1,699,0.0,1.0
C05485,Lapsed / Hibernating,1,1,2,112,856,1,127.97,127.97,0.0,2,856,0.0,0.0
C05487,Champions,5,4,4,544,1,6,1059.91,176.652,0.154,4,177,0.167,0.0
C05488,Lapsed / Hibernating,2,1,2,212,424,1,205.98,205.98,0.0,1,424,1.0,0.0
C05490,Lapsed / Hibernating,2,3,2,232,597,2,220.44,110.22,0.105,3,603,1.0,0.2
C05491,Steady Regulars,3,3,2,332,137,2,169.03,84.515,0.131,3,308,0.5,0.0
C05493,Lapsed / Hibernating,2,1,2,212,435,1,154.97,154.97,0.0,3,435,1.0,0.0
C05497,Steady Regulars,4,4,4,444,99,7,1370.15,195.736,0.163,5,317,1.0,0.071
C05500,New & Promising,3,1,1,311,258,1,59.98,59.98,0.0,2,258,1.0,0.5
C05501,Lapsed / Hibernating,2,1,1,211,442,1,23.99,23.99,0.0,1,442,0.0,0.0
C05502,New & Promising,5,3,2,532,24,2,105.05,52.525,0.268,3,84,1.0,0.167
C05503,Lapsed / Hibernating,2,5,5,255,451,12,3128.65,260.721,0.206,6,938,0.917,0.069
C05504,Lapsed / Hibernating,2,4,4,244,377,9,1069.74,118.86,0.308,7,1074,0.111,0.13
C05505,New & Promising,3,3,2,332,174,2,118.96,59.48,0.0,2,184,0.5,0.0
C05507,Steady Regulars,3,4,4,344,191,7,1356.84,193.834,0.402,5,826,1.0,0.0
C05508,Lapsed / Hibernating,2,3,3,233,513,2,612.92,306.46,0.0,4,619,0.5,0.0
C05510,Lapsed / Hibernating,2,1,2,212,385,1,179.58,179.58,0.076,2,385,1.0,0.0
C05511,Steady Regulars,4,1,4,414,28,1,711.9,711.9,0.0,3,28,1.0,0.0
C05512,Lapsed / Hibernating,2,3,1,231,672,3,80.97,26.99,0.0,3,1047,1.0,0.667
C05513,Steady Regulars,5,4,4,544,27,5,857.59,171.518,0.222,4,240,0.8,0.167
C05514,Steady Regulars,3,1,3,313,213,1,379.96,379.96,0.0,1,213,1.0,0.0
C05515,Steady Regulars,3,4,4,344,162,5,801.88,160.376,0.0,4,1008,0.0,0.0
C05517,Champions,5,4,4,544,26,9,1510.22,167.802,0.2,5,417,0.222,0.0
C05518,Champions,5,5,5,555,19,55,12086.05,219.746,0.184,7,748,0.255,0.103
C05519,Lapsed / Hibernating,2,4,4,244,376,7,965.79,137.97,0.303,6,918,0.286,0.071
C05520,Lapsed / Hibernating,2,1,2,212,697,1,263.96,263.96,0.0,2,697,0.0,0.0
C05522,New & Promising,3,1,1,311,349,1,79.98,79.98,0.0,2,349,1.0,0.0
C05523,Steady Regulars,5,3,3,533,3,2,396.97,198.485,0.0,2,131,1.0,0.0
C05526,Lapsed / Hibernating,2,4,3,243,531,6,604.99,100.832,0.141,5,937,1.0,0.1
C05528,Lapsed / Hibernating,2,5,4,254,495,13,1541.87,118.605,0.033,7,870,0.077,0.15
C05529,Champions,3,5,5,355,214,50,10187.78,203.756,0.171,7,1093,0.88,0.092
C05530,New & Promising,3,1,1,311,126,1,70.99,70.99,0.0,1,126,1.0,0.0
C05531,Steady Regulars,3,3,2,332,336,2,235.93,117.965,0.155,3,592,1.0,0.167
C05532,Lapsed / Hibernating,1,3,3,133,915,4,562.41,140.602,0.424,6,1012,1.0,0.0
C05533,Lapsed / Hibernating,1,1,1,111,836,1,62.98,62.98,0.0,2,836,1.0,0.0
C05534,Deal Hunters,5,3,2,532,19,3,181.87,60.623,0.587,3,142,1.0,0.25
C05536,Lapsed / Hibernating,1,5,5,155,830,13,2842.14,218.626,0.199,6,1096,0.923,0.029
C05537,Champions,5,4,4,544,18,6,1466.83,244.472,0.0,5,427,1.0,0.2
C05538,Steady Regulars,4,3,4,434,104,3,745.94,248.647,0.0,2,488,0.333,0.167
C05539,Steady Regulars,5,3,3,533,12,2,343.16,171.58,0.266,3,549,0.5,0.0
C05540,Steady Regulars,5,3,3,533,21,4,405.29,101.322,0.058,3,219,1.0,0.0
C05541,Steady Regulars,5,3,3,533,12,3,337.33,112.443,0.069,3,150,1.0,0.0
C05542,Champions,5,4,4,544,10,7,1087.41,155.344,0.285,5,931,0.0,0.143
C05543,Steady Regulars,3,4,4,344,302,5,968.17,193.634,0.439,6,606,1.0,0.0
C05544,Lapsed / Hibernating,2,4,4,244,637,9,1088.16,120.907,0.058,7,747,0.778,0.136
C05546,Steady Regulars,3,1,2,312,260,1,99.88,99.88,0.279,2,260,1.0,0.0
C05548,Lapsed / Hibernating,2,1,1,211,606,1,81.57,81.57,1.0,1,606,0.0,0.0
C05550,New & Promising,4,1,1,411,52,1,22.99,22.99,0.0,1,52,1.0,0.0
C05551,Lapsed / Hibernating,1,1,3,113,1096,1,522.97,522.97,0.0,2,1096,0.0,0.0
C05552,Lapsed / Hibernating,1,1,2,112,1077,1,248.99,248.99,0.0,1,1077,1.0,0.0
C05554,Champions,4,5,5,455,33,24,3772.36,157.182,0.074,6,972,0.833,0.077
C05555,Lapsed / Hibernating,2,4,5,245,500,7,2240.59,320.084,0.045,6,1062,0.286,0.059
C05556,Lapsed / Hibernating,2,1,3,213,480,1,341.96,341.96,0.0,2,480,1.0,0.0
C05557,Steady Regulars,3,1,4,314,230,1,742.74,742.74,0.051,3,230,1.0,0.0
C05558,Champions,4,5,5,455,42,24,4360.2,181.675,0.168,8,1092,0.25,0.019
C05559,Lapsed / Hibernating,1,1,1,111,867,1,18.99,18.99,0.0,1,867,1.0,0.0
C05560,New & Promising,5,3,2,532,15,3,198.97,66.323,0.038,3,88,1.0,0.25
C05561,New & Promising,5,3,2,532,22,4,254.25,63.562,0.143,4,78,0.25,0.167
C05562,Champions,4,4,5,445,37,8,1901.43,237.679,0.1,4,591,0.25,0.083
C05563,Lapsed / Hibernating,1,3,4,134,1068,2,820.95,410.475,0.0,2,1093,0.0,0.0
C05564,New & Promising,4,3,1,431,58,2,66.98,33.49,0.0,1,436,0.0,0.0
C05565,Steady Regulars,3,4,4,344,132,5,1118.86,223.772,0.0,5,456,0.2,0.0
C05566,Lapsed / Hibernating,1,3,3,133,863,3,485.3,161.767,0.293,3,980,0.667,0.0
C05567,Lapsed / Hibernating,2,1,1,211,503,1,0.0,0.0,0.0,1,503,1.0,1.0
C05568,Lapsed / Hibernating,1,1,1,111,803,1,58.98,58.98,0.0,2,803,0.0,0.0
C05569,Deal Hunters,3,1,1,311,192,1,73.59,73.59,1.0,1,192,1.0,0.0
C05570,Deal Hunters,3,1,3,313,136,1,284.87,284.87,0.937,2,136,1.0,0.0
C05571,Lapsed / Hibernating,1,1,2,112,1040,1,112.97,112.97,0.0,1,1040,0.0,0.25
C05572,Champions,5,4,5,545,14,6,1845.54,307.59,0.188,5,258,1.0,0.143
C05573,Lapsed / Hibernating,1,4,4,144,879,10,1580.05,158.005,0.244,7,1093,0.8,0.038
C05574,Champions,5,5,5,555,6,28,4601.9,164.354,0.101,5,1086,0.214,0.151
C05575,Lapsed / Hibernating,1,1,3,113,1082,1,455.96,455.96,0.0,2,1082,1.0,0.0
C05578,Lapsed / Hibernating,2,5,4,254,689,11,1207.76,109.796,0.176,4,1055,0.273,0.105
C05579,Steady Regulars,4,3,3,433,38,2,362.65,181.325,0.118,4,58,1.0,0.0
C05581,Champions,4,4,4,444,55,8,1596.2,199.525,0.085,5,1043,0.25,0.1
C05586,Champions,4,5,5,455,48,12,2927.67,243.972,0.022,3,850,1.0,0.143
C05587,Champions,5,4,4,544,2,8,688.47,86.059,0.133,4,300,0.125,0.0
C05588,Steady Regulars,3,3,3,333,185,3,552.52,184.173,0.621,6,677,0.0,0.154
C05589,Lapsed / Hibernating,2,4,4,244,654,5,1057.89,211.578,0.0,6,1027,0.6,0.0
C05590,Champions,5,5,5,555,8,24,3180.09,132.504,0.241,8,1028,0.958,0.045
C05592,New & Promising,3,1,2,312,124,1,164.99,164.99,0.0,1,124,1.0,0.0
C05595,Steady Regulars,3,1,2,312,279,1,162.97,162.97,0.0,3,279,1.0,0.25
C05596,Lapsed / Hibernating,1,1,3,113,1070,1,387.75,387.75,0.183,2,1070,1.0,0.0
C05597,Steady Regulars,3,4,4,344,145,6,1196.47,199.412,0.227,4,595,0.333,0.154
C05598,Steady Regulars,4,3,2,432,103,4,209.94,52.485,0.0,4,555,1.0,0.0
C05599,Steady Regulars,3,1,3,313,208,1,590.95,590.95,0.0,2,208,1.0,0.0
C05600,Champions,5,5,5,555,14,40,5191.88,129.797,0.177,8,1007,0.175,0.129
C05601,Lapsed / Hibernating,1,3,4,134,881,3,713.87,237.957,0.0,3,1083,0.0,0.0
C05602,New & Promising,5,1,2,512,10,1,173.98,173.98,0.0,1,10,1.0,0.0
C05604,Champions,5,5,5,555,9,18,1880.61,104.478,0.045,5,1021,1.0,0.103
C05605,New & Promising,3,1,1,311,225,1,0.0,0.0,0.0,1,225,0.0,1.0
C05608,Deal Hunters,3,1,1,311,343,1,0.0,0.0,1.0,1,343,1.0,1.0
C05609,Lapsed / Hibernating,2,1,1,211,507,1,22.99,22.99,0.0,1,507,1.0,0.0
C05611,Champions,4,4,5,445,33,6,1718.44,286.407,0.354,6,267,1.0,0.222
C05612,Lapsed / Hibernating,2,1,3,213,564,1,478.75,478.75,0.152,3,564,1.0,0.0
C05614,Steady Regulars,4,3,2,432,31,4,192.53,48.133,0.121,3,535,1.0,0.143
C05615,Champions,3,5,5,355,188,13,3657.97,281.382,0.094,7,982,0.923,0.067
C05616,Deal Hunters,3,1,1,311,236,1,45.88,45.88,1.0,1,236,1.0,0.0
C05618,Champions,5,5,5,555,22,31,6908.09,222.842,0.196,5,1086,0.226,0.173
C05619,New & Promising,5,1,1,511,5,1,67.96,67.96,0.0,1,5,1.0,0.0
C05620,Steady Regulars,3,3,3,333,157,3,296.93,98.977,0.0,2,891,0.0,0.0
C05621,Lapsed / Hibernating,1,3,2,132,972,2,266.43,133.215,0.204,5,1003,0.5,0.0
C05622,Steady Regulars,3,3,3,333,172,2,395.33,197.665,0.509,2,200,1.0,0.143
C05623,Steady Regulars,4,4,4,444,57,7,986.85,140.979,0.0,5,366,0.857,0.154
C05624,New & Promising,4,1,1,411,122,1,43.99,43.99,0.0,1,122,0.0,0.0
C05626,Steady Regulars,4,4,4,444,44,8,920.85,115.106,0.137,3,1089,0.875,0.125
C05627,Champions,5,4,5,545,23,7,2485.15,355.021,0.436,6,330,1.0,0.105
C05630,Lapsed / Hibernating,1,4,4,144,741,6,1408.51,234.752,0.167,4,1057,0.5,0.0
C05631,Lapsed / Hibernating,1,3,4,134,933,4,1619.75,404.938,0.0,5,1079,0.0,0.0
C05632,Lapsed / Hibernating,2,1,1,211,637,1,32.39,32.39,1.0,1,637,1.0,0.0
C05635,Champions,5,5,5,555,22,19,3491.77,183.777,0.243,7,1077,0.158,0.093
C05637,Champions,4,5,5,455,95,37,4737.55,128.042,0.231,6,1077,0.162,0.027
C05639,Lapsed / Hibernating,1,1,2,112,733,1,201.92,201.92,0.0,2,733,0.0,0.0
C05641,Champions,4,5,5,455,78,32,6303.37,196.98,0.052,7,1068,0.875,0.072
C05642,Champions,5,5,5,555,13,20,2629.65,131.483,0.119,6,780,0.3,0.116
C05643,Lapsed / Hibernating,2,1,1,211,681,1,85.98,85.98,0.0,2,681,1.0,0.0
C05644,Deal Hunters,4,1,2,412,51,1,139.49,139.49,0.445,1,51,1.0,0.5
C05645,Steady Regulars,4,3,3,433,29,3,472.23,157.41,0.591,3,734,0.333,0.0
C05646,Lapsed / Hibernating,2,5,5,255,518,18,4113.16,228.509,0.028,6,1044,0.167,0.152
C05649,Champions,5,5,4,554,3,11,1512.42,137.493,0.173,6,852,0.091,0.045
C05650,Deal Hunters,3,1,2,312,169,1,259.21,259.21,1.0,2,169,0.0,0.0
C05651,Steady Regulars,3,4,4,344,154,6,683.93,113.988,0.049,5,761,1.0,0.333
C05652,Champions,5,5,5,555,4,54,9381.32,173.728,0.116,8,920,0.944,0.083
C05653,Steady Regulars,4,3,4,434,70,4,1195.87,298.968,0.0,4,500,1.0,0.091
C05654,Steady Regulars,3,3,2,332,132,3,189.65,63.217,0.188,2,298,1.0,0.0
C05656,Champions,5,4,4,544,12,10,1513.72,151.372,0.091,6,786,0.1,0.083
C05658,Lapsed / Hibernating,1,3,4,134,998,3,1029.08,343.027,0.023,6,1086,0.667,0.0
C05659,Lapsed / Hibernating,2,1,1,211,493,1,59.96,59.96,0.0,1,493,0.0,0.0
C05660,Steady Regulars,3,1,2,312,126,1,215.97,215.97,0.0,1,126,0.0,0.0
C05661,Deal Hunters,3,3,3,333,125,3,378.33,126.11,0.683,2,607,0.667,0.0
C05662,Champions,4,4,5,445,28,7,2894.0,413.429,0.063,5,929,0.0,0.087
C05663,Steady Regulars,5,4,3,543,23,6,573.82,95.637,0.043,4,421,1.0,0.071
C05664,Lapsed / Hibernating,1,1,2,112,920,1,208.78,208.78,1.0,1,920,0.0,0.0
C05665,Lapsed / Hibernating,2,5,5,255,679,23,4928.4,214.278,0.249,8,1059,0.913,0.077
C05667,Champions,5,4,4,544,25,9,1141.31,126.812,0.124,6,976,1.0,0.125
C05668,Lapsed / Hibernating,1,1,1,111,1029,1,28.99,28.99,0.0,1,1029,0.0,0.0
C05669,Steady Regulars,3,3,2,332,164,3,250.66,83.553,0.184,2,329,0.333,0.25
C05670,Deal Hunters,3,1,1,311,355,1,35.18,35.18,1.0,1,355,1.0,0.0
C05672,Lapsed / Hibernating,1,1,3,113,1061,1,351.97,351.97,0.262,3,1061,0.0,0.25
C05674,Champions,4,5,5,455,46,21,2699.61,128.553,0.177,6,644,0.952,0.025
C05675,New & Promising,3,1,1,311,319,1,78.97,78.97,0.0,3,319,1.0,0.25
C05676,Lapsed / Hibernating,2,4,4,244,632,5,1309.87,261.974,0.0,4,987,0.4,0.1
C05678,Lapsed / Hibernating,2,5,5,255,550,13,2318.23,178.325,0.141,5,992,0.923,0.034
C05679,Steady Regulars,4,3,3,433,53,2,507.97,253.985,0.0,3,157,1.0,0.0
C05680,Steady Regulars,3,4,3,343,152,6,347.65,57.942,0.523,5,508,0.833,0.0
C05681,Lapsed / Hibernating,1,1,2,112,1075,1,118.99,118.99,0.0,1,1075,0.0,0.0
C05683,Champions,5,5,5,555,4,42,11183.44,266.272,0.081,7,1073,0.167,0.036
C05686,Lapsed / Hibernating,1,1,1,111,932,1,45.98,45.98,0.0,2,932,0.0,0.333
C05689,New & Promising,5,3,2,532,3,2,141.96,70.98,0.0,3,13,1.0,0.0
C05690,Champions,5,4,3,543,18,5,657.22,131.444,0.348,5,1022,0.2,0.091
C05691,Steady Regulars,3,3,2,332,173,3,262.15,87.383,0.08,4,226,1.0,0.286
C05692,Steady Regulars,3,1,4,314,333,1,739.97,739.97,0.0,1,333,1.0,0.0
C05694,Champions,5,4,4,544,19,5,792.09,158.418,0.034,5,664,0.2,0.0
C05697,Lapsed / Hibernating,1,3,4,134,801,3,698.91,232.97,0.0,4,1035,0.0,0.0
C05698,Steady Regulars,5,3,3,533,8,4,392.52,98.13,0.096,3,78,1.0,0.0
C05700,Champions,5,5,5,555,27,37,6645.14,179.598,0.212,8,817,0.946,0.047
C05702,Champions,5,5,5,555,1,29,4996.93,172.308,0.14,7,712,0.103,0.066
C05705,Lapsed / Hibernating,1,1,3,113,750,1,418.97,418.97,0.0,1,750,0.0,0.333
C05706,Lapsed / Hibernating,1,4,4,144,769,8,908.4,113.55,0.116,5,1090,0.0,0.0
C05707,New & Promising,3,3,1,331,129,2,17.99,8.995,0.0,2,350,1.0,0.5
C05708,Lapsed / Hibernating,1,1,2,112,782,1,240.98,240.98,0.0,2,782,1.0,0.0
C05709,Champions,5,4,4,544,5,9,1555.2,172.8,0.031,6,751,0.111,0.0
C05710,Lapsed / Hibernating,2,1,1,211,455,1,55.96,55.96,0.0,1,455,1.0,0.0
C05712,Lapsed / Hibernating,1,3,2,132,996,3,256.95,85.65,0.0,3,1050,1.0,0.2
C05715,Lapsed / Hibernating,2,3,2,232,386,2,116.97,58.485,0.0,2,877,1.0,0.0
C05717,Lapsed / Hibernating,2,4,4,244,380,10,1475.64,147.564,0.084,4,970,0.8,0.043
C05718,Champions,5,4,5,545,13,6,1832.02,305.337,0.141,5,355,1.0,0.111
C05720,Lapsed / Hibernating,2,4,4,244,553,7,1466.57,209.51,0.164,7,1072,0.857,0.105
C05723,Lapsed / Hibernating,2,1,1,211,621,1,16.99,16.99,0.0,1,621,1.0,0.0
C05725,Champions,5,5,5,555,8,32,6534.32,204.198,0.045,6,1077,0.969,0.103
C05726,Champions,5,4,4,544,3,8,1020.82,127.602,0.357,5,342,0.375,0.0
C05727,Lapsed / Hibernating,2,3,4,234,499,3,969.86,323.287,0.0,6,928,0.333,0.0
C05729,Lapsed / Hibernating,2,1,3,213,476,1,352.98,352.98,0.0,1,476,1.0,0.0
C05730,Lapsed / Hibernating,2,4,5,245,443,9,1996.1,221.789,0.106,4,649,0.778,0.2
C05731,Lapsed / Hibernating,1,1,1,111,748,1,37.99,37.99,0.0,1,748,1.0,0.0
C05732,Steady Regulars,5,3,3,533,27,2,542.55,271.275,0.025,4,388,0.0,0.0
C05733,Steady Regulars,3,1,3,313,308,1,319.77,319.77,0.203,3,308,0.0,0.0
C05735,Champions,3,5,5,355,201,16,2566.46,160.404,0.032,5,841,0.375,0.028
C05737,Champions,5,5,5,555,4,15,2081.61,138.774,0.277,6,1002,0.067,0.042
C05738,Steady Regulars,3,3,2,332,219,2,141.96,70.98,0.0,3,472,1.0,0.0
C05740,New & Promising,4,1,1,411,93,1,69.99,69.99,0.0,1,93,1.0,0.0
C05741,Steady Regulars,3,1,3,313,180,1,522.76,522.76,0.223,2,180,1.0,0.0
C05743,Lapsed / Hibernating,1,1,1,111,951,1,36.99,36.99,0.0,1,951,0.0,0.0
C05744,Lapsed / Hibernating,2,1,1,211,560,1,84.98,84.98,0.0,2,560,1.0,0.0
C05745,Lapsed / Hibernating,2,1,1,211,605,1,25.49,25.49,1.0,1,605,0.0,0.0
C05746,Steady Regulars,3,4,3,343,228,7,311.99,44.57,0.184,5,1044,1.0,0.125
C05749,Steady Regulars,4,1,3,413,64,1,392.94,392.94,0.0,2,64,0.0,0.0
C05750,New & Promising,4,1,1,411,57,1,26.99,26.99,0.0,1,57,0.0,0.0
C05751,New & Promising,4,1,2,412,50,1,152.98,152.98,0.0,1,50,1.0,0.0
C05752,Lapsed / Hibernating,1,1,2,112,1081,1,237.98,237.98,0.0,2,1081,1.0,0.5
C05753,Lapsed / Hibernating,2,1,1,211,474,1,16.99,16.99,0.0,1,474,0.0,0.0
C05755,Steady Regulars,5,3,3,533,22,3,509.1,169.7,0.116,3,390,1.0,0.0
C05756,Champions,4,5,4,454,34,15,1662.83,110.855,0.347,4,486,1.0,0.231
C05757,Steady Regulars,3,4,3,343,130,6,596.99,99.498,0.057,6,1061,0.833,0.1
C05759,Lapsed / Hibernating,1,1,1,111,961,1,82.97,82.97,0.0,2,961,1.0,0.0
C05760,Champions,5,5,5,555,4,15,2333.8,155.587,0.178,6,719,0.8,0.135
C05761,Champions,5,5,4,554,16,12,1262.77,105.231,0.069,7,785,0.833,0.1
C05762,Lapsed / Hibernating,1,1,1,111,862,1,64.97,64.97,0.0,2,862,1.0,0.0
C05763,Deal Hunters,3,1,2,312,133,1,125.79,125.79,1.0,1,133,1.0,0.0
C05764,Lapsed / Hibernating,1,1,3,113,1065,1,342.97,342.97,0.0,2,1065,1.0,0.0
C05765,Lapsed / Hibernating,2,3,1,231,588,2,42.99,21.495,0.813,2,812,1.0,0.5
C05766,New & Promising,4,1,1,411,65,1,80.99,80.99,0.0,1,65,1.0,0.0
C05767,Steady Regulars,5,3,4,534,9,4,788.9,197.225,0.0,3,111,1.0,0.0
C05768,Lapsed / Hibernating,2,1,1,211,671,1,25.99,25.99,0.0,1,671,0.0,0.0
C05769,Lapsed / Hibernating,2,5,5,255,389,11,1742.72,158.429,0.161,7,1075,0.909,0.12
C05770,Lapsed / Hibernating,1,1,1,111,898,1,16.14,16.14,1.0,1,898,1.0,0.0
C05771,Steady Regulars,3,1,2,312,360,1,145.98,145.98,0.0,1,360,1.0,0.0
C05774,Lapsed / Hibernating,1,3,3,133,715,2,474.95,237.475,0.0,3,878,0.0,0.0
C05775,Champions,3,5,5,355,250,28,7036.8,251.314,0.075,6,1027,0.071,0.054
C05777,Steady Regulars,5,3,4,534,6,3,876.69,292.23,0.279,5,118,1.0,0.0
C05780,Steady Regulars,3,1,3,313,316,1,404.96,404.96,0.0,3,316,1.0,0.0
C05782,Lapsed / Hibernating,1,1,1,111,784,1,11.99,11.99,0.0,1,784,1.0,0.0
C05784,Lapsed / Hibernating,2,1,1,211,656,1,49.98,49.98,0.0,2,656,0.0,0.0
C05785,Lapsed / Hibernating,1,3,2,132,928,2,196.96,98.48,0.0,2,983,1.0,0.0
C05786,New & Promising,3,1,1,311,271,1,62.99,62.99,0.0,1,271,0.0,0.0
C05787,Champions,5,5,5,555,23,14,2948.59,210.614,0.165,7,957,0.143,0.032
C05788,Champions,4,5,5,455,74,15,2835.22,189.015,0.015,7,585,1.0,0.029
C05789,Steady Regulars,4,4,4,444,62,7,797.25,113.893,0.025,6,345,1.0,0.077
C05790,Lapsed / Hibernating,2,1,2,212,444,1,122.95,122.95,0.0,3,444,0.0,0.2
C05791,Lapsed / Hibernating,1,1,1,111,1004,1,55.98,55.98,0.0,1,1004,1.0,0.0
C05792,Steady Regulars,4,1,2,412,89,1,228.98,228.98,0.0,2,89,1.0,0.0
C05793,Lapsed / Hibernating,2,4,5,245,509,8,1880.98,235.122,0.164,5,818,0.875,0.13
C05794,Steady Regulars,4,1,3,413,73,1,590.96,590.96,0.0,1,73,1.0,0.0
C05796,Champions,3,4,4,344,329,9,819.83,91.092,0.226,7,660,0.889,0.118
C05797,New & Promising,3,1,1,311,175,1,58.98,58.98,0.0,2,175,1.0,0.0
C05798,Champions,4,4,4,444,56,7,1679.61,239.944,0.017,5,478,0.143,0.0
C05799,Champions,5,4,3,543,3,8,552.65,69.081,0.058,5,178,0.875,0.267
C05801,New & Promising,4,1,1,411,28,1,29.99,29.99,0.0,1,28,0.0,0.0
C05803,New & Promising,3,1,2,312,259,1,124.99,124.99,0.0,1,259,0.0,0.0
C05804,Lapsed / Hibernating,1,1,2,112,1082,1,158.99,158.99,0.0,1,1082,0.0,0.0
C05806,Champions,5,5,5,555,19,32,7796.92,243.654,0.077,7,1076,0.938,0.123
C05807,Champions,5,5,5,555,22,22,2926.85,133.039,0.225,8,648,0.091,0.149
C05808,Deal Hunters,3,1,1,311,142,1,28.04,28.04,1.0,1,142,1.0,0.0
C05809,Lapsed / Hibernating,1,1,1,111,979,1,0.0,0.0,0.0,1,979,1.0,1.0
C05811,Champions,3,5,5,355,357,28,4506.87,160.96,0.148,7,1088,0.964,0.098
C05812,Steady Regulars,4,4,4,444,55,7,1193.0,170.429,0.22,4,433,0.286,0.111
C05814,New & Promising,4,3,2,432,74,2,128.97,64.485,0.0,3,89,1.0,0.333
C05815,Lapsed / Hibernating,2,1,2,212,548,1,240.36,240.36,0.077,2,548,0.0,0.0
C05816,New & Promising,3,1,1,311,277,1,0.0,0.0,0.0,1,277,1.0,1.0
C05817,Champions,5,4,5,545,13,9,2125.99,236.221,0.129,3,535,1.0,0.067
C05818,New & Promising,4,1,2,412,46,1,197.97,197.97,0.0,1,46,1.0,0.0
C05819,Steady Regulars,4,3,3,433,118,2,317.97,158.985,0.0,2,268,0.0,0.0
C05820,Steady Regulars,4,4,4,444,97,8,1004.08,125.51,0.085,4,579,0.25,0.125
C05821,Steady Regulars,4,3,4,434,48,3,917.94,305.98,0.0,4,498,1.0,0.167
C05822,Lapsed / Hibernating,1,1,1,111,857,1,61.97,61.97,0.0,3,857,0.0,0.333
C05823,Lapsed / Hibernating,1,1,1,111,1094,1,15.99,15.99,0.0,1,1094,1.0,0.0
C05824,Steady Regulars,3,3,3,333,256,3,374.88,124.96,0.541,4,772,0.0,0.0
C05826,Champions,5,5,5,555,16,12,1774.23,147.852,0.118,7,554,0.917,0.0
C05828,Steady Regulars,3,1,3,313,319,1,298.96,298.96,0.0,2,319,1.0,0.0
C05829,Steady Regulars,3,4,3,343,280,5,657.9,131.58,0.332,6,773,0.8,0.2
C05830,Lapsed / Hibernating,1,1,1,111,763,1,24.99,24.99,0.0,1,763,1.0,0.0
C05831,Lapsed / Hibernating,1,3,2,132,778,2,140.95,70.475,0.0,3,791,1.0,0.333
C05834,Lapsed / Hibernating,1,1,1,111,1017,1,48.99,48.99,0.479,2,1017,1.0,0.5
C05835,Steady Regulars,3,3,4,334,288,4,1593.44,398.36,0.037,5,491,0.0,0.0
C05837,Lapsed / Hibernating,1,5,5,155,928,13,1978.39,152.184,0.052,7,1073,1.0,0.161
C05839,Steady Regulars,3,1,2,312,351,1,185.98,185.98,0.0,2,351,1.0,0.0
C05840,Lapsed / Hibernating,1,1,2,112,1048,1,202.92,202.92,0.0,2,1048,1.0,0.0
C05841,Lapsed / Hibernating,1,1,2,112,1077,1,248.99,248.99,0.0,1,1077,1.0,0.0
C05842,Steady Regulars,3,4,4,344,215,7,1182.01,168.859,0.07,5,518,0.286,0.105
C05843,Champions,5,5,4,554,3,14,1713.99,122.428,0.155,6,458,0.214,0.033
C05844,Lapsed / Hibernating,2,3,4,234,575,4,864.5,216.125,0.179,5,1076,0.0,0.111
C05845,Lapsed / Hibernating,1,3,2,132,971,2,187.88,93.94,0.122,3,1047,0.0,0.0
C05846,Steady Regulars,4,3,3,433,109,2,311.95,155.975,0.0,2,181,1.0,0.0
C05848,Lapsed / Hibernating,2,3,3,233,646,2,346.95,173.475,0.0,2,894,1.0,0.0
C05849,Champions,4,5,5,455,29,47,6236.48,132.691,0.156,8,885,0.894,0.146
C05850,Lapsed / Hibernating,1,1,2,112,780,1,198.98,198.98,0.0,2,780,0.0,0.0
C05851,Champions,4,5,5,455,67,18,2998.7,166.594,0.019,6,340,0.944,0.045
C05852,Lapsed / Hibernating,1,1,2,112,1008,1,101.56,101.56,0.39,2,1008,1.0,0.0
C05853,New & Promising,4,1,1,411,96,1,17.99,17.99,0.059,1,96,1.0,0.667
C05854,Lapsed / Hibernating,2,4,3,243,374,5,561.88,112.376,0.136,5,947,0.2,0.125
C05855,Steady Regulars,3,1,3,313,196,1,471.57,471.57,0.135,2,196,0.0,0.0
C05856,Champions,3,5,5,355,189,13,3902.3,300.177,0.261,5,1059,0.923,0.103
C05857,Champions,3,5,5,355,244,11,2148.26,195.296,0.299,5,1087,0.364,0.0
C05858,Steady Regulars,3,1,2,312,265,1,113.96,113.96,0.0,2,265,1.0,0.0
C05859,Steady Regulars,3,4,4,344,162,7,1621.82,231.689,0.356,5,605,0.286,0.056
C05862,Steady Regulars,3,4,3,343,357,5,514.84,102.968,0.018,4,588,1.0,0.2
C05863,Champions,5,4,5,545,20,7,2422.74,346.106,0.085,6,446,1.0,0.05
C05866,Deal Hunters,4,1,1,411,32,1,26.59,26.59,1.0,1,32,1.0,0.0
C05867,Lapsed / Hibernating,2,1,1,211,672,1,24.99,24.99,0.0,1,672,1.0,0.0
C05869,Champions,4,4,5,445,101,9,1732.58,192.509,0.02,5,1035,0.889,0.091
C05870,Steady Regulars,5,3,2,532,20,4,159.56,39.89,0.245,2,555,1.0,0.2
C05871,Lapsed / Hibernating,1,1,1,111,978,1,24.99,24.99,0.0,1,978,1.0,0.0
C05872,Steady Regulars,4,3,4,434,31,4,847.84,211.96,0.206,4,541,1.0,0.0
C05873,Lapsed / Hibernating,1,3,4,134,905,4,1339.83,334.958,0.055,4,1011,1.0,0.077
C05874,Lapsed / Hibernating,2,3,4,234,537,3,1186.9,395.633,0.0,6,804,1.0,0.0
C05875,Champions,5,5,5,555,3,26,5174.03,199.001,0.197,7,1057,0.808,0.081
C05876,New & Promising,5,3,1,531,12,2,51.57,25.785,0.264,1,253,1.0,0.0
C05877,Lapsed / Hibernating,2,3,2,232,553,2,151.96,75.98,0.632,2,760,0.0,0.0
C05880,Champions,5,5,5,555,20,13,2239.01,172.232,0.243,7,286,0.077,0.1
C05881,Lapsed / Hibernating,1,1,1,111,830,1,49.98,49.98,0.0,1,830,0.0,0.0
C05882,Champions,5,5,5,555,19,21,3778.88,179.947,0.085,5,894,0.429,0.0
C05883,Lapsed / Hibernating,1,3,3,133,992,2,497.94,248.97,0.325,3,1049,0.0,0.0
C05884,Lapsed / Hibernating,2,3,2,232,477,2,221.96,110.98,0.0,2,669,1.0,0.0
C05888,Lapsed / Hibernating,2,1,2,212,398,1,257.58,257.58,1.0,1,398,0.0,0.0
C05889,Lapsed / Hibernating,2,3,3,233,422,3,316.93,105.643,0.0,2,802,0.333,0.0
C05890,Lapsed / Hibernating,2,3,4,234,435,3,1642.84,547.613,0.0,4,736,1.0,0.0
C05891,Champions,5,5,5,555,1,13,2678.98,206.075,0.062,7,76,0.769,0.128
C05896,Deal Hunters,3,1,1,311,245,1,45.88,45.88,1.0,1,245,1.0,0.0
C05898,Steady Regulars,4,4,4,444,47,7,1391.49,198.784,0.063,5,337,0.143,0.133
C05899,Lapsed / Hibernating,1,1,1,111,852,1,85.98,85.98,0.0,2,852,1.0,0.0
C05900,New & Promising,4,1,1,411,84,1,0.0,0.0,0.0,1,84,1.0,1.0
C05902,Lapsed / Hibernating,1,1,1,111,727,1,61.98,61.98,0.0,1,727,0.0,0.0
C05903,Lapsed / Hibernating,1,1,2,112,804,1,141.98,141.98,0.0,1,804,0.0,0.0
C05904,Lapsed / Hibernating,1,3,2,132,1025,2,185.96,92.98,0.0,3,1047,0.5,0.0
C05905,Lapsed / Hibernating,2,1,2,212,590,1,139.96,139.96,0.0,2,590,1.0,0.0
C05907,Lapsed / Hibernating,2,1,2,212,493,1,106.78,106.78,0.522,2,493,1.0,0.0
C05908,New & Promising,5,1,1,511,4,1,16.99,16.99,0.0,1,4,1.0,0.0
C05909,Champions,3,5,5,355,210,13,2043.73,157.21,0.0,7,1070,1.0,0.048
C05910,Champions,5,4,4,544,19,10,1298.12,129.812,0.061,5,511,0.7,0.05
C05911,Champions,5,5,5,555,2,34,6656.69,195.785,0.165,6,1094,0.206,0.042
C05912,Champions,5,4,4,544,1,5,1140.87,228.174,0.0,4,492,0.0,0.0
C05913,Steady Regulars,4,1,4,414,60,1,860.97,860.97,0.0,3,60,1.0,0.333
C05915,Champions,4,5,5,455,47,22,2083.43,94.701,0.079,3,1056,0.909,0.098
C05917,Lapsed / Hibernating,2,1,1,211,369,1,20.99,20.99,0.0,1,369,1.0,0.0
C05918,Champions,5,5,5,555,8,58,9117.23,157.194,0.104,6,1083,0.914,0.096
C05919,Lapsed / Hibernating,2,1,1,211,367,1,30.99,30.99,0.0,1,367,0.0,0.0
C05920,Lapsed / Hibernating,1,4,3,143,791,5,543.94,108.788,0.0,4,953,1.0,0.333
C05921,Steady Regulars,3,1,3,313,221,1,651.46,651.46,0.021,2,221,1.0,0.0
C05923,Champions,4,5,5,455,80,22,3910.99,177.772,0.196,6,553,0.909,0.093
C05924,Champions,5,5,5,555,2,80,10290.02,128.625,0.136,7,988,0.962,0.112
C05927,Lapsed / Hibernating,2,1,2,212,607,1,104.99,104.99,0.0,1,607,0.0,0.0
C05928,Deal Hunters,3,3,2,332,242,3,185.76,61.92,0.71,3,557,1.0,0.333
C05929,Champions,5,4,4,544,26,5,1076.84,215.368,0.0,6,257,1.0,0.0
C05931,Steady Regulars,3,3,3,333,145,3,493.94,164.647,0.0,4,345,0.667,0.0
C05932,Steady Regulars,3,1,2,312,291,1,264.95,264.95,0.513,3,291,1.0,0.2
C05933,Deal Hunters,5,1,1,511,22,1,32.79,32.79,1.0,1,22,1.0,0.0
C05934,Lapsed / Hibernating,2,5,5,255,439,11,1724.96,156.815,0.166,5,993,0.818,0.316
C05935,Lapsed / Hibernating,1,1,1,111,997,1,26.99,26.99,0.0,1,997,1.0,0.0
C05936,Steady Regulars,4,3,4,434,44,2,724.68,362.34,0.096,3,498,0.0,0.0
C05937,Steady Regulars,4,3,3,433,82,4,438.9,109.725,0.0,3,609,0.25,0.25
C05938,Lapsed / Hibernating,2,1,2,212,615,1,102.97,102.97,0.0,1,615,1.0,0.0
C05939,Steady Regulars,3,1,3,313,206,1,444.96,444.96,0.0,3,206,0.0,0.0
C05941,Steady Regulars,3,3,3,333,141,4,604.9,151.225,0.172,5,265,1.0,0.125
C05942,New & Promising,3,1,1,311,248,1,18.99,18.99,0.0,1,248,1.0,0.0
C05943,New & Promising,3,1,1,311,313,1,71.96,71.96,0.0,2,313,0.0,0.0
C05944,Steady Regulars,3,1,2,312,235,1,215.08,215.08,0.549,4,235,1.0,0.0
C05945,Lapsed / Hibernating,2,4,4,244,609,5,850.25,170.05,0.034,6,811,0.8,0.0
C05947,Lapsed / Hibernating,1,1,1,111,886,1,34.99,34.99,0.0,1,886,1.0,0.0
C05948,Steady Regulars,5,3,2,532,23,2,252.75,126.375,0.286,3,180,1.0,0.2
C05950,New & Promising,4,1,1,411,48,1,28.99,28.99,0.0,1,48,1.0,0.0
C05951,Steady Regulars,4,4,4,444,95,10,1562.44,156.244,0.105,4,971,1.0,0.0
C05952,Champions,3,5,5,355,152,16,2225.54,139.096,0.086,5,992,0.938,0.167
C05953,Steady Regulars,4,3,4,434,34,3,782.1,260.7,0.471,3,95,1.0,0.0
C05954,Lapsed / Hibernating,1,1,1,111,836,1,0.0,0.0,0.0,1,836,1.0,1.0
C05955,Champions,5,5,4,554,4,11,1453.22,132.111,0.189,6,431,1.0,0.091
C05956,Steady Regulars,5,1,3,513,12,1,268.62,268.62,0.181,4,12,1.0,0.0
C05957,Steady Regulars,4,4,5,445,48,7,2246.95,320.993,0.226,4,531,0.143,0.0
C05959,Lapsed / Hibernating,2,1,1,211,445,1,18.99,18.99,0.0,1,445,1.0,0.0
C05960,Lapsed / Hibernating,2,3,3,233,472,2,345.92,172.96,0.0,5,685,0.0,0.0
C05961,Lapsed / Hibernating,1,1,1,111,887,1,59.97,59.97,0.0,1,887,1.0,0.0
C05962,Champions,3,5,5,355,299,50,7081.32,141.626,0.191,6,962,0.18,0.075
C05965,Steady Regulars,3,3,2,332,341,2,155.75,77.875,0.204,4,606,0.5,0.0
C05966,Steady Regulars,5,3,3,533,15,2,415.48,207.74,0.033,3,48,0.5,0.0
C05967,Champions,3,4,5,345,244,10,2303.69,230.369,0.017,7,835,0.1,0.115
C05970,New & Promising,4,1,2,412,45,1,151.99,151.99,0.0,1,45,0.0,0.0
C05972,Lapsed / Hibernating,2,1,1,211,636,1,44.99,44.99,0.0,3,636,1.0,0.667
C05973,Lapsed / Hibernating,1,1,2,112,934,1,123.98,123.98,0.0,1,934,1.0,0.0
C05974,Champions,3,5,5,355,240,12,2203.19,183.599,0.268,6,1086,0.917,0.143
C05975,Steady Regulars,4,3,3,433,36,4,392.1,98.025,0.314,4,147,1.0,0.0
C05976,Deal Hunters,3,1,1,311,283,1,43.19,43.19,1.0,1,283,1.0,0.0
C05978,Champions,3,5,5,355,303,19,3713.74,195.46,0.058,5,1071,0.211,0.079
C05980,New & Promising,4,1,2,412,95,1,187.98,187.98,0.0,1,95,0.0,0.0
C05981,Lapsed / Hibernating,1,1,2,112,915,1,123.99,123.99,0.0,1,915,0.0,0.0
C05982,Steady Regulars,3,4,3,343,180,6,632.74,105.457,0.041,6,764,1.0,0.091
C05983,Lapsed / Hibernating,2,1,3,213,611,1,275.98,275.98,0.0,1,611,0.0,0.0
C05984,Steady Regulars,3,1,3,313,177,1,305.97,305.97,0.0,2,177,1.0,0.0
C05985,Lapsed / Hibernating,2,5,5,255,455,22,7133.4,324.245,0.01,7,1092,0.909,0.04
C05986,Lapsed / Hibernating,1,1,1,111,969,1,52.98,52.98,0.0,2,969,0.0,0.0
C05987,Lapsed / Hibernating,2,1,1,211,491,1,57.98,57.98,0.0,1,491,1.0,0.0
C05988,Lapsed / Hibernating,2,1,2,212,387,1,248.97,248.97,0.0,1,387,1.0,0.0
C05989,Champions,3,5,5,355,132,11,2318.02,210.729,0.093,6,880,0.182,0.0
C05990,New & Promising,3,1,1,311,198,1,22.99,22.99,0.0,1,198,1.0,0.0
C05992,Lapsed / Hibernating,2,4,5,245,445,10,2843.62,284.362,0.0,4,1025,0.8,0.037
C05993,Lapsed / Hibernating,2,1,1,211,440,1,75.96,75.96,0.0,1,440,1.0,0.0
C05994,New & Promising,3,1,2,312,153,1,121.98,121.98,0.0,2,153,1.0,0.0
C05995,Champions,5,4,4,544,4,10,968.12,96.812,0.149,7,1037,0.1,0.045
C05996,Champions,3,5,5,355,167,18,4175.3,231.961,0.243,6,1030,0.111,0.081
C05997,Champions,5,5,5,555,13,16,2058.58,128.661,0.132,3,593,0.938,0.171
C05998,Champions,4,5,5,455,41,27,4632.16,171.561,0.234,7,1074,0.963,0.143
C05999,Lapsed / Hibernating,1,3,2,132,1012,2,161.17,80.585,0.293,3,1090,1.0,0.0
C06000,Steady Regulars,3,1,2,312,243,1,169.98,169.98,0.0,2,243,1.0,0.0
C06001,Steady Regulars,3,5,5,355,146,11,1863.02,169.365,0.083,4,504,0.818,0.037
C06002,Steady Regulars,5,3,2,532,12,2,184.98,92.49,0.259,2,154,1.0,0.333
C06003,Lapsed / Hibernating,1,1,2,112,838,1,129.95,129.95,0.0,3,838,1.0,0.0
C06005,Lapsed / Hibernating,1,1,1,111,878,1,0.0,0.0,0.0,1,878,0.0,1.0
C06006,Steady Regulars,3,1,2,312,207,1,170.96,170.96,0.0,2,207,1.0,0.25
C06007,Lapsed / Hibernating,2,5,4,254,518,12,1281.99,106.832,0.063,6,903,0.917,0.095
C06008,Lapsed / Hibernating,1,1,2,112,1058,1,182.98,182.98,0.0,1,1058,0.0,0.0
C06009,Lapsed / Hibernating,1,3,2,132,845,2,195.37,97.685,0.237,2,1089,0.0,0.0
C06010,Champions,3,5,4,354,213,11,1525.74,138.704,0.0,7,1062,0.182,0.053
C06012,New & Promising,5,3,2,532,14,3,97.55,32.517,0.256,3,555,1.0,0.2
C06014,Champions,5,5,5,555,11,21,4973.54,236.835,0.059,7,598,0.333,0.035
C06015,Champions,4,5,5,455,82,23,2856.2,124.183,0.067,5,1092,0.87,0.085
C06017,Lapsed / Hibernating,1,3,4,134,769,4,793.51,198.378,0.175,3,1044,0.25,0.0
C06018,Lapsed / Hibernating,2,3,3,233,608,3,320.53,106.843,0.925,4,1069,0.0,0.0
C06019,Champions,5,5,5,555,6,19,3735.3,196.595,0.021,7,214,0.947,0.167
C06020,Lapsed / Hibernating,2,4,4,244,562,5,875.88,175.176,0.0,3,781,0.8,0.2
C06022,Steady Regulars,3,1,2,312,359,1,242.56,242.56,0.073,4,359,1.0,0.0
C06023,Steady Regulars,5,3,3,533,19,3,537.03,179.01,0.211,4,99,1.0,0.286
C06024,Champions,5,5,5,555,10,39,6289.37,161.266,0.141,8,1085,0.795,0.105
C06026,Champions,4,4,4,444,112,7,756.8,108.114,0.0,7,420,1.0,0.0
C06027,Champions,4,4,3,443,38,10,641.47,64.147,0.391,6,984,1.0,0.111
C06028,Lapsed / Hibernating,2,4,5,245,570,7,2315.45,330.779,0.018,4,1002,1.0,0.077
C06029,Lapsed / Hibernating,2,1,2,212,394,1,151.86,151.86,0.487,3,394,1.0,0.0
C06031,Lapsed / Hibernating,1,1,2,112,1044,1,118.99,118.99,0.0,1,1044,1.0,0.0
C06032,Lapsed / Hibernating,1,1,3,113,1058,1,271.86,271.86,0.044,2,1058,0.0,0.0
C06033,New & Promising,4,1,1,411,78,1,40.99,40.99,0.0,1,78,0.0,0.0
C06035,Champions,5,5,5,555,17,24,5615.91,233.996,0.062,6,1079,0.875,0.074
C06036,Steady Regulars,3,1,2,312,251,1,163.95,163.95,0.0,3,251,0.0,0.0
C06037,Champions,5,5,5,555,24,63,10826.37,171.847,0.212,8,1080,0.206,0.081
C06040,Steady Regulars,4,4,4,444,110,9,1276.99,141.888,0.14,5,279,0.889,0.053
C06042,Lapsed / Hibernating,2,1,2,212,603,1,140.98,140.98,0.0,2,603,1.0,0.0
C06043,Lapsed / Hibernating,2,1,2,212,402,1,207.17,207.17,1.0,1,402,1.0,0.0
C06045,Champions,3,5,5,355,284,14,2030.5,145.036,0.28,5,608,1.0,0.071
C06046,Steady Regulars,3,3,3,333,154,4,522.69,130.673,0.238,4,424,1.0,0.1
C06047,Champions,3,5,5,355,134,11,2119.4,192.673,0.247,5,995,0.091,0.0
C06048,Lapsed / Hibernating,1,1,3,113,875,1,386.46,386.46,0.286,2,875,0.0,0.0
C06050,Champions,4,5,5,455,86,20,3355.56,167.778,0.1,8,640,0.95,0.059
C06052,Champions,5,5,5,555,4,14,2212.4,158.029,0.015,5,328,1.0,0.062
C06053,Champions,5,5,5,555,20,24,3200.63,133.36,0.128,7,662,0.875,0.103
C06054,Lapsed / Hibernating,2,5,5,255,674,14,2931.68,209.406,0.0,5,1036,0.214,0.031
C06055,Lapsed / Hibernating,1,1,2,112,932,1,88.99,88.99,0.0,1,932,0.0,0.0
C06056,Lapsed / Hibernating,1,1,3,113,887,1,542.96,542.96,0.0,2,887,0.0,0.0
C06057,Lapsed / Hibernating,2,1,1,211,605,1,17.84,17.84,1.0,1,605,0.0,0.0
C06058,Champions,5,4,4,544,5,10,1073.55,107.355,0.14,8,347,1.0,0.143
C06059,Lapsed / Hibernating,2,3,2,232,598,3,249.55,83.183,0.087,4,697,0.0,0.0
C06062,Deal Hunters,4,1,2,412,82,1,171.17,171.17,0.486,2,82,0.0,0.0
C06063,Steady Regulars,4,3,3,433,41,2,428.94,214.47,0.0,3,69,1.0,0.0
C06064,Champions,5,5,5,555,5,51,9055.01,177.549,0.232,7,1073,0.961,0.054
C06065,New & Promising,3,1,1,311,191,1,17.99,17.99,0.1,1,191,0.0,0.5
C06066,New & Promising,3,1,1,311,231,1,41.98,41.98,0.0,1,231,0.0,0.0
C06069,Champions,3,4,4,344,288,8,842.85,105.356,0.21,7,1057,1.0,0.267
C06070,Champions,5,5,5,555,5,50,11364.08,227.282,0.119,7,1067,0.94,0.102
C06071,Lapsed / Hibernating,2,1,1,211,387,1,30.99,30.99,0.0,1,387,0.0,0.0
C06073,Lapsed / Hibernating,1,1,1,111,803,1,80.97,80.97,0.0,1,803,0.0,0.0
C06075,Lapsed / Hibernating,2,1,2,212,391,1,257.98,257.98,0.0,1,391,1.0,0.0
C06076,Steady Regulars,4,3,3,433,32,3,370.26,123.42,0.109,4,129,0.667,0.2
C06078,Lapsed / Hibernating,2,3,4,234,410,4,794.86,198.715,0.0,4,878,0.0,0.0
C06079,Steady Regulars,3,4,4,344,175,7,1630.55,232.936,0.046,5,825,1.0,0.105
C06081,Lapsed / Hibernating,1,4,5,145,884,8,1719.34,214.918,0.075,5,1089,0.0,0.0
C06082,Lapsed / Hibernating,2,3,3,233,577,2,334.15,167.075,0.081,3,719,1.0,0.0
C06085,Lapsed / Hibernating,1,1,1,111,950,1,17.99,17.99,0.0,1,950,0.0,0.0
C06086,Lapsed / Hibernating,2,4,4,244,522,6,857.0,142.833,0.167,4,721,1.0,0.111
C06087,Steady Regulars,3,3,3,333,216,4,638.01,159.502,0.382,3,567,0.75,0.143
C06088,Lapsed / Hibernating,2,4,3,243,534,8,634.73,79.341,0.484,5,1011,0.875,0.143
C06089,Lapsed / Hibernating,2,4,3,243,389,6,365.8,60.967,0.237,4,1022,1.0,0.1
C06090,New & Promising,4,1,1,411,75,1,65.98,65.98,0.0,2,75,0.0,0.0
C06091,Deal Hunters,3,1,2,312,185,1,102.39,102.39,1.0,1,185,1.0,0.0
C06093,Steady Regulars,4,4,4,444,59,6,1250.3,208.383,0.311,4,391,0.833,0.077
C06094,Lapsed / Hibernating,1,4,3,143,713,5,406.92,81.384,0.0,3,987,0.8,0.0
C06095,Champions,4,4,4,444,85,8,1348.84,168.605,0.057,6,698,1.0,0.267
C06096,Lapsed / Hibernating,2,4,4,244,648,9,1150.56,127.84,0.076,4,1088,0.889,0.05
C06097,Steady Regulars,3,4,3,343,124,5,319.11,63.822,0.298,4,476,1.0,0.0
C06098,Champions,3,5,5,355,133,18,3121.76,173.431,0.007,7,1093,0.889,0.069
C06100,Deal Hunters,5,1,2,512,13,1,88.77,88.77,1.0,1,13,1.0,0.0
C06101,Lapsed / Hibernating,1,1,1,111,989,1,46.99,46.99,0.0,1,989,1.0,0.0
C06104,Steady Regulars,4,3,3,433,48,3,589.53,196.51,0.035,3,375,1.0,0.167
C06105,Lapsed / Hibernating,1,1,3,113,932,1,274.27,274.27,0.056,2,932,1.0,0.0
C06107,Lapsed / Hibernating,1,1,1,111,965,1,10.99,10.99,0.0,1,965,1.0,0.0
C06108,Lapsed / Hibernating,1,1,1,111,873,1,84.97,84.97,0.0,2,873,1.0,0.0
C06109,Steady Regulars,3,3,3,333,224,3,285.43,95.143,0.089,3,379,0.0,0.0
C06110,New & Promising,4,1,1,411,81,1,74.97,74.97,0.0,1,81,1.0,0.0
C06111,Champions,4,5,5,455,115,30,5890.57,196.352,0.078,7,1070,0.967,0.083
C06113,Champions,4,5,5,455,35,36,7215.73,200.437,0.136,7,1081,0.111,0.012
C06114,Champions,4,4,4,444,32,10,1095.41,109.541,0.116,4,533,0.9,0.0
C06115,Lapsed / Hibernating,1,1,1,111,1074,1,0.0,0.0,1.0,1,1074,1.0,1.0
C06117,Steady Regulars,3,4,4,344,299,7,1097.64,156.806,0.067,5,775,1.0,0.0
C06118,Lapsed / Hibernating,1,1,1,111,958,1,25.98,25.98,0.0,2,958,0.0,0.0
C06119,Steady Regulars,4,4,4,444,107,6,916.02,152.67,0.046,6,442,1.0,0.077
C06120,Lapsed / Hibernating,1,1,1,111,1045,1,28.99,28.99,0.0,1,1045,1.0,0.0
C06122,Champions,3,5,5,355,124,29,6318.63,217.884,0.082,6,1024,0.966,0.089
C06123,Lapsed / Hibernating,1,1,2,112,824,1,195.98,195.98,0.0,1,824,1.0,0.0
C06125,Lapsed / Hibernating,1,1,3,113,1013,1,372.97,372.97,0.0,1,1013,1.0,0.0
C06126,Champions,5,5,5,555,16,18,3559.54,197.752,0.094,5,672,1.0,0.087
C06128,Steady Regulars,3,1,2,312,162,1,137.97,137.97,0.0,2,162,0.0,0.0
C06129,New & Promising,5,1,3,513,5,1,412.95,412.95,0.0,2,5,1.0,0.0
C06130,New & Promising,3,1,1,311,337,1,30.99,30.99,0.0,1,337,0.0,0.0
C06131,Deal Hunters,3,1,4,314,290,1,685.78,685.78,1.0,2,290,1.0,0.5
C06132,Steady Regulars,3,3,3,333,224,2,302.93,151.465,0.0,3,433,0.0,0.0
C06133,Steady Regulars,3,4,4,344,161,5,966.9,193.38,0.022,2,402,1.0,0.222
C06134,Lapsed / Hibernating,2,1,1,211,582,1,52.99,52.99,0.0,1,582,1.0,0.0
C06135,Lapsed / Hibernating,2,1,1,211,607,1,54.18,54.18,0.502,2,607,1.0,0.0
C06136,Lapsed / Hibernating,1,1,1,111,726,1,75.99,75.99,0.0,1,726,1.0,0.0
C06138,Champions,5,5,5,555,13,16,2932.27,183.267,0.324,6,678,0.125,0.079
C06139,Lapsed / Hibernating,2,1,3,213,541,1,268.97,268.97,0.0,1,541,0.0,0.0
C06140,Lapsed / Hibernating,1,3,3,133,905,2,375.95,187.975,0.0,4,922,0.0,0.25
C06141,Lapsed / Hibernating,1,1,1,111,1037,1,45.87,45.87,1.0,2,1037,1.0,0.0
C06143,Champions,5,4,4,544,27,6,855.85,142.642,0.456,6,805,0.167,0.133
C06144,Steady Regulars,3,1,2,312,322,1,143.98,143.98,0.0,1,322,1.0,0.0
C06145,Champions,4,5,5,455,48,25,5634.28,225.371,0.068,8,1037,0.2,0.062
C06146,Steady Regulars,4,3,2,432,99,4,155.96,38.99,0.0,3,527,1.0,0.4
C06147,Champions,4,5,5,455,47,12,3798.39,316.532,0.114,5,403,0.917,0.111
C06149,Deal Hunters,5,3,2,532,21,2,95.76,47.88,0.524,3,35,1.0,0.25
C06151,Champions,5,5,5,555,18,13,1877.08,144.391,0.147,8,926,1.0,0.034
C06154,Lapsed / Hibernating,2,1,4,214,612,1,807.67,807.67,0.037,1,612,1.0,0.0
C06155,Lapsed / Hibernating,1,3,3,133,992,3,442.9,147.633,0.0,3,1048,1.0,0.0
C06156,Steady Regulars,3,3,3,333,259,2,539.93,269.965,0.0,2,274,1.0,0.0
C06157,Deal Hunters,5,1,2,512,3,1,198.89,198.89,1.0,1,3,1.0,0.0
C06159,New & Promising,3,1,1,311,327,1,71.99,71.99,0.0,1,327,1.0,0.0
C06160,Lapsed / Hibernating,1,1,1,111,1016,1,28.99,28.99,0.0,1,1016,1.0,0.0
C06161,Steady Regulars,4,4,4,444,95,8,1033.56,129.195,0.141,4,855,0.875,0.0
C06162,Steady Regulars,3,1,3,313,358,1,380.99,380.99,0.0,2,358,1.0,0.5
C06163,Steady Regulars,4,3,3,433,87,2,291.97,145.985,0.0,2,103,1.0,0.0
C06165,Lapsed / Hibernating,2,1,1,211,520,1,55.96,55.96,0.0,1,520,1.0,0.0
C06166,Steady Regulars,5,3,3,533,3,2,356.93,178.465,0.0,5,354,1.0,0.0
C06167,Champions,5,4,5,545,22,7,1833.93,261.99,0.023,6,182,0.143,0.045
C06168,Lapsed / Hibernating,1,1,2,112,803,1,162.99,162.99,0.0,1,803,0.0,0.0
C06171,Lapsed / Hibernating,1,1,1,111,1057,1,38.99,38.99,0.0,1,1057,1.0,0.0
C06173,Lapsed / Hibernating,2,4,3,243,393,5,441.3,88.26,0.346,6,729,0.2,0.111
C06177,Champions,5,4,4,544,23,10,1028.21,102.821,0.077,5,1058,0.1,0.056
C06178,Steady Regulars,4,3,3,433,116,2,528.96,264.48,0.0,3,599,0.5,0.0
C06179,Steady Regulars,5,3,3,533,25,4,568.37,142.092,0.244,5,167,0.0,0.0
C06183,Steady Regulars,3,3,3,333,298,3,306.91,102.303,0.0,3,394,1.0,0.167
C06184,Champions,5,5,5,555,17,36,6219.65,172.768,0.118,6,1047,0.167,0.083
C06185,Steady Regulars,4,3,4,434,38,3,731.52,243.84,0.244,4,747,0.333,0.0
C06186,Steady Regulars,4,4,3,443,34,6,540.78,90.13,0.277,3,455,0.0,0.0
C06187,Lapsed / Hibernating,1,5,5,155,706,14,3656.23,261.159,0.281,7,1091,0.929,0.158
C06189,Lapsed / Hibernating,1,1,2,112,865,1,197.63,197.63,0.727,2,865,1.0,0.0
C06190,Steady Regulars,4,3,2,432,57,3,96.37,32.123,0.204,4,1066,0.667,0.25
C06192,Steady Regulars,4,3,2,432,44,3,241.92,80.64,0.0,3,302,1.0,0.0
C06194,Champions,5,5,5,555,11,18,2191.6,121.756,0.123,7,951,0.167,0.091
C06195,New & Promising,3,1,1,311,162,1,34.99,34.99,0.0,1,162,1.0,0.0
C06196,Steady Regulars,5,3,4,534,17,2,793.82,396.91,0.058,3,241,0.0,0.0
C06197,Lapsed / Hibernating,1,1,1,111,858,1,69.99,69.99,0.0,1,858,1.0,0.0
C06198,Lapsed / Hibernating,2,4,4,244,698,6,745.06,124.177,0.582,5,1016,0.833,0.091
C06200,Lapsed / Hibernating,2,1,1,211,563,1,30.98,30.98,0.0,2,563,0.0,0.0
C06201,Champions,5,5,5,555,9,25,3230.41,129.216,0.375,6,603,0.92,0.022
C06202,Lapsed / Hibernating,1,1,1,111,1069,1,13.99,13.99,0.0,1,1069,1.0,0.0
C06203,Champions,5,5,5,555,13,22,6182.67,281.03,0.09,7,1036,0.136,0.0
C06205,Lapsed / Hibernating,1,3,3,133,1051,2,335.96,167.98,0.0,4,1057,1.0,0.0
C06206,Lapsed / Hibernating,2,4,3,243,694,6,365.92,60.987,0.279,5,989,1.0,0.125
C06207,New & Promising,3,1,1,311,162,1,32.98,32.98,0.0,2,162,1.0,0.0
C06209,Lapsed / Hibernating,2,3,2,232,374,3,165.96,55.32,0.0,3,789,1.0,0.25
C06211,Lapsed / Hibernating,1,1,1,111,969,1,59.93,59.93,0.666,2,969,0.0,0.0
C06212,New & Promising,4,1,1,411,72,1,41.97,41.97,0.0,1,72,1.0,0.0
C06213,Champions,5,5,5,555,15,11,2693.67,244.879,0.275,6,1014,1.0,0.0
C06214,Champions,4,5,5,455,35,22,2380.12,108.187,0.231,6,961,0.136,0.114
C06215,New & Promising,3,1,1,311,359,1,25.99,25.99,0.0,1,359,0.0,0.0
C06218,Champions,4,5,5,455,45,28,5854.64,209.094,0.054,7,1064,0.929,0.069
C06219,Lapsed / Hibernating,1,1,2,112,985,1,247.98,247.98,0.0,1,985,1.0,0.0
C06220,Champions,4,4,4,444,29,8,1216.23,152.029,0.616,5,344,0.875,0.188
C06221,Lapsed / Hibernating,2,5,5,255,458,13,2192.14,168.626,0.122,7,1053,1.0,0.032
C06222,Steady Regulars,3,1,3,313,163,1,643.98,643.98,0.0,1,163,0.0,0.0
C06223,Deal Hunters,3,1,3,313,356,1,305.18,305.18,0.889,2,356,0.0,0.0
C06224,New & Promising,5,1,2,512,22,1,209.55,209.55,0.313,3,22,0.0,0.0
C06225,Lapsed / Hibernating,1,3,3,133,925,2,273.94,136.97,0.0,2,1029,1.0,0.167
C06226,Steady Regulars,3,3,2,332,178,3,164.98,54.993,0.0,3,436,0.667,0.5
C06227,Lapsed / Hibernating,1,1,3,113,1000,1,328.97,328.97,0.0,1,1000,0.0,0.0
C06229,Champions,5,5,5,555,19,26,5541.2,213.123,0.092,6,1083,0.962,0.15
C06234,New & Promising,3,3,2,332,260,2,119.95,59.975,0.0,3,305,0.0,0.0
C06235,Champions,5,5,5,555,11,21,5098.75,242.798,0.015,7,512,0.905,0.039
C06237,Lapsed / Hibernating,2,1,3,213,686,1,391.97,391.97,0.0,1,686,1.0,0.0
C06240,Lapsed / Hibernating,1,4,4,144,726,10,1098.24,109.824,0.123,4,971,0.3,0.125
C06241,Champions,4,5,5,455,60,11,2198.62,199.875,0.212,6,1022,0.182,0.136
C06242,Lapsed / Hibernating,2,5,5,255,501,23,4159.43,180.845,0.044,6,1007,0.957,0.151
C06243,Lapsed / Hibernating,2,3,3,233,406,2,473.93,236.965,0.0,3,957,1.0,0.0
C06244,New & Promising,4,1,2,412,51,1,99.97,99.97,0.0,1,51,1.0,0.0
C06245,New & Promising,5,1,3,513,3,1,276.99,276.99,0.0,1,3,0.0,0.0
C06247,Champions,5,5,5,555,21,61,11982.99,196.442,0.176,6,931,0.131,0.063
C06248,Lapsed / Hibernating,2,1,1,211,643,1,30.99,30.99,0.0,2,643,0.0,0.5
C06249,Champions,5,4,4,544,26,7,956.24,136.606,0.05,5,405,1.0,0.067
C06251,Champions,4,5,5,455,94,17,2749.25,161.721,0.207,7,755,0.118,0.122
C06253,Champions,4,5,5,455,54,21,4021.14,191.483,0.152,8,1026,0.81,0.078
C06254,Champions,3,5,4,354,355,12,1645.81,137.151,0.086,6,899,1.0,0.125
C06258,Champions,3,4,5,345,163,9,1852.26,205.807,0.245,6,770,0.222,0.1
C06261,New & Promising,4,3,2,432,41,2,111.95,55.975,0.0,3,369,1.0,0.0
C06264,Lapsed / Hibernating,2,1,1,211,483,1,52.98,52.98,0.0,2,483,0.0,0.0
C06265,Lapsed / Hibernating,2,1,2,212,503,1,147.99,147.99,0.0,1,503,1.0,0.0
C06266,Lapsed / Hibernating,2,1,1,211,510,1,36.99,36.99,0.0,1,510,0.0,0.0
C06269,Lapsed / Hibernating,2,1,2,212,681,1,103.98,103.98,0.0,1,681,1.0,0.0
C06271,Steady Regulars,3,3,2,332,197,3,155.11,51.703,0.06,4,567,0.333,0.2
C06272,New & Promising,3,1,1,311,358,1,0.0,0.0,0.0,1,358,0.0,1.0
C06273,Champions,4,5,5,455,85,13,1761.02,135.463,0.471,5,435,0.769,0.125
C06275,New & Promising,4,3,2,432,88,2,224.98,112.49,0.0,1,142,1.0,0.333
C06277,Lapsed / Hibernating,2,1,2,212,436,1,108.98,108.98,0.0,2,436,1.0,0.0
C06279,Steady Regulars,3,4,4,344,235,8,1160.46,145.058,0.016,5,624,0.625,0.0
C06281,Lapsed / Hibernating,1,4,5,145,964,6,1858.86,309.81,0.042,5,1078,1.0,0.053
C06284,Lapsed / Hibernating,1,1,2,112,840,1,251.58,251.58,0.336,2,840,1.0,0.0
C06285,New & Promising,5,1,3,513,17,1,329.98,329.98,0.0,1,17,1.0,0.0
C06286,New & Promising,5,1,2,512,26,1,173.99,173.99,0.0,1,26,1.0,0.0
C06287,Steady Regulars,5,3,3,533,18,4,373.69,93.422,0.077,5,750,0.75,0.0
C06288,Lapsed / Hibernating,1,5,5,155,785,11,3441.33,312.848,0.104,6,1056,0.182,0.062
C06291,Steady Regulars,4,3,2,432,79,2,195.93,97.965,0.0,1,276,1.0,0.0
C06292,Lapsed / Hibernating,1,1,1,111,1038,1,56.08,56.08,0.305,2,1038,1.0,0.0
C06293,Lapsed / Hibernating,2,4,4,244,397,9,1172.78,130.309,0.017,5,987,0.0,0.059
C06294,Champions,4,4,5,445,123,8,3184.06,398.008,0.312,5,689,0.375,0.13
C06296,Lapsed / Hibernating,2,3,3,233,645,2,399.98,199.99,0.0,1,696,1.0,0.0
C06300,Lapsed / Hibernating,1,3,3,133,786,2,397.93,198.965,0.0,3,1027,1.0,0.0
C06301,New & Promising,4,1,2,412,95,1,94.97,94.97,0.0,2,95,1.0,0.0
C06302,Champions,5,5,5,555,16,22,4128.56,187.662,0.105,6,440,0.136,0.044
C06305,Lapsed / Hibernating,1,1,2,112,806,1,254.99,254.99,0.0,1,806,1.0,0.0
C06306,Lapsed / Hibernating,1,3,1,131,744,2,27.18,13.59,0.559,2,908,0.5,0.0
C06307,Lapsed / Hibernating,2,1,2,212,536,1,129.99,129.99,0.0,1,536,1.0,0.0
C06308,Lapsed / Hibernating,2,1,2,212,486,1,146.98,146.98,0.0,2,486,0.0,0.333
C06309,Lapsed / Hibernating,2,1,1,211,369,1,53.99,53.99,0.0,1,369,0.0,0.0
C06310,Champions,3,5,5,355,222,15,3032.21,202.147,0.125,6,1010,0.867,0.037
C06311,Lapsed / Hibernating,1,1,1,111,1000,1,18.99,18.99,0.0,1,1000,1.0,0.0
C06312,Lapsed / Hibernating,2,4,4,244,579,6,735.06,122.51,0.132,3,1086,1.0,0.0
C06313,Lapsed / Hibernating,1,5,4,154,771,13,1490.51,114.655,0.061,5,1060,0.846,0.227
C06314,Lapsed / Hibernating,2,1,2,212,446,1,131.29,131.29,1.0,1,446,1.0,0.0
C06316,Steady Regulars,5,3,3,533,22,4,375.83,93.958,0.136,3,238,0.25,0.222
C06317,Steady Regulars,4,3,3,433,62,3,343.73,114.577,0.285,3,192,1.0,0.167
C06318,New & Promising,3,1,1,311,197,1,30.99,30.99,0.0,1,197,1.0,0.0
C06319,New & Promising,3,1,1,311,267,1,21.98,21.98,0.0,1,267,1.0,0.0
C06320,Deal Hunters,3,1,1,311,128,1,50.39,50.39,1.0,1,128,1.0,0.0
C06321,Lapsed / Hibernating,1,3,3,133,910,2,298.95,149.475,0.0,2,971,0.5,0.0
C06322,Lapsed / Hibernating,2,1,1,211,492,1,75.97,75.97,0.0,2,492,1.0,0.0
C06324,Champions,5,4,4,544,26,8,1471.52,183.94,0.189,6,955,0.25,0.067
C06325,Lapsed / Hibernating,1,1,1,111,894,1,79.97,79.97,0.0,3,894,0.0,0.0
C06326,Steady Regulars,3,3,3,333,146,3,586.62,195.54,0.054,4,614,1.0,0.167
C06327,Champions,4,4,5,445,41,10,2735.71,273.571,0.0,4,424,1.0,0.083
C06328,Lapsed / Hibernating,1,1,2,112,842,1,128.97,128.97,0.0,3,842,1.0,0.0
C06329,Steady Regulars,4,4,3,443,54,6,560.78,93.463,0.263,3,427,0.333,0.2
C06331,Steady Regulars,5,3,3,533,15,2,276.99,138.495,0.058,2,137,1.0,0.5
C06332,Champions,5,4,4,544,5,9,1644.79,182.754,0.0,6,763,0.889,0.118
C06333,New & Promising,3,1,1,311,126,1,78.99,78.99,0.0,1,126,1.0,0.0
C06335,Champions,3,5,5,355,355,21,3342.05,159.145,0.171,6,1049,0.143,0.087
C06336,Lapsed / Hibernating,1,5,5,155,721,23,2750.16,119.572,0.131,8,1091,0.217,0.117
C06339,Steady Regulars,4,3,3,433,65,3,370.91,123.637,0.046,4,408,1.0,0.0
C06340,Lapsed / Hibernating,1,3,3,133,755,4,565.35,141.338,0.258,4,846,1.0,0.111
C06342,Lapsed / Hibernating,1,1,1,111,781,1,0.0,0.0,0.0,1,781,0.0,1.0
C06343,Lapsed / Hibernating,2,1,1,211,564,1,44.98,44.98,0.0,2,564,0.0,0.0
C06344,New & Promising,3,1,2,312,344,1,108.99,108.99,0.0,1,344,1.0,0.0
C06345,Champions,5,5,5,555,9,22,3951.53,179.615,0.15,4,974,0.136,0.213
C06347,Lapsed / Hibernating,2,1,2,212,374,1,119.05,119.05,0.521,3,374,1.0,0.0
C06349,Steady Regulars,5,4,4,544,27,5,839.85,167.97,0.02,5,208,1.0,0.083
C06351,Lapsed / Hibernating,2,1,3,213,576,1,509.95,509.95,0.0,2,576,1.0,0.0
C06352,Champions,5,5,5,555,9,14,2525.35,180.382,0.26,6,478,0.929,0.111
C06353,Champions,5,4,4,544,4,6,1586.8,264.467,0.013,7,44,0.0,0.0
C06355,Steady Regulars,3,4,4,344,209,7,1058.44,151.206,0.14,4,813,0.286,0.067
C06356,Steady Regulars,3,4,5,345,203,9,2114.24,234.916,0.138,3,950,0.0,0.045
C06357,New & Promising,5,1,1,511,7,1,73.98,73.98,0.0,2,7,1.0,0.0
C06358,Champions,4,5,4,454,67,13,1240.48,95.422,0.258,6,900,0.154,0.077
C06359,Champions,5,5,5,555,24,21,5656.51,269.358,0.05,6,1078,0.905,0.077
C06360,Steady Regulars,3,4,4,344,172,5,1000.85,200.17,0.0,5,472,0.0,0.0
C06361,New & Promising,3,1,1,311,209,1,47.99,47.99,0.0,1,209,1.0,0.0
C06362,Lapsed / Hibernating,1,1,3,113,730,1,430.97,430.97,0.947,2,730,1.0,0.0
C06363,Steady Regulars,3,3,3,333,333,3,281.95,93.983,0.199,4,525,0.0,0.0
C06365,Lapsed / Hibernating,2,3,2,232,603,3,156.69,52.23,0.081,4,973,0.667,0.0
C06367,Deal Hunters,4,1,2,412,32,1,206.48,206.48,1.0,1,32,1.0,0.0
C06368,Lapsed / Hibernating,1,3,2,132,973,2,153.98,76.99,0.0,1,1095,0.0,0.333
C06369,Steady Regulars,3,3,3,333,364,3,584.16,194.72,0.061,4,1033,1.0,0.182
C06370,Lapsed / Hibernating,2,3,2,232,404,2,170.84,85.42,0.386,4,753,0.0,0.2
C06371,Lapsed / Hibernating,2,4,5,245,384,8,2193.49,274.186,0.026,6,834,0.125,0.0
C06372,Lapsed / Hibernating,1,1,1,111,879,1,78.93,78.93,0.683,2,879,0.0,0.0
C06373,Champions,5,5,4,554,10,11,1464.02,133.093,0.111,7,259,0.909,0.053
C06374,Lapsed / Hibernating,1,3,3,133,709,2,340.76,170.38,0.647,1,1065,1.0,0.25
C06377,Lapsed / Hibernating,1,3,3,133,833,4,343.92,85.98,0.0,3,915,0.25,0.0
C06378,Champions,5,5,5,555,20,19,3053.51,160.711,0.037,7,1079,1.0,0.029
C06379,Lapsed / Hibernating,2,3,3,233,603,3,591.92,197.307,0.0,2,897,0.333,0.0
C06381,Lapsed / Hibernating,1,1,2,112,1094,1,226.97,226.97,0.0,1,1094,1.0,0.0
C06382,Lapsed / Hibernating,2,1,1,211,500,1,71.38,71.38,1.0,1,500,1.0,0.0
C06383,Lapsed / Hibernating,2,5,5,255,388,16,2090.63,130.664,0.059,7,1094,0.188,0.156
C06384,Champions,4,4,4,444,51,7,1120.78,160.111,0.0,8,704,1.0,0.143
C06385,New & Promising,5,1,2,512,23,1,111.99,111.99,0.0,1,23,1.0,0.0
C06386,New & Promising,3,1,1,311,236,1,46.99,46.99,0.0,1,236,1.0,0.0
C06388,Champions,5,5,5,555,12,27,3857.0,142.852,0.216,7,1067,0.185,0.125
C06390,Lapsed / Hibernating,2,1,3,213,626,1,449.95,449.95,0.0,3,626,1.0,0.0
C06392,New & Promising,3,1,1,311,162,1,17.99,17.99,0.0,1,162,1.0,0.0
C06393,Champions,5,5,5,555,5,33,7095.25,215.008,0.135,7,448,0.909,0.086
C06394,Deal Hunters,4,1,1,411,36,1,55.26,55.26,1.0,3,36,1.0,0.0
C06395,Lapsed / Hibernating,1,1,3,113,742,1,277.97,277.97,0.0,1,742,1.0,0.0
C06396,New & Promising,5,3,1,531,16,2,85.98,42.99,0.0,1,411,1.0,0.0
C06399,Champions,5,5,5,555,26,33,6362.15,192.792,0.133,7,1085,0.152,0.083
C06400,Champions,5,5,5,555,2,25,5371.95,214.878,0.037,7,361,1.0,0.17
C06401,Lapsed / Hibernating,1,3,4,134,975,3,734.51,244.837,0.042,5,1084,0.667,0.0
C06402,Champions,5,5,5,555,26,65,13574.14,208.833,0.082,8,1073,0.892,0.072
C06404,Lapsed / Hibernating,1,3,3,133,1012,4,357.13,89.282,0.063,5,1090,0.75,0.143
C06405,Champions,3,4,5,345,168,8,1914.3,239.288,0.449,5,1065,0.125,0.0
C06406,Steady Regulars,3,1,2,312,274,1,115.96,115.96,0.0,2,274,1.0,0.0
C06407,Lapsed / Hibernating,2,3,2,232,595,2,220.36,110.18,0.896,2,767,1.0,0.0
C06408,Lapsed / Hibernating,1,1,1,111,1071,1,38.99,38.99,0.0,1,1071,0.0,0.0
C06409,Steady Regulars,3,3,3,333,175,2,381.97,190.985,0.0,3,1084,1.0,0.0
C06410,Lapsed / Hibernating,2,5,5,255,393,21,2421.37,115.303,0.029,6,1036,0.19,0.129
C06411,Lapsed / Hibernating,1,3,2,132,744,2,91.99,45.995,0.0,1,850,0.5,0.5
C06412,Lapsed / Hibernating,2,1,2,212,392,1,175.98,175.98,0.0,2,392,1.0,0.0
C06413,Deal Hunters,5,1,1,511,26,1,76.58,76.58,0.752,2,26,0.0,0.0
C06414,New & Promising,5,1,1,511,1,1,23.99,23.99,0.0,1,1,1.0,0.0
C06415,Lapsed / Hibernating,2,3,2,232,523,3,233.83,77.943,0.081,4,647,1.0,0.0
C06418,Lapsed / Hibernating,2,3,3,233,455,2,299.95,149.975,0.0,3,468,0.5,0.0
C06419,Lapsed / Hibernating,2,1,1,211,697,1,43.98,43.98,0.0,2,697,1.0,0.0
C06420,Lapsed / Hibernating,2,4,5,245,587,10,2072.55,207.255,0.035,5,893,0.9,0.083
C06421,Lapsed / Hibernating,1,1,2,112,866,1,162.99,162.99,0.0,1,866,1.0,0.0
C06423,Lapsed / Hibernating,1,1,1,111,768,1,16.09,16.09,1.0,1,768,1.0,0.0
C06424,Lapsed / Hibernating,1,1,2,112,758,1,149.98,149.98,0.0,1,758,1.0,0.0
C06426,New & Promising,3,1,1,311,149,1,55.99,55.99,0.0,1,149,1.0,0.0
C06427,Champions,4,5,4,454,109,15,1154.17,76.945,0.082,6,824,0.933,0.148
C06428,Steady Regulars,3,3,3,333,284,2,377.46,188.73,0.064,2,312,1.0,0.2
C06429,Lapsed / Hibernating,2,3,3,233,374,3,403.88,134.627,0.267,4,560,0.0,0.0
C06431,Lapsed / Hibernating,2,1,2,212,472,1,94.95,94.95,0.0,2,472,1.0,0.0
C06433,Lapsed / Hibernating,1,1,2,112,968,1,91.32,91.32,0.288,3,968,1.0,0.0
C06435,New & Promising,4,1,1,411,70,1,69.98,69.98,0.0,1,70,0.0,0.0
C06436,New & Promising,4,1,2,412,28,1,237.95,237.95,0.0,3,28,1.0,0.0
C06437,Champions,5,5,5,555,5,23,3637.18,158.138,0.187,7,1085,0.217,0.043
C06439,Lapsed / Hibernating,2,4,4,244,400,7,913.59,130.513,0.354,3,996,0.0,0.091
C06441,Champions,4,5,5,455,58,13,2211.41,170.108,0.096,5,747,0.846,0.0
C06446,Champions,4,5,5,455,80,31,6195.55,199.856,0.053,5,1035,0.968,0.118
C06447,Lapsed / Hibernating,2,3,3,233,373,4,381.94,95.485,0.0,3,814,0.25,0.0
C06448,Steady Regulars,4,4,4,444,62,6,832.65,138.775,0.084,3,408,1.0,0.2
C06449,Lapsed / Hibernating,1,1,2,112,996,1,89.99,89.99,0.0,1,996,1.0,0.0
C06451,Champions,5,5,5,555,19,25,6182.82,247.313,0.017,6,1095,0.92,0.094
C06453,Lapsed / Hibernating,2,1,2,212,555,1,153.37,153.37,0.12,3,555,0.0,0.0
C06454,Lapsed / Hibernating,2,3,3,233,633,4,449.84,112.46,0.0,3,951,0.5,0.0
C06455,Champions,4,5,5,455,36,16,2186.82,136.676,0.205,8,1086,0.0,0.028
C06456,New & Promising,4,1,2,412,103,1,107.98,107.98,0.0,1,103,1.0,0.0
C06458,Champions,4,5,5,455,63,16,3401.19,212.574,0.014,7,519,0.938,0.0
C06459,Lapsed / Hibernating,1,1,3,113,756,1,331.97,331.97,0.0,3,756,0.0,0.0
C06460,Champions,5,4,4,544,12,9,981.84,109.093,0.0,5,953,0.0,0.0
C06461,Champions,5,5,5,555,10,22,4925.01,223.864,0.116,6,1089,0.182,0.067
C06462,Lapsed / Hibernating,1,1,3,113,923,1,508.77,508.77,0.127,2,923,1.0,0.0
C06465,Champions,5,5,5,555,23,34,4911.08,144.444,0.32,6,1013,0.206,0.095
C06467,Lapsed / Hibernating,1,1,1,111,825,1,16.99,16.99,0.0,1,825,1.0,0.0
C06468,Champions,5,4,4,544,8,6,1180.43,196.738,0.361,5,245,0.167,0.125
C06469,Lapsed / Hibernating,1,1,2,112,828,1,93.97,93.97,0.0,2,828,1.0,0.0
C06470,Lapsed / Hibernating,1,1,1,111,1063,1,33.99,33.99,0.0,1,1063,1.0,0.0
C06471,Champions,5,5,5,555,18,27,5168.68,191.433,0.085,7,945,0.926,0.048
C06472,New & Promising,3,1,1,311,250,1,0.0,0.0,0.0,1,250,1.0,1.0
C06473,Steady Regulars,3,1,2,312,160,1,115.94,115.94,0.0,3,160,1.0,0.0
C06475,Lapsed / Hibernating,2,5,5,255,485,23,3194.3,138.883,0.184,8,1081,0.913,0.02
C06477,Lapsed / Hibernating,2,1,1,211,374,1,23.99,23.99,0.0,2,374,1.0,0.5
C06478,Steady Regulars,3,3,3,333,295,2,584.9,292.45,0.0,4,460,0.5,0.143
C06480,Deal Hunters,3,1,2,312,332,1,101.36,101.36,0.586,3,332,1.0,0.0
C06481,Steady Regulars,3,3,3,333,326,2,492.96,246.48,0.0,3,578,0.0,0.0
C06482,Deal Hunters,3,1,3,313,169,1,311.08,311.08,1.0,1,169,1.0,0.0
C06483,Lapsed / Hibernating,2,5,5,255,379,25,5156.15,206.246,0.107,6,1035,0.92,0.057
C06484,Lapsed / Hibernating,2,1,2,212,593,1,166.97,166.97,0.0,2,593,1.0,0.0
C06485,Steady Regulars,5,5,4,554,17,11,844.67,76.788,0.229,3,263,1.0,0.353
C06486,Champions,5,4,4,544,15,7,1496.29,213.756,0.141,5,666,0.286,0.062
C06487,Lapsed / Hibernating,1,3,3,133,970,3,419.95,139.983,0.0,3,1023,1.0,0.286
C06489,Lapsed / Hibernating,1,1,2,112,878,1,129.97,129.97,0.0,2,878,1.0,0.0
C06490,Champions,5,4,4,544,26,7,1688.7,241.243,0.0,6,155,0.571,0.087
C06491,Steady Regulars,3,1,2,312,276,1,150.99,150.99,0.0,1,276,1.0,0.0
C06492,New & Promising,3,1,1,311,229,1,20.99,20.99,0.0,1,229,0.0,0.0
C06493,Steady Regulars,4,3,3,433,44,3,428.95,142.983,0.0,4,72,1.0,0.167
C06494,Steady Regulars,3,3,3,333,259,3,280.44,93.48,0.091,5,729,1.0,0.0
C06496,Lapsed / Hibernating,2,1,1,211,382,1,0.0,0.0,0.0,1,382,1.0,1.0
C06497,Steady Regulars,4,3,3,433,77,3,430.94,143.647,0.0,4,205,1.0,0.167
C06498,Steady Regulars,5,3,3,533,14,4,453.9,113.475,0.123,4,304,1.0,0.0
C06499,Lapsed / Hibernating,1,4,5,145,788,7,1767.77,252.539,0.076,3,973,0.286,0.042
C06500,Lapsed / Hibernating,1,4,4,144,752,8,732.08,91.51,0.388,4,1037,0.375,0.071
C06501,Champions,5,5,5,555,4,48,10333.27,215.276,0.094,8,1058,0.917,0.07
C06502,Champions,5,5,5,555,12,16,3111.74,194.484,0.073,7,996,0.0,0.095
C06504,Lapsed / Hibernating,1,1,2,112,965,1,221.97,221.97,0.0,2,965,0.0,0.5
C06506,Champions,5,5,4,554,13,14,1598.75,114.196,0.126,7,502,0.929,0.0
C06509,Lapsed / Hibernating,1,1,2,112,897,1,116.99,116.99,0.0,2,897,1.0,0.5
C06510,Champions,5,5,5,555,17,47,8801.88,187.274,0.193,8,1091,0.234,0.1
C06511,Steady Regulars,3,3,2,332,291,4,256.66,64.165,0.034,4,869,1.0,0.4
C06512,Champions,4,5,5,455,37,18,2480.77,137.821,0.223,8,856,0.889,0.056
C06513,Champions,5,5,5,555,7,23,3986.8,173.339,0.256,7,1055,0.13,0.065
C06514,New & Promising,3,1,1,311,295,1,18.99,18.99,0.0,1,295,1.0,0.0
C06516,Steady Regulars,3,4,4,344,133,6,1346.85,224.475,0.015,5,884,0.833,0.083
C06517,Lapsed / Hibernating,2,1,2,212,461,1,176.97,176.97,0.0,2,461,1.0,0.0
C06519,Champions,4,5,5,455,41,35,5774.72,164.992,0.118,8,636,0.143,0.075
C06520,Lapsed / Hibernating,2,1,1,211,588,1,52.99,52.99,0.0,1,588,0.0,0.0
C06521,Lapsed / Hibernating,1,3,3,133,934,2,298.95,149.475,0.0,3,934,0.0,0.0
C06523,Lapsed / Hibernating,2,3,3,233,366,3,315.82,105.273,0.211,4,782,0.0,0.143
C06524,Lapsed / Hibernating,2,4,4,244,390,6,1610.88,268.48,0.0,3,856,1.0,0.0
C06525,Champions,3,5,5,355,256,14,1914.93,136.781,0.099,5,885,0.143,0.0
C06526,Lapsed / Hibernating,2,1,1,211,390,1,13.59,13.59,1.0,1,390,1.0,0.0
C06527,Champions,4,4,4,444,85,7,1281.87,183.124,0.179,6,633,0.857,0.062
C06528,Champions,3,4,4,344,339,10,1476.98,147.698,0.187,6,1017,0.0,0.13
C06530,Lapsed / Hibernating,1,1,1,111,802,1,72.96,72.96,0.0,1,802,1.0,0.0
C06531,Champions,3,5,5,355,205,14,1975.75,141.125,0.119,7,722,0.857,0.077
C06532,Lapsed / Hibernating,2,1,1,211,467,1,55.98,55.98,0.0,1,467,1.0,0.0
C06533,Champions,5,4,5,545,17,7,2417.72,345.389,0.263,5,345,1.0,0.059
C06534,Lapsed / Hibernating,1,1,1,111,1095,1,58.99,58.99,0.0,1,1095,1.0,0.0
C06535,Lapsed / Hibernating,1,1,4,114,1079,1,667.93,667.93,0.0,2,1079,1.0,0.0
C06536,Deal Hunters,4,3,3,433,41,2,485.96,242.98,0.944,3,499,0.0,0.0
C06537,Champions,4,5,4,454,87,11,1660.47,150.952,0.11,5,1002,0.091,0.048
C06538,Champions,4,5,5,455,44,27,3801.82,140.808,0.036,7,850,0.148,0.12
C06539,Lapsed / Hibernating,1,1,1,111,1096,1,46.97,46.97,0.0,2,1096,1.0,0.0
C06540,Lapsed / Hibernating,1,1,2,112,853,1,120.96,120.96,0.0,2,853,0.0,0.333
C06541,Lapsed / Hibernating,1,3,3,133,776,2,485.13,242.565,0.479,3,1062,0.0,0.0
C06542,New & Promising,3,1,1,311,283,1,54.23,54.23,0.429,2,283,1.0,0.0
C06543,Lapsed / Hibernating,2,1,2,212,442,1,166.99,166.99,0.0,1,442,1.0,0.0
C06544,Lapsed / Hibernating,2,3,3,233,553,3,365.94,121.98,0.073,5,1055,1.0,0.167
C06545,Steady Regulars,4,3,4,434,68,3,910.93,303.643,0.0,1,379,0.667,0.0
C06546,New & Promising,3,1,1,311,174,1,72.99,72.99,0.0,1,174,1.0,0.0
C06547,Champions,4,5,5,455,67,26,6178.36,237.629,0.089,7,1065,0.962,0.119
C06548,Champions,5,4,4,544,17,10,1350.99,135.099,0.352,5,931,0.9,0.125
C06549,Lapsed / Hibernating,2,1,1,211,530,1,55.97,55.97,0.0,2,530,1.0,0.0
C06550,Lapsed / Hibernating,1,1,1,111,1046,1,78.99,78.99,0.0,1,1046,1.0,0.0
C06551,Lapsed / Hibernating,1,3,3,133,1054,2,329.75,164.875,0.072,2,1073,1.0,0.0
C06553,Steady Regulars,3,3,4,334,337,3,690.96,230.32,0.0,4,426,1.0,0.0
C06554,Steady Regulars,3,1,2,312,182,1,252.57,252.57,0.291,3,182,1.0,0.0
C06555,Steady Regulars,4,4,4,444,34,5,841.66,168.332,0.139,4,997,1.0,0.0
C06556,Steady Regulars,4,1,3,413,84,1,334.98,334.98,0.0,2,84,0.0,0.0
C06557,Lapsed / Hibernating,1,1,1,111,1076,1,0.0,0.0,1.0,1,1076,0.0,1.0
C06558,Lapsed / Hibernating,1,1,1,111,730,1,65.99,65.99,0.0,2,730,0.0,0.5
C06559,Champions,3,5,5,355,147,16,1877.56,117.348,0.175,6,1037,0.938,0.152
C06560,Lapsed / Hibernating,2,3,3,233,647,4,383.92,95.98,0.307,4,782,1.0,0.375
C06561,Steady Regulars,3,1,2,312,173,1,133.97,133.97,0.0,2,173,1.0,0.0
C06562,Steady Regulars,3,4,4,344,132,7,840.75,120.107,0.034,5,934,0.143,0.0
C06565,Lapsed / Hibernating,1,1,1,111,1073,1,35.39,35.39,1.0,1,1073,1.0,0.0
C06566,Steady Regulars,3,3,4,334,207,4,840.89,210.223,0.0,4,391,1.0,0.1
C06567,Champions,5,5,5,555,1,85,13937.57,163.971,0.145,8,1077,0.929,0.081
C06568,Champions,3,5,4,354,254,12,1509.36,125.78,0.123,7,1008,0.167,0.1
C06569,Lapsed / Hibernating,1,3,3,133,1066,2,281.97,140.985,0.0,2,1090,1.0,0.0
C06571,Deal Hunters,3,1,1,311,136,1,47.58,47.58,1.0,1,136,0.0,0.0
C06572,Champions,5,5,5,555,13,34,6544.13,192.474,0.189,6,1087,0.118,0.056
C06574,Deal Hunters,3,1,1,311,352,1,20.79,20.79,1.0,1,352,0.0,0.0
C06575,Lapsed / Hibernating,2,1,1,211,584,1,52.99,52.99,0.0,1,584,1.0,0.0
C06577,Champions,5,4,5,545,11,8,1824.92,228.115,0.26,6,236,0.75,0.091
C06578,Lapsed / Hibernating,1,3,2,132,712,2,232.96,116.48,0.0,4,856,0.5,0.4
C06579,New & Promising,3,1,1,311,282,1,47.98,47.98,0.0,2,282,1.0,0.0
C06580,Lapsed / Hibernating,1,3,3,133,790,4,599.91,149.978,0.0,3,1026,0.0,0.0
C06582,Steady Regulars,3,1,2,312,266,1,210.97,210.97,0.0,2,266,1.0,0.0
C06583,Steady Regulars,4,3,4,434,77,4,834.85,208.712,0.0,5,263,1.0,0.25
C06584,Deal Hunters,5,4,4,544,4,6,1073.83,178.972,0.848,4,80,0.0,0.0
C06586,Lapsed / Hibernating,2,1,3,213,438,1,484.95,484.95,0.0,2,438,1.0,0.0
C06587,Steady Regulars,4,3,3,433,49,3,527.91,175.97,0.0,5,88,0.0,0.0
C06590,Lapsed / Hibernating,1,1,1,111,1035,1,0.0,0.0,0.0,1,1035,1.0,1.0
C06591,Lapsed / Hibernating,1,1,1,111,817,1,20.99,20.99,0.0,1,817,0.0,0.0
C06592,Steady Regulars,3,5,4,354,300,11,1090.76,99.16,0.217,4,1034,0.364,0.095
C06594,Steady Regulars,4,3,3,433,99,4,421.24,105.31,0.058,2,375,0.25,0.0
C06595,Steady Regulars,3,4,4,344,161,8,1433.83,179.229,0.0,5,614,0.75,0.062
C06597,Lapsed / Hibernating,1,1,2,112,908,1,205.98,205.98,0.0,2,908,1.0,0.0
C06599,Lapsed / Hibernating,1,1,1,111,1051,1,70.98,70.98,0.0,1,1051,1.0,0.0
C06600,Lapsed / Hibernating,2,1,1,211,569,1,61.98,61.98,0.0,2,569,1.0,0.333
C06601,Champions,4,4,4,444,30,6,1052.63,175.438,0.159,7,277,1.0,0.105
C06602,Lapsed / Hibernating,1,3,3,133,865,2,304.95,152.475,0.0,3,963,0.0,0.25
C06603,New & Promising,3,3,1,331,186,2,8.99,4.495,0.0,2,195,1.0,0.5
C06604,Champions,5,5,5,555,17,29,4479.19,154.455,0.091,8,380,0.966,0.05
C06605,Lapsed / Hibernating,1,3,4,134,910,4,1539.88,384.97,0.109,6,997,1.0,0.273
C06607,Champions,5,5,5,555,21,28,3478.03,124.215,0.156,4,1095,1.0,0.058
C06609,Steady Regulars,3,1,2,312,124,1,193.98,193.98,0.0,2,124,1.0,0.0
C06610,Lapsed / Hibernating,1,1,1,111,827,1,26.99,26.99,0.0,1,827,1.0,0.0
C06611,Lapsed / Hibernating,1,1,1,111,1034,1,58.99,58.99,0.0,1,1034,1.0,0.0
C06612,New & Promising,3,1,1,311,332,1,34.99,34.99,0.0,1,332,0.0,0.0
C06613,Lapsed / Hibernating,2,1,1,211,698,1,68.99,68.99,0.0,1,698,1.0,0.0
C06614,Lapsed / Hibernating,1,1,1,111,723,1,17.99,17.99,0.0,1,723,1.0,0.0
C06616,Deal Hunters,3,1,2,312,167,1,209.07,209.07,1.0,2,167,1.0,0.0
C06617,Lapsed / Hibernating,2,1,2,212,545,1,112.96,112.96,0.0,3,545,0.0,0.0
C06618,Lapsed / Hibernating,2,1,2,212,624,1,212.47,212.47,0.445,3,624,0.0,0.0
C06619,Lapsed / Hibernating,2,4,4,244,519,6,1064.74,177.457,0.0,7,781,0.0,0.0
C06620,Steady Regulars,4,4,3,443,95,6,588.87,98.145,0.064,5,433,1.0,0.083
C06622,Lapsed / Hibernating,1,1,2,112,1094,1,110.95,110.95,0.0,3,1094,0.0,0.0
C06624,Lapsed / Hibernating,2,1,1,211,383,1,47.19,47.19,1.0,1,383,1.0,0.0
C06625,Lapsed / Hibernating,2,5,5,255,679,14,2326.05,166.146,0.209,6,1090,0.143,0.032
C06626,Champions,5,4,4,544,13,9,1662.44,184.716,0.178,5,983,0.0,0.053
C06627,Lapsed / Hibernating,2,3,4,234,650,2,664.49,332.245,0.33,4,778,0.0,0.0
C06628,Lapsed / Hibernating,2,4,4,244,507,9,1376.8,152.978,0.433,5,898,0.778,0.091
C06629,Lapsed / Hibernating,1,1,1,111,1043,1,28.99,28.99,0.0,2,1043,0.0,0.5
C06630,Steady Regulars,3,3,2,332,277,2,183.95,91.975,0.0,1,315,0.0,0.4
C06631,Lapsed / Hibernating,2,3,2,232,555,2,167.37,83.685,0.755,2,740,1.0,0.0
C06632,Lapsed / Hibernating,1,1,1,111,755,1,80.97,80.97,0.0,1,755,0.0,0.0
C06633,Champions,4,4,4,444,48,7,1039.82,148.546,0.0,6,954,1.0,0.25
C06634,Lapsed / Hibernating,2,4,4,244,678,7,1248.0,178.286,0.089,5,1032,0.857,0.0
C06635,Lapsed / Hibernating,1,1,1,111,797,1,42.99,42.99,0.0,1,797,1.0,0.0
C06639,Lapsed / Hibernating,2,1,1,211,657,1,21.99,21.99,0.792,2,657,1.0,0.5
C06640,New & Promising,5,1,1,511,6,1,19.99,19.99,0.0,1,6,0.0,0.0
C06643,Lapsed / Hibernating,2,3,3,233,479,4,412.73,103.182,0.104,4,676,0.25,0.375
C06644,Lapsed / Hibernating,2,1,2,212,610,1,104.99,104.99,0.0,1,610,0.0,0.0
C06645,Lapsed / Hibernating,1,3,3,133,822,3,384.14,128.047,0.089,4,860,1.0,0.0
C06646,New & Promising,4,1,1,411,44,1,83.98,83.98,0.0,2,44,1.0,0.0
C06647,Deal Hunters,4,1,2,412,76,1,236.56,236.56,0.548,3,76,1.0,0.0
C06648,Champions,5,4,5,545,4,6,1956.39,326.065,0.052,3,420,1.0,0.0
C06649,Champions,5,4,4,544,6,9,963.16,107.018,0.14,4,725,0.111,0.0
C06650,Lapsed / Hibernating,2,1,1,211,444,1,26.99,26.99,1.0,1,444,0.0,0.0
C06651,Steady Regulars,5,3,3,533,11,3,384.93,128.31,0.0,4,112,1.0,0.0
C06652,Lapsed / Hibernating,2,1,2,212,415,1,123.95,123.95,0.0,2,415,0.0,0.0
C06653,Champions,4,5,5,455,30,12,2744.04,228.67,0.037,6,227,0.917,0.107
C06654,New & Promising,3,1,1,311,313,1,52.98,52.98,0.0,1,313,1.0,0.0
C06655,Steady Regulars,3,4,4,344,363,9,1009.98,112.22,0.078,6,987,0.222,0.0
C06656,Champions,3,4,5,345,133,7,1762.45,251.779,0.407,6,1088,0.286,0.167
C06657,Lapsed / Hibernating,1,1,2,112,824,1,184.93,184.93,0.0,2,824,0.0,0.0
C06658,New & Promising,4,1,2,412,113,1,111.96,111.96,0.0,2,113,1.0,0.0
C06659,Lapsed / Hibernating,2,3,3,233,447,4,581.46,145.365,0.118,4,722,0.75,0.0
C06660,Champions,3,4,4,344,335,9,1483.06,164.784,0.068,7,1041,1.0,0.087
C06661,Lapsed / Hibernating,1,1,2,112,744,1,164.96,164.96,0.388,2,744,1.0,0.0
C06662,Lapsed / Hibernating,1,1,1,111,1088,1,48.99,48.99,0.0,1,1088,1.0,0.0
C06663,New & Promising,3,1,2,312,211,1,89.98,89.98,0.0,2,211,0.0,0.333
C06664,Steady Regulars,4,3,4,434,80,4,806.37,201.593,0.265,5,283,1.0,0.0
C06665,Lapsed / Hibernating,2,4,3,243,367,6,561.89,93.648,0.0,4,1089,0.167,0.3
C06667,Lapsed / Hibernating,2,3,2,232,517,2,172.93,86.465,0.0,4,850,1.0,0.0
C06668,Lapsed / Hibernating,1,4,4,144,758,5,1275.99,255.198,0.424,5,1069,0.2,0.143
C06669,Lapsed / Hibernating,2,1,1,211,629,1,28.99,28.99,0.0,1,629,0.0,0.0
C06670,Champions,4,5,5,455,42,21,2613.75,124.464,0.04,8,1053,0.143,0.167
C06671,Lapsed / Hibernating,2,3,4,234,433,4,1050.67,262.668,0.168,3,606,1.0,0.0
C06672,Lapsed / Hibernating,1,4,5,145,766,9,2494.97,277.219,0.216,3,1027,0.889,0.125
C06673,New & Promising,5,1,1,511,9,1,0.0,0.0,0.0,1,9,1.0,1.0
C06674,Steady Regulars,3,4,5,345,198,8,1889.03,236.129,0.022,5,986,0.125,0.125
C06675,New & Promising,3,1,2,312,255,1,91.99,91.99,0.0,1,255,1.0,0.0
C06676,Lapsed / Hibernating,2,1,3,213,421,1,381.96,381.96,0.0,2,421,1.0,0.0
C06677,Champions,3,4,4,344,147,10,1690.2,169.02,0.537,5,1075,0.9,0.118
C06678,Lapsed / Hibernating,1,3,2,132,721,2,253.97,126.985,0.553,2,891,0.5,0.25
C06680,New & Promising,3,1,1,311,328,1,29.99,29.99,0.0,1,328,1.0,0.0
C06681,Steady Regulars,4,4,3,443,74,7,280.87,40.124,0.074,6,758,1.0,0.154
C06683,Steady Regulars,3,1,2,312,159,1,145.97,145.97,0.0,2,159,1.0,0.0
C06684,Champions,5,5,5,555,1,36,5871.84,163.107,0.069,8,1060,0.167,0.034
C06687,New & Promising,3,1,1,311,257,1,71.99,71.99,0.0,1,257,0.0,0.0
C06688,Lapsed / Hibernating,2,4,3,243,612,5,412.55,82.51,0.288,5,769,0.2,0.0
C06689,Champions,5,5,4,554,20,13,1561.45,120.112,0.142,5,504,0.923,0.083
C06690,Steady Regulars,4,1,3,413,55,1,594.34,594.34,0.266,3,55,0.0,0.0
C06691,Champions,5,5,4,554,5,11,1584.5,144.045,0.059,8,502,0.636,0.125
C06692,Champions,4,5,5,455,117,32,6341.55,198.173,0.171,3,1021,0.062,0.117
C06693,Champions,4,5,5,455,76,12,1922.13,160.178,0.233,7,459,0.75,0.036
C06694,Lapsed / Hibernating,1,5,5,155,769,18,2513.83,139.657,0.142,6,1088,0.111,0.0
C06695,Lapsed / Hibernating,1,1,1,111,750,1,63.98,63.98,1.0,1,750,1.0,0.0
C06697,Lapsed / Hibernating,1,4,4,144,982,5,1119.84,223.968,0.018,4,1091,0.8,0.0
C06698,Lapsed / Hibernating,1,1,2,112,1090,1,133.98,133.98,0.0,2,1090,1.0,0.333
C06699,Lapsed / Hibernating,1,1,1,111,977,1,38.99,38.99,0.0,1,977,1.0,0.0
C06700,Lapsed / Hibernating,2,3,2,232,382,2,161.97,80.985,0.0,2,801,1.0,0.0
C06702,Steady Regulars,4,3,3,433,32,3,473.25,157.75,0.339,2,334,0.667,0.0
C06703,New & Promising,5,1,2,512,20,1,97.19,97.19,0.259,2,20,0.0,0.5
C06704,Lapsed / Hibernating,1,1,2,112,725,1,182.94,182.94,0.0,3,725,0.0,0.0
C06705,Lapsed / Hibernating,1,1,1,111,825,1,81.98,81.98,0.0,1,825,1.0,0.0
C06707,Lapsed / Hibernating,2,4,3,243,666,5,347.89,69.578,0.0,3,986,1.0,0.0
C06708,New & Promising,5,3,3,533,24,2,325.97,162.985,0.0,2,49,1.0,0.0
C06709,Steady Regulars,4,4,4,444,75,6,1186.69,197.782,0.056,4,1041,1.0,0.1
C06710,New & Promising,4,1,1,411,51,1,41.99,41.99,0.0,1,51,1.0,0.0
C06711,Steady Regulars,5,3,4,534,2,4,866.9,216.725,0.0,4,148,1.0,0.0
C06712,Lapsed / Hibernating,1,1,1,111,732,1,30.99,30.99,0.0,1,732,1.0,0.0
C06713,Steady Regulars,4,3,2,432,75,2,215.95,107.975,0.0,2,374,1.0,0.0
C06714,Lapsed / Hibernating,1,3,4,134,1006,3,838.93,279.643,0.0,2,1081,1.0,0.0
C06715,Lapsed / Hibernating,1,1,2,112,932,1,161.97,161.97,0.0,1,932,0.0,0.0
C06716,Lapsed / Hibernating,2,3,2,232,573,2,228.93,114.465,0.0,4,959,0.0,0.2
C06717,Champions,5,5,5,555,17,22,1863.95,84.725,0.266,6,954,0.955,0.091
C06720,Steady Regulars,4,3,2,432,65,2,241.96,120.98,0.0,4,116,1.0,0.25
C06726,Lapsed / Hibernating,1,4,3,143,947,5,345.9,69.18,0.0,5,1062,0.0,0.2
C06727,Lapsed / Hibernating,1,1,2,112,1091,1,261.57,261.57,1.0,1,1091,1.0,0.0
C06728,Deal Hunters,3,1,1,311,354,1,66.38,66.38,1.0,1,354,1.0,0.0
C06729,Champions,5,5,5,555,3,32,4694.12,146.691,0.152,6,965,0.906,0.115
C06730,Champions,4,4,4,444,109,6,1175.45,195.908,0.217,7,513,0.0,0.0
C06731,New & Promising,3,3,1,331,175,2,56.98,28.49,0.0,2,234,1.0,0.333
C06732,Champions,4,5,5,455,86,12,2024.2,168.683,0.009,6,845,0.833,0.0
C06733,Steady Regulars,3,3,4,334,162,4,865.44,216.36,0.176,4,358,1.0,0.111
C06734,New & Promising,4,3,2,432,52,2,234.95,117.475,0.0,1,106,1.0,0.0
C06735,Lapsed / Hibernating,1,4,4,144,744,7,806.06,115.151,0.054,6,1024,1.0,0.0
C06736,Champions,5,5,5,555,22,44,4598.47,104.511,0.064,7,1096,0.864,0.04
C06738,Champions,4,4,5,445,34,8,2065.84,258.23,0.13,5,437,0.0,0.087
C06739,New & Promising,4,1,1,411,67,1,22.99,22.99,0.0,1,67,0.0,0.0
C06740,Lapsed / Hibernating,1,3,3,133,910,3,453.91,151.303,0.0,3,987,1.0,0.0
C06741,Lapsed / Hibernating,1,1,2,112,1031,1,221.97,221.97,0.0,2,1031,1.0,0.0
C06742,Steady Regulars,3,1,2,312,307,1,189.96,189.96,0.0,1,307,1.0,0.0
C06743,Champions,5,3,5,535,4,4,2348.01,587.002,0.22,6,174,1.0,0.067
C06745,Lapsed / Hibernating,2,1,2,212,504,1,124.98,124.98,0.0,1,504,0.0,0.0
C06746,Lapsed / Hibernating,1,1,2,112,1057,1,186.97,186.97,0.0,2,1057,0.0,0.0
C06747,Steady Regulars,4,1,3,413,53,1,303.98,303.98,0.0,1,53,1.0,0.5
C06748,Lapsed / Hibernating,2,1,3,213,631,1,271.97,271.97,0.0,3,631,1.0,0.0
C06749,Steady Regulars,3,3,2,332,269,2,235.97,117.985,0.0,4,436,1.0,0.25
C06751,Steady Regulars,4,3,3,433,32,4,476.49,119.122,0.259,6,380,1.0,0.222
C06752,Lapsed / Hibernating,2,3,3,233,558,4,647.87,161.968,0.0,5,682,1.0,0.0
C06753,Steady Regulars,4,3,4,434,65,4,1410.15,352.538,0.01,4,406,0.75,0.091
C06754,Steady Regulars,3,4,4,344,175,7,1512.81,216.116,0.036,6,260,1.0,0.0
C06755,Champions,5,4,4,544,18,5,1105.5,221.1,0.115,6,385,0.8,0.077
C06757,Lapsed / Hibernating,2,4,5,245,598,9,2083.35,231.483,0.019,5,1048,1.0,0.0
C06758,Lapsed / Hibernating,2,1,3,213,427,1,347.55,347.55,0.476,3,427,1.0,0.0
C06760,Lapsed / Hibernating,2,3,3,233,423,2,316.75,158.375,0.359,2,708,1.0,0.333
C06761,Steady Regulars,4,3,3,433,28,4,519.38,129.845,0.3,4,177,0.75,0.1
C06763,Lapsed / Hibernating,1,3,1,131,972,3,74.37,24.79,0.345,2,1007,0.0,0.25
C06764,Steady Regulars,4,1,3,413,96,1,360.97,360.97,0.0,2,96,1.0,0.0
C06766,Champions,5,5,5,555,13,65,16061.55,247.101,0.049,7,1085,0.108,0.075
C06768,Lapsed / Hibernating,1,1,4,114,980,1,704.96,704.96,0.0,2,980,1.0,0.0
C06769,New & Promising,3,1,1,311,293,1,53.97,53.97,0.0,2,293,1.0,0.0
C06770,Lapsed / Hibernating,2,1,1,211,383,1,41.98,41.98,0.0,3,383,1.0,0.333
C06771,Champions,3,5,5,355,232,17,3161.19,185.952,0.068,5,897,1.0,0.111
C06772,Lapsed / Hibernating,1,1,1,111,723,1,37.99,37.99,0.0,1,723,0.0,0.0
C06774,Lapsed / Hibernating,1,4,4,144,726,6,1140.11,190.018,0.265,4,934,0.167,0.0
C06775,Lapsed / Hibernating,2,1,3,213,592,1,297.95,297.95,0.0,3,592,1.0,0.0
C06776,Lapsed / Hibernating,2,3,2,232,572,2,96.98,48.49,0.0,2,837,1.0,0.333
C06778,Champions,4,5,5,455,32,37,7946.76,214.777,0.109,7,1088,0.919,0.074
C06782,Steady Regulars,5,3,3,533,27,2,493.22,246.61,0.203,5,386,0.0,0.0
C06784,Lapsed / Hibernating,1,3,5,135,909,4,1888.81,472.203,0.0,5,984,0.0,0.0
C06785,Deal Hunters,5,1,3,513,10,1,327.04,327.04,0.683,3,10,1.0,0.25
C06786,Steady Regulars,4,3,3,433,82,3,394.36,131.453,0.353,3,386,1.0,0.0
C06789,Champions,4,4,4,444,33,7,1103.07,157.581,0.21,5,376,1.0,0.0
C06790,Lapsed / Hibernating,2,3,3,233,473,2,534.35,267.175,0.034,4,546,0.0,0.0
C06791,Steady Regulars,4,4,4,444,76,8,1218.78,152.348,0.021,5,252,0.25,0.062
C06792,Champions,5,5,5,555,26,28,4818.86,172.102,0.123,6,1074,0.214,0.071
C06793,New & Promising,3,3,2,332,214,2,134.94,67.47,0.0,2,330,1.0,0.0
C06794,Deal Hunters,3,1,1,311,225,1,34.18,34.18,1.0,1,225,1.0,0.0
C06795,Lapsed / Hibernating,1,4,5,145,963,7,1911.21,273.03,0.151,5,1085,0.0,0.042
C06796,Lapsed / Hibernating,1,4,4,144,867,7,897.79,128.256,0.0,6,1021,0.143,0.059
C06797,Champions,5,4,4,544,14,10,1184.52,118.452,0.039,6,478,0.1,0.043
C06798,Steady Regulars,3,1,3,313,179,1,627.98,627.98,0.0,1,179,1.0,0.0
C06799,Lapsed / Hibernating,2,1,1,211,561,1,41.38,41.38,0.444,2,561,1.0,0.0
C06800,New & Promising,4,1,2,412,56,1,133.98,133.98,0.0,3,56,1.0,0.333
C06801,Champions,4,4,5,445,33,7,2029.51,289.93,0.114,6,1038,0.857,0.0
C06802,Steady Regulars,3,4,4,344,277,9,975.05,108.339,0.277,4,1030,1.0,0.136
C06803,Lapsed / Hibernating,1,5,5,155,712,13,1891.72,145.517,0.159,5,1090,0.846,0.192
C06805,Deal Hunters,4,1,1,411,38,1,60.88,60.88,1.0,1,38,1.0,0.0
C06807,Champions,5,5,4,554,1,13,1541.14,118.549,0.297,4,572,0.923,0.077
C06808,Steady Regulars,5,3,3,533,1,2,348.98,174.49,0.0,2,125,1.0,0.0
C06809,Lapsed / Hibernating,2,1,2,212,540,1,239.93,239.93,0.0,3,540,1.0,0.0
C06810,Lapsed / Hibernating,2,1,3,213,424,1,273.98,273.98,0.0,1,424,1.0,0.0
C06811,Lapsed / Hibernating,1,1,1,111,725,1,37.98,37.98,0.84,2,725,1.0,0.5
C06812,Steady Regulars,4,4,4,444,117,6,800.88,133.48,0.055,5,439,1.0,0.222
C06816,Lapsed / Hibernating,1,3,2,132,1051,2,166.97,83.485,0.0,2,1075,1.0,0.0
C06817,Champions,5,5,5,555,9,68,14475.3,212.872,0.161,8,1038,0.941,0.138
C06820,Lapsed / Hibernating,2,1,1,211,426,1,0.0,0.0,0.0,1,426,1.0,1.0
C06823,New & Promising,4,3,2,432,43,4,200.88,50.22,0.0,4,131,1.0,0.111
C06824,Lapsed / Hibernating,2,3,3,233,440,3,616.11,205.37,0.025,4,743,1.0,0.0
C06825,Lapsed / Hibernating,1,1,1,111,867,1,55.24,55.24,1.0,1,867,0.0,0.0
C06826,Steady Regulars,3,4,4,344,212,6,825.03,137.505,0.122,6,752,0.167,0.077
C06827,Steady Regulars,3,3,3,333,256,4,359.1,89.775,0.382,4,498,0.25,0.0
C06830,Lapsed / Hibernating,2,3,2,232,612,2,108.87,54.435,0.361,2,686,1.0,0.333
C06832,New & Promising,3,1,1,311,243,1,52.99,52.99,0.0,2,243,1.0,0.5
C06833,Lapsed / Hibernating,1,3,3,133,755,2,420.73,210.365,0.71,4,793,0.0,0.0
C06835,Deal Hunters,3,1,1,311,323,1,45.88,45.88,1.0,1,323,1.0,0.0
C06838,Champions,4,5,5,455,66,20,4316.54,215.827,0.144,5,1095,0.25,0.149
C06839,Lapsed / Hibernating,2,1,2,212,497,1,125.79,125.79,1.0,1,497,0.0,0.0
C06840,Champions,4,4,5,445,48,9,1751.12,194.569,0.225,5,607,0.889,0.0
C06842,New & Promising,4,1,2,412,93,1,162.96,162.96,0.0,2,93,1.0,0.0
C06845,New & Promising,5,1,2,512,20,1,233.98,233.98,0.0,1,20,1.0,0.0
C06846,Champions,5,5,5,555,17,42,7882.42,187.677,0.065,6,983,0.952,0.104
C06847,Deal Hunters,4,1,1,411,36,1,12.59,12.59,1.0,1,36,1.0,0.0
C06848,Champions,5,5,5,555,11,14,2128.31,152.022,0.321,8,432,0.071,0.132
C06849,Champions,5,4,5,545,23,10,2227.83,222.783,0.086,5,881,0.1,0.208
C06850,Steady Regulars,3,3,2,332,279,3,261.92,87.307,0.0,2,588,1.0,0.167
C06851,Champions,4,5,5,455,64,12,1758.55,146.546,0.026,5,1074,0.417,0.174
C06852,Lapsed / Hibernating,1,3,4,134,738,2,1145.88,572.94,0.0,4,805,0.5,0.125
C06853,Lapsed / Hibernating,1,3,4,134,905,4,829.92,207.48,0.0,4,1074,0.0,0.111
C06854,Lapsed / Hibernating,1,4,4,144,719,6,674.05,112.342,0.315,6,996,1.0,0.0
C06855,Lapsed / Hibernating,2,3,3,233,377,2,638.74,319.37,0.476,3,773,1.0,0.0
C06857,New & Promising,3,1,1,311,127,1,0.0,0.0,0.0,1,127,1.0,1.0
C06858,Lapsed / Hibernating,1,3,2,132,942,2,103.96,51.98,0.0,4,989,1.0,0.4
C06859,Champions,5,4,4,544,18,9,808.4,89.822,0.171,6,247,0.333,0.19
C06860,Champions,5,5,5,555,2,62,13724.41,221.361,0.07,8,761,0.952,0.028
C06861,Steady Regulars,3,1,2,312,359,1,170.58,170.58,0.291,2,359,1.0,0.0
C06862,Steady Regulars,3,3,3,333,297,4,433.89,108.472,0.166,6,371,0.0,0.0
C06863,Champions,5,5,4,554,23,11,957.46,87.042,0.259,5,883,0.909,0.25
C06864,Lapsed / Hibernating,1,3,2,132,948,2,216.98,108.49,0.0,1,1080,1.0,0.333
C06865,Lapsed / Hibernating,1,1,2,112,1095,1,118.99,118.99,0.0,1,1095,0.0,0.0
C06866,Lapsed / Hibernating,2,3,2,232,679,3,95.05,31.683,0.169,4,876,0.667,0.0
C06867,Steady Regulars,5,1,3,513,15,1,452.99,452.99,0.0,1,15,1.0,0.0
C06868,Lapsed / Hibernating,2,5,5,255,694,18,5016.64,278.702,0.034,4,1085,0.944,0.071
C06869,Lapsed / Hibernating,2,1,1,211,373,1,61.99,61.99,0.0,1,373,0.0,0.0
C06870,Champions,4,5,5,455,80,18,4036.15,224.231,0.077,8,1092,0.944,0.043
C06871,Lapsed / Hibernating,2,1,1,211,511,1,82.42,82.42,0.588,2,511,0.0,0.0
C06872,Champions,5,5,5,555,6,21,4499.93,214.282,0.03,6,571,0.19,0.171
C06873,Lapsed / Hibernating,1,1,3,113,850,1,536.96,536.96,0.0,1,850,1.0,0.0
C06876,Lapsed / Hibernating,1,1,1,111,900,1,0.0,0.0,1.0,1,900,1.0,1.0
C06879,Lapsed / Hibernating,1,1,1,111,839,1,57.99,57.99,0.0,1,839,0.0,0.0
C06880,Champions,5,5,5,555,11,33,3395.37,102.89,0.198,8,1068,0.182,0.145
C06881,Lapsed / Hibernating,2,4,4,244,444,6,782.21,130.368,0.087,3,779,0.167,0.133
C06883,Lapsed / Hibernating,1,1,3,113,1071,1,391.95,391.95,0.115,2,1071,1.0,0.0
C06884,Deal Hunters,3,1,3,313,168,1,474.2,474.2,1.0,4,168,0.0,0.0
C06885,Lapsed / Hibernating,2,3,4,234,439,4,778.88,194.72,0.0,4,1084,1.0,0.111
C06886,Lapsed / Hibernating,1,1,2,112,729,1,214.54,214.54,0.082,4,729,1.0,0.0
C06887,Lapsed / Hibernating,2,1,1,211,642,1,68.39,68.39,1.0,1,642,1.0,0.0
C06888,Steady Regulars,4,3,3,433,122,3,452.92,150.973,0.0,3,558,0.667,0.0
C06889,Lapsed / Hibernating,2,1,2,212,592,1,124.98,124.98,0.0,2,592,1.0,0.0
C06890,Champions,3,4,4,344,153,8,1519.45,189.931,0.05,6,623,0.875,0.0
C06891,New & Promising,5,1,2,512,2,1,215.94,215.94,0.0,2,2,0.0,0.0
C06893,Steady Regulars,5,4,4,544,6,6,1124.38,187.397,0.025,3,101,1.0,0.1
C06894,Steady Regulars,5,3,3,533,13,3,555.72,185.24,0.133,5,88,1.0,0.0
C06896,New & Promising,3,1,1,311,217,1,22.99,22.99,0.0,1,217,0.0,0.0
C06897,Lapsed / Hibernating,2,1,1,211,531,1,32.98,32.98,0.0,1,531,0.0,0.0
C06900,Steady Regulars,5,3,3,533,15,2,643.02,321.51,0.39,3,408,0.5,0.0
C06902,Lapsed / Hibernating,2,4,3,243,636,7,384.69,54.956,0.249,4,785,0.857,0.091
C06903,Deal Hunters,5,1,1,511,23,1,27.18,27.18,1.0,1,23,1.0,0.0
C06904,Lapsed / Hibernating,1,1,2,112,1052,1,96.97,96.97,0.0,2,1052,0.0,0.333
C06905,Lapsed / Hibernating,1,3,1,131,779,2,59.96,29.98,0.0,1,941,1.0,0.0
C06906,Steady Regulars,3,4,2,342,245,7,263.67,37.667,0.432,5,1059,0.857,0.125
C06908,Lapsed / Hibernating,2,3,3,233,608,4,443.78,110.945,0.289,3,729,0.25,0.143
C06909,Champions,3,4,4,344,188,9,1287.75,143.083,0.064,6,1055,0.889,0.143
C06910,Champions,5,4,4,544,5,7,966.95,138.136,0.098,5,399,0.857,0.133
C06911,Steady Regulars,4,4,4,444,33,5,1078.75,215.75,0.033,5,210,0.8,0.133
C06913,Lapsed / Hibernating,2,1,1,211,603,1,20.39,20.39,1.0,1,603,1.0,0.5
C06914,Champions,4,5,5,455,28,22,4819.95,219.089,0.041,7,373,0.955,0.048
C06915,Champions,4,5,4,454,38,11,1124.6,102.236,0.21,6,851,0.909,0.062
C06916,Lapsed / Hibernating,2,1,3,213,638,1,440.97,440.97,0.0,2,638,1.0,0.0
C06917,Champions,5,5,5,555,10,24,3996.83,166.535,0.099,4,993,0.917,0.044
C06918,Deal Hunters,3,1,1,311,320,1,38.88,38.88,0.717,2,320,0.0,0.0
C06919,Steady Regulars,4,1,4,414,80,1,664.97,664.97,0.313,2,80,1.0,0.0
C06920,Lapsed / Hibernating,2,3,4,234,419,2,701.91,350.955,0.0,3,430,1.0,0.0
C06922,Steady Regulars,5,3,3,533,26,4,312.72,78.18,0.096,4,104,1.0,0.143
C06923,Steady Regulars,5,3,3,533,12,2,636.7,318.35,0.073,6,29,1.0,0.125
C06927,Steady Regulars,3,1,2,312,241,1,110.27,110.27,0.139,2,241,0.0,0.0
C06928,Lapsed / Hibernating,2,4,5,245,501,8,1879.02,234.878,0.043,4,1020,0.75,0.071
C06929,Steady Regulars,4,4,4,444,35,6,1504.0,250.667,0.196,4,736,0.333,0.133
C06934,Champions,3,5,5,355,207,20,5726.38,286.319,0.061,6,1074,0.1,0.102
C06936,Steady Regulars,3,3,3,333,346,2,355.88,177.94,0.064,4,692,1.0,0.0
C06937,Steady Regulars,3,4,4,344,243,6,1000.9,166.817,0.218,4,872,0.333,0.133
C06938,Lapsed / Hibernating,1,1,2,112,858,1,142.99,142.99,0.0,1,858,1.0,0.0
C06939,Lapsed / Hibernating,1,1,2,112,1079,1,225.94,225.94,0.0,3,1079,0.0,0.0
C06940,Lapsed / Hibernating,1,1,1,111,726,1,22.99,22.99,0.0,1,726,1.0,0.0
C06941,Champions,5,5,5,555,15,25,4098.96,163.958,0.112,7,1094,0.16,0.057
C06942,Lapsed / Hibernating,1,1,3,113,857,1,362.44,362.44,0.484,2,857,1.0,0.0
C06943,New & Promising,3,3,2,332,159,2,145.93,72.965,0.0,2,209,0.0,0.0
C06944,Lapsed / Hibernating,1,1,1,111,1096,1,47.96,47.96,0.0,2,1096,0.0,0.0
C06945,Deal Hunters,4,1,1,411,35,1,67.18,67.18,1.0,1,35,1.0,0.0
C06948,Champions,5,3,3,533,1,4,624.92,156.23,0.0,4,239,1.0,0.0
C06952,New & Promising,5,3,2,532,22,4,191.88,47.97,0.088,3,242,0.25,0.0
C06953,Steady Regulars,3,3,3,333,145,3,649.95,216.65,0.0,2,544,0.667,0.0
C06954,Lapsed / Hibernating,2,3,4,234,546,4,696.64,174.16,0.035,5,795,0.25,0.091
C06956,Steady Regulars,3,3,3,333,167,3,388.5,129.5,0.079,3,720,1.0,0.0
C06959,Lapsed / Hibernating,2,1,2,212,465,1,204.97,204.97,0.0,2,465,1.0,0.0
C06962,Lapsed / Hibernating,1,3,3,133,909,3,268.0,89.333,0.399,4,972,1.0,0.0
C06963,Lapsed / Hibernating,2,1,1,211,366,1,69.56,69.56,0.176,3,366,1.0,0.25
C06964,New & Promising,3,1,1,311,334,1,37.98,37.98,0.0,1,334,1.0,0.0
C06965,Lapsed / Hibernating,1,1,2,112,737,1,194.97,194.97,0.0,2,737,0.0,0.0
C06967,Deal Hunters,5,1,3,513,16,1,291.57,291.57,1.0,1,16,0.0,0.0
C06968,Lapsed / Hibernating,1,4,4,144,986,7,1476.85,210.979,0.0,4,1083,0.857,0.077
C06972,Lapsed / Hibernating,1,1,1,111,844,1,40.99,40.99,0.0,1,844,1.0,0.0
C06974,Champions,4,4,4,444,34,5,1092.7,218.54,0.313,5,606,1.0,0.222
C06976,New & Promising,3,1,1,311,258,1,18.99,18.99,0.0,1,258,1.0,0.0
C06977,New & Promising,3,1,1,311,180,1,53.99,53.99,0.0,1,180,1.0,0.0
C06978,Lapsed / Hibernating,1,1,2,112,1037,1,237.98,237.98,0.0,2,1037,0.0,0.0
C06979,New & Promising,4,1,2,412,87,1,113.98,113.98,0.0,1,87,0.0,0.0
C06980,Lapsed / Hibernating,1,1,2,112,736,1,86.97,86.97,0.0,1,736,1.0,0.0
C06981,Lapsed / Hibernating,1,3,4,134,915,4,828.69,207.172,0.344,5,1067,1.0,0.0
C06982,Lapsed / Hibernating,1,1,2,112,953,1,250.97,250.97,0.0,2,953,1.0,0.0
C06983,Deal Hunters,5,3,2,532,1,2,197.8,98.9,0.414,3,24,1.0,0.0
C06984,Lapsed / Hibernating,1,1,2,112,761,1,171.95,171.95,0.0,2,761,1.0,0.0
C06985,Champions,4,5,5,455,34,65,7192.66,110.656,0.111,8,1085,0.938,0.091
C06986,Lapsed / Hibernating,1,3,2,132,806,3,142.97,47.657,0.123,2,1030,1.0,0.4
C06988,Lapsed / Hibernating,1,5,5,155,818,12,2750.49,229.208,0.088,7,1096,0.5,0.037
C06990,Lapsed / Hibernating,2,1,1,211,510,1,30.99,30.99,0.0,1,510,1.0,0.0
C06994,Champions,5,5,5,555,25,15,3264.02,217.601,0.133,4,1089,0.0,0.032
C06995,Steady Regulars,3,3,4,334,347,4,691.9,172.975,0.0,5,662,1.0,0.222
C06996,Steady Regulars,4,1,3,413,42,1,275.97,275.97,0.0,3,42,1.0,0.333
C06997,Steady Regulars,3,3,2,332,255,3,147.97,49.323,0.0,2,1045,0.0,0.0
C06999,Steady Regulars,3,4,3,343,152,5,485.89,97.178,0.0,5,1009,0.2,0.2
C07000,New & Promising,4,1,1,411,78,1,7.99,7.99,0.0,1,78,1.0,0.0
C07002,Lapsed / Hibernating,1,1,1,111,1090,1,58.99,58.99,0.0,1,1090,0.0,0.0
C07003,Lapsed / Hibernating,1,3,2,132,1043,2,205.96,102.98,0.209,1,1046,1.0,0.4
C07004,Lapsed / Hibernating,1,3,3,133,858,2,591.08,295.54,0.271,4,938,0.0,0.0
C07005,Champions,3,5,5,355,134,20,2539.34,126.967,0.189,7,1081,0.15,0.095
C07006,New & Promising,3,1,2,312,237,1,89.99,89.99,0.0,1,237,1.0,0.5
C07009,Lapsed / Hibernating,1,1,1,111,1094,1,19.99,19.99,1.0,1,1094,0.0,0.0
C07011,New & Promising,3,1,1,311,267,1,64.99,64.99,0.0,1,267,1.0,0.0
C07012,Champions,4,5,5,455,32,15,2267.99,151.199,0.18,5,763,0.8,0.029
C07013,Champions,4,5,5,455,32,16,2338.32,146.145,0.365,8,596,0.062,0.034
C07014,Lapsed / Hibernating,1,1,3,113,871,1,389.26,389.26,1.0,2,871,1.0,0.0
C07015,New & Promising,4,1,1,411,57,1,69.98,69.98,0.0,1,57,1.0,0.0
C07016,Steady Regulars,3,1,3,313,250,1,333.98,333.98,0.0,2,250,0.0,0.0
C07017,Lapsed / Hibernating,1,3,4,134,1045,2,869.93,434.965,0.0,4,1052,0.5,0.167
C07018,Lapsed / Hibernating,2,5,5,255,419,13,2621.7,201.669,0.119,5,1072,0.154,0.069
C07019,Steady Regulars,5,1,3,513,5,1,592.95,592.95,0.0,3,5,1.0,0.0
C07020,Champions,5,5,4,554,21,12,1579.73,131.644,0.133,5,620,0.083,0.111
C07022,New & Promising,4,1,2,412,40,1,92.96,92.96,0.0,2,40,1.0,0.333
C07024,Lapsed / Hibernating,1,1,2,112,973,1,145.33,145.33,1.0,1,973,0.0,0.0
C07025,Champions,5,5,5,555,13,26,3925.24,150.971,0.195,6,364,1.0,0.119
C07026,New & Promising,5,1,1,511,6,1,21.98,21.98,0.0,1,6,1.0,0.0
C07027,Champions,3,5,5,355,351,14,3037.75,216.982,0.206,6,861,0.929,0.065
C07028,Steady Regulars,4,3,3,433,56,2,356.98,178.49,0.0,2,340,0.5,0.333
C07029,New & Promising,3,1,1,311,218,1,48.98,48.98,0.0,2,218,0.0,0.0
C07035,Lapsed / Hibernating,2,1,1,211,688,1,23.99,23.99,0.0,1,688,0.0,0.0
C07036,Champions,4,5,4,454,37,11,1052.09,95.645,0.06,6,411,1.0,0.0
C07037,Lapsed / Hibernating,1,1,2,112,919,1,87.98,87.98,0.0,2,919,0.0,0.0
C07038,New & Promising,4,1,2,412,49,1,173.99,173.99,0.0,2,49,1.0,0.5
C07039,Champions,4,5,5,455,39,18,4362.56,242.364,0.063,7,1065,0.111,0.062
C07040,New & Promising,3,1,1,311,221,1,64.97,64.97,0.0,2,221,1.0,0.0
C07041,Lapsed / Hibernating,1,1,1,111,1049,1,78.99,78.99,0.0,1,1049,1.0,0.0
C07042,Champions,3,5,5,355,257,22,4174.25,189.739,0.108,7,609,0.955,0.102
C07045,Champions,3,4,4,344,338,10,867.39,86.739,0.14,6,1065,0.9,0.167
C07046,New & Promising,4,3,2,432,40,3,146.96,48.987,0.0,2,298,1.0,0.25
C07047,New & Promising,5,1,2,512,4,1,143.99,143.99,0.0,2,4,1.0,0.5
C07048,Steady Regulars,3,3,2,332,313,2,143.96,71.98,0.0,3,375,0.0,0.2
C07049,Champions,5,4,4,544,7,5,956.26,191.252,0.062,5,213,1.0,0.0
C07050,Lapsed / Hibernating,2,5,5,255,497,11,1969.35,179.032,0.263,6,1085,0.091,0.043
C07051,Steady Regulars,3,1,3,313,288,1,313.99,313.99,0.0,2,288,1.0,0.5
C07052,Lapsed / Hibernating,2,4,5,245,686,8,2596.43,324.554,0.127,8,925,1.0,0.05
C07053,Lapsed / Hibernating,2,4,4,244,402,6,1043.49,173.915,0.086,5,1068,1.0,0.0
C07054,Steady Regulars,3,1,2,312,185,1,161.99,161.99,0.0,1,185,0.0,0.0
C07056,Lapsed / Hibernating,1,3,3,133,868,3,272.13,90.71,0.162,2,998,0.0,0.0
C07058,New & Promising,4,1,2,412,46,1,193.98,193.98,0.0,1,46,1.0,0.0
C07059,Steady Regulars,3,1,4,314,144,1,1167.96,1167.96,0.0,1,144,1.0,0.0
C07060,Lapsed / Hibernating,1,1,1,111,1065,1,47.98,47.98,0.0,1,1065,1.0,0.0
C07061,New & Promising,4,3,1,431,31,2,59.97,29.985,0.3,2,124,1.0,0.25
C07062,Lapsed / Hibernating,2,4,5,245,442,10,3220.15,322.015,0.097,5,1021,0.2,0.077
C07063,Deal Hunters,4,1,1,411,36,1,38.49,38.49,1.0,1,36,1.0,0.0
C07064,Deal Hunters,5,3,2,532,18,3,239.4,79.8,0.645,2,389,1.0,0.0
C07065,Lapsed / Hibernating,2,1,1,211,471,1,20.99,20.99,0.0,1,471,1.0,0.0
C07067,Champions,5,5,5,555,19,17,4170.81,245.342,0.302,8,1067,0.824,0.062
C07068,Lapsed / Hibernating,2,4,4,244,532,6,674.2,112.367,0.335,4,1018,0.167,0.1
C07070,Champions,5,5,5,555,19,18,3077.6,170.978,0.18,7,1044,0.167,0.073
C07071,Lapsed / Hibernating,1,1,2,112,1081,1,257.98,257.98,0.0,1,1081,1.0,0.0
C07072,Steady Regulars,3,3,4,334,157,2,806.93,403.465,0.0,2,381,1.0,0.0
C07073,Lapsed / Hibernating,1,3,3,133,750,3,548.32,182.773,0.085,3,1079,0.0,0.0
C07074,Lapsed / Hibernating,2,1,2,212,518,1,181.98,181.98,0.0,1,518,1.0,0.0
C07075,Champions,5,5,5,555,20,42,6642.55,158.156,0.083,8,1081,0.119,0.043
C07076,Champions,4,5,5,455,29,21,3578.0,170.381,0.158,8,633,0.952,0.133
C07077,Lapsed / Hibernating,1,3,2,132,929,2,95.16,47.58,0.622,2,970,0.5,0.0
C07078,Lapsed / Hibernating,1,1,1,111,788,1,35.99,35.99,0.0,1,788,1.0,0.0
C07079,Lapsed / Hibernating,1,1,1,111,851,1,80.97,80.97,0.0,1,851,0.0,0.0
C07081,Lapsed / Hibernating,1,1,1,111,922,1,19.98,19.98,0.0,1,922,1.0,0.0
C07082,Deal Hunters,5,1,1,511,21,1,13.59,13.59,1.0,1,21,0.0,0.0
C07083,Lapsed / Hibernating,1,3,4,134,750,4,780.85,195.212,0.067,6,1092,0.5,0.083
C07084,Lapsed / Hibernating,2,3,3,233,630,2,354.95,177.475,0.0,3,728,1.0,0.0
C07085,Steady Regulars,5,3,4,534,14,4,936.37,234.093,0.069,4,187,1.0,0.091
C07088,Lapsed / Hibernating,1,1,1,111,740,1,24.99,24.99,0.0,1,740,1.0,0.0
C07089,Deal Hunters,5,3,2,532,15,2,100.79,50.395,1.0,2,26,0.5,0.5
C07090,Lapsed / Hibernating,2,5,5,255,524,11,3826.59,347.872,0.0,6,810,0.182,0.0
C07091,Lapsed / Hibernating,1,1,2,112,1006,1,251.55,251.55,0.122,4,1006,1.0,0.0
C07092,Lapsed / Hibernating,2,1,2,212,382,1,165.96,165.96,0.0,2,382,0.0,0.0
C07094,Champions,5,5,5,555,19,40,8126.58,203.164,0.104,7,1095,0.925,0.079
C07095,Champions,5,5,5,555,15,30,7308.89,243.63,0.116,5,1065,0.9,0.1
C07097,Lapsed / Hibernating,1,1,2,112,929,1,134.56,134.56,0.131,2,929,1.0,0.0
C07098,New & Promising,3,1,2,312,344,1,108.99,108.99,0.0,1,344,1.0,0.0
C07099,Champions,5,5,5,555,22,73,15451.78,211.668,0.235,7,1056,0.192,0.039
C07100,Lapsed / Hibernating,1,1,2,112,1069,1,86.97,86.97,0.0,2,1069,0.0,0.0
C07102,Deal Hunters,3,3,3,333,312,3,534.63,178.21,0.884,4,503,0.0,0.0
C07103,Steady Regulars,5,4,4,544,24,6,1249.15,208.192,0.102,4,555,0.333,0.091
C07105,Steady Regulars,3,4,4,344,193,6,668.44,111.407,0.171,5,468,0.833,0.125
C07108,Champions,3,4,5,345,175,8,1865.96,233.245,0.249,6,419,0.875,0.056
C07109,New & Promising,3,1,1,311,328,1,20.99,20.99,0.0,1,328,0.0,0.0
C07110,Lapsed / Hibernating,2,3,2,232,509,2,130.67,65.335,0.143,1,818,0.5,0.0
C07111,Steady Regulars,3,3,3,333,137,3,385.7,128.567,0.326,5,367,1.0,0.0
C07112,New & Promising,3,1,1,311,124,1,30.99,30.99,0.0,1,124,0.0,0.5
C07113,Lapsed / Hibernating,1,1,1,111,785,1,53.98,53.98,0.0,2,785,1.0,0.0
C07116,New & Promising,4,1,1,411,48,1,28.99,28.99,0.0,1,48,0.0,0.0
C07117,Steady Regulars,3,4,4,344,355,7,1106.37,158.053,0.586,5,912,0.857,0.0
C07118,Lapsed / Hibernating,1,4,5,145,767,6,1840.33,306.722,0.77,6,1075,0.0,0.0
C07120,Champions,5,5,5,555,14,14,2370.9,169.35,0.049,4,1094,0.929,0.077
C07122,Steady Regulars,3,3,2,332,352,2,171.96,85.98,0.0,2,560,1.0,0.333
C07123,Lapsed / Hibernating,2,1,1,211,446,1,0.0,0.0,1.0,1,446,1.0,1.0
C07124,Steady Regulars,2,4,4,244,365,8,823.72,102.965,0.307,4,885,1.0,0.133
C07125,Lapsed / Hibernating,1,1,1,111,1052,1,21.99,21.99,0.0,1,1052,1.0,0.0
C07126,Steady Regulars,4,3,2,432,102,2,244.94,122.47,0.0,4,209,1.0,0.25
C07128,Champions,5,5,5,555,27,31,6174.94,199.192,0.13,5,782,0.29,0.13
C07129,Deal Hunters,4,1,2,412,34,1,184.78,184.78,1.0,2,34,1.0,0.0
C07130,New & Promising,3,1,1,311,234,1,26.99,26.99,0.0,1,234,1.0,0.0
C07131,Lapsed / Hibernating,2,1,2,212,612,1,171.96,171.96,0.0,3,612,1.0,0.0
C07132,Lapsed / Hibernating,2,3,3,233,366,3,331.95,110.65,0.0,3,756,1.0,0.25
C07134,Lapsed / Hibernating,2,3,4,234,384,2,722.94,361.47,0.0,2,952,0.5,0.0
C07135,Champions,4,5,5,455,39,15,3556.92,237.128,0.255,6,1090,0.867,0.114
C07137,Lapsed / Hibernating,2,1,4,214,369,1,741.05,741.05,0.168,3,369,0.0,0.2
C07140,Lapsed / Hibernating,1,1,1,111,1069,1,0.0,0.0,0.0,1,1069,0.0,1.0
C07141,Champions,5,4,4,544,3,6,699.05,116.508,0.13,5,511,0.0,0.077
C07142,Deal Hunters,3,1,1,311,287,1,23.99,23.99,0.492,2,287,1.0,0.5
C07144,Champions,5,5,5,555,18,38,8513.37,224.036,0.043,8,1076,0.842,0.054
C07145,Steady Regulars,3,3,2,332,286,4,142.93,35.732,0.306,2,529,0.75,0.333
C07146,Steady Regulars,4,1,3,413,72,1,303.94,303.94,0.0,5,72,1.0,0.2
C07148,Lapsed / Hibernating,2,1,1,211,471,1,32.97,32.97,0.0,1,471,1.0,0.0
C07149,New & Promising,3,1,1,311,127,1,31.98,31.98,0.0,1,127,0.0,0.5
C07150,Champions,4,5,4,454,96,11,1494.53,135.866,0.107,7,564,0.818,0.043
C07152,Lapsed / Hibernating,2,3,3,233,537,4,334.32,83.58,0.32,3,703,1.0,0.143
C07153,Champions,5,4,4,544,16,8,1370.13,171.266,0.171,6,819,0.75,0.077
C07154,Champions,3,5,4,354,129,11,1216.05,110.55,0.072,5,1090,0.182,0.04
C07155,Lapsed / Hibernating,2,4,4,244,558,10,1154.55,115.455,0.614,4,1070,1.0,0.304
C07157,Champions,5,5,5,555,9,47,7158.01,152.298,0.103,5,1082,0.234,0.068
C07158,Lapsed / Hibernating,1,1,2,112,1004,1,122.93,122.93,0.0,3,1004,0.0,0.0
C07159,Champions,4,5,5,455,70,29,3521.49,121.431,0.172,8,1062,0.931,0.102
C07160,Deal Hunters,3,3,2,332,358,2,244.96,122.48,0.735,3,421,1.0,0.0
C07161,Lapsed / Hibernating,1,1,2,112,722,1,101.96,101.96,0.0,2,722,1.0,0.0
C07162,Champions,3,5,5,355,152,12,2199.63,183.302,0.118,7,1048,0.333,0.071
C07163,Lapsed / Hibernating,2,4,3,243,666,5,583.84,116.768,0.765,5,971,0.0,0.0
C07166,Deal Hunters,4,1,3,413,33,1,471.76,471.76,1.0,3,33,0.0,0.0
C07167,New & Promising,3,1,1,311,320,1,0.0,0.0,0.0,1,320,1.0,1.0
C07169,Lapsed / Hibernating,2,3,3,233,548,2,353.09,176.545,0.134,4,745,1.0,0.0
C07170,Steady Regulars,5,4,4,544,15,5,1124.56,224.912,0.411,3,408,0.0,0.077
C07171,Lapsed / Hibernating,2,1,1,211,429,1,54.99,54.99,0.0,1,429,0.0,0.0
C07172,Lapsed / Hibernating,2,1,3,213,468,1,377.94,377.94,0.0,3,468,1.0,0.0
C07174,Lapsed / Hibernating,2,1,3,213,463,1,293.96,293.96,0.0,2,463,1.0,0.0
C07175,Lapsed / Hibernating,1,1,1,111,764,1,70.99,70.99,0.0,1,764,0.0,0.0
C07176,Steady Regulars,4,4,4,444,97,5,1361.19,272.238,0.023,4,297,0.2,0.071
C07177,Lapsed / Hibernating,1,1,2,112,763,1,146.97,146.97,0.0,3,763,1.0,0.0
C07178,Champions,4,5,5,455,55,31,7009.79,226.122,0.198,8,989,0.097,0.066
C07179,Lapsed / Hibernating,2,1,2,212,403,1,169.87,169.87,0.27,2,403,0.0,0.0
C07181,Steady Regulars,4,3,4,434,60,2,972.89,486.445,0.0,3,283,0.5,0.0
C07182,Champions,5,5,5,555,5,52,11144.72,214.322,0.203,6,570,0.269,0.055
C07183,Deal Hunters,5,4,2,542,1,5,244.78,48.956,0.841,3,117,1.0,0.0
C07184,Lapsed / Hibernating,2,3,2,232,591,2,96.97,48.485,0.0,2,610,0.0,0.0
C07185,Steady Regulars,3,5,5,355,290,11,2273.29,206.663,0.081,5,620,0.909,0.136
C07186,Lapsed / Hibernating,2,1,2,212,582,1,194.97,194.97,0.0,2,582,0.0,0.0
C07187,Deal Hunters,3,1,3,313,284,1,276.96,276.96,0.81,3,284,0.0,0.333
C07189,Lapsed / Hibernating,2,1,1,211,689,1,58.97,58.97,0.0,2,689,1.0,0.0
C07192,New & Promising,4,1,2,412,70,1,127.98,127.98,0.0,1,70,1.0,0.0
C07193,Steady Regulars,4,4,4,444,33,8,1504.15,188.019,0.089,4,368,1.0,0.056
C07196,Champions,5,4,5,545,17,10,2725.16,272.516,0.592,6,413,1.0,0.033
C07197,Steady Regulars,5,3,2,532,11,3,264.32,88.107,0.306,3,191,0.0,0.2
C07198,Champions,5,5,5,555,13,95,20518.94,215.989,0.126,7,1081,0.116,0.082
C07199,Champions,4,4,5,445,112,8,2479.76,309.97,0.0,6,1043,0.25,0.0
C07200,Champions,3,5,5,355,139,19,3603.56,189.661,0.3,3,676,0.158,0.094
C07201,Lapsed / Hibernating,1,1,2,112,887,1,164.88,164.88,0.442,1,887,0.0,0.0
C07203,Champions,5,5,5,555,13,21,4655.32,221.682,0.023,6,423,0.143,0.024
C07204,Steady Regulars,4,4,4,444,110,5,1545.8,309.16,0.0,6,476,1.0,0.056
C07206,New & Promising,3,1,1,311,162,1,43.98,43.98,0.0,2,162,1.0,0.0
C07211,Champions,4,5,5,455,58,18,2150.46,119.47,0.215,5,670,1.0,0.048
C07212,Lapsed / Hibernating,2,3,3,233,418,4,509.91,127.478,0.0,4,860,0.25,0.0
C07213,New & Promising,5,3,1,531,7,2,44.98,22.49,0.0,2,162,1.0,0.333
C07214,Lapsed / Hibernating,1,3,2,132,1083,2,138.96,69.48,0.0,2,1090,0.5,0.0
C07216,Lapsed / Hibernating,1,1,2,112,765,1,102.95,102.95,0.0,3,765,0.0,0.0
C07217,Lapsed / Hibernating,1,3,2,132,747,2,107.97,53.985,1.0,2,787,1.0,0.333
C07219,Steady Regulars,3,3,2,332,171,3,252.94,84.313,0.0,4,665,0.0,0.0
C07220,Lapsed / Hibernating,1,3,2,132,877,2,226.95,113.475,0.0,2,982,1.0,0.0
C07221,Lapsed / Hibernating,2,3,4,234,504,3,1019.82,339.94,0.24,3,855,0.333,0.0
C07222,Champions,3,5,5,355,160,19,4453.71,234.406,0.28,8,1090,0.895,0.051
C07224,Lapsed / Hibernating,1,4,4,144,721,9,899.81,99.979,0.0,4,1085,0.0,0.111
C07225,Lapsed / Hibernating,2,3,3,233,581,2,325.96,162.98,0.0,2,715,0.0,0.0
C07226,Lapsed / Hibernating,2,3,3,233,445,4,516.15,129.038,0.378,6,1090,0.0,0.0
C07227,New & Promising,4,1,2,412,67,1,162.96,162.96,0.0,2,67,1.0,0.0
C07229,Lapsed / Hibernating,2,1,1,211,674,1,0.0,0.0,0.0,1,674,1.0,1.0
C07230,Lapsed / Hibernating,1,3,2,132,704,2,112.44,56.22,0.28,3,786,1.0,0.0
C07231,Champions,5,5,5,555,6,24,6971.42,290.476,0.026,6,958,0.208,0.03
C07233,Lapsed / Hibernating,1,4,3,143,903,6,652.85,108.808,0.0,6,1095,0.167,0.0
C07235,Champions,4,5,5,455,34,33,4018.45,121.771,0.125,7,1093,0.97,0.049
C07236,Lapsed / Hibernating,1,3,2,132,1001,2,101.96,50.98,0.128,4,1035,1.0,0.5
C07237,Champions,5,5,5,555,11,15,3576.16,238.411,0.052,7,1096,0.2,0.104
C07238,Lapsed / Hibernating,1,4,5,145,785,9,2032.52,225.836,0.132,7,918,0.0,0.1
C07239,Steady Regulars,4,4,4,444,34,7,725.96,103.709,0.021,3,752,1.0,0.167
C07242,Steady Regulars,4,3,3,433,39,2,509.24,254.62,0.545,3,395,0.5,0.143
C07243,Lapsed / Hibernating,2,3,3,233,594,2,525.32,262.66,0.798,3,709,0.5,0.0
C07244,Steady Regulars,4,3,3,433,34,3,660.69,220.23,0.457,5,364,0.333,0.111
C07245,Lapsed / Hibernating,1,3,4,134,825,4,1229.88,307.47,0.0,4,1046,0.0,0.0
C07247,Steady Regulars,5,4,4,544,19,5,1093.67,218.734,0.209,4,210,0.8,0.111
C07248,Champions,4,5,4,454,71,11,1478.95,134.45,0.071,7,916,1.0,0.045
C07249,Steady Regulars,5,3,3,533,22,2,454.31,227.155,0.463,3,171,1.0,0.0
C07250,Steady Regulars,4,1,3,413,76,1,452.99,452.99,0.0,1,76,0.0,0.0
C07251,Deal Hunters,4,1,1,411,31,1,22.39,22.39,1.0,1,31,0.0,0.5
C07253,Champions,5,5,5,555,13,28,2972.3,106.154,0.21,6,1054,0.857,0.103
C07254,Lapsed / Hibernating,2,1,2,212,415,1,103.99,103.99,0.0,1,415,0.0,0.0
C07255,Steady Regulars,3,4,4,344,294,7,773.21,110.459,0.138,5,641,0.857,0.0
C07256,Lapsed / Hibernating,2,1,2,212,440,1,86.97,86.97,0.0,1,440,0.0,0.0
C07258,Lapsed / Hibernating,2,1,1,211,684,1,9.89,9.89,0.058,2,684,0.0,0.5
C07259,Steady Regulars,4,1,2,412,73,1,235.96,235.96,0.0,2,73,0.0,0.0
C07260,Lapsed / Hibernating,2,4,4,244,473,8,1530.74,191.343,0.088,6,1045,1.0,0.217
C07261,Steady Regulars,3,3,2,332,292,2,221.95,110.975,0.0,3,451,0.5,0.25
C07263,Lapsed / Hibernating,1,1,1,111,786,1,65.98,65.98,0.0,1,786,0.0,0.0
C07264,New & Promising,4,1,1,411,50,1,26.99,26.99,0.0,1,50,1.0,0.0
C07266,Deal Hunters,3,3,4,334,219,4,825.53,206.382,0.847,7,762,1.0,0.091
C07267,Steady Regulars,4,4,3,443,109,7,592.34,84.62,0.283,5,528,0.714,0.091
C07268,Lapsed / Hibernating,1,1,1,111,1022,1,67.46,67.46,0.556,2,1022,1.0,0.0
C07270,Lapsed / Hibernating,1,1,1,111,918,1,55.99,55.99,0.0,1,918,0.0,0.0
C07271,Lapsed / Hibernating,2,1,2,212,583,1,219.97,219.97,0.0,2,583,0.0,0.0
C07272,New & Promising,3,1,1,311,330,1,18.99,18.99,0.0,1,330,0.0,0.0
C07273,Champions,5,4,4,544,20,7,998.74,142.677,0.094,5,867,0.0,0.071
C07274,New & Promising,3,1,2,312,349,1,91.99,91.99,0.0,1,349,1.0,0.0
C07275,Lapsed / Hibernating,1,3,3,133,932,2,501.93,250.965,0.0,3,1078,1.0,0.167
C07276,Lapsed / Hibernating,1,3,3,133,968,4,601.41,150.353,0.086,4,1072,0.0,0.0
C07277,Lapsed / Hibernating,2,4,4,244,647,9,1199.54,133.282,0.405,4,1051,0.889,0.056
C07278,Lapsed / Hibernating,1,1,1,111,1090,1,21.99,21.99,0.0,1,1090,0.0,0.0
C07279,Steady Regulars,3,1,2,312,264,1,189.98,189.98,0.0,1,264,0.0,0.0
C07280,Lapsed / Hibernating,1,1,1,111,1052,1,23.79,23.79,1.0,1,1052,1.0,0.0
C07281,Lapsed / Hibernating,2,3,3,233,633,2,361.95,180.975,0.0,3,879,0.0,0.0
C07282,Lapsed / Hibernating,2,5,5,255,491,15,3438.47,229.231,0.178,6,1084,0.8,0.118
C07283,Champions,5,5,5,555,12,31,2964.37,95.625,0.088,5,719,0.226,0.028
C07285,Steady Regulars,3,4,4,344,127,9,1242.22,138.024,0.185,4,853,0.111,0.111
C07286,Lapsed / Hibernating,2,1,2,212,593,1,105.96,105.96,0.0,2,593,1.0,0.0
C07287,Champions,4,5,5,455,36,16,2555.1,159.694,0.097,6,374,0.188,0.0
C07288,Lapsed / Hibernating,2,1,1,211,445,1,59.03,59.03,0.627,2,445,0.0,0.0
C07291,Champions,3,5,5,355,322,32,4802.95,150.092,0.298,6,984,0.156,0.121
C07292,Lapsed / Hibernating,2,4,4,244,665,7,929.71,132.816,0.0,4,1085,0.286,0.059
C07293,Steady Regulars,3,1,2,312,233,1,155.98,155.98,0.0,2,233,0.0,0.0
C07295,Lapsed / Hibernating,1,4,4,144,744,5,718.37,143.674,0.331,5,933,0.2,0.083
C07297,Champions,5,5,5,555,17,54,11825.17,218.985,0.13,8,873,0.13,0.061
C07299,Lapsed / Hibernating,1,3,1,131,771,3,76.54,25.513,0.354,3,1052,1.0,0.5
C07300,Champions,5,4,3,543,16,5,645.88,129.176,0.576,6,213,1.0,0.0
C07301,Steady Regulars,4,4,4,444,89,7,1365.64,195.091,0.144,4,714,0.857,0.0
C07302,Steady Regulars,5,3,3,533,2,3,409.93,136.643,0.0,4,63,0.333,0.143
C07303,Champions,5,5,5,555,20,20,2382.81,119.14,0.129,7,1056,0.95,0.083
C07304,Lapsed / Hibernating,2,4,4,244,488,6,944.83,157.472,0.0,6,657,1.0,0.0
C07305,Steady Regulars,4,1,3,413,61,1,403.94,403.94,0.0,2,61,1.0,0.0
C07307,Deal Hunters,4,3,2,432,73,2,91.06,45.53,0.616,3,140,1.0,0.0
C07308,Lapsed / Hibernating,1,1,2,112,899,1,158.08,158.08,1.0,1,899,0.0,0.0
C07309,Lapsed / Hibernating,2,1,1,211,501,1,9.99,9.99,0.0,1,501,1.0,0.0
C07310,Champions,5,5,5,555,11,87,16867.85,193.883,0.079,8,1095,0.931,0.093
C07311,Champions,5,5,5,555,13,15,1725.59,115.039,0.292,6,888,0.933,0.152
C07313,Champions,4,5,5,455,55,24,5354.0,223.083,0.066,6,981,1.0,0.037
C07316,New & Promising,3,1,1,311,250,1,18.99,18.99,0.0,1,250,0.0,0.0
C07318,Champions,3,5,5,355,249,12,1811.94,150.995,0.064,5,1027,0.917,0.0
C07320,Champions,5,3,2,532,3,4,250.32,62.58,0.136,6,182,0.75,0.143
C07321,New & Promising,5,1,2,512,25,1,261.98,261.98,0.0,2,25,1.0,0.0
C07322,Steady Regulars,3,1,3,313,162,1,309.96,309.96,0.0,1,162,1.0,0.0
C07323,Lapsed / Hibernating,2,3,2,232,676,3,91.97,30.657,0.0,2,963,0.0,0.0
C07324,Lapsed / Hibernating,1,1,1,111,898,1,0.0,0.0,1.0,1,898,1.0,1.0
C07325,Steady Regulars,4,4,4,444,35,5,695.68,139.136,0.041,6,276,1.0,0.182
C07331,Lapsed / Hibernating,2,1,2,212,533,1,121.54,121.54,1.0,1,533,1.0,0.0
C07332,Champions,3,5,5,355,287,41,10839.3,264.373,0.071,7,1068,0.951,0.106
C07333,Lapsed / Hibernating,1,3,1,131,766,2,11.19,5.595,0.214,2,775,1.0,0.5
C07334,New & Promising,5,3,3,533,8,2,338.73,169.365,0.08,4,18,1.0,0.167
C07335,Champions,4,5,5,455,72,18,2693.58,149.643,0.091,5,739,1.0,0.057
C07336,Lapsed / Hibernating,2,1,1,211,482,1,37.99,37.99,0.0,1,482,1.0,0.0
C07338,Lapsed / Hibernating,1,1,1,111,902,1,36.99,36.99,0.0,1,902,1.0,0.0
C07339,Lapsed / Hibernating,1,3,2,132,840,2,119.98,59.99,0.0,2,964,1.0,0.5
C07340,Lapsed / Hibernating,1,1,1,111,1034,1,24.99,24.99,0.0,2,1034,0.0,0.5
C07342,Lapsed / Hibernating,1,1,2,112,1078,1,103.98,103.98,0.0,3,1078,0.0,0.333
C07344,Steady Regulars,5,3,3,533,3,4,407.74,101.935,0.309,4,338,0.75,0.0
C07345,Lapsed / Hibernating,2,3,3,233,559,3,378.92,126.307,0.0,4,661,1.0,0.0
C07348,Champions,5,5,4,554,20,17,1495.88,87.993,0.03,5,896,0.235,0.0
C07349,Champions,3,4,4,344,137,8,1196.25,149.531,0.066,6,736,0.125,0.158
C07350,Steady Regulars,4,4,4,444,61,7,1643.79,234.827,0.0,2,670,1.0,0.111
C07351,Champions,5,5,5,555,5,19,2750.51,144.764,0.158,7,620,0.947,0.0
C07352,Lapsed / Hibernating,1,1,2,112,870,1,167.47,167.47,0.355,3,870,0.0,0.0
C07353,Lapsed / Hibernating,1,1,1,111,793,1,65.99,65.99,0.0,1,793,1.0,0.0
C07354,New & Promising,3,1,1,311,361,1,54.98,54.98,0.0,2,361,1.0,0.333
C07355,Lapsed / Hibernating,1,3,4,134,877,4,1010.96,252.74,0.088,4,1026,0.75,0.0
C07356,Champions,4,5,5,455,45,23,2241.49,97.456,0.128,8,1093,0.957,0.128
C07357,Steady Regulars,4,1,3,413,54,1,363.98,363.98,0.0,2,54,1.0,0.333
C07359,Champions,5,5,4,554,10,12,814.56,67.88,0.126,5,1067,0.25,0.1
C07360,Lapsed / Hibernating,1,3,4,134,855,4,803.49,200.872,0.061,6,902,1.0,0.1
C07361,New & Promising,5,1,1,511,14,1,34.99,34.99,0.0,1,14,1.0,0.0
C07362,Steady Regulars,4,3,3,433,33,4,559.22,139.805,0.024,3,281,0.75,0.0
C07366,Champions,4,5,5,455,48,27,4715.45,174.646,0.135,6,841,0.185,0.083
C07367,Champions,5,4,4,544,16,9,1484.75,164.972,0.08,8,411,0.111,0.0
C07368,Champions,5,4,4,544,10,8,687.63,85.954,0.266,5,891,0.875,0.067
C07369,Lapsed / Hibernating,2,1,1,211,534,1,0.0,0.0,1.0,1,534,1.0,1.0
C07370,Lapsed / Hibernating,1,1,1,111,1050,1,78.27,78.27,1.0,1,1050,1.0,0.0
C07371,Steady Regulars,5,3,3,533,12,3,474.34,158.113,0.226,3,197,1.0,0.0
C07372,Champions,4,5,5,455,39,17,2593.83,152.578,0.073,6,855,0.941,0.15
C07373,Lapsed / Hibernating,1,1,3,113,1095,1,537.98,537.98,0.0,1,1095,0.0,0.0
C07374,New & Promising,4,1,2,412,59,1,98.98,98.98,0.0,2,59,1.0,0.0
C07375,Lapsed / Hibernating,2,4,4,244,587,8,931.01,116.376,0.357,5,770,0.875,0.062
C07376,Lapsed / Hibernating,1,1,3,113,704,1,623.63,623.63,0.394,3,704,0.0,0.0
C07377,Champions,5,5,5,555,1,52,6728.14,129.387,0.061,7,1034,0.923,0.104
C07381,Lapsed / Hibernating,1,1,2,112,967,1,168.98,168.98,0.0,2,967,1.0,0.333
C07382,Lapsed / Hibernating,1,1,2,112,842,1,129.98,129.98,0.0,1,842,1.0,0.0
C07383,Champions,4,5,5,455,53,23,4805.65,208.941,0.177,7,1085,1.0,0.052
C07385,Champions,5,4,4,544,5,7,1134.33,162.047,0.098,4,677,1.0,0.125
C07386,New & Promising,5,1,2,512,13,1,120.98,120.98,0.0,1,13,1.0,0.0
C07387,Champions,4,5,5,455,104,23,4350.91,189.17,0.091,7,1034,0.217,0.056
C07388,Champions,4,5,5,455,58,15,1867.19,124.479,0.176,7,1070,1.0,0.094
C07389,Lapsed / Hibernating,2,1,3,213,671,1,443.94,443.94,0.0,4,671,1.0,0.0
C07391,Lapsed / Hibernating,2,1,2,212,463,1,115.98,115.98,0.0,1,463,1.0,0.0
C07393,Lapsed / Hibernating,1,3,2,132,803,2,232.94,116.47,0.0,2,876,0.0,0.0
C07394,Champions,4,5,4,454,67,11,963.72,87.611,0.483,6,968,0.182,0.24
C07395,Champions,5,5,5,555,11,48,9276.19,193.254,0.065,7,1089,0.792,0.095
C07398,Steady Regulars,3,1,2,312,347,1,252.96,252.96,0.0,2,347,0.0,0.0
C07402,Steady Regulars,3,1,4,314,356,1,761.98,761.98,0.0,1,356,1.0,0.0
C07403,Steady Regulars,3,4,3,343,162,5,480.6,96.12,0.251,3,873,0.2,0.0
C07404,New & Promising,4,3,2,432,54,2,151.94,75.97,0.0,2,246,1.0,0.0
C07405,Lapsed / Hibernating,1,3,3,133,830,2,349.96,174.98,0.0,2,1047,1.0,0.0
C07406,Lapsed / Hibernating,2,3,2,232,607,2,237.74,118.87,0.57,3,842,0.0,0.167
C07407,Lapsed / Hibernating,2,4,4,244,628,5,1548.24,309.648,0.033,6,1032,0.8,0.0
C07408,Champions,4,4,4,444,47,7,1183.04,169.006,0.017,6,293,1.0,0.059
C07409,Steady Regulars,3,4,4,344,328,6,1532.33,255.388,0.18,5,1052,0.0,0.125
C07411,Steady Regulars,3,4,5,345,178,6,1893.81,315.635,0.0,4,633,0.167,0.0
C07412,Lapsed / Hibernating,1,3,4,134,761,4,668.81,167.203,0.347,7,1053,0.75,0.125
C07413,Lapsed / Hibernating,1,1,3,113,1096,1,319.97,319.97,0.0,2,1096,0.0,0.0
C07414,Champions,5,5,5,555,14,16,2107.11,131.694,0.231,7,1095,0.125,0.054
C07415,Lapsed / Hibernating,2,1,1,211,445,1,14.94,14.94,1.0,1,445,1.0,0.5
C07417,New & Promising,4,1,2,412,28,1,105.98,105.98,0.0,1,28,1.0,0.0
C07419,Lapsed / Hibernating,2,3,4,234,599,3,757.89,252.63,0.0,4,1013,0.667,0.0
C07421,New & Promising,3,1,2,312,171,1,91.97,91.97,0.0,2,171,1.0,0.0
C07425,Lapsed / Hibernating,2,1,1,211,534,1,53.54,53.54,1.0,1,534,1.0,0.0
C07426,Lapsed / Hibernating,1,1,2,112,932,1,103.47,103.47,0.391,3,932,0.0,0.0
C07427,Deal Hunters,4,3,3,433,33,2,378.32,189.16,0.899,3,775,1.0,0.167
C07428,Champions,5,5,5,555,4,51,9821.54,192.579,0.045,8,1095,0.961,0.076
C07430,Champions,4,5,5,455,28,22,4782.91,217.405,0.177,7,1033,0.909,0.061
C07432,Steady Regulars,3,1,2,312,294,1,124.99,124.99,0.0,1,294,1.0,0.0
C07433,Lapsed / Hibernating,1,1,3,113,1080,1,328.96,328.96,0.0,2,1080,1.0,0.0
C07434,Lapsed / Hibernating,1,1,2,112,884,1,135.97,135.97,0.0,2,884,0.0,0.0
C07436,Champions,3,4,4,344,252,9,1148.84,127.649,0.192,6,1059,0.333,0.043
C07438,Champions,5,5,5,555,5,15,2907.18,193.812,0.038,5,693,0.133,0.167
C07440,New & Promising,4,3,2,432,94,2,137.91,68.955,0.222,2,239,1.0,0.25
C07441,New & Promising,3,1,1,311,127,1,32.99,32.99,0.0,1,127,1.0,0.0
C07442,Champions,4,5,5,455,61,51,8998.46,176.44,0.09,8,1058,0.275,0.062
C07443,Champions,4,4,4,444,33,8,1380.13,172.516,0.142,7,1044,1.0,0.056
C07444,Lapsed / Hibernating,1,4,3,143,743,6,633.38,105.563,0.067,4,902,0.833,0.0
C07445,Lapsed / Hibernating,2,4,4,244,681,6,1292.88,215.48,0.063,5,1050,0.333,0.0
C07446,Lapsed / Hibernating,1,4,5,145,822,10,1720.23,172.023,0.013,7,1080,0.3,0.0
C07447,Champions,5,5,5,555,16,19,3192.38,168.02,0.151,8,645,0.895,0.179
C07448,Champions,3,5,5,355,225,14,2604.48,186.034,0.16,8,683,0.143,0.029
C07449,Steady Regulars,4,3,4,434,110,4,1459.9,364.975,0.0,4,574,0.75,0.0
C07451,Lapsed / Hibernating,2,1,1,211,602,1,21.99,21.99,0.0,1,602,1.0,0.0
C07452,Champions,3,5,5,355,234,21,4076.88,194.137,0.031,6,1029,1.0,0.059
C07453,New & Promising,3,1,1,311,258,1,56.97,56.97,0.0,1,258,1.0,0.0
C07454,Steady Regulars,3,1,2,312,204,1,127.97,127.97,0.0,2,204,1.0,0.0
C07455,Champions,4,5,4,454,31,11,1419.54,129.049,0.299,5,417,0.0,0.087
C07456,Deal Hunters,4,3,3,433,38,2,359.13,179.565,0.908,5,526,0.0,0.0
C07458,Lapsed / Hibernating,1,1,1,111,1073,1,50.97,50.97,0.294,2,1073,1.0,0.0
C07459,Steady Regulars,4,3,2,432,114,3,217.35,72.45,0.188,4,406,0.667,0.167
C07461,Lapsed / Hibernating,1,3,3,133,866,3,572.31,190.77,0.204,3,946,0.0,0.2
C07462,Lapsed / Hibernating,2,4,4,244,484,7,1475.91,210.844,0.159,4,920,0.0,0.111
C07463,New & Promising,4,1,1,411,64,1,49.98,49.98,0.0,1,64,0.0,0.0
C07464,Champions,5,4,4,544,15,10,1652.8,165.28,0.02,4,835,0.9,0.15
C07465,Deal Hunters,5,4,3,543,15,5,409.18,81.836,0.682,3,441,1.0,0.0
C07466,Steady Regulars,4,3,3,433,47,2,398.96,199.48,0.0,3,373,1.0,0.0
C07467,Lapsed / Hibernating,2,5,4,254,445,13,1639.35,126.104,0.237,7,1058,0.231,0.0
C07469,Steady Regulars,3,3,2,332,275,2,205.96,102.98,0.0,2,444,0.5,0.0
C07470,Champions,4,5,4,454,29,11,1113.11,101.192,0.121,5,860,0.091,0.048
C07471,Lapsed / Hibernating,2,1,2,212,593,1,95.96,95.96,0.0,3,593,1.0,0.0
C07473,Steady Regulars,5,3,3,533,7,4,527.95,131.988,0.0,4,373,0.25,0.167
C07474,Steady Regulars,4,1,2,412,109,1,205.95,205.95,0.0,3,109,1.0,0.4
C07475,Steady Regulars,4,1,3,413,61,1,442.95,442.95,0.0,2,61,1.0,0.0
C07476,New & Promising,4,1,2,412,57,1,220.99,220.99,0.0,1,57,1.0,0.0
C07477,Champions,5,4,4,544,23,10,1385.66,138.566,0.445,6,625,0.2,0.1
C07478,Lapsed / Hibernating,1,1,2,112,938,1,195.98,195.98,0.0,2,938,1.0,0.0
C07479,Champions,4,4,4,444,100,9,1310.48,145.609,0.475,4,1090,0.0,0.136
C07480,Deal Hunters,5,3,2,532,16,4,241.13,60.282,0.428,2,63,0.75,0.167
C07481,Deal Hunters,3,3,2,332,165,3,157.13,52.377,0.497,4,223,1.0,0.0
C07482,Steady Regulars,5,3,4,534,5,3,695.92,231.973,0.0,3,303,1.0,0.0
C07484,Champions,5,5,5,555,18,18,3196.41,177.578,0.181,7,604,0.889,0.065
C07485,Lapsed / Hibernating,2,1,2,212,494,1,101.98,101.98,0.0,1,494,1.0,0.0
C07486,Lapsed / Hibernating,2,3,3,233,402,2,294.57,147.285,0.611,2,835,1.0,0.5
C07487,New & Promising,5,3,2,532,10,3,101.96,33.987,0.0,1,331,1.0,0.25
C07489,Lapsed / Hibernating,2,4,4,244,572,6,991.34,165.223,0.106,4,761,0.833,0.077
C07490,Lapsed / Hibernating,2,3,3,233,640,2,533.94,266.97,0.0,3,776,1.0,0.0
C07491,Steady Regulars,3,4,4,344,190,5,682.5,136.5,0.57,4,483,1.0,0.091
C07493,New & Promising,5,3,2,532,22,2,128.37,64.185,0.182,3,161,1.0,0.0
C07494,Deal Hunters,4,3,3,433,49,2,409.34,204.67,0.504,2,66,1.0,0.286
C07495,Lapsed / Hibernating,2,3,1,231,533,2,64.48,32.24,0.584,3,723,0.0,0.333
C07496,Steady Regulars,4,4,4,444,116,7,1630.17,232.881,0.109,4,700,0.286,0.056
C07497,Steady Regulars,3,3,3,333,124,3,280.93,93.643,0.06,3,748,1.0,0.0
C07498,Champions,5,5,5,555,6,11,1794.17,163.106,0.07,7,729,0.909,0.0
C07499,Steady Regulars,4,3,2,432,61,3,224.72,74.907,0.088,3,267,0.333,0.0
C07500,Lapsed / Hibernating,2,1,1,211,370,1,69.99,69.99,0.0,1,370,1.0,0.0
C07501,Lapsed / Hibernating,1,1,1,111,997,1,23.98,23.98,0.0,1,997,1.0,0.0
C07502,Steady Regulars,3,4,3,343,345,5,504.7,100.94,0.319,4,416,1.0,0.222
C07503,Deal Hunters,3,1,1,311,137,1,23.79,23.79,1.0,1,137,0.0,0.0
C07504,Lapsed / Hibernating,2,4,4,244,379,8,1055.05,131.881,0.164,6,1039,0.125,0.048
C07505,Champions,4,4,5,445,120,10,2159.12,215.912,0.072,7,1049,0.7,0.13
C07506,Lapsed / Hibernating,1,1,2,112,771,1,228.16,228.16,1.0,2,771,0.0,0.0
C07507,Deal Hunters,3,3,3,333,343,3,509.97,169.99,0.88,2,704,1.0,0.0
C07508,Champions,3,5,5,355,217,11,2418.68,219.88,0.314,6,616,0.182,0.125
C07509,Lapsed / Hibernating,1,1,3,113,911,1,407.97,407.97,0.0,1,911,0.0,0.0
C07510,Lapsed / Hibernating,2,4,4,244,625,6,1361.63,226.938,0.313,7,969,0.167,0.158
C07513,Lapsed / Hibernating,2,1,1,211,412,1,69.99,69.99,0.0,1,412,0.0,0.0
C07515,Lapsed / Hibernating,1,1,2,112,976,1,137.67,137.67,1.0,1,976,0.0,0.0
C07516,Steady Regulars,4,3,3,433,41,3,349.87,116.623,0.0,3,425,0.333,0.0
C07517,Deal Hunters,5,3,3,533,24,3,459.11,153.037,0.747,3,399,1.0,0.143
C07518,Steady Regulars,4,4,3,443,97,7,293.91,41.987,0.0,5,343,1.0,0.0
C07519,Lapsed / Hibernating,2,1,1,211,492,1,29.99,29.99,0.0,1,492,1.0,0.0
C07520,New & Promising,4,1,1,411,98,1,49.98,49.98,0.0,2,98,0.0,0.0
C07521,Lapsed / Hibernating,1,3,2,132,864,2,144.97,72.485,0.0,2,934,0.5,0.0
C07522,Steady Regulars,3,1,3,313,205,1,391.97,391.97,0.0,1,205,0.0,0.0
C07523,Lapsed / Hibernating,2,1,1,211,602,1,26.34,26.34,1.0,1,602,1.0,0.0
C07524,Lapsed / Hibernating,2,5,5,255,494,54,10642.34,197.08,0.148,8,1085,0.204,0.069
C07525,Lapsed / Hibernating,2,4,3,243,376,5,657.99,131.598,0.214,4,792,0.8,0.0
C07526,Deal Hunters,5,3,1,531,11,2,50.38,25.19,0.464,1,40,1.0,0.0
C07527,New & Promising,4,1,1,411,116,1,81.98,81.98,0.0,2,116,1.0,0.0
C07528,Champions,4,5,4,454,37,14,1451.62,103.687,0.11,5,1028,0.214,0.125
C07530,Lapsed / Hibernating,2,4,4,244,512,6,855.23,142.538,0.339,3,784,0.333,0.143
C07531,Champions,4,5,5,455,72,36,5173.31,143.703,0.106,8,911,0.222,0.054
C07532,Lapsed / Hibernating,2,4,4,244,366,5,1045.85,209.17,0.152,3,630,1.0,0.1
C07534,Champions,5,4,5,545,14,5,2175.36,435.072,0.026,5,614,0.8,0.071
C07535,Lapsed / Hibernating,2,3,3,233,677,2,555.81,277.905,0.18,3,700,1.0,0.0
C07536,Lapsed / Hibernating,1,1,1,111,704,1,25.99,25.99,0.0,1,704,1.0,0.0
C07537,Lapsed / Hibernating,2,3,4,234,378,4,918.41,229.602,0.013,4,886,1.0,0.222
C07539,Lapsed / Hibernating,2,1,3,213,461,1,397.94,397.94,0.0,3,461,0.0,0.0
C07540,Lapsed / Hibernating,1,1,2,112,889,1,86.96,86.96,0.0,1,889,1.0,0.0
C07541,Steady Regulars,4,3,3,433,37,3,496.11,165.37,0.516,3,157,1.0,0.0
C07542,Champions,4,5,5,455,68,64,11542.0,180.344,0.123,8,1094,0.922,0.071
C07543,New & Promising,5,1,1,511,9,1,34.99,34.99,0.0,1,9,1.0,0.0
C07546,Lapsed / Hibernating,1,4,4,144,751,8,1179.74,147.468,0.055,5,1000,1.0,0.118
C07549,Lapsed / Hibernating,2,1,1,211,400,1,49.68,49.68,1.0,1,400,0.0,0.0
C07550,Champions,4,5,5,455,44,14,2231.56,159.397,0.187,6,999,0.143,0.038
C07551,New & Promising,4,1,2,412,68,1,86.98,86.98,0.0,2,68,1.0,0.0
C07552,Lapsed / Hibernating,2,1,2,212,641,1,93.97,93.97,0.0,2,641,1.0,0.0
C07553,Lapsed / Hibernating,2,1,1,211,571,1,52.99,52.99,0.0,1,571,1.0,0.0
C07555,Steady Regulars,4,3,4,434,50,3,1508.82,502.94,0.241,4,252,0.333,0.0
C07556,Steady Regulars,3,4,3,343,188,5,627.74,125.548,0.277,5,419,0.8,0.167
C07558,New & Promising,5,3,2,532,14,2,213.96,106.98,0.0,3,63,1.0,0.0
C07562,Steady Regulars,4,3,3,433,79,4,627.95,156.988,0.45,4,240,1.0,0.1
C07563,Lapsed / Hibernating,1,1,3,113,1084,1,602.34,602.34,0.143,3,1084,0.0,0.0
C07565,Lapsed / Hibernating,2,4,4,244,522,6,1036.47,172.745,0.504,3,768,0.833,0.077
C07567,Lapsed / Hibernating,1,1,1,111,896,1,36.98,36.98,0.0,1,896,1.0,0.0
C07568,Steady Regulars,4,4,4,444,32,5,767.9,153.58,0.623,4,352,0.8,0.154
C07569,Steady Regulars,4,3,3,433,99,2,301.54,150.77,0.111,4,117,1.0,0.2
C07570,Lapsed / Hibernating,2,4,4,244,375,7,921.29,131.613,0.582,3,972,1.0,0.0
C07574,Champions,5,5,5,555,7,21,5752.82,273.944,0.174,5,788,0.143,0.07
C07576,Deal Hunters,5,3,2,532,1,2,168.55,84.275,0.427,2,44,1.0,0.25
C07578,Lapsed / Hibernating,1,1,2,112,1009,1,136.94,136.94,0.0,4,1009,1.0,0.0
C07580,Lapsed / Hibernating,1,3,3,133,768,3,371.99,123.997,0.355,2,1085,0.0,0.0
C07581,Steady Regulars,4,3,3,433,89,2,350.93,175.465,0.0,3,298,0.0,0.0
C07582,Lapsed / Hibernating,2,4,4,244,541,5,1037.43,207.486,0.356,5,898,0.8,0.0
C07584,New & Promising,5,1,1,511,13,1,41.98,41.98,0.0,1,13,1.0,0.5
C07585,Steady Regulars,3,3,3,333,320,4,425.46,106.365,0.601,4,721,0.0,0.0
C07586,Steady Regulars,4,1,3,413,84,1,345.97,345.97,0.0,1,84,0.0,0.0
C07587,Steady Regulars,3,3,4,334,279,3,738.95,246.317,0.0,3,890,1.0,0.0
C07588,New & Promising,3,1,1,311,155,1,76.97,76.97,0.0,2,155,1.0,0.0
C07591,Lapsed / Hibernating,2,1,2,212,629,1,239.39,239.39,1.0,1,629,1.0,0.0
C07593,Lapsed / Hibernating,2,5,5,255,465,13,2736.84,210.526,0.284,4,1092,0.077,0.067
C07594,Lapsed / Hibernating,1,3,2,132,707,2,236.96,118.48,0.0,1,727,1.0,0.0
C07596,Lapsed / Hibernating,1,1,2,112,923,1,89.94,89.94,0.0,2,923,0.0,0.0
C07598,Lapsed / Hibernating,1,1,2,112,778,1,243.93,243.93,0.0,3,778,0.0,0.0
C07599,Lapsed / Hibernating,2,3,3,233,646,4,418.04,104.51,0.146,4,835,1.0,0.333
C07600,Lapsed / Hibernating,2,3,2,232,644,3,208.97,69.657,0.0,3,941,1.0,0.25
C07601,Lapsed / Hibernating,1,4,4,144,940,7,1467.84,209.691,0.01,4,1071,0.0,0.077
C07602,Champions,3,5,5,355,147,24,3224.28,134.345,0.282,7,928,0.208,0.102
C07603,Deal Hunters,3,1,2,312,182,1,175.58,175.58,0.776,2,182,1.0,0.333
C07604,New & Promising,3,1,1,311,230,1,41.98,41.98,0.0,2,230,1.0,0.0
C07605,Lapsed / Hibernating,1,3,4,134,854,4,742.89,185.722,0.0,3,994,0.25,0.125
C07606,Lapsed / Hibernating,1,3,1,131,750,2,17.99,8.995,0.927,2,923,0.5,0.5
C07607,Lapsed / Hibernating,2,1,2,212,682,1,211.98,211.98,0.0,1,682,1.0,0.0
C07608,New & Promising,5,1,2,512,20,1,109.98,109.98,0.0,1,20,1.0,0.0
C07609,Lapsed / Hibernating,2,4,4,244,448,5,1041.25,208.25,0.009,4,974,0.2,0.0
C07610,Lapsed / Hibernating,2,4,3,243,580,7,640.26,91.466,0.137,6,766,1.0,0.2
C07611,Lapsed / Hibernating,2,1,1,211,543,1,49.98,49.98,0.0,1,543,1.0,0.0
C07612,New & Promising,3,1,1,311,248,1,29.99,29.99,0.0,1,248,1.0,0.0
C07613,Steady Regulars,3,1,3,313,162,1,321.99,321.99,0.0,1,162,1.0,0.0
C07616,Steady Regulars,5,3,3,533,23,4,280.06,70.015,0.279,2,168,1.0,0.0
C07617,Lapsed / Hibernating,2,1,2,212,492,1,95.98,95.98,0.0,1,492,0.0,0.0
C07618,Steady Regulars,4,4,4,444,92,5,829.64,165.928,0.02,1,495,1.0,0.167
C07620,Lapsed / Hibernating,1,1,3,113,922,1,317.56,317.56,0.207,3,922,1.0,0.0
C07621,Steady Regulars,5,4,4,544,9,5,1062.11,212.422,0.015,4,442,1.0,0.111
C07622,Steady Regulars,3,1,2,312,176,1,136.98,136.98,0.0,2,176,0.0,0.0
C07624,Champions,4,5,5,455,75,35,7073.46,202.099,0.289,8,1033,0.943,0.106
C07625,Lapsed / Hibernating,1,1,3,113,1040,1,584.95,584.95,0.0,2,1040,0.0,0.0
C07626,Champions,5,5,5,555,13,38,6520.64,171.596,0.076,8,1028,0.921,0.115
C07627,Lapsed / Hibernating,1,1,3,113,1055,1,307.98,307.98,0.0,2,1055,0.0,0.0
C07628,Lapsed / Hibernating,1,1,3,113,1045,1,326.97,326.97,0.0,2,1045,1.0,0.0
C07631,Lapsed / Hibernating,1,4,4,144,779,6,1214.08,202.347,0.146,5,1092,0.833,0.0
C07633,Lapsed / Hibernating,1,1,1,111,848,1,40.99,40.99,0.0,1,848,0.0,0.0
C07634,Steady Regulars,4,1,3,413,48,1,416.96,416.96,0.0,2,48,1.0,0.0
C07638,Steady Regulars,3,3,3,333,355,3,329.95,109.983,0.081,3,1015,1.0,0.2
C07639,Lapsed / Hibernating,1,1,2,112,1084,1,199.19,199.19,1.0,1,1084,0.0,0.0
C07640,Champions,5,5,5,555,4,16,3061.69,191.356,0.169,8,621,0.25,0.075
C07642,Deal Hunters,3,1,1,311,170,1,81.56,81.56,1.0,2,170,0.0,0.0
C07643,Deal Hunters,4,1,3,413,42,1,577.55,577.55,0.863,1,42,1.0,0.0
C07646,Lapsed / Hibernating,1,1,2,112,772,1,135.76,135.76,1.0,2,772,0.0,0.0
C07647,Lapsed / Hibernating,2,1,3,213,687,1,567.36,567.36,0.089,2,687,1.0,0.0
C07649,Lapsed / Hibernating,1,1,1,111,1071,1,32.38,32.38,0.722,2,1071,0.0,0.0
C07650,Champions,5,5,5,555,14,21,5291.21,251.962,0.097,7,783,0.952,0.095
C07651,Lapsed / Hibernating,1,1,1,111,777,1,37.98,37.98,0.0,1,777,0.0,0.0
C07653,Steady Regulars,3,3,4,334,244,2,804.12,402.06,0.282,3,379,1.0,0.0
C07655,Deal Hunters,5,1,1,511,15,1,16.19,16.19,1.0,1,15,1.0,0.0
C07656,Champions,5,5,5,555,18,19,2698.79,142.042,0.049,7,595,0.842,0.2
C07657,Steady Regulars,4,1,3,413,61,1,384.97,384.97,0.0,3,61,1.0,0.0
C07658,Deal Hunters,4,1,1,411,34,1,48.98,48.98,1.0,2,34,0.0,0.5
C07659,New & Promising,3,1,1,311,128,1,51.99,51.99,0.0,1,128,1.0,0.0
C07660,New & Promising,4,1,1,411,52,1,40.99,40.99,0.0,1,52,1.0,0.0
C07661,Lapsed / Hibernating,2,1,1,211,393,1,70.58,70.58,0.193,2,393,1.0,0.0
C07663,New & Promising,3,1,2,312,124,1,150.98,150.98,0.0,1,124,0.0,0.0
C07664,Champions,4,5,5,455,43,13,3776.91,290.532,0.266,7,724,0.231,0.116
C07665,New & Promising,4,1,2,412,58,1,92.98,92.98,0.0,2,58,0.0,0.0
C07666,Lapsed / Hibernating,2,1,2,212,473,1,106.97,106.97,0.0,2,473,1.0,0.0
C07667,Lapsed / Hibernating,2,1,1,211,508,1,10.99,10.99,0.0,1,508,0.0,0.0
C07669,Lapsed / Hibernating,1,3,1,131,1003,2,73.97,36.985,0.0,3,1064,0.0,0.0
C07670,Steady Regulars,3,4,4,344,139,5,916.86,183.372,0.0,5,959,1.0,0.0
C07671,Steady Regulars,4,3,3,433,31,2,472.36,236.18,0.077,2,207,1.0,0.0
C07672,Champions,3,5,5,355,187,23,3573.37,155.364,0.096,7,740,0.913,0.082
C07673,New & Promising,3,1,1,311,139,1,25.99,25.99,0.0,1,139,1.0,0.0
C07674,Lapsed / Hibernating,2,3,2,232,389,3,227.17,75.723,0.067,2,1091,0.0,0.0
C07675,Champions,5,5,5,555,23,28,5763.92,205.854,0.118,8,1025,0.143,0.029
C07676,Lapsed / Hibernating,1,4,4,144,752,6,975.81,162.635,0.041,7,1070,0.167,0.176
C07677,Lapsed / Hibernating,1,4,4,144,893,5,1332.94,266.588,0.217,4,1078,0.0,0.062
C07678,Steady Regulars,4,3,3,433,65,2,375.53,187.765,0.324,3,196,0.0,0.0
C07679,Steady Regulars,3,3,3,333,264,4,477.19,119.298,0.468,6,545,1.0,0.0
C07680,Champions,5,5,5,555,10,25,3768.01,150.72,0.071,6,764,0.96,0.182
C07682,Champions,5,4,4,544,22,7,1218.91,174.13,0.525,7,605,1.0,0.0
C07683,New & Promising,3,3,2,332,124,2,193.97,96.985,0.0,2,164,1.0,0.0
C07684,Lapsed / Hibernating,1,1,2,112,766,1,95.84,95.84,1.0,3,766,0.0,0.167
C07685,Deal Hunters,4,1,1,411,38,1,58.09,58.09,1.0,1,38,0.0,0.0
C07687,New & Promising,3,1,2,312,336,1,91.98,91.98,0.0,1,336,1.0,0.0
C07688,Lapsed / Hibernating,1,4,4,144,790,10,1277.13,127.713,0.134,8,1059,0.8,0.15
C07689,Lapsed / Hibernating,2,4,4,244,613,9,962.08,106.898,0.059,4,1069,1.0,0.143
C07690,Champions,4,4,4,444,39,9,787.64,87.516,0.084,6,472,1.0,0.267
C07692,Champions,3,5,5,355,282,11,3661.72,332.884,0.014,7,1073,0.909,0.067
C07693,New & Promising,3,3,2,332,286,2,87.96,43.98,0.0,3,296,1.0,0.0
C07695,Deal Hunters,3,1,2,312,133,1,123.22,123.22,1.0,1,133,1.0,0.0
C07696,Champions,5,4,4,544,1,6,838.89,139.815,0.206,7,257,1.0,0.083
C07698,New & Promising,4,1,1,411,70,1,44.98,44.98,0.0,2,70,1.0,0.0
C07699,Champions,5,4,5,545,16,9,1734.63,192.737,0.079,7,1040,0.889,0.111
C07701,Lapsed / Hibernating,1,4,5,145,762,7,1723.41,246.201,0.254,4,1079,0.714,0.0
C07702,Steady Regulars,4,4,4,444,41,6,842.85,140.475,0.133,5,244,1.0,0.0
C07705,Champions,3,4,5,345,274,9,1965.33,218.37,0.105,6,939,1.0,0.095
C07706,Champions,5,5,5,555,4,15,2241.5,149.433,0.057,5,377,0.933,0.138
C07708,Champions,5,5,5,555,5,25,5273.29,210.932,0.069,6,1041,0.24,0.059
C07709,Lapsed / Hibernating,1,5,4,154,774,11,1488.13,135.285,0.08,7,1052,0.091,0.095
C07711,Steady Regulars,4,3,2,432,42,3,265.45,88.483,0.071,5,495,0.667,0.167
C07715,Champions,5,5,5,555,8,31,5612.66,181.054,0.227,7,633,0.129,0.094
C07716,Lapsed / Hibernating,1,3,4,134,772,4,1271.76,317.94,0.788,5,895,0.25,0.333
C07718,Deal Hunters,5,1,2,512,18,1,99.57,99.57,1.0,2,18,1.0,0.0
C07719,Steady Regulars,3,4,4,344,234,5,799.87,159.974,0.0,5,787,0.2,0.1
C07721,Champions,5,5,5,555,4,74,16719.35,225.937,0.14,8,1087,0.973,0.076
C07722,Lapsed / Hibernating,1,4,4,144,888,7,1232.36,176.051,0.127,4,1089,0.857,0.214
C07723,Champions,4,5,5,455,36,11,1753.83,159.439,0.263,7,594,0.455,0.045
C07726,Lapsed / Hibernating,2,3,4,234,374,3,693.93,231.31,0.0,3,800,0.667,0.143
C07727,Champions,5,5,5,555,5,47,10711.65,227.907,0.095,8,913,0.234,0.107
C07728,Steady Regulars,3,1,2,312,337,1,148.99,148.99,0.0,1,337,0.0,0.0
C07731,Lapsed / Hibernating,2,5,5,255,491,21,4007.88,190.851,0.265,7,876,0.857,0.078
C07732,Lapsed / Hibernating,2,5,5,255,700,27,3327.48,123.24,0.102,7,992,0.148,0.052
C07733,Lapsed / Hibernating,2,1,1,211,456,1,34.99,34.99,0.0,1,456,0.0,0.0
C07734,Champions,5,5,5,555,5,31,6412.29,206.848,0.218,7,461,0.323,0.095
C07735,Champions,5,5,5,555,2,25,3082.67,123.307,0.198,7,590,0.92,0.222
C07737,Lapsed / Hibernating,2,1,1,211,593,1,26.99,26.99,0.0,2,593,0.0,0.5
C07738,New & Promising,3,1,1,311,128,1,30.99,30.99,0.0,1,128,1.0,0.0
C07740,Champions,4,4,4,444,36,9,1571.34,174.593,0.326,4,695,0.889,0.0
C07741,Steady Regulars,4,1,2,412,87,1,236.97,236.97,0.0,2,87,1.0,0.0
C07743,Steady Regulars,4,3,4,434,65,4,674.83,168.707,0.076,4,539,0.75,0.182
C07744,Steady Regulars,4,4,4,444,39,6,1259.84,209.973,0.0,4,276,0.0,0.118
C07746,Steady Regulars,4,3,2,432,119,2,154.65,77.325,0.121,3,1059,1.0,0.0
C07747,Lapsed / Hibernating,1,1,3,113,867,1,281.97,281.97,0.0,1,867,0.0,0.0
C07750,Deal Hunters,5,3,2,532,23,3,193.75,64.583,0.841,4,125,1.0,0.6
C07752,New & Promising,5,1,2,512,19,1,139.97,139.97,0.0,3,19,1.0,0.25
C07753,Lapsed / Hibernating,1,3,2,132,982,2,175.96,87.98,0.0,3,1004,1.0,0.0
C07754,Steady Regulars,4,3,3,433,29,2,482.75,241.375,0.109,3,39,1.0,0.0
C07755,Steady Regulars,3,1,2,312,201,1,155.96,155.96,0.0,2,201,1.0,0.0
C07757,Lapsed / Hibernating,2,4,4,244,426,5,793.86,158.772,0.0,3,885,1.0,0.286
C07759,Lapsed / Hibernating,1,3,3,133,942,2,313.98,156.99,0.0,2,1002,0.0,0.333
C07763,Lapsed / Hibernating,1,1,1,111,1095,1,14.99,14.99,0.0,1,1095,1.0,0.0
C07766,Lapsed / Hibernating,1,3,3,133,884,2,291.17,145.585,0.052,1,1094,1.0,0.0
C07767,Steady Regulars,5,4,4,544,27,5,664.81,132.962,0.038,5,316,1.0,0.1
C07769,Deal Hunters,5,3,3,533,10,2,285.92,142.96,0.416,2,35,0.5,0.0
C07770,Champions,3,5,5,355,182,42,9064.42,215.82,0.243,7,1080,0.167,0.073
C07771,Champions,5,5,5,555,6,18,4330.17,240.565,0.449,7,1095,0.833,0.14
C07773,Lapsed / Hibernating,1,1,2,112,932,1,89.98,89.98,0.0,2,932,0.0,0.0
C07774,Steady Regulars,3,1,2,312,182,1,181.98,181.98,0.0,1,182,1.0,0.0
C07775,Deal Hunters,5,3,2,532,19,2,113.56,56.78,0.718,2,43,1.0,0.0
C07777,Lapsed / Hibernating,1,3,1,131,876,2,78.99,39.495,0.262,1,1094,0.5,0.5
C07778,Lapsed / Hibernating,1,1,2,112,892,1,204.96,204.96,0.0,3,892,1.0,0.0
C07780,New & Promising,5,1,2,512,7,1,138.94,138.94,0.0,2,7,1.0,0.0
C07781,New & Promising,4,1,1,411,48,1,51.98,51.98,0.0,1,48,1.0,0.0
C07783,Lapsed / Hibernating,1,1,3,113,791,1,577.93,577.93,0.0,3,791,0.0,0.0
C07785,Champions,5,5,5,555,17,31,4979.05,160.615,0.248,8,588,0.097,0.063
C07786,New & Promising,3,1,1,311,241,1,7.64,7.64,0.267,2,241,1.0,0.5
C07788,Champions,5,4,5,545,5,10,1807.21,180.721,0.066,6,342,1.0,0.143
C07790,Steady Regulars,3,4,3,343,167,5,645.51,129.102,0.341,4,1088,0.4,0.2
C07791,Steady Regulars,4,4,4,444,106,7,825.66,117.951,0.219,4,311,0.857,0.133
C07792,Deal Hunters,4,3,3,433,37,2,437.34,218.67,0.753,3,353,0.0,0.0
C07793,New & Promising,3,1,1,311,305,1,53.99,53.99,0.0,1,305,0.0,0.0
C07794,Steady Regulars,4,1,2,412,92,1,224.96,224.96,0.0,2,92,1.0,0.0
C07795,Lapsed / Hibernating,1,1,2,112,760,1,194.16,194.16,0.078,3,760,0.0,0.0
C07796,Champions,5,5,5,555,21,50,9046.38,180.928,0.103,6,892,0.94,0.081
C07797,Lapsed / Hibernating,1,1,1,111,1057,1,58.99,58.99,0.0,1,1057,0.0,0.0
C07798,Steady Regulars,3,1,2,312,299,1,161.98,161.98,0.366,3,299,0.0,0.5
C07799,Steady Regulars,4,4,3,443,90,7,594.43,84.919,0.348,4,696,0.857,0.067
C07800,Lapsed / Hibernating,2,1,2,212,489,1,159.97,159.97,0.0,2,489,1.0,0.0
C07801,Lapsed / Hibernating,1,1,2,112,1003,1,87.98,87.98,0.0,1,1003,1.0,0.0
C07802,New & Promising,4,1,2,412,56,1,89.98,89.98,0.0,2,56,0.0,0.0
C07803,Steady Regulars,3,4,3,343,156,5,555.43,111.086,0.543,4,675,1.0,0.0
C07804,Lapsed / Hibernating,2,4,3,243,638,5,485.52,97.104,0.184,4,935,0.0,0.222
C07805,Champions,5,5,4,554,22,11,1085.63,98.694,0.149,5,608,0.909,0.105
C07806,Lapsed / Hibernating,1,1,3,113,719,1,322.98,322.98,0.0,2,719,0.0,0.0
C07807,Steady Regulars,4,1,3,413,117,1,326.97,326.97,0.0,1,117,1.0,0.0
C07808,Lapsed / Hibernating,2,3,3,233,480,3,325.35,108.45,0.155,2,1065,1.0,0.0
C07810,Champions,4,5,5,455,103,29,5254.84,181.201,0.087,8,1005,0.172,0.022
C07811,New & Promising,4,1,1,411,43,1,82.99,82.99,0.0,1,43,1.0,0.5
C07812,Lapsed / Hibernating,1,1,3,113,754,1,603.96,603.96,0.0,1,754,0.0,0.5
C07813,New & Promising,3,1,2,312,341,1,94.98,94.98,0.0,1,341,0.0,0.0
C07815,Champions,5,5,5,555,3,14,2417.18,172.656,0.047,5,571,0.929,0.148
C07817,Champions,5,5,5,555,4,22,3582.42,162.837,0.123,8,983,0.909,0.087
C07818,Steady Regulars,5,3,3,533,10,2,615.94,307.97,0.0,4,166,1.0,0.0
C07819,New & Promising,3,1,1,311,334,1,59.98,59.98,0.0,1,334,1.0,0.0
C07820,New & Promising,4,1,1,411,53,1,56.99,56.99,0.0,1,53,1.0,0.0
C07821,Steady Regulars,3,3,2,332,301,2,199.98,99.99,0.0,2,321,1.0,0.333
C07822,Lapsed / Hibernating,1,1,2,112,1080,1,153.94,153.94,0.0,3,1080,1.0,0.0
C07824,New & Promising,3,1,1,311,273,1,22.99,22.99,0.0,1,273,0.0,0.0
C07825,Lapsed / Hibernating,1,1,3,113,776,1,266.98,266.98,0.0,1,776,0.0,0.0
C07826,Steady Regulars,3,4,5,345,302,7,2102.07,300.296,0.071,4,778,0.143,0.053
C07828,Champions,5,5,5,555,15,44,10189.9,231.589,0.144,7,1027,0.159,0.053
C07829,Steady Regulars,3,3,4,334,213,2,696.94,348.47,0.0,4,361,1.0,0.0
C07830,Lapsed / Hibernating,1,1,2,112,842,1,122.97,122.97,0.0,1,842,1.0,0.0
C07834,Champions,4,5,5,455,29,38,8363.8,220.1,0.061,8,1089,0.211,0.011
C07835,New & Promising,3,1,1,311,196,1,52.99,52.99,0.0,1,196,1.0,0.0
C07836,Steady Regulars,4,3,3,433,95,4,449.93,112.482,0.0,4,470,1.0,0.0
C07837,Lapsed / Hibernating,1,1,1,111,1034,1,14.99,14.99,0.0,1,1034,0.0,0.0
C07838,Champions,5,4,4,544,13,10,1393.61,139.361,0.029,5,335,0.2,0.0
C07839,Steady Regulars,5,1,3,513,18,1,426.95,426.95,0.0,2,18,1.0,0.25
C07840,Lapsed / Hibernating,1,1,3,113,826,1,328.97,328.97,0.0,2,826,1.0,0.0
C07841,Champions,5,5,5,555,10,52,8536.21,164.158,0.101,8,1017,0.904,0.103
C07842,Lapsed / Hibernating,1,1,3,113,797,1,635.95,635.95,0.0,2,797,1.0,0.0
C07843,Lapsed / Hibernating,2,4,4,244,692,6,1135.83,189.305,0.068,4,1022,0.833,0.0
C07844,Steady Regulars,5,3,2,532,11,2,230.77,115.385,0.126,3,199,1.0,0.25
C07846,Lapsed / Hibernating,2,4,4,244,496,6,972.48,162.08,0.094,5,810,0.667,0.0
C07847,Steady Regulars,5,3,3,533,12,2,405.93,202.965,0.0,2,60,0.0,0.0
C07848,Deal Hunters,4,3,2,432,34,2,107.35,53.675,0.795,4,101,0.5,0.0
C07851,New & Promising,4,1,1,411,51,1,85.47,85.47,0.16,3,51,1.0,0.25
C07852,Champions,5,4,4,544,25,10,1238.86,123.886,0.0,6,690,0.2,0.071
C07853,Lapsed / Hibernating,2,3,5,235,375,3,1812.69,604.23,0.015,3,476,1.0,0.143
C07855,Deal Hunters,5,1,1,511,17,1,29.59,29.59,1.0,1,17,1.0,0.0
C07857,Lapsed / Hibernating,2,4,4,244,400,7,1142.37,163.196,0.215,5,1006,0.857,0.067
C07858,Deal Hunters,5,3,3,533,7,2,359.04,179.52,0.922,4,31,0.5,0.0
C07859,New & Promising,4,1,1,411,65,1,20.99,20.99,0.0,1,65,1.0,0.0
C07860,Lapsed / Hibernating,2,1,2,212,669,1,158.96,158.96,0.0,3,669,0.0,0.0
C07861,Lapsed / Hibernating,2,4,3,243,603,6,372.89,62.148,0.0,2,1031,1.0,0.0
C07862,Lapsed / Hibernating,2,4,4,244,516,5,790.62,158.124,0.302,4,829,0.0,0.091
C07863,Steady Regulars,3,3,3,333,271,4,366.91,91.727,0.0,4,525,1.0,0.0
C07864,Lapsed / Hibernating,1,1,2,112,902,1,212.98,212.98,0.0,1,902,0.0,0.0
C07865,Lapsed / Hibernating,2,1,2,212,371,1,123.98,123.98,0.0,1,371,0.0,0.0
C07866,Steady Regulars,4,1,2,412,116,1,262.97,262.97,0.0,2,116,1.0,0.333
C07867,Champions,4,5,5,455,28,31,6111.1,197.132,0.029,6,1059,0.194,0.041
C07868,Lapsed / Hibernating,2,1,2,212,571,1,94.98,94.98,0.0,2,571,1.0,0.0
C07869,Champions,4,4,4,444,35,9,1419.32,157.702,0.159,5,578,0.889,0.158
C07870,Steady Regulars,3,3,4,334,206,4,763.09,190.772,0.046,4,479,1.0,0.0
C07872,Champions,3,5,5,355,191,34,8510.99,250.323,0.165,7,996,0.235,0.041
C07873,Lapsed / Hibernating,2,4,4,244,568,6,720.48,120.08,0.058,4,726,0.167,0.0
C07874,Lapsed / Hibernating,1,1,2,112,838,1,128.99,128.99,0.0,1,838,0.0,0.0
C07877,New & Promising,5,1,2,512,27,1,221.97,221.97,0.0,3,27,1.0,0.333
C07878,Deal Hunters,5,1,2,512,16,1,110.65,110.65,1.0,1,16,1.0,0.0
C07879,New & Promising,4,3,2,432,56,2,144.98,72.49,0.0,2,101,0.5,0.0
C07880,Champions,4,5,5,455,56,13,2282.92,175.609,0.074,6,1024,0.846,0.269
C07881,New & Promising,4,1,1,411,53,1,77.98,77.98,0.0,1,53,0.0,0.0
C07883,Steady Regulars,3,3,4,334,348,4,1159.91,289.978,0.024,3,624,1.0,0.0
C07884,Champions,4,4,4,444,28,9,1681.51,186.834,0.016,6,528,0.889,0.056
C07887,Champions,3,4,5,345,156,9,2086.75,231.861,0.047,7,454,0.889,0.08
C07888,Deal Hunters,5,1,1,511,26,1,13.59,13.59,1.0,1,26,1.0,0.0
C07889,Champions,4,5,5,455,62,32,6191.7,193.491,0.191,8,1011,0.188,0.025
C07891,New & Promising,5,3,2,532,9,2,144.25,72.125,0.067,3,43,1.0,0.2
C07892,Steady Regulars,3,1,3,313,155,1,427.98,427.98,0.0,1,155,1.0,0.0
C07893,Lapsed / Hibernating,2,3,2,232,646,2,130.7,65.35,0.212,3,866,0.5,0.0
C07894,Steady Regulars,3,4,3,343,247,5,289.97,57.994,0.131,5,554,1.0,0.0
C07895,Lapsed / Hibernating,1,3,2,132,739,2,211.11,105.555,0.29,2,1055,1.0,0.0
C07896,Champions,4,4,3,443,118,7,535.36,76.48,0.283,6,877,0.143,0.067
C07897,Lapsed / Hibernating,1,1,1,111,1032,1,0.0,0.0,0.0,1,1032,1.0,1.0
C07900,Steady Regulars,4,4,3,443,60,7,528.47,75.496,0.092,4,1071,0.429,0.0
C07902,Steady Regulars,4,3,4,434,47,4,1114.92,278.73,0.0,3,765,0.0,0.125
C07903,Lapsed / Hibernating,1,1,1,111,971,1,19.99,19.99,0.0,1,971,0.0,0.0
C07906,Champions,4,5,5,455,34,51,9848.2,193.102,0.098,8,1096,0.941,0.105
C07907,Lapsed / Hibernating,1,3,3,133,720,3,373.34,124.447,0.054,5,801,0.667,0.167
C07908,Lapsed / Hibernating,1,1,2,112,896,1,201.97,201.97,0.0,1,896,0.0,0.0
C07910,Champions,4,5,5,455,84,15,2351.01,156.734,0.285,7,709,0.8,0.125
C07911,Champions,5,5,5,555,14,37,8800.43,237.849,0.027,7,486,1.0,0.098
C07912,Champions,5,4,4,544,5,8,1368.82,171.103,0.21,5,290,0.25,0.0
C07915,Lapsed / Hibernating,2,3,2,232,473,2,169.98,84.99,0.0,2,569,0.5,0.0
C07916,Champions,5,4,4,544,6,9,1443.73,160.414,0.011,4,548,0.889,0.08
C07917,Steady Regulars,3,3,3,333,334,4,628.9,157.225,0.0,6,1096,0.0,0.2
C07918,Lapsed / Hibernating,1,1,3,113,849,1,274.96,274.96,0.0,2,849,1.0,0.0
C07919,Champions,5,4,4,544,19,10,966.11,96.611,0.39,6,768,0.5,0.13
C07920,Lapsed / Hibernating,1,1,2,112,1078,1,130.98,130.98,0.0,2,1078,0.0,0.0
C07922,Champions,3,5,5,355,278,18,3966.08,220.338,0.161,7,915,0.056,0.12
C07923,Champions,5,4,4,544,2,9,873.89,97.099,0.034,6,566,0.111,0.214
C07925,Champions,3,4,5,345,306,7,1868.62,266.946,0.244,6,1019,0.0,0.0
C07926,Lapsed / Hibernating,1,3,4,134,940,2,749.93,374.965,0.0,3,1019,0.5,0.0
C07927,Lapsed / Hibernating,2,3,2,232,376,3,128.96,42.987,0.0,4,845,0.667,0.25
C07928,New & Promising,5,1,2,512,7,1,221.95,221.95,0.0,1,7,1.0,0.0
C07929,Champions,5,5,5,555,6,37,7498.8,202.67,0.166,5,863,1.0,0.172
C07932,Deal Hunters,3,1,1,311,132,1,65.87,65.87,0.439,2,132,1.0,0.0
C07933,Lapsed / Hibernating,2,4,4,244,642,5,1259.86,251.972,0.0,4,953,0.0,0.0
C07934,Steady Regulars,5,3,3,533,10,4,420.49,105.122,0.31,3,400,0.25,0.0
C07936,Steady Regulars,3,1,3,313,223,1,517.94,517.94,0.0,3,223,0.0,0.0
C07938,New & Promising,4,1,2,412,67,1,92.98,92.98,0.0,2,67,0.0,0.0
C07939,Champions,5,4,5,545,9,9,2570.99,285.666,0.231,7,534,1.0,0.083
C07940,Lapsed / Hibernating,1,3,4,134,1043,4,974.37,243.592,0.271,5,1091,0.0,0.0
C07941,Lapsed / Hibernating,1,4,4,144,714,6,732.89,122.148,0.0,5,955,0.833,0.1
C07942,Steady Regulars,3,1,2,312,245,1,145.93,145.93,0.157,2,245,0.0,0.0
C07943,Lapsed / Hibernating,2,1,1,211,672,1,15.98,15.98,0.0,1,672,1.0,0.0
C07944,Champions,5,4,4,544,5,8,1297.6,162.2,0.177,5,525,0.125,0.0
C07945,Champions,5,5,5,555,27,59,9292.09,157.493,0.113,7,1062,0.898,0.048
C07946,Champions,3,5,5,355,167,20,4811.63,240.582,0.128,6,941,0.3,0.047
C07947,Lapsed / Hibernating,1,3,3,133,983,2,298.12,149.06,0.212,2,1090,1.0,0.0
C07948,Lapsed / Hibernating,2,1,1,211,505,1,61.98,61.98,0.0,1,505,1.0,0.0
C07949,Champions,5,5,5,555,11,56,7420.32,132.506,0.177,8,891,0.821,0.041
C07950,Lapsed / Hibernating,1,3,3,133,1056,2,286.97,143.485,0.0,3,1089,0.0,0.333
C07951,Champions,5,5,5,555,15,45,12477.17,277.27,0.111,8,936,0.956,0.1
C07952,Steady Regulars,4,1,4,414,107,1,739.97,739.97,0.0,3,107,0.0,0.25
C07954,Lapsed / Hibernating,1,1,1,111,907,1,0.0,0.0,0.0,1,907,0.0,1.0
C07955,Steady Regulars,3,1,2,312,341,1,176.98,176.98,0.0,2,341,1.0,0.0
C07956,Lapsed / Hibernating,2,1,1,211,513,1,64.97,64.97,0.0,2,513,0.0,0.0
C07957,Steady Regulars,5,4,4,544,14,5,938.85,187.77,0.0,4,423,0.8,0.1
C07958,Steady Regulars,3,1,3,313,158,1,524.95,524.95,0.0,3,158,1.0,0.0
C07959,Lapsed / Hibernating,2,1,2,212,525,1,156.98,156.98,0.0,2,525,1.0,0.0
C07960,Champions,5,5,5,555,3,20,3607.32,180.366,0.054,8,742,0.2,0.087
C07961,Steady Regulars,3,1,3,313,211,1,599.93,599.93,0.0,4,211,1.0,0.0
C07962,Lapsed / Hibernating,1,1,1,111,888,1,24.99,24.99,0.0,1,888,0.0,0.0
C07963,New & Promising,5,3,2,532,20,2,157.16,78.58,0.066,2,58,1.0,0.25
C07965,Lapsed / Hibernating,2,1,3,213,684,1,384.97,384.97,0.0,3,684,1.0,0.0
C07966,Steady Regulars,3,1,2,312,220,1,162.95,162.95,0.0,3,220,1.0,0.0
C07967,Lapsed / Hibernating,1,1,1,111,1092,1,48.99,48.99,0.0,1,1092,1.0,0.0
C07968,Lapsed / Hibernating,2,4,4,244,566,8,774.86,96.858,0.086,5,1008,0.125,0.077
C07969,Champions,5,5,5,555,17,18,3546.55,197.031,0.103,8,948,0.833,0.205
C07972,Lapsed / Hibernating,1,1,1,111,1018,1,29.24,29.24,1.0,1,1018,1.0,0.0
C07973,Lapsed / Hibernating,2,3,2,232,587,2,169.94,84.97,0.424,2,685,1.0,0.0
C07974,Lapsed / Hibernating,1,1,1,111,999,1,84.98,84.98,0.0,2,999,1.0,0.0
C07975,Champions,5,5,5,555,21,16,2021.93,126.371,0.281,7,581,0.125,0.079
C07976,Lapsed / Hibernating,1,1,1,111,748,1,14.39,14.39,1.0,1,748,1.0,0.0
C07977,Champions,4,5,4,454,68,11,977.21,88.837,0.078,6,559,1.0,0.0
C07980,Lapsed / Hibernating,2,5,5,255,378,23,5002.33,217.493,0.176,8,1094,0.261,0.082
C07982,Lapsed / Hibernating,1,1,3,113,821,1,354.96,354.96,0.0,3,821,1.0,0.0
C07983,Steady Regulars,3,3,2,332,350,2,181.91,90.955,0.0,5,620,1.0,0.167
C07984,Lapsed / Hibernating,2,4,4,244,474,5,1199.1,239.82,0.212,5,767,1.0,0.0
C07985,Lapsed / Hibernating,2,4,4,244,446,5,870.65,174.13,0.392,3,1016,0.4,0.143
C07986,Lapsed / Hibernating,2,1,1,211,366,1,35.98,35.98,0.0,1,366,1.0,0.0
C07988,Champions,5,4,3,543,19,8,594.73,74.341,0.057,6,956,1.0,0.125
C07989,Deal Hunters,4,1,2,412,31,1,99.37,99.37,1.0,2,31,1.0,0.0
C07990,New & Promising,3,1,1,311,202,1,28.99,28.99,0.0,1,202,1.0,0.0
C07991,Lapsed / Hibernating,1,1,2,112,716,1,130.99,130.99,0.0,1,716,0.0,0.0
C07993,Steady Regulars,3,3,3,333,227,4,313.81,78.452,0.106,4,468,1.0,0.25
C07994,Steady Regulars,5,4,3,543,21,6,466.1,77.683,0.23,4,309,1.0,0.0
C07995,Steady Regulars,4,4,5,445,47,9,2524.4,280.489,0.166,3,403,0.778,0.083
C07996,Steady Regulars,5,3,3,533,21,4,367.14,91.785,0.251,4,335,1.0,0.167
C07998,Lapsed / Hibernating,2,4,4,244,488,5,820.0,164.0,0.106,5,924,1.0,0.125
C07999,New & Promising,3,1,2,312,176,1,90.99,90.99,0.0,1,176,0.0,0.0
C08000,Steady Regulars,3,4,4,344,133,8,1328.3,166.038,0.348,4,631,0.875,0.071
C08001,Champions,5,5,5,555,12,13,2261.43,173.956,0.182,4,386,0.308,0.086
C08002,Champions,5,5,5,555,18,13,2115.84,162.757,0.236,4,654,1.0,0.154
C08004,Deal Hunters,3,1,1,311,361,1,20.79,20.79,1.0,1,361,0.0,0.0
C08005,Lapsed / Hibernating,2,3,2,232,374,2,193.63,96.815,0.322,4,411,1.0,0.2
C08007,Champions,5,5,5,555,18,40,7563.67,189.092,0.124,8,792,0.85,0.087
C08008,Champions,4,5,5,455,32,16,1974.23,123.389,0.112,7,869,0.938,0.2
C08009,Lapsed / Hibernating,2,1,3,213,413,1,437.96,437.96,0.0,2,413,1.0,0.0
C08011,Steady Regulars,3,4,5,345,342,9,2398.27,266.474,0.087,4,967,1.0,0.143
C08013,Steady Regulars,4,3,3,433,75,2,509.94,254.97,0.0,2,225,0.0,0.0
C08015,Champions,5,5,5,555,1,37,7713.87,208.483,0.111,6,639,0.892,0.131
C08016,Lapsed / Hibernating,2,1,2,212,549,1,136.37,136.37,0.311,3,549,1.0,0.0
C08017,Champions,4,5,5,455,72,22,4462.26,202.83,0.094,8,971,0.864,0.04
C08020,Lapsed / Hibernating,1,1,2,112,801,1,260.95,260.95,0.0,4,801,1.0,0.0
C08021,Steady Regulars,3,3,3,333,329,3,269.96,89.987,0.0,3,370,0.0,0.2
C08023,Champions,5,5,5,555,2,21,5635.98,268.38,0.207,6,1005,0.857,0.138
C08024,Steady Regulars,4,4,4,444,91,6,1113.3,185.55,0.052,3,553,1.0,0.0
C08025,Lapsed / Hibernating,1,3,3,133,828,3,295.94,98.647,0.0,3,921,0.333,0.4
C08026,Champions,4,5,5,455,65,13,3443.32,264.871,0.044,6,682,1.0,0.0
C08027,Lapsed / Hibernating,1,4,3,143,949,5,632.39,126.478,0.263,4,1081,0.0,0.0
C08028,Lapsed / Hibernating,2,3,3,233,481,2,289.94,144.97,0.0,3,664,1.0,0.0
C08030,Steady Regulars,4,3,3,433,55,2,380.97,190.485,0.0,3,1013,1.0,0.0
C08031,Champions,4,4,5,445,53,10,2908.57,290.857,0.127,7,887,0.1,0.04
C08033,New & Promising,4,1,1,411,53,1,35.98,35.98,0.0,1,53,1.0,0.0
C08034,Lapsed / Hibernating,1,3,3,133,723,2,435.95,217.975,0.281,4,735,0.0,0.333
C08035,Lapsed / Hibernating,2,4,4,244,408,7,1486.18,212.311,0.312,4,1068,0.429,0.062
C08037,Champions,5,5,5,555,8,22,3483.39,158.336,0.042,6,1015,0.955,0.139
C08038,Lapsed / Hibernating,2,1,1,211,599,1,15.98,15.98,0.0,1,599,1.0,0.0
C08039,Steady Regulars,4,3,2,432,71,3,178.75,59.583,0.318,2,748,1.0,0.0
C08041,Lapsed / Hibernating,1,5,5,155,777,20,3971.69,198.584,0.214,6,1093,0.25,0.058
C08045,Steady Regulars,5,1,4,514,18,1,933.13,933.13,0.101,4,18,1.0,0.2
C08046,New & Promising,4,1,1,411,75,1,53.97,53.97,0.0,2,75,1.0,0.0
C08047,Champions,3,5,5,355,278,14,2051.21,146.515,0.285,8,1089,0.0,0.143
C08048,New & Promising,3,1,1,311,178,1,25.99,25.99,0.0,1,178,1.0,0.0
C08049,Lapsed / Hibernating,1,3,3,133,806,2,482.97,241.485,0.0,3,876,1.0,0.0
C08051,Steady Regulars,3,1,3,313,176,1,288.99,288.99,0.0,1,176,0.0,0.0
C08053,Steady Regulars,3,3,2,332,128,2,169.97,84.985,0.0,3,261,1.0,0.0
C08054,Champions,4,5,5,455,100,15,2181.64,145.443,0.345,6,786,0.2,0.133
C08055,New & Promising,4,1,1,411,110,1,25.99,25.99,0.0,1,110,1.0,0.0
C08056,Lapsed / Hibernating,2,1,3,213,569,1,477.95,477.95,0.0,3,569,1.0,0.0
C08059,Lapsed / Hibernating,2,1,1,211,388,1,75.56,75.56,0.603,2,388,1.0,0.0
C08061,Lapsed / Hibernating,1,1,2,112,1091,1,118.99,118.99,0.0,1,1091,0.0,0.0
C08063,Champions,5,5,5,555,27,38,7344.75,193.283,0.116,8,1087,0.921,0.082
C08064,Steady Regulars,3,3,2,332,333,2,180.77,90.385,0.093,3,378,0.0,0.0
C08065,Lapsed / Hibernating,1,3,3,133,946,2,381.97,190.985,0.0,3,1059,1.0,0.5
C08066,Champions,5,5,5,555,14,16,1735.2,108.45,0.146,6,787,1.0,0.069
C08067,Champions,4,5,5,455,75,11,1962.09,178.372,0.082,4,772,0.0,0.042
C08068,New & Promising,3,1,2,312,213,1,116.95,116.95,0.0,2,213,1.0,0.333
C08069,Champions,4,4,5,445,37,10,2538.01,253.801,0.382,7,567,1.0,0.04
C08070,Champions,4,5,5,455,28,17,3127.94,183.996,0.21,6,1069,0.118,0.061
C08071,Steady Regulars,5,3,3,533,12,2,637.24,318.62,0.151,2,87,1.0,0.0
C08073,Lapsed / Hibernating,1,1,2,112,1019,1,138.96,138.96,0.0,2,1019,0.0,0.0
C08074,Lapsed / Hibernating,2,1,1,211,594,1,0.0,0.0,0.0,1,594,0.0,1.0
C08075,Deal Hunters,4,1,1,411,38,1,32.18,32.18,1.0,2,38,0.0,0.0
C08076,New & Promising,4,3,2,432,54,3,108.97,36.323,0.0,2,188,0.667,0.333
C08077,Champions,5,5,5,555,27,21,2942.24,140.107,0.12,8,399,0.905,0.218
C08081,Champions,3,4,4,344,327,8,1381.78,172.722,0.588,6,1092,0.25,0.0
C08082,Steady Regulars,3,3,4,334,240,3,753.29,251.097,0.437,5,693,1.0,0.222
C08083,Champions,5,5,5,555,17,41,7535.6,183.795,0.076,7,562,0.268,0.057
C08086,Lapsed / Hibernating,1,3,2,132,741,3,137.1,45.7,0.496,5,1067,0.667,0.167
C08087,Steady Regulars,3,4,3,343,156,5,280.16,56.032,0.197,3,529,1.0,0.0
C08088,Champions,5,5,5,555,7,29,6087.71,209.921,0.132,7,1090,0.207,0.086
C08090,Champions,4,4,4,444,52,9,1514.52,168.28,0.031,6,1055,0.111,0.0
C08091,Lapsed / Hibernating,1,1,2,112,970,1,88.98,88.98,0.0,2,970,1.0,0.0
C08092,Lapsed / Hibernating,1,3,3,133,964,3,523.93,174.643,0.0,2,1076,1.0,0.0
C08093,New & Promising,3,1,1,311,291,1,30.99,30.99,0.0,1,291,1.0,0.0
C08094,Lapsed / Hibernating,1,3,2,132,832,3,240.05,80.017,0.295,4,953,0.333,0.125
C08098,Steady Regulars,5,4,3,543,3,6,643.01,107.168,0.134,3,225,0.167,0.0
C08099,Steady Regulars,3,4,3,343,317,6,553.9,92.317,0.0,4,485,1.0,0.0
C08100,Lapsed / Hibernating,1,1,2,112,725,1,215.98,215.98,0.0,2,725,0.0,0.0
C08101,Lapsed / Hibernating,2,1,1,211,458,1,60.95,60.95,0.0,2,458,1.0,0.0
C08102,Lapsed / Hibernating,1,3,4,134,992,2,828.94,414.47,0.0,2,1027,1.0,0.2
C08103,Champions,5,5,5,555,9,28,5368.81,191.743,0.064,8,1052,0.321,0.09
C08105,Steady Regulars,3,3,3,333,357,2,448.93,224.465,0.0,3,684,1.0,0.0
C08106,Steady Regulars,4,1,3,413,85,1,313.92,313.92,0.0,3,85,1.0,0.0
C08108,Lapsed / Hibernating,2,1,4,214,370,1,853.95,853.95,0.0,3,370,1.0,0.0
C08110,Champions,5,5,4,554,23,13,957.99,73.692,0.167,7,898,0.0,0.048
C08111,Lapsed / Hibernating,1,1,1,111,1087,1,81.15,81.15,0.859,2,1087,0.0,0.25
C08114,Steady Regulars,3,3,3,333,209,3,591.83,197.277,0.106,3,294,1.0,0.0
C08117,Champions,4,5,5,455,116,42,8689.0,206.881,0.121,6,1060,0.952,0.114
C08118,Lapsed / Hibernating,1,1,3,113,1071,1,484.16,484.16,0.424,2,1071,0.0,0.0
C08124,Champions,4,5,5,455,38,36,9487.52,263.542,0.097,7,823,0.167,0.101
C08125,Deal Hunters,4,1,1,411,30,1,23.39,23.39,1.0,1,30,1.0,0.0
C08126,Steady Regulars,3,4,4,344,268,8,1386.75,173.344,0.162,5,944,0.375,0.077
C08127,Steady Regulars,4,4,4,444,60,6,842.31,140.385,0.106,2,430,1.0,0.111
C08128,Steady Regulars,5,3,4,534,21,4,913.6,228.4,0.096,5,225,1.0,0.091
C08129,Lapsed / Hibernating,1,1,1,111,807,1,0.0,0.0,0.509,2,807,0.0,1.0
C08130,Lapsed / Hibernating,2,1,2,212,430,1,245.98,245.98,0.0,1,430,1.0,0.333
C08131,Champions,3,5,5,355,254,23,4082.82,177.514,0.047,7,755,0.87,0.129
C08132,New & Promising,4,1,1,411,121,1,62.98,62.98,0.0,2,121,1.0,0.0
C08134,Lapsed / Hibernating,1,4,5,145,718,6,1816.83,302.805,0.0,4,812,1.0,0.077
C08135,Lapsed / Hibernating,1,1,1,111,783,1,0.0,0.0,0.0,1,783,1.0,1.0
C08136,Lapsed / Hibernating,2,1,2,212,571,1,260.97,260.97,0.0,1,571,1.0,0.0
C08137,Lapsed / Hibernating,1,1,1,111,923,1,61.78,61.78,0.531,2,923,0.0,0.0
C08138,Lapsed / Hibernating,2,1,2,212,444,1,97.98,97.98,0.0,2,444,1.0,0.0
C08139,New & Promising,3,1,1,311,263,1,26.99,26.99,0.0,1,263,1.0,0.0
C08140,Lapsed / Hibernating,1,1,1,111,1088,1,21.99,21.99,0.0,1,1088,1.0,0.0
C08141,Steady Regulars,4,1,3,413,95,1,282.96,282.96,0.0,2,95,1.0,0.333
C08142,Champions,5,4,5,545,9,7,2219.94,317.134,0.204,5,132,1.0,0.091
C08143,Lapsed / Hibernating,2,4,4,244,536,6,1525.22,254.203,0.199,6,1034,0.333,0.077
C08144,Champions,5,5,5,555,13,31,6054.36,195.302,0.265,7,1010,0.129,0.194
C08145,Lapsed / Hibernating,1,1,2,112,1092,1,154.94,154.94,0.0,3,1092,0.0,0.0
C08146,Steady Regulars,4,4,4,444,111,5,915.94,183.188,0.079,4,719,0.8,0.077
C08147,Lapsed / Hibernating,2,1,2,212,507,1,186.16,186.16,0.329,2,507,0.0,0.0
C08148,Steady Regulars,4,4,3,443,118,6,663.06,110.51,0.142,3,421,1.0,0.071
C08149,Champions,5,5,5,555,8,15,2977.19,198.479,0.071,6,1090,0.867,0.0
C08151,Lapsed / Hibernating,1,3,2,132,1067,2,174.56,87.28,0.496,4,1087,0.5,0.0
C08152,Lapsed / Hibernating,2,4,4,244,688,6,917.45,152.908,0.051,4,1079,1.0,0.167
C08153,Lapsed / Hibernating,1,1,2,112,961,1,183.98,183.98,0.0,1,961,1.0,0.0
C08154,Steady Regulars,4,4,4,444,71,9,1279.17,142.13,0.232,3,919,0.889,0.0
C08155,Lapsed / Hibernating,2,1,1,211,382,1,70.76,70.76,0.576,2,382,1.0,0.0
C08157,Champions,5,4,5,545,14,8,1854.97,231.871,0.181,6,239,0.875,0.053
C08158,Steady Regulars,3,3,3,333,277,2,435.91,217.955,0.0,4,474,1.0,0.0
C08159,Lapsed / Hibernating,2,1,1,211,393,1,25.99,25.99,0.0,1,393,0.0,0.0
C08161,Lapsed / Hibernating,2,3,3,233,438,3,392.93,130.977,0.0,4,680,0.0,0.0
C08162,Steady Regulars,3,4,3,343,219,7,572.73,81.819,0.248,3,1052,1.0,0.0
C08164,Deal Hunters,4,3,2,432,33,2,165.72,82.86,0.825,3,63,0.5,0.0
C08165,Lapsed / Hibernating,2,5,5,255,542,28,5296.78,189.171,0.156,6,1089,0.929,0.098
C08166,Champions,4,5,5,455,45,28,4490.62,160.379,0.194,7,1065,0.964,0.148
C08167,New & Promising,3,1,1,311,260,1,29.99,29.99,0.0,1,260,0.0,0.0
C08168,Lapsed / Hibernating,2,5,4,254,445,13,1635.58,125.814,0.028,8,864,0.077,0.125
C08169,Lapsed / Hibernating,1,1,1,111,1060,1,23.98,23.98,0.0,1,1060,0.0,0.0
C08172,Lapsed / Hibernating,1,1,2,112,797,1,96.96,96.96,0.0,2,797,1.0,0.0
C08173,Lapsed / Hibernating,1,3,3,133,721,2,355.49,177.745,0.609,4,770,1.0,0.0
C08174,Champions,5,5,5,555,12,32,4449.34,139.042,0.174,8,1080,0.906,0.031
C08177,Champions,5,5,5,555,24,28,4580.39,163.585,0.221,6,1013,0.214,0.102
C08178,Steady Regulars,3,4,4,344,219,9,1217.99,135.332,0.068,4,919,0.889,0.056
C08179,Deal Hunters,4,1,1,411,32,1,24.49,24.49,1.0,1,32,1.0,0.0
C08181,Lapsed / Hibernating,1,1,2,112,768,1,116.89,116.89,1.0,1,768,1.0,0.5
C08182,New & Promising,5,1,1,511,13,1,34.99,34.99,0.0,1,13,1.0,0.0
C08183,Champions,4,5,4,454,110,15,1566.96,104.464,0.199,7,1018,0.933,0.25
C08185,Champions,5,4,4,544,2,7,1128.19,161.17,0.192,5,414,0.714,0.154
C08186,Champions,4,5,5,455,56,29,5062.98,174.586,0.171,6,464,0.966,0.111
C08189,New & Promising,3,1,1,311,226,1,29.99,29.99,0.0,1,226,1.0,0.0
C08191,Lapsed / Hibernating,1,1,3,113,1056,1,586.97,586.97,0.0,2,1056,1.0,0.0
C08192,Steady Regulars,3,1,2,312,330,1,255.95,255.95,0.0,3,330,1.0,0.0
C08194,Steady Regulars,3,4,3,343,229,5,587.44,117.488,0.367,5,831,1.0,0.111
C08195,Champions,3,5,4,354,127,11,1464.88,133.171,0.084,7,596,0.818,0.24
C08196,Steady Regulars,3,1,2,312,127,1,120.37,120.37,0.194,3,127,0.0,0.0
C08197,Champions,4,5,5,455,59,36,6329.4,175.817,0.144,7,1070,0.944,0.086
C08198,Lapsed / Hibernating,2,1,1,211,371,1,79.98,79.98,0.0,2,371,1.0,0.0
C08199,Lapsed / Hibernating,1,3,3,133,967,3,524.89,174.963,0.0,4,992,0.667,0.0
C08202,Deal Hunters,4,1,2,412,38,1,243.59,243.59,1.0,1,38,1.0,0.0
C08203,Champions,5,5,5,555,1,23,4134.97,179.781,0.035,5,1093,0.13,0.083
C08204,Champions,4,5,5,455,42,58,8882.64,153.149,0.137,8,1019,0.897,0.068
C08206,Steady Regulars,3,1,3,313,198,1,380.38,380.38,0.154,2,198,0.0,0.0
C08207,Lapsed / Hibernating,1,1,2,112,1093,1,142.96,142.96,0.0,2,1093,1.0,0.0
C08209,Champions,5,5,5,555,23,25,6021.02,240.841,0.111,6,1038,0.88,0.087
C08210,Steady Regulars,3,3,4,334,158,3,981.17,327.057,0.044,4,389,1.0,0.1
C08211,Lapsed / Hibernating,1,1,1,111,747,1,15.19,15.19,1.0,1,747,1.0,0.5
C08213,Lapsed / Hibernating,1,1,2,112,852,1,138.98,138.98,0.0,1,852,0.0,0.0
C08214,Steady Regulars,3,1,3,313,152,1,310.98,310.98,0.0,2,152,1.0,0.0
C08217,Lapsed / Hibernating,1,3,2,132,744,2,189.37,94.685,0.308,3,925,1.0,0.0
C08218,Lapsed / Hibernating,2,1,2,212,635,1,262.98,262.98,0.0,2,635,0.0,0.333
C08220,Lapsed / Hibernating,2,1,1,211,519,1,35.99,35.99,0.0,1,519,0.0,0.0
C08221,Steady Regulars,3,3,4,334,197,2,836.7,418.35,0.363,4,525,1.0,0.143
C08222,Steady Regulars,4,1,3,413,118,1,478.84,478.84,0.058,3,118,1.0,0.0
C08223,Lapsed / Hibernating,2,1,2,212,429,1,204.97,204.97,0.0,3,429,1.0,0.333
C08224,Lapsed / Hibernating,2,1,3,213,487,1,292.98,292.98,0.0,2,487,0.0,0.0
C08225,Lapsed / Hibernating,2,1,1,211,593,1,47.98,47.98,0.0,1,593,1.0,0.333
C08226,Steady Regulars,4,4,3,443,109,5,491.6,98.32,0.371,3,877,0.6,0.1
C08227,Lapsed / Hibernating,2,3,3,233,603,3,378.52,126.173,0.48,5,784,1.0,0.0
C08229,Lapsed / Hibernating,2,1,3,213,505,1,554.76,554.76,0.411,3,505,1.0,0.0
C08231,Lapsed / Hibernating,1,1,2,112,1073,1,118.99,118.99,0.0,1,1073,1.0,0.0
C08232,New & Promising,3,1,1,311,127,1,34.99,34.99,0.0,1,127,0.0,0.0
C08233,Lapsed / Hibernating,1,1,1,111,1058,1,10.19,10.19,1.0,1,1058,1.0,0.0
C08234,Champions,4,4,4,444,94,8,1679.4,209.925,0.01,6,356,1.0,0.211
C08235,Champions,5,4,5,545,9,10,2282.58,228.258,0.439,5,870,0.3,0.174
C08236,New & Promising,4,1,1,411,111,1,70.99,70.99,0.0,1,111,1.0,0.0
C08237,Lapsed / Hibernating,2,1,1,211,667,1,51.98,51.98,0.0,1,667,1.0,0.0
C08238,Lapsed / Hibernating,1,1,3,113,852,1,644.95,644.95,0.098,2,852,0.0,0.0
C08239,Steady Regulars,3,4,4,344,294,9,1233.4,137.044,0.042,5,1023,0.889,0.105
C08240,Lapsed / Hibernating,1,1,1,111,723,1,73.97,73.97,0.0,3,723,1.0,0.25
C08241,Lapsed / Hibernating,2,3,3,233,486,2,463.93,231.965,0.0,2,641,0.0,0.0
C08243,Lapsed / Hibernating,2,1,1,211,433,1,29.99,29.99,0.0,1,433,1.0,0.0
C08244,Champions,4,5,5,455,74,15,3476.46,231.764,0.184,5,550,1.0,0.071
C08245,Lapsed / Hibernating,2,4,4,244,601,5,693.27,138.654,0.073,5,884,0.2,0.0
C08249,Champions,5,5,5,555,1,38,5549.66,146.044,0.17,8,668,0.895,0.08
C08251,Champions,4,5,5,455,46,14,1857.65,132.689,0.211,4,935,0.214,0.12
C08252,Lapsed / Hibernating,1,1,3,113,937,1,325.96,325.96,0.0,3,937,1.0,0.25
C08253,New & Promising,5,1,3,513,1,1,309.96,309.96,0.0,2,1,1.0,0.0
C08254,Steady Regulars,3,1,2,312,353,1,175.98,175.98,0.0,1,353,0.0,0.0
C08255,New & Promising,3,1,1,311,338,1,14.99,14.99,0.0,1,338,0.0,0.0
C08261,New & Promising,4,1,1,411,117,1,0.0,0.0,0.0,1,117,1.0,1.0
C08262,Champions,4,4,4,444,47,10,1504.68,150.468,0.167,5,995,0.1,0.0
C08263,Champions,4,5,5,455,62,16,2645.59,165.349,0.15,7,1083,0.938,0.097
C08264,Lapsed / Hibernating,1,4,5,145,719,8,2833.39,354.174,0.173,6,1044,0.125,0.067
C08266,Steady Regulars,5,4,4,544,18,5,1152.29,230.458,0.296,4,560,1.0,0.111
C08267,Lapsed / Hibernating,2,5,4,254,486,13,1411.1,108.546,0.227,7,1087,0.308,0.074
C08269,Lapsed / Hibernating,1,1,1,111,1087,1,0.0,0.0,0.0,1,1087,1.0,1.0
C08270,Deal Hunters,5,3,1,531,22,2,65.77,32.885,0.499,3,479,0.5,0.0
C08272,Champions,5,4,4,544,17,9,765.77,85.086,0.0,5,270,1.0,0.071
C08273,Champions,4,5,5,455,104,14,1851.04,132.217,0.038,7,1008,0.071,0.069
C08274,Lapsed / Hibernating,2,3,3,233,565,2,553.13,276.565,0.476,3,571,0.0,0.0
C08275,Lapsed / Hibernating,2,5,5,255,567,11,2425.72,220.52,0.0,5,1012,1.0,0.133
C08276,Deal Hunters,3,3,3,333,154,4,299.44,74.86,0.634,3,396,1.0,0.167
C08278,Deal Hunters,5,3,1,531,12,3,82.12,27.373,1.0,3,37,1.0,0.333
C08279,Champions,5,5,5,555,17,48,12554.61,261.554,0.223,7,697,0.146,0.031
C08282,Steady Regulars,3,3,3,333,166,4,500.37,125.092,0.158,6,932,0.75,0.125
C08283,New & Promising,3,1,1,311,319,1,51.98,51.98,0.0,2,319,0.0,0.0
C08285,Deal Hunters,4,1,1,411,36,1,78.37,78.37,1.0,3,36,1.0,0.0
C08286,Lapsed / Hibernating,1,1,1,111,908,1,16.99,16.99,0.0,1,908,1.0,0.0
C08287,Steady Regulars,5,3,3,533,13,3,400.96,133.653,0.164,3,34,1.0,0.25
C08288,Steady Regulars,3,3,5,335,262,4,1726.89,431.722,0.0,4,425,1.0,0.125
C08289,Lapsed / Hibernating,1,1,3,113,1095,1,356.97,356.97,0.0,2,1095,0.0,0.0
C08292,Lapsed / Hibernating,1,4,4,144,852,8,884.58,110.572,0.372,5,1096,0.875,0.062
C08293,Champions,5,5,5,555,13,26,2749.02,105.732,0.181,7,1095,0.962,0.019
C08295,Lapsed / Hibernating,2,1,1,211,390,1,41.59,41.59,1.0,1,390,1.0,0.0
C08296,Lapsed / Hibernating,1,5,5,155,768,11,1973.07,179.37,0.224,6,1088,0.182,0.111
C08298,New & Promising,3,1,1,311,209,1,13.99,13.99,0.0,2,209,1.0,0.5
C08299,Champions,5,5,5,555,23,29,5121.04,176.588,0.034,7,952,0.172,0.075
C08300,New & Promising,4,1,2,412,41,1,87.96,87.96,0.0,2,41,1.0,0.0
C08302,Lapsed / Hibernating,2,1,1,211,638,1,29.99,29.99,0.0,1,638,0.0,0.0
C08303,Steady Regulars,5,1,3,513,16,1,370.95,370.95,0.0,3,16,0.0,0.0
C08305,Champions,5,5,5,555,27,30,5708.37,190.279,0.087,7,885,0.967,0.071
C08306,Lapsed / Hibernating,1,4,4,144,743,8,1647.84,205.98,0.196,5,992,0.875,0.05
C08307,Lapsed / Hibernating,2,4,5,245,567,10,2996.82,299.682,0.012,6,1084,0.9,0.032
C08308,Lapsed / Hibernating,2,1,2,212,406,1,231.98,231.98,0.0,1,406,1.0,0.0
C08310,New & Promising,4,3,1,431,69,2,12.99,6.495,0.0,2,998,1.0,0.5
C08311,Lapsed / Hibernating,2,5,5,255,499,14,2007.39,143.385,0.2,6,1071,0.857,0.051
C08313,Champions,4,4,3,443,68,10,509.06,50.906,0.074,5,1039,0.8,0.077
C08315,Champions,4,5,4,454,29,12,960.13,80.011,0.428,5,1055,1.0,0.062
C08316,Lapsed / Hibernating,2,1,1,211,395,1,13.29,13.29,1.0,1,395,1.0,0.5
C08317,Lapsed / Hibernating,2,1,1,211,376,1,44.08,44.08,0.388,2,376,0.0,0.0
C08319,Lapsed / Hibernating,1,1,1,111,1072,1,11.99,11.99,0.0,2,1072,1.0,0.5
C08322,Champions,3,5,4,354,293,11,1663.33,151.212,0.216,7,1086,0.909,0.0
C08324,Champions,5,5,5,555,14,11,1800.14,163.649,0.077,5,1066,1.0,0.083
C08325,Steady Regulars,4,4,3,443,46,5,306.91,61.382,0.0,3,596,0.0,0.0
C08326,Lapsed / Hibernating,1,4,5,145,721,7,2812.76,401.823,0.0,3,1066,0.857,0.0
C08327,Champions,5,4,4,544,15,9,1549.75,172.194,0.34,6,1086,0.889,0.1
C08329,Champions,4,4,4,444,100,9,1513.46,168.162,0.155,6,552,0.889,0.12
C08330,Steady Regulars,4,1,2,412,123,1,186.96,186.96,0.0,4,123,1.0,0.0
C08331,Lapsed / Hibernating,2,4,4,244,459,8,1235.4,154.425,0.006,4,937,0.25,0.062
C08332,Lapsed / Hibernating,2,1,1,211,423,1,61.99,61.99,0.0,1,423,1.0,0.0
C08333,Lapsed / Hibernating,1,1,2,112,962,1,147.98,147.98,0.0,2,962,1.0,0.0
C08335,Lapsed / Hibernating,1,3,1,131,890,3,81.97,27.323,0.0,2,1033,1.0,0.0
C08336,Steady Regulars,4,1,3,413,71,1,290.97,290.97,0.0,2,71,0.0,0.0
C08337,Champions,5,5,5,555,5,41,5671.03,138.318,0.059,8,1093,0.927,0.06
C08338,Lapsed / Hibernating,1,5,5,155,782,14,2779.43,198.531,0.043,6,1080,0.286,0.135
C08339,Champions,5,3,4,534,3,4,1201.05,300.263,0.019,5,228,1.0,0.0
C08340,Steady Regulars,3,3,3,333,155,3,631.92,210.64,0.199,2,553,1.0,0.125
C08341,New & Promising,3,1,1,311,354,1,53.99,53.99,0.0,1,354,1.0,0.0
C08342,Lapsed / Hibernating,1,3,4,134,722,3,784.92,261.64,0.0,4,794,1.0,0.25
C08343,Lapsed / Hibernating,1,1,1,111,1076,1,28.99,28.99,0.0,1,1076,1.0,0.0
C08344,Champions,3,5,5,355,234,12,1728.76,144.063,0.101,6,731,1.0,0.115
C08345,Steady Regulars,5,3,2,532,23,4,211.76,52.94,0.238,3,288,1.0,0.333
C08347,Champions,5,5,5,555,23,20,3086.07,154.304,0.271,7,371,0.1,0.07
C08348,Lapsed / Hibernating,1,1,3,113,1095,1,427.98,427.98,0.0,1,1095,1.0,0.0
C08349,Champions,5,5,5,555,11,120,20674.21,172.285,0.086,8,1086,0.9,0.068
C08350,Lapsed / Hibernating,1,1,1,111,964,1,80.98,80.98,0.0,2,964,0.0,0.0
C08351,Steady Regulars,3,3,2,332,284,2,251.56,125.78,0.134,3,396,1.0,0.0
C08352,Lapsed / Hibernating,2,4,4,244,401,6,812.14,135.357,0.077,5,926,1.0,0.154
C08353,Lapsed / Hibernating,1,3,1,131,941,2,19.99,9.995,0.0,2,1094,1.0,0.5
C08354,Lapsed / Hibernating,1,4,4,144,732,6,880.5,146.75,0.034,4,958,0.833,0.125
C08355,Lapsed / Hibernating,1,1,2,112,761,1,224.95,224.95,0.0,2,761,1.0,0.0
C08358,Lapsed / Hibernating,2,3,3,233,533,3,483.13,161.043,0.122,3,977,1.0,0.0
C08359,Steady Regulars,4,3,3,433,54,2,340.94,170.47,0.071,4,252,1.0,0.167
C08360,New & Promising,5,1,1,511,10,1,40.99,40.99,0.0,1,10,1.0,0.0
C08361,Steady Regulars,3,3,3,333,217,3,445.75,148.583,0.065,4,338,1.0,0.0
C08362,Lapsed / Hibernating,2,3,2,232,671,3,255.9,85.3,0.23,5,1073,1.0,0.0
C08363,Champions,5,5,5,555,6,49,9713.11,198.227,0.136,8,1068,0.816,0.134
C08365,Lapsed / Hibernating,1,5,5,155,742,25,6771.49,270.86,0.076,6,1093,0.84,0.071
C08366,Lapsed / Hibernating,1,1,1,111,912,1,23.19,23.19,1.0,1,912,1.0,0.5
C08367,Lapsed / Hibernating,1,1,1,111,828,1,0.0,0.0,0.0,1,828,1.0,1.0
C08369,Lapsed / Hibernating,1,1,1,111,750,1,68.99,68.99,0.0,1,750,1.0,0.0
C08372,Lapsed / Hibernating,1,1,2,112,821,1,222.99,222.99,0.0,1,821,1.0,0.0
C08373,Lapsed / Hibernating,2,1,1,211,502,1,11.99,11.99,0.0,1,502,1.0,0.0
C08375,New & Promising,3,1,1,311,355,1,85.97,85.97,0.0,2,355,1.0,0.0
C08376,Lapsed / Hibernating,2,1,3,213,676,1,346.95,346.95,0.0,2,676,1.0,0.0
C08378,Lapsed / Hibernating,2,1,1,211,570,1,0.0,0.0,0.0,1,570,0.0,1.0
C08379,Steady Regulars,5,3,3,533,18,3,453.93,151.31,0.227,3,1061,1.0,0.0
C08380,Lapsed / Hibernating,2,5,5,255,496,15,4491.71,299.447,0.26,5,1005,1.0,0.147
C08381,Lapsed / Hibernating,2,5,5,255,537,26,5644.63,217.101,0.197,7,1095,0.077,0.052
C08382,Lapsed / Hibernating,1,1,3,113,1071,1,278.99,278.99,0.0,1,1071,1.0,0.0
C08383,Lapsed / Hibernating,1,3,4,134,826,3,735.89,245.297,0.0,5,1007,1.0,0.125
C08384,Steady Regulars,3,1,2,312,200,1,161.98,161.98,0.0,2,200,0.0,0.0
C08385,Champions,3,5,5,355,288,14,1979.05,141.361,0.296,7,1054,0.214,0.033
C08386,Lapsed / Hibernating,1,1,1,111,711,1,57.98,57.98,0.0,1,711,1.0,0.0
C08387,Lapsed / Hibernating,2,1,1,211,636,1,19.99,19.99,0.0,2,636,1.0,0.5
C08389,Deal Hunters,5,1,1,511,20,1,52.79,52.79,1.0,1,20,1.0,0.0
C08390,Steady Regulars,4,4,4,444,64,8,1161.76,145.22,0.232,4,846,0.25,0.0
C08391,Lapsed / Hibernating,2,4,4,244,561,10,770.39,77.039,0.081,7,915,0.2,0.05
C08392,Champions,5,4,4,544,11,9,1092.7,121.411,0.047,4,376,1.0,0.111
C08393,Lapsed / Hibernating,2,4,4,244,581,9,1137.44,126.382,0.018,4,993,0.222,0.067
C08394,Lapsed / Hibernating,2,3,2,232,652,2,184.07,92.035,0.142,2,948,0.5,0.0
C08395,Lapsed / Hibernating,2,5,5,255,491,21,3442.15,163.912,0.057,8,995,0.905,0.023
C08396,Champions,5,5,5,555,26,28,4778.3,170.654,0.16,6,792,0.214,0.052
C08397,Steady Regulars,3,5,5,355,328,11,2991.71,271.974,0.126,4,1087,0.909,0.12
C08398,Lapsed / Hibernating,2,1,1,211,556,1,85.98,85.98,0.0,1,556,1.0,0.0
C08399,Champions,5,5,5,555,5,30,5537.24,184.575,0.049,7,698,0.9,0.103
C08401,Champions,4,5,5,455,64,26,4349.49,167.288,0.113,7,760,0.923,0.12
C08404,Steady Regulars,3,1,4,314,129,1,723.97,723.97,0.0,2,129,1.0,0.0
C08407,Steady Regulars,4,1,3,413,55,1,334.97,334.97,0.0,3,55,1.0,0.333
C08408,Lapsed / Hibernating,2,3,2,232,601,2,108.98,54.49,0.0,2,868,1.0,0.0
C08409,Lapsed / Hibernating,1,1,1,111,722,1,42.78,42.78,0.486,2,722,0.0,0.0
C08410,Steady Regulars,3,4,4,344,238,10,1339.08,133.908,0.148,4,1091,0.0,0.105
C08411,Champions,5,5,5,555,5,35,6139.9,175.426,0.13,7,1030,0.114,0.029
C08414,New & Promising,5,1,1,511,20,1,26.99,26.99,0.0,1,20,0.0,0.0
C08415,Lapsed / Hibernating,1,4,4,144,820,8,1221.82,152.728,0.0,5,1074,0.0,0.0
C08416,New & Promising,3,1,1,311,258,1,63.97,63.97,0.141,3,258,1.0,0.0
C08417,Champions,4,5,5,455,83,29,5614.13,193.591,0.127,5,1081,0.897,0.169
C08418,Steady Regulars,4,4,4,444,96,6,1623.84,270.64,0.0,4,592,1.0,0.091
C08419,Steady Regulars,3,3,3,333,224,2,486.15,243.075,0.286,4,758,0.0,0.25
C08422,Champions,5,4,4,544,4,5,1472.09,294.418,0.101,4,245,1.0,0.0
C08423,Lapsed / Hibernating,1,1,1,111,933,1,55.99,55.99,0.0,1,933,1.0,0.0
C08424,Steady Regulars,3,1,2,312,279,1,191.98,191.98,0.0,2,279,1.0,0.5
C08425,Champions,5,4,4,544,20,8,952.17,119.021,0.057,4,1064,0.875,0.071
C08426,Champions,3,5,5,355,173,33,7856.17,238.066,0.344,8,992,0.879,0.1
C08427,New & Promising,3,1,1,311,146,1,34.98,34.98,0.0,2,146,0.0,0.0
C08428,Champions,5,4,4,544,13,8,1618.08,202.26,0.158,4,438,0.875,0.0
C08429,Steady Regulars,3,1,2,312,260,1,163.99,163.99,0.0,1,260,1.0,0.5
C08430,Champions,5,5,5,555,8,25,5954.13,238.165,0.188,6,936,0.96,0.177
C08431,Champions,5,5,5,555,13,49,7805.86,159.303,0.204,6,894,0.918,0.14
C08432,Steady Regulars,4,1,2,412,104,1,253.98,253.98,0.0,1,104,0.0,0.0
C08433,Champions,5,4,4,544,21,6,830.81,138.468,0.184,6,536,0.833,0.0
C08438,Steady Regulars,3,5,4,354,128,12,1130.24,94.187,0.009,2,927,0.0,0.056
C08439,Lapsed / Hibernating,2,1,1,211,461,1,10.99,10.99,0.0,1,461,0.0,0.0
C08440,Steady Regulars,4,4,4,444,118,6,1009.81,168.302,0.0,6,699,0.0,0.067
C08441,Champions,3,5,5,355,141,15,2362.07,157.471,0.276,7,881,0.867,0.094
C08442,Champions,4,5,5,455,33,16,2054.94,128.434,0.249,6,321,0.062,0.083
C08443,Champions,5,5,5,555,14,17,2112.2,124.247,0.282,6,1086,0.882,0.073
C08445,Steady Regulars,3,3,3,333,339,4,293.25,73.312,0.202,3,511,0.0,0.0
C08446,Steady Regulars,4,4,3,443,110,5,638.8,127.76,0.164,4,588,1.0,0.0
C08447,Steady Regulars,4,3,4,434,45,2,897.95,448.975,0.0,2,71,1.0,0.0
C08448,New & Promising,3,1,1,311,351,1,67.99,67.99,0.0,1,351,1.0,0.0
C08450,Lapsed / Hibernating,2,4,5,245,639,6,1742.7,290.45,0.0,6,910,0.167,0.05
C08451,Steady Regulars,3,3,2,332,342,2,154.85,77.425,0.064,3,405,0.0,0.0
C08453,Champions,3,4,4,344,236,9,1244.83,138.314,0.054,6,840,0.333,0.062
C08457,Champions,4,4,4,444,43,8,918.8,114.85,0.046,7,1066,0.875,0.071
C08458,Steady Regulars,4,3,3,433,33,3,378.79,126.263,0.229,4,195,0.0,0.0
C08459,Lapsed / Hibernating,2,1,2,212,412,1,142.99,142.99,0.0,1,412,1.0,0.0
C08460,Steady Regulars,3,4,3,343,160,7,437.88,62.554,0.484,4,721,1.0,0.0
C08462,Steady Regulars,4,1,3,413,85,1,283.94,283.94,0.0,3,85,1.0,0.0
C08464,Deal Hunters,3,1,1,311,263,1,42.29,42.29,1.0,1,263,1.0,0.0
C08466,Lapsed / Hibernating,2,1,2,212,472,1,124.98,124.98,0.0,2,472,1.0,0.0
C08467,New & Promising,4,1,1,411,30,1,75.96,75.96,0.0,1,30,1.0,0.0
C08469,Steady Regulars,3,3,4,334,132,2,1267.92,633.96,0.125,4,276,0.5,0.0
C08470,Lapsed / Hibernating,2,1,2,212,586,1,180.95,180.95,0.0,3,586,1.0,0.0
C08472,Champions,5,5,4,554,15,12,1335.64,111.303,0.162,7,1057,0.667,0.167
C08473,Steady Regulars,4,4,4,444,60,5,948.81,189.762,0.024,4,386,1.0,0.0
C08475,Champions,4,5,5,455,42,17,3255.7,191.512,0.065,8,1015,0.882,0.158
C08476,Steady Regulars,3,4,4,344,176,6,715.9,119.317,0.184,6,520,1.0,0.2
C08477,New & Promising,5,1,1,511,6,1,80.97,80.97,0.0,2,6,1.0,0.0
C08479,Champions,4,4,4,444,33,9,1382.7,153.633,0.157,6,657,0.889,0.043
C08480,Champions,5,5,5,555,19,14,3747.63,267.688,0.364,5,661,0.286,0.167
C08481,Deal Hunters,5,3,4,534,17,3,718.35,239.45,0.789,6,85,1.0,0.111
C08482,New & Promising,3,1,1,311,212,1,59.98,59.98,0.0,1,212,1.0,0.0
C08483,Lapsed / Hibernating,1,1,2,112,1095,1,157.98,157.98,0.0,1,1095,0.0,0.0
C08485,Lapsed / Hibernating,2,5,5,255,487,11,1793.67,163.061,0.445,8,1026,0.182,0.042
C08486,Champions,5,5,5,555,9,49,9005.7,183.79,0.114,7,977,0.939,0.017
C08487,Lapsed / Hibernating,2,3,1,231,600,2,44.32,22.16,0.594,2,716,0.0,0.0
C08488,Lapsed / Hibernating,2,1,1,211,529,1,52.99,52.99,0.0,1,529,1.0,0.0
C08490,New & Promising,3,1,2,312,209,1,104.96,104.96,0.0,1,209,1.0,0.0
C08492,Lapsed / Hibernating,1,1,2,112,758,1,150.99,150.99,0.0,1,758,1.0,0.0
C08493,New & Promising,3,1,1,311,246,1,9.99,9.99,0.0,1,246,1.0,0.0
C08494,New & Promising,5,1,2,512,5,1,104.97,104.97,0.0,2,5,1.0,0.0
C08495,Lapsed / Hibernating,2,5,5,255,378,17,2974.88,174.993,0.118,7,824,0.941,0.068
C08496,Lapsed / Hibernating,1,1,1,111,1008,1,10.99,10.99,0.0,1,1008,0.0,0.0
C08503,Steady Regulars,3,4,5,345,152,5,1714.89,342.978,0.0,3,676,0.8,0.083
C08504,Lapsed / Hibernating,1,3,4,134,945,2,703.21,351.605,0.397,4,1095,0.0,0.167
C08505,Lapsed / Hibernating,2,3,4,234,667,4,822.9,205.725,0.0,5,1080,0.25,0.1
C08506,Steady Regulars,3,4,4,344,185,6,930.62,155.103,0.274,5,856,1.0,0.222
C08507,Lapsed / Hibernating,1,1,2,112,1001,1,169.38,169.38,0.457,2,1001,1.0,0.0
C08510,Steady Regulars,3,3,3,333,272,4,593.94,148.485,0.0,3,749,0.25,0.0
C08512,Deal Hunters,3,1,2,312,199,1,108.37,108.37,0.539,3,199,1.0,0.0
C08514,Lapsed / Hibernating,1,3,2,132,1049,2,102.97,51.485,0.0,3,1079,0.5,0.0
C08515,Lapsed / Hibernating,1,3,4,134,776,3,699.94,233.313,0.0,4,1046,0.0,0.143
C08516,Steady Regulars,4,4,4,444,102,6,731.91,121.985,0.0,4,1084,0.833,0.0
C08517,Champions,3,5,5,355,187,14,3961.95,282.996,0.122,5,643,0.929,0.121
C08518,New & Promising,3,1,2,312,262,1,124.99,124.99,0.0,1,262,1.0,0.0
C08519,Lapsed / Hibernating,2,3,3,233,414,4,272.53,68.132,0.094,4,760,0.0,0.0
C08520,New & Promising,4,3,2,432,85,2,123.95,61.975,0.0,2,161,1.0,0.25
C08521,New & Promising,5,1,2,512,20,1,114.78,114.78,0.286,2,20,1.0,0.0
C08523,Champions,4,5,5,455,31,11,2215.28,201.389,0.099,6,886,0.091,0.042
C08524,Champions,4,5,5,455,33,20,3384.69,169.234,0.184,8,1094,0.2,0.043
C08525,Champions,5,5,5,555,17,37,9560.85,258.401,0.125,5,1095,0.162,0.067
C08526,Lapsed / Hibernating,1,3,3,133,753,3,351.95,117.317,0.0,3,801,1.0,0.0
C08527,New & Promising,3,1,1,311,218,1,0.0,0.0,0.0,1,218,0.0,1.0
C08529,Lapsed / Hibernating,2,1,2,212,367,1,241.96,241.96,0.0,3,367,1.0,0.25
C08530,Steady Regulars,3,3,3,333,124,2,302.53,151.265,0.161,4,750,0.0,0.0
C08533,New & Promising,3,1,1,311,161,1,51.99,51.99,0.0,1,161,1.0,0.0
C08534,Champions,5,4,4,544,20,7,1233.65,176.236,0.089,6,530,0.857,0.15
C08535,Champions,5,5,5,555,1,39,7491.83,192.098,0.127,7,408,0.949,0.033
C08536,Lapsed / Hibernating,1,1,1,111,909,1,0.0,0.0,0.0,1,909,1.0,1.0
C08538,New & Promising,4,1,1,411,46,1,18.99,18.99,0.0,1,46,1.0,0.0
C08540,Champions,5,5,5,555,2,13,3263.78,251.06,0.137,3,1081,0.154,0.143
C08541,Champions,4,5,5,455,50,23,3687.32,160.318,0.031,5,723,0.957,0.048
C08542,Lapsed / Hibernating,2,4,4,244,507,7,1610.7,230.1,0.006,5,975,0.143,0.059
C08543,Steady Regulars,5,4,3,543,20,5,296.71,59.342,0.19,6,335,0.2,0.2
C08545,Champions,5,4,4,544,20,5,1318.32,263.664,0.125,7,393,0.2,0.059
C08546,Lapsed / Hibernating,1,1,3,113,883,1,348.94,348.94,0.0,3,883,1.0,0.0
C08547,Steady Regulars,4,1,2,412,58,1,258.93,258.93,0.085,5,58,1.0,0.25
C08548,Lapsed / Hibernating,2,1,3,213,628,1,289.96,289.96,0.0,2,628,0.0,0.0
C08549,Lapsed / Hibernating,1,3,4,134,1026,2,793.32,396.66,0.29,4,1089,0.5,0.111
C08550,Lapsed / Hibernating,1,1,3,113,1001,1,308.97,308.97,0.0,2,1001,0.0,0.25
C08551,Lapsed / Hibernating,1,1,1,111,1056,1,24.99,24.99,0.0,1,1056,1.0,0.0
C08552,Steady Regulars,4,4,3,443,75,5,431.85,86.37,0.0,4,356,0.8,0.0
C08553,New & Promising,3,1,1,311,321,1,22.99,22.99,0.0,1,321,1.0,0.0
C08555,Lapsed / Hibernating,2,3,3,233,449,3,341.53,113.843,0.04,3,718,1.0,0.0
C08557,Deal Hunters,3,1,3,313,146,1,314.46,314.46,1.0,1,146,1.0,0.0
C08558,Champions,3,5,5,355,241,25,3240.27,129.611,0.127,7,1095,1.0,0.205
C08559,Lapsed / Hibernating,2,1,3,213,381,1,536.96,536.96,0.0,3,381,1.0,0.0
C08560,Lapsed / Hibernating,1,1,3,113,844,1,427.96,427.96,0.0,1,844,0.0,0.0
C08561,Steady Regulars,3,1,2,312,126,1,186.98,186.98,0.0,2,126,0.0,0.0
C08562,Champions,5,5,5,555,1,15,3508.02,233.868,0.039,5,988,0.867,0.135
C08563,Steady Regulars,5,3,4,534,6,3,875.11,291.703,0.064,4,187,1.0,0.0
C08564,Champions,5,5,5,555,4,17,3429.51,201.736,0.081,6,594,0.176,0.1
C08565,Lapsed / Hibernating,1,4,4,144,718,7,829.04,118.434,0.15,7,1033,0.0,0.0
C08566,Lapsed / Hibernating,1,1,2,112,1020,1,137.23,137.23,1.0,1,1020,0.0,0.333
C08567,New & Promising,5,1,1,511,9,1,34.99,34.99,0.0,1,9,1.0,0.0
C08569,Champions,4,4,4,444,44,7,733.86,104.837,0.312,5,563,1.0,0.235
C08570,Lapsed / Hibernating,2,4,5,245,381,9,2847.15,316.35,0.116,4,1039,0.111,0.0
C08571,Champions,3,4,5,345,140,9,2002.24,222.471,0.028,6,540,0.667,0.095
C08572,Steady Regulars,3,1,2,312,138,1,213.18,213.18,0.287,2,138,1.0,0.0
C08573,Steady Regulars,5,3,3,533,17,4,398.92,99.73,0.0,3,131,1.0,0.0
C08574,Lapsed / Hibernating,1,1,1,111,1002,1,24.99,24.99,0.0,1,1002,0.0,0.0
C08576,Deal Hunters,4,1,2,412,34,1,107.74,107.74,1.0,2,34,0.0,0.0
C08577,Lapsed / Hibernating,2,1,3,213,371,1,412.95,412.95,0.0,2,371,1.0,0.0
C08579,Steady Regulars,4,4,4,444,75,8,900.61,112.576,0.407,5,226,1.0,0.167
C08580,Lapsed / Hibernating,1,1,1,111,1002,1,26.99,26.99,0.0,1,1002,1.0,0.0
C08581,Lapsed / Hibernating,2,4,4,244,495,5,879.87,175.974,0.041,4,863,0.8,0.167
C08583,Champions,4,4,4,444,64,10,906.12,90.612,0.183,6,954,1.0,0.091
C08584,Lapsed / Hibernating,2,1,1,211,467,1,67.99,67.99,0.0,1,467,0.0,0.0
C08585,New & Promising,3,3,2,332,259,2,117.17,58.585,0.138,2,328,1.0,0.0
C08586,Deal Hunters,4,1,1,411,38,1,24.49,24.49,1.0,1,38,1.0,0.0
C08588,Lapsed / Hibernating,2,1,1,211,687,1,16.99,16.99,0.0,2,687,1.0,0.5
C08589,Champions,4,4,4,444,77,8,830.29,103.786,0.137,6,737,0.875,0.118
C08590,Lapsed / Hibernating,1,1,2,112,1089,1,206.97,206.97,0.0,1,1089,0.0,0.0
C08591,Lapsed / Hibernating,1,1,2,112,851,1,101.96,101.96,0.0,2,851,1.0,0.0
C08592,Steady Regulars,4,4,4,444,98,5,827.21,165.442,0.266,3,655,1.0,0.3
C08593,New & Promising,5,3,2,532,4,3,235.93,78.643,0.0,4,76,1.0,0.0
C08594,Lapsed / Hibernating,1,4,5,145,886,8,1759.72,219.965,0.155,6,1093,0.875,0.2
C08595,Lapsed / Hibernating,1,1,1,111,1061,1,0.0,0.0,0.0,1,1061,0.0,1.0
C08596,New & Promising,5,3,2,532,13,2,266.51,133.255,0.283,3,30,0.5,0.0
C08598,Champions,5,5,5,555,1,12,2061.6,171.8,0.202,6,470,0.917,0.121
C08600,Champions,5,5,5,555,23,72,14101.09,195.848,0.091,7,1071,0.889,0.072
C08601,Champions,5,5,5,555,19,13,2416.41,185.878,0.011,8,746,0.154,0.065
C08602,Deal Hunters,4,3,2,432,61,2,231.17,115.585,0.927,3,170,1.0,0.0
C08603,Lapsed / Hibernating,1,3,1,131,951,2,78.37,39.185,0.743,2,1066,0.0,0.4
C08604,Lapsed / Hibernating,1,4,4,144,748,5,719.14,143.828,0.463,5,1039,0.8,0.286
C08605,Lapsed / Hibernating,1,1,3,113,799,1,357.56,357.56,0.186,2,799,0.0,0.0
C08607,Lapsed / Hibernating,1,3,3,133,1011,3,604.91,201.637,0.0,2,1075,1.0,0.0
C08609,Lapsed / Hibernating,2,1,1,211,534,1,26.34,26.34,1.0,1,534,0.0,0.0
C08611,Steady Regulars,5,4,3,543,8,5,366.91,73.382,0.0,4,126,1.0,0.167
C08612,Lapsed / Hibernating,1,4,3,143,718,6,483.47,80.578,0.036,4,1062,0.167,0.0
C08613,Lapsed / Hibernating,2,1,1,211,630,1,29.99,29.99,0.0,1,630,1.0,0.0
C08615,Champions,4,5,5,455,80,35,7618.49,217.671,0.081,5,1096,0.171,0.105
C08616,Lapsed / Hibernating,1,1,3,113,896,1,297.97,297.97,0.0,2,896,0.0,0.0
C08618,Lapsed / Hibernating,2,4,3,243,698,5,453.17,90.634,0.665,4,914,1.0,0.143
C08619,Lapsed / Hibernating,2,4,5,245,593,7,1966.95,280.993,0.025,7,1090,0.857,0.062
C08620,Steady Regulars,5,3,3,533,8,3,396.21,132.07,0.275,2,283,0.667,0.2
C08622,Lapsed / Hibernating,2,4,3,243,559,5,503.97,100.794,0.141,5,1076,1.0,0.0
C08624,Steady Regulars,4,4,4,444,40,7,1292.34,184.62,0.049,3,274,0.429,0.067
C08625,New & Promising,3,1,1,311,306,1,45.99,45.99,0.0,1,306,1.0,0.0
C08626,Lapsed / Hibernating,2,3,4,234,643,4,808.02,202.005,0.026,3,1035,0.75,0.125
C08628,Champions,3,5,5,355,172,20,2974.29,148.714,0.121,8,993,0.9,0.114
C08629,Lapsed / Hibernating,1,1,1,111,1075,1,21.99,21.99,0.0,1,1075,0.0,0.0
C08630,Lapsed / Hibernating,1,1,3,113,900,1,381.62,381.62,1.0,2,900,0.0,0.0
C08631,New & Promising,4,3,2,432,30,2,97.97,48.985,0.0,2,71,1.0,0.0
C08632,Steady Regulars,3,3,4,334,189,4,767.21,191.802,0.353,4,456,0.75,0.1
C08634,Steady Regulars,4,4,4,444,33,7,734.69,104.956,0.131,4,683,0.857,0.118
C08635,Steady Regulars,3,3,3,333,342,3,426.9,142.3,0.213,5,586,1.0,0.0
C08640,Champions,4,5,5,455,33,41,8610.75,210.018,0.07,8,893,0.927,0.071
C08641,Lapsed / Hibernating,1,1,1,111,715,1,54.99,54.99,0.0,1,715,1.0,0.0
C08642,Lapsed / Hibernating,2,3,3,233,688,2,610.92,305.46,0.473,4,859,0.5,0.0
C08643,Champions,5,5,5,555,23,14,1820.7,130.05,0.214,7,737,0.143,0.0
C08644,Lapsed / Hibernating,1,3,3,133,823,4,290.93,72.732,0.508,3,1076,1.0,0.125
C08646,Champions,4,4,3,443,36,6,508.99,84.832,0.324,6,454,0.833,0.091
C08647,Lapsed / Hibernating,1,1,2,112,1013,1,97.98,97.98,0.311,2,1013,1.0,0.5
C08649,Lapsed / Hibernating,1,1,2,112,1056,1,147.85,147.85,1.0,1,1056,0.0,0.0
C08650,New & Promising,3,1,1,311,239,1,30.99,30.99,0.0,1,239,1.0,0.0
C08651,Lapsed / Hibernating,2,3,3,233,572,4,418.94,104.735,0.0,4,945,0.0,0.167
C08652,New & Promising,5,1,1,511,3,1,43.98,43.98,0.0,1,3,0.0,0.0
C08653,Steady Regulars,3,4,4,344,203,5,996.68,199.336,0.055,4,1080,0.0,0.111
C08654,Steady Regulars,3,3,4,334,304,4,762.86,190.715,0.0,4,388,0.25,0.182
C08655,New & Promising,4,4,2,442,41,5,138.93,27.786,0.0,3,430,1.0,0.167
C08656,New & Promising,3,3,1,331,145,2,27.98,13.99,0.0,3,228,0.0,0.333
C08658,Lapsed / Hibernating,2,3,3,233,397,2,316.39,158.195,1.0,2,463,0.0,0.75
C08660,New & Promising,5,3,2,532,8,2,133.95,66.975,0.0,2,28,1.0,0.2
C08661,Lapsed / Hibernating,1,3,4,134,783,3,967.88,322.627,0.0,5,952,0.333,0.0
C08663,Lapsed / Hibernating,1,1,1,111,1011,1,0.0,0.0,0.0,1,1011,1.0,1.0
C08665,Steady Regulars,3,3,4,334,145,3,896.12,298.707,0.058,3,270,1.0,0.0
C08666,Champions,5,4,4,544,20,10,1147.16,114.716,0.045,6,640,1.0,0.118
C08667,Lapsed / Hibernating,1,1,1,111,967,1,52.68,52.68,1.0,1,967,1.0,0.0
C08668,Steady Regulars,3,1,2,312,157,1,218.96,218.96,0.0,2,157,1.0,0.0
C08669,Champions,4,5,5,455,114,13,4106.36,315.874,0.062,4,783,0.923,0.128
C08670,Lapsed / Hibernating,2,1,1,211,493,1,26.99,26.99,0.0,1,493,1.0,0.0
C08671,Lapsed / Hibernating,1,1,2,112,901,1,186.1,186.1,1.0,4,901,1.0,0.2
C08673,Lapsed / Hibernating,2,1,2,212,637,1,255.97,255.97,0.0,1,637,0.0,0.0
C08677,Lapsed / Hibernating,2,5,5,255,489,12,2280.27,190.022,0.195,7,1034,0.25,0.048
C08678,Champions,5,4,4,544,1,8,1079.94,134.992,0.378,3,610,0.875,0.176
C08680,Steady Regulars,3,3,4,334,199,4,1121.44,280.36,0.201,5,341,1.0,0.083
C08681,Champions,5,5,5,555,4,47,10119.57,215.31,0.077,8,998,0.191,0.076
C08683,Lapsed / Hibernating,2,3,1,231,470,2,34.99,17.495,0.735,2,499,1.0,0.5
C08684,New & Promising,3,1,1,311,314,1,72.96,72.96,0.0,2,314,0.0,0.0
C08685,Champions,4,5,5,455,54,16,2361.38,147.586,0.149,6,1076,0.938,0.114
C08686,Steady Regulars,3,3,3,333,275,2,522.95,261.475,0.0,2,423,1.0,0.0
C08687,New & Promising,4,1,1,411,107,1,0.0,0.0,0.0,1,107,1.0,1.0
C08688,Lapsed / Hibernating,2,5,5,255,618,12,1843.65,153.638,0.06,5,1095,0.0,0.031
C08689,Lapsed / Hibernating,1,3,3,133,987,3,474.91,158.303,0.0,4,1009,1.0,0.0
C08690,Lapsed / Hibernating,2,3,2,232,484,4,224.65,56.162,0.067,4,645,0.5,0.2
C08695,Champions,5,5,5,555,18,14,1855.35,132.525,0.081,8,583,0.0,0.037
C08696,Lapsed / Hibernating,1,1,1,111,801,1,32.99,32.99,0.0,1,801,0.0,0.0
C08697,Steady Regulars,3,1,2,312,157,1,139.97,139.97,0.0,3,157,0.0,0.0
C08698,Lapsed / Hibernating,1,1,1,111,854,1,75.96,75.96,0.0,1,854,1.0,0.0
C08699,Steady Regulars,5,3,4,534,1,4,718.93,179.732,0.0,3,263,1.0,0.222
C08700,Lapsed / Hibernating,2,1,3,213,690,1,279.97,279.97,0.0,2,690,1.0,0.333
C08701,Steady Regulars,3,1,2,312,286,1,179.98,179.98,0.231,2,286,1.0,0.5
C08702,New & Promising,5,3,2,532,1,2,114.94,57.47,0.0,2,219,1.0,0.0
C08705,Lapsed / Hibernating,2,1,2,212,378,1,199.98,199.98,0.0,1,378,1.0,0.0
C08706,Steady Regulars,4,4,4,444,42,5,738.47,147.694,0.153,4,125,1.0,0.154
C08709,New & Promising,5,1,1,511,11,1,81.37,81.37,0.287,2,11,1.0,0.0
C08710,Champions,5,5,5,555,6,11,2637.63,239.785,0.007,4,296,1.0,0.05
C08711,New & Promising,4,1,1,411,64,1,54.99,54.99,0.0,1,64,0.0,0.0
C08712,Lapsed / Hibernating,2,1,3,213,598,1,379.96,379.96,0.0,2,598,0.0,0.0
C08713,Steady Regulars,4,3,4,434,65,4,1126.89,281.722,0.0,3,298,1.0,0.0
C08714,Lapsed / Hibernating,2,1,1,211,421,1,50.98,50.98,0.0,2,421,0.0,0.0
C08715,Lapsed / Hibernating,2,1,1,211,696,1,0.0,0.0,0.0,1,696,1.0,1.0
C08716,Lapsed / Hibernating,1,1,1,111,886,1,51.98,51.98,0.0,1,886,0.0,0.0
C08719,New & Promising,3,1,2,312,192,1,89.97,89.97,0.0,1,192,0.0,0.0
C08720,New & Promising,4,1,1,411,112,1,53.97,53.97,0.0,1,112,0.0,0.0
C08722,Steady Regulars,3,3,3,333,139,2,277.96,138.98,0.164,2,145,1.0,0.25
C08723,Lapsed / Hibernating,2,1,1,211,657,1,33.98,33.98,0.0,1,657,0.0,0.0
C08725,Steady Regulars,3,4,4,344,320,6,1245.94,207.657,0.316,5,912,0.0,0.062
C08726,Lapsed / Hibernating,2,1,2,212,398,1,158.19,158.19,1.0,1,398,0.0,0.0
C08728,New & Promising,3,1,1,311,198,1,21.99,21.99,0.0,1,198,1.0,0.0
C08729,Lapsed / Hibernating,2,1,1,211,590,1,53.97,53.97,0.0,1,590,1.0,0.0
C08730,Deal Hunters,5,1,2,512,13,1,134.28,134.28,0.784,2,13,1.0,0.0
C08731,New & Promising,3,1,1,311,126,1,0.0,0.0,0.0,1,126,0.0,1.0
C08732,Champions,5,5,5,555,18,29,5014.81,172.924,0.099,7,382,0.931,0.092
C08733,Lapsed / Hibernating,1,1,2,112,762,1,164.99,164.99,0.0,1,762,1.0,0.0
C08737,Lapsed / Hibernating,2,1,3,213,399,1,371.67,371.67,1.0,2,399,1.0,0.0
C08738,Steady Regulars,4,3,3,433,41,3,299.91,99.97,0.0,4,106,1.0,0.167
C08739,Lapsed / Hibernating,1,1,1,111,918,1,34.99,34.99,0.0,1,918,1.0,0.0
C08741,Steady Regulars,4,3,4,434,35,3,894.92,298.307,0.031,3,118,0.0,0.0
C08742,Steady Regulars,5,3,3,533,11,3,335.1,111.7,0.227,2,626,1.0,0.0
C08743,Steady Regulars,5,4,3,543,11,5,361.57,72.314,0.467,5,98,1.0,0.111
C08744,Steady Regulars,3,3,3,333,125,3,589.67,196.557,0.041,3,430,0.333,0.143
C08745,Lapsed / Hibernating,2,1,2,212,614,1,147.97,147.97,0.0,3,614,1.0,0.333
C08746,New & Promising,5,1,2,512,7,1,125.97,125.97,0.0,2,7,1.0,0.0
C08748,Champions,4,4,4,444,38,7,1574.49,224.927,0.181,6,681,1.0,0.174
C08750,Lapsed / Hibernating,1,3,3,133,921,4,480.51,120.128,0.13,3,1054,0.25,0.0
C08751,Champions,4,5,5,455,37,30,5406.93,180.231,0.289,8,900,0.933,0.051
C08752,Champions,4,4,4,444,54,10,878.38,87.838,0.103,4,1071,0.1,0.071
C08754,Steady Regulars,3,3,3,333,181,2,270.98,135.49,0.0,2,386,1.0,0.0
C08755,Lapsed / Hibernating,1,1,1,111,763,1,31.99,31.99,0.0,1,763,1.0,0.0
C08757,Lapsed / Hibernating,1,3,3,133,804,2,417.96,208.98,0.0,1,1008,0.5,0.0
C08758,Champions,4,4,4,444,39,6,853.21,142.202,0.078,6,364,1.0,0.067
C08759,Steady Regulars,5,4,4,544,18,7,1083.88,154.84,0.0,4,410,1.0,0.0
C08760,Lapsed / Hibernating,2,1,1,211,381,1,26.99,26.99,1.0,1,381,1.0,0.0
C08761,Steady Regulars,3,1,3,313,332,1,606.98,606.98,0.0,2,332,1.0,0.0
C08762,New & Promising,4,1,1,411,105,1,23.97,23.97,0.0,1,105,1.0,0.0
C08764,New & Promising,3,1,1,311,276,1,26.99,26.99,0.0,1,276,1.0,0.0
C08766,Champions,5,5,5,555,2,30,5498.63,183.288,0.055,7,1092,0.2,0.17
C08767,Deal Hunters,3,1,1,311,180,1,58.39,58.39,1.0,1,180,1.0,0.0
C08768,Steady Regulars,5,4,3,543,21,6,621.86,103.643,0.0,4,408,1.0,0.0
C08769,Lapsed / Hibernating,1,3,4,134,880,3,1484.87,494.957,0.0,5,1059,0.0,0.0
C08770,Lapsed / Hibernating,1,1,2,112,1083,1,206.97,206.97,0.0,1,1083,1.0,0.0
C08771,Deal Hunters,5,1,2,512,11,1,158.54,158.54,0.59,3,11,0.0,0.0
C08773,Lapsed / Hibernating,2,1,1,211,485,1,0.0,0.0,0.0,1,485,1.0,1.0
C08774,Lapsed / Hibernating,1,3,3,133,897,4,392.33,98.083,0.149,2,1028,0.25,0.0
C08777,Deal Hunters,4,3,2,432,37,2,162.56,81.28,0.91,4,416,1.0,0.333
C08780,Champions,5,4,4,544,3,7,1277.2,182.457,0.195,5,383,1.0,0.118
C08782,Steady Regulars,3,3,3,333,152,4,491.09,122.773,0.365,5,328,1.0,0.0
C08783,Lapsed / Hibernating,2,4,5,245,698,7,1784.12,254.874,0.03,5,1078,0.286,0.0
C08784,Lapsed / Hibernating,2,5,5,255,380,35,5896.13,168.461,0.044,8,1039,0.943,0.063
C08786,Lapsed / Hibernating,2,1,3,213,594,1,336.95,336.95,0.0,3,594,0.0,0.0
C08787,Champions,5,5,5,555,25,15,2992.28,199.485,0.073,6,836,0.267,0.0
C08788,Steady Regulars,5,3,3,533,9,4,626.92,156.73,0.0,4,91,0.0,0.0
C08789,Lapsed / Hibernating,1,1,1,111,909,1,40.99,40.99,0.0,1,909,1.0,0.0
C08790,Lapsed / Hibernating,1,3,4,134,898,3,1123.16,374.387,0.261,3,1093,0.0,0.0
C08791,Steady Regulars,3,4,4,344,220,9,1001.48,111.276,0.138,5,1039,0.333,0.182
C08793,New & Promising,3,1,1,311,200,1,23.99,23.99,0.0,1,200,1.0,0.0
C08795,Steady Regulars,4,3,2,432,60,2,232.93,116.465,0.0,4,299,0.5,0.0
C08796,Lapsed / Hibernating,1,1,3,113,815,1,365.98,365.98,0.0,1,815,0.0,0.0
C08798,Lapsed / Hibernating,1,1,1,111,1028,1,30.98,30.98,0.0,2,1028,1.0,0.0
C08799,Lapsed / Hibernating,1,3,3,133,743,4,638.47,159.618,0.128,5,959,0.0,0.0
C08800,Lapsed / Hibernating,1,3,1,131,1047,2,78.99,39.495,0.0,1,1056,0.0,0.5
C08803,Lapsed / Hibernating,2,1,1,211,537,1,40.97,40.97,0.0,2,537,0.0,0.0
C08804,Deal Hunters,4,1,2,412,32,1,186.15,186.15,1.0,2,32,0.0,0.0
C08806,Lapsed / Hibernating,1,3,3,133,907,4,419.91,104.977,0.0,4,1075,0.5,0.0
C08807,New & Promising,5,3,2,532,18,3,207.94,69.313,0.044,4,117,1.0,0.167
C08809,New & Promising,3,1,1,311,192,1,52.99,52.99,0.0,1,192,1.0,0.0
C08810,Lapsed / Hibernating,2,1,3,213,675,1,285.93,285.93,0.0,3,675,0.0,0.0
C08811,New & Promising,5,3,3,533,17,2,319.76,159.88,0.074,3,32,0.5,0.0
C08812,Deal Hunters,3,1,2,312,193,1,212.76,212.76,0.772,2,193,1.0,0.333
C08813,Lapsed / Hibernating,2,3,4,234,367,4,931.86,232.965,0.0,4,557,1.0,0.182
C08814,Lapsed / Hibernating,2,1,2,212,664,1,241.98,241.98,0.0,1,664,0.0,0.0
C08815,Lapsed / Hibernating,1,1,2,112,820,1,107.98,107.98,0.0,2,820,0.0,0.0
C08817,Steady Regulars,4,5,4,454,106,13,1059.28,81.483,0.102,4,566,0.923,0.129
C08818,Champions,5,5,5,555,23,19,2543.73,133.881,0.141,8,672,0.947,0.15
C08819,Steady Regulars,5,3,2,532,17,4,209.96,52.49,0.36,4,357,1.0,0.333
C08820,Champions,5,5,4,554,10,14,1685.97,120.426,0.289,7,364,0.071,0.056
C08821,Lapsed / Hibernating,1,4,4,144,843,6,915.55,152.592,0.182,4,1058,0.167,0.182
C08822,Lapsed / Hibernating,2,4,5,245,641,10,1873.66,187.366,0.06,7,986,1.0,0.091
C08823,Lapsed / Hibernating,2,5,4,254,495,11,1237.22,112.475,0.286,6,1045,0.182,0.15
C08825,Steady Regulars,4,4,4,444,123,6,1708.86,284.81,0.0,4,528,0.333,0.1
C08826,Lapsed / Hibernating,1,1,3,113,961,1,465.96,465.96,0.0,2,961,1.0,0.0
C08827,Lapsed / Hibernating,1,1,2,112,987,1,90.98,90.98,0.0,1,987,1.0,0.0
C08828,Lapsed / Hibernating,2,3,2,232,603,4,264.33,66.082,0.649,3,760,1.0,0.143
C08829,Lapsed / Hibernating,2,1,1,211,506,1,20.99,20.99,0.0,1,506,0.0,0.0
C08831,Champions,5,4,4,544,2,9,1153.31,128.146,0.298,6,67,0.889,0.1
C08832,Champions,5,5,5,555,18,17,2934.3,172.606,0.07,8,971,0.176,0.07
C08833,Deal Hunters,5,3,2,532,22,2,184.34,92.17,0.642,2,432,1.0,0.0
C08834,Deal Hunters,5,3,3,533,19,4,273.24,68.31,0.579,3,428,0.25,0.0
C08837,Champions,4,4,4,444,61,8,1065.15,133.144,0.098,6,739,0.0,0.0
C08839,Steady Regulars,3,3,2,332,222,4,157.76,39.44,0.125,1,1043,0.0,0.0
C08840,Steady Regulars,4,3,3,433,60,4,314.9,78.725,0.0,5,683,1.0,0.143
C08841,Steady Regulars,3,4,3,343,327,6,550.3,91.717,0.066,3,1033,1.0,0.182
C08842,Steady Regulars,4,1,2,412,113,1,192.98,192.98,0.0,1,113,1.0,0.0
C08843,Lapsed / Hibernating,1,1,1,111,704,1,23.99,23.99,0.0,1,704,0.0,0.0
C08845,Champions,5,5,5,555,13,19,3364.41,177.074,0.074,6,936,0.105,0.175
C08847,Lapsed / Hibernating,1,1,2,112,1022,1,89.98,89.98,1.0,1,1022,1.0,0.0
C08848,Champions,5,5,5,555,18,21,2388.85,113.755,0.135,7,453,0.19,0.041
C08849,Lapsed / Hibernating,1,3,3,133,971,2,352.51,176.255,0.779,2,1016,0.0,0.0
C08850,Steady Regulars,4,3,2,432,82,2,125.97,62.985,0.04,3,370,1.0,0.6
C08854,Steady Regulars,4,1,3,413,90,1,424.95,424.95,0.0,3,90,1.0,0.0
C08856,New & Promising,3,1,1,311,277,1,22.99,22.99,0.0,1,277,1.0,0.0
C08857,Champions,4,5,5,455,34,35,4148.59,118.531,0.18,8,1093,0.943,0.179
C08858,Steady Regulars,3,3,4,334,169,4,809.51,202.378,0.139,3,709,1.0,0.111
C08859,Lapsed / Hibernating,1,1,1,111,830,1,33.99,33.99,0.0,2,830,1.0,0.5
C08861,Lapsed / Hibernating,1,4,4,144,799,6,746.28,124.38,0.179,5,1075,1.0,0.0
C08862,Lapsed / Hibernating,1,1,1,111,714,1,65.98,65.98,0.0,1,714,0.0,0.0
C08865,Steady Regulars,4,4,4,444,78,6,723.13,120.522,0.317,4,960,1.0,0.111
C08866,Steady Regulars,4,3,3,433,101,3,489.89,163.297,0.0,5,292,1.0,0.0
C08867,Lapsed / Hibernating,1,1,1,111,780,1,10.99,10.99,0.0,1,780,1.0,0.0
C08870,Lapsed / Hibernating,2,1,1,211,642,1,9.99,9.99,0.0,1,642,1.0,0.0
C08871,Champions,5,5,5,555,18,56,16849.3,300.88,0.12,7,969,0.161,0.044
C08873,Lapsed / Hibernating,2,3,3,233,600,4,622.93,155.733,0.014,4,751,1.0,0.0
C08874,Lapsed / Hibernating,1,3,3,133,846,3,415.96,138.653,0.0,3,1035,1.0,0.333
C08875,Champions,5,5,5,555,4,17,2450.73,144.161,0.196,7,452,1.0,0.079
C08876,Steady Regulars,3,1,3,313,241,1,288.99,288.99,0.0,1,241,1.0,0.0
C08878,Lapsed / Hibernating,2,1,1,211,702,1,34.99,34.99,0.0,1,702,0.0,0.0
C08881,Lapsed / Hibernating,2,1,1,211,366,1,0.0,0.0,0.0,1,366,1.0,1.0
C08882,New & Promising,4,1,1,411,116,1,0.0,0.0,0.0,1,116,1.0,1.0
C08883,Lapsed / Hibernating,1,3,2,132,1046,2,262.95,131.475,0.0,2,1080,0.5,0.2
C08884,Champions,5,5,5,555,11,17,4905.26,288.545,0.034,7,990,0.824,0.065
C08885,Lapsed / Hibernating,2,3,2,232,620,2,143.96,71.98,0.0,4,822,1.0,0.2
C08887,Lapsed / Hibernating,1,1,2,112,839,1,105.98,105.98,0.0,1,839,1.0,0.0
C08889,Champions,4,4,4,444,67,9,1529.12,169.902,0.181,6,838,1.0,0.059
C08890,Steady Regulars,5,3,3,533,17,4,309.12,77.28,0.134,4,168,0.25,0.167
C08891,Lapsed / Hibernating,1,1,1,111,774,1,21.99,21.99,0.0,2,774,1.0,0.667
C08893,Lapsed / Hibernating,2,1,1,211,402,1,13.29,13.29,1.0,1,402,1.0,0.0
C08895,Lapsed / Hibernating,1,4,4,144,939,7,1540.27,220.039,0.011,3,1095,0.286,0.143
C08897,Lapsed / Hibernating,2,1,1,211,690,1,75.99,75.99,0.0,1,690,0.0,0.5
C08898,Lapsed / Hibernating,2,4,3,243,589,5,585.9,117.18,0.31,2,739,0.2,0.091
C08899,Steady Regulars,4,3,3,433,53,2,429.96,214.98,0.0,4,347,1.0,0.333
C08901,Steady Regulars,3,3,4,334,159,4,737.53,184.382,0.017,4,728,0.75,0.143
C08902,Lapsed / Hibernating,1,3,4,134,973,3,1477.97,492.657,0.079,4,1040,0.0,0.0
C08903,Lapsed / Hibernating,2,5,5,255,649,18,2636.47,146.471,0.167,7,1092,0.889,0.2
C08904,Steady Regulars,5,4,3,543,2,5,370.89,74.178,0.0,3,345,1.0,0.0
C08906,Champions,3,5,5,355,351,18,3185.49,176.972,0.079,7,992,0.889,0.1
C08907,New & Promising,4,1,1,411,53,1,16.99,16.99,0.0,1,53,0.0,0.0
C08908,Lapsed / Hibernating,1,1,1,111,735,1,77.99,77.99,0.0,1,735,1.0,0.0
C08909,Champions,5,4,4,544,19,8,774.96,96.87,0.316,5,823,0.25,0.083
C08911,New & Promising,3,1,1,311,156,1,83.98,83.98,0.0,2,156,0.0,0.0
C08912,New & Promising,4,1,2,412,110,1,108.99,108.99,0.0,1,110,1.0,0.0
C08913,Champions,5,5,5,555,13,29,6549.97,225.861,0.124,5,727,0.172,0.017
C08914,Steady Regulars,3,1,3,313,252,1,491.96,491.96,0.0,2,252,1.0,0.333
C08915,Champions,5,4,4,544,20,7,1155.76,165.109,0.227,5,469,1.0,0.167
C08916,Lapsed / Hibernating,2,1,1,211,397,1,11.89,11.89,1.0,1,397,1.0,0.0
C08919,Lapsed / Hibernating,1,3,4,134,940,2,831.93,415.965,0.0,2,974,0.0,0.0
C08921,Deal Hunters,4,4,2,442,65,5,256.73,51.346,0.533,3,613,0.8,0.0
C08923,Champions,5,5,5,555,14,22,3810.1,173.186,0.085,7,1038,0.045,0.057
C08924,Steady Regulars,5,3,4,534,23,4,1097.04,274.26,0.274,3,136,1.0,0.125
C08925,Lapsed / Hibernating,1,1,1,111,920,1,64.99,64.99,0.0,1,920,1.0,0.0
C08926,Steady Regulars,3,4,3,343,361,7,643.85,91.979,0.0,5,1063,0.0,0.0
C08927,Steady Regulars,5,3,3,533,23,4,521.95,130.488,0.0,2,419,0.0,0.0
C08928,Champions,3,5,4,354,353,14,1463.29,104.521,0.169,7,1094,0.714,0.08
C08929,Champions,4,4,4,444,79,9,1183.86,131.54,0.0,5,943,1.0,0.2
C08931,Lapsed / Hibernating,2,3,3,233,572,3,661.95,220.65,0.0,3,1059,1.0,0.167
C08932,Steady Regulars,4,1,3,413,30,1,383.56,383.56,0.035,3,30,1.0,0.0
C08935,New & Promising,3,1,1,311,147,1,47.99,47.99,0.0,1,147,0.0,0.0
C08936,Lapsed / Hibernating,2,5,5,255,385,16,2122.54,132.659,0.202,5,1089,0.938,0.061
C08938,Lapsed / Hibernating,2,1,1,211,655,1,62.98,62.98,0.0,2,655,0.0,0.0
C08940,Steady Regulars,4,1,2,412,40,1,191.76,191.76,0.394,5,40,1.0,0.2
C08941,Champions,3,5,5,355,286,11,2020.66,183.696,0.16,6,1087,0.455,0.053
C08942,Lapsed / Hibernating,1,3,3,133,908,2,337.56,168.78,0.091,2,969,0.0,0.0
C08943,New & Promising,4,1,1,411,77,1,82.99,82.99,0.0,2,77,1.0,0.5
C08944,Lapsed / Hibernating,1,1,1,111,1085,1,65.97,65.97,0.0,1,1085,1.0,0.0
C08945,Lapsed / Hibernating,2,1,1,211,459,1,22.99,22.99,0.0,1,459,1.0,0.0
C08946,Deal Hunters,3,1,1,311,132,1,33.98,33.98,1.0,1,132,1.0,0.0
C08947,Lapsed / Hibernating,2,3,3,233,433,3,398.97,132.99,0.0,3,597,1.0,0.5
C08949,Champions,5,5,5,555,15,49,8040.01,164.082,0.133,8,795,0.918,0.073
C08951,Lapsed / Hibernating,1,1,1,111,1044,1,37.98,37.98,0.0,1,1044,1.0,0.0
C08952,New & Promising,5,3,2,532,1,2,167.94,83.97,0.0,2,367,0.0,0.0
C08953,Lapsed / Hibernating,2,5,5,255,665,16,3680.73,230.046,0.08,8,1084,0.312,0.077
C08956,Champions,4,5,5,455,30,26,3818.31,146.858,0.144,7,1080,1.0,0.094
C08958,Lapsed / Hibernating,2,3,4,234,452,4,1178.05,294.513,0.15,7,895,1.0,0.077
C08959,Champions,4,4,4,444,46,6,977.61,162.935,0.124,5,1051,1.0,0.0
C08960,Champions,5,5,5,555,11,18,3274.8,181.933,0.13,7,1047,0.889,0.038
C08963,Lapsed / Hibernating,1,3,1,131,1047,2,60.98,30.49,0.0,2,1094,0.0,0.0
C08966,Lapsed / Hibernating,1,1,2,112,847,1,162.99,162.99,0.0,1,847,1.0,0.0
C08967,Champions,4,5,5,455,28,46,6531.72,141.994,0.173,7,911,0.957,0.081
C08968,Steady Regulars,3,3,3,333,335,2,574.93,287.465,0.0,3,468,0.0,0.0
C08970,New & Promising,3,1,1,311,202,1,52.99,52.99,0.0,1,202,1.0,0.0
C08971,Champions,5,4,4,544,12,9,1299.76,144.418,0.209,7,185,0.889,0.053
C08972,Steady Regulars,5,3,4,534,6,3,947.91,315.97,0.0,5,143,1.0,0.0
C08974,Champions,3,5,5,355,284,20,2946.91,147.346,0.239,5,1063,0.95,0.12
C08975,Lapsed / Hibernating,1,3,3,133,875,2,472.92,236.46,0.0,2,1004,1.0,0.0
C08976,Steady Regulars,4,1,3,413,102,1,347.99,347.99,0.0,1,102,0.0,0.0
C08977,Steady Regulars,3,3,4,334,204,3,761.91,253.97,0.0,4,466,1.0,0.0
C08978,Steady Regulars,4,3,3,433,72,3,374.69,124.897,0.063,4,359,1.0,0.0
C08979,Deal Hunters,3,3,1,331,224,2,43.48,21.74,0.723,2,377,0.0,0.333
C08980,Deal Hunters,3,3,3,333,139,3,489.9,163.3,0.805,2,430,1.0,0.143
C08981,Lapsed / Hibernating,2,1,1,211,468,1,33.98,33.98,0.0,1,468,1.0,0.0
C08982,Lapsed / Hibernating,2,4,4,244,702,6,901.09,150.182,0.127,6,1017,0.833,0.231
C08983,Champions,4,4,4,444,34,9,1266.6,140.733,0.277,6,680,1.0,0.125
C08984,Steady Regulars,3,1,2,312,213,1,181.98,181.98,0.0,1,213,1.0,0.0
C08985,Lapsed / Hibernating,1,5,4,154,723,12,1157.63,96.469,0.311,5,1084,0.917,0.04
C08987,Lapsed / Hibernating,2,4,3,243,402,5,642.4,128.48,0.634,4,643,1.0,0.067
C08988,Lapsed / Hibernating,2,5,5,255,450,14,3465.45,247.532,0.035,6,1063,0.929,0.061
C08989,Lapsed / Hibernating,2,3,2,232,468,2,172.95,86.475,0.0,4,567,0.5,0.0
C08992,Lapsed / Hibernating,2,1,2,212,401,1,90.29,90.29,1.0,1,401,1.0,0.0
C08993,Lapsed / Hibernating,2,4,4,244,552,9,901.7,100.189,0.186,6,1052,1.0,0.062
C08994,Deal Hunters,3,1,1,311,356,1,40.79,40.79,1.0,1,356,0.0,0.0
C08998,Steady Regulars,4,1,2,412,87,1,221.99,221.99,0.0,1,87,1.0,0.0
C09000,Steady Regulars,5,3,3,533,17,4,469.07,117.268,0.146,4,63,1.0,0.125
C09001,New & Promising,5,1,3,513,9,1,277.97,277.97,0.0,2,9,1.0,0.0
C09002,Lapsed / Hibernating,2,1,1,211,628,1,65.97,65.97,0.0,1,628,1.0,0.0
C09004,New & Promising,5,1,1,511,9,1,56.97,56.97,0.0,2,9,1.0,0.0
C09006,Lapsed / Hibernating,1,1,3,113,714,1,514.97,514.97,0.0,1,714,1.0,0.0
C09008,Champions,5,5,5,555,4,23,5148.76,223.859,0.291,6,1045,0.174,0.149
C09010,Lapsed / Hibernating,1,3,2,132,920,3,99.69,33.23,0.218,3,1065,1.0,0.0
C09011,Champions,4,5,5,455,64,15,2094.18,139.612,0.271,7,847,0.933,0.133
C09012,Champions,5,5,5,555,22,11,3131.82,284.711,0.127,6,443,1.0,0.065
C09013,Lapsed / Hibernating,1,3,2,132,888,3,260.94,86.98,0.0,4,1062,0.0,0.167
C09014,Lapsed / Hibernating,1,1,2,112,748,1,153.97,153.97,0.0,2,748,1.0,0.0
C09016,Lapsed / Hibernating,2,3,4,234,579,4,699.82,174.955,0.107,3,837,0.0,0.0
C09017,Lapsed / Hibernating,1,1,2,112,943,1,133.99,133.99,0.0,1,943,0.0,0.0
C09018,Champions,3,5,5,355,305,13,2451.47,188.575,0.043,5,749,0.923,0.08
C09019,Deal Hunters,3,1,1,311,192,1,38.39,38.39,1.0,1,192,1.0,0.0
C09023,New & Promising,5,3,2,532,9,3,229.55,76.517,0.059,2,64,0.667,0.0
C09024,Champions,3,5,5,355,291,12,1866.75,155.562,0.022,6,1094,0.917,0.08
C09025,New & Promising,4,1,1,411,64,1,84.68,84.68,0.244,1,64,1.0,0.0
C09026,Steady Regulars,4,1,2,412,113,1,185.95,185.95,0.0,2,113,1.0,0.0
C09028,Lapsed / Hibernating,1,4,4,144,750,5,1075.04,215.008,0.088,5,1090,0.4,0.071
C09029,New & Promising,5,1,2,512,11,1,220.99,220.99,0.0,2,11,1.0,0.5
C09030,Deal Hunters,5,3,3,533,6,4,537.63,134.408,0.831,2,499,0.25,0.143
C09031,New & Promising,3,1,1,311,253,1,29.99,29.99,0.0,1,253,1.0,0.0
C09032,Lapsed / Hibernating,2,1,3,213,553,1,394.96,394.96,0.0,4,553,1.0,0.2
C09033,Champions,5,5,5,555,1,54,11270.31,208.709,0.149,8,1061,0.185,0.029
C09034,New & Promising,5,3,2,532,18,2,119.96,59.98,0.0,1,667,1.0,0.0
C09035,Lapsed / Hibernating,1,1,1,111,928,1,38.98,38.98,0.0,2,928,0.0,0.0
C09036,Steady Regulars,4,4,3,443,120,6,348.91,58.152,0.077,4,410,1.0,0.0
C09038,Champions,5,4,4,544,12,5,986.87,197.374,0.0,5,420,0.2,0.0
C09040,Steady Regulars,4,4,4,444,115,8,691.54,86.443,0.03,5,1095,0.875,0.0
C09041,Lapsed / Hibernating,2,1,1,211,541,1,44.98,44.98,0.0,2,541,1.0,0.0
C09043,Deal Hunters,3,1,1,311,249,1,53.98,53.98,1.0,1,249,1.0,0.0
C09044,Steady Regulars,4,3,3,433,52,4,296.93,74.232,0.0,4,208,0.0,0.0
C09047,Lapsed / Hibernating,1,1,2,112,745,1,107.96,107.96,0.0,2,745,1.0,0.0
C09048,Deal Hunters,5,1,2,512,17,1,240.36,240.36,0.659,2,17,1.0,0.0
C09049,Champions,4,4,4,444,75,9,1036.83,115.203,0.0,5,732,0.222,0.071
C09050,Lapsed / Hibernating,1,1,1,111,727,1,15.99,15.99,1.0,1,727,0.0,0.0
C09051,Champions,5,5,5,555,5,31,4724.79,152.413,0.076,7,881,0.935,0.08
C09052,Steady Regulars,5,1,3,513,26,1,639.94,639.94,0.0,2,26,1.0,0.0
C09053,New & Promising,3,1,1,311,278,1,20.99,20.99,0.0,1,278,1.0,0.0
C09054,Steady Regulars,3,3,2,332,246,2,187.76,93.88,0.281,3,386,1.0,0.0
C09055,Champions,5,5,5,555,24,14,2616.95,186.925,0.198,7,543,1.0,0.129
C09056,Champions,4,4,4,444,61,9,1636.01,181.779,0.036,7,531,0.111,0.12
C09057,Champions,4,5,5,455,45,35,4436.46,126.756,0.155,7,1095,0.029,0.108
C09058,New & Promising,5,1,1,511,3,1,57.98,57.98,0.0,2,3,1.0,0.5
C09059,Lapsed / Hibernating,2,3,3,233,582,2,569.95,284.975,0.0,3,1088,0.0,0.2
C09060,Champions,5,4,4,544,5,10,1343.38,134.338,0.079,6,404,0.7,0.222
C09064,Champions,5,5,5,555,25,23,3200.43,139.149,0.132,8,1043,0.913,0.146
C09066,Lapsed / Hibernating,2,4,4,244,377,6,684.68,114.113,0.55,4,934,0.833,0.091
C09071,New & Promising,3,3,2,332,150,2,105.98,52.99,0.0,2,332,1.0,0.333
C09072,Champions,5,5,5,555,6,26,6421.96,246.998,0.027,8,611,0.192,0.066
C09074,Lapsed / Hibernating,1,3,1,131,1052,2,62.87,31.435,0.459,1,1068,1.0,0.0
C09076,Champions,4,5,5,455,61,29,5777.28,199.217,0.098,8,1074,0.897,0.078
C09078,Lapsed / Hibernating,1,3,3,133,958,3,617.13,205.71,0.104,4,1086,1.0,0.125
C09079,Lapsed / Hibernating,1,1,1,111,1074,1,53.98,53.98,0.0,2,1074,1.0,0.0
C09080,Lapsed / Hibernating,2,1,1,211,702,1,54.98,54.98,0.0,1,702,0.0,0.0
C09081,Steady Regulars,3,4,3,343,257,5,496.91,99.382,0.0,4,758,0.0,0.0
C09084,Lapsed / Hibernating,2,3,3,233,393,4,631.31,157.828,0.2,4,1069,0.75,0.0
C09085,Lapsed / Hibernating,2,4,3,243,407,5,345.26,69.052,0.059,6,1071,0.2,0.125
C09086,Steady Regulars,4,3,3,433,103,2,409.93,204.965,0.0,3,229,0.5,0.25
C09087,Champions,4,5,5,455,85,19,4659.22,245.222,0.198,5,910,1.0,0.049
C09088,Champions,5,4,4,544,21,8,1275.05,159.381,0.259,6,357,1.0,0.136
C09089,Champions,5,4,4,544,14,7,828.67,118.381,0.124,6,941,0.857,0.0
C09090,Lapsed / Hibernating,1,1,2,112,807,1,208.96,208.96,0.0,3,807,0.0,0.0
C09091,Lapsed / Hibernating,1,1,2,112,1062,1,135.96,135.96,0.0,1,1062,0.0,0.0
C09092,New & Promising,3,1,1,311,320,1,31.99,31.99,0.0,1,320,0.0,0.0
C09097,Lapsed / Hibernating,1,1,1,111,919,1,31.99,31.99,0.0,2,919,1.0,0.5
C09100,Steady Regulars,4,3,2,432,64,4,167.86,41.965,0.321,3,918,0.0,0.2
C09101,Lapsed / Hibernating,2,1,3,213,439,1,295.98,295.98,0.0,2,439,1.0,0.0
C09102,Lapsed / Hibernating,2,3,2,232,403,2,266.93,133.465,0.0,5,489,1.0,0.0
C09103,Steady Regulars,3,1,2,312,259,1,181.98,181.98,0.0,1,259,0.0,0.0
C09109,Lapsed / Hibernating,2,1,2,212,613,1,148.99,148.99,0.0,1,613,0.0,0.0
C09110,New & Promising,4,1,1,411,111,1,17.99,17.99,0.0,1,111,1.0,0.0
C09112,New & Promising,4,1,2,412,54,1,101.98,101.98,0.0,2,54,1.0,0.0
C09113,Champions,3,5,5,355,248,26,3671.36,141.206,0.094,8,1081,0.923,0.115
C09115,Lapsed / Hibernating,2,1,1,211,437,1,66.99,66.99,0.0,1,437,0.0,0.0
C09116,Deal Hunters,3,1,1,311,289,1,42.43,42.43,1.0,2,289,1.0,0.0
C09117,Champions,4,5,5,455,47,11,2011.86,182.896,0.296,8,1042,1.0,0.13
C09118,Lapsed / Hibernating,2,4,4,244,449,7,1537.82,219.689,0.065,5,887,1.0,0.067
C09120,New & Promising,4,1,1,411,67,1,0.0,0.0,0.0,1,67,1.0,1.0
C09121,Steady Regulars,4,4,4,444,28,6,971.84,161.973,0.3,4,728,0.167,0.125
C09123,Steady Regulars,4,1,3,413,108,1,464.97,464.97,0.0,1,108,1.0,0.0
C09124,Lapsed / Hibernating,1,1,1,111,762,1,55.37,55.37,0.549,2,762,0.0,0.0
C09125,New & Promising,4,1,1,411,57,1,25.99,25.99,0.0,1,57,1.0,0.0
C09127,Lapsed / Hibernating,2,5,5,255,388,14,3523.18,251.656,0.205,5,1087,0.857,0.088
C09128,Lapsed / Hibernating,2,4,3,243,525,7,421.28,60.183,0.111,5,1056,0.0,0.091
C09129,Deal Hunters,5,3,2,532,14,4,175.35,43.838,0.626,3,976,0.75,0.286
C09130,Lapsed / Hibernating,1,4,4,144,772,6,932.23,155.372,0.051,4,1080,0.833,0.077
C09134,Lapsed / Hibernating,2,1,3,213,679,1,309.97,309.97,0.0,2,679,1.0,0.0
C09135,Champions,5,3,4,534,12,4,1279.3,319.825,0.252,5,474,1.0,0.0
C09136,Champions,5,4,4,544,23,5,841.62,168.324,0.071,7,338,1.0,0.0
C09137,Steady Regulars,3,4,3,343,313,6,572.92,95.487,0.0,3,919,0.333,0.125
C09138,Steady Regulars,3,1,3,313,313,1,401.94,401.94,0.0,2,313,1.0,0.0
C09139,Champions,5,5,5,555,4,18,3166.49,175.916,0.065,6,940,0.889,0.044
C09141,Champions,4,5,5,455,44,29,4548.11,156.831,0.346,7,1076,0.172,0.016
C09142,Lapsed / Hibernating,2,4,4,244,521,7,1629.67,232.81,0.006,6,981,0.286,0.0
C09143,Steady Regulars,4,4,3,443,99,5,598.37,119.674,0.155,4,291,1.0,0.125
C09145,Deal Hunters,5,1,1,511,19,1,13.59,13.59,1.0,1,19,0.0,0.0
C09146,Champions,5,4,4,544,6,7,1484.83,212.119,0.0,4,552,1.0,0.133
C09148,Lapsed / Hibernating,1,1,1,111,718,1,24.99,24.99,0.0,1,718,1.0,0.0
C09150,Steady Regulars,5,3,3,533,3,4,445.9,111.475,0.0,4,210,0.0,0.0
C09151,Deal Hunters,5,3,2,532,16,4,244.96,61.24,0.914,3,472,0.75,0.0
C09152,New & Promising,3,1,1,311,358,1,59.98,59.98,0.219,2,358,1.0,0.5
C09153,Lapsed / Hibernating,1,3,2,132,879,3,242.93,80.977,0.0,4,1025,0.667,0.0
C09154,Steady Regulars,5,3,2,532,5,3,262.12,87.373,0.281,3,133,1.0,0.286
C09157,Steady Regulars,3,4,3,343,346,6,619.27,103.212,0.532,4,775,1.0,0.0
C09158,Champions,5,5,5,555,10,53,8918.91,168.281,0.132,7,998,0.925,0.178
C09159,Lapsed / Hibernating,2,1,1,211,695,1,18.99,18.99,0.0,1,695,1.0,0.0
C09160,Deal Hunters,4,3,2,432,37,2,170.29,85.145,1.0,5,169,0.0,0.167
C09161,Champions,5,4,4,544,20,10,1465.15,146.515,0.223,4,441,1.0,0.118
C09162,Lapsed / Hibernating,1,1,1,111,764,1,0.0,0.0,0.0,1,764,1.0,1.0
C09163,Lapsed / Hibernating,2,1,1,211,399,1,30.09,30.09,1.0,1,399,1.0,0.0
C09165,Steady Regulars,3,3,3,333,236,3,311.89,103.963,0.074,3,805,1.0,0.0
C09166,Steady Regulars,5,3,4,534,11,4,815.39,203.848,0.039,5,255,0.75,0.0
C09167,Lapsed / Hibernating,1,1,1,111,878,1,30.99,30.99,0.0,1,878,0.0,0.0
C09168,Steady Regulars,4,4,4,444,72,6,1047.87,174.645,0.038,3,1066,0.167,0.167
C09169,Steady Regulars,3,1,3,313,262,1,277.98,277.98,0.0,1,262,1.0,0.0
C09170,Lapsed / Hibernating,1,1,2,112,1019,1,190.96,190.96,0.0,2,1019,0.0,0.0
C09173,Steady Regulars,4,3,4,434,34,3,842.02,280.673,0.052,4,176,0.0,0.0
C09174,Lapsed / Hibernating,1,1,1,111,751,1,18.99,18.99,0.0,1,751,1.0,0.0
C09175,Lapsed / Hibernating,1,1,2,112,896,1,148.96,148.96,0.0,2,896,1.0,0.0
C09176,Lapsed / Hibernating,1,3,2,132,920,2,89.95,44.975,0.0,3,927,1.0,0.0
C09177,Champions,5,5,4,554,24,11,1319.98,119.998,0.229,8,1016,1.0,0.087
C09179,Lapsed / Hibernating,2,1,1,211,533,1,47.56,47.56,1.0,2,533,1.0,0.0
C09184,Steady Regulars,4,3,3,433,56,3,293.96,97.987,0.0,2,1007,0.0,0.0
C09185,Lapsed / Hibernating,2,1,1,211,375,1,45.99,45.99,0.0,1,375,0.0,0.0
C09186,Deal Hunters,3,1,1,311,136,1,28.89,28.89,1.0,1,136,0.0,0.0
C09187,New & Promising,3,1,1,311,266,1,62.99,62.99,0.0,1,266,1.0,0.667
C09189,Lapsed / Hibernating,1,3,3,133,854,2,451.95,225.975,0.0,3,887,0.0,0.0
C09191,Lapsed / Hibernating,1,3,3,133,751,3,342.92,114.307,0.639,2,874,0.667,0.25
C09192,Steady Regulars,5,3,3,533,20,3,525.74,175.247,0.062,4,903,0.0,0.0
C09193,Steady Regulars,3,1,2,312,173,1,178.99,178.99,0.0,1,173,1.0,0.0
C09194,Lapsed / Hibernating,2,3,3,233,600,4,554.11,138.528,0.594,4,801,1.0,0.222
C09195,Champions,4,4,4,444,55,8,916.84,114.605,0.156,5,720,1.0,0.2
C09198,Lapsed / Hibernating,2,1,1,211,591,1,26.99,26.99,0.0,1,591,1.0,0.0
C09200,Lapsed / Hibernating,2,3,3,233,375,2,592.89,296.445,0.0,4,493,0.0,0.0
C09201,Steady Regulars,4,4,3,443,34,6,501.52,83.587,0.294,3,265,0.833,0.0
C09202,Deal Hunters,3,1,1,311,342,1,43.19,43.19,1.0,1,342,1.0,0.0
C09203,Lapsed / Hibernating,1,4,4,144,861,5,1372.79,274.558,0.027,3,1079,1.0,0.0
C09204,Steady Regulars,3,4,4,344,281,9,1385.12,153.902,0.014,4,1028,0.111,0.105
C09206,Champions,4,5,4,454,119,12,1356.14,113.012,0.301,6,826,0.917,0.111
C09207,Steady Regulars,4,4,3,443,47,5,326.68,65.336,0.046,5,352,1.0,0.125
C09209,Deal Hunters,3,1,2,312,357,1,111.96,111.96,1.0,1,357,1.0,0.333
C09212,Champions,3,5,5,355,324,73,12866.74,176.257,0.132,8,1094,0.123,0.083
C09213,New & Promising,5,1,2,512,4,1,111.99,111.99,0.0,1,4,1.0,0.0
C09214,Steady Regulars,4,3,4,434,120,4,1253.96,313.49,0.293,3,1064,0.25,0.083
C09218,Champions,5,5,4,554,27,11,1709.16,155.378,0.32,4,990,0.909,0.0
C09220,Lapsed / Hibernating,2,3,3,233,419,2,445.96,222.98,0.0,3,551,1.0,0.2
C09221,Steady Regulars,3,3,4,334,362,4,936.27,234.068,0.583,4,545,1.0,0.125
C09223,Lapsed / Hibernating,2,1,2,212,445,1,235.97,235.97,0.0,2,445,0.0,0.0
C09224,Steady Regulars,5,3,3,533,19,2,543.68,271.84,0.064,4,124,0.0,0.167
C09225,Steady Regulars,5,3,2,532,17,3,266.37,88.79,0.111,3,110,1.0,0.333
C09226,Champions,4,4,4,444,116,10,1442.46,144.246,0.531,5,1063,0.9,0.217
C09227,Lapsed / Hibernating,1,1,2,112,1048,1,106.97,106.97,0.0,3,1048,0.0,0.25
C09228,Steady Regulars,4,4,4,444,75,9,1009.84,112.204,0.0,5,292,0.0,0.143
C09229,Champions,5,5,5,555,17,46,11233.45,244.205,0.153,7,1095,0.283,0.113
C09230,Steady Regulars,4,4,3,443,67,8,528.96,66.12,0.414,4,623,1.0,0.1
C09231,Champions,4,4,4,444,86,10,1640.8,164.08,0.0,6,985,1.0,0.05
C09232,Champions,4,5,5,455,38,11,2008.97,182.634,0.058,5,545,1.0,0.053
C09233,Lapsed / Hibernating,2,1,2,212,556,1,145.97,145.97,0.0,2,556,1.0,0.0
C09234,Deal Hunters,3,1,1,311,139,1,23.79,23.79,1.0,1,139,0.0,0.0
C09235,Champions,5,5,5,555,11,24,3381.83,140.91,0.199,6,1034,0.25,0.021
C09236,Steady Regulars,3,3,4,334,197,4,987.08,246.77,0.258,4,613,1.0,0.111
C09238,Lapsed / Hibernating,2,1,2,212,439,1,153.28,153.28,0.804,2,439,0.0,0.0
C09239,Champions,5,4,3,543,2,5,410.94,82.188,0.328,5,802,1.0,0.182
C09241,Deal Hunters,3,4,3,343,255,5,351.4,70.28,0.647,5,535,0.8,0.125
C09242,Steady Regulars,5,3,3,533,11,4,426.92,106.73,0.0,3,362,0.75,0.0
C09243,Lapsed / Hibernating,2,5,5,255,552,12,4105.74,342.145,0.179,6,1061,0.167,0.062
C09246,Lapsed / Hibernating,1,4,4,144,713,5,970.22,194.044,0.081,4,1051,0.2,0.0
C09247,Champions,4,5,5,455,32,20,3003.44,150.172,0.052,8,711,0.95,0.167
C09249,Lapsed / Hibernating,2,5,5,255,688,26,7305.71,280.989,0.052,6,1079,0.192,0.015
C09251,New & Promising,3,1,1,311,360,1,7.99,7.99,0.0,1,360,1.0,0.0
C09253,Steady Regulars,3,3,3,333,208,3,560.51,186.837,0.074,4,726,0.0,0.0
C09255,Steady Regulars,4,3,3,433,89,2,506.94,253.47,0.0,3,184,1.0,0.0
C09256,Lapsed / Hibernating,2,1,1,211,543,1,24.99,24.99,0.0,1,543,0.0,0.0
C09257,New & Promising,3,1,2,312,144,1,115.99,115.99,0.0,1,144,0.0,0.0
C09258,Champions,3,5,4,354,192,12,1268.27,105.689,0.127,7,647,0.917,0.074
C09262,Champions,5,5,5,555,12,19,2893.84,152.307,0.222,8,1012,0.947,0.136
C09263,Steady Regulars,3,5,4,354,333,12,1630.01,135.834,0.493,4,1060,0.0,0.067
C09264,Deal Hunters,3,1,2,312,168,1,118.98,118.98,1.0,1,168,1.0,0.0
C09265,Champions,5,4,5,545,24,10,3091.33,309.133,0.004,5,310,0.9,0.048
C09267,Champions,5,4,4,544,19,8,935.0,116.875,0.014,5,470,0.875,0.154
C09268,Steady Regulars,5,3,3,533,13,2,316.96,158.48,0.0,4,52,0.0,0.2
C09269,Steady Regulars,3,4,4,344,221,8,1123.46,140.432,0.048,5,1008,0.875,0.077
C09271,Lapsed / Hibernating,2,1,2,212,627,1,134.95,134.95,0.0,1,627,1.0,0.0
C09272,New & Promising,4,1,1,411,28,1,28.99,28.99,0.0,1,28,1.0,0.0
C09274,Steady Regulars,4,4,4,444,39,5,954.02,190.804,0.044,6,144,1.0,0.286
C09275,Steady Regulars,3,3,4,334,322,3,859.92,286.64,0.0,3,638,1.0,0.222
C09276,Champions,4,5,5,455,33,40,8071.37,201.784,0.085,6,1066,0.175,0.065
C09279,New & Promising,4,1,1,411,55,1,0.0,0.0,0.0,1,55,1.0,1.0
C09280,Lapsed / Hibernating,1,1,1,111,779,1,65.98,65.98,0.0,1,779,0.0,0.0
C09281,Steady Regulars,5,3,3,533,17,3,371.92,123.973,0.0,3,123,1.0,0.0
C09283,Steady Regulars,4,1,2,412,112,1,176.98,176.98,0.0,2,112,1.0,0.0
C09284,Steady Regulars,4,4,2,442,85,5,181.0,36.2,0.331,3,440,0.2,0.125
C09285,Champions,5,4,4,544,12,10,1088.89,108.889,0.196,7,780,0.1,0.125
C09286,New & Promising,3,1,1,311,227,1,22.99,22.99,0.0,1,227,0.0,0.0
C09287,Lapsed / Hibernating,1,1,1,111,947,1,8.99,8.99,0.0,1,947,0.0,0.0
C09290,New & Promising,3,1,1,311,145,1,0.0,0.0,0.0,1,145,1.0,1.0
C09293,Lapsed / Hibernating,1,1,1,111,750,1,19.98,19.98,0.0,1,750,1.0,0.0
C09294,Lapsed / Hibernating,2,3,4,234,368,3,1141.89,380.63,0.0,6,623,1.0,0.125
C09295,Lapsed / Hibernating,1,1,3,113,856,1,582.96,582.96,0.0,2,856,0.0,0.0
C09297,Deal Hunters,3,1,1,311,146,1,44.18,44.18,1.0,1,146,1.0,0.0
C09298,Lapsed / Hibernating,2,3,2,232,648,2,118.98,59.49,0.0,2,842,1.0,0.0
C09299,Champions,5,5,5,555,1,18,4127.06,229.281,0.168,7,1045,0.278,0.158
C09300,Champions,5,5,5,555,14,39,8332.6,213.656,0.137,7,1057,0.872,0.121
C09302,Deal Hunters,4,3,2,432,35,2,256.87,128.435,0.755,2,661,1.0,0.0
C09303,Steady Regulars,4,4,4,444,30,8,1060.7,132.588,0.4,3,353,0.875,0.467
C09304,Lapsed / Hibernating,2,4,4,244,429,8,1235.12,154.39,0.295,5,1061,0.125,0.095
C09306,Champions,3,4,4,344,282,10,1129.14,112.914,0.069,7,1095,0.0,0.105
C09307,Lapsed / Hibernating,1,1,2,112,1014,1,200.98,200.98,1.0,1,1014,1.0,0.5
C09308,Champions,4,5,5,455,34,27,4853.0,179.741,0.18,7,732,0.148,0.109
C09310,New & Promising,4,1,2,412,95,1,104.97,104.97,0.0,3,95,1.0,0.0
C09311,Steady Regulars,5,3,4,534,14,4,746.52,186.63,0.041,3,338,1.0,0.0
C09312,Champions,4,4,4,444,31,7,1264.96,180.709,0.114,6,118,1.0,0.083
C09313,Champions,3,5,4,354,291,18,1525.44,84.747,0.199,6,976,0.944,0.103
C09314,Lapsed / Hibernating,2,1,1,211,401,1,23.07,23.07,1.0,1,401,0.0,0.0
C09315,New & Promising,5,3,1,531,9,2,84.96,42.48,0.0,3,475,0.0,0.0
C09316,Lapsed / Hibernating,1,1,1,111,753,1,21.99,21.99,0.0,2,753,0.0,0.5
C09317,Steady Regulars,3,3,3,333,133,3,401.74,133.913,0.54,3,921,0.667,0.0
C09319,Champions,5,5,5,555,5,41,10290.46,250.987,0.108,7,1037,0.049,0.079
C09320,Steady Regulars,5,1,3,513,24,1,324.97,324.97,0.0,2,24,1.0,0.0
C09321,Deal Hunters,4,1,3,413,32,1,487.18,487.18,1.0,2,32,1.0,0.5
C09322,New & Promising,3,1,1,311,163,1,43.99,43.99,0.0,1,163,1.0,0.0
C09323,Champions,5,5,5,555,5,33,5970.51,180.925,0.126,8,868,0.909,0.171
C09325,Lapsed / Hibernating,1,1,3,113,840,1,308.47,308.47,0.073,2,840,0.0,0.0
C09327,Lapsed / Hibernating,2,3,3,233,670,4,535.89,133.972,0.126,5,896,0.75,0.111
C09330,Steady Regulars,3,4,3,343,229,5,372.08,74.416,0.632,7,523,1.0,0.0
C09331,New & Promising,3,1,2,312,348,1,105.98,105.98,0.0,1,348,1.0,0.0
C09332,Lapsed / Hibernating,2,1,1,211,425,1,73.96,73.96,0.0,2,425,1.0,0.0
C09334,Steady Regulars,4,1,2,412,110,1,167.97,167.97,0.0,2,110,1.0,0.0
C09335,Lapsed / Hibernating,1,5,5,155,748,12,2357.06,196.422,0.295,6,1079,0.75,0.071
C09336,Steady Regulars,3,4,3,343,142,6,606.88,101.147,0.0,6,915,0.0,0.083
C09337,Champions,5,5,5,555,10,33,7865.93,238.362,0.102,6,610,0.879,0.08
C09340,Lapsed / Hibernating,2,5,5,255,393,12,2079.75,173.312,0.434,5,1079,0.833,0.1
C09341,Champions,4,5,5,455,64,15,2838.02,189.201,0.115,6,1033,0.8,0.056
C09342,Steady Regulars,3,3,4,334,152,4,894.83,223.708,0.021,3,475,1.0,0.0
C09344,Champions,3,5,5,355,181,15,3494.38,232.959,0.008,7,1048,0.867,0.028
C09345,New & Promising,4,1,2,412,44,1,86.99,86.99,0.0,1,44,1.0,0.0
C09346,Steady Regulars,3,3,4,334,230,3,1126.66,375.553,0.582,3,404,1.0,0.0
C09347,Lapsed / Hibernating,1,1,1,111,1039,1,48.99,48.99,0.0,1,1039,1.0,0.0
C09348,Lapsed / Hibernating,2,4,4,244,377,10,1584.39,158.439,0.156,5,1031,0.9,0.0
C09349,Champions,5,5,5,555,13,11,1824.43,165.857,0.122,6,417,0.909,0.04
C09351,Steady Regulars,3,4,3,343,293,5,640.06,128.012,0.011,4,472,1.0,0.0
C09352,Champions,5,5,5,555,9,17,4256.74,250.396,0.172,6,557,0.765,0.047
C09353,Lapsed / Hibernating,1,1,1,111,752,1,69.97,69.97,0.144,3,752,0.0,0.25
C09354,Lapsed / Hibernating,2,1,1,211,388,1,48.58,48.58,1.0,1,388,0.0,0.0
C09355,New & Promising,4,1,1,411,84,1,71.99,71.99,0.0,1,84,1.0,0.5
C09356,Lapsed / Hibernating,2,3,4,234,663,3,798.9,266.3,0.0,4,838,0.667,0.0
C09357,Champions,5,4,4,544,24,6,1476.32,246.053,0.094,6,304,0.167,0.067
C09358,Lapsed / Hibernating,2,3,4,234,666,4,1040.47,260.118,0.586,3,1019,1.0,0.111
C09359,Steady Regulars,5,3,4,534,12,4,813.41,203.353,0.179,4,556,1.0,0.1
C09361,Deal Hunters,3,1,1,311,144,1,75.17,75.17,0.588,2,144,0.0,0.0
C09362,Lapsed / Hibernating,2,1,2,212,453,1,146.28,146.28,0.843,2,453,1.0,0.0
C09364,Lapsed / Hibernating,2,3,3,233,466,4,473.33,118.333,0.116,5,916,1.0,0.143
C09367,Champions,3,5,5,355,327,20,3365.74,168.287,0.052,6,1011,0.2,0.135
C09368,Champions,4,5,5,455,38,36,7355.09,204.308,0.183,5,991,0.917,0.065
C09369,Deal Hunters,4,1,3,413,30,1,517.97,517.97,0.573,2,30,1.0,0.0
C09370,Lapsed / Hibernating,1,3,3,133,902,4,530.1,132.525,0.098,3,1059,0.0,0.0
C09371,Lapsed / Hibernating,1,1,1,111,851,1,24.99,24.99,0.0,1,851,1.0,0.0
C09372,Lapsed / Hibernating,1,3,3,133,1004,2,345.97,172.985,0.0,2,1042,0.0,0.25
C09373,Champions,3,5,5,355,242,14,3031.98,216.57,0.18,6,1082,0.143,0.095
C09374,Deal Hunters,4,1,2,412,31,1,163.78,163.78,1.0,1,31,1.0,0.0
C09376,Lapsed / Hibernating,1,1,3,113,718,1,309.93,309.93,0.847,2,718,1.0,0.25
C09377,Steady Regulars,5,3,3,533,23,4,456.82,114.205,0.155,5,87,0.75,0.0
C09378,Lapsed / Hibernating,2,4,5,245,574,7,1888.44,269.777,0.33,6,922,0.286,0.071
C09379,Champions,4,5,5,455,71,19,2435.98,128.209,0.198,5,1057,0.263,0.105
C09380,Lapsed / Hibernating,1,3,2,132,976,2,170.16,85.08,0.23,2,1086,0.0,0.0
C09381,Lapsed / Hibernating,2,1,2,212,636,1,125.99,125.99,0.0,1,636,1.0,0.0
C09382,New & Promising,3,1,2,312,203,1,125.98,125.98,0.0,1,203,1.0,0.0
C09383,Champions,4,4,4,444,35,8,1676.8,209.6,0.301,6,237,0.125,0.048
C09384,Lapsed / Hibernating,2,1,1,211,410,1,26.97,26.97,0.0,1,410,1.0,0.0
C09385,Steady Regulars,5,4,4,544,24,6,929.23,154.872,0.19,5,210,1.0,0.0
C09389,Steady Regulars,3,4,3,343,259,6,577.54,96.257,0.133,5,1044,0.167,0.071
C09390,New & Promising,5,3,2,532,27,4,188.35,47.088,0.161,3,192,1.0,0.167
C09391,Lapsed / Hibernating,1,3,3,133,863,2,663.91,331.955,0.026,4,970,0.5,0.0
C09392,Champions,5,5,5,555,1,21,3567.45,169.879,0.059,6,863,1.0,0.1
C09394,Lapsed / Hibernating,2,5,5,255,374,12,2179.92,181.66,0.073,8,553,1.0,0.121
C09395,Champions,4,5,5,455,89,11,1912.73,173.885,0.0,6,1096,1.0,0.042
C09396,Lapsed / Hibernating,2,4,4,244,698,6,734.8,122.467,0.062,5,972,0.5,0.0
C09397,Lapsed / Hibernating,1,2,1,121,861,1,22.09,22.09,1.0,1,861,1.0,0.0
C09399,Steady Regulars,5,4,4,544,17,5,673.54,134.708,0.28,4,470,1.0,0.0
C09401,Lapsed / Hibernating,2,3,3,233,406,2,517.51,258.755,0.362,4,768,0.5,0.0
C09402,Champions,4,4,4,444,118,7,1377.96,196.851,0.386,6,915,0.0,0.111
C09404,Lapsed / Hibernating,2,3,3,233,647,3,365.95,121.983,0.447,4,883,0.667,0.167
C09405,Lapsed / Hibernating,1,2,2,122,774,1,137.98,137.98,0.0,2,774,1.0,0.0
C09406,Steady Regulars,4,2,3,423,101,1,473.97,473.97,0.0,1,101,1.0,0.0
C09408,Champions,5,5,5,555,21,39,4910.29,125.905,0.155,7,1060,0.128,0.021
C09409,Lapsed / Hibernating,1,3,3,133,885,4,536.84,134.21,0.354,2,1074,0.0,0.0
C09410,Champions,5,4,4,544,20,9,1334.85,148.317,0.069,5,444,1.0,0.067
C09411,Lapsed / Hibernating,2,2,3,223,669,1,335.95,335.95,0.0,1,669,1.0,0.0
C09414,Steady Regulars,3,3,3,333,180,3,552.75,184.25,0.066,4,308,1.0,0.167
C09415,Lapsed / Hibernating,2,3,4,234,535,2,990.47,495.235,0.226,4,573,0.5,0.0
C09416,Steady Regulars,5,3,3,533,9,3,441.96,147.32,0.0,3,416,1.0,0.0
C09417,Steady Regulars,5,3,4,534,4,4,775.76,193.94,0.156,5,40,1.0,0.077
C09418,Steady Regulars,4,3,3,433,110,4,322.92,80.73,0.22,4,246,1.0,0.0
C09419,Lapsed / Hibernating,1,3,2,132,938,2,148.98,74.49,0.725,2,1011,1.0,0.0
C09420,Steady Regulars,3,3,3,333,306,2,373.36,186.68,0.593,2,742,0.0,0.0
C09421,Champions,5,5,5,555,21,25,4300.68,172.027,0.064,8,483,0.84,0.123
C09422,Lapsed / Hibernating,2,3,3,233,487,4,415.94,103.985,0.0,4,684,1.0,0.0
C09423,Champions,4,5,5,455,75,13,2146.77,165.136,0.214,6,515,0.923,0.077
C09424,Steady Regulars,3,3,3,333,265,4,405.28,101.32,0.302,2,952,0.75,0.0
C09426,Lapsed / Hibernating,2,3,2,232,396,2,100.46,50.23,0.819,2,465,1.0,0.25
C09427,Champions,5,5,5,555,8,15,2441.6,162.773,0.126,7,1042,0.333,0.054
C09428,Champions,3,5,5,355,141,12,3114.12,259.51,0.083,7,1050,0.0,0.045
C09429,Lapsed / Hibernating,1,4,5,145,734,10,2733.77,273.377,0.175,6,1075,0.0,0.0
C09432,Lapsed / Hibernating,2,2,2,222,694,1,90.98,90.98,0.0,1,694,0.0,0.0
C09433,Champions,4,5,5,455,44,61,12683.34,207.924,0.103,7,1092,0.131,0.062
C09436,Champions,4,5,5,455,37,31,6471.94,208.772,0.253,7,804,0.129,0.115
C09437,Lapsed / Hibernating,2,2,1,221,389,1,67.99,67.99,0.0,1,389,1.0,0.0
C09438,Steady Regulars,3,3,2,332,126,4,232.94,58.235,0.0,2,458,0.25,0.143
C09439,Lapsed / Hibernating,2,2,2,222,691,1,116.37,116.37,0.588,2,691,0.0,0.0
C09440,Lapsed / Hibernating,1,2,2,122,872,1,109.64,109.64,1.0,1,872,0.0,0.0
C09441,Lapsed / Hibernating,2,4,4,244,468,7,1158.57,165.51,0.398,5,1017,0.143,0.167
C09442,Steady Regulars,3,3,3,333,139,3,396.64,132.213,0.347,4,557,0.0,0.0
C09443,Lapsed / Hibernating,1,2,1,121,818,1,30.99,30.99,0.0,1,818,0.0,0.0
C09444,Champions,5,5,5,555,12,19,2219.01,116.79,0.35,6,1071,0.895,0.098
C09445,Lapsed / Hibernating,1,2,3,123,771,1,472.42,472.42,1.0,2,771,1.0,0.0
C09447,New & Promising,3,2,1,321,160,1,0.0,0.0,0.0,1,160,1.0,1.0
C09448,Lapsed / Hibernating,1,2,2,122,1092,1,128.99,128.99,0.0,1,1092,1.0,0.0
C09449,Steady Regulars,3,3,3,333,126,3,555.98,185.327,0.214,3,534,0.333,0.167
C09451,Steady Regulars,5,4,3,543,18,9,368.49,40.943,0.037,4,664,1.0,0.0
C09452,Steady Regulars,4,3,4,434,54,3,994.85,331.617,0.0,3,366,0.0,0.111
C09455,Lapsed / Hibernating,1,2,3,123,1048,1,651.94,651.94,0.0,1,1048,0.0,0.0
C09458,Lapsed / Hibernating,2,2,4,224,459,1,708.96,708.96,0.0,2,459,1.0,0.0
C09459,Steady Regulars,4,2,3,423,43,1,464.95,464.95,0.0,1,43,1.0,0.0
C09461,New & Promising,5,2,2,522,8,1,164.97,164.97,0.0,1,8,1.0,0.0
C09462,Champions,5,5,5,555,24,17,3189.07,187.592,0.196,7,1059,1.0,0.083
C09463,Lapsed / Hibernating,1,2,3,123,1061,1,386.97,386.97,0.0,1,1061,1.0,0.0
C09464,Champions,4,5,5,455,31,13,2436.72,187.44,0.122,5,1024,0.923,0.026
C09466,Champions,3,4,4,344,325,9,1089.52,121.058,0.057,7,870,0.333,0.062
C09467,Champions,4,5,5,455,37,16,4306.3,269.144,0.069,5,417,1.0,0.056
C09469,Deal Hunters,5,2,2,522,9,1,103.77,103.77,0.451,2,9,0.0,0.0
C09470,Steady Regulars,5,3,4,534,13,2,685.92,342.96,0.103,4,218,0.5,0.143
C09471,New & Promising,3,2,1,321,346,1,53.99,53.99,0.0,1,346,0.0,0.0
C09472,Lapsed / Hibernating,1,4,3,143,892,5,397.93,79.586,0.558,5,1037,0.0,0.125
C09473,Champions,4,5,5,455,65,21,3497.06,166.527,0.06,6,1068,0.095,0.022
C09474,Steady Regulars,3,2,2,322,192,1,175.96,175.96,0.0,2,192,1.0,0.0
C09477,Champions,5,4,4,544,4,10,688.8,68.88,0.242,3,402,0.9,0.125
C09478,Champions,5,5,5,555,18,29,3857.25,133.009,0.149,6,1059,0.241,0.175
C09479,Steady Regulars,3,3,3,333,270,2,373.97,186.985,0.0,2,605,1.0,0.0
C09480,Champions,5,4,4,544,13,7,1449.54,207.077,0.162,7,402,0.857,0.056
C09481,Lapsed / Hibernating,1,3,3,133,924,2,663.53,331.765,0.195,4,1038,0.0,0.0
C09483,Lapsed / Hibernating,2,3,3,233,623,4,445.91,111.477,0.0,4,1018,0.0,0.0
C09484,Lapsed / Hibernating,1,2,1,121,807,1,78.97,78.97,0.0,3,807,1.0,0.25
C09485,Steady Regulars,3,3,4,334,187,2,779.76,389.88,0.093,3,560,0.0,0.0
C09486,New & Promising,3,2,2,322,214,1,87.97,87.97,0.0,2,214,1.0,0.0
C09487,Lapsed / Hibernating,2,3,4,234,395,2,891.19,445.595,0.753,3,593,1.0,0.0
C09488,Champions,5,5,5,555,5,13,1749.57,134.582,0.311,7,402,0.923,0.207
C09490,Champions,5,4,4,544,6,6,1106.66,184.443,0.083,4,642,0.167,0.0
C09494,Lapsed / Hibernating,1,2,2,122,758,1,153.77,153.77,0.102,3,758,1.0,0.333
C09496,Lapsed / Hibernating,1,4,4,144,746,6,1206.82,201.137,0.0,5,885,0.0,0.071
C09497,Lapsed / Hibernating,2,2,2,222,386,1,194.57,194.57,0.214,2,386,1.0,0.0
C09498,Steady Regulars,4,4,4,444,76,8,810.61,101.326,0.272,4,551,0.125,0.067
C09499,Steady Regulars,3,4,4,344,277,6,829.77,138.295,0.059,5,777,1.0,0.091
C09500,Champions,4,5,5,455,31,21,2492.42,118.687,0.2,7,1072,0.19,0.106
C09501,Lapsed / Hibernating,2,3,3,233,368,2,403.31,201.655,0.103,3,715,1.0,0.0
C09504,Champions,4,4,4,444,80,10,1524.13,152.413,0.202,6,1092,0.8,0.05
C09505,Champions,5,5,5,555,6,26,5474.75,210.567,0.281,7,642,0.115,0.019
C09506,Steady Regulars,3,4,4,344,189,8,1054.38,131.798,0.164,3,987,0.375,0.125
C09507,Lapsed / Hibernating,1,3,3,133,979,3,477.49,159.163,0.196,4,1076,0.333,0.0
C09509,Steady Regulars,3,4,3,343,362,6,440.58,73.43,0.25,4,656,0.833,0.1
C09510,Lapsed / Hibernating,2,2,1,221,406,1,66.99,66.99,0.0,1,406,1.0,0.0
C09511,Champions,4,4,4,444,30,9,1514.16,168.24,0.103,5,338,0.556,0.053
C09512,Champions,5,5,5,555,9,40,6518.35,162.959,0.134,8,518,0.225,0.035
C09513,New & Promising,3,2,1,321,191,1,45.98,45.98,0.0,2,191,0.0,0.5
C09514,Champions,4,4,4,444,47,9,1529.49,169.943,0.487,6,520,1.0,0.05
C09516,Lapsed / Hibernating,2,4,4,244,692,5,897.28,179.456,0.305,2,780,0.2,0.0
C09517,Steady Regulars,4,4,4,444,29,6,972.33,162.055,0.376,4,529,0.833,0.0
C09519,New & Promising,3,3,1,331,295,3,80.97,26.99,0.0,4,412,1.0,0.25
C09521,Steady Regulars,4,3,3,433,94,2,663.91,331.955,0.0,4,321,1.0,0.0
C09523,Champions,5,5,4,554,23,11,1390.52,126.411,0.211,6,577,0.909,0.067
C09524,Deal Hunters,5,3,2,532,15,2,240.93,120.465,0.629,3,386,0.0,0.143
C09525,Steady Regulars,4,3,4,434,31,4,703.09,175.772,0.17,4,263,1.0,0.125
C09526,Steady Regulars,3,2,2,322,149,1,171.98,171.98,0.0,2,149,1.0,0.0
C09527,Champions,5,5,5,555,13,46,5084.34,110.529,0.105,6,1078,0.957,0.09
C09529,New & Promising,4,2,2,422,58,1,113.98,113.98,0.0,2,58,1.0,0.0
C09530,Steady Regulars,4,4,4,444,76,7,834.23,119.176,0.204,5,746,0.857,0.067
C09531,Lapsed / Hibernating,2,2,2,222,370,1,234.94,234.94,0.0,4,370,1.0,0.0
C09533,Deal Hunters,5,3,3,533,1,4,439.72,109.93,0.754,3,185,1.0,0.0
C09534,Steady Regulars,5,4,2,542,11,5,222.99,44.598,0.149,4,251,0.4,0.1
C09535,Steady Regulars,5,3,3,533,16,4,436.71,109.178,0.137,3,38,0.5,0.0
C09537,Lapsed / Hibernating,1,4,3,143,817,7,594.87,84.981,0.02,5,1093,0.857,0.0
C09538,Lapsed / Hibernating,2,2,1,221,448,1,76.98,76.98,0.0,2,448,1.0,0.0
C09541,Lapsed / Hibernating,2,5,5,255,401,12,2019.26,168.272,0.291,6,944,0.167,0.083
C09542,Champions,5,5,5,555,3,28,5901.77,210.778,0.099,8,1089,0.929,0.038
C09543,New & Promising,3,2,1,321,319,1,65.98,65.98,0.0,2,319,1.0,0.0
C09544,Lapsed / Hibernating,2,4,4,244,510,8,1376.9,172.112,0.407,6,966,1.0,0.048
C09545,New & Promising,3,2,2,322,343,1,96.97,96.97,0.0,2,343,1.0,0.0
C09546,Steady Regulars,5,3,2,532,12,3,236.54,78.847,0.171,3,120,0.333,0.0
C09547,Lapsed / Hibernating,2,3,4,234,450,4,831.87,207.968,0.435,4,655,0.25,0.1
C09548,Lapsed / Hibernating,2,3,2,232,645,2,254.94,127.47,0.0,2,812,0.0,0.0
C09549,New & Promising,3,2,1,321,130,1,18.99,18.99,0.0,1,130,0.0,0.0
C09550,Steady Regulars,4,4,3,443,81,7,527.25,75.321,0.161,6,518,1.0,0.25
C09551,Deal Hunters,5,3,3,533,9,2,297.56,148.78,0.787,3,154,1.0,0.2
C09555,Steady Regulars,4,4,4,444,47,9,1039.93,115.548,0.189,3,558,0.333,0.0
C09556,New & Promising,4,2,1,421,100,1,41.99,41.99,0.0,1,100,1.0,0.0
C09557,Champions,5,4,4,544,17,8,1325.96,165.745,0.227,6,356,0.5,0.111
C09558,Champions,4,5,5,455,101,31,3190.72,102.926,0.085,6,1077,0.968,0.036
C09559,Lapsed / Hibernating,1,4,4,144,822,6,881.5,146.917,0.035,4,1069,0.0,0.0
C09560,New & Promising,3,2,1,321,277,1,67.99,67.99,0.0,1,277,1.0,0.0
C09561,Champions,4,5,5,455,60,18,2781.1,154.506,0.119,5,977,0.889,0.048
C09562,Lapsed / Hibernating,1,3,3,133,772,2,498.73,249.365,0.062,3,809,1.0,0.0
C09563,Lapsed / Hibernating,1,3,3,133,974,2,303.94,151.97,0.306,3,1016,0.0,0.0
C09564,Champions,5,5,5,555,27,23,5383.82,234.079,0.162,7,778,0.913,0.098
C09565,Steady Regulars,5,3,3,533,1,3,275.34,91.78,0.285,4,508,1.0,0.0
C09566,Lapsed / Hibernating,2,3,4,234,581,3,1003.14,334.38,0.055,5,1034,0.333,0.0
C09567,Lapsed / Hibernating,2,2,2,222,685,1,111.98,111.98,0.0,3,685,1.0,0.333
C09568,Lapsed / Hibernating,1,2,1,121,774,1,42.96,42.96,0.0,1,774,1.0,0.0
C09569,Steady Regulars,3,3,2,332,239,4,250.75,62.688,0.07,2,607,1.0,0.25
C09570,Lapsed / Hibernating,1,3,3,133,837,2,276.95,138.475,0.0,4,857,1.0,0.333
C09572,Lapsed / Hibernating,2,3,2,232,702,2,95.99,47.995,0.539,1,716,1.0,0.5
C09574,Champions,3,5,5,355,160,14,3608.7,257.764,0.025,7,1054,0.786,0.119
C09575,Lapsed / Hibernating,1,2,2,122,766,1,132.97,132.97,1.0,2,766,1.0,0.0
C09576,Champions,5,4,4,544,1,9,736.16,81.796,0.056,5,517,0.444,0.067
C09577,Steady Regulars,4,4,4,444,86,5,1160.69,232.138,0.225,5,263,0.4,0.182
C09579,Deal Hunters,4,3,2,432,52,2,164.36,82.18,0.891,2,873,0.0,0.0
C09580,Steady Regulars,3,2,2,322,218,1,117.98,117.98,0.0,3,218,1.0,0.333
C09581,Champions,5,5,5,555,1,14,2469.04,176.36,0.068,7,674,0.714,0.097
C09583,Lapsed / Hibernating,2,4,4,244,522,8,742.11,92.764,0.08,3,1076,0.75,0.0
C09584,Champions,5,5,5,555,17,19,3415.52,179.764,0.197,8,175,1.0,0.093
C09585,Steady Regulars,3,3,2,332,169,2,217.47,108.735,0.195,2,375,1.0,0.0
C09586,Lapsed / Hibernating,2,4,4,244,680,6,829.69,138.282,0.185,6,1045,0.167,0.25
C09587,Lapsed / Hibernating,2,3,3,233,471,4,542.51,135.628,0.155,3,1083,0.25,0.286
C09588,Steady Regulars,4,2,3,423,101,1,517.94,517.94,0.0,3,101,0.0,0.0
C09589,Lapsed / Hibernating,2,3,3,233,584,3,305.89,101.963,0.0,4,742,0.0,0.0
C09590,Champions,4,5,5,455,99,22,5026.05,228.457,0.033,7,785,0.864,0.062
C09591,Lapsed / Hibernating,1,2,1,121,856,1,24.99,24.99,0.0,1,856,1.0,0.0
C09593,Steady Regulars,3,3,4,334,196,4,664.89,166.222,0.0,5,818,0.25,0.0
C09595,New & Promising,3,2,1,321,133,1,30.99,30.99,0.0,1,133,1.0,0.0
C09596,Champions,5,5,5,555,22,79,17620.62,223.046,0.166,8,1044,0.949,0.08
C09597,Champions,5,5,5,555,11,18,3034.14,168.563,0.067,4,1074,0.0,0.067
C09598,Champions,4,5,5,455,87,44,8912.88,202.565,0.057,7,1090,0.841,0.105
C09599,Lapsed / Hibernating,1,3,2,132,898,3,254.91,84.97,0.119,3,1054,1.0,0.143
C09600,Deal Hunters,3,2,1,321,242,1,17.84,17.84,1.0,1,242,1.0,0.0
C09601,Lapsed / Hibernating,1,2,2,122,754,1,102.76,102.76,0.397,2,754,1.0,0.0
C09602,Lapsed / Hibernating,2,2,3,223,559,1,413.98,413.98,0.0,1,559,1.0,0.0
C09603,Lapsed / Hibernating,1,2,1,121,1020,1,29.98,29.98,0.0,1,1020,0.0,0.0
C09604,Lapsed / Hibernating,1,2,1,121,737,1,37.99,37.99,0.0,1,737,0.0,0.0
C09605,Champions,3,5,5,355,241,26,4889.82,188.07,0.101,7,951,0.846,0.116
C09606,Champions,4,5,5,455,63,42,6204.62,147.729,0.133,8,1090,0.881,0.053
C09608,Lapsed / Hibernating,2,5,5,255,524,17,3297.34,193.961,0.278,4,1080,0.412,0.026
C09609,Steady Regulars,5,3,4,534,6,3,1100.9,366.967,0.0,1,86,1.0,0.0
C09610,Steady Regulars,3,3,3,333,152,2,576.94,288.47,0.0,3,351,1.0,0.0
C09613,New & Promising,5,2,1,521,21,1,85.57,85.57,0.357,2,21,1.0,0.0
C09614,Steady Regulars,4,3,3,433,97,3,341.71,113.903,0.427,3,195,1.0,0.0
C09615,Steady Regulars,3,2,3,323,320,1,481.94,481.94,0.0,3,320,0.0,0.0
C09616,Champions,5,4,4,544,23,8,1304.92,163.115,0.115,6,652,0.25,0.059
C09617,Deal Hunters,5,3,1,531,25,2,37.59,18.795,0.676,2,99,0.0,0.5
C09619,Lapsed / Hibernating,2,2,1,221,367,1,21.99,21.99,0.0,1,367,1.0,0.0
C09620,Lapsed / Hibernating,1,3,2,132,747,2,117.47,58.735,0.362,2,870,1.0,0.0
C09621,Lapsed / Hibernating,1,2,1,121,1073,1,44.99,44.99,0.0,1,1073,1.0,0.0
C09623,Steady Regulars,3,3,3,333,152,3,481.96,160.653,0.053,4,376,1.0,0.2
C09625,Champions,5,5,5,555,14,34,8290.17,243.829,0.208,4,1092,0.941,0.076
C09626,Champions,5,5,5,555,3,24,4411.97,183.832,0.21,7,590,0.208,0.098
C09627,Champions,5,5,5,555,25,41,6331.6,154.429,0.098,6,746,0.878,0.086
C09628,Steady Regulars,5,3,4,534,12,4,858.91,214.728,0.0,5,150,1.0,0.0
C09629,Lapsed / Hibernating,1,3,2,132,791,4,247.92,61.98,0.0,4,979,1.0,0.25
C09632,New & Promising,3,3,1,331,142,2,83.97,41.985,0.0,2,636,1.0,0.0
C09633,Lapsed / Hibernating,2,4,4,244,459,7,894.66,127.809,0.167,4,969,0.143,0.083
C09634,Steady Regulars,4,4,4,444,33,5,755.6,151.12,0.462,3,204,1.0,0.3
C09635,Steady Regulars,3,2,3,323,138,1,343.98,343.98,0.0,1,138,1.0,0.0
C09636,Champions,5,5,5,555,14,12,2060.23,171.686,0.176,5,641,0.833,0.211
C09637,Steady Regulars,4,4,3,443,30,6,544.1,90.683,0.153,3,603,0.833,0.0
C09638,Deal Hunters,5,2,2,522,19,1,226.76,226.76,1.0,1,19,1.0,0.0
C09639,Lapsed / Hibernating,2,2,1,221,642,1,15.99,15.99,0.0,1,642,1.0,0.0
C09640,Steady Regulars,5,3,3,533,16,4,382.9,95.725,0.117,5,370,1.0,0.0
C09643,Champions,5,5,5,555,12,40,8489.92,212.248,0.222,8,785,0.225,0.033
C09644,Lapsed / Hibernating,1,4,5,145,750,10,2853.36,285.336,0.278,6,1093,0.0,0.077
C09645,Lapsed / Hibernating,2,4,5,245,585,7,2083.05,297.579,0.178,4,793,0.0,0.1
C09646,Lapsed / Hibernating,2,2,2,222,526,1,161.98,161.98,0.0,2,526,0.0,0.0
C09647,Lapsed / Hibernating,1,2,1,121,737,1,74.97,74.97,0.0,2,737,0.0,0.0
C09648,Champions,5,5,5,555,15,12,1843.66,153.638,0.242,7,941,0.917,0.125
C09649,Lapsed / Hibernating,1,3,3,133,896,4,589.88,147.47,0.334,4,1093,1.0,0.125
C09651,Lapsed / Hibernating,1,4,4,144,847,5,814.28,162.856,0.024,6,1069,1.0,0.1
C09652,Lapsed / Hibernating,1,3,3,133,899,2,364.6,182.3,1.0,3,968,1.0,0.0
C09653,Lapsed / Hibernating,1,2,2,122,904,1,88.98,88.98,0.0,2,904,0.0,0.0
C09654,Champions,3,5,5,355,201,20,2303.4,115.17,0.1,5,920,0.85,0.171
C09655,New & Promising,4,3,2,432,103,2,128.95,64.475,0.0,3,197,1.0,0.0
C09658,Lapsed / Hibernating,2,2,1,221,482,1,47.98,47.98,0.0,1,482,0.0,0.0
C09660,Lapsed / Hibernating,1,4,4,144,944,6,964.91,160.818,0.044,4,1095,0.167,0.062
C09661,New & Promising,4,2,1,421,44,1,63.98,63.98,0.0,2,44,1.0,0.0
C09663,Champions,4,5,5,455,30,26,3599.04,138.425,0.095,6,1091,0.077,0.037
C09664,Deal Hunters,3,2,1,321,286,1,41.23,41.23,1.0,1,286,1.0,0.0
C09666,Steady Regulars,5,4,3,543,12,5,278.18,55.636,0.342,4,158,0.8,0.25
C09667,Lapsed / Hibernating,1,4,3,143,707,5,581.9,116.38,0.0,6,1042,1.0,0.1
C09668,Steady Regulars,3,4,4,344,320,5,739.85,147.97,0.073,5,846,1.0,0.0
C09669,Steady Regulars,3,2,2,322,151,1,217.99,217.99,0.0,1,151,0.0,0.0
C09670,Lapsed / Hibernating,1,2,1,121,1069,1,81.96,81.96,0.0,2,1069,0.0,0.0
C09672,Deal Hunters,5,3,2,532,16,3,113.25,37.75,0.497,2,46,1.0,0.0
C09673,Steady Regulars,4,3,3,433,34,3,359.24,119.747,0.362,3,407,1.0,0.429
C09674,Champions,5,5,5,555,3,39,6058.47,155.345,0.178,8,700,0.949,0.105
C09675,Lapsed / Hibernating,1,2,1,121,771,1,32.18,32.18,1.0,1,771,1.0,0.0
C09676,Champions,5,5,5,555,11,61,8313.31,136.284,0.128,8,1072,0.934,0.115
C09677,Lapsed / Hibernating,2,2,1,221,428,1,0.0,0.0,0.0,1,428,1.0,1.0
C09678,New & Promising,4,2,1,421,113,1,37.98,37.98,0.0,1,113,1.0,0.0
C09679,Steady Regulars,4,4,4,444,68,7,891.55,127.364,0.277,3,322,0.857,0.1
C09681,New & Promising,3,3,1,331,138,2,70.99,35.495,0.0,2,394,1.0,0.5
C09682,Steady Regulars,3,4,4,344,215,6,919.63,153.272,0.139,6,1086,1.0,0.118
C09683,Lapsed / Hibernating,2,2,3,223,562,1,452.53,452.53,0.764,3,562,0.0,0.0
C09685,Lapsed / Hibernating,1,2,2,122,992,1,89.99,89.99,0.0,1,992,0.0,0.0
C09687,New & Promising,4,2,1,421,92,1,50.98,50.98,0.0,2,92,1.0,0.0
C09689,Lapsed / Hibernating,2,2,1,221,554,1,18.99,18.99,0.0,2,554,1.0,0.5
C09692,Lapsed / Hibernating,2,3,3,233,622,3,495.92,165.307,0.0,3,952,0.0,0.0
C09693,Steady Regulars,4,4,3,443,118,5,327.94,65.588,0.351,4,541,1.0,0.111
C09694,Champions,5,5,5,555,2,62,9085.72,146.544,0.204,8,1078,0.097,0.094
C09695,Steady Regulars,3,3,2,332,214,2,257.76,128.88,0.453,2,563,1.0,0.0
C09696,Steady Regulars,4,4,4,444,67,7,1080.13,154.304,0.022,4,812,0.857,0.0
C09697,New & Promising,3,2,1,321,357,1,20.99,20.99,0.0,1,357,1.0,0.0
C09698,Steady Regulars,3,3,2,332,171,2,119.67,59.835,0.44,2,607,1.0,0.0
C09699,Lapsed / Hibernating,2,2,1,221,480,1,18.99,18.99,0.0,1,480,1.0,0.0
C09700,Lapsed / Hibernating,1,2,2,122,934,1,186.99,186.99,0.0,1,934,1.0,0.0
C09702,New & Promising,4,2,2,422,61,1,131.97,131.97,0.0,3,61,1.0,0.0
C09703,Champions,5,5,4,554,6,14,1525.49,108.964,0.14,6,728,0.714,0.077
C09706,Champions,5,5,5,555,11,23,5286.34,229.841,0.186,7,405,0.913,0.138
C09707,Lapsed / Hibernating,1,2,1,121,836,1,24.99,24.99,0.0,1,836,0.0,0.0
C09709,New & Promising,5,3,2,532,8,2,147.96,73.98,0.0,3,41,1.0,0.0
C09711,Lapsed / Hibernating,1,2,1,121,802,1,39.99,39.99,0.0,1,802,1.0,0.0
C09712,Lapsed / Hibernating,1,2,2,122,979,1,255.96,255.96,0.0,2,979,1.0,0.0
C09714,Steady Regulars,4,3,3,433,89,2,428.9,214.45,0.0,4,101,1.0,0.0
C09715,Lapsed / Hibernating,1,2,1,121,1079,1,68.99,68.99,0.0,1,1079,0.0,0.0
C09716,Lapsed / Hibernating,2,4,4,244,678,6,1401.66,233.61,0.103,4,1067,0.167,0.077
C09717,Lapsed / Hibernating,1,3,4,134,1000,4,704.95,176.238,0.072,6,1070,1.0,0.1
C09718,Lapsed / Hibernating,1,2,2,122,715,1,227.77,227.77,0.245,1,715,1.0,0.0
C09719,Steady Regulars,3,4,4,344,222,6,914.42,152.403,0.305,3,871,0.5,0.222
C09720,Deal Hunters,5,3,2,532,17,2,86.77,43.385,0.793,1,154,1.0,0.0
C09721,Steady Regulars,3,2,2,322,164,1,247.88,247.88,0.0,1,164,1.0,0.0
C09722,Lapsed / Hibernating,2,3,3,233,492,4,373.92,93.48,0.0,5,1048,1.0,0.25
C09723,Champions,5,4,4,544,10,5,941.29,188.258,0.102,6,413,0.2,0.0
C09724,Lapsed / Hibernating,2,2,1,221,598,1,48.99,48.99,0.0,1,598,0.0,0.0
C09725,Steady Regulars,3,4,4,344,287,5,1084.05,216.81,0.109,4,963,0.2,0.083
C09726,Lapsed / Hibernating,1,2,1,121,726,1,0.0,0.0,0.0,2,726,1.0,1.0
C09727,Lapsed / Hibernating,1,2,1,121,850,1,11.99,11.99,0.0,1,850,1.0,0.0
C09728,Champions,5,5,4,554,11,12,1361.09,113.424,0.093,5,229,1.0,0.04
C09729,Lapsed / Hibernating,2,2,1,221,559,1,16.99,16.99,0.0,1,559,0.0,0.0
C09730,Steady Regulars,4,4,4,444,72,5,780.41,156.082,0.121,4,192,0.2,0.111
C09732,Steady Regulars,3,3,3,333,303,2,275.94,137.97,0.0,2,614,0.5,0.333
C09733,Lapsed / Hibernating,1,3,2,132,1027,2,158.96,79.48,0.0,4,1040,1.0,0.0
C09734,New & Promising,5,2,1,521,21,1,58.99,58.99,0.0,1,21,1.0,0.5
C09735,Lapsed / Hibernating,2,3,4,234,553,4,701.93,175.483,0.0,5,879,1.0,0.375
C09736,Champions,5,5,5,555,4,16,2545.47,159.092,0.125,7,1030,0.875,0.059
C09737,Lapsed / Hibernating,2,2,2,222,532,1,243.08,243.08,1.0,1,532,0.0,0.0
C09739,New & Promising,4,2,2,422,54,1,173.99,173.99,0.0,1,54,0.0,0.0
C09741,Champions,4,5,5,455,104,22,2835.86,128.903,0.045,6,563,0.909,0.067
C09742,Steady Regulars,5,4,4,544,24,8,988.18,123.522,0.033,3,1084,0.5,0.0
C09743,New & Promising,3,3,2,332,297,4,99.94,24.985,0.0,3,561,1.0,0.0
C09744,New & Promising,5,3,2,532,11,2,116.97,58.485,0.0,3,83,1.0,0.0
C09745,Lapsed / Hibernating,2,2,2,222,379,1,105.98,105.98,0.0,1,379,1.0,0.0
C09746,Steady Regulars,3,2,2,322,194,1,188.97,188.97,0.0,1,194,1.0,0.0
C09747,Champions,4,5,5,455,68,12,2463.65,205.304,0.074,6,1052,0.167,0.037
C09748,Steady Regulars,4,2,2,422,107,1,155.95,155.95,0.0,3,107,1.0,0.0
C09749,New & Promising,5,2,2,522,23,1,97.16,97.16,0.28,2,23,1.0,0.0
C09750,Deal Hunters,4,2,1,421,33,1,42.69,42.69,1.0,1,33,1.0,0.0
C09752,Steady Regulars,3,2,3,323,303,1,415.98,415.98,0.0,2,303,1.0,0.0
C09755,Champions,3,5,5,355,212,11,1804.82,164.075,0.031,7,996,0.182,0.107
C09756,Steady Regulars,3,2,2,322,204,1,178.98,178.98,0.0,2,204,1.0,0.0
C09758,Steady Regulars,3,3,3,333,263,3,658.93,219.643,0.0,3,377,1.0,0.125
C09760,Champions,3,5,5,355,161,17,2668.03,156.943,0.178,8,836,0.941,0.114
C09761,Champions,5,4,4,544,22,10,937.94,93.794,0.3,6,652,0.9,0.059
C09762,Lapsed / Hibernating,2,5,5,255,504,48,10946.85,228.059,0.163,6,1087,1.0,0.167
C09763,Champions,5,5,5,555,9,29,5747.82,198.201,0.209,6,1092,0.897,0.069
C09764,Lapsed / Hibernating,1,3,3,133,837,2,370.96,185.48,0.0,1,1078,1.0,0.25
C09766,New & Promising,3,2,2,322,147,1,138.97,138.97,0.0,2,147,1.0,0.0
C09767,Deal Hunters,3,2,2,322,235,1,172.37,172.37,0.809,2,235,1.0,0.0
C09768,Deal Hunters,5,2,1,521,16,1,29.59,29.59,0.523,2,16,1.0,0.5
C09771,Champions,4,5,5,455,78,15,2189.23,145.949,0.318,8,723,0.333,0.156
C09774,Lapsed / Hibernating,2,4,5,245,377,8,2140.96,267.62,0.062,4,1013,0.875,0.0
C09775,New & Promising,4,2,2,422,44,1,91.96,91.96,0.0,1,44,1.0,0.0
C09776,Steady Regulars,3,2,2,322,350,1,117.74,117.74,0.474,2,350,1.0,0.0
C09778,Lapsed / Hibernating,2,4,4,244,448,10,964.55,96.455,0.286,5,1057,1.0,0.045
C09779,Steady Regulars,3,4,4,344,363,9,737.81,81.979,0.186,5,786,0.0,0.0
C09781,Deal Hunters,5,3,3,533,22,4,285.41,71.352,0.537,4,225,1.0,0.25
C09782,Lapsed / Hibernating,1,2,2,122,961,1,123.99,123.99,0.0,1,961,0.0,0.0
C09784,Lapsed / Hibernating,1,2,1,121,1076,1,28.98,28.98,0.868,2,1076,0.0,0.333
C09785,Champions,5,5,5,555,12,36,5272.71,146.464,0.229,7,1004,0.944,0.027
C09786,Champions,5,5,4,554,5,14,1271.57,90.826,0.256,7,730,1.0,0.138
C09787,Lapsed / Hibernating,2,4,5,245,567,9,1968.02,218.669,0.107,3,1000,0.0,0.13
C09790,Steady Regulars,4,2,3,423,87,1,333.94,333.94,0.0,3,87,1.0,0.0
C09794,Steady Regulars,5,3,3,533,18,3,415.9,138.633,0.0,3,174,0.0,0.0
C09796,Deal Hunters,4,3,3,433,31,2,271.15,135.575,0.532,2,43,0.0,0.0
C09797,Champions,5,5,5,555,7,12,2368.27,197.356,0.167,7,982,0.083,0.042
C09798,New & Promising,3,2,1,321,278,1,59.98,59.98,0.0,1,278,0.0,0.0
C09799,Steady Regulars,3,3,2,332,323,2,217.98,108.99,0.226,2,340,1.0,0.333
C09800,Champions,5,4,4,544,20,7,1179.85,168.55,0.014,5,783,1.0,0.0
C09801,Champions,5,5,5,555,17,24,3855.71,160.655,0.15,7,1038,0.875,0.102
C09802,Steady Regulars,4,4,3,443,70,7,650.61,92.944,0.056,3,638,0.0,0.111
C09803,Lapsed / Hibernating,2,3,3,233,575,3,288.45,96.15,0.12,3,710,0.0,0.0
C09804,Steady Regulars,3,4,5,345,178,7,2444.9,349.271,0.117,5,696,1.0,0.04
C09805,Deal Hunters,3,3,1,331,193,2,85.38,42.69,0.684,2,274,1.0,0.0
C09807,Steady Regulars,4,4,4,444,69,6,734.91,122.485,0.254,6,245,1.0,0.059
C09808,Steady Regulars,4,3,3,433,82,3,384.9,128.3,0.0,5,497,0.333,0.111
C09809,Champions,5,4,4,544,5,7,1306.54,186.649,0.384,6,869,0.857,0.188
C09810,Steady Regulars,3,2,3,323,333,1,574.97,574.97,0.0,3,333,1.0,0.0
C09811,Champions,5,5,5,555,10,44,8411.9,191.18,0.074,7,1090,0.182,0.046
C09812,Lapsed / Hibernating,1,2,2,122,924,1,173.98,173.98,0.851,2,924,1.0,0.0
C09813,Lapsed / Hibernating,1,3,1,131,887,2,85.99,42.995,0.0,1,1009,1.0,0.5
C09814,Champions,5,5,5,555,13,29,3696.39,127.462,0.358,7,712,0.069,0.078
C09817,Lapsed / Hibernating,2,2,1,221,472,1,17.09,17.09,0.328,1,472,1.0,0.5
C09818,New & Promising,3,2,1,321,296,1,0.0,0.0,0.0,1,296,1.0,1.0
C09819,Lapsed / Hibernating,2,2,2,222,505,1,147.99,147.99,0.0,1,505,0.0,0.0
C09820,Steady Regulars,5,3,2,532,12,3,167.15,55.717,0.091,3,457,1.0,0.0
C09821,Lapsed / Hibernating,2,2,1,221,418,1,40.98,40.98,0.0,1,418,1.0,0.0
C09822,New & Promising,4,2,1,421,56,1,34.99,34.99,0.0,1,56,1.0,0.0
C09823,Lapsed / Hibernating,1,2,1,121,966,1,61.99,61.99,0.0,1,966,0.0,0.0
C09824,Steady Regulars,4,3,2,432,41,4,139.93,34.982,0.0,6,339,1.0,0.125
C09825,Lapsed / Hibernating,1,2,2,122,1053,1,117.98,117.98,0.0,2,1053,0.0,0.0
C09826,Champions,5,4,4,544,11,5,978.61,195.722,0.618,5,768,0.8,0.2
C09827,Steady Regulars,4,3,3,433,40,3,409.32,136.44,0.113,3,199,0.0,0.0
C09828,Lapsed / Hibernating,2,3,2,232,508,2,101.98,50.99,0.0,2,663,0.0,0.0
C09829,Champions,4,5,4,454,61,12,1165.11,97.093,0.273,7,1067,0.167,0.042
C09830,Lapsed / Hibernating,2,3,1,231,445,2,14.99,7.495,0.0,2,480,1.0,0.5
C09831,Lapsed / Hibernating,2,2,1,221,571,1,55.99,55.99,0.0,1,571,1.0,0.0
C09832,Steady Regulars,4,2,2,422,56,1,259.97,259.97,0.0,3,56,1.0,0.0
C09835,Deal Hunters,3,3,2,332,139,2,167.84,83.92,0.678,3,167,1.0,0.0
C09837,Lapsed / Hibernating,1,2,2,122,937,1,93.96,93.96,0.0,2,937,0.0,0.0
C09840,Lapsed / Hibernating,2,2,1,221,388,1,11.99,11.99,0.0,1,388,0.0,0.0
C09841,Deal Hunters,4,2,1,421,34,1,57.38,57.38,1.0,1,34,0.0,0.0
C09842,Steady Regulars,5,3,4,534,15,3,920.51,306.837,0.013,3,208,1.0,0.143
C09846,Lapsed / Hibernating,1,3,4,134,736,4,787.81,196.953,0.046,5,1067,0.25,0.111
C09847,Champions,5,5,5,555,6,16,2769.5,173.094,0.073,5,1068,0.938,0.037
C09848,Champions,5,5,5,555,14,11,2473.03,224.821,0.093,6,694,0.909,0.0
C09850,Lapsed / Hibernating,1,2,2,122,1070,1,124.17,124.17,1.0,1,1070,1.0,0.0
C09851,New & Promising,4,2,1,421,115,1,0.0,0.0,0.0,1,115,1.0,1.0
C09853,Deal Hunters,5,3,2,532,17,3,153.17,51.057,0.501,2,344,1.0,0.25
C09854,Deal Hunters,3,2,3,323,362,1,271.19,271.19,1.0,1,362,1.0,0.0
C09855,Lapsed / Hibernating,1,4,4,144,943,6,1091.88,181.98,0.0,5,1095,0.167,0.286
C09856,New & Promising,3,2,2,322,148,1,127.98,127.98,0.0,2,148,1.0,0.0
C09857,Champions,5,5,5,555,2,69,12922.44,187.282,0.098,7,986,0.957,0.089
C09858,Steady Regulars,4,3,3,433,39,2,490.89,245.445,0.458,3,133,1.0,0.333
C09859,Deal Hunters,5,2,2,522,13,1,242.63,242.63,0.679,2,13,1.0,0.0
C09860,Champions,4,5,5,455,33,27,5169.43,191.46,0.161,8,1065,0.926,0.114
C09861,Champions,4,5,5,455,33,20,4228.47,211.424,0.15,4,1007,0.95,0.205
C09862,Steady Regulars,4,3,3,433,69,2,306.94,153.47,0.0,3,373,0.0,0.0
C09863,Deal Hunters,5,2,1,521,15,1,7.19,7.19,1.0,1,15,0.0,0.0
C09864,Steady Regulars,3,3,3,333,173,3,381.76,127.253,0.316,2,193,0.667,0.0
C09865,Champions,5,4,4,544,18,9,1363.24,151.471,0.122,5,323,1.0,0.083
C09866,New & Promising,5,2,2,522,9,1,134.98,134.98,0.0,1,9,1.0,0.0
C09867,Steady Regulars,3,3,2,332,227,2,166.28,83.14,0.092,2,515,1.0,0.0
C09872,Lapsed / Hibernating,1,2,3,123,724,1,647.98,647.98,0.0,1,724,0.0,0.0
C09873,Champions,5,5,5,555,12,44,7026.65,159.697,0.16,8,406,0.159,0.052
C09874,Lapsed / Hibernating,1,3,3,133,805,4,403.61,100.902,0.202,5,1079,0.25,0.0
C09876,Lapsed / Hibernating,1,2,1,121,793,1,71.98,71.98,0.0,2,793,0.0,0.333
C09877,Champions,4,5,5,455,42,39,7858.94,201.511,0.186,7,1072,0.897,0.075
C09878,Steady Regulars,5,3,4,534,20,4,790.65,197.663,0.028,5,86,1.0,0.188
C09880,New & Promising,4,2,1,421,83,1,49.98,49.98,0.0,1,83,1.0,0.0
C09881,Lapsed / Hibernating,2,2,2,222,456,1,145.37,145.37,0.492,3,456,1.0,0.25
C09883,Steady Regulars,3,2,3,323,267,1,467.96,467.96,0.0,3,267,1.0,0.0
C09884,Champions,5,5,5,555,6,24,3865.36,161.057,0.031,7,964,0.875,0.111
C09886,Steady Regulars,4,3,4,434,59,2,902.92,451.46,0.0,4,90,1.0,0.0
C09889,New & Promising,4,2,1,421,49,1,38.97,38.97,0.0,1,49,1.0,0.0
C09892,Lapsed / Hibernating,1,2,2,122,735,1,189.98,189.98,0.0,1,735,1.0,0.0
C09893,New & Promising,3,2,2,322,124,1,108.99,108.99,0.0,1,124,1.0,0.0
C09894,Champions,5,3,4,534,7,4,1114.75,278.688,0.064,4,593,0.0,0.1
C09895,Deal Hunters,3,3,1,331,169,2,43.12,21.56,0.768,2,181,0.0,0.0
C09896,Champions,3,5,5,355,145,11,2045.59,185.963,0.041,6,612,0.909,0.12
C09898,Lapsed / Hibernating,1,2,1,121,842,1,68.98,68.98,0.0,2,842,0.0,0.0
C09899,Steady Regulars,4,2,2,422,101,1,171.95,171.95,0.0,2,101,0.0,0.0
C09900,Lapsed / Hibernating,2,3,2,232,371,3,131.92,43.973,0.0,4,985,0.0,0.0
C09901,New & Promising,4,2,1,421,49,1,26.99,26.99,0.0,1,49,1.0,0.0
C09902,New & Promising,3,3,1,331,213,2,55.17,27.585,0.112,3,742,1.0,0.5
C09903,New & Promising,5,2,2,522,22,1,139.98,139.98,0.0,1,22,0.0,0.0
C09904,Champions,4,5,5,455,96,41,4276.89,104.314,0.143,7,1095,0.122,0.096
C09905,Steady Regulars,3,3,3,333,272,2,483.95,241.975,0.0,3,440,1.0,0.0
C09906,Lapsed / Hibernating,1,2,2,122,1056,1,146.87,146.87,0.197,2,1056,0.0,0.0
C09908,Deal Hunters,3,2,1,321,129,1,29.74,29.74,1.0,1,129,1.0,0.0
C09910,Lapsed / Hibernating,1,4,2,142,788,6,115.56,19.26,0.031,3,1093,0.833,0.429
C09911,Champions,5,5,5,555,19,11,2054.27,186.752,0.171,7,402,0.273,0.172
C09912,Steady Regulars,4,3,2,432,61,2,249.95,124.975,0.0,2,270,1.0,0.0
C09915,Champions,5,4,4,544,1,7,1025.07,146.439,0.007,4,160,1.0,0.0
C09916,Champions,4,5,5,455,36,18,4036.99,224.277,0.164,8,971,0.167,0.0
C09917,Lapsed / Hibernating,1,3,2,132,901,2,219.77,109.885,0.249,3,906,1.0,0.25
C09918,Champions,4,5,5,455,32,26,4738.75,182.26,0.147,7,761,0.846,0.045
C09919,Lapsed / Hibernating,1,2,3,123,1095,1,302.16,302.16,0.659,3,1095,1.0,0.0
C09920,New & Promising,3,2,1,321,333,1,25.99,25.99,0.0,2,333,1.0,0.5
C09921,Champions,5,5,5,555,13,28,6263.73,223.705,0.172,6,1013,0.143,0.056
C09922,Champions,4,5,5,455,31,16,2342.38,146.399,0.153,6,964,0.25,0.143
C09923,Champions,4,5,5,455,36,20,3365.65,168.282,0.102,7,570,0.25,0.049
C09925,Champions,5,5,5,555,12,20,3620.4,181.02,0.155,8,1086,0.95,0.081
C09926,Steady Regulars,3,4,4,344,186,7,959.93,137.133,0.077,6,550,1.0,0.0
C09927,Lapsed / Hibernating,2,2,3,223,434,1,466.97,466.97,0.0,2,434,0.0,0.0
C09928,Lapsed / Hibernating,2,2,2,222,557,1,265.99,265.99,0.0,1,557,0.0,0.0
C09929,Lapsed / Hibernating,2,3,3,233,588,3,459.91,153.303,0.046,4,864,1.0,0.143
C09930,Lapsed / Hibernating,1,3,2,132,881,3,189.93,63.31,0.49,3,1019,0.667,0.0
C09931,Champions,4,5,5,455,98,18,3591.54,199.53,0.183,6,894,0.056,0.054
C09933,Champions,4,5,5,455,51,37,6880.23,185.952,0.052,8,819,0.919,0.089
C09935,Steady Regulars,3,3,3,333,229,3,292.31,97.437,0.08,4,373,1.0,0.0
C09937,Lapsed / Hibernating,2,2,1,221,621,1,10.99,10.99,0.897,2,621,1.0,0.5
C09938,Steady Regulars,5,4,4,544,16,6,677.78,112.963,0.0,4,310,0.833,0.118
C09939,Lapsed / Hibernating,2,2,1,221,445,1,14.94,14.94,1.0,1,445,0.0,0.0
C09940,New & Promising,5,2,1,521,17,1,77.98,77.98,0.0,1,17,0.0,0.0
C09941,Lapsed / Hibernating,2,4,4,244,588,5,1122.11,224.422,0.169,3,1086,0.8,0.0
C09945,New & Promising,4,2,2,422,74,1,151.99,151.99,0.0,1,74,1.0,0.0
C09946,Lapsed / Hibernating,1,3,4,134,754,3,779.51,259.837,0.06,4,975,0.667,0.125
C09947,Lapsed / Hibernating,1,2,1,121,951,1,49.98,49.98,0.0,1,951,1.0,0.0
C09948,Lapsed / Hibernating,2,2,1,221,701,1,0.0,0.0,0.0,1,701,0.0,1.0
C09949,Steady Regulars,3,2,3,323,269,1,388.34,388.34,0.501,2,269,1.0,0.0
C09951,Champions,3,5,5,355,142,12,2561.83,213.486,0.118,6,1048,1.0,0.083
C09952,Lapsed / Hibernating,2,2,1,221,369,1,37.98,37.98,0.0,1,369,1.0,0.0
C09954,Lapsed / Hibernating,1,3,2,132,1001,2,112.95,56.475,0.0,4,1043,0.5,0.2
C09955,Steady Regulars,4,3,2,432,96,2,179.3,89.65,0.147,3,608,0.0,0.0
C09956,New & Promising,3,2,1,321,361,1,18.99,18.99,0.0,1,361,0.0,0.0
C09962,Deal Hunters,4,3,2,432,31,2,137.04,68.52,0.526,2,282,1.0,0.0
C09963,Lapsed / Hibernating,1,2,2,122,731,1,110.98,110.98,0.0,1,731,1.0,0.0
C09965,Lapsed / Hibernating,2,2,1,221,598,1,9.99,9.99,0.0,1,598,1.0,0.0
C09966,Lapsed / Hibernating,1,2,1,121,745,1,23.99,23.99,0.0,1,745,1.0,0.0
C09967,Lapsed / Hibernating,1,2,1,121,914,1,58.97,58.97,0.0,2,914,0.0,0.0
C09968,Lapsed / Hibernating,2,2,3,223,403,1,351.99,351.99,0.0,1,403,1.0,0.0
C09969,Steady Regulars,4,2,2,422,77,1,255.98,255.98,0.0,1,77,1.0,0.0
C09970,Lapsed / Hibernating,2,3,2,232,452,2,103.95,51.975,0.0,1,959,1.0,0.0
C09971,Lapsed / Hibernating,1,4,4,144,887,7,1397.39,199.627,0.138,6,1082,1.0,0.056
C09972,Steady Regulars,4,2,3,423,43,1,359.96,359.96,0.0,1,43,1.0,0.0
C09975,Steady Regulars,3,2,3,323,251,1,350.96,350.96,0.0,3,251,1.0,0.0
C09976,New & Promising,5,2,2,522,2,1,89.98,89.98,0.0,1,2,1.0,0.0
C09977,New & Promising,5,2,1,521,1,1,37.99,37.99,0.0,1,1,0.0,0.0
C09978,Lapsed / Hibernating,1,4,4,144,917,8,1619.32,202.415,0.037,3,1089,0.125,0.133
C09980,Champions,5,4,4,544,18,7,1292.49,184.641,0.264,5,134,0.714,0.067
C09981,Lapsed / Hibernating,1,2,1,121,935,1,40.99,40.99,0.0,1,935,0.0,0.0
C09982,Champions,4,5,5,455,31,18,4225.3,234.739,0.176,6,669,0.889,0.091
C09983,Steady Regulars,4,4,4,444,42,5,1065.98,213.196,0.34,3,1066,0.8,0.0
C09984,Champions,5,4,4,544,19,5,1275.56,255.112,0.06,6,670,1.0,0.0
C09987,New & Promising,5,2,2,522,10,1,237.97,237.97,0.0,2,10,0.0,0.0
C09989,Champions,5,4,4,544,10,8,896.0,112.0,0.346,7,928,1.0,0.056
C09990,Lapsed / Hibernating,1,2,1,121,882,1,15.99,15.99,0.0,1,882,0.0,0.0
C09991,Lapsed / Hibernating,2,2,2,222,423,1,159.98,159.98,0.0,2,423,0.0,0.0
C09992,Champions,5,5,5,555,3,66,11526.77,174.648,0.153,8,1096,0.136,0.074
C09993,Lapsed / Hibernating,1,2,2,122,1091,1,118.99,118.99,0.0,1,1091,1.0,0.0
C09994,Lapsed / Hibernating,2,2,1,221,590,1,21.99,21.99,0.0,1,590,1.0,0.0
C09995,Deal Hunters,4,2,2,422,31,1,262.46,262.46,1.0,3,31,1.0,0.0
C09996,Steady Regulars,5,3,3,533,24,4,568.21,142.052,0.4,3,451,0.5,0.125
C09997,Lapsed / Hibernating,1,2,2,122,1074,1,129.37,129.37,0.552,2,1074,0.0,0.0
C09998,Lapsed / Hibernating,2,2,1,221,496,1,48.44,48.44,1.0,1,496,1.0,0.0
C10002,Lapsed / Hibernating,1,5,5,155,764,13,3782.58,290.968,0.109,5,1095,0.923,0.175
C10003,Champions,5,5,5,555,17,32,4203.85,131.37,0.212,7,1094,0.781,0.045
C10006,Lapsed / Hibernating,2,2,2,222,554,1,163.99,163.99,0.0,1,554,1.0,0.0
C10007,Champions,5,5,5,555,4,28,3058.37,109.227,0.171,8,1089,0.214,0.1
C10008,New & Promising,3,2,2,322,184,1,100.96,100.96,0.0,2,184,1.0,0.333
C10009,Champions,5,5,5,555,17,11,2371.97,215.634,0.184,6,871,1.0,0.037
C10010,Lapsed / Hibernating,1,2,3,123,928,1,349.45,349.45,0.09,2,928,1.0,0.0
C10011,Lapsed / Hibernating,1,2,3,123,715,1,372.95,372.95,0.0,2,715,1.0,0.0
C10014,Deal Hunters,3,2,1,321,235,1,30.59,30.59,1.0,1,235,1.0,0.0
C10015,Steady Regulars,5,4,2,542,14,5,259.14,51.828,0.391,5,200,0.2,0.375
C10016,Lapsed / Hibernating,2,2,1,221,548,1,32.99,32.99,0.0,1,548,0.0,0.0
C10017,Steady Regulars,3,4,3,343,358,5,404.9,80.98,0.388,3,856,1.0,0.0
C10018,Steady Regulars,5,2,3,523,20,1,442.95,442.95,0.0,2,20,1.0,0.0
C10019,Lapsed / Hibernating,1,3,4,134,888,4,676.73,169.182,0.01,3,1076,1.0,0.25
C10021,Lapsed / Hibernating,2,2,1,221,388,1,71.97,71.97,1.0,1,388,1.0,0.333
C10022,New & Promising,4,2,1,421,42,1,0.0,0.0,0.0,1,42,1.0,1.0
C10023,Steady Regulars,4,2,2,422,54,1,217.97,217.97,0.0,2,54,0.0,0.0
C10024,Lapsed / Hibernating,2,2,1,221,616,1,52.99,52.99,0.0,1,616,0.0,0.0
C10025,Lapsed / Hibernating,2,2,4,224,384,1,668.93,668.93,0.0,2,384,1.0,0.0
C10026,Champions,4,5,5,455,34,39,8982.78,230.328,0.172,8,1091,0.846,0.079
C10027,Steady Regulars,3,2,3,323,266,1,323.96,323.96,0.0,3,266,1.0,0.0
C10028,Steady Regulars,5,3,4,534,6,2,724.93,362.465,0.0,3,44,0.5,0.143
C10029,Lapsed / Hibernating,2,2,2,222,536,1,93.98,93.98,0.0,1,536,1.0,0.0
C10030,Champions,3,5,5,355,125,16,3033.39,189.587,0.161,7,1019,0.875,0.098
C10031,Steady Regulars,3,3,5,335,139,4,1846.81,461.703,0.024,3,275,1.0,0.062
C10033,Steady Regulars,4,3,2,432,30,2,251.91,125.955,0.0,5,113,1.0,0.143
C10037,Champions,5,5,5,555,5,23,3396.5,147.674,0.164,7,1067,0.957,0.096
C10038,New & Promising,3,2,1,321,253,1,71.97,71.97,0.0,2,253,1.0,0.0
C10041,Lapsed / Hibernating,2,4,4,244,419,6,889.9,148.317,0.0,5,751,0.167,0.125
C10042,Champions,5,5,5,555,11,24,4968.31,207.013,0.022,6,798,0.958,0.103
C10043,Lapsed / Hibernating,1,2,1,121,1092,1,13.99,13.99,0.0,1,1092,1.0,0.0
C10044,Steady Regulars,5,3,3,533,21,2,306.11,153.055,0.232,5,91,0.0,0.0
C10045,Lapsed / Hibernating,2,3,4,234,509,3,824.1,274.7,0.629,4,932,1.0,0.143
C10046,New & Promising,5,2,3,523,9,1,347.94,347.94,0.0,1,9,1.0,0.0
C10047,Champions,3,5,5,355,153,62,14137.26,228.02,0.097,8,1095,0.177,0.145
C10049,Champions,4,4,4,444,43,9,1141.4,126.822,0.33,6,301,0.889,0.105
C10050,Lapsed / Hibernating,2,3,2,232,654,2,192.23,96.115,0.527,2,730,1.0,0.0
C10051,Champions,5,5,5,555,8,12,3567.8,297.317,0.081,4,549,1.0,0.107
C10052,New & Promising,3,2,1,321,219,1,41.99,41.99,0.0,1,219,1.0,0.0
C10053,Lapsed / Hibernating,1,3,3,133,926,2,270.64,135.32,0.08,4,1015,1.0,0.0
C10054,Lapsed / Hibernating,2,3,2,232,501,4,227.4,56.85,0.45,3,663,1.0,0.125
C10055,Lapsed / Hibernating,1,3,3,133,739,2,268.92,134.46,0.114,4,1017,0.5,0.2
C10057,Lapsed / Hibernating,2,3,2,232,653,3,225.36,75.12,0.73,3,1023,1.0,0.167
C10059,Steady Regulars,3,2,3,323,325,1,556.94,556.94,0.0,1,325,1.0,0.0
C10062,Lapsed / Hibernating,2,2,1,221,475,1,74.98,74.98,0.0,2,475,0.0,0.0
C10064,New & Promising,5,3,2,532,5,2,175.95,87.975,0.0,3,59,1.0,0.0
C10067,Lapsed / Hibernating,1,2,1,121,1054,1,18.99,18.99,0.0,1,1054,0.0,0.0
C10069,Steady Regulars,3,3,2,332,222,2,159.97,79.985,0.0,2,371,0.0,0.0
C10071,Lapsed / Hibernating,1,2,3,123,735,1,392.97,392.97,0.0,1,735,1.0,0.0
C10072,Lapsed / Hibernating,1,3,3,133,952,4,548.07,137.017,0.363,4,1092,1.0,0.0
C10074,New & Promising,3,2,1,321,213,1,62.99,62.99,0.0,1,213,1.0,0.0
C10075,Steady Regulars,4,3,2,432,28,3,244.36,81.453,0.059,2,459,0.667,0.0
C10076,Lapsed / Hibernating,2,4,3,243,574,5,328.04,65.608,0.472,5,757,0.6,0.143
C10077,Steady Regulars,5,3,3,533,11,2,614.95,307.475,0.0,3,67,1.0,0.0
C10078,New & Promising,4,2,1,421,98,1,31.99,31.99,0.0,1,98,1.0,0.0
C10080,New & Promising,3,3,1,331,279,2,68.47,34.235,0.372,3,376,1.0,0.0
C10081,Steady Regulars,5,3,4,534,3,2,1299.93,649.965,0.0,3,381,0.5,0.0
C10082,Lapsed / Hibernating,2,2,1,221,460,1,30.99,30.99,0.0,1,460,0.0,0.0
C10083,Lapsed / Hibernating,1,2,1,121,857,1,25.99,25.99,0.0,1,857,1.0,0.0
C10084,Champions,3,4,4,344,346,6,1625.94,270.99,0.192,7,972,0.167,0.125
C10085,Champions,4,5,4,454,52,15,1531.62,102.108,0.028,7,471,0.133,0.083
C10086,Lapsed / Hibernating,2,2,1,221,442,1,67.99,67.99,0.0,1,442,1.0,0.0
C10088,Lapsed / Hibernating,2,2,2,222,650,1,116.98,116.98,0.0,2,650,0.0,0.0
C10089,Steady Regulars,3,3,4,334,150,3,759.94,253.313,0.0,4,295,1.0,0.167
C10090,Lapsed / Hibernating,1,2,3,123,779,1,447.96,447.96,0.0,2,779,0.0,0.0
C10091,Steady Regulars,5,3,4,534,24,4,1208.62,302.155,0.062,1,118,0.25,0.0
C10095,Steady Regulars,3,4,3,343,217,5,516.29,103.258,0.122,4,742,0.8,0.111
C10097,Champions,4,4,4,444,37,9,790.6,87.844,0.259,6,705,0.111,0.167
C10098,Steady Regulars,3,2,3,323,174,1,362.96,362.96,0.0,3,174,1.0,0.0
C10099,Champions,5,5,5,555,18,13,3376.13,259.702,0.053,6,605,1.0,0.1
C10100,Champions,4,4,4,444,92,10,1134.83,113.483,0.158,5,1007,0.0,0.042
C10102,Steady Regulars,3,3,3,333,282,3,309.91,103.303,0.0,2,412,1.0,0.125
C10103,Lapsed / Hibernating,1,2,2,122,937,1,162.96,162.96,0.0,3,937,1.0,0.0
C10104,Deal Hunters,3,3,3,333,197,2,350.03,175.015,0.749,5,604,0.0,0.143
C10106,Lapsed / Hibernating,2,2,2,222,378,1,253.98,253.98,0.0,1,378,1.0,0.0
C10107,Lapsed / Hibernating,1,2,3,123,934,1,644.94,644.94,0.0,2,934,0.0,0.0
C10108,New & Promising,3,2,1,321,310,1,0.0,0.0,0.0,1,310,1.0,1.0
C10110,Steady Regulars,3,3,3,333,175,2,425.93,212.965,0.0,3,588,0.5,0.0
C10112,Steady Regulars,3,3,3,333,161,3,396.77,132.257,0.175,2,454,0.0,0.333
C10113,Lapsed / Hibernating,1,3,2,132,771,2,143.77,71.885,0.451,3,968,0.0,0.0
C10115,Lapsed / Hibernating,2,4,3,243,596,6,627.9,104.65,0.0,4,909,0.333,0.167
C10116,Lapsed / Hibernating,2,3,3,233,508,2,354.48,177.24,0.343,3,754,1.0,0.0
C10118,Steady Regulars,3,2,3,323,324,1,464.05,464.05,0.134,2,324,0.0,0.0
C10119,New & Promising,5,2,2,522,23,1,207.96,207.96,0.154,2,23,1.0,0.0
C10120,Champions,4,5,4,454,107,12,1484.36,123.697,0.019,5,618,1.0,0.045
C10122,Lapsed / Hibernating,1,4,4,144,734,8,898.34,112.292,0.203,6,1062,0.5,0.0
C10123,New & Promising,3,2,1,321,154,1,17.99,17.99,0.0,2,154,1.0,0.5
C10124,New & Promising,4,2,2,422,65,1,108.99,108.99,0.0,1,65,1.0,0.0
C10126,Champions,5,4,4,544,10,6,1274.25,212.375,0.189,5,143,1.0,0.154
C10129,Champions,5,5,5,555,21,35,6721.59,192.045,0.087,5,1043,0.914,0.141
C10130,Steady Regulars,5,3,3,533,2,2,307.94,153.97,0.0,3,709,0.5,0.0
C10133,Lapsed / Hibernating,1,2,3,123,1034,1,324.99,324.99,0.0,1,1034,1.0,0.0
C10134,Champions,5,4,4,544,10,10,1047.39,104.739,0.138,5,1020,0.1,0.0
C10135,Champions,4,4,5,445,46,9,2906.6,322.956,0.145,5,1025,0.333,0.043
C10136,Lapsed / Hibernating,1,2,2,122,743,1,199.79,199.79,1.0,1,743,0.0,0.0
C10137,Lapsed / Hibernating,1,2,3,123,1061,1,530.06,530.06,0.1,3,1061,1.0,0.0
C10139,Champions,4,5,5,455,93,39,5374.54,137.809,0.243,7,1022,0.179,0.103
C10140,Champions,5,4,4,544,23,8,1043.44,130.43,0.42,3,1003,0.375,0.0
C10141,New & Promising,3,2,1,321,225,1,49.99,49.99,0.0,1,225,0.0,0.0
C10142,Lapsed / Hibernating,1,2,2,122,813,1,187.19,187.19,1.0,1,813,1.0,0.0
C10144,Steady Regulars,4,3,4,434,58,4,923.91,230.978,0.049,3,265,0.75,0.0
C10145,New & Promising,3,2,1,321,179,1,8.99,8.99,0.0,1,179,1.0,0.0
C10147,Steady Regulars,4,2,3,423,71,1,539.95,539.95,0.0,1,71,1.0,0.0
C10148,Lapsed / Hibernating,2,4,4,244,431,8,1142.26,142.782,0.13,6,933,0.25,0.143
C10149,Champions,5,5,5,555,18,19,3266.37,171.914,0.337,8,437,1.0,0.068
C10150,Champions,4,5,4,454,39,12,1440.22,120.018,0.073,5,556,0.917,0.115
C10151,New & Promising,5,2,2,522,1,1,139.78,139.78,0.219,3,1,1.0,0.333
C10153,Lapsed / Hibernating,1,2,2,122,1080,1,107.96,107.96,0.0,1,1080,1.0,0.0
C10154,Lapsed / Hibernating,2,4,4,244,677,8,1238.14,154.768,0.066,5,1054,0.25,0.071
C10155,Champions,4,5,5,455,51,45,8111.77,180.262,0.103,7,911,0.956,0.047
C10157,Lapsed / Hibernating,1,5,4,154,869,12,1458.18,121.515,0.217,7,1087,0.917,0.087
C10159,Lapsed / Hibernating,1,3,4,134,720,4,824.28,206.07,0.164,6,1093,1.0,0.0
C10160,Lapsed / Hibernating,1,2,1,121,725,1,22.99,22.99,0.0,1,725,1.0,0.0
C10162,Champions,4,5,5,455,65,12,2184.02,182.002,0.067,7,1073,0.25,0.043
C10163,Lapsed / Hibernating,1,2,1,121,1069,1,44.99,44.99,0.0,1,1069,0.0,0.0
C10164,Champions,5,5,5,555,15,21,3508.48,167.07,0.132,7,627,0.143,0.053
C10165,Steady Regulars,3,3,2,332,131,3,196.94,65.647,0.083,4,384,1.0,0.167
C10166,Champions,4,5,5,455,77,25,4949.22,197.969,0.133,5,1038,0.2,0.06
C10167,New & Promising,4,2,1,421,71,1,26.99,26.99,0.0,1,71,1.0,0.0
C10168,Lapsed / Hibernating,2,5,5,255,426,19,3109.08,163.636,0.118,6,821,0.947,0.146
C10171,Champions,4,4,3,443,83,6,607.65,101.275,0.698,6,890,0.167,0.133
C10172,New & Promising,5,2,1,521,1,1,28.99,28.99,0.0,1,1,0.0,0.0
C10173,Steady Regulars,4,3,3,433,110,4,656.92,164.23,0.0,4,280,1.0,0.0
C10174,Champions,3,5,5,355,341,17,3313.01,194.883,0.034,7,1093,0.882,0.14
C10175,Lapsed / Hibernating,1,3,1,131,847,2,25.99,12.995,0.0,2,965,1.0,0.667
C10176,Steady Regulars,2,2,2,222,365,1,135.98,135.98,0.0,2,365,1.0,0.0
C10178,Steady Regulars,3,3,3,333,210,3,606.85,202.283,0.0,3,686,1.0,0.286
C10179,Lapsed / Hibernating,1,2,1,121,813,1,11.99,11.99,0.0,1,813,1.0,0.0
C10180,Steady Regulars,4,3,3,433,34,4,628.11,157.028,0.527,4,556,1.0,0.182
C10181,Deal Hunters,3,4,3,343,251,5,274.47,54.894,0.683,3,766,0.0,0.0
C10182,Deal Hunters,5,2,1,521,12,1,34.18,34.18,1.0,1,12,1.0,0.0
C10183,Steady Regulars,3,4,4,344,235,8,895.5,111.938,0.051,5,907,0.875,0.067
C10184,Steady Regulars,3,4,4,344,362,8,1036.35,129.544,0.112,5,921,1.0,0.056
C10185,Lapsed / Hibernating,2,2,1,221,376,1,32.99,32.99,0.0,1,376,1.0,0.0
C10186,Steady Regulars,3,3,4,334,278,4,1570.27,392.568,0.155,2,426,0.0,0.083
C10187,Champions,4,5,5,455,40,18,4311.23,239.513,0.192,6,1072,0.111,0.029
C10188,Lapsed / Hibernating,2,2,2,222,601,1,122.98,122.98,0.0,2,601,0.0,0.0
C10190,Lapsed / Hibernating,1,2,2,122,984,1,95.95,95.95,0.0,1,984,1.0,0.0
C10192,Lapsed / Hibernating,2,3,3,233,395,2,339.05,169.525,0.749,3,560,1.0,0.0
C10193,Champions,5,4,4,544,3,6,1381.49,230.248,0.074,5,84,0.833,0.056
C10194,Steady Regulars,5,3,3,533,15,3,392.0,130.667,0.294,6,501,0.333,0.125
C10196,Lapsed / Hibernating,2,5,5,255,618,27,5960.99,220.777,0.063,7,1091,0.852,0.068
C10197,Steady Regulars,4,4,3,443,91,5,644.79,128.958,0.555,4,1086,0.0,0.333
C10198,New & Promising,3,2,1,321,192,1,62.99,62.99,0.0,1,192,1.0,0.0
C10199,Champions,4,5,5,455,58,11,1816.18,165.107,0.017,7,1076,0.909,0.182
C10200,Lapsed / Hibernating,2,3,4,234,507,2,1047.01,523.505,0.181,2,945,1.0,0.0
C10201,Lapsed / Hibernating,2,4,5,245,671,6,1800.39,300.065,0.037,8,1021,0.167,0.056
C10202,Lapsed / Hibernating,1,2,1,121,1034,1,53.98,53.98,0.0,2,1034,0.0,0.0
C10203,Steady Regulars,4,3,4,434,49,4,729.06,182.265,0.458,3,287,0.25,0.1
C10204,Lapsed / Hibernating,1,2,2,122,797,1,134.95,134.95,0.0,2,797,1.0,0.5
C10205,Champions,5,5,5,555,27,21,3883.87,184.946,0.119,5,792,0.857,0.085
C10206,Lapsed / Hibernating,2,2,3,223,665,1,412.96,412.96,0.0,1,665,1.0,0.0
C10207,New & Promising,4,2,1,421,58,1,69.97,69.97,0.0,2,58,1.0,0.0
C10208,Lapsed / Hibernating,1,3,2,132,1051,2,187.96,93.98,0.117,2,1074,0.5,0.333
C10209,Deal Hunters,3,2,2,322,242,1,86.66,86.66,1.0,1,242,1.0,0.0
C10210,New & Promising,3,2,1,321,208,1,28.99,28.99,0.0,1,208,0.0,0.0
C10213,New & Promising,4,2,1,421,44,1,35.98,35.98,0.0,3,44,0.0,0.333
C10214,Deal Hunters,4,3,1,431,32,2,72.67,36.335,0.587,2,619,1.0,0.0
C10215,Steady Regulars,4,3,2,432,59,4,213.9,53.475,0.0,3,426,1.0,0.125
C10217,Deal Hunters,3,2,3,323,132,1,325.52,325.52,1.0,1,132,1.0,0.0
C10218,Champions,5,5,5,555,17,27,5497.54,203.613,0.302,7,1083,0.963,0.052
C10220,Lapsed / Hibernating,2,2,3,223,604,1,423.98,423.98,0.0,1,604,0.0,0.0
C10224,Lapsed / Hibernating,2,4,4,244,564,5,752.82,150.564,0.0,4,1096,0.4,0.0
C10226,Champions,5,5,5,555,13,59,10369.08,175.747,0.282,8,1090,0.169,0.049
C10227,Lapsed / Hibernating,2,3,3,233,587,4,521.23,130.308,0.2,5,963,0.5,0.143
C10228,Lapsed / Hibernating,2,2,1,221,551,1,61.98,61.98,0.0,1,551,1.0,0.0
C10229,Lapsed / Hibernating,2,4,4,244,581,7,1590.01,227.144,0.297,6,898,0.143,0.118
C10230,Lapsed / Hibernating,1,3,3,133,797,2,320.93,160.465,0.0,3,801,1.0,0.0
C10231,New & Promising,4,2,1,421,63,1,41.99,41.99,0.0,1,63,1.0,0.0
C10235,Champions,5,5,5,555,18,11,1935.72,175.975,0.141,6,1001,0.818,0.12
C10236,Steady Regulars,4,2,2,422,109,1,225.98,225.98,0.0,1,109,1.0,0.0
C10238,Lapsed / Hibernating,1,3,2,132,768,3,211.87,70.623,0.462,3,879,0.667,0.0
C10240,Champions,3,5,5,355,168,13,2449.09,188.392,0.248,5,772,0.154,0.111
C10242,Lapsed / Hibernating,1,2,2,122,737,1,185.98,185.98,0.0,2,737,1.0,0.0
C10243,New & Promising,3,2,1,321,188,1,37.98,37.98,0.0,1,188,1.0,0.0
C10244,New & Promising,5,2,1,521,4,1,37.98,37.98,0.0,1,4,0.0,0.0
C10245,Steady Regulars,4,4,4,444,39,6,762.87,127.145,0.0,3,999,0.167,0.0
C10246,Champions,3,4,4,344,133,10,941.81,94.181,0.0,6,1008,0.2,0.0
C10247,Steady Regulars,4,3,3,433,75,4,573.74,143.435,0.314,4,325,1.0,0.143
C10248,Lapsed / Hibernating,2,2,1,221,406,1,46.98,46.98,0.0,2,406,1.0,0.0
C10249,New & Promising,4,2,1,421,54,1,78.99,78.99,0.0,1,54,1.0,0.0
C10252,Lapsed / Hibernating,2,2,3,223,557,1,291.96,291.96,0.0,3,557,1.0,0.0
C10253,New & Promising,3,2,2,322,131,1,90.98,90.98,0.0,2,131,0.0,0.0
C10254,Steady Regulars,3,2,3,323,331,1,405.97,405.97,0.0,3,331,1.0,0.0
C10255,Champions,4,5,5,455,82,34,3404.03,100.119,0.097,8,1002,0.088,0.045
C10256,New & Promising,5,3,1,531,4,2,65.98,32.99,0.0,2,51,0.5,0.0
C10257,Steady Regulars,3,3,3,333,165,2,467.94,233.97,0.0,1,324,1.0,0.0
C10258,Champions,5,5,5,555,10,11,1958.27,178.025,0.123,6,1091,1.0,0.04
C10260,Champions,4,5,5,455,31,32,5238.24,163.695,0.174,7,776,0.969,0.1
C10261,Lapsed / Hibernating,2,2,3,223,400,1,277.14,277.14,1.0,3,400,0.0,0.0
C10262,Champions,5,5,5,555,15,26,5800.1,223.081,0.133,5,432,0.923,0.145
C10263,New & Promising,5,2,1,521,23,1,81.99,81.99,0.0,1,23,1.0,0.0
C10264,Lapsed / Hibernating,1,3,4,134,870,2,1425.14,712.57,0.778,2,1028,1.0,0.0
C10266,Lapsed / Hibernating,1,2,1,121,857,1,15.29,15.29,1.0,1,857,0.0,0.0
C10267,Lapsed / Hibernating,1,2,3,123,1073,1,277.98,277.98,0.0,1,1073,1.0,0.0
C10269,Lapsed / Hibernating,1,3,3,133,1001,2,392.89,196.445,0.0,5,1031,0.0,0.0
C10271,Lapsed / Hibernating,2,5,5,255,447,30,4281.22,142.707,0.186,7,1060,0.167,0.046
C10272,Lapsed / Hibernating,2,4,3,243,589,5,547.94,109.588,0.317,5,771,0.2,0.077
C10273,Steady Regulars,3,3,2,332,134,2,159.96,79.98,0.45,1,661,0.5,0.0
C10274,Lapsed / Hibernating,2,2,2,222,389,1,94.99,94.99,0.0,1,389,1.0,0.0
C10275,Lapsed / Hibernating,2,2,1,221,370,1,59.98,59.98,0.0,1,370,1.0,0.0
C10276,Lapsed / Hibernating,1,2,2,122,1046,1,188.99,188.99,0.0,1,1046,0.0,0.0
C10277,New & Promising,4,2,1,421,71,1,16.99,16.99,0.0,1,71,0.0,0.0
C10279,Champions,5,5,4,554,22,12,1588.19,132.349,0.11,6,1050,0.25,0.167
C10280,Lapsed / Hibernating,1,2,3,123,777,1,398.94,398.94,0.0,2,777,1.0,0.25
C10281,Steady Regulars,3,4,4,344,190,6,1176.79,196.132,0.0,5,680,1.0,0.143
C10282,Steady Regulars,3,2,2,322,297,1,161.96,161.96,0.0,3,297,0.0,0.0
C10283,Steady Regulars,3,4,3,343,280,8,662.07,82.759,0.142,6,726,0.875,0.056
C10285,Lapsed / Hibernating,1,3,3,133,742,4,368.93,92.232,0.0,5,1056,0.25,0.143
C10286,Lapsed / Hibernating,1,2,1,121,1058,1,20.38,20.38,1.0,1,1058,1.0,0.0
C10287,Lapsed / Hibernating,1,2,1,121,917,1,76.98,76.98,0.0,1,917,1.0,0.0
C10288,Steady Regulars,3,4,3,343,138,8,632.81,79.101,0.493,5,1069,0.0,0.286
C10289,Lapsed / Hibernating,1,2,2,122,762,1,223.78,223.78,0.254,2,762,0.0,0.0
C10290,Lapsed / Hibernating,1,2,2,122,972,1,137.35,137.35,0.891,2,972,0.0,0.0
C10291,New & Promising,3,2,1,321,141,1,47.98,47.98,0.0,1,141,0.0,0.0
C10292,Lapsed / Hibernating,1,2,1,121,862,1,78.82,78.82,1.0,2,862,1.0,0.0
C10293,Champions,3,4,4,344,184,9,1451.78,161.309,0.04,6,669,0.111,0.056
C10294,Lapsed / Hibernating,1,2,2,122,1087,1,195.96,195.96,0.0,2,1087,1.0,0.333
C10295,Steady Regulars,3,3,2,332,136,2,218.95,109.475,0.0,2,540,1.0,0.0
C10296,Lapsed / Hibernating,1,3,3,133,1019,3,319.69,106.563,0.03,3,1069,1.0,0.125
C10297,Lapsed / Hibernating,2,3,4,234,455,4,832.97,208.242,0.044,6,710,0.75,0.1
C10298,Champions,5,5,4,554,10,13,1486.75,114.365,0.096,7,156,0.923,0.219
C10299,New & Promising,5,3,1,531,14,2,54.99,27.495,0.0,1,49,0.0,0.5
C10300,Lapsed / Hibernating,2,2,1,221,656,1,19.49,19.49,1.0,1,656,1.0,0.5
C10301,Champions,5,4,4,544,4,8,1154.16,144.27,0.459,4,747,0.75,0.154
C10302,Steady Regulars,4,3,2,432,45,3,254.85,84.95,0.133,3,234,0.667,0.167
C10303,Champions,5,5,5,555,22,24,3813.06,158.878,0.232,7,1065,0.208,0.059
C10306,Steady Regulars,3,4,4,344,166,7,1618.39,231.199,0.075,5,552,0.143,0.118
C10308,New & Promising,5,3,2,532,9,2,109.95,54.975,0.0,2,98,1.0,0.0
C10309,Lapsed / Hibernating,1,3,3,133,766,4,284.22,71.055,0.835,4,1094,0.5,0.25
C10311,Lapsed / Hibernating,2,3,3,233,695,4,656.84,164.21,0.142,6,761,0.0,0.154
C10312,Lapsed / Hibernating,2,2,1,221,651,1,0.0,0.0,1.0,1,651,0.0,1.0
C10313,Champions,3,5,5,355,151,27,5053.36,187.161,0.053,7,1072,0.333,0.079
C10314,Champions,5,5,5,555,17,12,2601.49,216.791,0.291,4,737,0.083,0.154
C10316,Steady Regulars,3,3,4,334,225,3,990.02,330.007,0.135,4,685,0.0,0.0
C10318,Lapsed / Hibernating,2,5,5,255,647,13,4153.98,319.537,0.141,5,1075,0.692,0.128
C10321,Lapsed / Hibernating,2,4,4,244,640,6,1130.11,188.352,0.698,5,1033,0.5,0.0
C10322,Steady Regulars,3,2,2,322,275,1,232.27,232.27,0.492,2,275,1.0,0.0
C10323,Steady Regulars,3,4,4,344,278,7,1516.65,216.664,0.064,4,891,0.143,0.067
C10324,Steady Regulars,3,3,4,334,242,4,736.89,184.223,0.0,4,576,0.0,0.0
C10325,Champions,5,4,4,544,20,9,1322.26,146.918,0.198,5,676,0.889,0.067
C10326,Lapsed / Hibernating,1,3,2,132,881,2,197.93,98.965,0.0,3,1037,0.0,0.0
C10327,Lapsed / Hibernating,1,2,1,121,1083,1,28.99,28.99,0.0,1,1083,1.0,0.0
C10329,New & Promising,4,2,1,421,54,1,25.99,25.99,0.0,1,54,0.0,0.0
C10330,New & Promising,4,2,2,422,63,1,157.98,157.98,0.0,1,63,1.0,0.0
C10335,Lapsed / Hibernating,2,2,2,222,492,1,218.96,218.96,0.0,4,492,1.0,0.25
C10336,Steady Regulars,5,4,3,543,10,5,602.2,120.44,0.04,4,746,1.0,0.0
C10337,Lapsed / Hibernating,1,3,3,133,805,3,546.07,182.023,0.084,3,1078,1.0,0.0
C10338,Champions,4,5,5,455,31,15,2273.99,151.599,0.116,4,784,0.867,0.069
C10339,Champions,5,5,5,555,13,54,9360.46,173.342,0.092,7,1029,0.111,0.086
C10341,Lapsed / Hibernating,2,2,3,223,629,1,418.98,418.98,0.0,2,629,0.0,0.0
C10342,Champions,5,5,5,555,22,39,5723.16,146.748,0.103,7,374,0.128,0.034
C10343,Lapsed / Hibernating,2,3,2,232,480,2,135.98,67.99,0.0,2,806,0.0,0.5
C10345,Champions,5,5,5,555,13,38,8892.68,234.018,0.071,6,1046,0.105,0.067
C10346,Deal Hunters,3,2,2,322,184,1,172.76,172.76,0.676,2,184,0.0,0.0
C10348,Champions,5,5,5,555,11,17,2805.64,165.038,0.237,8,562,0.941,0.028
C10349,New & Promising,4,3,2,432,55,2,87.97,43.985,0.0,4,97,1.0,0.25
C10350,Lapsed / Hibernating,2,2,2,222,620,1,185.98,185.98,0.0,2,620,1.0,0.0
C10351,Steady Regulars,4,3,2,432,35,3,162.06,54.02,0.463,3,526,1.0,0.0
C10353,Steady Regulars,3,3,3,333,134,2,321.55,160.775,0.378,3,182,1.0,0.0
C10354,Lapsed / Hibernating,2,2,2,222,573,1,160.26,160.26,0.488,2,573,1.0,0.0
C10355,Steady Regulars,4,3,2,432,109,3,249.95,83.317,0.0,4,518,0.333,0.2
C10358,Lapsed / Hibernating,2,2,1,221,448,1,30.99,30.99,0.0,1,448,1.0,0.0
C10359,Lapsed / Hibernating,2,2,2,222,574,1,255.93,255.93,0.0,2,574,0.0,0.0
C10361,Champions,5,4,3,543,17,6,657.69,109.615,0.32,5,363,0.333,0.0
C10362,New & Promising,3,2,1,321,288,1,59.96,59.96,0.0,1,288,0.0,0.0
C10363,Steady Regulars,5,4,5,545,24,6,2075.07,345.845,0.049,4,532,1.0,0.0
C10364,Lapsed / Hibernating,1,3,3,133,1006,3,504.96,168.32,0.515,2,1085,1.0,0.0
C10365,Steady Regulars,4,3,3,433,53,3,476.97,158.99,0.0,1,414,1.0,0.0
C10366,Deal Hunters,3,2,1,321,192,1,82.38,82.38,0.709,2,192,1.0,0.0
C10367,Champions,3,4,4,344,127,7,832.38,118.911,0.186,7,537,0.429,0.125
C10368,Lapsed / Hibernating,2,2,2,222,694,1,125.99,125.99,0.0,1,694,1.0,0.0
C10369,Deal Hunters,3,3,3,333,214,3,477.5,159.167,0.724,4,467,0.333,0.125
C10373,Lapsed / Hibernating,2,2,1,221,583,1,47.96,47.96,0.0,1,583,0.0,0.0
C10374,Steady Regulars,3,3,3,333,196,2,283.77,141.885,0.51,2,342,1.0,0.5
C10375,Lapsed / Hibernating,1,2,1,121,742,1,8.09,8.09,1.0,1,742,1.0,0.0
C10376,Steady Regulars,3,4,3,343,229,5,617.1,123.42,0.086,3,515,1.0,0.111
C10377,Champions,5,5,5,555,12,65,13258.58,203.978,0.183,8,675,0.2,0.045
C10378,Champions,5,5,5,555,8,21,2359.97,112.38,0.043,6,593,0.905,0.103
C10379,Lapsed / Hibernating,1,4,4,144,994,7,918.13,131.161,0.181,4,1090,0.0,0.077
C10380,Steady Regulars,3,4,4,344,239,5,803.38,160.676,0.247,4,892,0.4,0.083
C10382,Lapsed / Hibernating,2,2,2,222,665,1,113.39,113.39,1.0,1,665,1.0,0.0
C10383,Champions,3,5,5,355,357,13,3235.81,248.908,0.253,6,756,0.923,0.182
C10384,Lapsed / Hibernating,1,2,2,122,868,1,116.58,116.58,0.726,2,868,1.0,0.0
C10385,Lapsed / Hibernating,1,4,4,144,732,7,1023.87,146.267,0.0,4,1049,0.857,0.167
C10386,Champions,4,5,5,455,66,34,6262.57,184.193,0.031,5,884,0.912,0.075
C10387,Deal Hunters,3,3,1,331,326,2,39.73,19.865,1.0,2,359,1.0,0.0
C10389,Lapsed / Hibernating,1,2,2,122,883,1,86.98,86.98,0.0,1,883,0.0,0.0
C10390,Steady Regulars,4,4,3,443,69,9,473.83,52.648,0.0,5,735,1.0,0.071
C10391,Lapsed / Hibernating,1,2,1,121,955,1,32.97,32.97,0.0,1,955,1.0,0.0
C10393,Lapsed / Hibernating,1,3,4,134,950,2,762.93,381.465,0.0,2,1042,1.0,0.0
C10394,Champions,5,5,5,555,5,31,3803.31,122.687,0.223,7,1096,0.806,0.073
C10396,Lapsed / Hibernating,2,2,3,223,420,1,547.98,547.98,0.0,1,420,1.0,0.0
C10397,Lapsed / Hibernating,2,3,3,233,537,3,363.92,121.307,0.0,4,930,1.0,0.167
C10398,Champions,3,5,5,355,352,12,1752.5,146.042,0.245,6,1065,0.0,0.04
C10399,Lapsed / Hibernating,2,2,1,221,701,1,84.97,84.97,0.0,1,701,1.0,0.0
C10400,Lapsed / Hibernating,1,2,1,121,849,1,40.99,40.99,0.0,1,849,1.0,0.0
C10402,New & Promising,5,2,1,521,23,1,19.98,19.98,0.0,1,23,1.0,0.0
C10403,Champions,5,4,5,545,8,10,3187.65,318.765,0.086,7,369,0.0,0.115
C10405,Lapsed / Hibernating,2,4,3,243,698,5,360.92,72.184,0.0,4,1090,1.0,0.0
C10406,Champions,5,4,4,544,18,8,1135.84,141.98,0.372,7,230,1.0,0.05
C10407,Champions,4,5,5,455,113,27,4775.61,176.874,0.11,7,1083,0.889,0.043
C10408,Lapsed / Hibernating,1,2,1,121,991,1,8.99,8.99,0.0,1,991,1.0,0.0
C10409,Lapsed / Hibernating,1,2,1,121,737,1,39.99,39.99,0.0,1,737,0.0,0.0
C10410,Lapsed / Hibernating,2,5,4,254,482,12,1516.96,126.413,0.208,6,1088,1.0,0.154
C10411,Lapsed / Hibernating,1,2,2,122,935,1,263.94,263.94,0.0,4,935,1.0,0.0
C10412,Champions,3,4,4,344,236,7,1246.2,178.029,0.247,6,917,0.0,0.2
C10413,Steady Regulars,3,4,4,344,248,5,1444.27,288.854,0.121,5,572,1.0,0.231
C10414,Lapsed / Hibernating,1,2,2,122,1083,1,92.56,92.56,0.363,2,1083,1.0,0.0
C10415,Steady Regulars,4,3,3,433,40,3,571.9,190.633,0.0,3,285,1.0,0.0
C10417,New & Promising,5,3,1,531,24,4,72.95,18.238,0.0,4,614,0.75,0.2
C10418,Champions,4,5,5,455,81,32,6732.19,210.381,0.231,7,1096,0.188,0.054
C10419,Lapsed / Hibernating,1,3,3,133,868,2,394.93,197.465,0.0,4,932,0.5,0.0
C10420,Lapsed / Hibernating,2,3,3,233,608,4,406.95,101.738,0.0,4,1048,0.25,0.286
C10421,Champions,3,5,5,355,152,17,2606.98,153.352,0.085,5,610,0.882,0.122
C10422,Steady Regulars,5,4,3,543,9,5,285.3,57.06,0.433,4,535,1.0,0.182
C10424,Lapsed / Hibernating,2,2,4,224,539,1,1090.95,1090.95,0.0,3,539,1.0,0.0
C10426,Lapsed / Hibernating,2,2,1,221,442,1,0.0,0.0,0.0,1,442,1.0,1.0
C10428,Lapsed / Hibernating,2,3,3,233,465,4,552.94,138.235,0.0,2,667,1.0,0.143
C10429,Lapsed / Hibernating,2,2,1,221,455,1,37.99,37.99,0.0,1,455,0.0,0.0
C10430,Lapsed / Hibernating,2,3,4,234,375,4,999.02,249.755,0.955,4,656,0.75,0.0
C10431,Steady Regulars,3,3,4,334,218,4,1260.95,315.238,0.085,5,617,1.0,0.0
C10432,Lapsed / Hibernating,1,2,1,121,1088,1,78.99,78.99,0.0,1,1088,0.0,0.0
C10433,Steady Regulars,3,3,4,334,224,4,835.3,208.825,0.09,3,577,0.75,0.222
C10434,Lapsed / Hibernating,2,2,3,223,491,1,282.97,282.97,0.0,2,491,0.0,0.0
C10435,New & Promising,4,2,1,421,115,1,79.97,79.97,0.0,1,115,1.0,0.0
C10436,Lapsed / Hibernating,1,2,2,122,1065,1,112.93,112.93,0.0,3,1065,1.0,0.0
C10440,Lapsed / Hibernating,2,2,1,221,566,1,24.99,24.99,0.0,1,566,1.0,0.0
C10442,Lapsed / Hibernating,1,3,2,132,909,2,201.08,100.54,0.08,3,1055,1.0,0.0
C10444,Steady Regulars,3,3,3,333,314,3,532.92,177.64,0.0,2,489,1.0,0.0
C10445,Champions,4,5,5,455,62,17,3305.35,194.432,0.12,8,635,0.941,0.026
C10447,Steady Regulars,4,3,2,432,117,2,217.55,108.775,0.154,3,396,1.0,0.0
C10448,Lapsed / Hibernating,1,3,4,134,1033,2,975.04,487.52,0.23,2,1056,0.0,0.0
C10449,Steady Regulars,3,2,2,322,329,1,219.95,219.95,0.0,2,329,1.0,0.0
C10450,Champions,5,5,5,555,27,61,10757.69,176.356,0.131,6,1094,0.836,0.173
C10451,Champions,5,4,5,545,26,10,2115.83,211.583,0.172,6,380,0.2,0.091
C10452,Lapsed / Hibernating,1,4,3,143,726,5,316.92,63.384,0.0,4,981,1.0,0.111
C10453,Champions,4,4,4,444,76,8,1071.23,133.904,0.084,7,484,0.0,0.062
C10454,Lapsed / Hibernating,2,2,1,221,463,1,0.0,0.0,0.0,1,463,1.0,1.0
C10455,Champions,5,5,5,555,10,12,2035.53,169.628,0.043,6,906,0.167,0.125
C10456,New & Promising,5,3,1,531,12,2,43.56,21.78,0.092,3,381,0.0,0.333
C10458,Lapsed / Hibernating,1,4,4,144,797,7,721.04,103.006,0.361,7,1096,0.143,0.0
C10459,Champions,4,4,4,444,96,9,1164.8,129.422,0.106,6,774,0.889,0.0
C10460,Lapsed / Hibernating,2,2,2,222,703,1,166.98,166.98,0.0,1,703,1.0,0.0
C10461,Lapsed / Hibernating,2,3,3,233,680,2,297.98,148.99,0.295,2,750,0.0,0.667
C10462,Lapsed / Hibernating,1,4,3,143,903,5,600.91,120.182,0.0,5,1007,0.4,0.222
C10464,Champions,5,5,5,555,3,11,1775.92,161.447,0.114,5,542,1.0,0.08
C10465,New & Promising,4,2,1,421,30,1,69.98,69.98,0.0,1,30,1.0,0.0
C10466,Lapsed / Hibernating,2,2,1,221,688,1,17.99,17.99,0.0,1,688,0.0,0.0
C10468,Steady Regulars,5,3,4,534,17,4,671.08,167.77,0.091,4,161,1.0,0.0
C10470,Lapsed / Hibernating,2,4,4,244,638,7,1400.74,200.106,0.184,4,1015,0.143,0.056
C10471,Deal Hunters,5,2,2,522,11,1,106.15,106.15,0.661,2,11,0.0,0.0
C10472,Lapsed / Hibernating,2,3,4,234,401,3,845.62,281.873,0.47,4,667,0.0,0.0
C10473,Steady Regulars,3,3,2,332,277,2,252.96,126.48,0.069,3,335,0.0,0.25
C10474,Lapsed / Hibernating,1,2,1,121,1064,1,30.98,30.98,0.0,2,1064,1.0,0.0
C10475,Champions,5,5,5,555,9,61,10204.24,167.283,0.191,7,1089,0.164,0.095
C10477,Champions,4,4,5,445,69,10,3197.42,319.742,0.089,7,1021,0.9,0.0
C10479,Lapsed / Hibernating,1,2,3,123,957,1,371.96,371.96,0.0,2,957,1.0,0.0
C10480,New & Promising,5,3,2,532,19,2,106.15,53.075,0.218,4,164,1.0,0.0
C10481,Lapsed / Hibernating,2,3,3,233,656,4,425.7,106.425,0.187,4,943,0.0,0.0
C10482,Steady Regulars,3,2,3,323,215,1,367.98,367.98,0.0,1,215,1.0,0.0
C10483,Steady Regulars,3,4,4,344,191,5,1065.87,213.174,0.112,4,1071,1.0,0.1
C10485,Lapsed / Hibernating,1,3,3,133,897,3,512.94,170.98,0.0,4,973,1.0,0.0
C10486,Lapsed / Hibernating,2,2,2,222,405,1,263.91,263.91,0.0,2,405,1.0,0.0
C10487,Champions,5,4,4,544,5,8,1028.67,128.584,0.151,5,334,1.0,0.214
C10488,Lapsed / Hibernating,2,4,4,244,417,7,1182.78,168.969,0.045,6,826,0.286,0.059
C10489,Champions,4,5,5,455,30,20,3528.99,176.45,0.062,8,432,0.35,0.023
C10490,Steady Regulars,5,4,4,544,26,5,886.22,177.244,0.152,4,261,0.8,0.2
C10491,Lapsed / Hibernating,1,2,2,122,870,1,254.78,254.78,0.961,2,870,1.0,0.0
C10492,Champions,4,5,4,454,32,11,1143.96,103.996,0.176,6,732,0.818,0.053
C10493,Lapsed / Hibernating,1,3,3,133,937,4,544.82,136.205,0.013,5,1087,1.0,0.25
C10494,New & Promising,4,2,1,421,28,1,0.0,0.0,0.0,1,28,0.0,1.0
C10495,Champions,4,4,4,444,47,7,1460.21,208.601,0.134,5,1065,0.857,0.133
C10496,Lapsed / Hibernating,1,2,1,121,1083,1,17.98,17.98,0.0,1,1083,0.0,0.0
C10497,New & Promising,3,2,1,321,154,1,13.99,13.99,0.0,1,154,1.0,0.0
C10499,New & Promising,5,2,2,522,27,1,253.16,253.16,0.107,2,27,1.0,0.0
C10500,Steady Regulars,5,3,4,534,19,4,845.91,211.478,0.068,4,485,0.75,0.222
C10502,Champions,5,5,5,555,14,32,4476.57,139.893,0.055,7,1084,0.094,0.062
C10504,Lapsed / Hibernating,2,2,2,222,460,1,260.92,260.92,0.0,3,460,0.0,0.0
C10505,Lapsed / Hibernating,2,2,2,222,606,1,214.25,214.25,0.706,2,606,1.0,0.0
C10507,Champions,5,5,5,555,7,14,3310.04,236.431,0.089,6,988,0.857,0.056
C10508,Steady Regulars,3,2,3,323,143,1,348.73,348.73,0.409,2,143,1.0,0.0
C10512,Lapsed / Hibernating,1,2,2,122,1086,1,104.18,104.18,0.76,2,1086,1.0,0.0
C10513,Champions,5,5,5,555,19,24,6305.04,262.71,0.031,5,1083,0.167,0.03
C10515,Champions,4,5,5,455,40,24,5200.32,216.68,0.124,7,1088,0.833,0.115
C10516,Steady Regulars,5,3,3,533,9,3,505.29,168.43,0.385,4,92,1.0,0.0
C10517,New & Promising,4,2,1,421,89,1,69.95,69.95,0.0,1,89,0.0,0.0
C10518,Lapsed / Hibernating,1,2,1,121,985,1,65.99,65.99,0.0,1,985,1.0,0.0
C10519,Lapsed / Hibernating,2,2,3,223,494,1,389.86,389.86,0.728,2,494,1.0,0.0
C10520,Steady Regulars,4,3,4,434,118,2,701.24,350.62,0.313,3,167,0.0,0.0
C10521,Steady Regulars,4,3,3,433,47,4,567.91,141.978,0.0,3,1053,1.0,0.1
C10522,Lapsed / Hibernating,1,2,3,123,887,1,513.96,513.96,0.0,2,887,1.0,0.0
C10523,Lapsed / Hibernating,2,2,1,221,367,1,64.98,64.98,0.0,1,367,1.0,0.0
C10526,Champions,5,5,5,555,24,16,3068.03,191.752,0.156,6,956,1.0,0.211
C10528,Champions,4,5,5,455,59,20,2326.85,116.342,0.207,7,1083,0.1,0.056
C10529,Steady Regulars,4,2,3,423,57,1,307.97,307.97,0.0,2,57,0.0,0.0
C10530,Lapsed / Hibernating,2,3,2,232,509,2,230.02,115.01,0.122,2,590,1.0,0.0
C10532,Steady Regulars,5,4,3,543,11,6,539.14,89.857,0.024,4,172,1.0,0.091
C10534,Lapsed / Hibernating,1,2,1,121,705,1,11.99,11.99,0.559,3,705,1.0,0.667
C10535,New & Promising,3,2,2,322,272,1,106.99,106.99,0.0,1,272,0.0,0.0
C10536,Deal Hunters,4,3,2,432,34,2,206.76,103.38,0.67,3,96,1.0,0.25
C10537,Steady Regulars,4,3,3,433,69,2,570.95,285.475,0.0,4,164,1.0,0.0
C10538,Champions,5,5,5,555,18,13,1759.23,135.325,0.061,7,703,0.077,0.154
C10539,Steady Regulars,3,3,4,334,155,2,768.91,384.455,0.0,4,255,0.5,0.0
C10540,New & Promising,3,2,1,321,257,1,18.99,18.99,0.0,1,257,1.0,0.0
C10541,Lapsed / Hibernating,1,2,1,121,785,1,16.99,16.99,0.109,2,785,0.0,0.667
C10544,Champions,4,4,4,444,34,8,908.72,113.59,0.17,6,755,0.875,0.133
C10546,Champions,5,5,5,555,2,52,11094.09,213.348,0.155,8,926,0.846,0.105
C10547,Lapsed / Hibernating,1,4,5,145,833,9,1723.97,191.552,0.44,4,1093,0.222,0.059
C10548,Champions,5,5,5,555,2,21,4427.76,210.846,0.144,7,1047,0.857,0.065
C10550,Lapsed / Hibernating,2,4,4,244,642,9,1609.52,178.836,0.028,7,1056,0.889,0.111
C10551,Champions,4,5,5,455,51,20,3633.79,181.69,0.095,6,1068,0.2,0.091
C10552,Steady Regulars,4,4,4,444,30,8,1206.43,150.804,0.036,4,353,0.875,0.071
C10553,Lapsed / Hibernating,1,3,1,131,755,2,31.38,15.69,0.08,2,967,0.5,0.5
C10554,New & Promising,4,2,1,421,90,1,17.99,17.99,0.0,1,90,0.0,0.0
C10556,Steady Regulars,5,3,3,533,22,4,655.53,163.882,0.451,3,335,1.0,0.0
C10557,Lapsed / Hibernating,2,2,1,221,548,1,57.98,57.98,0.0,2,548,0.0,0.0
C10559,Champions,5,5,4,554,16,13,1650.03,126.925,0.201,7,1088,0.077,0.033
C10560,Lapsed / Hibernating,2,4,4,244,385,5,1117.85,223.57,0.024,5,666,0.4,0.0
C10561,Steady Regulars,3,3,3,333,251,4,297.95,74.488,0.0,4,1055,1.0,0.0
C10562,Champions,5,5,5,555,16,19,3941.33,207.438,0.077,8,1076,0.895,0.114
C10563,Lapsed / Hibernating,2,2,2,222,644,1,104.98,104.98,1.0,1,644,1.0,0.0
C10564,Lapsed / Hibernating,1,3,3,133,762,2,339.03,169.515,0.466,3,870,1.0,0.0
C10567,Lapsed / Hibernating,2,3,2,232,526,2,199.01,99.505,0.146,4,889,0.0,0.143
C10569,Lapsed / Hibernating,1,2,1,121,706,1,0.0,0.0,1.0,1,706,1.0,1.0
C10570,Champions,4,5,5,455,50,23,3460.72,150.466,0.062,6,1091,0.043,0.034
C10573,Lapsed / Hibernating,2,4,4,244,382,8,1214.48,151.81,0.44,5,1017,1.0,0.071
C10574,New & Promising,5,3,2,532,25,2,192.58,96.29,0.071,2,165,1.0,0.0
C10575,Steady Regulars,5,4,4,544,19,5,1055.61,211.122,0.069,4,842,1.0,0.0
C10577,Steady Regulars,4,5,5,455,112,12,2390.74,199.228,0.242,3,1027,0.917,0.034
C10578,Champions,5,5,5,555,27,29,5675.13,195.694,0.356,7,1041,0.103,0.071
C10579,New & Promising,4,2,1,421,66,1,37.98,37.98,0.0,2,66,1.0,0.0
C10580,Steady Regulars,4,2,3,423,49,1,343.94,343.94,0.0,3,49,1.0,0.0
C10581,New & Promising,4,2,1,421,120,1,78.99,78.99,0.0,1,120,1.0,0.0
C10583,Lapsed / Hibernating,2,2,2,222,582,1,90.99,90.99,0.0,1,582,1.0,0.0
C10584,Deal Hunters,4,2,1,421,36,1,0.0,0.0,1.0,1,36,0.0,1.0
C10585,Steady Regulars,5,4,4,544,27,5,1228.89,245.778,0.0,4,91,1.0,0.2
C10586,Lapsed / Hibernating,2,2,2,222,514,1,185.95,185.95,0.0,3,514,0.0,0.333
C10589,Champions,5,5,5,555,14,52,9334.75,179.514,0.111,7,663,0.865,0.117
C10590,Champions,5,5,5,555,1,63,13332.15,211.621,0.137,7,1074,0.175,0.101
C10591,Deal Hunters,5,4,4,544,15,6,791.81,131.968,0.708,5,156,0.5,0.0
C10592,Champions,3,5,5,355,352,11,2133.72,193.975,0.248,8,708,0.182,0.1
C10593,Lapsed / Hibernating,1,2,1,121,729,1,63.89,63.89,1.0,1,729,1.0,0.0
C10594,Lapsed / Hibernating,2,3,2,232,568,4,198.36,49.59,0.336,5,1067,1.0,0.2
C10596,Champions,5,4,4,544,16,9,1536.42,170.713,0.184,6,181,0.0,0.087
C10597,Steady Regulars,4,3,3,433,31,4,618.31,154.578,0.093,5,882,0.25,0.0
C10598,Steady Regulars,5,3,3,533,13,2,382.93,191.465,0.117,3,25,0.0,0.0
C10600,Champions,5,4,4,544,12,7,1376.94,196.706,0.125,7,183,0.0,0.062
C10602,Steady Regulars,4,3,2,432,115,4,264.95,66.238,0.0,2,365,0.25,0.0
C10603,Lapsed / Hibernating,1,2,3,123,1064,1,323.98,323.98,0.0,1,1064,0.0,0.0
C10605,Lapsed / Hibernating,2,2,1,221,427,1,58.97,58.97,0.0,2,427,0.0,0.0
C10606,New & Promising,3,2,2,322,211,1,118.99,118.99,0.0,2,211,1.0,0.5
C10607,Champions,4,5,4,454,42,11,1567.06,142.46,0.089,6,873,1.0,0.12
C10609,Steady Regulars,3,3,4,334,149,4,1243.25,310.812,0.128,6,458,0.0,0.0
C10610,Steady Regulars,3,2,3,323,225,1,562.96,562.96,0.0,2,225,1.0,0.0
C10613,Deal Hunters,4,2,2,422,38,1,193.89,193.89,1.0,1,38,0.0,0.0
C10614,Steady Regulars,5,3,4,534,2,4,688.41,172.102,0.176,3,289,1.0,0.0
C10615,Lapsed / Hibernating,1,4,3,143,756,5,426.71,85.342,0.052,4,1054,0.8,0.286
C10617,Steady Regulars,4,3,3,433,66,4,563.9,140.975,0.0,4,618,1.0,0.0
C10618,Lapsed / Hibernating,2,2,2,222,610,1,109.33,109.33,0.085,2,610,1.0,0.0
C10619,Lapsed / Hibernating,2,2,2,222,701,1,190.98,190.98,0.0,2,701,0.0,0.0
C10620,Champions,5,5,5,555,25,20,5129.44,256.472,0.284,8,564,0.75,0.059
C10621,Lapsed / Hibernating,1,3,2,132,843,4,239.96,59.99,0.0,4,1084,0.0,0.0
C10624,Champions,5,4,4,544,19,6,1295.29,215.882,0.413,7,563,0.0,0.0
C10625,Champions,5,4,4,544,14,8,1113.04,139.13,0.29,6,320,0.625,0.2
C10626,Champions,4,5,5,455,79,14,1998.83,142.774,0.212,7,1075,1.0,0.069
C10627,Lapsed / Hibernating,1,3,3,133,766,3,431.02,143.673,0.054,3,1035,1.0,0.0
C10628,Deal Hunters,4,2,1,421,32,1,0.0,0.0,1.0,1,32,1.0,1.0
C10629,Steady Regulars,5,4,4,544,18,5,715.38,143.076,0.298,5,308,0.4,0.111
C10630,Lapsed / Hibernating,1,3,2,132,990,2,146.33,73.165,0.324,4,1073,0.5,0.0
C10631,New & Promising,3,2,1,321,210,1,30.99,30.99,0.0,1,210,1.0,0.0
C10632,Steady Regulars,3,3,3,333,267,2,586.95,293.475,0.0,3,323,1.0,0.0
C10633,Deal Hunters,3,4,3,343,258,7,420.66,60.094,0.699,3,1041,0.714,0.111
C10635,Champions,5,5,5,555,27,26,5004.12,192.466,0.151,8,1042,0.808,0.034
C10636,Lapsed / Hibernating,1,2,1,121,974,1,29.67,29.67,0.049,3,974,1.0,0.5
C10640,Lapsed / Hibernating,2,2,1,221,455,1,49.98,49.98,0.0,2,455,1.0,0.0
C10641,New & Promising,5,2,3,523,4,1,523.96,523.96,0.0,2,4,1.0,0.0
C10642,Lapsed / Hibernating,1,3,2,132,1030,2,229.93,114.965,0.0,3,1049,1.0,0.0
C10643,Champions,5,4,4,544,15,10,1589.89,158.989,0.213,7,593,0.1,0.074
C10644,Champions,4,4,4,444,69,8,1018.27,127.284,0.262,6,759,0.125,0.0
C10645,Champions,3,4,4,344,186,9,1579.24,175.471,0.385,6,744,0.222,0.0
C10646,Lapsed / Hibernating,2,2,2,222,523,1,243.97,243.97,0.0,3,523,1.0,0.0
C10647,Lapsed / Hibernating,1,2,1,121,1015,1,35.97,35.97,0.0,2,1015,0.0,0.0
C10648,Steady Regulars,3,2,2,322,153,1,138.94,138.94,0.0,2,153,1.0,0.0
C10649,Lapsed / Hibernating,2,3,3,233,701,3,410.84,136.947,0.411,4,1074,0.333,0.0
C10650,New & Promising,4,2,2,422,75,1,91.96,91.96,0.0,1,75,1.0,0.0
C10651,Steady Regulars,3,4,5,345,161,9,2017.25,224.139,0.075,4,617,0.889,0.095
C10652,Lapsed / Hibernating,1,2,1,121,1069,1,28.99,28.99,0.0,1,1069,0.0,0.0
C10653,New & Promising,5,2,2,522,27,1,125.58,125.58,0.108,2,27,1.0,0.0
C10654,Champions,3,5,5,355,148,41,10430.58,254.404,0.077,8,1048,0.244,0.062
C10655,Lapsed / Hibernating,1,2,2,122,750,1,153.82,153.82,1.0,2,750,1.0,0.0
C10656,Lapsed / Hibernating,1,3,2,132,906,2,254.96,127.48,0.0,3,1005,0.5,0.0
C10657,Lapsed / Hibernating,1,3,4,134,737,2,860.04,430.02,0.009,3,755,0.5,0.167
C10658,Champions,5,5,5,555,26,50,12359.12,247.182,0.133,6,1080,0.92,0.034
C10660,Lapsed / Hibernating,1,3,3,133,963,3,477.04,159.013,0.088,2,1054,1.0,0.167
C10661,Lapsed / Hibernating,1,2,1,121,746,1,53.98,53.98,0.0,1,746,1.0,0.0
C10662,Steady Regulars,4,4,4,444,68,7,816.9,116.7,0.0,4,1012,1.0,0.091
C10663,Champions,5,5,5,555,15,43,7034.93,163.603,0.147,8,809,0.14,0.139
C10664,Lapsed / Hibernating,1,4,3,143,982,5,442.2,88.44,0.111,4,1082,1.0,0.0
C10665,Steady Regulars,5,2,4,524,9,1,695.98,695.98,0.0,1,9,1.0,0.0
C10666,Lapsed / Hibernating,2,2,1,221,673,1,81.98,81.98,0.0,2,673,1.0,0.0
C10667,Lapsed / Hibernating,2,2,2,222,508,1,118.14,118.14,1.0,1,508,1.0,0.5
C10668,Steady Regulars,5,4,4,544,13,5,1153.86,230.772,0.077,4,139,1.0,0.091
C10669,Lapsed / Hibernating,2,2,2,222,523,1,165.99,165.99,0.0,1,523,1.0,0.0
C10670,Deal Hunters,4,2,1,421,31,1,76.98,76.98,1.0,1,31,0.0,0.0
C10671,Lapsed / Hibernating,1,4,4,144,862,10,1039.74,103.974,0.167,7,1091,0.1,0.053
C10672,Steady Regulars,4,3,2,432,31,3,222.27,74.09,0.352,3,253,1.0,0.0
C10673,Champions,5,5,4,554,9,14,1137.52,81.251,0.208,7,971,0.857,0.107
C10674,Lapsed / Hibernating,1,2,2,122,826,1,149.26,149.26,0.343,2,826,0.0,0.0
C10675,Lapsed / Hibernating,1,2,1,121,857,1,31.99,31.99,0.0,1,857,1.0,0.0
C10676,New & Promising,4,2,1,421,117,1,79.99,79.99,0.0,1,117,1.0,0.0
C10678,Champions,5,5,5,555,19,23,2901.87,126.168,0.424,6,783,0.087,0.051
C10679,Deal Hunters,3,2,2,322,139,1,95.18,95.18,1.0,1,139,1.0,0.0
C10680,Lapsed / Hibernating,1,2,2,122,1041,1,261.97,261.97,0.0,2,1041,0.0,0.0
C10681,Deal Hunters,3,2,2,322,279,1,184.48,184.48,1.0,1,279,0.0,0.0
C10683,Champions,4,5,5,455,90,27,4458.58,165.133,0.149,7,1052,0.074,0.111
C10684,New & Promising,4,3,2,432,79,4,122.93,30.732,0.0,3,859,0.5,0.0
C10685,Champions,4,5,4,454,30,15,1548.9,103.26,0.234,7,731,0.867,0.154
C10686,Lapsed / Hibernating,1,3,2,132,769,2,142.26,71.13,0.536,3,801,1.0,0.0
C10687,Champions,4,5,4,454,52,14,1564.29,111.735,0.023,4,875,0.929,0.111
C10690,Champions,5,4,4,544,10,9,1109.56,123.284,0.041,4,874,1.0,0.059
C10691,Steady Regulars,4,4,4,444,34,6,1425.62,237.603,0.137,3,411,1.0,0.25
C10692,Lapsed / Hibernating,2,2,2,222,576,1,138.99,138.99,0.0,1,576,0.0,0.0
C10693,Lapsed / Hibernating,2,3,2,232,583,3,228.94,76.313,0.0,3,645,1.0,0.0
C10694,Deal Hunters,4,2,2,422,35,1,151.15,151.15,1.0,2,35,1.0,0.0
C10695,Champions,4,5,5,455,29,25,7288.0,291.52,0.098,8,1041,0.2,0.042
C10696,Deal Hunters,5,2,1,521,19,1,52.38,52.38,0.447,2,19,1.0,0.0
C10697,Lapsed / Hibernating,2,3,2,232,389,3,215.36,71.787,0.122,5,715,0.0,0.2
C10698,Steady Regulars,3,3,3,333,229,2,417.98,208.99,0.0,2,419,1.0,0.0
C10699,New & Promising,4,2,2,422,53,1,215.97,215.97,0.0,2,53,0.0,0.0
C10700,Steady Regulars,4,4,2,442,35,7,261.45,37.35,0.171,5,356,1.0,0.1
C10701,Champions,4,4,5,445,49,9,1953.66,217.073,0.157,6,225,1.0,0.0
C10702,Lapsed / Hibernating,2,4,5,245,496,5,1883.46,376.692,0.525,6,971,0.4,0.0
C10703,Lapsed / Hibernating,1,2,1,121,825,1,58.97,58.97,0.0,2,825,0.0,0.0
C10704,Steady Regulars,4,4,4,444,80,5,1122.57,224.514,0.1,4,721,1.0,0.0
C10705,Lapsed / Hibernating,2,2,2,222,593,1,175.98,175.98,0.0,1,593,1.0,0.0
C10707,Lapsed / Hibernating,2,2,1,221,381,1,16.79,16.79,1.0,1,381,1.0,0.5
C10708,Steady Regulars,4,4,4,444,57,5,933.11,186.622,0.175,4,454,0.8,0.091
C10709,Lapsed / Hibernating,2,5,5,255,390,47,8112.99,172.617,0.249,7,1091,0.085,0.062
C10710,Steady Regulars,3,3,2,332,178,3,164.55,54.85,0.042,4,266,1.0,0.429
C10711,Lapsed / Hibernating,1,3,3,133,930,4,497.38,124.345,0.097,3,1057,0.25,0.0
C10712,Lapsed / Hibernating,1,5,5,155,758,11,2163.36,196.669,0.1,5,1035,0.091,0.1
C10714,Lapsed / Hibernating,2,2,1,221,618,1,32.99,32.99,0.0,1,618,1.0,0.0
C10715,Deal Hunters,3,2,1,321,361,1,38.58,38.58,0.456,2,361,1.0,0.0
C10716,New & Promising,4,2,2,422,122,1,87.98,87.98,0.0,2,122,1.0,0.0
C10717,Lapsed / Hibernating,2,2,2,222,375,1,99.98,99.98,0.0,2,375,1.0,0.333
C10718,Champions,3,5,5,355,186,12,3098.58,258.215,0.022,7,1052,0.083,0.1
C10719,Lapsed / Hibernating,1,3,4,134,724,4,1369.01,342.252,0.587,5,992,1.0,0.0
C10720,Lapsed / Hibernating,2,3,3,233,439,4,601.83,150.458,0.169,3,662,1.0,0.25
C10721,Deal Hunters,3,2,3,323,297,1,414.57,414.57,0.682,2,297,1.0,0.0
C10722,Lapsed / Hibernating,1,3,2,132,1071,2,96.56,48.28,0.773,4,1094,0.5,0.2
C10723,Lapsed / Hibernating,1,2,1,121,769,1,39.19,39.19,1.0,2,769,0.0,0.5
C10724,Lapsed / Hibernating,2,2,1,221,696,1,41.99,41.99,0.0,1,696,1.0,0.0
C10728,Steady Regulars,5,3,4,534,15,2,726.74,363.37,0.194,3,93,1.0,0.0
C10729,Lapsed / Hibernating,2,3,2,232,395,2,152.35,76.175,0.469,3,470,1.0,0.0
C10732,New & Promising,5,2,3,523,11,1,308.25,308.25,0.283,2,11,1.0,0.0
C10733,Deal Hunters,4,3,3,433,34,2,296.57,148.285,0.821,1,108,0.0,0.0
C10734,New & Promising,4,2,1,421,88,1,28.99,28.99,0.0,1,88,1.0,0.0
C10736,New & Promising,3,2,2,322,143,1,145.98,145.98,0.0,1,143,1.0,0.0
C10737,Lapsed / Hibernating,1,2,1,121,987,1,70.97,70.97,0.0,3,987,1.0,0.0
C10739,Steady Regulars,5,4,4,544,12,5,698.07,139.614,0.033,3,876,0.8,0.0
C10742,Lapsed / Hibernating,1,2,1,121,747,1,67.97,67.97,0.0,2,747,1.0,0.0
C10743,Champions,5,4,4,544,14,9,1059.74,117.749,0.138,4,717,0.889,0.059
C10745,Lapsed / Hibernating,1,3,3,133,1012,3,518.94,172.98,0.0,3,1081,0.667,0.2
C10746,Lapsed / Hibernating,1,4,5,145,831,7,2238.34,319.763,0.097,5,1062,1.0,0.125
C10747,Lapsed / Hibernating,2,2,1,221,583,1,22.99,22.99,0.0,1,583,1.0,0.0
C10749,Lapsed / Hibernating,1,2,1,121,818,1,29.97,29.97,0.0,1,818,1.0,0.0
C10751,Deal Hunters,3,2,2,322,340,1,244.08,244.08,0.623,1,340,0.0,0.0
C10752,Steady Regulars,3,3,3,333,246,2,603.87,301.935,0.0,5,373,0.0,0.0
C10754,New & Promising,3,2,1,321,264,1,26.99,26.99,0.412,2,264,1.0,0.5
C10755,New & Promising,5,2,2,522,8,1,186.98,186.98,0.0,1,8,1.0,0.0
C10756,Champions,3,5,5,355,147,11,2294.53,208.594,0.142,7,895,0.0,0.083
C10757,Lapsed / Hibernating,2,3,4,234,482,4,751.62,187.905,0.096,2,1088,0.0,0.111
C10758,Steady Regulars,3,2,3,323,165,1,394.98,394.98,0.0,2,165,1.0,0.0
C10759,Steady Regulars,3,4,4,344,363,5,876.47,175.294,0.251,5,1063,0.2,0.091
C10760,Lapsed / Hibernating,1,2,1,121,922,1,25.99,25.99,0.0,1,922,1.0,0.0
C10761,Champions,5,5,5,555,11,19,4223.73,222.302,0.073,8,1036,0.211,0.095
C10762,Lapsed / Hibernating,2,4,4,244,592,5,1045.92,209.184,0.0,4,931,1.0,0.111
C10764,Steady Regulars,4,3,2,432,33,3,241.36,80.453,0.385,4,174,0.667,0.2
C10765,Champions,5,5,5,555,19,19,2345.17,123.43,0.128,6,650,0.842,0.056
C10767,Lapsed / Hibernating,1,3,3,133,1018,3,502.94,167.647,0.0,2,1085,0.667,0.0
C10769,Steady Regulars,4,4,3,443,116,7,552.74,78.963,0.25,4,756,1.0,0.188
C10771,New & Promising,5,2,1,521,10,1,71.98,71.98,0.0,2,10,0.0,0.0
C10775,Lapsed / Hibernating,1,3,3,133,951,2,390.98,195.49,0.0,2,999,1.0,0.333
C10776,Lapsed / Hibernating,1,2,1,121,1096,1,76.97,76.97,0.0,2,1096,1.0,0.0
C10777,Lapsed / Hibernating,2,2,1,221,549,1,0.0,0.0,0.0,1,549,1.0,1.0
C10778,Lapsed / Hibernating,1,2,2,122,734,1,114.96,114.96,0.0,3,734,0.0,0.0
C10780,Steady Regulars,3,2,2,322,260,1,264.97,264.97,0.0,2,260,0.0,0.0
C10781,Lapsed / Hibernating,1,2,2,122,908,1,127.98,127.98,0.0,2,908,0.0,0.0
C10782,Lapsed / Hibernating,1,3,2,132,981,2,137.56,68.78,0.448,2,1086,1.0,0.0
C10783,Lapsed / Hibernating,2,3,3,233,393,3,457.09,152.363,0.131,5,762,0.333,0.111
C10784,New & Promising,4,2,2,422,91,1,87.99,87.99,0.0,1,91,0.0,0.0
C10785,Lapsed / Hibernating,1,2,3,123,779,1,360.98,360.98,0.0,1,779,1.0,0.0
C10787,Champions,5,5,5,555,20,23,4264.01,185.392,0.127,7,1093,0.174,0.086
C10788,Lapsed / Hibernating,1,3,3,133,1060,2,416.96,208.48,0.048,3,1094,0.0,0.0
C10789,Steady Regulars,5,4,4,544,18,6,1047.85,174.642,0.0,5,124,0.167,0.143
C10792,New & Promising,3,2,1,321,148,1,77.98,77.98,0.0,2,148,1.0,0.0
C10793,Steady Regulars,3,4,3,343,301,8,514.55,64.319,0.516,4,839,0.75,0.214
C10794,Lapsed / Hibernating,1,4,4,144,831,8,1145.79,143.224,0.198,3,981,1.0,0.0
C10795,Steady Regulars,3,3,3,333,320,3,606.14,202.047,0.16,3,639,0.667,0.0
C10796,Steady Regulars,3,4,3,343,180,6,611.32,101.887,0.096,3,621,0.833,0.0
C10797,Lapsed / Hibernating,2,5,5,255,383,11,2421.29,220.117,0.01,5,1054,0.273,0.077
C10798,Deal Hunters,3,2,2,322,142,1,141.08,141.08,1.0,1,142,1.0,0.0
C10799,Lapsed / Hibernating,2,3,2,232,621,3,237.87,79.29,0.0,4,815,0.0,0.143
C10800,Champions,5,5,5,555,25,12,2168.11,180.676,0.262,7,656,0.083,0.037
C10801,New & Promising,3,2,1,321,363,1,67.99,67.99,0.0,1,363,1.0,0.0
C10802,Champions,4,5,5,455,29,13,2258.75,173.75,0.202,5,1070,0.077,0.129
C10803,Lapsed / Hibernating,2,2,1,221,404,1,32.99,32.99,0.0,1,404,0.0,0.0
C10804,Lapsed / Hibernating,2,2,2,222,663,1,119.97,119.97,0.0,2,663,1.0,0.0
C10805,Champions,3,5,5,355,256,73,10757.39,147.362,0.135,7,1091,0.123,0.039
C10806,Lapsed / Hibernating,1,2,1,121,941,1,28.99,28.99,0.0,1,941,1.0,0.0
C10807,Champions,4,4,4,444,31,8,1170.41,146.301,0.373,6,426,0.125,0.0
C10808,Lapsed / Hibernating,2,2,2,222,666,1,167.98,167.98,0.0,2,666,1.0,0.0
C10809,Lapsed / Hibernating,2,2,2,222,369,1,92.98,92.98,0.0,1,369,0.0,0.0
C10812,Lapsed / Hibernating,2,4,4,244,420,8,1074.44,134.305,0.14,7,926,1.0,0.071
C10813,Lapsed / Hibernating,2,2,2,222,401,1,140.69,140.69,1.0,1,401,1.0,0.0
C10815,Steady Regulars,3,3,4,334,243,3,941.93,313.977,0.0,3,306,1.0,0.0
C10816,New & Promising,3,2,1,321,295,1,10.99,10.99,0.0,1,295,0.0,0.0
C10817,Lapsed / Hibernating,1,2,4,124,959,1,938.95,938.95,0.0,2,959,1.0,0.0
C10818,Steady Regulars,3,4,4,344,161,5,1058.7,211.74,0.196,6,601,1.0,0.0
C10822,Lapsed / Hibernating,1,2,2,122,929,1,194.37,194.37,0.3,2,929,0.0,0.0
C10823,New & Promising,4,2,2,422,63,1,178.97,178.97,0.0,1,63,0.0,0.0
C10825,Champions,5,4,3,543,3,6,628.47,104.745,0.374,5,353,1.0,0.308
C10828,Lapsed / Hibernating,2,2,1,221,530,1,62.97,62.97,0.0,1,530,1.0,0.0
C10829,Champions,5,5,5,555,5,40,7740.15,193.504,0.091,8,852,0.825,0.143
C10830,Champions,4,5,5,455,117,15,3174.43,211.629,0.132,7,900,0.333,0.0
C10831,Lapsed / Hibernating,2,2,3,223,626,1,281.96,281.96,0.0,2,626,0.0,0.0
C10832,Steady Regulars,3,3,3,333,296,4,580.91,145.228,0.0,2,455,0.25,0.0
C10834,Lapsed / Hibernating,1,3,2,132,1013,2,135.2,67.6,0.137,3,1032,0.5,0.2
C10835,Champions,5,5,5,555,9,23,4303.75,187.12,0.188,6,647,0.043,0.056
C10836,Steady Regulars,4,3,4,434,97,4,752.87,188.218,0.0,4,210,0.0,0.0
C10837,Champions,5,5,5,555,14,71,12966.43,182.626,0.097,8,1084,0.972,0.084
C10839,Champions,4,4,4,444,122,9,1553.69,172.632,0.033,6,936,0.222,0.136
C10840,Steady Regulars,4,4,4,444,40,5,1212.48,242.496,0.396,4,185,0.8,0.1
C10841,Lapsed / Hibernating,2,4,4,244,464,7,1254.74,179.249,0.36,3,1012,0.857,0.071
C10842,Steady Regulars,3,3,4,334,139,3,943.17,314.39,0.098,2,346,1.0,0.0
C10843,Steady Regulars,4,4,4,444,34,8,794.3,99.288,0.087,4,445,1.0,0.077
C10844,New & Promising,3,3,2,332,323,2,145.97,72.985,0.0,1,412,0.5,0.0
C10846,Lapsed / Hibernating,1,3,2,132,1036,2,122.97,61.485,0.0,2,1063,1.0,0.0
C10849,Lapsed / Hibernating,1,2,1,121,972,1,28.99,28.99,0.0,1,972,0.0,0.0
C10850,Lapsed / Hibernating,2,3,3,233,503,2,618.91,309.455,0.0,4,696,0.0,0.0
C10852,Steady Regulars,5,4,3,543,25,6,346.29,57.715,0.197,3,357,1.0,0.1
C10853,Steady Regulars,4,2,3,423,68,1,319.99,319.99,0.0,1,68,1.0,0.0
C10854,Lapsed / Hibernating,1,2,1,121,748,1,28.78,28.78,1.0,1,748,1.0,0.0
C10856,Lapsed / Hibernating,1,2,3,123,972,1,335.88,335.88,0.339,2,972,1.0,0.0
C10858,New & Promising,3,2,1,321,301,1,29.98,29.98,0.0,1,301,1.0,0.0
C10859,Champions,4,5,5,455,34,18,1961.41,108.967,0.041,7,1016,0.833,0.057
C10860,Lapsed / Hibernating,2,3,2,232,541,4,190.54,47.635,0.231,3,650,1.0,0.143
C10861,New & Promising,5,2,2,522,11,1,211.95,211.95,0.0,3,11,1.0,0.0
C10864,Lapsed / Hibernating,2,4,4,244,681,10,773.82,77.382,0.0,4,1083,0.8,0.176
C10865,Lapsed / Hibernating,2,2,1,221,696,1,60.98,60.98,0.0,2,696,0.0,0.0
C10866,Lapsed / Hibernating,1,2,1,121,1066,1,60.98,60.98,0.0,1,1066,1.0,0.0
C10867,Steady Regulars,4,4,4,444,68,6,854.83,142.472,0.295,4,780,0.333,0.0
C10869,Lapsed / Hibernating,1,2,3,123,818,1,307.99,307.99,0.0,1,818,1.0,0.0
C10870,Lapsed / Hibernating,1,2,1,121,919,1,53.98,53.98,0.0,1,919,0.0,0.0
C10872,Champions,5,4,4,544,4,8,718.7,89.838,0.064,4,372,0.125,0.0
C10873,Champions,3,5,5,355,256,20,4059.0,202.95,0.206,5,991,0.25,0.048
C10876,Steady Regulars,3,2,4,324,273,1,761.98,761.98,0.0,1,273,1.0,0.0
C10877,Lapsed / Hibernating,2,4,4,244,439,5,1213.53,242.706,0.084,5,782,0.4,0.0
C10878,Steady Regulars,4,3,4,434,36,4,787.93,196.983,0.479,3,413,0.25,0.111
C10881,Lapsed / Hibernating,1,3,3,133,995,2,395.96,197.98,0.0,2,998,1.0,0.0
C10882,Lapsed / Hibernating,1,2,3,123,1062,1,272.97,272.97,0.0,2,1062,0.0,0.0
C10883,Lapsed / Hibernating,1,2,3,123,990,1,299.98,299.98,0.0,1,990,0.0,0.0
C10884,New & Promising,5,2,3,523,5,1,294.96,294.96,0.0,1,5,0.0,0.0
C10885,Champions,5,5,5,555,23,25,3958.63,158.345,0.108,6,1057,0.16,0.102
C10887,Deal Hunters,4,3,3,433,90,3,313.15,104.383,0.636,3,1084,0.667,0.0
C10888,New & Promising,4,2,1,421,101,1,70.99,70.99,0.0,2,101,0.0,0.5
C10889,Lapsed / Hibernating,1,2,2,122,977,1,129.98,129.98,0.0,2,977,0.0,0.0
C10890,New & Promising,4,2,1,421,42,1,33.99,33.99,0.0,1,42,1.0,0.0
C10892,Steady Regulars,3,4,4,344,319,9,1532.93,170.326,0.052,4,810,0.0,0.056
C10894,Champions,5,5,5,555,10,38,5349.57,140.778,0.149,7,1066,0.211,0.132
C10895,Lapsed / Hibernating,2,2,4,224,570,1,697.95,697.95,0.0,2,570,0.0,0.0
C10898,Champions,5,5,5,555,11,19,2967.19,156.168,0.203,7,1063,0.947,0.048
C10900,Steady Regulars,5,2,3,523,22,1,365.98,365.98,0.0,2,22,1.0,0.0
C10901,Steady Regulars,4,3,4,434,68,4,739.91,184.978,0.0,4,599,1.0,0.0
C10904,Lapsed / Hibernating,2,4,4,244,618,5,673.52,134.704,0.158,6,942,1.0,0.143
C10905,Steady Regulars,4,4,3,443,92,6,516.85,86.142,0.0,4,435,0.667,0.083
C10906,Lapsed / Hibernating,2,4,3,243,565,6,583.3,97.217,0.46,3,879,0.0,0.083
C10911,Steady Regulars,4,2,2,422,63,1,206.98,206.98,0.0,3,63,1.0,0.333
C10912,Lapsed / Hibernating,2,4,3,243,371,5,336.87,67.374,0.0,5,472,0.4,0.0
C10914,Lapsed / Hibernating,2,2,3,223,453,1,274.98,274.98,0.0,1,453,1.0,0.0
C10916,Lapsed / Hibernating,1,2,2,122,832,1,117.98,117.98,0.0,2,832,1.0,0.0
C10917,Steady Regulars,5,3,3,533,15,2,466.97,233.485,0.0,3,67,1.0,0.0
C10918,Lapsed / Hibernating,2,5,5,255,515,17,3110.59,182.976,0.263,7,1090,0.118,0.023
C10919,Lapsed / Hibernating,2,5,5,255,397,21,5541.74,263.892,0.193,5,1047,0.095,0.135
C10920,Steady Regulars,3,2,2,322,318,1,225.99,225.99,0.0,1,318,1.0,0.0
C10922,Lapsed / Hibernating,1,2,1,121,1000,1,10.99,10.99,0.0,2,1000,1.0,0.5
C10923,Steady Regulars,4,3,4,434,110,4,846.14,211.535,0.239,4,953,0.25,0.333
C10924,Lapsed / Hibernating,2,4,4,244,512,8,1298.14,162.268,0.309,6,880,1.0,0.091
C10925,Lapsed / Hibernating,2,3,2,232,445,4,257.94,64.485,0.0,5,982,1.0,0.2
C10926,Steady Regulars,5,3,4,534,20,4,962.68,240.67,0.089,5,171,1.0,0.1
C10928,Champions,4,5,5,455,62,11,2772.85,252.077,0.012,8,529,0.091,0.074
C10930,Steady Regulars,3,4,5,345,178,9,2061.31,229.034,0.123,5,359,0.556,0.091
C10931,New & Promising,5,2,3,523,21,1,292.96,292.96,0.0,2,21,1.0,0.0
C10932,Lapsed / Hibernating,2,3,2,232,588,3,197.93,65.977,0.0,5,962,0.667,0.0
C10933,Champions,4,5,5,455,30,29,5973.37,205.978,0.115,7,1071,0.966,0.082
C10934,Lapsed / Hibernating,2,2,1,221,443,1,26.99,26.99,0.0,1,443,1.0,0.0
C10935,Lapsed / Hibernating,2,4,5,245,531,8,2148.74,268.593,0.062,5,890,1.0,0.053
C10936,Lapsed / Hibernating,1,3,3,133,755,4,284.92,71.23,0.807,4,1022,1.0,0.0
C10937,Lapsed / Hibernating,2,4,4,244,656,8,766.8,95.85,0.147,6,1051,1.0,0.154
C10938,Champions,4,5,5,455,57,16,2613.03,163.314,0.07,7,712,0.312,0.162
C10940,Deal Hunters,3,2,1,321,359,1,20.79,20.79,1.0,1,359,0.0,0.0
C10941,Lapsed / Hibernating,2,2,1,221,633,1,48.99,48.99,0.0,1,633,0.0,0.0
C10942,New & Promising,5,3,2,532,18,2,117.07,58.535,0.069,3,116,0.5,0.0
C10943,New & Promising,3,2,1,321,144,1,27.99,27.99,0.0,1,144,1.0,0.0
C10945,Lapsed / Hibernating,2,2,2,222,677,1,251.98,251.98,0.0,1,677,0.0,0.0
C10946,Champions,4,5,5,455,120,41,8221.43,200.523,0.063,7,1051,0.927,0.057
C10947,Lapsed / Hibernating,1,3,4,134,777,4,893.92,223.48,0.0,3,952,0.25,0.0
C10948,Lapsed / Hibernating,2,4,3,243,383,5,562.3,112.46,0.054,4,777,0.0,0.111
C10949,Deal Hunters,4,2,1,421,31,1,26.58,26.58,1.0,1,31,1.0,0.0
C10950,Champions,4,5,4,454,45,11,1620.86,147.351,0.026,7,595,0.364,0.036
C10951,Champions,3,4,5,345,247,10,1844.64,184.464,0.365,6,597,0.9,0.143
C10952,Steady Regulars,4,3,4,434,43,4,1148.05,287.012,0.186,3,531,1.0,0.2
C10953,New & Promising,3,2,2,322,354,1,111.96,111.96,0.0,1,354,0.0,0.0
C10954,Deal Hunters,5,3,1,531,19,2,80.96,40.48,0.691,2,62,1.0,0.0
C10955,Champions,5,5,5,555,6,53,6472.35,122.12,0.16,8,1045,0.906,0.062
C10956,Deal Hunters,3,2,1,321,167,1,44.19,44.19,1.0,1,167,1.0,0.0
C10957,Lapsed / Hibernating,2,3,2,232,391,4,121.43,30.357,0.391,4,557,0.25,0.2
C10958,Lapsed / Hibernating,1,2,3,123,754,1,285.97,285.97,0.224,2,754,1.0,0.0
C10959,Lapsed / Hibernating,2,2,1,221,445,1,66.98,66.98,0.0,1,445,0.0,0.0
C10960,Lapsed / Hibernating,2,2,2,222,449,1,170.98,170.98,0.0,2,449,1.0,0.0
C10961,Lapsed / Hibernating,1,2,1,121,923,1,18.99,18.99,0.0,1,923,1.0,0.0
C10962,Lapsed / Hibernating,1,2,2,122,971,1,163.97,163.97,0.933,2,971,1.0,0.0
C10963,Lapsed / Hibernating,2,2,2,222,371,1,247.97,247.97,0.0,2,371,1.0,0.0
C10964,Steady Regulars,3,2,2,322,260,1,147.99,147.99,0.0,1,260,1.0,0.0
C10965,Champions,5,5,5,555,11,31,5469.21,176.426,0.089,6,381,0.806,0.149
C10966,Champions,4,4,4,444,62,8,1293.77,161.721,0.077,6,674,0.875,0.053
C10967,Steady Regulars,4,4,3,443,78,6,294.9,49.15,0.0,4,432,0.667,0.125
C10968,Steady Regulars,5,3,3,533,18,2,403.69,201.845,0.341,4,75,0.5,0.167
C10969,New & Promising,4,2,2,422,59,1,88.97,88.97,0.0,2,59,1.0,0.0
C10971,Champions,4,5,5,455,76,13,3762.7,289.438,0.122,6,974,0.923,0.032
C10972,Steady Regulars,4,4,4,444,62,7,968.75,138.393,0.0,5,349,1.0,0.0
C10973,Champions,4,5,5,455,117,15,2145.04,143.003,0.338,7,868,0.067,0.033
C10974,Steady Regulars,3,2,2,322,188,1,218.95,218.95,0.0,3,188,0.0,0.0
C10975,Champions,5,5,5,555,24,41,8780.04,214.147,0.127,7,749,0.122,0.074
C10976,Lapsed / Hibernating,1,2,2,122,900,1,237.08,237.08,1.0,3,900,0.0,0.0
C10977,Lapsed / Hibernating,1,2,1,121,1034,1,44.99,44.99,0.0,1,1034,1.0,0.0
C10978,Lapsed / Hibernating,1,2,1,121,824,1,71.98,71.98,0.0,1,824,1.0,0.0
C10980,New & Promising,3,2,1,321,166,1,0.0,0.0,0.0,1,166,0.0,1.0
C10982,Steady Regulars,5,3,3,533,4,4,276.94,69.235,0.076,3,592,0.75,0.333
C10983,Champions,4,5,5,455,34,14,2164.59,154.614,0.167,6,621,0.286,0.0
C10984,Champions,3,5,5,355,285,11,1888.8,171.709,0.361,5,1082,0.273,0.043
C10985,Lapsed / Hibernating,2,5,5,255,498,20,3047.59,152.379,0.078,7,1056,0.9,0.0
C10986,Lapsed / Hibernating,2,3,3,233,642,4,613.91,153.478,0.0,5,988,0.5,0.125
C10987,Champions,5,4,4,544,11,7,1219.59,174.227,0.033,6,583,0.286,0.0
C10988,Deal Hunters,4,2,2,422,32,1,175.68,175.68,1.0,2,32,1.0,0.0
C10989,Steady Regulars,3,2,3,323,271,1,313.99,313.99,0.0,1,271,0.0,0.0
C10990,Lapsed / Hibernating,2,4,5,245,682,8,2248.13,281.016,0.148,3,1038,0.25,0.067
C10991,Deal Hunters,3,2,2,322,333,1,149.08,149.08,0.899,2,333,1.0,0.0
C10992,New & Promising,3,2,1,321,223,1,22.99,22.99,0.0,1,223,1.0,0.0
C10993,Lapsed / Hibernating,2,2,2,222,461,1,197.93,197.93,0.0,2,461,0.0,0.0
C10995,Deal Hunters,3,3,2,332,361,2,182.13,91.065,0.94,4,387,0.5,0.0
C10996,Champions,5,5,5,555,18,20,2948.78,147.439,0.162,7,1052,0.25,0.07
C10997,Steady Regulars,4,4,4,444,85,6,1133.69,188.948,0.173,4,1074,0.833,0.133
C10998,Lapsed / Hibernating,1,2,2,122,1090,1,118.99,118.99,0.0,1,1090,1.0,0.0
C11001,Champions,5,4,4,544,18,6,1241.09,206.848,0.358,6,138,1.0,0.111
C11002,Lapsed / Hibernating,1,4,5,145,848,7,2206.5,315.214,0.287,7,1072,0.857,0.059
C11003,Lapsed / Hibernating,2,2,2,222,634,1,255.97,255.97,0.0,2,634,0.0,0.0
C11005,Champions,5,5,5,555,4,17,2542.59,149.564,0.1,5,930,0.118,0.091
C11006,Lapsed / Hibernating,1,2,1,121,1069,1,28.99,28.99,0.0,1,1069,1.0,0.0
C11008,Steady Regulars,3,3,4,334,334,4,1079.1,269.775,0.173,5,485,0.75,0.222
C11009,New & Promising,4,2,2,422,78,1,87.99,87.99,0.0,1,78,0.0,0.0
C11010,Steady Regulars,3,4,4,344,140,8,1470.73,183.841,0.0,4,366,1.0,0.0
C11012,Steady Regulars,3,3,4,334,224,3,1125.92,375.307,0.0,5,303,1.0,0.0
C11013,Champions,3,5,5,355,186,14,3125.1,223.221,0.331,4,1049,0.357,0.065
C11014,Lapsed / Hibernating,1,3,3,133,928,4,375.94,93.985,0.0,4,1083,1.0,0.143
C11015,Lapsed / Hibernating,1,4,3,143,708,5,568.43,113.686,0.205,4,1050,1.0,0.0
C11016,New & Promising,4,2,1,421,123,1,74.97,74.97,0.0,1,123,1.0,0.0
C11017,Champions,5,5,5,555,12,11,2317.2,210.655,0.197,6,880,0.182,0.115
C11020,Lapsed / Hibernating,1,3,2,132,856,3,105.97,35.323,0.0,3,987,0.667,0.4
C11022,New & Promising,4,2,1,421,28,1,83.97,83.97,0.0,1,28,1.0,0.0
C11025,Champions,5,4,4,544,9,9,1445.77,160.641,0.061,5,1083,1.0,0.0
C11027,Lapsed / Hibernating,2,5,5,255,408,11,3280.8,298.255,0.12,5,780,0.909,0.045
C11028,Deal Hunters,4,2,2,422,36,1,127.34,127.34,1.0,4,36,0.0,0.0
C11029,Lapsed / Hibernating,2,4,4,244,647,5,989.9,197.98,0.0,4,836,0.2,0.111
C11030,Champions,4,5,5,455,36,12,2308.15,192.346,0.273,6,1036,0.417,0.038
C11032,Lapsed / Hibernating,1,4,4,144,797,6,1663.41,277.235,0.164,5,1082,1.0,0.067
C11033,Lapsed / Hibernating,1,3,4,134,937,3,829.91,276.637,0.041,5,985,1.0,0.125
C11034,New & Promising,5,2,1,521,4,1,25.99,25.99,0.0,1,4,1.0,0.0
C11035,Champions,5,5,5,555,27,16,2118.14,132.384,0.23,6,989,1.0,0.152
C11037,New & Promising,3,2,1,321,155,1,53.98,53.98,0.0,1,155,1.0,0.0
C11038,New & Promising,3,3,2,332,157,3,92.96,30.987,0.0,3,616,1.0,0.25
C11039,Steady Regulars,4,2,3,423,91,1,344.97,344.97,0.0,2,91,1.0,0.0
C11040,Lapsed / Hibernating,2,5,5,255,578,19,2074.66,109.193,0.092,6,1096,1.0,0.133
C11041,Lapsed / Hibernating,2,3,4,234,423,2,895.96,447.98,0.0,2,612,1.0,0.25
C11042,Lapsed / Hibernating,2,4,3,243,587,7,567.16,81.023,0.415,6,940,0.143,0.0
C11043,Steady Regulars,4,2,3,423,48,1,328.98,328.98,0.0,1,48,1.0,0.0
C11045,Champions,4,5,5,455,46,17,2804.58,164.975,0.108,7,1026,0.059,0.108
C11046,Champions,5,5,5,555,24,29,5652.63,194.918,0.14,7,1024,0.897,0.127
C11047,Lapsed / Hibernating,2,3,2,232,443,2,161.93,80.965,0.0,4,527,1.0,0.167
C11049,Lapsed / Hibernating,2,5,5,255,511,16,4442.03,277.627,0.215,7,1072,1.0,0.022
C11050,Steady Regulars,3,4,4,344,328,5,825.14,165.028,0.199,6,1054,0.4,0.154
C11051,Steady Regulars,4,3,4,434,82,4,666.09,166.522,0.065,5,296,1.0,0.0
C11053,Lapsed / Hibernating,1,4,4,144,929,7,973.13,139.019,0.363,6,1089,1.0,0.0
C11054,New & Promising,5,2,2,522,19,1,93.98,93.98,0.0,2,19,1.0,0.0
C11055,Lapsed / Hibernating,2,2,1,221,560,1,71.99,71.99,0.0,1,560,1.0,0.0
C11056,Lapsed / Hibernating,1,2,1,121,711,1,67.58,67.58,0.69,2,711,1.0,0.333
C11057,Steady Regulars,3,3,3,333,272,3,629.93,209.977,0.0,4,356,1.0,0.167
C11059,Lapsed / Hibernating,2,3,1,231,368,2,74.98,37.49,0.0,2,887,0.0,0.0
C11063,Steady Regulars,4,3,3,433,81,3,273.43,91.143,0.387,4,290,0.0,0.143
C11064,Lapsed / Hibernating,1,4,4,144,851,7,1440.6,205.8,0.162,5,1085,0.286,0.062
C11065,Steady Regulars,5,3,3,533,12,4,561.07,140.268,0.079,5,81,0.25,0.0
C11067,Steady Regulars,3,4,4,344,209,6,1030.83,171.805,0.017,3,803,1.0,0.0
C11068,New & Promising,3,2,1,321,306,1,46.99,46.99,0.0,1,306,1.0,0.0
C11070,Lapsed / Hibernating,2,3,4,234,557,4,797.23,199.308,0.34,3,1061,0.25,0.0
C11071,Deal Hunters,4,2,2,422,38,1,158.14,158.14,1.0,4,38,0.0,0.0
C11072,Steady Regulars,3,3,3,333,319,2,413.9,206.95,0.0,6,358,0.0,0.0
C11075,Steady Regulars,4,5,5,455,79,11,2389.57,217.234,0.092,3,1056,1.0,0.167
C11076,Champions,4,5,5,455,80,11,2596.45,236.041,0.093,6,750,0.909,0.033
C11077,Lapsed / Hibernating,1,3,1,131,888,2,80.37,40.185,0.254,2,1052,0.0,0.0
C11078,Champions,5,5,5,555,24,34,7156.41,210.483,0.079,6,1055,0.235,0.122
C11079,New & Promising,4,2,2,422,29,1,116.96,116.96,0.0,2,29,1.0,0.0
C11080,Champions,4,4,4,444,63,7,1619.22,231.317,0.103,7,669,1.0,0.25
C11081,Champions,5,5,5,555,20,11,2240.29,203.663,0.064,6,263,1.0,0.042
C11082,New & Promising,3,2,1,321,355,1,25.99,25.99,0.0,1,355,1.0,0.0
C11084,Lapsed / Hibernating,1,5,5,155,710,15,2406.38,160.425,0.147,8,1059,1.0,0.167
C11085,Lapsed / Hibernating,2,2,4,224,369,1,1065.88,1065.88,0.0,2,369,1.0,0.0
C11086,Lapsed / Hibernating,1,2,4,124,978,1,782.96,782.96,0.0,2,978,1.0,0.0
C11087,Lapsed / Hibernating,2,2,1,221,547,1,0.0,0.0,0.0,1,547,1.0,1.0
C11088,New & Promising,3,2,1,321,325,1,48.99,48.99,0.0,1,325,1.0,0.0
C11090,Champions,3,5,5,355,126,15,3001.42,200.095,0.105,6,1054,0.133,0.097
C11091,New & Promising,3,2,1,321,273,1,21.99,21.99,0.0,1,273,1.0,0.0
C11092,Lapsed / Hibernating,2,4,4,244,371,10,1257.88,125.788,0.164,4,1005,0.9,0.176
C11093,Lapsed / Hibernating,2,2,1,221,458,1,20.99,20.99,0.0,1,458,1.0,0.0
C11094,Steady Regulars,3,4,4,344,325,8,1435.21,179.401,0.125,4,878,0.25,0.0
C11095,Lapsed / Hibernating,2,4,3,243,493,6,557.67,92.945,0.26,5,1042,0.167,0.0
C11096,Lapsed / Hibernating,1,3,2,132,976,2,127.93,63.965,0.0,1,1030,1.0,0.0
C11097,New & Promising,5,2,1,521,21,1,70.36,70.36,0.332,3,21,1.0,0.0
C11098,Lapsed / Hibernating,1,4,4,144,918,5,900.93,180.186,0.212,3,1064,0.0,0.133
C11099,Steady Regulars,5,4,3,543,10,5,446.94,89.388,0.0,3,394,1.0,0.167
C11100,Lapsed / Hibernating,2,2,1,221,702,1,36.97,36.97,0.0,2,702,0.0,0.0
C11101,Champions,4,4,4,444,107,10,1698.52,169.852,0.027,7,698,1.0,0.118
C11102,Lapsed / Hibernating,2,2,1,221,562,1,21.99,21.99,0.0,1,562,0.0,0.0
C11103,Champions,4,4,4,444,40,9,1665.42,185.047,0.343,5,329,0.889,0.19
C11104,Champions,4,4,3,443,33,8,391.33,48.916,0.347,6,478,0.375,0.154
C11105,Deal Hunters,5,3,1,531,13,2,46.06,23.03,1.0,3,35,0.0,0.333
C11106,Steady Regulars,3,3,2,332,273,3,237.74,79.247,0.121,3,435,1.0,0.0
C11108,Champions,3,4,4,344,183,8,761.83,95.229,0.154,6,982,0.125,0.133
C11109,Champions,5,5,5,555,27,18,3016.8,167.6,0.024,6,1041,0.056,0.139
C11110,New & Promising,4,2,2,422,78,1,87.99,87.99,0.0,1,78,1.0,0.0
C11111,Lapsed / Hibernating,1,2,1,121,717,1,0.0,0.0,0.0,1,717,1.0,1.0
C11112,Steady Regulars,4,3,3,433,109,2,418.02,209.01,0.192,4,150,1.0,0.0
C11113,Lapsed / Hibernating,1,2,1,121,1011,1,54.98,54.98,0.0,2,1011,1.0,0.0
C11115,Lapsed / Hibernating,2,2,1,221,517,1,29.99,29.99,0.0,1,517,1.0,0.0
C11116,Steady Regulars,3,2,3,323,124,1,365.97,365.97,0.0,1,124,1.0,0.0
C11117,New & Promising,3,2,1,321,331,1,61.99,61.99,0.0,1,331,1.0,0.0
C11118,Lapsed / Hibernating,2,3,3,233,433,4,469.91,117.477,0.15,3,762,0.75,0.125
C11119,Lapsed / Hibernating,2,4,4,244,449,6,669.27,111.545,0.025,6,818,1.0,0.154
C11120,Champions,5,5,5,555,14,16,2402.18,150.136,0.119,7,1063,0.938,0.161
C11121,Champions,4,5,5,455,36,61,8554.9,140.244,0.107,6,1066,0.148,0.021
C11123,Champions,3,5,5,355,178,33,5938.36,179.95,0.12,8,734,0.97,0.136
C11124,Steady Regulars,4,4,4,444,111,5,690.68,138.136,0.186,4,500,1.0,0.273
C11125,Steady Regulars,3,3,3,333,196,4,393.42,98.355,0.154,4,363,0.5,0.0
C11126,New & Promising,5,2,1,521,25,1,55.98,55.98,0.385,2,25,1.0,0.333
C11127,Champions,4,5,5,455,31,59,10949.3,185.581,0.105,7,1062,0.949,0.115
C11128,Steady Regulars,4,4,4,444,33,8,1068.45,133.556,0.185,4,232,1.0,0.143
C11130,Champions,4,4,4,444,82,7,1633.11,233.301,0.319,5,1095,0.857,0.056
C11131,Steady Regulars,3,4,3,343,150,5,568.1,113.62,0.293,3,601,1.0,0.1
C11134,Champions,5,5,5,555,2,26,6194.56,238.252,0.161,8,740,0.192,0.039
C11135,Steady Regulars,5,3,3,533,5,2,297.96,148.98,0.0,3,276,1.0,0.25
C11137,Champions,3,5,5,355,258,16,2525.76,157.86,0.111,6,1094,0.938,0.111
C11138,Lapsed / Hibernating,2,4,5,245,370,9,1762.62,195.847,0.151,1,1092,0.778,0.167
C11139,Lapsed / Hibernating,1,2,3,123,1064,1,340.96,340.96,0.0,3,1064,1.0,0.0
C11140,Champions,5,5,5,555,13,23,3264.65,141.941,0.127,6,738,0.13,0.082
C11141,Steady Regulars,3,4,4,344,306,6,1263.03,210.505,0.305,5,705,0.0,0.0
C11142,New & Promising,5,3,3,533,4,2,269.74,134.87,0.344,2,35,1.0,0.0
C11143,Lapsed / Hibernating,1,2,2,122,1045,1,156.96,156.96,0.0,3,1045,0.0,0.0
C11145,Champions,5,5,5,555,7,13,2837.4,218.262,0.051,6,937,1.0,0.0
C11148,New & Promising,3,3,2,332,130,3,173.94,57.98,0.0,2,373,1.0,0.25
C11150,Lapsed / Hibernating,2,4,4,244,603,5,725.39,145.078,0.796,3,901,1.0,0.0
C11151,Lapsed / Hibernating,2,3,2,232,395,3,157.91,52.637,0.459,2,764,1.0,0.25
C11152,Lapsed / Hibernating,2,2,2,222,577,1,264.97,264.97,0.0,3,577,0.0,0.0
C11153,Steady Regulars,3,4,4,344,252,8,831.26,103.908,0.263,5,560,0.125,0.077
C11154,Deal Hunters,5,2,1,521,22,1,46.17,46.17,0.589,2,22,1.0,0.0
C11155,Lapsed / Hibernating,1,2,2,122,1044,1,106.95,106.95,0.0,2,1044,0.0,0.0
C11156,Steady Regulars,4,4,3,443,101,5,565.71,113.142,0.019,4,1081,1.0,0.0
C11157,Steady Regulars,4,2,3,423,67,1,359.97,359.97,0.0,2,67,1.0,0.0
C11158,Deal Hunters,4,3,3,433,36,2,401.44,200.72,0.636,3,105,0.0,0.0
C11159,Lapsed / Hibernating,1,2,1,121,741,1,51.98,51.98,0.0,2,741,0.0,0.0
C11160,Lapsed / Hibernating,2,3,3,233,519,4,532.91,133.228,0.0,4,711,1.0,0.1
C11161,Lapsed / Hibernating,2,2,1,221,400,1,16.09,16.09,1.0,1,400,0.0,0.0
C11162,Lapsed / Hibernating,2,3,3,233,599,3,524.33,174.777,0.062,4,832,1.0,0.0
C11163,New & Promising,4,2,1,421,107,1,34.98,34.98,0.0,1,107,1.0,0.0
C11166,Lapsed / Hibernating,2,5,5,255,438,15,3243.68,216.245,0.196,6,1089,0.2,0.2
C11167,Champions,5,5,5,555,6,11,2129.6,193.6,0.017,6,262,1.0,0.077
C11168,Champions,5,4,4,544,13,9,1558.21,173.134,0.059,5,1070,0.667,0.0
C11171,Champions,5,4,4,544,24,8,1075.25,134.406,0.25,6,340,1.0,0.286
C11172,Lapsed / Hibernating,2,4,5,245,431,10,2497.2,249.72,0.208,7,1095,0.2,0.048
C11173,Lapsed / Hibernating,1,3,3,133,743,3,370.14,123.38,0.068,3,842,0.0,0.0
C11174,Champions,5,5,4,554,21,12,1593.0,132.75,0.06,6,735,1.0,0.087
C11175,Lapsed / Hibernating,1,2,1,121,1028,1,59.97,59.97,0.0,2,1028,1.0,0.0
C11176,Champions,4,5,5,455,55,19,3221.69,169.563,0.089,8,658,0.105,0.133
C11177,Champions,4,5,5,455,34,25,4932.73,197.309,0.105,7,1040,0.12,0.036
C11178,Lapsed / Hibernating,1,3,3,133,947,2,358.94,179.47,0.0,2,1030,1.0,0.0
C11179,Steady Regulars,3,3,3,333,259,3,267.94,89.313,0.0,3,501,1.0,0.0
C11181,Champions,5,5,5,555,19,24,4282.11,178.421,0.084,6,1078,0.833,0.068
C11182,Lapsed / Hibernating,2,3,1,231,392,2,75.98,37.99,0.0,2,505,1.0,0.0
C11183,Lapsed / Hibernating,1,3,3,133,780,2,484.95,242.475,0.0,2,879,1.0,0.0
C11184,Steady Regulars,5,4,4,544,3,5,1369.85,273.97,0.091,4,132,1.0,0.0
C11185,Champions,4,5,5,455,32,12,3031.19,252.599,0.245,5,495,0.167,0.147
C11186,New & Promising,5,2,1,521,11,1,0.0,0.0,0.0,1,11,1.0,1.0
C11187,Deal Hunters,5,2,1,521,12,1,81.77,81.77,0.572,2,12,1.0,0.0
C11191,Champions,5,5,5,555,25,38,6961.42,183.195,0.184,8,1093,0.921,0.141
C11193,Lapsed / Hibernating,2,2,1,221,592,1,26.99,26.99,0.0,1,592,1.0,0.0
C11194,Steady Regulars,3,3,2,332,235,3,247.01,82.337,0.114,3,505,1.0,0.0
C11196,Deal Hunters,3,2,1,321,142,1,16.99,16.99,1.0,1,142,1.0,0.0
C11197,New & Promising,4,2,2,422,75,1,108.99,108.99,0.0,1,75,0.0,0.0
C11198,Lapsed / Hibernating,1,3,2,132,907,3,202.95,67.65,0.0,2,1025,0.333,0.0
C11199,Lapsed / Hibernating,1,4,5,145,739,5,2025.48,405.096,0.115,3,1005,0.6,0.0
C11200,Lapsed / Hibernating,2,4,4,244,537,5,777.55,155.51,0.368,5,945,0.4,0.1
C11201,New & Promising,4,2,2,422,97,1,161.98,161.98,0.0,1,97,1.0,0.0
C11202,Champions,5,5,5,555,6,37,6191.72,167.344,0.142,7,809,0.946,0.165
C11204,New & Promising,3,2,1,321,248,1,0.0,0.0,0.0,1,248,1.0,1.0
C11205,New & Promising,3,2,1,321,337,1,40.98,40.98,0.0,2,337,1.0,0.0
C11206,Lapsed / Hibernating,2,4,5,245,588,10,1816.53,181.653,0.169,6,1053,0.2,0.083
C11207,Steady Regulars,5,3,4,534,15,4,712.63,178.158,0.03,4,378,1.0,0.0
C11208,Steady Regulars,5,4,3,543,16,5,552.56,110.512,0.201,4,221,0.8,0.125
C11209,Champions,4,5,5,455,48,20,4916.55,245.828,0.129,7,965,0.1,0.07
C11210,Lapsed / Hibernating,1,2,2,122,727,1,91.95,91.95,0.0,1,727,1.0,0.0
C11211,Lapsed / Hibernating,1,3,3,133,843,3,453.95,151.317,0.0,3,1088,0.0,0.2
C11212,Steady Regulars,4,3,3,433,95,2,527.93,263.965,0.0,4,366,0.0,0.0
C11213,Champions,5,4,4,544,16,10,1653.14,165.314,0.171,5,382,0.2,0.087
C11215,New & Promising,4,4,2,442,48,5,113.75,22.75,0.33,4,341,0.8,0.286
C11218,Champions,3,5,5,355,357,24,4631.58,192.982,0.229,7,1062,0.167,0.075
C11219,Lapsed / Hibernating,1,2,1,121,726,1,36.98,36.98,0.0,1,726,0.0,0.0
C11220,New & Promising,4,2,1,421,44,1,69.99,69.99,0.0,1,44,1.0,0.5
C11221,Champions,3,5,5,355,349,36,7064.38,196.233,0.084,8,1031,0.139,0.07
C11222,Steady Regulars,3,4,5,345,237,7,1819.34,259.906,0.117,4,651,1.0,0.133
C11223,Lapsed / Hibernating,2,3,2,232,684,4,228.65,57.162,0.407,4,796,1.0,0.2
C11224,Champions,4,5,5,455,57,18,3073.06,170.726,0.214,5,804,0.889,0.057
C11226,Lapsed / Hibernating,1,3,3,133,1007,2,604.12,302.06,0.33,5,1095,0.5,0.0
C11227,Lapsed / Hibernating,1,2,1,121,1077,1,14.99,14.99,0.0,1,1077,1.0,0.0
C11229,Steady Regulars,4,3,3,433,49,2,546.96,273.48,0.0,3,429,0.0,0.0
C11230,New & Promising,5,3,2,532,18,2,128.97,64.485,0.0,2,419,1.0,0.0
C11231,Steady Regulars,4,4,4,444,97,7,1506.6,215.229,0.097,3,340,0.286,0.0
C11233,New & Promising,3,2,1,321,199,1,30.99,30.99,0.0,1,199,1.0,0.0
C11234,Lapsed / Hibernating,2,2,2,222,506,1,179.45,179.45,0.142,3,506,0.0,0.0
C11235,Champions,4,5,5,455,49,25,4792.92,191.717,0.185,5,1006,0.96,0.286
C11240,New & Promising,3,2,1,321,253,1,29.99,29.99,0.0,1,253,1.0,0.0
C11241,Steady Regulars,3,4,4,344,257,5,1070.08,214.016,0.084,3,590,1.0,0.083
C11243,Steady Regulars,4,4,3,443,67,5,570.98,114.196,0.188,3,326,1.0,0.0
C11244,New & Promising,4,2,1,421,54,1,63.98,63.98,0.0,1,54,1.0,0.5
C11245,Deal Hunters,4,3,3,433,37,4,503.26,125.815,0.893,3,267,0.5,0.0
C11246,New & Promising,5,3,2,532,5,2,117.98,58.99,0.165,1,288,1.0,0.5
C11247,Champions,5,5,4,554,12,21,1402.91,66.805,0.207,6,812,0.905,0.211
C11248,Lapsed / Hibernating,2,2,1,221,593,1,82.98,82.98,0.0,2,593,1.0,0.0
C11249,Lapsed / Hibernating,1,4,4,144,880,8,735.54,91.942,0.346,6,1078,1.0,0.0
C11250,New & Promising,3,2,1,321,158,1,63.99,63.99,0.0,1,158,1.0,0.0
C11252,Lapsed / Hibernating,1,2,3,123,992,1,269.97,269.97,0.0,2,992,0.0,0.0
C11253,Steady Regulars,4,3,3,433,122,4,623.16,155.79,0.148,3,283,1.0,0.0
C11254,Lapsed / Hibernating,2,4,4,244,621,7,1370.36,195.766,0.018,5,958,0.143,0.062
C11257,Champions,4,5,5,455,44,13,1870.6,143.892,0.0,5,418,0.0,0.094
C11259,New & Promising,4,2,2,422,111,1,88.99,88.99,0.0,1,111,1.0,0.0
C11263,Champions,5,4,3,543,11,6,606.4,101.067,0.157,6,360,0.667,0.0
C11264,Champions,5,5,5,555,27,50,10385.15,207.703,0.098,8,1054,0.18,0.056
C11265,Lapsed / Hibernating,2,4,5,245,505,9,2983.75,331.528,0.015,6,765,0.0,0.143
C11266,Deal Hunters,5,3,3,533,19,2,319.31,159.655,0.609,3,72,0.5,0.0
C11267,Champions,5,5,5,555,11,37,6562.84,177.374,0.066,8,895,0.946,0.205
C11269,Steady Regulars,3,3,3,333,128,2,557.96,278.98,0.477,3,402,1.0,0.0
C11271,Lapsed / Hibernating,2,2,3,223,491,1,277.95,277.95,0.0,1,491,0.0,0.0
C11272,Lapsed / Hibernating,1,2,3,123,760,1,312.99,312.99,0.0,1,760,1.0,0.0
C11273,Lapsed / Hibernating,1,3,2,132,805,2,214.95,107.475,0.0,2,906,1.0,0.0
C11274,Lapsed / Hibernating,2,3,3,233,585,2,386.66,193.33,0.048,2,606,1.0,0.0
C11277,Lapsed / Hibernating,2,2,1,221,578,1,30.99,30.99,0.0,1,578,1.0,0.0
C11278,Steady Regulars,5,3,3,533,21,4,453.01,113.252,0.115,4,314,1.0,0.2
C11280,Steady Regulars,3,3,4,334,194,4,855.27,213.818,0.427,6,758,0.75,0.0
C11281,Steady Regulars,4,4,4,444,88,5,1319.88,263.976,0.02,2,868,1.0,0.0
C11282,Steady Regulars,5,3,3,533,2,3,351.95,117.317,0.0,2,635,0.0,0.0
C11285,Steady Regulars,5,4,4,544,12,5,715.38,143.076,0.041,5,329,0.8,0.1
C11286,New & Promising,4,2,1,421,41,1,51.98,51.98,0.0,2,41,1.0,0.0
C11287,Champions,5,5,5,555,7,17,3097.17,182.186,0.279,6,951,0.882,0.07
C11289,Champions,3,5,5,355,279,27,5636.64,208.764,0.214,7,1023,0.963,0.033
C11290,Champions,3,4,4,344,253,10,1671.4,167.14,0.161,6,533,0.9,0.045
C11291,Lapsed / Hibernating,2,4,3,243,669,5,365.51,73.102,0.149,4,1034,0.2,0.111
C11292,New & Promising,3,2,1,321,320,1,61.99,61.99,0.0,1,320,1.0,0.0
C11293,Lapsed / Hibernating,1,3,3,133,748,2,381.98,190.99,0.0,1,1040,1.0,0.0
C11294,Lapsed / Hibernating,2,5,5,255,382,103,15114.21,146.74,0.066,7,1089,0.126,0.04
C11295,Lapsed / Hibernating,1,4,3,143,745,8,628.13,78.516,0.68,4,1083,0.25,0.0
C11296,Champions,4,5,5,455,78,15,2079.02,138.601,0.111,7,956,0.867,0.04
C11297,Lapsed / Hibernating,1,3,4,134,919,3,906.68,302.227,0.056,4,930,0.0,0.111
C11299,Lapsed / Hibernating,2,2,1,221,593,1,45.98,45.98,0.0,1,593,0.0,0.0
C11300,Champions,3,5,5,355,293,23,4327.63,188.158,0.125,7,1012,1.0,0.041
C11301,Lapsed / Hibernating,1,3,4,134,899,4,1058.98,264.745,0.241,5,1092,0.5,0.0
C11306,Lapsed / Hibernating,2,4,3,243,427,5,538.99,107.798,0.091,4,925,0.2,0.1
C11309,Lapsed / Hibernating,2,5,5,255,406,12,2235.03,186.253,0.034,5,1054,1.0,0.12
C11313,Champions,5,5,5,555,17,13,2710.76,208.52,0.046,7,472,0.923,0.079
C11314,Lapsed / Hibernating,2,4,4,244,700,8,857.77,107.221,0.03,4,949,1.0,0.071
C11315,Steady Regulars,3,2,2,322,338,1,225.99,225.99,0.0,1,338,1.0,0.0
C11316,Lapsed / Hibernating,1,3,1,131,952,3,65.97,21.99,0.062,3,1085,0.0,0.4
C11317,Champions,4,5,5,455,32,15,1747.22,116.481,0.046,5,1087,0.867,0.04
C11318,Champions,5,5,4,554,13,15,1689.43,112.629,0.34,6,1092,1.0,0.172
C11319,Champions,4,5,5,455,33,26,4606.12,177.158,0.359,7,1083,0.077,0.019
C11321,Steady Regulars,3,4,4,344,179,7,1291.48,184.497,0.03,4,609,1.0,0.0
C11322,Steady Regulars,3,5,4,354,299,12,1596.82,133.068,0.036,3,1088,0.917,0.318
C11323,Lapsed / Hibernating,1,2,1,121,1015,1,14.99,14.99,0.592,2,1015,0.0,0.5
C11327,Steady Regulars,3,2,4,324,143,1,665.71,665.71,0.208,2,143,0.0,0.25
C11328,Champions,4,5,5,455,108,15,3390.68,226.045,0.004,6,1047,1.0,0.028
C11329,Lapsed / Hibernating,2,3,3,233,597,4,582.3,145.575,0.535,4,1011,0.5,0.0
C11330,Steady Regulars,3,4,4,344,303,6,756.54,126.09,0.082,5,681,0.667,0.143
C11331,Lapsed / Hibernating,2,4,2,242,703,5,254.91,50.982,0.0,3,824,1.0,0.167
C11333,Deal Hunters,4,2,1,421,33,1,38.49,38.49,1.0,1,33,1.0,0.0
C11334,Lapsed / Hibernating,1,2,1,121,796,1,0.0,0.0,0.0,1,796,0.0,1.0
C11335,Steady Regulars,4,2,2,422,80,1,264.97,264.97,0.0,2,80,0.0,0.0
C11336,New & Promising,3,3,1,331,248,2,85.95,42.975,0.0,3,452,1.0,0.0
C11337,Lapsed / Hibernating,2,3,3,233,407,4,555.93,138.983,0.033,5,964,0.75,0.2
C11338,Champions,5,5,5,555,2,15,3019.31,201.287,0.186,5,454,0.8,0.125
C11340,Champions,4,4,4,444,49,7,1040.16,148.594,0.063,6,245,0.143,0.067
C11341,Deal Hunters,4,3,2,432,34,3,186.59,62.197,0.613,2,245,0.0,0.2
C11342,Steady Regulars,5,3,3,533,11,4,393.12,98.28,0.08,3,360,0.5,0.25
C11343,Steady Regulars,4,3,3,433,114,3,332.63,110.877,0.504,5,335,1.0,0.0
C11345,Champions,4,5,5,455,98,28,3614.16,129.077,0.173,6,790,1.0,0.043
C11346,New & Promising,4,2,1,421,57,1,77.96,77.96,0.0,1,57,0.0,0.0
C11347,Lapsed / Hibernating,1,3,2,132,975,2,259.64,129.82,0.65,4,1095,1.0,0.0
C11348,Champions,5,4,4,544,9,9,1302.02,144.669,0.377,4,397,0.333,0.1
C11349,New & Promising,5,3,2,532,16,2,118.96,59.48,0.0,2,218,1.0,0.0
C11351,Champions,4,5,5,455,82,20,3851.19,192.56,0.27,6,985,0.9,0.195
C11352,Lapsed / Hibernating,1,2,2,122,1063,1,98.07,98.07,0.45,3,1063,1.0,0.0
C11353,Steady Regulars,3,4,3,343,167,5,435.47,87.094,0.187,6,802,0.4,0.0
C11354,Champions,5,5,5,555,1,50,9825.56,196.511,0.135,8,1083,0.14,0.142
C11355,New & Promising,5,3,2,532,2,2,145.96,72.98,0.0,3,68,1.0,0.0
C11356,Champions,4,5,5,455,69,14,2249.31,160.665,0.177,7,727,1.0,0.03
C11360,Lapsed / Hibernating,1,2,2,122,801,1,114.97,114.97,0.0,2,801,0.0,0.0
C11363,Lapsed / Hibernating,2,2,1,221,406,1,16.99,16.99,0.0,1,406,1.0,0.0
C11364,New & Promising,3,2,1,321,310,1,18.99,18.99,0.0,1,310,1.0,0.0
C11365,Steady Regulars,4,2,3,423,123,1,403.94,403.94,0.0,3,123,1.0,0.0
C11366,Champions,5,4,4,544,27,9,1184.22,131.58,0.306,5,440,1.0,0.118
C11367,New & Promising,4,2,1,421,109,1,0.0,0.0,0.0,1,109,1.0,1.0
C11368,Champions,5,4,4,544,23,5,1028.88,205.776,0.109,5,630,0.2,0.083
C11370,Lapsed / Hibernating,2,2,1,221,385,1,71.98,71.98,0.0,2,385,0.0,0.0
C11371,Lapsed / Hibernating,1,2,2,122,997,1,123.99,123.99,0.0,1,997,1.0,0.5
C11372,Steady Regulars,3,3,4,334,218,3,926.89,308.963,0.057,4,494,1.0,0.1
C11373,Lapsed / Hibernating,1,5,5,155,786,12,2530.49,210.874,0.198,5,1084,0.0,0.087
C11374,Steady Regulars,3,2,3,323,331,1,426.98,426.98,0.0,1,331,1.0,0.0
C11375,Lapsed / Hibernating,2,2,2,222,425,1,156.97,156.97,0.0,2,425,1.0,0.0
C11378,Lapsed / Hibernating,1,2,1,121,909,1,55.98,55.98,0.0,2,909,0.0,0.0
C11379,Champions,3,4,4,344,278,9,1328.19,147.577,0.035,7,954,0.111,0.053
C11380,Champions,4,4,5,445,119,10,1931.3,193.13,0.04,6,944,0.2,0.16
C11381,Lapsed / Hibernating,1,3,3,133,983,2,362.47,181.235,0.633,2,1079,0.5,0.0
C11382,Steady Regulars,3,2,2,322,160,1,163.98,163.98,0.0,2,160,1.0,0.5
C11383,Steady Regulars,4,4,4,444,92,5,965.05,193.01,0.231,5,458,1.0,0.0
C11384,Steady Regulars,3,3,4,334,352,3,1003.9,334.633,0.54,4,634,0.667,0.143
C11385,Steady Regulars,3,2,2,322,269,1,182.98,182.98,0.0,2,269,1.0,0.0
C11386,Deal Hunters,3,2,1,321,240,1,8.49,8.49,1.0,2,240,0.0,0.5
C11387,Lapsed / Hibernating,1,2,3,123,756,1,385.96,385.96,0.0,3,756,1.0,0.0
C11388,Steady Regulars,3,5,4,354,276,11,1013.77,92.161,0.024,5,1085,0.182,0.048
C11389,Champions,5,4,4,544,8,6,770.42,128.403,0.195,5,213,1.0,0.0
C11391,Lapsed / Hibernating,2,5,4,254,386,11,1343.54,122.14,0.177,5,940,0.818,0.0
C11392,Champions,4,5,5,455,33,20,2694.89,134.744,0.095,5,1043,0.05,0.163
C11393,Champions,5,4,4,544,2,8,733.65,91.706,0.181,6,342,0.875,0.077
C11397,Lapsed / Hibernating,1,2,2,122,1069,1,128.99,128.99,0.0,1,1069,1.0,0.0
C11398,New & Promising,3,2,1,321,364,1,24.99,24.99,0.0,1,364,1.0,0.0
C11399,Lapsed / Hibernating,2,2,2,222,472,1,174.97,174.97,0.0,1,472,0.0,0.0
C11400,Steady Regulars,3,4,4,344,310,7,1456.09,208.013,0.209,4,829,0.429,0.118
C11401,New & Promising,5,2,1,521,20,1,69.98,69.98,0.0,1,20,1.0,0.0
C11402,Lapsed / Hibernating,2,4,4,244,381,8,1366.5,170.812,0.313,6,1040,0.875,0.158
C11406,Deal Hunters,3,2,1,321,245,1,26.34,26.34,1.0,1,245,1.0,0.0
C11407,Steady Regulars,3,3,2,332,252,3,256.95,85.65,0.356,3,763,1.0,0.2
C11408,Lapsed / Hibernating,2,5,5,255,491,26,7057.34,271.436,0.107,6,1083,0.154,0.055
C11409,New & Promising,3,2,1,321,357,1,66.97,66.97,0.0,2,357,1.0,0.0
C11410,New & Promising,4,2,1,421,40,1,41.97,41.97,0.0,1,40,1.0,0.0
C11411,Champions,5,5,5,555,6,39,8661.89,222.1,0.107,7,1074,0.077,0.059
C11412,Steady Regulars,3,2,2,322,220,1,108.97,108.97,0.0,3,220,1.0,0.0
C11414,Lapsed / Hibernating,1,3,3,133,965,4,389.93,97.483,0.0,5,1061,1.0,0.167
C11417,Steady Regulars,4,3,3,433,31,3,505.75,168.583,0.225,3,242,0.333,0.167
C11418,New & Promising,3,2,1,321,130,1,43.99,43.99,0.0,1,130,1.0,0.0
C11420,Lapsed / Hibernating,1,2,1,121,1083,1,11.99,11.99,0.0,1,1083,1.0,0.0
C11421,Champions,3,5,5,355,278,12,2016.18,168.015,0.19,7,1075,0.083,0.034
C11423,Champions,5,4,5,545,6,10,2994.74,299.474,0.02,5,721,0.9,0.136
C11424,Lapsed / Hibernating,1,2,3,123,753,1,357.56,357.56,0.161,3,753,1.0,0.0
C11425,Lapsed / Hibernating,2,2,2,222,368,1,188.96,188.96,0.0,2,368,1.0,0.0
C11428,New & Promising,4,2,1,421,109,1,33.99,33.99,0.0,1,109,1.0,0.0
C11429,Champions,3,5,5,355,292,18,2695.04,149.724,0.304,8,1075,0.944,0.13
C11430,Steady Regulars,3,2,3,323,239,1,333.96,333.96,0.0,2,239,0.0,0.0
C11431,New & Promising,4,2,1,421,54,1,20.99,20.99,0.0,1,54,0.0,0.0
C11432,Lapsed / Hibernating,1,4,4,144,732,6,1337.3,222.883,0.136,5,1089,0.833,0.0
C11433,Lapsed / Hibernating,1,2,1,121,946,1,61.99,61.99,0.0,1,946,1.0,0.0
C11434,Deal Hunters,5,3,2,532,13,2,103.34,51.67,1.0,2,32,1.0,0.4
C11435,Lapsed / Hibernating,2,2,2,222,494,1,216.72,216.72,1.0,2,494,0.0,0.0
C11437,Lapsed / Hibernating,1,2,3,123,747,1,390.96,390.96,0.0,3,747,0.0,0.2
C11438,Deal Hunters,3,2,3,323,138,1,271.99,271.99,1.0,1,138,1.0,0.0
C11441,Lapsed / Hibernating,1,2,3,123,825,1,343.97,343.97,0.0,3,825,0.0,0.0
C11442,Lapsed / Hibernating,1,2,1,121,931,1,58.99,58.99,0.0,1,931,1.0,0.0
C11443,New & Promising,5,2,2,522,18,1,109.98,109.98,0.0,1,18,1.0,0.0
C11444,Deal Hunters,5,3,2,532,15,2,129.94,64.97,0.585,2,111,1.0,0.0
C11446,Lapsed / Hibernating,1,3,4,134,753,4,702.29,175.573,0.156,3,1083,1.0,0.0
C11447,Champions,4,5,5,455,44,13,2105.02,161.925,0.09,5,959,0.923,0.231
C11449,Lapsed / Hibernating,2,3,4,234,405,4,723.54,180.885,0.244,8,603,0.25,0.067
C11450,Steady Regulars,4,4,4,444,117,7,1202.43,171.776,0.011,5,589,0.857,0.0
C11456,Lapsed / Hibernating,1,2,1,121,761,1,15.19,15.19,1.0,1,761,1.0,0.0
C11457,Lapsed / Hibernating,1,2,2,122,848,1,208.96,208.96,0.0,3,848,1.0,0.0
C11458,New & Promising,4,2,2,422,43,1,103.98,103.98,0.0,1,43,1.0,0.0
C11459,Lapsed / Hibernating,2,2,3,223,518,1,320.96,320.96,0.0,2,518,1.0,0.0
C11462,Lapsed / Hibernating,1,3,3,133,903,2,352.97,176.485,0.0,2,1039,0.0,0.4
C11463,Steady Regulars,3,3,3,333,270,4,497.93,124.483,0.0,5,371,0.5,0.167
C11464,Deal Hunters,3,2,2,322,193,1,124.98,124.98,0.576,2,193,1.0,0.0
C11465,Champions,3,5,5,355,348,24,5206.52,216.938,0.232,7,984,0.125,0.059
C11466,Deal Hunters,3,2,2,322,321,1,162.32,162.32,1.0,1,321,1.0,0.0
C11467,Lapsed / Hibernating,2,2,2,222,416,1,266.96,266.96,0.0,2,416,0.0,0.0
C11469,New & Promising,3,2,1,321,307,1,33.99,33.99,0.0,1,307,1.0,0.0
C11470,Champions,5,5,5,555,10,24,4235.05,176.46,0.046,5,1092,0.083,0.091
C11471,Lapsed / Hibernating,2,2,2,222,687,1,150.99,150.99,0.0,1,687,1.0,0.5
C11472,Champions,5,5,5,555,3,54,9638.89,178.498,0.116,8,1085,0.241,0.059
C11473,Lapsed / Hibernating,1,2,1,121,771,1,16.09,16.09,1.0,1,771,0.0,0.0
C11474,Champions,4,4,4,444,53,8,1623.37,202.921,0.089,5,364,0.5,0.1
C11476,Steady Regulars,3,2,2,322,177,1,166.99,166.99,0.0,1,177,1.0,0.0
C11478,Lapsed / Hibernating,2,3,3,233,408,4,364.22,91.055,0.339,4,665,1.0,0.0
C11479,Lapsed / Hibernating,2,2,3,223,385,1,437.95,437.95,0.0,1,385,1.0,0.0
C11480,Lapsed / Hibernating,2,3,3,233,595,3,286.94,95.647,0.0,3,611,1.0,0.0
C11481,Champions,5,5,5,555,16,35,5983.45,170.956,0.219,8,1023,0.943,0.107
C11482,Lapsed / Hibernating,2,2,2,222,506,1,149.53,149.53,0.585,2,506,0.0,0.0
C11484,Deal Hunters,3,2,2,322,137,1,96.04,96.04,1.0,1,137,1.0,0.0
C11485,New & Promising,3,2,1,321,230,1,79.96,79.96,0.0,2,230,1.0,0.0
C11486,Champions,4,5,5,455,50,16,2569.1,160.569,0.034,7,551,0.875,0.107
C11487,Champions,4,4,4,444,52,7,1098.28,156.897,0.431,5,499,1.0,0.231
C11488,New & Promising,3,2,1,321,198,1,26.99,26.99,0.0,2,198,1.0,0.667
C11489,Champions,4,5,5,455,38,42,10350.01,246.429,0.116,8,1093,0.214,0.075
C11490,Lapsed / Hibernating,1,2,1,121,1019,1,35.96,35.96,0.0,1,1019,1.0,0.0
C11491,New & Promising,4,2,1,421,78,1,13.99,13.99,0.0,1,78,1.0,0.0
C11492,Champions,5,4,4,544,4,9,711.1,79.011,0.188,5,233,0.778,0.062
C11493,Deal Hunters,5,3,3,533,6,4,297.21,74.303,0.555,2,43,0.25,0.125
C11494,Steady Regulars,4,2,2,422,104,1,180.15,180.15,0.44,2,104,1.0,0.0
C11495,Champions,5,5,5,555,16,50,12958.4,259.168,0.198,7,1058,0.18,0.087
C11497,Lapsed / Hibernating,1,4,4,144,767,7,1577.95,225.421,0.263,6,1090,1.0,0.182
C11499,Lapsed / Hibernating,2,2,2,222,628,1,134.99,134.99,0.0,1,628,1.0,0.5
C11500,Steady Regulars,3,2,2,322,212,1,261.97,261.97,0.0,2,212,1.0,0.0
C11501,Lapsed / Hibernating,2,2,1,221,631,1,25.99,25.99,0.0,1,631,1.0,0.0
C11502,Steady Regulars,3,3,4,334,223,3,713.92,237.973,0.0,4,781,1.0,0.167
C11503,Lapsed / Hibernating,2,2,3,223,679,1,337.98,337.98,0.0,2,679,1.0,0.0
C11504,Steady Regulars,3,2,3,323,182,1,281.96,281.96,0.0,2,182,1.0,0.0
C11506,Lapsed / Hibernating,1,3,3,133,885,3,402.54,134.18,0.021,4,1083,0.333,0.167
C11507,Lapsed / Hibernating,2,2,1,221,375,1,51.99,51.99,0.0,1,375,1.0,0.0
C11508,Lapsed / Hibernating,1,4,4,144,758,8,1108.56,138.57,0.221,4,1096,1.0,0.143
C11509,Lapsed / Hibernating,1,2,3,123,957,1,282.97,282.97,0.0,2,957,1.0,0.0
C11510,Champions,5,5,5,555,1,31,5133.68,165.603,0.149,6,1074,0.129,0.07
C11512,Lapsed / Hibernating,1,4,4,144,1019,7,1608.0,229.714,0.423,5,1085,1.0,0.143
C11514,Champions,4,5,5,455,36,15,4383.24,292.216,0.158,6,831,0.933,0.081
C11515,Champions,3,4,5,345,126,9,1911.69,212.41,0.0,5,692,1.0,0.0
C11516,Lapsed / Hibernating,1,2,2,122,777,1,254.99,254.99,0.0,1,777,1.0,0.0
C11517,Champions,4,5,4,454,30,14,1445.38,103.241,0.186,4,410,0.0,0.074
C11518,Steady Regulars,3,4,4,344,221,8,1534.32,191.79,0.093,4,933,0.75,0.077
C11519,Champions,3,4,5,345,184,8,1744.51,218.064,0.146,6,962,0.875,0.053
C11521,Steady Regulars,4,4,4,444,35,5,819.8,163.96,0.102,3,1083,1.0,0.125
C11524,Lapsed / Hibernating,2,3,4,234,535,4,926.98,231.745,0.717,4,769,1.0,0.111
C11525,Champions,5,5,5,555,1,57,13293.91,233.226,0.264,7,1096,0.947,0.078
C11526,Lapsed / Hibernating,1,3,4,134,836,2,816.95,408.475,0.0,2,1019,1.0,0.0
C11528,New & Promising,3,3,2,332,142,2,126.95,63.475,0.0,2,156,1.0,0.25
C11529,New & Promising,5,2,1,521,6,1,55.99,55.99,0.0,1,6,0.0,0.0
C11530,Steady Regulars,3,4,4,344,186,7,998.45,142.636,0.554,5,562,1.0,0.133
C11531,Lapsed / Hibernating,2,2,1,221,421,1,78.98,78.98,0.0,2,421,0.0,0.0
C11532,New & Promising,3,2,1,321,192,1,22.99,22.99,0.0,1,192,1.0,0.0
C11533,Lapsed / Hibernating,1,3,4,134,945,4,705.91,176.478,0.0,3,1033,0.25,0.333
C11534,Lapsed / Hibernating,2,3,3,233,661,2,382.95,191.475,0.0,3,950,0.5,0.0
C11535,Lapsed / Hibernating,2,5,4,254,508,11,830.26,75.478,0.031,5,1067,0.0,0.0
C11536,New & Promising,4,2,1,421,28,1,69.98,69.98,0.0,1,28,1.0,0.0
C11538,Lapsed / Hibernating,1,2,2,122,742,1,150.99,150.99,0.0,1,742,1.0,0.0
C11539,Steady Regulars,4,3,3,433,74,4,329.91,82.477,0.0,4,211,0.25,0.0
C11540,New & Promising,3,2,1,321,294,1,0.0,0.0,0.0,2,294,1.0,1.0
C11541,Lapsed / Hibernating,1,2,3,123,970,1,347.8,347.8,0.198,3,970,1.0,0.0
C11542,Lapsed / Hibernating,1,2,2,122,1072,1,110.98,110.98,0.0,2,1072,0.0,0.0
C11543,New & Promising,3,3,2,332,127,2,151.98,75.99,0.0,2,268,0.0,0.0
C11544,New & Promising,4,3,1,431,49,3,85.96,28.653,0.0,4,740,0.667,0.571
C11545,Lapsed / Hibernating,2,3,3,233,400,4,428.34,107.085,0.335,3,757,1.0,0.0
C11546,Champions,4,5,5,455,50,19,3891.16,204.798,0.197,7,465,0.947,0.111
C11547,Champions,5,5,5,555,13,47,11498.71,244.653,0.129,8,762,0.213,0.052
C11549,Champions,5,4,3,543,11,9,624.31,69.368,0.113,4,739,1.0,0.0
C11550,Lapsed / Hibernating,2,5,5,255,400,14,2528.9,180.636,0.112,7,1062,1.0,0.0
C11551,Steady Regulars,3,3,4,334,202,4,785.84,196.46,0.069,4,571,1.0,0.0
C11553,Lapsed / Hibernating,1,3,3,133,920,2,631.95,315.975,0.029,2,1056,0.5,0.333
C11554,Lapsed / Hibernating,1,3,2,132,985,2,151.98,75.99,0.161,3,1014,1.0,0.333
C11555,Champions,4,4,4,444,108,8,906.44,113.305,0.242,6,819,0.375,0.176
C11557,Champions,5,5,5,555,2,26,5169.83,198.84,0.143,8,866,0.154,0.014
C11559,Steady Regulars,4,3,3,433,47,4,314.36,78.59,0.173,4,392,1.0,0.2
C11561,Steady Regulars,3,4,4,344,363,5,1216.33,243.266,0.037,6,480,0.2,0.071
C11562,Lapsed / Hibernating,2,4,5,245,549,10,2058.78,205.878,0.0,6,1019,0.7,0.062
C11563,Steady Regulars,4,2,3,423,59,1,438.96,438.96,0.0,2,59,1.0,0.0
C11567,Lapsed / Hibernating,2,4,4,244,475,6,795.87,132.645,0.151,4,855,0.0,0.0
C11568,Champions,3,5,5,355,341,21,3909.28,186.156,0.021,6,1073,0.952,0.029
C11569,Lapsed / Hibernating,2,3,3,233,445,4,458.91,114.727,0.0,5,837,0.75,0.0
C11570,Steady Regulars,4,4,4,444,120,10,1551.35,155.135,0.2,4,948,0.8,0.105
C11571,Lapsed / Hibernating,1,4,3,143,810,6,466.36,77.727,0.125,3,1066,0.333,0.0
C11572,Champions,5,4,4,544,6,6,1505.32,250.887,0.082,4,897,0.167,0.071
C11573,Lapsed / Hibernating,2,4,5,245,396,7,2751.66,393.094,0.249,6,950,0.857,0.062
C11574,Steady Regulars,3,3,4,334,226,4,751.59,187.898,0.243,4,810,1.0,0.0
C11575,Lapsed / Hibernating,1,2,1,121,1092,1,75.37,75.37,0.615,2,1092,0.0,0.0
C11576,New & Promising,3,2,1,321,153,1,0.0,0.0,0.0,1,153,1.0,1.0
C11577,Steady Regulars,3,2,2,322,276,1,126.95,126.95,0.0,3,276,0.0,0.0
C11579,Lapsed / Hibernating,1,3,2,132,899,2,129.51,64.755,0.807,3,920,1.0,0.0
C11580,Champions,5,4,4,544,3,8,1278.71,159.839,0.246,5,325,1.0,0.118
C11581,Champions,3,5,5,355,224,11,1942.47,176.588,0.205,5,770,1.0,0.05
C11582,Lapsed / Hibernating,2,2,2,222,493,1,89.98,89.98,0.0,2,493,1.0,0.0
C11584,Champions,3,5,5,355,178,18,3669.17,203.843,0.057,7,876,0.889,0.064
C11585,Steady Regulars,3,4,4,344,174,9,1626.93,180.77,0.038,5,537,0.333,0.0
C11587,Lapsed / Hibernating,1,3,1,131,976,3,48.97,16.323,0.0,1,1034,0.333,0.0
C11588,New & Promising,3,2,1,321,274,1,41.98,41.98,0.0,1,274,1.0,0.0
C11589,Lapsed / Hibernating,2,4,3,243,523,5,479.89,95.978,0.0,3,968,1.0,0.0
C11591,Steady Regulars,3,3,4,334,245,2,1163.94,581.97,0.0,3,308,1.0,0.0
C11592,Champions,4,5,5,455,36,19,3271.79,172.199,0.085,6,564,0.947,0.15
C11593,Steady Regulars,3,3,4,334,307,3,761.94,253.98,0.0,1,923,1.0,0.0
C11594,Champions,5,5,5,555,13,68,11769.24,173.077,0.092,8,1084,0.162,0.085
C11597,Champions,4,5,5,455,82,26,2643.3,101.665,0.086,7,1092,0.115,0.045
C11599,Lapsed / Hibernating,2,2,1,221,597,1,29.97,29.97,0.0,1,597,0.0,0.0
C11602,Champions,5,5,5,555,10,17,3215.64,189.155,0.057,6,411,1.0,0.049
C11603,Steady Regulars,3,4,4,344,136,9,939.99,104.443,0.139,6,272,0.111,0.053
C11604,Lapsed / Hibernating,1,2,2,122,1070,1,120.98,120.98,0.0,2,1070,0.0,0.0
C11605,New & Promising,4,2,1,421,104,1,49.98,49.98,0.0,2,104,1.0,0.5
C11606,Steady Regulars,3,3,3,333,191,4,621.3,155.325,0.136,5,450,1.0,0.0
C11607,Steady Regulars,4,3,2,432,65,4,210.93,52.732,0.0,4,505,1.0,0.286
C11608,Champions,4,5,5,455,29,20,2759.83,137.992,0.131,6,814,0.95,0.205
C11609,Champions,4,5,5,455,37,13,1742.04,134.003,0.164,7,920,0.077,0.071
C11610,Lapsed / Hibernating,2,2,3,223,655,1,597.44,597.44,0.216,4,655,0.0,0.2
C11611,Steady Regulars,3,4,4,344,286,5,1012.86,202.572,0.0,6,932,1.0,0.0
C11612,Lapsed / Hibernating,2,2,1,221,429,1,33.99,33.99,0.0,1,429,1.0,0.0
C11613,Champions,5,5,5,555,19,27,5326.55,197.28,0.231,7,1094,0.889,0.067
C11615,Lapsed / Hibernating,2,3,3,233,379,4,487.91,121.978,0.0,4,1019,0.0,0.0
C11617,Deal Hunters,4,2,1,421,32,1,18.19,18.19,1.0,1,32,1.0,0.0
C11618,Champions,5,5,5,555,1,43,8293.36,192.869,0.159,8,559,0.163,0.08
C11620,Lapsed / Hibernating,2,2,1,221,644,1,45.97,45.97,0.695,3,644,1.0,0.333
C11621,Champions,4,4,4,444,34,8,1510.83,188.854,0.126,6,484,0.875,0.0
C11622,Deal Hunters,3,2,2,322,240,1,114.68,114.68,0.608,2,240,1.0,0.0
C11623,Lapsed / Hibernating,2,4,4,244,461,7,1098.28,156.897,0.015,6,1053,0.0,0.154
C11624,New & Promising,4,2,1,421,57,1,53.98,53.98,0.0,2,57,1.0,0.0
C11625,Lapsed / Hibernating,1,3,4,134,708,4,855.06,213.765,0.139,4,1085,0.0,0.1
C11626,Lapsed / Hibernating,2,3,4,234,572,4,1214.9,303.725,0.0,4,940,0.25,0.0
C11627,Lapsed / Hibernating,1,3,4,134,1034,3,815.85,271.95,0.0,4,1062,0.333,0.111
C11629,Lapsed / Hibernating,1,2,3,123,1015,1,453.98,453.98,0.0,2,1015,0.0,0.5
C11630,Champions,4,4,5,445,34,7,1906.79,272.399,0.201,6,457,0.143,0.0
C11631,New & Promising,3,2,1,321,185,1,53.99,53.99,0.0,1,185,1.0,0.5
C11632,Lapsed / Hibernating,1,2,1,121,994,1,67.98,67.98,0.0,1,994,1.0,0.0
C11633,Champions,5,5,5,555,14,17,3003.42,176.672,0.166,5,703,0.824,0.088
C11634,Champions,3,5,4,354,287,11,882.46,80.224,0.199,6,1074,0.909,0.158
C11635,Champions,4,5,5,455,47,18,2901.7,161.206,0.039,6,670,0.722,0.103
C11637,New & Promising,4,2,2,422,57,1,111.96,111.96,0.0,2,57,1.0,0.0
C11638,Lapsed / Hibernating,2,2,2,222,544,1,97.99,97.99,0.0,1,544,0.0,0.0
C11641,Steady Regulars,4,4,3,443,68,7,651.35,93.05,0.255,5,279,1.0,0.154
C11642,Lapsed / Hibernating,1,3,2,132,859,2,240.62,120.31,0.456,3,873,1.0,0.0
C11643,Steady Regulars,5,3,3,533,5,4,459.92,114.98,0.0,3,299,1.0,0.0
C11644,Steady Regulars,3,3,2,332,351,2,235.97,117.985,0.0,2,450,1.0,0.0
C11645,Steady Regulars,3,3,3,333,197,3,534.72,178.24,0.226,4,485,1.0,0.0
C11647,Champions,5,4,5,545,4,6,2024.84,337.473,0.0,4,221,0.833,0.091
C11648,Steady Regulars,5,3,4,534,18,3,667.85,222.617,0.507,4,173,1.0,0.091
C11650,New & Promising,3,2,1,321,354,1,50.98,50.98,0.0,2,354,1.0,0.333
C11652,Steady Regulars,4,3,3,433,67,4,348.91,87.228,0.1,4,655,0.75,0.143
C11653,Steady Regulars,5,3,4,534,24,4,988.04,247.01,0.135,6,226,1.0,0.0
C11654,Steady Regulars,3,3,3,333,189,3,360.13,120.043,0.392,5,861,0.667,0.0
C11655,Deal Hunters,4,2,1,421,32,1,28.69,28.69,1.0,1,32,1.0,0.0
C11656,Champions,3,5,5,355,236,16,2958.44,184.902,0.128,7,1089,0.938,0.132
C11657,Champions,4,5,5,455,34,17,2623.05,154.297,0.121,6,1054,0.118,0.118
C11658,Lapsed / Hibernating,2,3,3,233,666,3,589.59,196.53,0.264,4,988,0.0,0.0
C11659,Champions,5,5,5,555,10,23,3244.28,141.056,0.241,8,997,0.87,0.163
C11660,Lapsed / Hibernating,2,2,1,221,380,1,0.0,0.0,1.0,1,380,1.0,1.0
C11661,Lapsed / Hibernating,2,2,2,222,610,1,173.37,173.37,1.0,2,610,1.0,0.0
C11662,Lapsed / Hibernating,2,3,3,233,629,2,526.96,263.48,0.0,3,965,0.0,0.0
C11663,Lapsed / Hibernating,1,3,3,133,887,3,480.9,160.3,0.0,4,1074,0.333,0.0
C11665,Lapsed / Hibernating,1,2,1,121,850,1,0.0,0.0,0.0,1,850,0.0,1.0
C11666,Lapsed / Hibernating,1,4,4,144,731,10,1238.42,123.842,0.246,5,1066,0.1,0.318
C11668,Lapsed / Hibernating,1,3,3,133,974,2,345.97,172.985,0.0,1,1015,0.0,0.25
C11669,Champions,5,5,5,555,6,22,3811.17,173.235,0.226,6,1053,1.0,0.082
C11670,Lapsed / Hibernating,1,3,4,134,836,3,1387.88,462.627,0.0,3,890,1.0,0.0
C11671,Steady Regulars,5,3,4,534,5,4,841.77,210.442,0.237,4,342,0.75,0.077
C11672,Lapsed / Hibernating,2,2,2,222,653,1,250.95,250.95,0.0,3,653,1.0,0.0
C11673,Lapsed / Hibernating,1,2,2,122,1027,1,128.99,128.99,0.0,1,1027,1.0,0.0
C11675,Champions,4,5,4,454,91,12,1095.73,91.311,0.204,6,1022,0.917,0.13
C11676,Champions,5,4,4,544,18,6,1212.76,202.127,0.224,5,258,1.0,0.071
C11677,Steady Regulars,4,3,3,433,29,2,643.93,321.965,0.0,4,135,1.0,0.167
C11678,Champions,5,4,4,544,6,8,1169.58,146.198,0.108,4,140,0.875,0.0
C11679,Champions,4,5,4,454,40,12,1355.7,112.975,0.066,7,1063,0.167,0.0
C11680,Lapsed / Hibernating,2,3,4,234,515,4,722.92,180.73,0.159,4,625,0.75,0.3
C11682,Steady Regulars,3,2,2,322,249,1,225.96,225.96,0.0,2,249,0.0,0.0
C11683,New & Promising,3,2,2,322,181,1,116.97,116.97,0.0,2,181,1.0,0.0
C11684,Champions,3,5,5,355,223,19,2793.02,147.001,0.071,7,1035,0.053,0.085
C11685,Steady Regulars,3,4,3,343,186,6,391.02,65.17,0.333,3,1089,0.167,0.125
C11686,Steady Regulars,3,2,4,324,294,1,683.77,683.77,0.069,2,294,1.0,0.333
C11689,Lapsed / Hibernating,1,2,3,123,937,1,331.96,331.96,0.0,2,937,1.0,0.0
C11691,Lapsed / Hibernating,1,3,4,134,1058,3,901.98,300.66,0.049,6,1079,0.0,0.0
C11693,Champions,5,5,5,555,4,13,2706.79,208.215,0.057,6,782,0.077,0.053
C11694,Lapsed / Hibernating,2,2,1,221,468,1,81.89,81.89,0.418,2,468,1.0,0.5
C11695,Steady Regulars,5,3,3,533,5,4,396.48,99.12,0.033,4,222,1.0,0.1
C11696,Lapsed / Hibernating,2,3,4,234,514,2,803.13,401.565,0.199,4,755,0.0,0.0
C11697,Champions,4,5,5,455,61,18,2080.37,115.576,0.264,4,1074,1.0,0.162
C11701,Lapsed / Hibernating,1,2,1,121,1033,1,66.97,66.97,0.0,3,1033,1.0,0.333
C11703,Steady Regulars,4,4,4,444,38,5,871.32,174.264,0.066,4,488,1.0,0.0
C11705,Champions,5,5,5,555,4,61,12302.77,201.685,0.142,8,912,0.852,0.057
C11706,Deal Hunters,3,2,1,321,341,1,19.99,19.99,0.614,2,341,0.0,0.5
C11707,Lapsed / Hibernating,2,2,1,221,701,1,27.98,27.98,0.0,1,701,0.0,0.0
C11708,Steady Regulars,3,4,2,342,354,5,238.1,47.62,0.162,5,510,1.0,0.143
C11709,Steady Regulars,3,2,2,322,281,1,259.45,259.45,0.387,4,281,1.0,0.333
C11711,Steady Regulars,4,2,3,423,123,1,467.98,467.98,0.0,1,123,1.0,0.0
C11713,Champions,4,5,5,455,32,18,3887.01,215.945,0.15,5,1036,0.056,0.122
C11714,Champions,4,4,4,444,113,10,1301.7,130.17,0.213,7,591,0.9,0.208
C11715,New & Promising,3,2,1,321,188,1,53.99,53.99,0.0,1,188,1.0,0.0
C11716,Lapsed / Hibernating,1,4,3,143,768,5,660.5,132.1,0.219,4,1084,1.0,0.0
C11717,Lapsed / Hibernating,2,2,2,222,592,1,110.97,110.97,0.0,1,592,1.0,0.0
C11718,Steady Regulars,3,4,3,343,131,5,610.92,122.184,0.026,2,745,1.0,0.143
C11719,Steady Regulars,3,4,2,342,281,7,215.91,30.844,0.456,4,972,1.0,0.091
C11722,Lapsed / Hibernating,1,2,1,121,776,1,63.98,63.98,0.0,2,776,0.0,0.0
C11723,Champions,5,5,5,555,9,15,2246.93,149.795,0.166,7,1096,1.0,0.097
C11725,Lapsed / Hibernating,2,2,1,221,562,1,69.38,69.38,0.726,2,562,0.0,0.0
C11726,New & Promising,3,2,1,321,154,1,17.99,17.99,0.0,1,154,1.0,0.0
C11728,New & Promising,4,2,1,421,47,1,73.97,73.97,0.0,2,47,1.0,0.0
C11729,Lapsed / Hibernating,2,2,1,221,674,1,39.99,39.99,0.0,1,674,1.0,0.0
C11731,Steady Regulars,4,4,4,444,113,5,826.97,165.394,0.11,4,396,0.8,0.25
C11733,Lapsed / Hibernating,1,4,4,144,738,8,1119.48,139.935,0.116,5,1086,0.375,0.083
C11734,Champions,5,5,5,555,12,39,7175.59,183.989,0.168,7,1079,0.205,0.135
C11736,Steady Regulars,4,4,4,444,85,7,1071.86,153.123,0.369,5,647,1.0,0.222
C11739,New & Promising,3,2,2,322,126,1,107.98,107.98,0.0,2,126,1.0,0.0
C11743,Steady Regulars,4,4,4,444,34,8,738.83,92.354,0.459,4,431,0.75,0.062
C11746,New & Promising,5,3,2,532,18,3,141.95,47.317,0.0,3,296,1.0,0.333
C11748,Champions,4,5,5,455,44,13,2397.65,184.435,0.2,4,669,0.923,0.179
C11749,Lapsed / Hibernating,2,2,4,224,412,1,1082.96,1082.96,0.0,2,412,1.0,0.0
C11750,Lapsed / Hibernating,1,2,2,122,958,1,184.99,184.99,0.0,1,958,0.0,0.0
C11751,Steady Regulars,3,5,4,354,278,12,726.96,60.58,0.138,3,985,1.0,0.222
C11752,Lapsed / Hibernating,1,2,2,122,789,1,108.96,108.96,0.0,4,789,1.0,0.25
C11755,Champions,3,5,4,354,124,14,1088.56,77.754,0.367,8,1035,0.929,0.16
C11757,Champions,3,5,5,355,265,16,3273.7,204.606,0.049,6,1092,0.188,0.086
C11758,Deal Hunters,3,2,1,321,170,1,16.99,16.99,1.0,2,170,0.0,0.5
C11759,Champions,5,5,5,555,10,34,7506.22,220.771,0.087,7,1069,0.206,0.128
C11761,New & Promising,4,3,2,432,75,2,116.96,58.48,0.0,3,237,0.0,0.333
C11763,Lapsed / Hibernating,2,2,1,221,577,1,15.99,15.99,0.0,1,577,1.0,0.0
C11764,Steady Regulars,5,3,2,532,15,4,250.72,62.68,0.205,5,150,1.0,0.333
C11769,Champions,5,5,5,555,21,28,7473.58,266.914,0.175,6,1047,0.107,0.027
C11770,Lapsed / Hibernating,2,2,1,221,372,1,83.98,83.98,0.0,1,372,1.0,0.0
C11771,Lapsed / Hibernating,1,3,4,134,1007,3,803.94,267.98,0.0,3,1054,0.333,0.333
C11772,Lapsed / Hibernating,1,2,1,121,1018,1,48.99,48.99,0.0,1,1018,1.0,0.0
C11773,Champions,3,5,5,355,154,15,1879.16,125.277,0.046,7,1077,1.0,0.133
C11777,Champions,3,5,5,355,167,22,3621.64,164.62,0.114,7,808,0.455,0.163
C11778,Lapsed / Hibernating,1,2,2,122,713,1,148.99,148.99,0.0,2,713,1.0,0.5
C11779,Lapsed / Hibernating,2,3,3,233,564,2,471.34,235.67,0.452,3,1077,1.0,0.2
C11780,Champions,5,4,4,544,8,10,1110.12,111.012,0.456,6,649,0.9,0.045
C11782,Steady Regulars,3,3,3,333,140,3,639.88,213.293,0.0,3,442,0.333,0.0
C11783,Steady Regulars,4,4,4,444,31,5,1275.71,255.142,0.184,5,304,1.0,0.25
C11786,New & Promising,4,2,1,421,41,1,54.98,54.98,0.0,2,41,0.0,0.0
C11788,Champions,3,5,5,355,217,15,2237.28,149.152,0.186,7,1058,0.933,0.094
C11790,Deal Hunters,3,2,1,321,168,1,45.88,45.88,1.0,1,168,1.0,0.0
C11791,Lapsed / Hibernating,2,2,1,221,387,1,26.99,26.99,1.0,1,387,0.0,0.0
C11792,New & Promising,5,2,1,521,7,1,77.97,77.97,0.0,1,7,0.0,0.0
C11794,New & Promising,3,2,2,322,194,1,121.98,121.98,0.0,1,194,1.0,0.0
C11795,Steady Regulars,4,4,4,444,59,6,937.86,156.31,0.0,4,467,0.833,0.0
C11796,Champions,5,5,5,555,5,27,4694.23,173.86,0.035,6,1093,0.963,0.14
C11797,Champions,3,5,5,355,236,13,1799.08,138.391,0.167,6,823,0.231,0.0
C11799,Champions,4,4,4,444,46,8,1277.33,159.666,0.104,7,603,1.0,0.182
C11800,Lapsed / Hibernating,1,2,3,123,808,1,327.97,327.97,0.0,2,808,1.0,0.0
C11801,Champions,5,5,5,555,7,14,3751.34,267.953,0.082,7,149,1.0,0.098
C11802,Lapsed / Hibernating,1,2,3,123,816,1,402.97,402.97,0.0,2,816,0.0,0.333
C11804,Steady Regulars,4,3,3,433,45,4,397.73,99.432,0.226,4,985,1.0,0.167
C11805,Steady Regulars,5,4,4,544,14,7,803.94,114.849,0.424,3,326,1.0,0.083
C11807,Deal Hunters,4,2,1,421,32,1,61.59,61.59,1.0,1,32,1.0,0.0
C11808,Champions,4,5,5,455,110,17,3193.11,187.83,0.04,4,992,0.294,0.098
C11810,Lapsed / Hibernating,1,2,1,121,839,1,66.15,66.15,0.517,2,839,1.0,0.0
C11812,Lapsed / Hibernating,2,2,2,222,592,1,234.98,234.98,0.0,2,592,0.0,0.0
C11813,Lapsed / Hibernating,1,4,4,144,746,7,1160.02,165.717,0.262,5,970,1.0,0.0
C11814,Champions,5,4,4,544,19,7,1295.9,185.129,0.15,7,352,0.857,0.158
C11816,Steady Regulars,4,4,4,444,66,5,1615.13,323.026,0.056,3,532,0.8,0.091
C11818,Champions,4,5,4,454,66,11,1582.1,143.827,0.22,7,1015,0.273,0.056
C11820,New & Promising,4,3,2,432,46,2,88.97,44.485,0.0,3,57,0.0,0.0
C11821,Lapsed / Hibernating,1,2,2,122,1079,1,237.98,237.98,0.0,2,1079,1.0,0.0
C11822,Lapsed / Hibernating,1,2,1,121,715,1,58.95,58.95,0.0,1,715,1.0,0.0
C11823,Steady Regulars,4,3,3,433,57,4,647.93,161.983,0.0,5,678,0.0,0.167
C11825,Lapsed / Hibernating,1,4,4,144,880,6,1017.65,169.608,0.131,7,1059,0.833,0.071
C11826,Steady Regulars,4,3,3,433,51,3,309.23,103.077,0.079,4,135,1.0,0.0
C11827,Steady Regulars,3,3,3,333,288,3,323.14,107.713,0.078,2,365,0.333,0.0
C11828,Lapsed / Hibernating,2,2,1,221,515,1,0.0,0.0,0.0,1,515,1.0,1.0
C11830,Champions,4,5,5,455,31,36,3255.37,90.427,0.26,8,1035,0.944,0.106
C11832,Champions,5,5,5,555,16,14,1953.08,139.506,0.043,7,921,0.214,0.071
C11833,Champions,5,4,4,544,19,8,845.79,105.724,0.017,6,493,0.875,0.105
C11834,Lapsed / Hibernating,1,4,3,143,897,6,661.93,110.322,0.333,4,1022,0.167,0.0
C11835,Champions,5,5,5,555,25,33,8457.19,256.278,0.193,8,1020,0.273,0.101
C11837,Lapsed / Hibernating,2,3,3,233,567,3,492.15,164.05,0.405,4,1086,1.0,0.0
C11838,Steady Regulars,3,3,3,333,346,3,363.31,121.103,0.538,5,372,1.0,0.0
C11839,Champions,5,5,5,555,15,12,2901.11,241.759,0.501,5,318,1.0,0.156
C11840,Deal Hunters,4,2,3,423,119,1,626.38,626.38,1.0,1,119,1.0,0.0
C11841,Steady Regulars,4,3,2,432,28,3,242.97,80.99,0.0,4,328,1.0,0.4
C11842,Champions,5,5,5,555,17,15,2085.9,139.06,0.146,6,923,0.2,0.065
C11844,Lapsed / Hibernating,2,3,1,231,375,2,60.99,30.495,0.0,2,470,1.0,0.5
C11845,Champions,4,5,5,455,109,18,4611.18,256.177,0.186,6,854,0.833,0.08
C11846,Lapsed / Hibernating,1,3,3,133,839,4,658.94,164.735,0.0,4,1004,0.0,0.143
C11847,Lapsed / Hibernating,1,2,1,121,775,1,65.99,65.99,0.0,1,775,1.0,0.0
C11848,Steady Regulars,5,3,3,533,21,4,537.55,134.388,0.134,5,220,0.25,0.286
C11849,Champions,3,5,5,355,238,20,2174.9,108.745,0.238,8,1033,0.1,0.048
C11850,Lapsed / Hibernating,1,2,2,122,754,1,128.67,128.67,1.0,1,754,1.0,0.0
C11851,Lapsed / Hibernating,2,4,4,244,535,6,942.36,157.06,0.096,3,1046,0.833,0.077
C11852,Lapsed / Hibernating,1,5,5,155,707,18,5093.79,282.988,0.233,5,1088,0.111,0.087
C11854,New & Promising,4,3,1,431,50,2,83.98,41.99,0.0,2,195,1.0,0.5
C11855,Champions,5,5,5,555,12,30,7211.56,240.385,0.114,6,1044,1.0,0.108
C11857,Champions,4,5,5,455,69,19,3147.2,165.642,0.235,7,1073,0.947,0.067
C11859,Champions,4,5,5,455,36,15,2044.44,136.296,0.243,7,588,1.0,0.051
C11860,New & Promising,4,3,2,432,30,2,128.97,64.485,0.0,3,92,1.0,0.0
C11864,Champions,4,4,4,444,34,7,1032.07,147.439,0.643,5,768,1.0,0.118
C11865,Lapsed / Hibernating,1,2,1,121,893,1,51.98,51.98,0.0,2,893,1.0,0.0
C11866,Lapsed / Hibernating,1,3,3,133,845,3,474.09,158.03,0.099,3,877,1.0,0.143
C11868,Lapsed / Hibernating,1,4,4,144,985,7,1362.87,194.696,0.337,5,1089,1.0,0.154
C11869,Steady Regulars,3,4,5,345,129,6,1896.32,316.053,0.097,5,747,1.0,0.091
C11871,Champions,5,4,4,544,21,9,1553.09,172.566,0.152,6,1035,0.111,0.111
C11872,Champions,5,5,5,555,8,32,6522.29,203.822,0.037,7,690,0.844,0.041
C11874,Steady Regulars,4,4,4,444,110,7,1005.6,143.657,0.257,4,1072,0.0,0.059
C11875,Lapsed / Hibernating,1,2,1,121,854,1,23.98,23.98,0.0,1,854,0.0,0.0
C11876,Lapsed / Hibernating,1,2,2,122,863,1,187.93,187.93,0.122,2,863,0.0,0.0
C11877,Lapsed / Hibernating,2,3,3,233,402,2,282.76,141.38,0.678,3,522,1.0,0.0
C11878,Lapsed / Hibernating,2,2,2,222,639,1,161.99,161.99,0.0,2,639,1.0,0.5
C11880,Deal Hunters,4,2,1,421,33,1,40.59,40.59,1.0,1,33,1.0,0.0
C11881,Champions,4,4,5,445,49,9,2970.95,330.106,0.072,6,822,0.333,0.034
C11883,New & Promising,4,2,1,421,55,1,0.0,0.0,0.0,1,55,1.0,1.0
C11884,Deal Hunters,5,2,1,521,24,1,32.79,32.79,1.0,1,24,0.0,0.0
C11885,Lapsed / Hibernating,2,4,4,244,606,8,1668.71,208.589,0.089,7,1013,0.125,0.062
C11886,New & Promising,3,2,1,321,179,1,25.99,25.99,0.0,2,179,0.0,0.5
C11888,Lapsed / Hibernating,2,3,3,233,482,3,395.91,131.97,0.0,5,861,1.0,0.222
C11890,Steady Regulars,4,4,5,445,117,6,1800.8,300.133,0.0,3,810,0.5,0.0
C11891,New & Promising,3,2,1,321,276,1,26.99,26.99,0.0,2,276,1.0,0.5
C11892,Lapsed / Hibernating,2,4,4,244,450,7,888.83,126.976,0.0,5,944,0.857,0.077
C11893,Lapsed / Hibernating,1,3,3,133,984,3,372.93,124.31,0.0,3,1077,0.667,0.2
C11894,Steady Regulars,5,3,3,533,21,3,598.92,199.64,0.0,3,331,1.0,0.0
C11896,Lapsed / Hibernating,2,2,2,222,679,1,113.97,113.97,0.0,1,679,0.0,0.0
C11897,Lapsed / Hibernating,2,3,3,233,477,4,578.76,144.69,0.337,3,903,1.0,0.2
C11898,Deal Hunters,3,2,1,321,126,1,61.18,61.18,1.0,1,126,1.0,0.0
C11900,Lapsed / Hibernating,2,4,4,244,681,6,1509.16,251.527,0.033,5,906,0.833,0.0
C11901,New & Promising,3,2,2,322,244,1,122.99,122.99,0.0,1,244,1.0,0.0
C11903,Steady Regulars,3,3,3,333,335,2,441.95,220.975,0.067,3,554,1.0,0.2
C11906,Champions,4,5,5,455,28,52,9491.28,182.525,0.091,7,687,0.942,0.107
C11908,New & Promising,3,2,1,321,286,1,18.99,18.99,0.0,1,286,1.0,0.0
C11911,Lapsed / Hibernating,2,4,4,244,485,5,680.91,136.182,0.0,4,667,0.2,0.0
C11912,New & Promising,5,2,3,523,22,1,276.99,276.99,0.0,1,22,1.0,0.0
C11913,Steady Regulars,5,3,3,533,1,3,522.92,174.307,0.0,3,318,1.0,0.0
C11915,Lapsed / Hibernating,2,5,5,255,408,11,2026.95,184.268,0.08,6,908,0.091,0.0
C11916,Champions,4,5,5,455,30,19,2899.23,152.591,0.064,7,771,0.158,0.065
C11917,Lapsed / Hibernating,2,4,4,244,545,7,963.34,137.62,0.035,7,995,1.0,0.15
C11918,New & Promising,5,3,1,531,26,2,0.0,0.0,0.0,2,171,0.5,1.0
C11919,Steady Regulars,3,2,2,322,302,1,213.97,213.97,0.0,2,302,1.0,0.0
C11921,Deal Hunters,3,2,1,321,323,1,35.09,35.09,1.0,1,323,1.0,0.0
C11924,Lapsed / Hibernating,2,4,4,244,651,7,692.98,98.997,0.675,4,1028,0.143,0.1
C11925,Lapsed / Hibernating,2,3,3,233,390,3,551.87,183.957,0.033,5,576,0.333,0.0
C11926,Steady Regulars,5,3,4,534,3,4,807.5,201.875,0.097,3,335,0.0,0.0
C11928,New & Promising,3,2,1,321,364,1,11.99,11.99,0.0,1,364,1.0,0.0
C11930,Lapsed / Hibernating,2,3,4,234,382,2,673.77,336.885,0.187,2,501,0.0,0.0
C11931,Champions,5,4,4,544,22,10,1230.06,123.006,0.172,4,792,0.8,0.125
C11932,Champions,5,4,4,544,1,6,869.11,144.852,0.487,5,483,0.833,0.0
C11933,Champions,4,5,5,455,47,12,2501.41,208.451,0.198,6,736,1.0,0.087
C11934,Lapsed / Hibernating,1,2,2,122,813,1,191.98,191.98,0.0,1,813,1.0,0.0
C11935,New & Promising,4,2,1,421,45,1,33.99,33.99,0.0,1,45,1.0,0.0
C11936,Champions,5,5,5,555,18,62,12255.65,197.672,0.185,8,760,0.194,0.063
C11937,Lapsed / Hibernating,2,2,1,221,372,1,18.99,18.99,0.0,2,372,1.0,0.5
C11939,Steady Regulars,3,3,3,333,326,3,402.34,134.113,0.392,2,413,1.0,0.375
C11940,Steady Regulars,3,4,4,344,241,7,942.8,134.686,0.323,4,966,0.0,0.059
C11941,Steady Regulars,3,3,3,333,269,2,550.73,275.365,0.096,4,386,1.0,0.0
C11943,Lapsed / Hibernating,2,3,3,233,558,3,549.88,183.293,0.072,5,1068,0.667,0.111
C11946,Lapsed / Hibernating,2,4,3,243,386,5,485.07,97.014,0.18,4,857,1.0,0.214
C11947,Champions,4,5,5,455,38,11,1920.39,174.581,0.048,4,819,0.909,0.0
C11948,Lapsed / Hibernating,2,2,1,221,674,1,78.98,78.98,0.0,2,674,1.0,0.0
C11951,Champions,3,4,4,344,190,10,1711.63,171.163,0.186,7,859,0.7,0.154
C11952,Lapsed / Hibernating,1,3,2,132,733,2,186.96,93.48,0.0,4,738,1.0,0.0
C11953,Lapsed / Hibernating,1,4,4,144,848,6,874.86,145.81,0.0,5,1036,0.833,0.091
C11954,New & Promising,5,2,3,523,3,1,376.94,376.94,0.0,3,3,1.0,0.0
C11955,Champions,3,5,5,355,242,50,10137.24,202.745,0.224,7,1075,0.16,0.081
C11957,Steady Regulars,3,4,4,344,305,8,980.72,122.59,0.01,4,634,0.625,0.105
C11958,Champions,3,5,5,355,249,18,2862.43,159.024,0.149,6,992,0.944,0.0
C11959,Champions,4,4,5,445,54,9,1921.02,213.447,0.027,6,322,1.0,0.0
C11960,Champions,3,4,4,344,144,10,1174.85,117.485,0.075,5,1072,0.6,0.0
C11961,Steady Regulars,3,3,3,333,162,4,516.91,129.228,0.168,2,478,0.0,0.0
C11962,Lapsed / Hibernating,1,2,2,122,839,1,142.99,142.99,0.0,1,839,1.0,0.5
C11963,Champions,5,5,5,555,8,72,11292.59,156.842,0.199,8,1094,0.958,0.09
C11964,Lapsed / Hibernating,2,4,4,244,684,8,1421.81,177.726,0.0,5,945,0.125,0.0
C11965,Lapsed / Hibernating,2,4,4,244,603,5,964.28,192.856,0.04,4,838,0.8,0.111
C11966,New & Promising,3,2,1,321,157,1,28.99,28.99,0.0,1,157,1.0,0.0
C11967,New & Promising,4,2,1,421,81,1,77.96,77.96,0.0,1,81,1.0,0.333
C11971,New & Promising,3,2,1,321,232,1,42.98,42.98,0.0,2,232,1.0,0.0
C11973,Lapsed / Hibernating,2,2,3,223,411,1,504.96,504.96,0.0,1,411,1.0,0.0
C11975,Lapsed / Hibernating,2,2,2,222,442,1,161.99,161.99,0.0,1,442,1.0,0.0
C11977,Champions,4,5,5,455,77,15,2858.23,190.549,0.172,6,747,0.933,0.176
C11981,Deal Hunters,4,3,2,432,35,2,147.66,73.83,1.0,2,367,1.0,0.0
C11982,Champions,5,5,5,555,6,23,4076.38,177.234,0.008,7,448,0.913,0.078
C11983,Steady Regulars,4,4,3,443,37,5,633.67,126.734,0.519,5,565,1.0,0.0
C11984,Lapsed / Hibernating,2,3,3,233,475,3,489.53,163.177,0.654,4,513,1.0,0.143
C11985,Champions,5,4,3,543,9,8,656.94,82.117,0.298,6,967,0.25,0.077
C11986,New & Promising,3,2,1,321,165,1,63.99,63.99,0.0,1,165,0.0,0.0
C11987,Champions,4,5,4,454,55,11,1301.1,118.282,0.052,7,993,0.909,0.091
C11990,New & Promising,4,3,1,431,38,2,57.76,28.88,0.412,1,100,0.0,0.0
C11991,Lapsed / Hibernating,1,4,4,144,811,5,971.8,194.36,0.478,3,1057,0.8,0.182
C11993,Champions,5,5,5,555,21,22,4031.75,183.261,0.068,7,379,0.091,0.068
C11994,Lapsed / Hibernating,2,4,4,244,517,7,754.27,107.753,0.019,6,1006,1.0,0.167
C11995,New & Promising,4,2,1,421,45,1,57.58,57.58,0.375,2,45,1.0,0.0
C11996,New & Promising,4,3,2,432,64,2,88.97,44.485,0.186,4,345,1.0,0.25
C11998,Champions,5,5,5,555,22,38,7987.45,210.196,0.159,7,1020,0.921,0.103
C12000,Champions,4,5,4,454,40,12,1602.28,133.523,0.215,4,960,0.25,0.15
C12001,New & Promising,5,2,1,521,14,1,69.99,69.99,0.0,1,14,1.0,0.0
C12002,Champions,4,5,5,455,34,31,4997.53,161.211,0.055,6,1007,0.065,0.031
C12005,Lapsed / Hibernating,1,3,4,134,750,4,1510.85,377.712,0.0,4,818,0.25,0.071
C12006,Steady Regulars,3,5,4,354,209,11,1684.81,153.165,0.021,4,637,0.909,0.273
C12008,Lapsed / Hibernating,1,3,3,133,799,2,282.95,141.475,0.0,2,832,0.0,0.0
C12011,Lapsed / Hibernating,2,2,1,221,607,1,60.99,60.99,0.295,2,607,1.0,0.5
C12012,New & Promising,3,2,1,321,280,1,23.99,23.99,0.0,1,280,1.0,0.0
C12014,Steady Regulars,3,2,4,324,351,1,781.93,781.93,0.0,4,351,1.0,0.0
C12017,Champions,5,5,5,555,16,15,2432.46,162.164,0.074,6,854,0.067,0.103
C12020,Lapsed / Hibernating,2,2,2,222,460,1,214.97,214.97,0.0,2,460,1.0,0.0
C12021,Steady Regulars,4,3,3,433,106,3,447.89,149.297,0.0,4,563,1.0,0.0
C12022,New & Promising,3,2,1,321,213,1,30.99,30.99,0.0,1,213,1.0,0.0
C12023,Steady Regulars,4,3,3,433,53,4,331.93,82.982,0.0,4,697,1.0,0.167
C12025,Lapsed / Hibernating,1,3,2,132,1043,2,225.75,112.875,0.042,4,1065,0.0,0.2
C12029,Lapsed / Hibernating,2,3,4,234,464,4,1145.9,286.475,0.0,4,613,1.0,0.125
C12030,Champions,3,4,4,344,185,8,898.85,112.356,0.227,6,758,0.75,0.0
C12031,Lapsed / Hibernating,2,2,2,222,451,1,136.99,136.99,0.0,1,451,0.0,0.0
C12032,Champions,5,4,3,543,12,5,641.29,128.258,0.397,4,726,1.0,0.0
C12033,Steady Regulars,3,3,3,333,151,2,283.94,141.97,0.0,3,372,1.0,0.25
C12034,Champions,5,4,3,543,2,5,661.31,132.262,0.155,5,183,0.0,0.0
C12035,Steady Regulars,3,2,2,322,244,1,105.26,105.26,0.145,2,244,1.0,0.0
C12036,Lapsed / Hibernating,1,4,4,144,957,5,1314.04,262.808,0.018,5,1084,0.2,0.0
C12037,Lapsed / Hibernating,2,2,1,221,423,1,0.0,0.0,0.0,2,423,1.0,1.0
C12038,Steady Regulars,4,3,2,432,81,3,164.76,54.92,0.274,3,637,1.0,0.2
C12040,New & Promising,4,2,1,421,111,1,40.99,40.99,0.0,1,111,1.0,0.0
C12041,New & Promising,3,2,1,321,145,1,13.99,13.99,0.0,1,145,1.0,0.0
C12042,Steady Regulars,4,3,4,434,36,3,1280.78,426.927,0.116,5,95,1.0,0.111
C12044,Steady Regulars,3,2,2,322,177,1,165.96,165.96,0.0,2,177,0.0,0.0
C12048,Lapsed / Hibernating,2,4,2,242,688,5,218.5,43.7,0.26,5,1000,1.0,0.167
C12049,Champions,4,5,5,455,71,15,3018.41,201.227,0.055,6,1068,0.267,0.069
C12050,Steady Regulars,4,3,2,432,67,2,248.05,124.025,0.037,4,145,1.0,0.333
C12051,New & Promising,4,2,1,421,86,1,81.97,81.97,0.0,2,86,1.0,0.0
C12052,New & Promising,3,3,1,331,272,2,79.96,39.98,0.0,3,297,1.0,0.25
C12053,Champions,4,5,5,455,47,11,1867.5,169.773,0.021,7,1030,0.182,0.083
C12054,Champions,4,4,4,444,39,9,930.45,103.383,0.323,5,1080,0.222,0.143
C12055,Steady Regulars,3,4,3,343,340,9,638.31,70.923,0.406,3,949,1.0,0.2
C12056,Lapsed / Hibernating,1,3,3,133,845,2,447.96,223.98,0.0,3,914,1.0,0.2
C12057,Champions,5,5,5,555,8,31,5784.29,186.59,0.119,8,768,0.161,0.072
C12059,Champions,4,5,5,455,57,14,3391.52,242.251,0.107,6,1065,0.071,0.1
C12060,Steady Regulars,4,4,4,444,40,5,939.32,187.864,0.069,5,366,1.0,0.3
C12061,Lapsed / Hibernating,1,3,4,134,941,2,750.94,375.47,0.0,4,1091,0.0,0.2
C12062,Champions,4,4,4,444,93,6,1044.99,174.165,0.031,6,1090,0.167,0.167
C12063,Lapsed / Hibernating,1,3,4,134,991,2,730.94,365.47,0.0,3,995,0.5,0.167
C12064,Champions,5,5,5,555,16,24,4394.54,183.106,0.238,6,724,0.792,0.03
C12065,Steady Regulars,3,3,2,332,231,4,206.23,51.557,0.064,3,783,1.0,0.0
C12066,Champions,5,5,5,555,22,12,1940.27,161.689,0.163,7,315,0.167,0.059
C12067,Lapsed / Hibernating,1,2,3,123,940,1,316.97,316.97,0.0,2,940,1.0,0.0
C12069,Champions,5,5,5,555,13,33,8522.72,258.264,0.135,6,1044,0.879,0.094
C12070,Lapsed / Hibernating,1,4,5,145,971,6,1893.29,315.548,0.021,5,1069,0.333,0.0
C12071,Lapsed / Hibernating,1,3,3,133,754,3,629.92,209.973,0.0,4,858,1.0,0.0
C12072,Lapsed / Hibernating,2,2,1,221,460,1,43.99,43.99,0.0,1,460,1.0,0.5
C12073,Lapsed / Hibernating,1,2,3,123,1006,1,326.97,326.97,0.0,2,1006,1.0,0.0
C12075,Lapsed / Hibernating,2,3,4,234,683,3,719.5,239.833,0.277,5,993,1.0,0.143
C12077,Steady Regulars,5,3,3,533,23,3,317.94,105.98,0.0,2,441,0.0,0.0
C12079,Lapsed / Hibernating,2,2,2,222,656,1,119.99,119.99,1.0,1,656,1.0,0.0
C12080,Lapsed / Hibernating,2,4,4,244,485,9,1206.9,134.1,0.073,7,1027,1.0,0.053
C12082,Lapsed / Hibernating,1,2,1,121,1003,1,43.98,43.98,0.0,2,1003,1.0,0.0
C12084,Lapsed / Hibernating,2,4,5,245,444,6,1766.78,294.463,0.0,6,1053,0.0,0.118
C12086,Steady Regulars,4,2,3,423,88,1,303.98,303.98,0.0,1,88,1.0,0.0
C12087,Steady Regulars,4,3,2,432,88,2,217.45,108.725,0.145,3,295,1.0,0.0
C12088,Deal Hunters,3,2,1,321,143,1,28.89,28.89,1.0,1,143,1.0,0.0
C12089,Champions,5,4,4,544,6,9,1046.95,116.328,0.155,5,455,0.111,0.059
C12090,Deal Hunters,5,3,2,532,2,2,166.76,83.38,0.883,2,34,1.0,0.2
C12091,Steady Regulars,3,2,2,322,152,1,145.95,145.95,0.0,2,152,0.0,0.0
C12092,Steady Regulars,4,3,2,432,28,3,249.96,83.32,0.229,3,345,1.0,0.4
C12094,Champions,5,4,4,544,13,8,679.78,84.972,0.582,5,232,0.375,0.077
C12096,Lapsed / Hibernating,2,4,5,245,420,9,1909.84,212.204,0.009,4,914,0.222,0.048
C12097,Lapsed / Hibernating,2,2,3,223,661,1,384.98,384.98,0.0,1,661,1.0,0.0
C12098,Lapsed / Hibernating,2,2,1,221,659,1,23.99,23.99,0.0,1,659,0.0,0.0
C12099,New & Promising,3,2,1,321,241,1,30.99,30.99,0.0,1,241,1.0,0.0
C12100,Champions,5,4,4,544,2,7,1461.32,208.76,0.536,6,38,0.143,0.083
C12101,Lapsed / Hibernating,2,2,1,221,615,1,85.98,85.98,0.0,1,615,0.0,0.0
C12102,Champions,5,4,5,545,13,9,2041.29,226.81,0.012,6,959,0.778,0.115
C12107,Lapsed / Hibernating,1,2,3,123,946,1,377.95,377.95,0.0,4,946,0.0,0.0
C12112,Champions,5,4,5,545,15,10,1929.76,192.976,0.02,5,788,1.0,0.048
C12113,New & Promising,3,2,1,321,253,1,71.99,71.99,0.0,1,253,1.0,0.0
C12114,Steady Regulars,4,2,3,423,61,1,438.97,438.97,0.0,1,61,1.0,0.0
C12116,New & Promising,5,2,1,521,20,1,47.58,47.58,0.286,2,20,1.0,0.0
C12117,Lapsed / Hibernating,2,3,3,233,541,4,444.94,111.235,0.0,3,877,1.0,0.0
C12119,Steady Regulars,3,3,4,334,144,3,674.92,224.973,0.0,4,470,0.333,0.125
C12120,New & Promising,4,2,1,421,113,1,79.98,79.98,0.0,2,113,0.0,0.0
C12121,Steady Regulars,4,4,5,445,58,4,2678.89,669.723,0.016,6,251,1.0,0.0
C12123,Lapsed / Hibernating,2,2,3,223,632,1,297.98,297.98,0.0,2,632,1.0,0.0
C12124,Champions,5,5,4,554,18,13,992.67,76.359,0.135,4,326,0.923,0.043
C12125,Steady Regulars,4,4,3,443,31,5,290.38,58.076,0.284,4,101,1.0,0.1
C12126,Steady Regulars,3,4,4,344,296,9,1283.19,142.577,0.253,4,1092,0.333,0.158
C12128,Lapsed / Hibernating,1,2,3,123,721,1,367.94,367.94,0.083,4,721,1.0,0.2
C12129,New & Promising,4,2,1,421,121,1,17.99,17.99,0.0,1,121,1.0,0.0
C12130,Lapsed / Hibernating,2,2,1,221,538,1,28.99,28.99,0.0,2,538,0.0,0.5
C12131,Lapsed / Hibernating,1,2,1,121,770,1,15.39,15.39,1.0,1,770,0.0,0.0
C12133,Lapsed / Hibernating,1,4,3,143,880,5,627.34,125.468,0.097,4,1046,0.8,0.214
C12134,Steady Regulars,4,3,2,432,33,2,221.05,110.525,0.231,2,182,0.5,0.0
C12135,Steady Regulars,3,2,2,322,190,1,162.98,162.98,0.0,1,190,1.0,0.0
C12136,Steady Regulars,3,4,3,343,275,6,661.38,110.23,0.079,4,473,0.0,0.0
C12139,Champions,4,5,5,455,52,20,5923.43,296.172,0.022,7,978,0.9,0.21
C12141,Lapsed / Hibernating,2,2,1,221,397,1,76.98,76.98,1.0,1,397,1.0,0.0
C12143,New & Promising,5,2,1,521,3,1,45.98,45.98,0.0,2,3,1.0,0.0
C12144,Lapsed / Hibernating,2,5,5,255,568,17,2102.42,123.672,0.01,7,1069,0.882,0.171
C12145,Champions,5,5,5,555,3,17,4884.21,287.306,0.275,6,945,0.118,0.136
C12146,Steady Regulars,4,4,3,443,81,4,276.71,69.178,0.323,4,381,0.75,0.111
C12148,Lapsed / Hibernating,1,2,2,122,853,1,97.99,97.99,0.0,1,853,1.0,0.0
C12149,Lapsed / Hibernating,2,4,4,244,457,6,901.53,150.255,0.023,4,734,0.167,0.0
C12150,Lapsed / Hibernating,2,3,2,232,650,2,147.34,73.67,0.369,2,771,0.0,0.0
C12151,Lapsed / Hibernating,2,4,3,243,381,4,538.56,134.64,0.168,5,903,0.0,0.1
C12152,Lapsed / Hibernating,1,2,4,124,753,1,866.95,866.95,0.037,3,753,0.0,0.0
C12154,Deal Hunters,3,2,2,322,170,1,88.38,88.38,1.0,1,170,0.0,0.0
C12156,Champions,3,5,5,355,146,12,3566.03,297.169,0.087,6,727,0.167,0.097
C12157,Champions,4,5,5,455,30,13,2467.82,189.832,0.248,6,576,0.846,0.03
C12159,Lapsed / Hibernating,2,2,1,221,381,1,41.98,41.98,0.0,1,381,1.0,0.0
C12160,Lapsed / Hibernating,1,2,3,123,984,1,346.96,346.96,0.0,3,984,1.0,0.0
C12162,New & Promising,3,2,1,321,236,1,52.99,52.99,0.0,1,236,1.0,0.0
C12163,Steady Regulars,3,3,3,333,306,3,515.72,171.907,0.038,4,1048,1.0,0.0
C12168,New & Promising,3,2,1,321,333,1,61.98,61.98,0.0,1,333,1.0,0.0
C12170,Lapsed / Hibernating,2,2,2,222,563,1,138.37,138.37,0.519,3,563,1.0,0.25
C12171,Deal Hunters,3,2,2,322,168,1,113.86,113.86,1.0,3,168,1.0,0.0
C12172,Lapsed / Hibernating,2,3,3,233,603,3,559.58,186.527,0.196,3,865,0.667,0.0
C12173,Steady Regulars,3,3,2,332,228,3,232.98,77.66,0.101,2,402,1.0,0.5
C12174,Champions,5,4,4,544,2,9,1299.61,144.401,0.024,5,652,0.0,0.0
C12175,New & Promising,4,2,1,421,88,1,19.98,19.98,0.0,1,88,1.0,0.0
C12176,Champions,5,4,4,544,14,9,1548.52,172.058,0.083,6,355,0.889,0.0
C12177,Lapsed / Hibernating,2,3,3,233,497,3,276.83,92.277,0.424,3,666,0.0,0.286
C12179,Steady Regulars,3,4,4,344,270,7,755.38,107.911,0.29,5,1055,0.143,0.077
C12180,Lapsed / Hibernating,1,4,3,143,710,4,554.9,138.725,0.0,2,1080,0.25,0.111
C12182,Lapsed / Hibernating,2,3,3,233,638,3,279.55,93.183,0.109,3,1048,0.0,0.0
C12184,Lapsed / Hibernating,1,2,1,121,896,1,8.99,8.99,0.0,1,896,0.0,0.0
C12185,Steady Regulars,4,4,4,444,65,6,686.94,114.49,0.212,5,639,0.833,0.077
C12187,New & Promising,3,2,1,321,132,1,45.99,45.99,0.0,1,132,1.0,0.5
C12188,Lapsed / Hibernating,2,4,3,243,375,4,604.93,151.233,0.0,4,957,0.75,0.143
C12189,Lapsed / Hibernating,2,2,2,222,590,1,264.97,264.97,0.0,2,590,1.0,0.0
C12190,Champions,4,5,5,455,79,13,1935.63,148.895,0.23,6,936,0.923,0.125
C12191,New & Promising,3,2,2,322,299,1,97.98,97.98,0.0,1,299,1.0,0.0
C12192,Steady Regulars,4,4,3,443,88,4,494.53,123.632,0.285,3,379,0.25,0.222
C12193,Steady Regulars,3,4,4,344,290,7,1425.06,203.58,0.325,3,1014,0.143,0.067
C12194,Steady Regulars,4,2,3,423,78,1,320.98,320.98,0.0,2,78,1.0,0.333
C12195,Lapsed / Hibernating,1,2,1,121,967,1,25.99,25.99,0.0,2,967,1.0,0.5
C12196,Steady Regulars,4,2,3,423,45,1,507.96,507.96,0.0,2,45,0.0,0.0
C12197,Lapsed / Hibernating,2,2,2,222,514,1,133.95,133.95,0.201,3,514,1.0,0.0
C12198,Champions,5,5,4,554,27,16,1311.03,81.939,0.089,8,1067,0.312,0.048
C12202,Lapsed / Hibernating,2,5,5,255,478,105,22527.51,214.548,0.183,7,1091,0.162,0.059
C12203,Steady Regulars,3,5,4,354,135,11,1137.15,103.377,0.391,4,751,0.091,0.05
C12205,Lapsed / Hibernating,1,2,3,123,704,1,379.18,379.18,0.059,2,704,1.0,0.0
C12206,Lapsed / Hibernating,2,3,2,232,579,2,87.96,43.98,0.0,3,802,0.0,0.333
C12207,Champions,5,5,5,555,12,33,5475.01,165.909,0.112,8,1084,0.121,0.133
C12208,Champions,5,5,5,555,11,39,7686.06,197.078,0.194,8,1017,0.949,0.068
C12210,Champions,4,5,5,455,34,30,4799.61,159.987,0.116,7,1054,0.167,0.069
C12211,Champions,5,5,5,555,16,14,2909.61,207.829,0.076,7,371,0.929,0.04
C12212,Champions,4,5,5,455,63,21,3579.51,170.453,0.04,5,1049,0.048,0.019
C12213,Steady Regulars,4,2,2,422,68,1,263.98,263.98,0.0,2,68,1.0,0.0
C12215,Steady Regulars,3,4,4,344,205,6,1348.85,224.808,0.0,6,370,1.0,0.0
C12216,Lapsed / Hibernating,2,4,4,244,481,8,947.9,118.488,0.338,7,1030,0.5,0.0
C12217,Lapsed / Hibernating,2,2,2,222,369,1,266.95,266.95,0.0,2,369,0.0,0.0
C12218,Steady Regulars,3,4,4,344,237,4,746.86,186.715,0.0,6,1029,0.25,0.091
C12219,Deal Hunters,3,2,2,322,246,1,87.37,87.37,0.68,2,246,1.0,0.0
C12220,Lapsed / Hibernating,1,2,1,121,1044,1,48.99,48.99,0.0,1,1044,0.0,0.0
C12222,Lapsed / Hibernating,1,2,1,121,1014,1,0.0,0.0,1.0,1,1014,1.0,1.0
C12224,Champions,5,4,3,543,1,5,340.15,68.03,0.283,3,592,1.0,0.111
C12225,Champions,4,4,4,444,37,5,722.47,144.494,0.537,5,915,0.0,0.077
C12227,New & Promising,4,2,1,421,100,1,17.99,17.99,0.0,2,100,0.0,0.5
C12229,Steady Regulars,3,2,3,323,134,1,291.99,291.99,0.0,1,134,0.0,0.0
C12231,Deal Hunters,5,2,2,522,9,1,96.26,96.26,0.533,2,9,0.0,0.0
C12232,Lapsed / Hibernating,2,2,2,222,661,1,89.98,89.98,0.0,1,661,0.0,0.0
C12234,Champions,5,5,5,555,14,22,2734.56,124.298,0.043,5,952,0.136,0.042
C12235,Champions,4,5,5,455,28,16,1801.78,112.611,0.226,3,1046,1.0,0.296
C12236,Steady Regulars,4,2,3,423,53,1,395.95,395.95,0.0,2,53,1.0,0.0
C12237,Lapsed / Hibernating,1,2,1,121,747,1,62.38,62.38,1.0,1,747,1.0,0.0
C12238,Lapsed / Hibernating,1,3,2,132,775,2,219.16,109.58,0.179,3,1084,0.5,0.0
C12239,Champions,5,5,5,555,10,20,5894.29,294.714,0.016,5,986,0.9,0.149
C12240,New & Promising,4,2,1,421,122,1,0.0,0.0,0.0,1,122,1.0,1.0
C12241,Steady Regulars,3,4,4,344,151,7,1362.33,194.619,0.221,5,1089,0.143,0.095
C12242,Lapsed / Hibernating,2,4,4,244,411,9,1604.9,178.322,0.178,7,1084,0.889,0.0
C12243,Steady Regulars,4,4,3,443,74,6,464.38,77.397,0.152,4,446,0.0,0.1
C12244,Steady Regulars,3,4,3,343,143,4,377.5,94.375,0.216,4,744,0.0,0.0
C12245,New & Promising,4,3,2,432,46,2,225.95,112.975,0.0,3,60,1.0,0.2
C12250,Champions,3,5,5,355,145,24,3562.41,148.434,0.051,7,1062,0.875,0.074
C12252,Steady Regulars,3,4,4,344,158,4,735.31,183.828,0.037,4,411,0.25,0.111
C12255,Lapsed / Hibernating,1,2,1,121,729,1,42.99,42.99,0.0,1,729,1.0,0.0
C12256,New & Promising,3,2,1,321,348,1,61.99,61.99,0.0,1,348,0.0,0.0
C12257,Deal Hunters,5,2,1,521,16,1,13.59,13.59,1.0,1,16,0.0,0.0
C12258,New & Promising,3,2,1,321,185,1,25.99,25.99,0.0,1,185,1.0,0.0
C12260,Lapsed / Hibernating,2,4,4,244,557,8,1237.51,154.689,0.124,8,1023,0.125,0.105
C12261,Steady Regulars,4,4,4,444,54,4,721.26,180.315,0.17,6,467,0.75,0.0
C12263,Lapsed / Hibernating,1,2,1,121,1084,1,18.99,18.99,0.0,1,1084,0.0,0.0
C12264,Lapsed / Hibernating,2,2,2,222,421,1,130.98,130.98,0.0,1,421,1.0,0.0
C12267,Lapsed / Hibernating,1,4,5,145,729,10,4004.34,400.434,0.103,5,1070,0.2,0.0
C12268,Steady Regulars,4,2,2,422,96,1,178.98,178.98,0.0,2,96,0.0,0.0
C12269,Deal Hunters,3,2,3,323,205,1,655.15,655.15,0.819,3,205,0.0,0.25
C12270,Lapsed / Hibernating,2,3,3,233,562,3,458.81,152.937,0.815,2,901,1.0,0.0
C12271,New & Promising,3,2,2,322,217,1,109.96,109.96,0.0,2,217,1.0,0.0
C12272,New & Promising,3,3,2,332,130,2,125.97,62.985,0.0,2,204,0.5,0.0
C12273,Champions,5,5,5,555,25,24,3909.02,162.876,0.291,6,1084,0.0,0.0
C12274,Champions,5,5,5,555,26,10,1980.88,198.088,0.21,8,1030,0.8,0.074
C12275,Lapsed / Hibernating,2,3,2,232,677,2,159.95,79.975,0.0,3,741,1.0,0.2
C12276,Steady Regulars,3,3,3,333,200,2,495.94,247.97,0.0,3,351,0.5,0.0
C12277,Steady Regulars,5,4,4,544,18,5,955.45,191.09,0.23,4,266,0.8,0.077
C12278,New & Promising,4,3,2,432,45,2,100.98,50.49,0.0,2,62,1.0,0.0
C12279,Champions,4,5,5,455,50,19,4327.2,227.747,0.019,8,688,0.105,0.109
C12280,Steady Regulars,3,4,4,344,294,7,1200.51,171.501,0.069,3,741,0.143,0.1
C12281,Steady Regulars,3,2,3,323,253,1,325.98,325.98,0.0,1,253,1.0,0.0
C12282,New & Promising,5,2,2,522,17,1,150.96,150.96,0.298,2,17,0.0,0.0
C12287,Lapsed / Hibernating,1,2,2,122,748,1,201.74,201.74,0.301,3,748,1.0,0.0
C12288,New & Promising,5,2,1,521,7,1,57.98,57.98,0.0,2,7,1.0,0.0
C12289,Steady Regulars,3,2,2,322,189,1,154.15,154.15,0.15,3,189,0.0,0.0
C12290,Lapsed / Hibernating,1,2,1,121,777,1,0.0,0.0,0.0,1,777,1.0,1.0
C12291,Deal Hunters,4,2,1,421,36,1,48.27,48.27,1.0,2,36,1.0,0.0
C12294,Lapsed / Hibernating,2,2,4,224,612,1,677.95,677.95,0.0,2,612,1.0,0.0
C12296,Lapsed / Hibernating,2,2,2,222,638,1,182.97,182.97,0.0,1,638,0.0,0.0
C12297,Lapsed / Hibernating,2,2,2,222,566,1,209.98,209.98,0.0,1,566,0.0,0.0
C12299,Lapsed / Hibernating,2,2,1,221,598,1,0.0,0.0,0.0,1,598,1.0,1.0
C12301,Steady Regulars,4,4,4,444,81,8,997.86,124.732,0.097,5,447,0.125,0.267
C12302,Steady Regulars,4,4,4,444,114,6,682.3,113.717,0.051,5,958,0.167,0.125
C12303,New & Promising,5,2,1,521,11,1,50.97,50.97,0.0,1,11,0.0,0.0
C12304,Steady Regulars,3,2,3,323,160,1,407.99,407.99,0.0,1,160,1.0,0.0
C12305,Lapsed / Hibernating,2,2,1,221,517,1,56.99,56.99,0.0,1,517,1.0,0.0
C12306,Champions,5,5,5,555,26,36,8418.85,233.857,0.047,8,1068,1.0,0.091
C12307,New & Promising,5,2,3,523,2,1,452.98,452.98,0.0,1,2,1.0,0.0
C12308,Steady Regulars,5,4,4,544,25,7,1401.23,200.176,0.018,4,476,1.0,0.071
C12309,Lapsed / Hibernating,2,3,2,232,399,3,251.36,83.787,0.117,3,1050,0.0,0.0
C12311,Deal Hunters,4,2,2,422,33,1,159.57,159.57,1.0,2,33,1.0,0.333
C12313,Steady Regulars,5,4,4,544,5,4,833.43,208.358,0.085,4,188,0.75,0.0
C12316,Lapsed / Hibernating,2,2,1,221,396,1,58.08,58.08,1.0,1,396,0.0,0.0
C12317,Champions,4,5,5,455,47,12,1722.0,143.5,0.152,5,597,1.0,0.074
C12318,Deal Hunters,4,2,1,421,36,1,44.07,44.07,1.0,3,36,0.0,0.333
C12320,Lapsed / Hibernating,2,4,3,243,702,5,541.72,108.344,0.105,3,796,0.8,0.0
C12321,New & Promising,4,2,1,421,87,1,7.99,7.99,0.0,2,87,0.0,0.5
C12323,Lapsed / Hibernating,2,3,3,233,596,2,334.96,167.48,0.0,3,957,1.0,0.0
C12327,Lapsed / Hibernating,1,4,4,144,868,6,1181.81,196.968,0.479,5,992,1.0,0.091
C12328,Champions,5,4,4,544,12,5,1058.59,211.718,0.166,5,932,0.2,0.0
C12329,Steady Regulars,3,3,3,333,247,2,444.95,222.475,0.0,3,455,1.0,0.0
C12332,Champions,5,5,4,554,12,11,1068.05,97.095,0.139,5,425,0.364,0.045
C12333,Lapsed / Hibernating,1,2,1,121,972,1,37.99,37.99,0.0,2,972,1.0,0.5
C12335,Champions,5,5,5,555,22,14,2710.76,193.626,0.075,5,768,1.0,0.0
C12337,Lapsed / Hibernating,1,2,1,121,823,1,8.99,8.99,0.0,1,823,1.0,0.0
C12338,Champions,5,4,4,544,16,6,1422.94,237.157,0.049,5,475,0.333,0.0
C12339,Lapsed / Hibernating,2,5,4,254,587,12,1277.7,106.475,0.151,6,953,0.25,0.1
C12340,Steady Regulars,4,2,3,423,89,1,584.96,584.96,0.0,2,89,0.0,0.0
C12343,Champions,5,5,4,554,4,12,1386.0,115.5,0.167,5,162,0.75,0.067
C12344,Steady Regulars,3,3,2,332,294,3,204.96,68.32,0.0,3,848,0.0,0.2
C12345,Champions,5,5,5,555,20,13,2486.89,191.299,0.126,6,1024,0.923,0.077
C12347,Lapsed / Hibernating,2,2,2,222,426,1,127.98,127.98,0.0,1,426,1.0,0.0
C12349,Steady Regulars,3,2,2,322,311,1,141.98,141.98,0.0,2,311,1.0,0.0
C12350,Steady Regulars,3,4,4,344,136,6,1065.04,177.507,0.064,5,223,0.0,0.267
C12352,Steady Regulars,5,3,2,532,24,2,255.76,127.88,0.128,3,262,1.0,0.0
C12353,New & Promising,4,2,2,422,63,1,118.96,118.96,0.0,3,63,1.0,0.0
C12354,New & Promising,3,2,1,321,289,1,48.99,48.99,0.0,1,289,1.0,0.0
C12357,Steady Regulars,3,2,3,323,186,1,321.99,321.99,0.0,1,186,1.0,0.0
C12358,Champions,5,5,5,555,11,40,6290.63,157.266,0.196,6,1090,0.975,0.117
C12361,Champions,4,5,5,455,31,51,8629.28,169.202,0.104,7,1079,0.941,0.089
C12362,New & Promising,5,2,2,522,7,1,167.97,167.97,0.0,2,7,1.0,0.0
C12363,Steady Regulars,3,2,3,323,352,1,391.98,391.98,0.0,2,352,0.0,0.0
C12364,Lapsed / Hibernating,1,2,3,123,927,1,332.77,332.77,0.195,2,927,1.0,0.0
C12365,New & Promising,5,2,2,522,7,1,101.98,101.98,0.0,2,7,1.0,0.0
C12366,Lapsed / Hibernating,1,4,4,144,727,4,1181.89,295.472,0.0,4,791,1.0,0.0
C12367,Steady Regulars,3,4,4,344,175,5,1161.87,232.374,0.0,3,303,0.8,0.182
C12368,Lapsed / Hibernating,2,2,2,222,395,1,90.96,90.96,1.0,1,395,0.0,0.0
C12369,Lapsed / Hibernating,2,2,2,222,671,1,159.99,159.99,0.0,1,671,1.0,0.0
C12370,Lapsed / Hibernating,2,2,1,221,608,1,55.98,55.98,0.0,1,608,1.0,0.0
C12371,Steady Regulars,3,2,2,322,349,1,123.98,123.98,0.0,1,349,1.0,0.0
C12373,New & Promising,4,2,1,421,40,1,69.98,69.98,0.0,1,40,1.0,0.0
C12374,New & Promising,5,2,1,521,7,1,55.98,55.98,0.0,2,7,0.0,0.0
C12376,Lapsed / Hibernating,1,2,2,122,850,1,214.98,214.98,0.0,1,850,1.0,0.0
C12379,Champions,5,5,5,555,17,26,4697.18,180.661,0.21,7,971,0.808,0.06
C12380,Steady Regulars,4,3,3,433,55,2,492.93,246.465,0.0,3,303,0.5,0.333
C12381,Lapsed / Hibernating,1,3,3,133,858,2,340.64,170.32,0.589,2,909,1.0,0.0
C12382,Champions,4,5,5,455,40,15,2161.6,144.107,0.1,6,1049,0.267,0.125
C12384,Lapsed / Hibernating,2,4,4,244,541,7,850.4,121.486,0.043,6,1010,0.143,0.077
C12385,Steady Regulars,3,2,3,323,288,1,335.98,335.98,0.0,2,288,1.0,0.0
C12386,Lapsed / Hibernating,1,4,4,144,982,4,762.91,190.728,0.0,2,1071,1.0,0.125
C12387,Steady Regulars,4,3,3,433,64,3,338.89,112.963,0.103,4,489,1.0,0.0
C12388,Lapsed / Hibernating,2,5,5,255,386,10,2189.75,218.975,0.26,4,1042,0.1,0.05
C12389,New & Promising,4,2,1,421,83,1,10.99,10.99,0.0,2,83,1.0,0.5
C12390,Steady Regulars,4,2,3,423,76,1,336.96,336.96,0.0,2,76,0.0,0.0
C12392,Champions,5,5,5,555,12,45,4661.96,103.599,0.278,8,1069,0.933,0.071
C12394,Champions,3,5,5,355,318,13,2336.58,179.737,0.477,6,894,0.923,0.0
C12395,New & Promising,4,2,1,421,46,1,53.98,53.98,0.0,1,46,1.0,0.0
C12397,Lapsed / Hibernating,1,2,3,123,957,1,295.98,295.98,0.0,2,957,0.0,0.0
C12398,New & Promising,3,2,1,321,197,1,77.97,77.97,0.0,2,197,0.0,0.0
C12399,Lapsed / Hibernating,2,4,4,244,412,6,1406.06,234.343,0.037,4,1054,0.167,0.0
C12401,Champions,5,5,5,555,14,12,3023.5,251.958,0.047,6,314,0.333,0.241
C12402,New & Promising,5,2,1,521,3,1,0.0,0.0,0.0,1,3,1.0,1.0
C12404,Steady Regulars,4,3,2,432,53,2,265.93,132.965,0.0,3,176,1.0,0.0
C12406,Champions,5,5,5,555,1,25,5896.74,235.87,0.039,7,334,0.92,0.088
C12407,Lapsed / Hibernating,1,2,1,121,860,1,11.99,11.99,0.0,1,860,1.0,0.0
C12410,Lapsed / Hibernating,2,3,4,234,520,3,1106.93,368.977,0.0,4,776,1.0,0.167
C12411,Deal Hunters,5,4,3,543,8,4,298.43,74.607,0.544,4,396,0.25,0.0
C12412,Lapsed / Hibernating,1,2,2,122,984,1,157.99,157.99,0.0,2,984,0.0,0.5
C12413,Steady Regulars,5,4,4,544,15,4,1074.88,268.72,0.0,4,209,0.75,0.111
C12414,Lapsed / Hibernating,1,3,3,133,742,2,353.98,176.99,0.0,2,755,0.0,0.0
C12415,Steady Regulars,3,2,2,322,258,1,194.98,194.98,0.0,2,258,0.0,0.0
C12416,Champions,4,5,4,454,65,11,1533.26,139.387,0.077,6,883,0.182,0.083
C12419,Lapsed / Hibernating,1,2,1,121,873,1,0.0,0.0,1.0,1,873,0.0,1.0
C12422,Champions,5,4,4,544,18,9,1124.72,124.969,0.262,6,1021,0.778,0.217
C12423,Steady Regulars,3,2,3,323,254,1,278.98,278.98,0.0,1,254,1.0,0.0
C12424,Steady Regulars,3,3,2,332,167,3,189.36,63.12,0.467,3,792,0.667,0.0
C12425,New & Promising,5,2,2,522,3,1,125.99,125.99,0.0,1,3,0.0,0.0
C12426,Lapsed / Hibernating,1,2,3,123,743,1,449.15,449.15,0.034,3,743,1.0,0.0
C12427,Champions,4,5,5,455,41,26,3403.09,130.888,0.215,7,906,0.808,0.091
C12428,New & Promising,3,2,1,321,318,1,0.0,0.0,0.0,1,318,1.0,1.0
C12429,Lapsed / Hibernating,1,2,1,121,752,1,18.99,18.99,0.0,1,752,1.0,0.0
C12430,Steady Regulars,3,4,4,344,207,6,675.62,112.603,0.269,6,449,0.5,0.0
C12431,Steady Regulars,4,3,2,432,91,3,179.96,59.987,0.425,3,220,1.0,0.2
C12432,Steady Regulars,4,4,3,443,39,7,563.83,80.547,0.0,4,190,0.857,0.0
C12433,Steady Regulars,4,4,3,443,40,5,605.07,121.014,0.054,5,808,0.6,0.1
C12434,Lapsed / Hibernating,2,4,4,244,655,6,1502.92,250.487,0.12,4,822,0.167,0.0
C12435,Lapsed / Hibernating,1,2,2,122,757,1,118.38,118.38,0.223,2,757,1.0,0.0
C12438,Lapsed / Hibernating,1,3,2,132,1011,2,103.94,51.97,0.0,1,1060,1.0,0.25
C12440,Steady Regulars,5,3,4,534,20,2,697.11,348.555,0.178,3,301,1.0,0.0
C12441,Lapsed / Hibernating,2,5,5,255,508,21,2739.26,130.441,0.05,7,1058,1.0,0.114
C12442,Steady Regulars,3,3,3,333,244,2,486.94,243.47,0.0,2,472,0.0,0.0
C12445,Lapsed / Hibernating,1,3,3,133,745,3,302.12,100.707,0.033,4,868,1.0,0.167
C12449,Champions,4,5,5,455,106,16,3422.51,213.907,0.172,6,1092,0.125,0.053
C12451,Steady Regulars,4,3,3,433,36,3,375.43,125.143,0.14,4,181,1.0,0.0
C12452,Champions,3,5,5,355,151,14,1786.3,127.593,0.129,6,1015,0.929,0.042
C12454,Lapsed / Hibernating,2,3,4,234,663,3,721.71,240.57,0.054,4,964,0.0,0.125
C12456,Lapsed / Hibernating,1,2,2,122,748,1,86.65,86.65,1.0,2,748,1.0,0.0
C12458,Steady Regulars,4,2,4,424,95,1,677.97,677.97,0.0,1,95,1.0,0.0
C12459,Champions,5,5,5,555,20,10,2322.89,232.289,0.074,4,354,1.0,0.087
C12461,Steady Regulars,3,4,5,345,291,9,1876.88,208.542,0.294,3,1037,0.222,0.091
C12462,Champions,5,5,5,555,16,10,1875.92,187.592,0.088,5,423,0.2,0.15
C12463,Deal Hunters,3,3,3,333,235,2,503.77,251.885,0.704,2,240,1.0,0.25
C12464,Steady Regulars,5,3,4,534,11,3,700.91,233.637,0.0,5,541,1.0,0.111
C12465,Champions,3,4,4,344,129,9,924.48,102.72,0.027,7,1095,0.222,0.0
C12466,Lapsed / Hibernating,2,2,3,223,425,1,426.97,426.97,0.0,1,425,1.0,0.0
C12467,New & Promising,3,3,2,332,308,2,111.98,55.99,0.0,2,328,0.5,0.0
C12468,Steady Regulars,4,3,3,433,47,2,409.96,204.98,0.0,2,171,1.0,0.25
C12469,Steady Regulars,3,5,4,354,322,10,1656.14,165.614,0.253,5,1088,0.2,0.045
C12471,Deal Hunters,5,2,1,521,13,1,36.78,36.78,1.0,1,13,0.0,0.0
C12472,Deal Hunters,3,3,3,333,340,3,323.95,107.983,0.634,3,451,0.333,0.286
C12473,Champions,3,5,5,355,303,14,2215.42,158.244,0.127,5,1012,0.214,0.129
C12475,Lapsed / Hibernating,1,2,1,121,935,1,68.98,68.98,0.0,2,935,0.0,0.0
C12476,Champions,4,5,5,455,121,21,3525.67,167.889,0.241,8,954,0.333,0.102
C12478,Lapsed / Hibernating,2,2,3,223,488,1,293.95,293.95,0.0,3,488,1.0,0.0
C12479,Lapsed / Hibernating,2,4,4,244,697,8,762.39,95.299,0.028,7,1082,0.125,0.143
C12481,New & Promising,4,2,1,421,94,1,80.98,80.98,0.0,1,94,1.0,0.0
C12482,Lapsed / Hibernating,2,5,5,255,380,12,1888.66,157.388,0.0,6,1061,1.0,0.16
C12483,Lapsed / Hibernating,1,2,2,122,1075,1,127.98,127.98,0.0,2,1075,1.0,0.0
C12484,Lapsed / Hibernating,1,2,1,121,1094,1,58.99,58.99,0.14,2,1094,0.0,0.5
C12485,Champions,5,5,5,555,12,13,2508.12,192.932,0.121,8,493,0.154,0.067
C12486,Champions,5,5,5,555,8,64,13853.12,216.455,0.217,7,1016,0.125,0.08
C12487,Champions,5,5,5,555,9,68,11162.72,164.158,0.138,8,849,0.941,0.147
C12488,Champions,5,5,5,555,20,13,3250.53,250.041,0.115,5,864,0.923,0.222
C12489,Deal Hunters,3,2,3,323,284,1,296.46,296.46,0.966,2,284,1.0,0.0
C12490,Deal Hunters,4,2,1,421,35,1,29.37,29.37,1.0,1,35,1.0,0.0
C12491,Champions,5,5,5,555,12,26,5995.81,230.608,0.175,7,939,0.038,0.049
C12492,Lapsed / Hibernating,2,4,3,243,481,4,493.91,123.477,0.091,4,1019,0.25,0.0
C12493,Champions,5,5,4,554,13,12,1187.87,98.989,0.716,6,702,0.833,0.038
C12494,Steady Regulars,4,3,2,432,30,2,186.94,93.47,0.0,3,573,0.5,0.0
C12495,Champions,4,5,5,455,62,14,2756.42,196.887,0.076,6,1035,0.857,0.094
C12496,Champions,5,4,5,545,11,9,1929.05,214.339,0.026,5,751,1.0,0.05
C12497,Champions,4,5,5,455,62,20,3091.13,154.556,0.125,6,1052,0.15,0.156
C12500,Lapsed / Hibernating,2,2,1,221,370,1,34.99,34.99,0.0,1,370,0.0,0.0
C12501,Steady Regulars,3,2,3,323,164,1,405.98,405.98,0.0,1,164,0.0,0.0
C12503,Champions,5,5,5,555,13,15,2144.45,142.963,0.102,6,710,1.0,0.057
C12505,Lapsed / Hibernating,2,2,2,222,488,1,86.97,86.97,0.0,1,488,1.0,0.0
C12506,Champions,5,5,5,555,19,41,7801.72,190.286,0.041,8,761,0.878,0.06
C12508,Steady Regulars,4,3,3,433,65,2,537.95,268.975,0.0,3,560,1.0,0.0
C12509,Champions,4,5,5,455,63,18,3325.19,184.733,0.066,6,1095,0.0,0.0
C12510,Steady Regulars,4,2,3,423,40,1,465.95,465.95,0.0,2,40,1.0,0.0
C12512,Lapsed / Hibernating,1,2,1,121,1048,1,28.99,28.99,0.0,1,1048,0.0,0.0
C12513,Champions,5,5,4,554,26,11,1271.77,115.615,0.064,6,818,1.0,0.05
C12514,Steady Regulars,4,3,2,432,91,2,175.95,87.975,0.0,2,250,1.0,0.0
C12515,Lapsed / Hibernating,1,2,3,123,1073,1,455.96,455.96,0.0,1,1073,1.0,0.0
C12516,Champions,5,5,3,553,17,11,577.83,52.53,0.385,6,594,0.909,0.067
C12519,Lapsed / Hibernating,2,3,2,232,397,2,168.33,84.165,0.175,2,963,0.0,0.0
C12521,Lapsed / Hibernating,1,2,1,121,732,1,51.96,51.96,0.0,2,732,1.0,0.0
C12526,Lapsed / Hibernating,2,5,4,254,418,15,1619.89,107.993,0.145,8,1004,0.933,0.138
C12527,Champions,4,5,5,455,63,25,4551.47,182.059,0.06,7,1038,0.92,0.023
C12528,Champions,5,5,4,554,19,14,1682.78,120.199,0.123,6,1069,1.0,0.208
C12529,Steady Regulars,4,4,4,444,84,4,674.91,168.728,0.0,3,958,0.0,0.0
C12530,Lapsed / Hibernating,1,2,3,123,943,1,478.96,478.96,0.0,1,943,0.0,0.0
C12535,New & Promising,4,2,1,421,118,1,12.99,12.99,0.0,1,118,0.0,0.0
C12536,Lapsed / Hibernating,1,3,3,133,979,3,403.92,134.64,0.0,3,1001,0.667,0.0
C12537,Champions,5,5,5,555,10,18,4015.08,223.06,0.07,7,607,0.222,0.186
C12540,Lapsed / Hibernating,2,2,3,223,553,1,341.55,341.55,1.0,1,553,1.0,0.0
C12544,Lapsed / Hibernating,1,2,2,122,930,1,100.96,100.96,0.0,2,930,0.0,0.0
C12545,Lapsed / Hibernating,1,2,2,122,950,1,87.98,87.98,0.0,1,950,1.0,0.0
C12547,Steady Regulars,3,3,3,333,229,3,367.96,122.653,0.0,3,716,0.333,0.0
C12548,New & Promising,5,2,3,523,22,1,273.97,273.97,0.0,1,22,1.0,0.0
C12549,Lapsed / Hibernating,1,2,1,121,741,1,35.99,35.99,1.0,1,741,0.0,0.0
C12550,Champions,5,5,5,555,18,12,1942.74,161.895,0.0,5,1006,0.833,0.048
C12551,Steady Regulars,3,4,4,344,166,4,689.72,172.43,0.037,5,487,1.0,0.2
C12552,Lapsed / Hibernating,1,3,2,132,969,3,146.22,48.74,0.69,1,1041,1.0,0.5
C12553,Lapsed / Hibernating,1,4,3,143,891,5,390.9,78.18,0.0,5,1088,0.2,0.455
C12554,Champions,4,5,5,455,37,18,3772.41,209.578,0.132,7,577,0.944,0.135
C12555,Lapsed / Hibernating,2,2,1,221,567,1,22.99,22.99,0.0,1,567,1.0,0.0
C12558,Steady Regulars,3,3,2,332,310,2,178.95,89.475,0.302,3,374,0.5,0.0
C12559,Lapsed / Hibernating,1,2,1,121,895,1,19.98,19.98,0.0,1,895,1.0,0.0
C12560,Steady Regulars,3,3,2,332,237,2,119.67,59.835,0.329,3,361,0.0,0.333
C12563,Steady Regulars,4,4,4,444,53,4,860.91,215.228,0.0,1,472,1.0,0.111
C12564,Champions,4,5,5,455,43,22,2838.66,129.03,0.121,5,1004,0.091,0.07
C12565,Champions,4,5,5,455,29,36,6214.74,172.632,0.107,8,1069,0.083,0.06
C12566,Steady Regulars,3,2,2,322,271,1,203.97,203.97,0.0,1,271,1.0,0.0
C12567,Lapsed / Hibernating,2,2,1,221,429,1,45.99,45.99,0.0,1,429,1.0,0.0
C12568,Lapsed / Hibernating,1,2,1,121,875,1,21.24,21.24,1.0,1,875,0.0,0.0
C12569,Lapsed / Hibernating,1,3,2,132,975,2,254.95,127.475,0.345,3,1083,0.5,0.0
C12570,New & Promising,3,2,1,321,258,1,65.98,65.98,0.0,2,258,1.0,0.0
C12571,Champions,4,5,4,454,40,13,1169.29,89.945,0.219,6,646,0.846,0.179
C12572,Lapsed / Hibernating,1,2,1,121,999,1,65.98,65.98,0.0,1,999,1.0,0.0
C12575,Steady Regulars,3,3,2,332,345,2,153.95,76.975,0.0,2,731,1.0,0.0
C12576,Lapsed / Hibernating,1,2,3,123,991,1,469.97,469.97,0.0,1,991,1.0,0.0
C12577,Lapsed / Hibernating,2,4,2,242,402,5,248.83,49.766,0.319,3,1038,0.2,0.375
C12579,Champions,5,5,5,555,14,28,5372.2,191.864,0.192,8,1086,0.857,0.068
C12580,Lapsed / Hibernating,1,5,4,154,828,10,1529.37,152.937,0.044,6,1093,0.2,0.062
C12582,New & Promising,5,3,2,532,18,2,202.95,101.475,0.0,3,117,1.0,0.0
C12583,Steady Regulars,4,4,3,443,49,4,653.71,163.427,0.205,5,255,1.0,0.0
C12584,Lapsed / Hibernating,2,3,3,233,459,2,396.76,198.38,0.39,2,612,0.5,0.0
C12585,Steady Regulars,4,2,2,422,83,1,237.98,237.98,0.0,1,83,1.0,0.0
C12586,Lapsed / Hibernating,1,2,1,121,1033,1,84.96,84.96,0.0,3,1033,0.0,0.0
C12587,Champions,5,5,5,555,10,57,10795.71,189.398,0.086,7,690,0.912,0.067
C12588,New & Promising,4,2,2,422,89,1,107.98,107.98,0.0,1,89,1.0,0.0
C12590,New & Promising,4,2,1,421,107,1,58.98,58.98,0.0,1,107,0.0,0.0
C12591,Lapsed / Hibernating,1,3,3,133,802,2,360.94,180.47,0.0,4,839,1.0,0.333
C12592,Champions,3,4,4,344,138,9,1349.93,149.992,0.249,6,618,0.111,0.0
C12593,Steady Regulars,4,4,3,443,81,4,596.54,149.135,0.155,3,493,0.5,0.0
C12594,Lapsed / Hibernating,2,4,5,245,379,9,2521.55,280.172,0.409,5,764,0.111,0.1
C12600,Lapsed / Hibernating,2,3,2,232,395,3,184.3,61.433,0.349,5,644,1.0,0.0
C12601,Steady Regulars,3,3,2,332,194,3,208.54,69.513,0.334,4,452,0.667,0.0
C12604,Lapsed / Hibernating,2,3,3,233,540,2,320.16,160.08,0.322,3,552,1.0,0.0
C12606,Champions,5,5,4,554,24,10,1373.96,137.396,0.527,6,890,0.9,0.148
C12607,Steady Regulars,3,2,3,323,313,1,446.97,446.97,0.0,1,313,1.0,0.0
C12608,New & Promising,3,3,1,331,124,2,45.97,22.985,0.0,1,153,1.0,0.0
C12609,Steady Regulars,5,4,4,544,18,4,896.01,224.002,0.056,3,484,1.0,0.0
C12610,Champions,3,5,4,354,329,15,1563.56,104.237,0.266,6,747,0.867,0.133
C12611,New & Promising,4,2,1,421,45,1,28.99,28.99,0.0,1,45,0.0,0.0
C12612,Steady Regulars,4,4,3,443,99,4,469.94,117.485,0.0,2,355,1.0,0.0
C12613,Lapsed / Hibernating,2,2,1,221,444,1,18.99,18.99,0.0,1,444,0.0,0.0
C12614,Steady Regulars,5,4,3,543,20,4,534.51,133.628,0.551,6,198,1.0,0.273
C12617,Lapsed / Hibernating,2,2,1,221,677,1,49.98,49.98,0.0,2,677,0.0,0.0
C12618,Lapsed / Hibernating,1,2,1,121,769,1,37.78,37.78,1.0,1,769,1.0,0.0
C12619,Lapsed / Hibernating,2,4,5,245,405,9,1725.63,191.737,0.115,7,794,0.222,0.0
C12621,Lapsed / Hibernating,1,4,4,144,761,4,1001.86,250.465,0.0,5,1017,0.25,0.0
C12622,Lapsed / Hibernating,1,2,1,121,824,1,23.99,23.99,0.0,1,824,0.0,0.0
C12623,Steady Regulars,5,4,4,544,27,6,707.89,117.982,0.0,3,1008,0.167,0.111
C12624,Champions,4,5,5,455,52,44,6324.93,143.748,0.134,7,1089,0.841,0.062
C12625,Champions,4,5,5,455,65,14,2947.39,210.528,0.158,6,724,0.857,0.125
C12626,Champions,5,5,4,554,15,10,1175.48,117.548,0.069,6,385,1.0,0.174
C12627,Steady Regulars,3,4,4,344,148,5,1203.52,240.704,0.447,6,337,1.0,0.0
C12628,Champions,5,4,4,544,15,9,1458.19,162.021,0.195,4,949,1.0,0.062
C12632,Lapsed / Hibernating,1,3,2,132,851,3,228.94,76.313,0.664,3,1041,0.0,0.0
C12633,Lapsed / Hibernating,1,3,3,133,899,3,436.58,145.527,0.095,3,1080,0.0,0.0
C12634,Steady Regulars,3,2,2,322,265,1,183.98,183.98,0.0,2,265,1.0,0.0
C12635,New & Promising,3,2,1,321,301,1,69.98,69.98,0.0,3,301,1.0,0.333
C12636,Champions,5,5,5,555,9,30,7689.13,256.304,0.282,6,1054,1.0,0.031
C12637,New & Promising,3,2,1,321,330,1,73.98,73.98,0.0,2,330,1.0,0.0
C12638,New & Promising,3,2,1,321,189,1,80.98,80.98,0.0,2,189,0.0,0.0
C12639,Lapsed / Hibernating,2,2,2,222,485,1,104.98,104.98,0.0,2,485,1.0,0.333
C12640,Lapsed / Hibernating,1,2,1,121,790,1,59.98,59.98,0.0,2,790,1.0,0.0
C12641,Lapsed / Hibernating,1,2,3,123,893,1,345.97,345.97,0.0,3,893,0.0,0.25
C12642,Lapsed / Hibernating,2,5,5,255,369,38,6440.72,169.493,0.09,8,1075,0.842,0.102
C12643,Steady Regulars,4,3,3,433,71,2,577.94,288.97,0.0,2,191,1.0,0.0
C12644,Lapsed / Hibernating,1,3,2,132,789,2,122.77,61.385,0.235,2,815,0.0,0.0
C12645,Lapsed / Hibernating,1,2,1,121,1068,1,18.99,18.99,0.0,1,1068,1.0,0.0
C12647,Champions,4,4,5,445,52,9,2253.35,250.372,0.075,5,567,0.222,0.083
C12648,Lapsed / Hibernating,2,2,1,221,613,1,75.98,75.98,0.0,1,613,1.0,0.0
C12649,New & Promising,3,2,1,321,303,1,17.99,17.99,0.0,1,303,1.0,0.0
C12651,Lapsed / Hibernating,2,2,1,221,653,1,78.74,78.74,1.0,1,653,1.0,0.5
C12652,Lapsed / Hibernating,2,2,1,221,454,1,65.98,65.98,0.0,2,454,0.0,0.0
C12653,New & Promising,5,2,1,521,13,1,51.17,51.17,0.316,2,13,1.0,0.0
C12654,New & Promising,4,2,1,421,58,1,53.98,53.98,0.0,1,58,1.0,0.0
C12655,Lapsed / Hibernating,2,3,4,234,420,3,954.85,318.283,0.085,6,638,0.333,0.0
C12656,Lapsed / Hibernating,2,2,1,221,697,1,0.0,0.0,0.0,1,697,1.0,1.0
C12657,Deal Hunters,4,2,2,422,38,1,104.98,104.98,1.0,2,38,1.0,0.0
C12658,New & Promising,4,2,1,421,122,1,81.98,81.98,0.0,2,122,1.0,0.0
C12659,New & Promising,3,2,1,321,288,1,76.48,76.48,0.144,3,288,1.0,0.333
C12660,Champions,5,5,5,555,21,15,1960.0,130.667,0.08,6,376,0.933,0.0
C12662,Lapsed / Hibernating,1,2,2,122,1093,1,204.76,204.76,1.0,1,1093,0.0,0.0
C12663,Steady Regulars,3,2,3,323,149,1,431.96,431.96,0.0,2,149,1.0,0.0
C12664,Deal Hunters,3,2,1,321,273,1,58.49,58.49,1.0,1,273,1.0,0.0
C12666,New & Promising,4,2,1,421,48,1,26.99,26.99,0.0,1,48,1.0,0.0
C12667,Lapsed / Hibernating,1,3,3,133,705,2,403.96,201.98,0.078,2,775,0.5,0.5
C12668,Lapsed / Hibernating,1,4,3,143,729,4,269.9,67.475,0.0,5,1073,0.0,0.0
C12669,Deal Hunters,5,2,1,521,2,1,70.19,70.19,1.0,1,2,1.0,0.0
C12670,Champions,5,5,5,555,3,64,10669.3,166.708,0.171,7,624,0.922,0.123
C12671,Champions,5,5,5,555,6,46,10118.92,219.977,0.012,6,778,0.913,0.059
C12672,Lapsed / Hibernating,2,3,2,232,481,2,209.95,104.975,0.0,2,825,1.0,0.0
C12673,Lapsed / Hibernating,1,2,3,123,942,1,269.99,269.99,0.813,2,942,1.0,0.5
C12674,Champions,3,5,4,354,124,11,1536.35,139.668,0.098,5,520,1.0,0.211
C12675,New & Promising,5,3,2,532,13,2,250.34,125.17,0.093,3,24,1.0,0.0
C12678,Champions,3,5,5,355,364,14,2191.9,156.564,0.07,5,998,0.857,0.0
C12683,Steady Regulars,5,4,3,543,13,4,284.31,71.078,0.082,3,829,0.0,0.0
C12684,Champions,5,5,5,555,14,53,11163.19,210.626,0.159,8,1077,0.226,0.053
C12685,Lapsed / Hibernating,2,4,3,243,500,4,435.31,108.828,0.164,4,890,0.0,0.0
C12688,Lapsed / Hibernating,2,2,2,222,589,1,122.97,122.97,0.0,3,589,1.0,0.25
C12689,New & Promising,3,2,1,321,260,1,72.99,72.99,0.0,1,260,1.0,0.0
C12690,Lapsed / Hibernating,2,2,1,221,662,1,80.97,80.97,0.0,2,662,1.0,0.5
C12691,Steady Regulars,3,3,2,332,332,2,245.97,122.985,0.0,2,340,1.0,0.0
C12692,Steady Regulars,3,2,4,324,188,1,1627.91,1627.91,0.0,3,188,1.0,0.0
C12693,Lapsed / Hibernating,1,2,1,121,1026,1,11.99,11.99,0.0,1,1026,1.0,0.0
C12695,Lapsed / Hibernating,1,3,2,132,984,2,242.14,121.07,0.156,5,1089,0.5,0.167
C12696,Lapsed / Hibernating,1,2,2,122,993,1,147.99,147.99,0.0,1,993,1.0,0.0
C12697,Champions,4,5,5,455,62,32,5843.85,182.62,0.124,6,992,0.969,0.162
C12698,Steady Regulars,5,4,3,543,12,4,334.9,83.725,0.0,4,381,0.0,0.0
C12700,Champions,5,5,5,555,12,23,5027.32,218.579,0.166,8,541,0.217,0.083
C12701,New & Promising,4,3,2,432,37,2,134.03,67.015,0.172,2,49,1.0,0.0
C12702,Champions,3,5,5,355,256,12,3287.67,273.972,0.243,7,932,0.25,0.088
C12703,Champions,5,5,5,555,16,16,2523.01,157.688,0.083,5,943,0.938,0.03
C12706,Lapsed / Hibernating,2,4,4,244,644,4,731.83,182.957,0.046,3,1096,1.0,0.0
C12707,Champions,3,5,5,355,279,18,3185.76,176.987,0.187,6,996,0.889,0.077
C12708,New & Promising,4,2,1,421,54,1,31.99,31.99,0.0,1,54,1.0,0.0
C12709,Champions,5,5,5,555,4,58,10779.11,185.847,0.132,7,1076,0.138,0.065
C12711,Lapsed / Hibernating,1,4,2,142,950,4,238.75,59.688,0.204,3,1090,0.25,0.0
C12712,Champions,5,5,5,555,19,24,3328.56,138.69,0.073,5,752,1.0,0.175
C12715,Steady Regulars,3,2,2,322,281,1,124.99,124.99,0.0,1,281,1.0,0.0
C12717,New & Promising,4,2,1,421,109,1,26.99,26.99,0.0,1,109,1.0,0.0
C12718,Champions,4,5,5,455,35,19,4810.24,253.171,0.336,4,1093,0.842,0.119
C12719,Lapsed / Hibernating,1,3,4,134,768,3,743.63,247.877,0.086,4,980,0.0,0.0
C12720,Lapsed / Hibernating,2,3,2,232,484,3,147.98,49.327,0.0,2,956,0.667,0.5
C12721,Champions,4,5,4,454,57,15,1341.7,89.447,0.0,6,1090,0.133,0.167
C12722,Lapsed / Hibernating,2,2,3,223,529,1,635.98,635.98,0.0,2,529,1.0,0.0
C12725,Steady Regulars,3,2,2,322,286,1,259.97,259.97,0.0,2,286,1.0,0.0
C12726,Lapsed / Hibernating,2,4,4,244,503,6,686.92,114.487,0.283,5,949,1.0,0.3
C12728,New & Promising,3,2,1,321,274,1,71.96,71.96,0.0,2,274,1.0,0.0
C12730,Lapsed / Hibernating,1,4,4,144,846,7,828.51,118.359,0.136,5,1086,0.0,0.154
C12731,Lapsed / Hibernating,2,5,5,255,669,11,2836.53,257.866,0.0,6,1045,0.091,0.069
C12732,Lapsed / Hibernating,1,4,4,144,747,7,1542.21,220.316,0.596,6,1016,0.429,0.062
C12733,Lapsed / Hibernating,1,2,1,121,761,1,18.99,18.99,0.0,1,761,1.0,0.0
C12734,Lapsed / Hibernating,1,3,2,132,953,2,256.94,128.47,0.0,3,972,1.0,0.0
C12735,Deal Hunters,3,2,1,321,156,1,36.89,36.89,1.0,1,156,1.0,0.0
C12736,Lapsed / Hibernating,2,2,1,221,594,1,0.0,0.0,0.0,1,594,1.0,1.0
C12739,New & Promising,3,2,2,322,301,1,108.99,108.99,0.0,1,301,0.0,0.0
C12743,Lapsed / Hibernating,1,2,2,122,944,1,232.98,232.98,0.0,2,944,0.0,0.0
C12744,Steady Regulars,3,2,3,323,156,1,395.97,395.97,0.0,1,156,1.0,0.333
C12745,Lapsed / Hibernating,2,3,3,233,371,3,355.91,118.637,0.0,4,821,0.0,0.0
C12746,New & Promising,3,3,2,332,217,2,97.98,48.99,0.0,2,234,0.0,0.0
C12747,Deal Hunters,4,2,1,421,32,1,0.0,0.0,1.0,1,32,1.0,1.0
C12748,Steady Regulars,4,3,2,432,60,2,186.96,93.48,0.0,2,682,0.5,0.0
C12750,Steady Regulars,3,4,3,343,247,5,413.52,82.704,0.131,5,522,0.8,0.111
C12751,Champions,5,4,4,544,13,8,1365.98,170.748,0.261,6,1058,0.875,0.056
C12752,Lapsed / Hibernating,1,2,1,121,779,1,24.29,24.29,1.0,1,779,1.0,0.0
C12753,Lapsed / Hibernating,1,2,1,121,890,1,15.99,15.99,0.0,1,890,0.0,0.0
C12755,Steady Regulars,5,4,4,544,25,5,838.29,167.658,0.098,5,356,0.2,0.0
C12756,Lapsed / Hibernating,1,2,1,121,1047,1,38.99,38.99,0.0,1,1047,1.0,0.0
C12757,New & Promising,5,3,2,532,2,2,184.94,92.47,0.0,3,56,1.0,0.0
C12760,Steady Regulars,4,4,4,444,58,4,804.03,201.008,0.204,4,273,1.0,0.2
C12761,Lapsed / Hibernating,1,2,3,123,743,1,312.99,312.99,0.0,1,743,0.0,0.0
C12763,Steady Regulars,4,4,4,444,28,6,1087.88,181.313,0.0,4,102,0.333,0.0
C12764,Steady Regulars,3,3,3,333,210,3,415.91,138.637,0.0,3,492,0.333,0.0
C12765,Champions,3,4,4,344,216,9,1649.34,183.26,0.066,6,974,0.222,0.0
C12768,Champions,5,5,5,555,12,97,19699.88,203.092,0.107,7,1089,0.918,0.06
C12769,Champions,5,4,4,544,14,6,1481.15,246.858,0.155,5,905,1.0,0.0
C12771,Steady Regulars,5,3,2,532,8,2,253.94,126.97,0.0,4,144,1.0,0.0
C12772,Steady Regulars,4,4,4,444,49,5,1060.38,212.076,0.071,5,571,0.6,0.083
C12773,Champions,4,5,4,454,41,12,1148.7,95.725,0.27,5,1067,0.083,0.045
C12774,Champions,5,5,5,555,13,22,3276.43,148.929,0.155,7,1069,0.045,0.075
C12776,Lapsed / Hibernating,1,3,3,133,825,2,301.96,150.98,0.0,3,838,0.5,0.0
C12777,New & Promising,3,2,1,321,256,1,81.99,81.99,0.0,1,256,1.0,0.0
C12779,Lapsed / Hibernating,2,3,3,233,585,2,634.92,317.46,0.0,3,1004,0.5,0.0
C12780,New & Promising,4,2,2,422,48,1,212.91,212.91,0.0,2,48,1.0,0.0
C12781,Steady Regulars,3,4,4,344,278,5,915.36,183.072,0.081,4,724,0.0,0.077
C12782,New & Promising,5,2,2,522,13,1,135.98,135.98,0.0,2,13,1.0,0.0
C12783,Lapsed / Hibernating,1,2,1,121,1043,1,21.98,21.98,0.0,1,1043,1.0,0.0
C12784,Champions,4,5,5,455,32,11,2117.05,192.459,0.08,6,485,1.0,0.103
C12786,Lapsed / Hibernating,2,2,3,223,677,1,460.95,460.95,0.0,2,677,0.0,0.0
C12789,Steady Regulars,3,4,4,344,220,6,1286.87,214.478,0.0,3,700,1.0,0.0
C12790,Lapsed / Hibernating,1,2,2,122,1092,1,158.96,158.96,0.0,3,1092,0.0,0.0
C12792,Lapsed / Hibernating,1,2,1,121,1060,1,28.99,28.99,0.0,1,1060,1.0,0.0
C12793,Steady Regulars,3,4,4,344,149,6,976.81,162.802,0.029,6,728,0.0,0.0
C12794,Steady Regulars,4,4,4,444,82,5,1108.88,221.776,0.0,2,913,0.0,0.0
C12795,Lapsed / Hibernating,2,2,1,221,520,1,76.98,76.98,0.0,1,520,0.0,0.0
C12796,Lapsed / Hibernating,1,3,1,131,711,2,43.77,21.885,0.452,2,852,1.0,0.0
C12798,Lapsed / Hibernating,1,2,3,123,736,1,296.96,296.96,0.0,2,736,0.0,0.0
C12800,Lapsed / Hibernating,2,2,1,221,405,1,8.99,8.99,0.0,1,405,1.0,0.0
C12802,Lapsed / Hibernating,1,4,3,143,719,4,514.11,128.528,0.627,4,1049,0.75,0.111
C12803,Lapsed / Hibernating,1,2,2,122,948,1,102.95,102.95,0.0,3,948,1.0,0.0
C12804,Champions,5,5,5,555,1,12,2808.29,234.024,0.256,7,287,0.833,0.088
C12806,Lapsed / Hibernating,1,3,2,132,873,2,164.96,82.48,0.0,3,991,0.0,0.0
C12807,Champions,5,5,5,555,4,79,12747.04,161.355,0.129,8,1085,0.241,0.088
C12808,Lapsed / Hibernating,1,4,5,145,899,5,1911.97,382.394,0.093,4,1025,0.8,0.067
C12809,Lapsed / Hibernating,1,2,3,123,763,1,330.95,330.95,0.0,2,763,1.0,0.0
C12810,Champions,4,5,5,455,34,15,2038.87,135.925,0.121,6,1086,0.067,0.1
C12811,Steady Regulars,3,3,3,333,172,2,595.85,297.925,0.092,2,326,1.0,0.0
C12812,New & Promising,3,2,1,321,233,1,22.99,22.99,0.0,1,233,1.0,0.0
C12813,Champions,4,5,5,455,76,12,2211.44,184.287,0.07,6,1074,0.083,0.0
C12815,Steady Regulars,3,2,3,323,137,1,424.73,424.73,0.176,4,137,1.0,0.0
C12817,Deal Hunters,3,3,2,332,170,2,153.53,76.765,0.83,4,185,1.0,0.2
C12818,Lapsed / Hibernating,1,4,3,143,786,4,550.15,137.538,0.039,4,1010,1.0,0.0
C12819,Champions,4,5,5,455,58,29,7109.9,245.169,0.138,6,747,0.966,0.102
C12820,Steady Regulars,3,4,3,343,309,4,411.91,102.977,0.0,3,471,0.0,0.0
C12821,Champions,3,5,5,355,187,47,7355.62,156.503,0.141,7,1092,0.915,0.078
C12822,Lapsed / Hibernating,1,2,1,121,1022,1,26.99,26.99,0.0,1,1022,1.0,0.0
C12823,Steady Regulars,4,2,3,423,63,1,411.97,411.97,0.0,2,63,1.0,0.0
C12824,Champions,4,5,5,455,66,17,1949.43,114.672,0.156,6,1037,1.0,0.034
C12826,Lapsed / Hibernating,2,2,1,221,401,1,20.98,20.98,1.0,1,401,1.0,0.0
C12828,Champions,4,5,5,455,31,20,3061.66,153.083,0.293,8,954,0.15,0.133
C12829,Lapsed / Hibernating,1,2,1,121,949,1,21.98,21.98,0.0,1,949,1.0,0.0
C12833,Lapsed / Hibernating,2,2,2,222,541,1,147.99,147.99,0.0,1,541,0.0,0.0
C12834,Lapsed / Hibernating,1,2,1,121,984,1,85.99,85.99,0.0,1,984,0.0,0.0
C12836,New & Promising,4,2,2,422,74,1,167.94,167.94,0.0,2,74,1.0,0.0
C12838,Lapsed / Hibernating,2,2,1,221,661,1,29.99,29.99,0.0,1,661,1.0,0.0
C12839,Lapsed / Hibernating,1,3,3,133,1076,3,471.35,157.117,0.888,3,1089,0.667,0.0
C12840,Deal Hunters,3,2,2,322,169,1,154.68,154.68,1.0,1,169,0.0,0.0
C12841,New & Promising,4,3,1,431,48,2,27.99,13.995,0.0,2,730,1.0,0.5
C12842,Lapsed / Hibernating,2,2,1,221,650,1,41.99,41.99,0.0,1,650,0.0,0.0
C12844,Steady Regulars,4,3,3,433,92,3,663.9,221.3,0.074,4,395,0.667,0.0
C12846,Lapsed / Hibernating,2,4,3,243,652,9,655.23,72.803,0.228,5,1035,1.0,0.167
C12847,Steady Regulars,3,4,4,344,359,6,1047.03,174.505,0.247,3,811,0.0,0.0
C12848,Lapsed / Hibernating,1,2,1,121,753,1,24.29,24.29,1.0,1,753,1.0,0.0
C12849,Deal Hunters,5,2,4,524,4,1,665.34,665.34,0.47,3,4,0.0,0.2
C12850,Lapsed / Hibernating,1,2,2,122,804,1,148.99,148.99,0.0,1,804,0.0,0.0
C12851,Lapsed / Hibernating,2,3,3,233,416,2,579.94,289.97,0.0,3,649,0.5,0.0
C12852,Lapsed / Hibernating,1,2,2,122,1043,1,188.99,188.99,0.0,1,1043,1.0,0.5
C12854,Lapsed / Hibernating,1,2,2,122,1096,1,222.93,222.93,0.0,3,1096,1.0,0.0
C12855,Deal Hunters,3,2,2,322,186,1,205.38,205.38,0.693,2,186,1.0,0.0
C12856,Steady Regulars,5,4,4,544,8,7,1629.43,232.776,0.21,4,99,0.714,0.0
C12857,Steady Regulars,4,4,4,444,44,7,743.05,106.15,0.365,3,507,1.0,0.0
C12858,New & Promising,5,4,2,542,5,4,211.88,52.97,0.0,3,140,0.0,0.143
C12859,Lapsed / Hibernating,1,3,4,134,954,3,789.9,263.3,0.0,5,1002,0.333,0.222
C12860,Champions,3,5,4,354,154,11,1699.62,154.511,0.105,6,1066,1.0,0.136
C12861,Champions,3,5,5,355,330,10,2199.16,219.916,0.472,6,874,0.7,0.087
C12864,Deal Hunters,3,2,1,321,323,1,22.94,22.94,1.0,1,323,1.0,0.0
C12866,New & Promising,4,2,2,422,44,1,139.98,139.98,0.0,2,44,1.0,0.0
C12867,Steady Regulars,3,3,2,332,319,3,129.64,43.213,0.16,5,732,1.0,0.0
C12868,Steady Regulars,5,4,3,543,15,5,454.87,90.974,0.0,5,312,0.6,0.1
C12869,New & Promising,3,2,1,321,148,1,55.99,55.99,0.0,1,148,1.0,0.0
C12870,Lapsed / Hibernating,2,2,1,221,616,1,84.97,84.97,0.0,2,616,1.0,0.0
C12871,Champions,4,5,4,454,38,12,1602.13,133.511,0.103,7,427,0.917,0.042
C12872,Steady Regulars,3,3,3,333,188,2,461.95,230.975,0.0,2,315,0.0,0.0
C12875,Lapsed / Hibernating,2,2,3,223,446,1,307.97,307.97,0.0,1,446,1.0,0.0
C12876,Lapsed / Hibernating,1,2,1,121,723,1,60.68,60.68,0.638,2,723,1.0,0.0
C12882,Champions,5,5,5,555,10,13,2006.04,154.311,0.113,6,860,0.923,0.111
C12883,Steady Regulars,4,4,4,444,62,4,758.91,189.728,0.0,2,209,1.0,0.0
C12884,Champions,3,5,5,355,193,12,1972.29,164.358,0.148,6,840,0.833,0.077
C12885,Steady Regulars,3,4,4,344,278,9,1254.24,139.36,0.031,5,1040,0.111,0.059
C12886,Lapsed / Hibernating,1,2,1,121,1053,1,24.99,24.99,0.0,1,1053,1.0,0.0
C12887,New & Promising,5,2,3,523,2,1,409.96,409.96,0.0,2,2,1.0,0.0
C12888,Lapsed / Hibernating,2,2,1,221,641,1,59.98,59.98,0.0,1,641,0.0,0.0
C12889,Lapsed / Hibernating,2,2,3,223,566,1,603.97,603.97,0.0,2,566,1.0,0.0
C12891,Lapsed / Hibernating,2,2,2,222,394,1,97.54,97.54,0.139,2,394,0.0,0.0
C12892,Lapsed / Hibernating,1,2,1,121,758,1,71.99,71.99,0.344,2,758,0.0,0.5
C12894,Lapsed / Hibernating,2,2,2,222,544,1,194.95,194.95,0.0,1,544,0.0,0.0
C12896,Champions,5,5,5,555,26,21,2055.73,97.892,0.393,8,957,0.857,0.081
C12897,Lapsed / Hibernating,2,2,2,222,389,1,95.98,95.98,0.0,1,389,1.0,0.5
C12898,Lapsed / Hibernating,1,3,4,134,901,2,710.52,355.26,0.809,2,941,0.5,0.0
C12899,Lapsed / Hibernating,1,4,3,143,947,4,530.89,132.722,0.0,6,1079,0.5,0.3
C12900,Lapsed / Hibernating,2,2,2,222,507,1,124.93,124.93,1.0,1,507,0.0,0.333
C12901,Lapsed / Hibernating,1,2,1,121,986,1,28.99,28.99,0.0,2,986,1.0,0.5
C12902,Deal Hunters,4,2,1,421,37,1,81.18,81.18,1.0,1,37,1.0,0.0
C12903,Champions,5,5,5,555,20,29,5792.19,199.731,0.263,6,1020,0.069,0.075
C12904,Deal Hunters,3,2,1,321,361,1,32.78,32.78,1.0,1,361,1.0,0.0
C12905,Steady Regulars,5,4,3,543,5,4,288.11,72.028,0.306,5,248,0.75,0.0
C12908,Lapsed / Hibernating,2,2,3,223,377,1,397.98,397.98,0.0,1,377,1.0,0.0
C12909,Champions,5,4,4,544,17,8,1342.22,167.778,0.027,4,782,1.0,0.062
C12911,Champions,4,5,5,455,30,21,4282.34,203.921,0.211,5,605,0.143,0.167
C12912,Steady Regulars,5,4,3,543,12,4,322.89,80.722,0.272,4,294,1.0,0.0
C12913,Lapsed / Hibernating,1,3,3,133,1067,2,429.94,214.97,0.0,4,1087,0.0,0.2
C12917,Lapsed / Hibernating,2,4,4,244,569,5,1192.4,238.48,0.018,7,1070,0.4,0.0
C12918,Lapsed / Hibernating,2,2,3,223,367,1,451.98,451.98,0.0,1,367,1.0,0.0
C12919,Champions,5,5,5,555,5,44,7715.21,175.346,0.201,8,1060,0.977,0.067
C12920,Lapsed / Hibernating,1,2,2,122,889,1,195.98,195.98,0.0,2,889,1.0,0.0
C12921,Steady Regulars,4,3,4,434,34,3,731.27,243.757,0.556,4,343,1.0,0.182
C12922,Lapsed / Hibernating,2,5,5,255,366,17,1876.79,110.399,0.104,6,1085,0.294,0.161
C12923,Lapsed / Hibernating,1,2,2,122,1003,1,125.98,125.98,0.0,2,1003,1.0,0.0
C12925,Steady Regulars,3,2,3,323,218,1,384.93,384.93,0.0,4,218,0.0,0.0
C12926,Steady Regulars,5,3,3,533,15,2,414.71,207.355,0.079,4,20,0.0,0.0
C12927,Steady Regulars,3,3,3,333,314,3,478.32,159.44,0.291,1,705,1.0,0.25
C12928,Steady Regulars,4,4,3,443,117,9,659.23,73.248,0.078,6,458,1.0,0.105
C12929,Steady Regulars,4,4,3,443,56,4,624.95,156.238,0.0,3,367,1.0,0.0
C12930,Steady Regulars,3,3,3,333,228,2,443.97,221.985,0.0,2,405,0.0,0.0
C12931,Lapsed / Hibernating,2,2,1,221,366,1,76.98,76.98,0.0,1,366,0.0,0.0
C12932,New & Promising,4,2,1,421,44,1,26.99,26.99,0.0,1,44,0.0,0.5
C12933,Steady Regulars,3,3,3,333,312,2,381.9,190.95,0.0,4,515,1.0,0.0
C12934,Lapsed / Hibernating,1,2,2,122,956,1,86.96,86.96,0.0,3,956,0.0,0.0
C12935,Steady Regulars,4,3,3,433,36,3,362.75,120.917,0.362,2,368,1.0,0.2
C12936,New & Promising,3,2,1,321,209,1,69.98,69.98,0.0,2,209,1.0,0.0
C12937,Champions,5,4,4,544,27,5,1363.84,272.768,0.041,5,704,1.0,0.0
C12938,Lapsed / Hibernating,2,3,4,234,643,3,1071.9,357.3,0.035,3,703,0.333,0.125
C12940,Steady Regulars,4,3,2,432,40,2,203.96,101.98,0.0,3,153,1.0,0.0
C12941,Lapsed / Hibernating,2,2,2,222,489,1,199.97,199.97,0.0,2,489,0.0,0.0
C12942,Lapsed / Hibernating,2,2,2,222,543,1,101.96,101.96,0.0,2,543,1.0,0.0
C12943,Lapsed / Hibernating,2,3,3,233,634,3,553.91,184.637,0.0,3,1061,1.0,0.111
C12947,Champions,5,5,5,555,25,12,2665.47,222.123,0.208,7,761,0.75,0.097
C12949,Steady Regulars,3,2,3,323,320,1,530.95,530.95,0.0,2,320,1.0,0.0
C12950,Champions,3,5,5,355,221,10,2207.62,220.762,0.0,6,356,0.1,0.0
C12951,New & Promising,3,2,1,321,221,1,22.99,22.99,0.0,1,221,1.0,0.0
C12952,Steady Regulars,4,3,2,432,95,3,194.96,64.987,0.0,2,641,1.0,0.2
C12953,Champions,5,5,5,555,27,27,3740.43,138.534,0.197,7,699,0.926,0.132
C12955,Champions,5,5,5,555,19,21,4160.25,198.107,0.413,5,1049,0.143,0.082
C12956,New & Promising,5,2,3,523,5,1,445.97,445.97,0.0,1,5,0.0,0.0
C12959,New & Promising,4,2,2,422,58,1,152.98,152.98,0.0,1,58,1.0,0.0
C12960,Champions,5,5,5,555,22,34,5476.92,161.086,0.24,6,1093,0.794,0.069
C12962,Lapsed / Hibernating,2,5,5,255,379,23,4974.44,216.28,0.108,7,1093,0.87,0.092
C12966,Champions,5,5,5,555,5,27,5438.61,201.43,0.13,7,1072,0.815,0.048
C12967,Steady Regulars,3,4,4,344,309,7,1126.34,160.906,0.029,5,967,0.286,0.118
C12968,Steady Regulars,3,4,3,343,246,4,402.48,100.62,0.541,5,655,0.0,0.182
C12969,Lapsed / Hibernating,2,4,4,244,701,4,794.53,198.632,0.384,3,987,0.25,0.25
C12971,Champions,4,5,4,454,35,10,699.68,69.968,0.114,5,963,0.9,0.0
C12972,Lapsed / Hibernating,2,4,4,244,649,4,872.53,218.132,0.153,5,966,0.0,0.091
C12973,Lapsed / Hibernating,2,4,5,245,536,7,1724.83,246.404,0.0,5,756,0.857,0.143
C12974,Steady Regulars,3,4,4,344,339,9,1121.43,124.603,0.051,6,895,0.333,0.062
C12975,Steady Regulars,5,4,3,543,22,5,476.91,95.382,0.0,5,1065,1.0,0.125
C12976,Steady Regulars,4,2,3,423,70,1,608.96,608.96,0.0,3,70,0.0,0.25
C12977,Champions,3,4,5,345,144,9,1906.37,211.819,0.17,7,986,1.0,0.125
C12978,Lapsed / Hibernating,2,2,1,221,619,1,0.0,0.0,0.0,1,619,0.0,1.0
C12979,Lapsed / Hibernating,2,4,4,244,685,4,764.3,191.075,0.253,6,996,1.0,0.0
C12980,Champions,5,5,5,555,14,68,11205.78,164.791,0.172,7,953,0.912,0.116
C12983,Lapsed / Hibernating,2,2,3,223,680,1,439.64,439.64,0.169,3,680,1.0,0.25
C12984,New & Promising,4,3,2,432,110,2,141.99,70.995,0.0,1,248,1.0,0.5
C12985,Lapsed / Hibernating,1,2,2,122,1026,1,128.99,128.99,0.0,1,1026,0.0,0.0
C12986,Steady Regulars,3,2,3,323,360,1,497.96,497.96,0.0,1,360,1.0,0.0
C12987,Lapsed / Hibernating,2,4,4,244,522,4,715.92,178.98,0.0,3,910,1.0,0.111
C12988,Lapsed / Hibernating,2,4,4,244,491,5,711.84,142.368,0.0,5,852,0.2,0.143
C12990,Lapsed / Hibernating,2,3,3,233,375,2,613.53,306.765,0.1,3,549,1.0,0.0
C12991,Champions,4,5,5,455,34,15,2453.18,163.545,0.343,5,456,0.133,0.033
C12992,Champions,5,5,5,555,24,28,5770.67,206.095,0.227,7,650,0.964,0.071
C12993,Steady Regulars,5,4,3,543,5,6,646.87,107.812,0.108,5,61,1.0,0.182
C12994,Champions,4,5,5,455,31,43,6168.22,143.447,0.077,7,936,0.953,0.077
C12995,Steady Regulars,4,2,3,423,51,1,603.96,603.96,0.0,2,51,1.0,0.0
C12996,Lapsed / Hibernating,2,2,2,222,589,1,180.96,180.96,0.0,3,589,0.0,0.0
C12997,Champions,3,5,5,355,193,45,6480.24,144.005,0.152,8,1036,0.911,0.184
C12998,Lapsed / Hibernating,2,4,3,243,403,6,643.94,107.323,0.027,6,643,0.167,0.0
C13000,Lapsed / Hibernating,2,5,4,254,535,12,1447.54,120.628,0.225,5,1091,0.0,0.0
C13002,Steady Regulars,4,3,3,433,71,2,395.98,197.99,0.0,1,109,1.0,0.333
C13004,Lapsed / Hibernating,1,2,1,121,1077,1,45.98,45.98,0.274,3,1077,0.0,0.333
C13005,Deal Hunters,3,2,2,322,191,1,134.17,134.17,0.531,2,191,1.0,0.0
C13006,Lapsed / Hibernating,2,5,5,255,605,16,2493.65,155.853,0.0,5,1028,0.062,0.061
C13008,Lapsed / Hibernating,2,3,3,233,528,3,658.6,219.533,0.127,3,709,0.0,0.125
C13009,Steady Regulars,5,3,3,533,24,2,306.94,153.47,0.0,2,301,1.0,0.0
C13010,Steady Regulars,3,2,3,323,274,1,367.95,367.95,0.0,2,274,1.0,0.0
C13012,Lapsed / Hibernating,2,2,1,221,420,1,83.98,83.98,0.0,2,420,1.0,0.0
C13013,Steady Regulars,3,4,4,344,281,8,781.02,97.628,0.391,4,810,1.0,0.111
C13014,Lapsed / Hibernating,2,2,1,221,518,1,73.97,73.97,0.0,2,518,1.0,0.0
C13015,Deal Hunters,3,3,2,332,264,2,110.69,55.345,0.474,1,309,1.0,0.5
C13017,Steady Regulars,4,2,2,422,122,1,249.93,249.93,0.0,3,122,1.0,0.0
C13018,New & Promising,4,2,2,422,28,1,152.94,152.94,0.0,2,28,1.0,0.0
C13019,New & Promising,5,2,2,522,16,1,224.95,224.95,0.0,3,16,0.0,0.0
C13020,Champions,5,5,5,555,3,54,8786.11,162.706,0.121,8,1090,0.944,0.147
C13021,Lapsed / Hibernating,1,2,1,121,1072,1,21.99,21.99,0.0,1,1072,1.0,0.0
C13022,Champions,4,5,5,455,117,10,2501.14,250.114,0.016,5,736,0.9,0.083
C13023,New & Promising,4,2,2,422,55,1,94.98,94.98,0.0,2,55,1.0,0.0
C13024,Deal Hunters,3,2,1,321,210,1,47.69,47.69,1.0,1,210,1.0,0.0
C13025,Lapsed / Hibernating,1,2,1,121,939,1,18.99,18.99,0.0,1,939,1.0,0.0
C13027,Lapsed / Hibernating,1,3,2,132,996,2,184.45,92.225,0.642,2,1011,0.0,0.0
C13029,Lapsed / Hibernating,2,2,2,222,434,1,107.98,107.98,0.0,2,434,1.0,0.0
C13030,Steady Regulars,3,2,3,323,312,1,407.97,407.97,0.0,1,312,0.0,0.0
C13031,Champions,5,5,5,555,19,33,6414.12,194.367,0.054,8,1015,0.97,0.068
C13032,Lapsed / Hibernating,2,2,1,221,578,1,21.99,21.99,0.0,1,578,1.0,0.0
C13035,Lapsed / Hibernating,2,2,1,221,366,1,77.98,77.98,0.0,1,366,0.0,0.0
C13037,Steady Regulars,3,3,4,334,282,3,984.37,328.123,0.096,4,580,0.333,0.167
C13040,Lapsed / Hibernating,2,2,1,221,656,1,31.99,31.99,0.0,1,656,0.0,0.0
C13042,Champions,5,5,5,555,15,14,1862.98,133.07,0.265,7,767,0.929,0.0
C13044,Champions,4,4,4,444,52,7,1120.2,160.029,0.197,6,249,1.0,0.071
C13045,Champions,5,5,5,555,8,28,3629.66,129.631,0.056,6,1095,0.893,0.175
C13046,Steady Regulars,3,4,4,344,356,5,842.93,168.586,0.0,4,734,1.0,0.143
C13047,Steady Regulars,4,2,3,423,85,1,341.96,341.96,0.0,2,85,1.0,0.0
C13050,Champions,4,5,5,455,45,89,21619.3,242.913,0.099,7,1077,0.135,0.101
C13051,Champions,5,5,5,555,14,14,3364.65,240.332,0.015,6,966,0.857,0.222
C13054,Champions,5,4,4,544,1,9,1182.75,131.417,0.0,6,445,0.889,0.0
C13055,Champions,5,5,5,555,11,48,7906.26,164.714,0.274,8,919,0.188,0.083
C13057,Lapsed / Hibernating,2,4,4,244,633,9,1095.79,121.754,0.192,3,1087,1.0,0.0
C13058,New & Promising,5,2,2,522,3,1,111.99,111.99,0.0,1,3,0.0,0.0
C13060,Champions,5,4,4,544,2,9,1687.88,187.542,0.089,3,255,1.0,0.053
C13062,Steady Regulars,3,2,3,323,217,1,267.97,267.97,0.0,2,217,1.0,0.0
C13063,Steady Regulars,4,4,3,443,59,7,630.22,90.031,0.392,5,214,0.857,0.111
C13064,Steady Regulars,4,4,3,443,83,5,501.42,100.284,0.015,5,289,0.0,0.2
C13065,Champions,5,5,5,555,25,14,3222.55,230.182,0.0,7,588,0.0,0.059
C13066,Lapsed / Hibernating,1,2,1,121,1036,1,47.98,47.98,0.0,2,1036,1.0,0.5
C13067,New & Promising,5,2,2,522,25,1,219.96,219.96,0.0,1,25,0.0,0.0
C13068,Champions,5,5,5,555,22,16,2103.88,131.492,0.153,5,785,0.938,0.2
C13069,Lapsed / Hibernating,1,2,3,123,727,1,325.97,325.97,0.0,2,727,0.0,0.0
C13070,Champions,4,5,5,455,47,23,3095.06,134.568,0.019,5,1071,0.174,0.045
C13071,Steady Regulars,4,4,3,443,113,5,291.86,58.372,0.212,3,700,1.0,0.556
C13072,Lapsed / Hibernating,1,2,2,122,704,1,129.16,129.16,0.59,2,704,0.0,0.333
C13073,Steady Regulars,4,4,4,444,68,5,1456.8,291.36,0.015,5,666,0.2,0.167
C13074,Lapsed / Hibernating,2,2,2,222,611,1,121.98,121.98,0.0,2,611,1.0,0.0
C13075,Champions,5,5,5,555,13,13,2131.6,163.969,0.028,6,335,0.154,0.036
C13076,Steady Regulars,5,2,3,523,22,1,590.55,590.55,0.022,4,22,0.0,0.2
C13077,Champions,4,5,5,455,55,16,3522.27,220.142,0.086,6,469,0.875,0.07
C13078,New & Promising,5,2,2,522,5,1,146.96,146.96,0.0,3,5,1.0,0.0
C13079,Lapsed / Hibernating,1,3,3,133,909,2,424.04,212.02,0.083,3,1026,0.0,0.0
C13081,Champions,4,5,5,455,111,20,4468.14,223.407,0.24,7,1063,0.95,0.077
C13082,Lapsed / Hibernating,1,2,2,122,1015,1,107.99,107.99,1.0,1,1015,0.0,0.0
C13083,New & Promising,5,2,1,521,16,1,59.98,59.98,0.0,2,16,0.0,0.0
C13084,Champions,5,5,5,555,20,15,3669.58,244.639,0.034,7,819,0.067,0.108
C13086,Champions,5,4,4,544,1,7,867.56,123.937,0.103,5,230,0.571,0.0
C13087,Lapsed / Hibernating,1,2,2,122,963,1,181.98,181.98,0.0,2,963,1.0,0.0
C13088,Lapsed / Hibernating,2,2,3,223,577,1,347.97,347.97,0.0,2,577,1.0,0.0
C13090,Champions,5,5,5,555,26,23,2682.76,116.642,0.131,7,675,0.957,0.043
C13091,Steady Regulars,3,2,3,323,182,1,585.93,585.93,0.0,4,182,1.0,0.0
C13092,Lapsed / Hibernating,1,2,3,123,740,1,410.96,410.96,0.0,2,740,1.0,0.0
C13093,Deal Hunters,4,2,1,421,51,1,11.69,11.69,1.0,1,51,1.0,0.0
C13094,New & Promising,3,3,2,332,209,2,181.97,90.985,0.0,1,216,1.0,0.0
C13095,Lapsed / Hibernating,2,4,4,244,697,7,1302.78,186.111,0.127,4,987,1.0,0.0
C13097,Lapsed / Hibernating,2,2,3,223,379,1,641.94,641.94,0.255,2,379,1.0,0.0
C13099,Steady Regulars,3,4,3,343,129,4,590.15,147.538,0.056,6,425,1.0,0.1
C13100,Lapsed / Hibernating,2,2,2,222,645,1,178.98,178.98,0.0,2,645,1.0,0.333
C13101,Deal Hunters,4,2,2,422,42,1,212.57,212.57,0.44,2,42,1.0,0.0
C13102,Lapsed / Hibernating,1,2,3,123,983,1,340.03,340.03,0.077,2,983,1.0,0.0
C13105,Lapsed / Hibernating,2,3,2,232,394,3,172.32,57.44,0.461,4,432,1.0,0.0
C13106,Steady Regulars,5,4,3,543,26,4,599.76,149.94,0.391,5,855,0.5,0.154
C13107,Lapsed / Hibernating,1,2,1,121,988,1,0.0,0.0,0.0,1,988,0.0,1.0
C13108,Lapsed / Hibernating,1,3,1,131,1043,2,82.95,41.475,0.0,2,1067,0.0,0.0
C13109,Deal Hunters,4,2,1,421,34,1,41.29,41.29,1.0,1,34,0.0,0.0
C13110,Lapsed / Hibernating,1,4,4,144,804,7,1184.11,169.159,0.011,8,1021,0.286,0.125
C13112,Champions,4,5,4,454,99,11,1661.91,151.083,0.223,5,532,1.0,0.0
C13114,Lapsed / Hibernating,1,2,2,122,889,1,173.97,173.97,0.0,2,889,1.0,0.0
C13115,Champions,3,5,5,355,143,25,4720.46,188.818,0.145,7,1063,0.92,0.091
C13116,Steady Regulars,4,3,3,433,58,2,271.94,135.97,0.0,3,70,1.0,0.2
C13120,Champions,4,5,5,455,76,39,8492.43,217.755,0.082,7,1069,0.846,0.097
C13122,Lapsed / Hibernating,2,2,2,222,531,1,90.99,90.99,0.0,1,531,1.0,0.0
C13123,Steady Regulars,3,4,4,344,158,5,884.26,176.852,0.106,6,530,1.0,0.091
C13124,Lapsed / Hibernating,2,3,2,232,555,2,119.96,59.98,0.0,3,853,1.0,0.0
C13125,Lapsed / Hibernating,2,4,4,244,401,9,1328.71,147.634,0.127,7,1063,0.0,0.111
C13126,Deal Hunters,3,2,2,322,191,1,228.76,228.76,0.757,3,191,1.0,0.25
C13128,Lapsed / Hibernating,1,2,2,122,1040,1,226.99,226.99,0.0,1,1040,0.0,0.0
C13129,Lapsed / Hibernating,2,3,4,234,564,3,717.33,239.11,0.085,5,712,0.333,0.25
C13133,Lapsed / Hibernating,2,5,5,255,371,41,10635.94,259.413,0.136,7,1069,0.805,0.11
C13136,New & Promising,4,2,1,421,54,1,22.99,22.99,0.0,1,54,1.0,0.0
C13139,Lapsed / Hibernating,2,4,3,243,425,7,385.83,55.119,0.076,4,974,0.0,0.3
C13140,Steady Regulars,4,3,2,432,51,2,259.95,129.975,0.0,1,259,0.0,0.25
C13141,Lapsed / Hibernating,2,2,1,221,561,1,16.99,16.99,0.0,1,561,1.0,0.0
C13142,New & Promising,5,3,2,532,12,2,92.96,46.48,0.0,3,234,1.0,0.0
C13144,Steady Regulars,3,5,4,354,335,13,900.62,69.278,0.197,5,931,1.0,0.095
C13145,New & Promising,4,3,2,432,86,2,123.98,61.99,0.0,2,272,0.0,0.0
C13146,Lapsed / Hibernating,2,2,2,222,663,1,99.97,99.97,0.0,3,663,1.0,0.333
C13147,Lapsed / Hibernating,2,2,1,221,520,1,76.99,76.99,0.0,1,520,1.0,0.0
C13148,Lapsed / Hibernating,1,4,4,144,762,5,997.7,199.54,0.065,4,1016,0.2,0.0
C13149,Steady Regulars,5,3,3,533,17,3,376.01,125.337,0.059,4,758,0.0,0.0
C13150,Champions,5,5,5,555,12,65,9540.73,146.78,0.104,8,1089,0.892,0.057
C13151,Lapsed / Hibernating,1,3,3,133,1054,2,330.95,165.475,0.0,4,1086,0.5,0.333
C13152,Lapsed / Hibernating,1,2,2,122,982,1,179.97,179.97,0.0,1,982,1.0,0.0
C13153,Champions,5,5,5,555,18,36,6682.31,185.62,0.126,8,1085,0.111,0.062
C13154,Lapsed / Hibernating,1,2,3,123,1094,1,374.35,374.35,0.573,3,1094,1.0,0.0
C13155,Steady Regulars,4,3,3,433,68,3,489.69,163.23,0.279,3,118,0.667,0.0
C13156,Lapsed / Hibernating,1,3,2,132,733,3,163.96,54.653,0.0,2,1028,0.333,0.0
C13157,Lapsed / Hibernating,2,2,3,223,424,1,445.96,445.96,0.0,2,424,1.0,0.0
C13158,Lapsed / Hibernating,1,2,1,121,1072,1,18.99,18.99,0.0,1,1072,0.0,0.0
C13159,Steady Regulars,3,3,4,334,136,3,765.44,255.147,0.465,3,508,0.333,0.167
C13162,New & Promising,3,2,1,321,259,1,79.98,79.98,0.0,2,259,1.0,0.0
C13163,Lapsed / Hibernating,2,3,2,232,529,3,180.47,60.157,0.476,3,754,1.0,0.25
C13166,Lapsed / Hibernating,2,3,2,232,432,3,207.94,69.313,0.0,5,916,1.0,0.0
C13168,Steady Regulars,3,3,3,333,306,3,576.93,192.31,0.0,1,652,1.0,0.0
C13169,Steady Regulars,3,3,3,333,137,2,590.54,295.27,0.081,2,370,0.0,0.0
C13170,Deal Hunters,3,2,1,321,344,1,43.19,43.19,1.0,1,344,0.0,0.0
C13172,Steady Regulars,3,2,3,323,318,1,436.97,436.97,0.0,1,318,1.0,0.0
C13173,Lapsed / Hibernating,2,2,1,221,595,1,85.98,85.98,0.0,1,595,1.0,0.0
C13176,Lapsed / Hibernating,1,2,3,123,1010,1,573.97,573.97,0.157,3,1010,0.0,0.25
C13177,Steady Regulars,3,2,2,322,208,1,156.97,156.97,0.0,2,208,1.0,0.0
C13178,Lapsed / Hibernating,1,3,3,133,887,3,482.88,160.96,0.0,4,1068,1.0,0.0
C13179,Lapsed / Hibernating,2,2,3,223,537,1,495.95,495.95,0.0,3,537,1.0,0.0
C13180,Champions,5,5,5,555,26,17,2805.59,165.035,0.198,6,882,0.235,0.03
C13181,Steady Regulars,3,2,2,322,209,1,231.97,231.97,0.0,2,209,0.0,0.0
C13182,Champions,4,4,5,445,33,9,1907.96,211.996,0.298,5,1053,0.778,0.091
C13185,Lapsed / Hibernating,1,2,1,121,763,1,20.99,20.99,0.0,2,763,1.0,0.5
C13186,New & Promising,4,2,2,422,30,1,115.98,115.98,0.0,1,30,1.0,0.0
C13187,Lapsed / Hibernating,1,2,4,124,817,1,781.95,781.95,0.077,3,817,1.0,0.2
C13188,Champions,5,5,5,555,1,25,3274.95,130.998,0.108,8,820,1.0,0.087
C13189,Steady Regulars,3,4,4,344,254,4,705.92,176.48,0.0,3,578,0.25,0.0
C13191,Lapsed / Hibernating,1,4,4,144,850,5,719.85,143.97,0.0,6,1015,0.0,0.0
C13194,Lapsed / Hibernating,2,2,1,221,590,1,36.99,36.99,0.0,1,590,1.0,0.0
C13195,Champions,5,5,5,555,26,41,7768.32,189.471,0.054,8,1063,0.195,0.101
C13196,Champions,4,4,4,444,33,5,1580.87,316.174,0.271,5,697,0.6,0.0
C13198,Steady Regulars,3,2,2,322,229,1,202.99,202.99,0.0,1,229,1.0,0.0
C13200,Lapsed / Hibernating,2,3,2,232,374,2,112.96,56.48,0.0,3,523,1.0,0.25
C13202,New & Promising,4,2,1,421,58,1,63.99,63.99,0.0,1,58,1.0,0.0
C13204,Steady Regulars,3,2,2,322,148,1,233.98,233.98,0.0,1,148,1.0,0.0
C13207,New & Promising,3,2,1,321,173,1,34.99,34.99,0.0,1,173,1.0,0.0
C13209,New & Promising,4,2,1,421,42,1,28.99,28.99,0.0,1,42,1.0,0.0
C13210,Lapsed / Hibernating,1,3,3,133,858,3,546.12,182.04,0.442,2,1069,0.333,0.0
C13212,Champions,4,5,5,455,84,26,5190.55,199.637,0.052,7,629,0.962,0.029
C13214,Lapsed / Hibernating,1,2,1,121,792,1,44.99,44.99,0.0,1,792,0.0,0.0
C13216,New & Promising,3,2,1,321,149,1,36.98,36.98,0.0,2,149,1.0,0.0
C13217,Deal Hunters,3,2,3,323,359,1,307.17,307.17,1.0,1,359,0.0,0.0
C13219,New & Promising,3,2,1,321,217,1,0.0,0.0,0.0,1,217,1.0,1.0
C13221,Champions,4,5,5,455,59,14,3405.93,243.281,0.093,7,804,1.0,0.083
C13223,Lapsed / Hibernating,1,4,5,145,805,9,2454.72,272.747,0.0,6,1034,0.556,0.042
C13225,Steady Regulars,5,4,2,542,12,4,209.13,52.282,0.163,3,748,0.0,0.0
C13226,Champions,4,4,3,443,66,7,556.58,79.511,0.111,6,890,0.0,0.0
C13227,New & Promising,5,2,2,522,9,1,102.98,102.98,0.0,1,9,1.0,0.0
C13228,Steady Regulars,4,3,3,433,64,3,304.93,101.643,0.0,5,455,0.667,0.167
C13229,Steady Regulars,4,2,3,423,122,1,281.93,281.93,0.0,3,122,1.0,0.0
C13230,Steady Regulars,4,3,4,434,63,3,958.92,319.64,0.013,3,364,1.0,0.0
C13231,Lapsed / Hibernating,2,3,3,233,502,2,531.31,265.655,0.245,3,564,1.0,0.0
C13232,Champions,5,5,5,555,23,41,7387.26,180.177,0.197,7,1061,0.195,0.084
C13233,Steady Regulars,3,3,2,332,336,3,165.94,55.313,0.253,3,669,0.0,0.0
C13235,Champions,4,5,4,454,63,17,1294.38,76.14,0.546,6,552,0.882,0.12
C13238,Lapsed / Hibernating,2,3,2,232,426,2,125.97,62.985,0.595,3,706,1.0,0.0
C13239,Lapsed / Hibernating,1,2,2,122,882,1,148.97,148.97,0.0,2,882,1.0,0.0
C13240,New & Promising,3,2,1,321,124,1,61.98,61.98,0.0,1,124,0.0,0.0
C13241,Steady Regulars,3,2,2,322,134,1,235.96,235.96,0.0,2,134,1.0,0.0
C13242,Steady Regulars,3,4,4,344,171,6,1085.42,180.903,0.282,4,522,0.0,0.0
C13243,Champions,5,4,4,544,2,6,1157.93,192.988,0.375,4,568,0.833,0.0
C13244,Champions,4,5,4,454,32,10,1586.49,158.649,0.111,6,1048,1.0,0.0
C13245,Lapsed / Hibernating,2,4,4,244,387,9,709.16,78.796,0.05,6,1036,0.333,0.0
C13246,New & Promising,4,2,2,422,52,1,151.99,151.99,0.0,1,52,1.0,0.5
C13247,Lapsed / Hibernating,2,3,3,233,551,3,480.73,160.243,0.285,3,597,0.333,0.0
C13250,Champions,5,5,5,555,14,15,2037.42,135.828,0.301,7,1071,0.0,0.049
C13251,Lapsed / Hibernating,2,2,1,221,552,1,17.98,17.98,0.0,1,552,1.0,0.0
C13253,Lapsed / Hibernating,2,4,4,244,681,6,1222.55,203.758,0.247,4,1010,0.833,0.25
C13254,Lapsed / Hibernating,2,2,1,221,409,1,30.99,30.99,0.0,1,409,1.0,0.0
C13258,Lapsed / Hibernating,1,2,1,121,987,1,83.97,83.97,0.0,1,987,1.0,0.0
C13259,Lapsed / Hibernating,1,3,3,133,1019,2,316.36,158.18,0.771,2,1077,1.0,0.5
C13261,Steady Regulars,3,4,4,344,324,4,1034.8,258.7,0.256,3,662,0.0,0.111
C13263,Lapsed / Hibernating,1,2,1,121,1046,1,78.99,78.99,0.0,1,1046,0.0,0.0
C13264,Lapsed / Hibernating,2,3,2,232,414,2,130.98,65.49,0.0,2,490,0.0,0.0
C13265,New & Promising,3,2,1,321,348,1,41.99,41.99,0.0,1,348,0.0,0.0
C13267,Champions,5,5,5,555,16,26,5391.61,207.37,0.22,7,1086,0.923,0.016
C13268,Lapsed / Hibernating,1,2,3,123,812,1,528.53,528.53,0.279,2,812,1.0,0.0
C13270,New & Promising,4,2,1,421,94,1,0.0,0.0,0.0,1,94,1.0,1.0
C13271,Champions,3,5,5,355,353,14,2358.8,168.486,0.422,6,918,0.071,0.0
C13272,Champions,3,5,5,355,125,13,2689.46,206.882,0.099,5,1009,1.0,0.074
C13274,Lapsed / Hibernating,1,2,2,122,732,1,125.99,125.99,0.0,1,732,1.0,0.0
C13277,New & Promising,4,2,1,421,91,1,10.99,10.99,0.0,2,91,1.0,0.5
C13278,Steady Regulars,4,2,2,422,55,1,171.67,171.67,0.121,3,55,0.0,0.0
C13279,Deal Hunters,4,2,1,421,55,1,29.18,29.18,0.555,2,55,1.0,0.0
C13280,Champions,4,5,5,455,123,21,5090.5,242.405,0.05,6,1030,0.905,0.028
C13281,Lapsed / Hibernating,1,4,3,143,774,4,526.43,131.608,0.295,5,871,1.0,0.0
C13282,Deal Hunters,5,3,2,532,15,2,92.37,46.185,0.719,1,159,0.5,0.0
C13284,Champions,5,5,5,555,11,24,7150.33,297.93,0.087,7,672,0.167,0.047
C13286,Lapsed / Hibernating,2,3,4,234,393,3,975.91,325.303,0.0,3,627,0.0,0.0
C13287,Lapsed / Hibernating,1,2,1,121,1081,1,48.99,48.99,0.0,1,1081,1.0,0.0
C13289,Lapsed / Hibernating,2,5,5,255,696,11,3218.58,292.598,0.162,6,1088,0.818,0.037
C13290,Steady Regulars,5,3,3,533,17,3,538.92,179.64,0.0,3,126,1.0,0.333
C13291,Lapsed / Hibernating,2,3,2,232,420,3,158.97,52.99,0.0,2,962,1.0,0.0
C13293,Lapsed / Hibernating,1,3,3,133,888,2,349.94,174.97,0.0,3,1002,1.0,0.0
C13294,Lapsed / Hibernating,1,2,1,121,733,1,17.99,17.99,0.0,1,733,0.0,0.0
C13295,Champions,4,5,5,455,27,44,10721.48,243.67,0.103,7,734,0.886,0.081
C13296,Steady Regulars,3,4,4,344,227,5,1032.08,206.416,0.058,6,1031,0.8,0.083
C13297,New & Promising,4,3,1,431,42,2,83.96,41.98,0.0,1,86,1.0,0.0
C13298,Steady Regulars,3,2,4,324,146,1,680.9,680.9,0.433,3,146,0.0,0.0
C13303,Champions,3,5,5,355,244,33,7546.2,228.673,0.143,7,1089,0.121,0.116
C13304,Lapsed / Hibernating,1,2,1,121,866,1,22.94,22.94,1.0,1,866,0.0,0.0
C13306,Lapsed / Hibernating,2,2,1,221,496,1,48.44,48.44,1.0,1,496,1.0,0.0
C13307,Lapsed / Hibernating,1,2,3,123,1075,1,333.14,333.14,0.319,2,1075,1.0,0.0
C13308,Lapsed / Hibernating,1,2,1,121,1091,1,20.98,20.98,0.0,1,1091,0.0,0.0
C13309,Steady Regulars,3,4,4,344,201,5,956.86,191.372,0.0,5,1038,1.0,0.1
C13310,New & Promising,4,2,1,421,95,1,80.98,80.98,0.0,2,95,1.0,0.0
C13311,Steady Regulars,4,4,4,444,87,5,804.66,160.932,0.36,5,1004,0.0,0.0
C13313,New & Promising,5,2,1,521,11,1,71.96,71.96,0.0,3,11,1.0,0.0
C13315,Lapsed / Hibernating,1,3,2,132,753,3,246.93,82.31,0.53,2,1075,1.0,0.2
C13316,Steady Regulars,4,4,3,443,61,4,326.93,81.732,0.085,4,743,1.0,0.286
C13318,Champions,5,5,5,555,12,33,4636.72,140.507,0.175,6,1080,0.091,0.083
C13319,Lapsed / Hibernating,2,4,4,244,568,7,1526.95,218.136,0.538,5,1088,0.0,0.133
C13320,Lapsed / Hibernating,2,2,1,221,578,1,17.99,17.99,0.0,1,578,1.0,0.0
C13321,Champions,5,5,5,555,3,14,2755.48,196.82,0.168,8,454,1.0,0.088
C13322,Steady Regulars,3,2,2,322,173,1,238.96,238.96,0.0,2,173,1.0,0.0
C13323,Steady Regulars,5,2,4,524,5,1,738.72,738.72,0.161,3,5,1.0,0.0
C13324,Lapsed / Hibernating,1,2,2,122,844,1,163.96,163.96,0.0,2,844,1.0,0.0
C13326,Steady Regulars,3,2,2,322,205,1,147.99,147.99,0.0,1,205,1.0,0.0
C13327,Lapsed / Hibernating,2,5,5,255,666,13,2864.45,220.342,0.075,7,1046,0.923,0.095
C13328,Lapsed / Hibernating,2,2,2,222,507,1,101.99,101.99,0.0,1,507,0.0,0.0
C13329,Steady Regulars,5,4,4,544,10,5,983.92,196.784,0.0,4,365,1.0,0.111
C13330,Champions,4,5,5,455,48,20,6370.22,318.511,0.034,5,568,0.85,0.154
C13333,Lapsed / Hibernating,1,3,3,133,762,2,592.75,296.375,0.34,2,864,0.0,0.25
C13334,Lapsed / Hibernating,1,2,1,121,1011,1,26.99,26.99,0.0,1,1011,1.0,0.0
C13336,Champions,5,4,3,543,12,8,502.59,62.824,0.285,4,694,0.0,0.118
C13338,Lapsed / Hibernating,1,3,3,133,886,3,612.91,204.303,0.0,5,937,0.667,0.0
C13339,Champions,5,5,5,555,18,16,2772.49,173.281,0.289,7,1021,1.0,0.094
C13340,Deal Hunters,3,2,2,322,168,1,90.05,90.05,1.0,2,168,1.0,0.0
C13343,Champions,5,4,4,544,14,8,865.39,108.174,0.124,5,575,0.125,0.133
C13345,Lapsed / Hibernating,1,3,3,133,968,2,446.34,223.17,0.375,3,1030,1.0,0.0
C13347,Deal Hunters,4,3,2,432,31,3,104.94,34.98,0.638,4,314,1.0,0.0
C13348,Steady Regulars,4,3,2,432,50,2,246.96,123.48,0.0,3,192,1.0,0.0
C13349,Lapsed / Hibernating,2,2,3,223,605,1,396.67,396.67,0.304,2,605,1.0,0.0
C13350,Lapsed / Hibernating,2,4,5,245,386,7,2198.86,314.123,0.287,5,555,0.857,0.095
C13351,Steady Regulars,3,4,4,344,277,8,1461.61,182.701,0.12,4,774,0.875,0.133
C13353,Steady Regulars,3,2,3,323,154,1,660.97,660.97,0.0,3,154,1.0,0.25
C13354,Champions,5,5,4,554,3,10,1423.76,142.376,0.244,7,415,0.3,0.045
C13355,Lapsed / Hibernating,1,2,2,122,989,1,248.99,248.99,0.0,1,989,0.0,0.0
C13356,New & Promising,3,2,1,321,286,1,25.99,25.99,0.0,1,286,1.0,0.0
C13357,Champions,4,5,5,455,30,26,5638.07,216.849,0.197,8,948,0.231,0.078
C13361,Deal Hunters,4,3,2,432,39,3,224.86,74.953,0.754,3,200,1.0,0.333
C13362,Deal Hunters,3,2,1,321,321,1,9.34,9.34,1.0,1,321,1.0,0.0
C13363,Lapsed / Hibernating,2,4,4,244,631,5,775.41,155.082,0.173,5,1061,0.0,0.333
C13364,Steady Regulars,5,4,4,544,21,7,1015.41,145.059,0.285,4,183,0.857,0.071
C13365,New & Promising,3,2,1,321,125,1,43.98,43.98,0.0,2,125,1.0,0.5
C13367,Champions,4,5,4,454,61,15,1481.37,98.758,0.075,7,1008,0.267,0.0
C13368,Lapsed / Hibernating,2,2,2,222,525,1,152.38,152.38,0.331,2,525,1.0,0.0
C13369,Champions,5,5,5,555,13,35,7061.9,201.769,0.333,8,1093,0.943,0.12
C13370,Lapsed / Hibernating,2,4,4,244,553,4,886.05,221.513,0.076,4,954,1.0,0.0
C13371,Steady Regulars,5,4,4,544,3,4,861.2,215.3,0.051,3,120,0.75,0.125
C13372,Lapsed / Hibernating,2,3,3,233,684,3,267.54,89.18,0.484,3,918,1.0,0.0
C13373,Steady Regulars,5,4,4,544,13,6,870.85,145.142,0.025,4,305,1.0,0.214
C13374,Steady Regulars,4,4,4,444,45,4,877.29,219.322,0.231,4,186,0.0,0.0
C13375,Lapsed / Hibernating,1,3,2,132,873,2,256.21,128.105,0.083,2,888,0.0,0.0
C13376,Deal Hunters,3,2,1,321,136,1,29.74,29.74,1.0,1,136,1.0,0.0
C13377,New & Promising,3,2,1,321,144,1,9.99,9.99,0.0,1,144,1.0,0.0
C13378,Champions,5,5,5,555,16,17,2040.85,120.05,0.173,6,1040,1.0,0.0
C13379,Champions,5,5,5,555,20,10,2441.27,244.127,0.296,6,823,0.4,0.0
C13380,New & Promising,3,2,2,322,124,1,115.99,115.99,0.0,1,124,1.0,0.0
C13381,New & Promising,5,2,1,521,26,1,53.98,53.98,0.0,1,26,1.0,0.0
C13382,Lapsed / Hibernating,1,3,1,131,1007,2,68.47,34.235,0.635,2,1010,0.0,0.0
C13383,Lapsed / Hibernating,1,2,1,121,1038,1,44.99,44.99,0.0,1,1038,1.0,0.0
C13384,Lapsed / Hibernating,1,2,1,121,750,1,79.78,79.78,0.712,2,750,0.0,0.0
C13385,Champions,5,5,4,554,21,14,1576.6,112.614,0.169,7,692,1.0,0.029
C13388,Lapsed / Hibernating,2,2,3,223,388,1,287.96,287.96,0.0,2,388,1.0,0.0
C13390,Steady Regulars,3,3,3,333,322,3,405.92,135.307,0.0,3,1085,1.0,0.0
C13391,Lapsed / Hibernating,2,2,1,221,628,1,77.99,77.99,0.0,1,628,1.0,0.0
C13392,Lapsed / Hibernating,2,4,3,243,655,5,634.45,126.89,0.402,4,1078,0.6,0.182
C13393,New & Promising,3,2,2,322,242,1,101.98,101.98,0.0,2,242,1.0,0.0
C13394,New & Promising,3,2,2,322,321,1,96.96,96.96,0.0,2,321,1.0,0.0
C13395,Champions,5,5,5,555,2,55,12660.39,230.189,0.099,7,1087,0.945,0.121
C13397,Deal Hunters,3,2,1,321,129,1,47.59,47.59,1.0,1,129,1.0,0.0
C13398,Lapsed / Hibernating,2,2,3,223,451,1,351.99,351.99,0.0,1,451,0.0,0.5
C13399,Lapsed / Hibernating,1,2,3,123,896,1,417.97,417.97,0.0,1,896,0.0,0.0
C13400,Steady Regulars,5,4,3,543,24,5,395.05,79.01,0.246,5,158,1.0,0.0
C13401,Lapsed / Hibernating,1,4,4,144,728,8,985.62,123.202,0.03,3,1075,0.875,0.188
C13402,Champions,5,4,3,543,26,6,615.39,102.565,0.426,6,233,1.0,0.0
C13403,Lapsed / Hibernating,2,2,2,222,453,1,210.97,210.97,0.0,3,453,1.0,0.0
C13406,Champions,5,5,5,555,6,18,2936.27,163.126,0.13,7,1079,1.0,0.077
C13407,Lapsed / Hibernating,1,3,3,133,766,3,324.12,108.04,0.445,3,955,0.0,0.0
C13408,Champions,3,5,5,355,364,21,3780.04,180.002,0.085,7,1044,0.952,0.096
C13409,Deal Hunters,4,2,1,421,33,1,0.0,0.0,1.0,2,33,1.0,1.0
C13411,Champions,5,5,5,555,9,28,5352.94,191.176,0.111,7,1068,0.929,0.094
C13412,Steady Regulars,4,4,3,443,71,4,457.92,114.48,0.0,3,164,1.0,0.143
C13413,Lapsed / Hibernating,1,4,4,144,871,4,940.02,235.005,0.128,3,988,0.0,0.0
C13414,Lapsed / Hibernating,1,2,3,123,795,1,266.97,266.97,0.0,1,795,1.0,0.0
C13415,Lapsed / Hibernating,1,4,3,143,757,4,491.26,122.815,0.33,4,1090,0.25,0.182
C13418,Champions,4,5,5,455,118,13,4826.9,371.3,0.078,8,853,0.154,0.057
C13419,Champions,3,5,4,354,191,14,1678.01,119.858,0.322,6,1035,0.929,0.038
C13420,Champions,4,5,5,455,31,27,5918.85,219.217,0.129,7,1089,0.037,0.031
C13421,Deal Hunters,4,2,2,422,31,1,123.87,123.87,1.0,1,31,1.0,0.0
C13422,Champions,4,5,5,455,30,45,9585.44,213.01,0.14,7,1059,0.289,0.083
C13423,Champions,4,5,5,455,48,18,3632.87,201.826,0.151,7,663,0.056,0.025
C13424,Lapsed / Hibernating,1,3,2,132,883,3,137.87,45.957,0.202,2,994,0.667,0.0
C13425,Champions,3,4,5,345,140,9,2267.22,251.913,0.069,8,1024,1.0,0.091
C13427,Steady Regulars,5,3,3,533,21,2,317.61,158.805,0.205,2,236,1.0,0.25
C13428,Lapsed / Hibernating,2,2,1,221,670,1,24.99,24.99,0.0,1,670,1.0,0.0
C13429,Steady Regulars,3,4,3,343,247,4,601.79,150.448,0.05,3,874,0.5,0.143
C13430,Lapsed / Hibernating,2,2,4,224,445,1,687.95,687.95,0.0,2,445,1.0,0.0
C13431,Steady Regulars,3,3,3,333,126,2,393.92,196.96,0.0,3,154,1.0,0.2
C13432,Lapsed / Hibernating,2,2,1,221,426,1,26.99,26.99,0.0,1,426,1.0,0.0
C13433,Lapsed / Hibernating,1,3,3,133,1015,3,362.51,120.837,0.429,4,1090,1.0,0.143
C13435,Lapsed / Hibernating,1,3,2,132,905,2,226.94,113.47,0.0,1,928,0.0,0.0
C13437,Lapsed / Hibernating,1,2,2,122,997,1,151.97,151.97,0.0,3,997,0.0,0.0
C13438,Steady Regulars,3,3,3,333,139,3,605.93,201.977,0.151,5,893,0.0,0.091
C13440,Steady Regulars,3,4,4,344,132,5,732.52,146.504,0.174,5,382,0.4,0.0
C13441,Deal Hunters,4,2,1,421,27,1,13.59,13.59,1.0,1,27,0.0,0.0
C13443,Lapsed / Hibernating,2,2,2,222,531,1,167.99,167.99,0.0,1,531,1.0,0.0
C13444,Steady Regulars,5,4,4,544,19,6,1157.15,192.858,0.133,3,88,1.0,0.067
C13447,Steady Regulars,3,3,2,332,180,2,156.16,78.08,0.149,4,249,1.0,0.0
C13448,Lapsed / Hibernating,1,3,3,133,946,3,354.86,118.287,0.0,2,1045,1.0,0.0
C13451,Champions,5,5,5,555,8,17,1995.45,117.379,0.027,6,407,0.882,0.167
C13453,Champions,5,5,4,554,24,11,1482.29,134.754,0.009,5,735,1.0,0.043
C13455,Lapsed / Hibernating,1,3,1,131,977,2,66.98,33.49,0.0,1,1023,1.0,0.0
C13456,New & Promising,4,2,1,421,82,1,53.98,53.98,0.0,1,82,1.0,0.0
C13458,Lapsed / Hibernating,2,3,3,233,652,2,276.97,138.485,0.0,2,826,1.0,0.0
C13460,Lapsed / Hibernating,2,3,3,233,447,3,339.61,113.203,0.691,1,710,0.0,0.0
C13461,Champions,5,5,5,555,12,14,2085.17,148.941,0.553,6,610,0.857,0.057
C13462,Lapsed / Hibernating,1,3,3,133,786,3,343.24,114.413,0.044,1,1026,0.0,0.333
C13463,Lapsed / Hibernating,2,5,5,255,425,17,1990.81,117.106,0.254,6,1056,0.882,0.088
C13464,New & Promising,5,2,1,521,3,1,63.96,63.96,0.0,2,3,1.0,0.0
C13465,Lapsed / Hibernating,2,3,3,233,510,2,346.7,173.35,0.759,3,655,1.0,0.167
C13467,Steady Regulars,3,3,3,333,180,2,441.96,220.98,0.0,2,293,1.0,0.0
C13469,Lapsed / Hibernating,2,3,3,233,599,3,375.9,125.3,0.0,4,896,0.667,0.286
C13470,Champions,5,5,5,555,13,30,4534.17,151.139,0.076,8,512,0.933,0.033
C13471,Lapsed / Hibernating,2,4,3,243,520,4,618.89,154.722,0.0,5,840,0.0,0.0
C13472,Lapsed / Hibernating,1,4,4,144,956,7,973.85,139.121,0.0,4,1078,1.0,0.0
C13473,Lapsed / Hibernating,2,2,2,222,503,1,196.33,196.33,0.913,2,503,1.0,0.0
C13474,Lapsed / Hibernating,1,3,2,132,910,2,213.86,106.93,0.075,2,931,1.0,0.25
C13475,Steady Regulars,3,3,3,333,335,2,482.35,241.175,0.515,1,526,1.0,0.0
C13476,Champions,5,5,5,555,20,20,4741.98,237.099,0.038,7,635,0.95,0.075
C13478,Lapsed / Hibernating,1,2,1,121,1063,1,68.98,68.98,0.0,2,1063,0.0,0.0
C13479,Steady Regulars,3,4,4,344,357,6,777.25,129.542,0.547,4,788,0.5,0.077
C13480,Champions,4,5,5,455,68,13,3100.43,238.495,0.13,6,469,0.154,0.054
C13481,Lapsed / Hibernating,2,3,3,233,624,3,618.92,206.307,0.193,2,818,1.0,0.167
C13482,Champions,5,5,5,555,2,13,3299.65,253.819,0.006,7,373,0.923,0.154
C13483,New & Promising,3,2,1,321,231,1,15.98,15.98,0.0,1,231,0.0,0.0
C13484,New & Promising,4,2,2,422,89,1,112.99,112.99,0.0,1,89,1.0,0.0
C13485,Steady Regulars,5,3,3,533,21,2,309.96,154.98,0.0,3,43,0.5,0.25
C13486,Steady Regulars,3,3,2,332,364,3,148.92,49.64,0.0,3,659,0.0,0.0
C13487,Steady Regulars,4,2,3,423,43,1,558.4,558.4,0.22,4,43,1.0,0.2
C13489,Steady Regulars,4,4,3,443,62,5,383.1,76.62,0.42,4,716,1.0,0.222
C13490,Steady Regulars,3,4,4,344,310,7,702.17,100.31,0.165,5,653,1.0,0.091
C13492,Steady Regulars,4,2,2,422,114,1,187.92,187.92,0.0,1,114,1.0,0.0
C13493,Steady Regulars,4,4,3,443,114,4,407.88,101.97,0.056,5,461,1.0,0.0
C13495,Champions,5,5,5,555,7,15,2745.59,183.039,0.52,4,1010,0.867,0.069
C13496,Steady Regulars,4,3,2,432,30,3,264.49,88.163,0.267,2,134,1.0,0.0
C13497,New & Promising,3,2,2,322,361,1,91.99,91.99,0.0,1,361,1.0,0.0
C13499,Lapsed / Hibernating,1,2,2,122,809,1,152.28,152.28,0.16,2,809,1.0,0.0
C13500,Steady Regulars,4,3,2,432,110,2,240.97,120.485,0.0,2,226,0.0,0.0
C13501,Lapsed / Hibernating,2,4,4,244,430,8,852.82,106.602,0.0,7,1042,1.0,0.062
C13502,Lapsed / Hibernating,2,5,5,255,641,28,7302.3,260.796,0.03,4,1051,0.929,0.02
C13503,Steady Regulars,3,4,5,345,252,9,2120.23,235.581,0.509,4,1090,0.111,0.048
C13504,Lapsed / Hibernating,2,3,3,233,605,2,283.59,141.795,0.232,5,835,1.0,0.0
C13506,Lapsed / Hibernating,1,2,1,121,707,1,75.59,75.59,0.759,2,707,1.0,0.5
C13507,New & Promising,5,2,1,521,7,1,31.98,31.98,0.0,1,7,1.0,0.0
C13508,Champions,4,5,5,455,69,11,2096.29,190.572,0.117,4,587,0.909,0.2
C13509,Champions,5,5,5,555,14,52,10350.36,199.045,0.252,7,827,0.212,0.1
C13510,Champions,5,5,5,555,17,20,3513.75,175.688,0.046,7,840,0.85,0.125
C13511,New & Promising,5,2,1,521,4,1,55.99,55.99,0.0,1,4,1.0,0.0
C13514,Steady Regulars,3,4,4,344,193,4,1065.27,266.318,0.046,4,519,1.0,0.154
C13519,Lapsed / Hibernating,2,2,2,222,623,1,233.98,233.98,0.0,2,623,0.0,0.333
C13520,Steady Regulars,3,3,3,333,327,3,308.75,102.917,0.336,4,647,1.0,0.0
C13521,Lapsed / Hibernating,1,3,2,132,1031,3,200.35,66.783,0.077,5,1071,1.0,0.333
C13523,Lapsed / Hibernating,2,2,2,222,379,1,94.57,94.57,0.144,3,379,1.0,0.0
C13525,New & Promising,4,2,1,421,112,1,81.57,81.57,0.375,2,112,1.0,0.0
C13526,Champions,4,5,5,455,100,16,2624.04,164.002,0.055,6,1085,0.188,0.097
C13528,Lapsed / Hibernating,2,4,2,242,532,5,242.76,48.552,0.515,3,901,0.8,0.429
C13529,Lapsed / Hibernating,2,2,1,221,428,1,37.98,37.98,0.0,1,428,0.0,0.0
C13530,Champions,5,5,5,555,6,72,13726.3,190.643,0.225,8,1052,0.931,0.116
C13531,Lapsed / Hibernating,1,3,4,134,884,3,846.93,282.31,0.0,3,1009,1.0,0.0
C13532,Lapsed / Hibernating,2,4,4,244,656,4,955.89,238.973,0.044,6,936,0.0,0.0
C13533,Champions,5,5,5,555,15,25,3986.93,159.477,0.106,6,975,0.12,0.021
C13534,Lapsed / Hibernating,2,2,1,221,616,1,24.99,24.99,0.0,1,616,1.0,0.0
C13537,Champions,5,5,5,555,13,28,5822.55,207.948,0.149,7,527,0.071,0.072
C13538,Steady Regulars,3,4,3,343,238,5,603.65,120.73,0.068,4,608,0.0,0.0
C13539,Lapsed / Hibernating,1,4,3,143,896,4,553.41,138.352,0.106,4,1095,0.0,0.0
C13540,Lapsed / Hibernating,2,3,3,233,538,3,453.9,151.3,0.159,4,681,0.667,0.0
C13541,Deal Hunters,3,2,3,323,354,1,288.78,288.78,1.0,1,354,1.0,0.0
C13542,Steady Regulars,4,3,3,433,42,3,437.93,145.977,0.0,3,271,1.0,0.0
C13543,Lapsed / Hibernating,2,3,3,233,523,2,337.92,168.96,0.0,3,1078,0.0,0.0
C13544,Steady Regulars,3,2,3,323,224,1,491.96,491.96,0.0,1,224,1.0,0.0
C13549,Deal Hunters,3,2,1,321,243,1,35.83,35.83,0.498,2,243,1.0,0.0
C13550,Champions,5,4,3,543,14,9,383.06,42.562,0.148,6,647,0.222,0.077
C13553,Lapsed / Hibernating,2,3,2,232,639,3,119.94,39.98,0.0,4,975,0.0,0.167
C13554,Lapsed / Hibernating,2,2,3,223,621,1,385.95,385.95,0.0,2,621,0.0,0.0
C13555,Lapsed / Hibernating,2,4,4,244,402,8,1544.09,193.011,0.07,4,996,1.0,0.083
C13556,Steady Regulars,5,2,4,524,10,1,888.96,888.96,0.0,1,10,1.0,0.0
C13557,Champions,4,5,4,454,38,18,1650.32,91.684,0.205,8,1027,0.944,0.057
C13558,Lapsed / Hibernating,1,2,2,122,1053,1,87.97,87.97,0.0,2,1053,1.0,0.0
C13559,Lapsed / Hibernating,2,2,3,223,635,1,298.53,298.53,0.102,4,635,1.0,0.0
C13561,Steady Regulars,5,4,3,543,14,6,351.21,58.535,0.257,5,397,0.0,0.0
C13562,Lapsed / Hibernating,2,3,2,232,413,3,203.34,67.78,0.3,2,514,1.0,0.2
C13563,Lapsed / Hibernating,2,2,2,222,453,1,103.98,103.98,0.0,2,453,0.0,0.0
C13565,Steady Regulars,3,4,3,343,237,6,629.88,104.98,0.303,3,630,0.833,0.111
C13567,Steady Regulars,3,2,2,322,288,1,124.98,124.98,0.0,1,288,0.0,0.0
C13568,Lapsed / Hibernating,1,3,3,133,742,2,297.82,148.91,0.154,3,790,1.0,0.0
C13569,Lapsed / Hibernating,2,3,2,232,436,2,167.96,83.98,0.0,3,586,0.5,0.0
C13570,Steady Regulars,4,2,3,423,56,1,452.99,452.99,0.0,1,56,0.0,0.0
C13571,Lapsed / Hibernating,1,3,4,134,726,2,743.92,371.96,0.0,3,828,0.0,0.0
C13572,Champions,5,5,5,555,1,47,6680.23,142.133,0.082,7,694,0.936,0.067
C13573,Lapsed / Hibernating,2,2,3,223,589,1,306.94,306.94,0.0,3,589,1.0,0.0
C13575,Lapsed / Hibernating,1,2,3,123,933,1,306.96,306.96,0.0,4,933,1.0,0.25
C13576,Champions,5,4,4,544,4,7,770.37,110.053,0.128,4,324,0.857,0.25
C13577,Steady Regulars,3,4,5,345,318,5,1770.96,354.192,0.051,4,726,1.0,0.167
C13578,Champions,5,5,5,555,16,15,1997.5,133.167,0.111,5,592,0.133,0.074
C13580,New & Promising,4,2,2,422,116,1,115.99,115.99,0.0,1,116,1.0,0.0
C13581,Champions,5,5,5,555,1,16,3032.01,189.501,0.193,8,696,0.875,0.095
C13584,Steady Regulars,3,4,4,344,199,6,1121.71,186.952,0.62,5,881,0.0,0.0
C13585,Steady Regulars,3,2,2,322,268,1,154.98,154.98,0.0,2,268,1.0,0.0
C13588,Deal Hunters,5,2,1,521,12,1,44.37,44.37,0.527,2,12,0.0,0.0
C13589,Steady Regulars,3,2,2,322,209,1,195.93,195.93,0.0,3,209,1.0,0.0
C13590,Deal Hunters,3,3,2,332,198,3,149.85,49.95,0.5,1,766,0.667,0.0
C13591,Lapsed / Hibernating,2,2,2,222,428,1,129.97,129.97,0.0,1,428,1.0,0.0
C13592,Lapsed / Hibernating,2,2,2,222,664,1,100.78,100.78,1.0,1,664,0.0,0.0
C13593,Lapsed / Hibernating,1,2,1,121,766,1,0.0,0.0,1.0,1,766,1.0,1.0
C13594,New & Promising,4,2,2,422,85,1,166.98,166.98,0.0,1,85,0.0,0.0
C13595,Lapsed / Hibernating,2,2,1,221,406,1,0.0,0.0,0.0,1,406,1.0,1.0
C13596,Deal Hunters,3,3,4,334,133,3,722.57,240.857,0.922,3,653,1.0,0.5
C13597,Steady Regulars,4,3,3,433,118,2,363.96,181.98,0.0,2,133,1.0,0.0
C13599,Lapsed / Hibernating,1,3,4,134,743,2,1496.66,748.33,0.038,4,854,0.0,0.0
C13600,Champions,5,4,4,544,10,6,1221.47,203.578,0.148,5,897,0.833,0.062
C13602,Champions,5,5,5,555,5,18,3654.63,203.035,0.233,7,637,0.944,0.128
C13603,Champions,5,4,3,543,13,7,454.65,64.95,0.082,5,621,1.0,0.182
C13608,Lapsed / Hibernating,2,3,2,232,686,2,155.95,77.975,0.0,2,701,1.0,0.0
C13610,Lapsed / Hibernating,2,4,3,243,367,7,622.61,88.944,0.04,5,899,1.0,0.143
C13612,New & Promising,4,2,2,422,42,1,175.98,175.98,0.0,1,42,1.0,0.0
C13613,New & Promising,3,2,1,321,139,1,0.0,0.0,0.0,1,139,0.0,1.0
C13614,Lapsed / Hibernating,1,2,3,123,1079,1,507.03,507.03,0.096,5,1079,1.0,0.167
C13616,Champions,5,5,5,555,19,65,14435.96,222.092,0.156,7,1091,0.908,0.091
C13618,Champions,5,5,5,555,4,20,4560.02,228.001,0.115,6,614,0.9,0.16
C13619,New & Promising,4,3,1,431,102,2,71.97,35.985,0.0,2,198,1.0,0.0
C13620,Champions,4,4,4,444,29,9,1407.92,156.436,0.149,5,625,0.111,0.091
C13621,Champions,4,5,5,455,53,17,2258.32,132.842,0.295,6,1061,0.235,0.031
C13622,Lapsed / Hibernating,2,5,5,255,392,13,1825.79,140.445,0.092,5,1005,0.923,0.043
C13624,Lapsed / Hibernating,1,3,2,132,968,2,147.97,73.985,0.189,2,1064,0.0,0.0
C13625,Lapsed / Hibernating,1,2,1,121,1030,1,11.99,11.99,0.0,1,1030,0.0,0.0
C13626,Lapsed / Hibernating,2,3,2,232,512,2,145.97,72.985,0.0,2,782,0.0,0.0
C13629,Lapsed / Hibernating,2,4,4,244,383,7,975.72,139.389,0.349,5,1087,0.0,0.0
C13631,Champions,5,5,5,555,23,45,4937.13,109.714,0.204,6,1063,0.2,0.116
C13632,Champions,4,5,5,455,46,26,4791.67,184.295,0.136,7,870,0.115,0.13
C13634,Steady Regulars,5,4,4,544,19,5,1085.9,217.18,0.0,6,119,1.0,0.0
C13635,Champions,5,5,4,554,9,12,1466.62,122.218,0.23,6,1088,0.083,0.111
C13636,New & Promising,4,2,2,422,63,1,126.96,126.96,0.0,3,63,1.0,0.0
C13637,Champions,4,5,5,455,81,42,8837.75,210.423,0.139,7,1091,0.143,0.04
C13639,Champions,4,5,5,455,103,30,7731.7,257.723,0.075,7,1095,0.133,0.076
C13641,Lapsed / Hibernating,2,4,4,244,620,7,897.82,128.26,0.207,6,1096,0.857,0.0
C13642,Lapsed / Hibernating,2,2,3,223,650,1,408.98,408.98,0.0,2,650,0.0,0.0
C13643,Lapsed / Hibernating,1,3,2,132,1013,2,96.74,48.37,1.0,1,1020,0.5,0.5
C13644,Champions,5,5,5,555,1,39,8006.11,205.285,0.002,8,1091,0.846,0.106
C13646,New & Promising,4,2,1,421,117,1,79.99,79.99,0.0,1,117,1.0,0.0
C13650,New & Promising,4,3,2,432,50,2,175.96,87.98,0.0,2,135,1.0,0.0
C13651,Lapsed / Hibernating,1,2,2,122,747,1,208.98,208.98,0.0,1,747,0.0,0.0
C13652,Lapsed / Hibernating,2,3,2,232,623,2,99.98,49.99,0.0,2,966,0.5,0.0
C13653,Deal Hunters,3,2,3,323,165,1,373.57,373.57,0.652,3,165,1.0,0.5
C13655,Lapsed / Hibernating,1,2,1,121,723,1,50.98,50.98,0.0,2,723,1.0,0.0
C13656,Lapsed / Hibernating,2,2,2,222,606,1,159.98,159.98,0.0,2,606,1.0,0.0
C13657,Champions,5,4,4,544,8,5,680.03,136.006,0.019,5,388,0.8,0.077
C13658,Lapsed / Hibernating,1,3,3,133,1007,2,588.93,294.465,0.0,2,1040,1.0,0.0
C13659,Lapsed / Hibernating,1,2,1,121,1000,1,35.99,35.99,0.0,1,1000,0.0,0.0
C13660,Deal Hunters,4,2,1,421,35,1,81.89,81.89,1.0,1,35,0.0,0.0
C13661,Champions,5,5,5,555,3,35,8827.97,252.228,0.095,6,1033,0.886,0.012
C13662,Steady Regulars,4,3,3,433,83,2,321.95,160.975,0.0,2,150,1.0,0.0
C13663,Champions,5,5,5,555,12,14,2755.59,196.828,0.2,6,282,0.929,0.091
C13664,Lapsed / Hibernating,1,3,3,133,1031,2,327.94,163.97,0.0,3,1043,1.0,0.2
C13667,Champions,5,5,5,555,15,21,4520.63,215.268,0.099,5,1070,0.095,0.1
C13668,Steady Regulars,5,4,3,543,25,5,473.34,94.668,0.127,5,257,1.0,0.182
C13669,Steady Regulars,4,4,3,443,34,5,351.42,70.284,0.481,3,478,1.0,0.5
C13670,Steady Regulars,3,2,2,322,281,1,145.97,145.97,0.0,3,281,1.0,0.25
C13671,Steady Regulars,3,4,3,343,180,4,457.85,114.462,0.0,5,837,0.75,0.091
C13672,New & Promising,3,2,1,321,308,1,18.99,18.99,0.0,1,308,1.0,0.0
C13673,Champions,5,5,5,555,2,61,13803.57,226.288,0.17,8,1077,0.23,0.039
C13674,Lapsed / Hibernating,1,4,4,144,840,6,1358.48,226.413,0.047,6,1067,0.167,0.0
C13676,Champions,4,5,5,455,72,22,4821.32,219.151,0.152,5,1095,0.955,0.073
C13677,Lapsed / Hibernating,1,3,2,132,1067,2,237.91,118.955,0.277,4,1083,0.0,0.0
C13678,Lapsed / Hibernating,2,4,3,243,682,4,547.13,136.782,0.067,5,908,1.0,0.2
C13679,Lapsed / Hibernating,1,2,4,124,989,1,699.02,699.02,0.127,2,989,1.0,0.0
C13680,Champions,3,4,4,344,153,7,1208.7,172.671,0.137,7,769,0.143,0.0
C13681,Steady Regulars,4,3,3,433,57,2,319.35,159.675,0.254,4,191,1.0,0.333
C13682,Lapsed / Hibernating,1,2,3,123,913,1,340.97,340.97,0.0,3,913,0.0,0.0
C13684,Lapsed / Hibernating,2,2,2,222,575,1,152.94,152.94,0.0,3,575,1.0,0.0
C13685,Lapsed / Hibernating,1,3,2,132,1084,2,218.96,109.48,0.0,3,1095,0.0,0.0
C13686,New & Promising,3,2,1,321,299,1,39.99,39.99,0.0,1,299,1.0,0.0
C13689,Steady Regulars,3,2,2,322,334,1,114.98,114.98,0.0,2,334,0.0,0.0
C13690,Champions,5,5,5,555,1,61,12295.89,201.572,0.217,6,1090,0.902,0.045
C13691,Champions,5,5,5,555,14,10,1853.14,185.314,0.275,5,813,0.9,0.214
C13693,Steady Regulars,3,4,5,345,151,8,2150.8,268.85,0.03,4,677,0.375,0.059
C13695,Lapsed / Hibernating,1,4,4,144,854,4,828.44,207.11,0.345,4,1030,0.5,0.1
C13696,Lapsed / Hibernating,2,3,3,233,485,2,425.56,212.78,0.276,3,555,0.5,0.0
C13697,Steady Regulars,3,3,4,334,222,3,999.56,333.187,0.626,2,415,1.0,0.0
C13698,Steady Regulars,4,4,4,444,118,5,1025.63,205.126,0.019,4,512,1.0,0.0
C13699,New & Promising,4,2,1,421,63,1,20.99,20.99,0.0,1,63,1.0,0.0
C13700,Champions,3,4,4,344,159,9,1158.45,128.717,0.187,7,688,0.889,0.222
C13702,Steady Regulars,3,3,3,333,182,2,421.97,210.985,0.0,2,522,0.5,0.0
C13703,Steady Regulars,3,2,2,322,321,1,168.99,168.99,0.0,1,321,1.0,0.0
C13704,Steady Regulars,4,4,4,444,72,6,682.82,113.803,0.0,6,449,1.0,0.0
C13705,Lapsed / Hibernating,1,2,1,121,956,1,25.99,25.99,0.0,1,956,0.0,0.0
C13707,Steady Regulars,3,2,2,322,327,1,140.96,140.96,0.0,2,327,1.0,0.0
C13708,Champions,4,4,4,444,77,6,1020.26,170.043,0.228,6,753,0.0,0.0
C13709,Lapsed / Hibernating,2,2,1,221,701,1,55.17,55.17,0.565,2,701,1.0,0.0
C13710,New & Promising,3,2,1,321,298,1,28.99,28.99,0.0,2,298,1.0,0.5
C13711,Champions,5,5,5,555,17,13,1798.12,138.317,0.385,6,262,1.0,0.143
C13712,Lapsed / Hibernating,2,2,3,223,453,1,306.97,306.97,0.0,1,453,1.0,0.0
C13713,Steady Regulars,4,4,4,444,42,5,992.89,198.578,0.0,4,259,1.0,0.1
C13715,Lapsed / Hibernating,2,2,3,223,486,1,301.96,301.96,0.0,2,486,1.0,0.0
C13716,New & Promising,3,2,1,321,305,1,61.98,61.98,0.0,1,305,0.0,0.0
C13717,Lapsed / Hibernating,1,2,2,122,1084,1,173.98,173.98,0.0,2,1084,0.0,0.0
C13718,Lapsed / Hibernating,1,2,1,121,1064,1,37.98,37.98,0.0,2,1064,1.0,0.0
C13721,Lapsed / Hibernating,1,4,5,145,726,8,2253.85,281.731,0.028,6,1093,0.875,0.0
C13722,Champions,5,5,5,555,12,18,3758.04,208.78,0.214,7,379,1.0,0.082
C13723,Lapsed / Hibernating,1,2,2,122,965,1,259.94,259.94,0.0,2,965,0.0,0.0
C13724,New & Promising,3,2,1,321,223,1,32.99,32.99,0.0,1,223,1.0,0.0
C13725,Champions,5,5,4,554,14,16,1594.39,99.649,0.411,6,674,0.125,0.033
C13726,Lapsed / Hibernating,2,2,1,221,417,1,10.99,10.99,0.0,1,417,0.0,0.0
C13727,New & Promising,5,2,1,521,16,1,59.98,59.98,0.0,1,16,1.0,0.0
C13728,Champions,5,4,3,543,4,6,609.87,101.645,0.049,4,476,0.833,0.091
C13732,Lapsed / Hibernating,1,2,1,121,1084,1,63.98,63.98,0.0,2,1084,1.0,0.0
C13733,Steady Regulars,5,4,4,544,5,5,1683.84,336.768,0.0,4,117,1.0,0.167
C13734,Lapsed / Hibernating,2,5,4,254,396,11,753.28,68.48,0.056,4,1034,0.455,0.188
C13735,New & Promising,5,2,1,521,5,1,0.0,0.0,0.0,1,5,1.0,1.0
C13736,Lapsed / Hibernating,2,5,5,255,447,19,4440.55,233.713,0.144,8,1042,0.895,0.019
C13738,Lapsed / Hibernating,2,4,4,244,451,5,1118.78,223.756,0.094,5,948,1.0,0.077
C13739,Champions,4,4,4,444,28,8,932.29,116.536,0.241,6,365,1.0,0.0
C13740,Champions,5,4,4,544,20,5,1228.82,245.764,0.189,7,279,0.8,0.062
C13741,Champions,4,4,4,444,28,7,852.07,121.724,0.375,5,307,1.0,0.083
C13742,New & Promising,4,3,1,431,88,2,40.98,20.49,0.0,1,763,0.0,0.0
C13743,Champions,4,5,5,455,27,11,2492.65,226.605,0.099,7,910,0.818,0.095
C13744,Champions,5,5,5,555,25,15,2541.49,169.433,0.158,7,422,0.8,0.0
C13746,Lapsed / Hibernating,1,2,1,121,1093,1,38.18,38.18,0.607,2,1093,1.0,0.0
C13747,Champions,5,5,5,555,25,16,2102.63,131.414,0.156,5,686,0.938,0.179
C13748,Steady Regulars,4,3,3,433,34,3,429.94,143.313,0.114,3,83,1.0,0.375
C13749,Champions,5,5,5,555,17,13,3133.06,241.005,0.264,6,172,0.769,0.0
C13750,Champions,3,5,5,355,268,14,2526.26,180.447,0.051,7,1038,0.929,0.161
C13751,Steady Regulars,4,3,2,432,33,2,237.98,118.99,0.079,2,570,0.5,0.333
C13752,Lapsed / Hibernating,1,2,2,122,1000,1,139.98,139.98,0.0,2,1000,1.0,0.0
C13753,Steady Regulars,5,3,4,534,19,3,874.38,291.46,0.163,5,113,1.0,0.0
C13754,Champions,5,5,4,554,2,11,1091.42,99.22,0.053,4,522,0.909,0.0
C13755,Lapsed / Hibernating,1,2,1,121,766,1,11.19,11.19,1.0,1,766,1.0,0.0
C13756,Champions,4,5,5,455,30,44,12124.63,275.56,0.073,7,1082,0.159,0.035
C13757,Champions,4,5,5,455,36,12,2144.63,178.719,0.238,5,738,0.083,0.259
C13758,Deal Hunters,4,4,3,443,58,5,636.87,127.374,0.666,1,611,0.8,0.25
C13759,Deal Hunters,5,2,2,522,23,1,140.34,140.34,1.0,1,23,1.0,0.0
C13760,New & Promising,5,2,2,522,8,1,260.97,260.97,0.0,2,8,0.0,0.0
C13761,Lapsed / Hibernating,2,2,1,221,541,1,0.0,0.0,0.0,1,541,1.0,1.0
C13763,Steady Regulars,5,4,4,544,20,6,824.43,137.405,0.115,5,191,0.833,0.154
C13765,Champions,5,4,4,544,14,6,993.52,165.587,0.138,5,759,0.833,0.077
C13766,Champions,4,4,5,445,47,7,2098.92,299.846,0.07,6,252,1.0,0.0
C13767,New & Promising,5,2,1,521,7,1,81.99,81.99,0.0,1,7,1.0,0.0
C13768,Deal Hunters,3,2,2,322,146,1,145.98,145.98,0.485,2,146,1.0,0.5
C13771,Lapsed / Hibernating,2,2,2,222,644,1,105.98,105.98,0.0,2,644,0.0,0.0
C13772,Steady Regulars,3,3,2,332,129,2,255.96,127.98,0.0,3,829,1.0,0.2
C13774,Steady Regulars,3,4,4,344,162,8,1019.17,127.396,0.317,5,609,0.875,0.125
C13775,Steady Regulars,5,4,3,543,17,4,418.74,104.685,0.312,4,288,0.0,0.091
C13777,Champions,5,5,5,555,24,44,6919.6,157.264,0.197,7,1093,0.818,0.097
C13778,Lapsed / Hibernating,1,4,4,144,732,6,1175.53,195.922,0.112,5,1079,0.667,0.125
C13779,Lapsed / Hibernating,1,2,1,121,802,1,42.98,42.98,0.0,2,802,0.0,0.0
C13780,Steady Regulars,4,4,4,444,31,6,923.93,153.988,0.098,3,332,0.833,0.071
C13781,Lapsed / Hibernating,1,3,3,133,706,2,373.56,186.78,0.09,3,869,1.0,0.0
C13782,Lapsed / Hibernating,2,4,3,243,578,6,627.03,104.505,0.098,3,1037,0.667,0.0
C13783,New & Promising,4,2,1,421,93,1,24.99,24.99,0.0,2,93,1.0,0.5
C13785,Steady Regulars,4,4,4,444,117,5,1120.65,224.13,0.069,5,367,0.2,0.0
C13787,New & Promising,4,2,2,422,94,1,164.99,164.99,0.0,1,94,1.0,0.0
C13788,Lapsed / Hibernating,2,2,1,221,534,1,84.98,84.98,1.0,2,534,1.0,0.0
C13791,Lapsed / Hibernating,1,2,2,122,1071,1,187.77,187.77,1.0,1,1071,1.0,0.4
C13792,Lapsed / Hibernating,1,4,4,144,782,5,962.06,192.412,0.428,5,1061,0.0,0.0
C13793,Lapsed / Hibernating,1,5,5,155,747,16,2139.33,133.708,0.134,6,1071,0.062,0.079
C13794,Steady Regulars,3,4,4,344,262,5,851.9,170.38,0.0,3,390,1.0,0.125
C13795,Champions,5,4,4,544,4,7,942.46,134.637,0.05,4,250,0.0,0.0
C13798,Deal Hunters,3,3,1,331,135,2,82.85,41.425,1.0,2,384,0.5,0.0
C13799,Lapsed / Hibernating,1,2,1,121,954,1,78.98,78.98,0.0,2,954,1.0,0.0
C13800,Lapsed / Hibernating,1,2,1,121,756,1,65.99,65.99,0.0,1,756,1.0,0.0
C13801,Steady Regulars,3,2,2,322,226,1,174.96,174.96,0.0,3,226,1.0,0.0
C13802,Steady Regulars,4,4,3,443,31,4,370.74,92.685,0.342,2,201,0.25,0.2
C13803,Champions,3,5,4,354,185,10,1430.53,143.053,0.222,8,918,0.8,0.143
C13804,New & Promising,3,2,1,321,220,1,32.99,32.99,0.0,1,220,1.0,0.5
C13807,Champions,4,5,5,455,67,13,2838.04,218.311,0.39,4,1072,0.154,0.129
C13808,Champions,3,4,5,345,364,8,2142.85,267.856,0.238,6,1025,0.0,0.115
C13809,Steady Regulars,3,4,5,345,178,7,2009.76,287.109,0.082,4,990,1.0,0.0
C13811,Lapsed / Hibernating,1,2,2,122,910,1,113.98,113.98,0.0,1,910,0.0,0.0
C13812,Lapsed / Hibernating,1,4,3,143,807,5,540.86,108.172,0.0,4,1025,0.8,0.091
C13813,New & Promising,3,3,2,332,357,2,121.96,60.98,0.0,2,370,0.5,0.0
C13814,Lapsed / Hibernating,1,4,3,143,740,8,619.74,77.468,0.526,6,1088,0.875,0.059
C13815,Lapsed / Hibernating,1,3,1,131,888,2,35.98,17.99,0.0,2,893,0.0,0.0
C13816,Lapsed / Hibernating,1,3,2,132,885,2,247.97,123.985,0.0,3,1088,1.0,0.25
C13817,Champions,5,5,5,555,22,30,3617.85,120.595,0.152,7,1084,0.167,0.054
C13818,Deal Hunters,3,4,3,343,170,5,382.35,76.47,0.786,4,773,1.0,0.125
C13820,New & Promising,3,2,1,321,134,1,35.98,35.98,0.0,1,134,0.0,0.0
C13821,Steady Regulars,5,3,3,533,21,3,422.14,140.713,0.081,4,79,0.0,0.0
C13822,New & Promising,5,3,2,532,6,2,137.96,68.98,0.0,4,145,1.0,0.2
C13823,Lapsed / Hibernating,2,2,1,221,493,1,36.99,36.99,0.0,2,493,1.0,0.5
C13824,Lapsed / Hibernating,1,2,2,122,911,1,247.95,247.95,0.0,2,911,1.0,0.0
C13826,Steady Regulars,3,3,3,333,313,3,589.92,196.64,0.0,3,696,0.0,0.0
C13827,Lapsed / Hibernating,2,5,5,255,503,22,4083.75,185.625,0.105,8,1045,0.182,0.054
C13828,New & Promising,3,2,1,321,182,1,53.98,53.98,0.0,2,182,1.0,0.0
C13829,Lapsed / Hibernating,1,2,1,121,710,1,46.98,46.98,0.0,2,710,1.0,0.0
C13830,Lapsed / Hibernating,1,3,3,133,1071,2,484.36,242.18,0.193,2,1095,1.0,0.25
C13831,Lapsed / Hibernating,1,2,2,122,757,1,109.98,109.98,0.164,2,757,1.0,0.0
C13832,Lapsed / Hibernating,2,2,2,222,612,1,171.99,171.99,0.0,1,612,1.0,0.0
C13833,Lapsed / Hibernating,1,3,2,132,887,2,159.97,79.985,0.0,2,994,0.5,0.0
C13834,Champions,4,5,5,455,55,16,3041.0,190.062,0.077,8,1059,0.125,0.132
C13835,Champions,5,5,5,555,16,21,5825.97,277.427,0.184,7,458,0.905,0.022
C13837,Lapsed / Hibernating,2,5,5,255,436,13,2603.43,200.264,0.079,6,1096,0.846,0.043
C13838,Champions,5,4,4,544,4,9,1253.85,139.317,0.019,3,554,1.0,0.278
C13839,Lapsed / Hibernating,2,2,1,221,541,1,21.99,21.99,0.0,1,541,1.0,0.0
C13840,Lapsed / Hibernating,1,2,3,123,972,1,647.95,647.95,0.0,2,972,0.0,0.0
C13841,Champions,4,5,4,454,28,13,1713.78,131.829,0.0,7,1062,0.154,0.136
C13842,Lapsed / Hibernating,2,2,1,221,379,1,41.59,41.59,1.0,1,379,1.0,0.0
C13843,Champions,5,5,5,555,2,31,6970.28,224.848,0.146,8,417,0.935,0.133
C13845,New & Promising,4,2,1,421,86,1,85.96,85.96,0.0,3,86,0.0,0.0
C13846,New & Promising,5,2,1,521,2,1,71.98,71.98,0.0,2,2,1.0,0.0
C13848,Lapsed / Hibernating,1,2,2,122,1090,1,157.98,157.98,0.0,1,1090,1.0,0.0
C13850,Champions,4,5,4,454,43,11,1682.9,152.991,0.118,6,214,0.909,0.1
C13851,Champions,4,5,5,455,33,12,1941.45,161.788,0.206,5,1080,0.917,0.071
C13852,Steady Regulars,5,4,4,544,1,5,727.37,145.474,0.119,3,70,1.0,0.167
C13853,New & Promising,3,2,1,321,332,1,74.98,74.98,0.0,2,332,1.0,0.0
C13854,New & Promising,3,3,2,332,133,2,123.93,61.965,0.0,2,138,0.0,0.0
C13855,Champions,5,5,5,555,10,19,2820.07,148.425,0.151,6,995,0.947,0.093
C13856,Lapsed / Hibernating,2,2,3,223,625,1,477.96,477.96,0.0,3,625,1.0,0.0
C13857,Steady Regulars,3,4,4,344,267,8,1336.84,167.105,0.0,3,989,0.875,0.176
C13858,Champions,4,5,5,455,29,38,4349.31,114.456,0.173,6,1062,0.158,0.062
C13859,Champions,4,4,4,444,87,9,1232.03,136.892,0.019,6,1063,0.111,0.056
C13862,Champions,5,5,5,555,19,30,7669.99,255.666,0.095,8,1091,1.0,0.095
C13864,Deal Hunters,5,2,1,521,25,1,15.99,15.99,1.0,1,25,1.0,0.0
C13867,Steady Regulars,5,3,2,532,19,2,210.66,105.33,0.055,2,207,1.0,0.0
C13868,Champions,5,5,5,555,6,16,1812.36,113.273,0.179,7,849,0.812,0.03
C13869,Champions,5,5,4,554,12,10,1633.78,163.378,0.019,5,256,1.0,0.238
C13870,New & Promising,4,2,1,421,72,1,33.98,33.98,0.0,1,72,1.0,0.0
C13871,Lapsed / Hibernating,2,2,1,221,552,1,61.59,61.59,1.0,1,552,0.0,0.0
C13873,Lapsed / Hibernating,2,2,2,222,694,1,128.17,128.17,0.08,3,694,1.0,0.0
C13874,Champions,5,5,4,554,20,13,1576.98,121.306,0.079,4,1064,0.692,0.0
C13875,Lapsed / Hibernating,2,2,2,222,372,1,161.99,161.99,0.0,1,372,1.0,0.5
C13877,Lapsed / Hibernating,1,3,3,133,972,2,372.42,186.21,0.662,3,979,1.0,0.0
C13879,Champions,4,5,4,454,36,10,1486.39,148.639,0.013,5,330,0.9,0.2
C13880,Lapsed / Hibernating,2,4,3,243,646,4,594.84,148.71,0.667,3,942,1.0,0.2
C13881,Lapsed / Hibernating,1,2,1,121,809,1,18.99,18.99,0.0,1,809,0.0,0.0
C13882,Lapsed / Hibernating,2,2,3,223,463,1,296.99,296.99,0.0,1,463,1.0,0.0
C13883,Champions,4,5,5,455,118,11,2182.84,198.44,0.162,5,1030,0.091,0.045
C13884,Lapsed / Hibernating,2,2,1,221,628,1,61.98,61.98,0.0,1,628,0.0,0.0
C13885,Champions,5,4,4,544,11,6,696.9,116.15,0.089,4,1062,0.167,0.308
C13886,Lapsed / Hibernating,1,2,2,122,788,1,244.98,244.98,0.0,1,788,0.0,0.0
C13888,Steady Regulars,3,3,2,332,129,3,192.5,64.167,0.366,4,654,1.0,0.0
C13889,Lapsed / Hibernating,2,5,4,254,371,10,1570.0,157.0,0.102,6,1090,1.0,0.13
C13890,New & Promising,4,2,1,421,75,1,40.99,40.99,0.0,1,75,1.0,0.0
C13891,Steady Regulars,5,3,4,534,12,3,679.68,226.56,0.16,5,35,1.0,0.0
C13892,Lapsed / Hibernating,2,4,4,244,593,6,1531.38,255.23,0.386,5,1094,1.0,0.062
C13896,Lapsed / Hibernating,2,2,2,222,703,1,164.95,164.95,0.236,4,703,1.0,0.0
C13897,Champions,3,5,5,355,320,27,4555.19,168.711,0.05,6,1070,0.889,0.094
C13898,Steady Regulars,4,3,3,433,122,2,550.9,275.45,0.032,3,327,0.0,0.167
C13899,Champions,3,4,4,344,345,7,1109.38,158.483,0.199,8,841,0.0,0.0
C13901,Lapsed / Hibernating,2,2,1,221,393,1,23.99,23.99,0.0,1,393,1.0,0.0
C13902,Deal Hunters,4,3,2,432,42,2,131.02,65.51,0.733,2,142,1.0,0.0
C13903,Champions,4,5,5,455,36,13,2456.71,188.978,0.03,6,365,0.231,0.071
C13905,Lapsed / Hibernating,2,2,1,221,431,1,44.97,44.97,0.0,2,431,1.0,0.5
C13906,Steady Regulars,5,3,2,532,17,2,187.75,93.875,0.175,3,460,0.5,0.0
C13907,Steady Regulars,4,3,3,433,89,3,336.93,112.31,0.0,2,204,1.0,0.0
C13908,Lapsed / Hibernating,2,3,2,232,420,3,254.96,84.987,0.0,2,585,1.0,0.4
C13909,Champions,5,4,4,544,12,6,716.47,119.412,0.125,5,276,1.0,0.0
C13910,Champions,3,5,5,355,169,16,2813.87,175.867,0.215,7,768,0.938,0.024
C13912,Steady Regulars,5,4,4,544,21,6,1089.01,181.502,0.018,4,222,0.5,0.1
C13913,Lapsed / Hibernating,1,4,4,144,710,7,966.54,138.077,0.294,5,1041,0.143,0.0
C13914,New & Promising,5,2,2,522,11,1,125.85,125.85,0.364,3,11,0.0,0.0
C13916,Steady Regulars,4,4,3,443,99,5,662.11,132.422,0.124,5,335,0.0,0.0
C13917,Lapsed / Hibernating,2,3,2,232,507,3,142.9,47.633,0.161,5,647,1.0,0.0
C13918,Steady Regulars,5,4,4,544,8,4,990.07,247.517,0.087,6,58,1.0,0.182
C13920,New & Promising,3,2,2,322,269,1,125.97,125.97,0.0,1,269,0.0,0.0
C13922,Champions,5,5,5,555,3,12,1928.33,160.694,0.045,8,991,1.0,0.185
C13923,New & Promising,3,2,1,321,311,1,30.99,30.99,0.0,1,311,1.0,0.0
C13924,Champions,5,5,5,555,13,55,11165.16,203.003,0.104,6,725,0.891,0.153
C13925,New & Promising,4,2,1,421,66,1,25.99,25.99,0.0,1,66,1.0,0.0
C13926,Champions,5,5,5,555,1,84,12227.3,145.563,0.158,8,865,0.131,0.126
C13927,Lapsed / Hibernating,1,2,1,121,818,1,26.99,26.99,0.0,1,818,1.0,0.5
C13929,Champions,4,5,5,455,61,32,4985.28,155.79,0.167,7,1052,0.25,0.07
C13930,New & Promising,3,2,1,321,164,1,27.99,27.99,0.0,2,164,1.0,0.5
C13931,Steady Regulars,5,4,3,543,1,6,612.24,102.04,0.141,2,571,0.0,0.0
C13932,Steady Regulars,4,2,3,423,110,1,290.97,290.97,0.0,2,110,1.0,0.0
C13933,Champions,5,5,5,555,21,34,7337.36,215.805,0.065,8,1076,0.853,0.025
C13934,Lapsed / Hibernating,2,5,4,254,550,10,944.87,94.487,0.135,4,1026,0.9,0.176
C13935,Lapsed / Hibernating,1,2,2,122,1022,1,87.72,87.72,1.0,1,1022,1.0,0.0
C13936,Champions,5,5,5,555,16,16,2607.63,162.977,0.085,6,780,0.312,0.049
C13937,Lapsed / Hibernating,1,4,5,145,746,8,3299.84,412.48,0.084,5,1027,0.125,0.071
C13938,Lapsed / Hibernating,2,5,5,255,455,29,4698.66,162.023,0.106,7,1086,0.966,0.044
C13939,Lapsed / Hibernating,1,2,1,121,795,1,52.99,52.99,0.0,1,795,1.0,0.0
C13940,Champions,4,5,5,455,33,16,2220.18,138.761,0.359,7,1080,0.125,0.143
C13942,New & Promising,3,2,1,321,339,1,55.98,55.98,0.0,2,339,1.0,0.0
C13944,New & Promising,3,3,1,331,132,2,0.0,0.0,0.023,2,246,1.0,1.0
C13945,Lapsed / Hibernating,2,2,1,221,367,1,53.99,53.99,0.0,1,367,1.0,0.0
C13948,Lapsed / Hibernating,1,2,1,121,980,1,0.0,0.0,0.0,1,980,0.0,1.0
C13949,Champions,5,5,4,554,17,11,1223.07,111.188,0.088,4,236,1.0,0.045
C13950,Steady Regulars,4,4,3,443,84,5,374.46,74.892,0.058,3,638,0.0,0.0
C13952,Lapsed / Hibernating,2,2,3,223,370,1,338.99,338.99,0.0,1,370,0.0,0.0
C13953,Lapsed / Hibernating,1,2,3,123,916,1,319.78,319.78,0.428,2,916,1.0,0.333
C13954,Lapsed / Hibernating,1,2,4,124,1095,1,767.14,767.14,0.046,4,1095,0.0,0.0
C13955,Champions,4,5,5,455,31,19,3007.61,158.295,0.098,5,999,0.211,0.045
C13960,Steady Regulars,4,4,3,443,58,7,535.56,76.509,0.094,5,433,0.571,0.2
C13961,Champions,4,5,5,455,40,22,2703.49,122.886,0.082,7,1076,0.864,0.077
C13963,Lapsed / Hibernating,1,2,2,122,1050,1,257.98,257.98,0.0,1,1050,1.0,0.0
C13964,Lapsed / Hibernating,1,3,4,134,747,2,928.73,464.365,0.307,3,914,0.0,0.0
C13965,Lapsed / Hibernating,2,3,4,234,622,3,665.92,221.973,0.0,2,785,0.0,0.0
C13967,Champions,5,5,5,555,3,22,5400.43,245.474,0.038,5,879,0.955,0.077
C13968,New & Promising,3,2,2,322,182,1,113.98,113.98,0.0,1,182,0.0,0.0
C13969,Steady Regulars,3,2,3,323,218,1,474.96,474.96,0.0,2,218,1.0,0.25
C13970,Champions,5,5,5,555,1,10,2200.89,220.089,0.221,8,386,0.9,0.133
C13971,Champions,5,5,5,555,13,36,7478.45,207.735,0.148,7,532,0.139,0.088
C13972,Lapsed / Hibernating,2,2,1,221,670,1,48.99,48.99,0.0,1,670,0.0,0.0
C13973,Lapsed / Hibernating,1,2,3,123,814,1,329.98,329.98,0.0,1,814,1.0,0.0
C13974,Champions,3,4,5,345,131,9,1805.1,200.567,0.022,6,305,0.111,0.095
C13975,Steady Regulars,4,4,3,443,43,5,443.71,88.742,0.073,4,542,0.6,0.111
C13976,Lapsed / Hibernating,2,3,4,234,535,3,718.27,239.423,0.428,4,755,0.667,0.0
C13977,Steady Regulars,3,4,4,344,210,6,1112.23,185.372,0.332,4,708,0.833,0.091
C13978,Lapsed / Hibernating,2,3,4,234,661,3,920.58,306.86,0.12,3,915,0.333,0.1
C13979,Lapsed / Hibernating,1,2,2,122,1043,1,157.98,157.98,0.0,2,1043,0.0,0.0
C13980,Steady Regulars,4,3,2,432,45,2,209.95,104.975,0.0,2,570,1.0,0.0
C13981,New & Promising,5,2,1,521,18,1,55.98,55.98,0.0,2,18,1.0,0.0
C13982,Champions,4,5,5,455,33,41,7966.4,194.302,0.13,7,1055,0.927,0.056
C13983,Lapsed / Hibernating,2,3,3,233,671,3,614.93,204.977,0.0,4,920,1.0,0.0
C13984,Lapsed / Hibernating,2,5,5,255,474,19,3361.93,176.944,0.144,6,1090,0.158,0.073
C13987,Champions,5,5,5,555,17,56,10425.03,186.161,0.158,8,1085,0.929,0.134
C13988,Lapsed / Hibernating,2,2,1,221,445,1,54.58,54.58,1.0,1,445,1.0,0.0
C13993,Champions,5,5,5,555,20,17,2914.7,171.453,0.13,7,735,1.0,0.111
C13994,Steady Regulars,4,4,4,444,31,7,1070.93,152.99,0.077,4,486,0.286,0.143
C13996,Champions,5,5,5,555,1,24,6576.65,274.027,0.111,6,975,0.25,0.034
C13997,Lapsed / Hibernating,2,2,1,221,619,1,25.99,25.99,0.0,1,619,0.0,0.5
C13998,Champions,5,5,5,555,8,16,2705.56,169.098,0.064,8,440,0.938,0.088
C14000,Lapsed / Hibernating,2,3,1,231,416,2,74.98,37.49,0.0,2,520,0.0,0.0
C14003,Champions,5,5,5,555,3,10,2141.47,214.147,0.129,5,523,0.9,0.043
C14004,Lapsed / Hibernating,2,4,4,244,643,7,1320.79,188.684,0.08,4,1036,0.0,0.174
C14007,Lapsed / Hibernating,2,2,1,221,556,1,28.99,28.99,0.0,2,556,1.0,0.5
C14009,Lapsed / Hibernating,1,3,2,132,1018,2,237.23,118.615,0.136,3,1056,1.0,0.0
C14012,Lapsed / Hibernating,1,2,1,121,916,1,8.79,8.79,1.0,1,916,1.0,0.0
C14014,Steady Regulars,3,2,4,324,156,1,774.95,774.95,0.0,1,156,1.0,0.0
C14016,Lapsed / Hibernating,1,2,2,122,851,1,119.98,119.98,0.0,2,851,0.0,0.0
C14017,Lapsed / Hibernating,2,2,2,222,491,1,196.98,196.98,0.0,2,491,0.0,0.0
C14020,Champions,5,5,5,555,9,45,9202.02,204.489,0.14,7,1051,0.133,0.01
C14021,Lapsed / Hibernating,2,5,5,255,420,13,2515.48,193.498,0.065,6,1089,0.923,0.179
C14023,Champions,3,4,4,344,357,9,1125.99,125.11,0.299,8,1068,0.889,0.062
C14024,Lapsed / Hibernating,1,2,3,123,821,1,445.98,445.98,0.0,1,821,0.0,0.0
C14025,Lapsed / Hibernating,2,5,5,255,570,28,6321.04,225.751,0.106,7,1038,0.893,0.125
C14028,Lapsed / Hibernating,2,2,1,221,677,1,19.99,19.99,0.0,1,677,0.0,0.0
C14029,Lapsed / Hibernating,2,5,4,254,547,10,831.73,83.173,0.174,4,1009,0.3,0.059
C14032,New & Promising,4,2,2,422,67,1,110.94,110.94,0.0,2,67,1.0,0.0
C14033,Lapsed / Hibernating,2,5,5,255,454,10,1919.9,191.99,0.021,6,1092,0.8,0.071
C14034,Steady Regulars,4,4,4,444,118,6,1424.77,237.462,0.0,5,406,1.0,0.0
C14035,Champions,4,5,5,455,93,13,2191.68,168.591,0.152,7,532,0.846,0.065
C14036,New & Promising,4,2,2,422,48,1,101.98,101.98,0.0,2,48,1.0,0.0
C14037,Lapsed / Hibernating,1,2,1,121,865,1,18.99,18.99,0.0,1,865,0.0,0.0
C14038,Lapsed / Hibernating,2,2,2,222,443,1,144.97,144.97,0.0,2,443,0.0,0.0
C14039,Lapsed / Hibernating,1,2,1,121,871,1,28.89,28.89,1.0,1,871,0.0,0.0
C14040,Champions,5,5,5,555,1,56,10388.32,185.506,0.116,8,1090,0.196,0.092
C14041,Lapsed / Hibernating,2,2,1,221,696,1,45.99,45.99,0.0,1,696,0.0,0.0
C14045,Champions,5,5,5,555,18,13,2698.59,207.584,0.204,6,940,0.923,0.067
C14046,New & Promising,4,3,1,431,51,2,55.98,27.99,0.0,2,560,0.0,0.0
C14047,Lapsed / Hibernating,2,2,1,221,655,1,63.98,63.98,0.656,2,655,1.0,0.0
C14048,Steady Regulars,3,3,3,333,327,3,594.93,198.31,0.312,2,672,1.0,0.2
C14050,Steady Regulars,4,4,4,444,49,5,948.22,189.644,0.146,5,212,1.0,0.125
C14051,Lapsed / Hibernating,2,5,5,255,504,22,2212.87,100.585,0.057,6,1072,0.136,0.023
C14052,Steady Regulars,3,2,3,323,295,1,499.95,499.95,0.0,2,295,1.0,0.0
C14055,Steady Regulars,4,3,2,432,107,2,215.97,107.985,0.0,2,339,0.0,0.0
C14058,Steady Regulars,5,4,4,544,4,4,705.79,176.448,0.129,4,246,0.75,0.0
C14059,Lapsed / Hibernating,2,2,1,221,381,1,41.59,41.59,1.0,1,381,1.0,0.0
C14060,Steady Regulars,3,4,3,343,279,6,536.82,89.47,0.0,6,994,0.167,0.154
C14061,Champions,3,5,5,355,129,13,2652.9,204.069,0.049,5,976,0.231,0.077
C14062,New & Promising,5,3,2,532,13,2,148.96,74.48,0.0,1,229,0.0,0.0
C14065,Steady Regulars,4,4,4,444,122,5,800.83,160.166,0.0,7,577,1.0,0.133
C14066,New & Promising,4,2,1,421,111,1,35.99,35.99,0.0,1,111,1.0,0.0
C14068,Lapsed / Hibernating,2,5,4,254,381,15,1608.12,107.208,0.178,7,1087,0.067,0.129
C14069,Lapsed / Hibernating,2,3,3,233,674,2,594.16,297.08,0.815,3,793,0.5,0.0
C14070,Steady Regulars,3,4,3,343,183,4,397.74,99.435,0.475,2,306,1.0,0.0
C14071,New & Promising,4,2,1,421,107,1,0.0,0.0,0.0,1,107,1.0,1.0
C14072,Lapsed / Hibernating,2,2,1,221,451,1,74.97,74.97,0.0,2,451,1.0,0.0
C14073,Steady Regulars,3,4,4,344,135,9,1608.06,178.673,0.088,4,1082,0.111,0.105
C14074,Lapsed / Hibernating,2,3,3,233,568,3,378.29,126.097,0.07,2,748,1.0,0.0
C14075,Lapsed / Hibernating,1,4,4,144,720,7,1578.93,225.561,0.082,6,914,1.0,0.095
C14076,Steady Regulars,3,3,3,333,158,3,325.87,108.623,0.166,3,571,1.0,0.0
C14077,Champions,5,5,5,555,20,13,1981.67,152.436,0.006,7,451,1.0,0.103
C14078,Champions,4,4,4,444,67,7,1443.83,206.261,0.442,6,1012,1.0,0.133
C14079,Lapsed / Hibernating,1,2,4,124,847,1,729.96,729.96,0.0,3,847,0.0,0.0
C14080,Lapsed / Hibernating,1,2,2,122,998,1,103.98,103.98,0.0,1,998,0.0,0.0
C14081,Champions,3,5,5,355,233,11,1927.74,175.249,0.0,6,988,0.091,0.158
C14082,Champions,5,5,5,555,12,32,3484.64,108.895,0.26,7,1061,0.375,0.048
C14083,Champions,4,5,5,455,38,10,2648.32,264.832,0.174,5,756,1.0,0.143
C14084,Steady Regulars,3,2,2,322,318,1,155.97,155.97,0.0,2,318,0.0,0.0
C14085,Champions,5,5,5,555,5,82,15218.39,185.59,0.196,8,768,0.89,0.092
C14087,Champions,4,5,5,455,90,10,1899.08,189.908,0.265,6,820,0.8,0.083
C14089,Lapsed / Hibernating,1,2,2,122,760,1,88.99,88.99,0.0,1,760,0.0,0.5
C14090,Champions,4,5,4,454,31,11,1099.58,99.962,0.055,5,662,1.0,0.136
C14091,Lapsed / Hibernating,2,2,1,221,413,1,33.99,33.99,0.0,1,413,1.0,0.0
C14092,Champions,5,4,5,545,22,9,1775.77,197.308,0.045,5,155,0.889,0.15
C14093,Lapsed / Hibernating,1,4,3,143,931,4,606.71,151.678,0.354,4,1091,0.5,0.0
C14094,Lapsed / Hibernating,1,4,4,144,1000,4,933.7,233.425,0.093,4,1074,0.25,0.125
C14095,Lapsed / Hibernating,1,2,2,122,729,1,152.99,152.99,0.0,1,729,1.0,0.0
C14096,New & Promising,3,2,1,321,346,1,63.37,63.37,0.369,2,346,0.0,0.0
C14097,Champions,5,5,5,555,8,11,2005.38,182.307,0.179,7,576,0.636,0.12
C14098,Steady Regulars,5,4,4,544,11,7,811.79,115.97,0.138,4,236,0.143,0.091
C14099,Champions,5,5,5,555,10,14,2981.12,212.937,0.097,5,125,0.786,0.056
C14101,Champions,4,5,5,455,87,18,1990.32,110.573,0.28,5,1047,0.889,0.077
C14102,Lapsed / Hibernating,1,2,1,121,1064,1,48.99,48.99,0.0,1,1064,1.0,0.0
C14104,Lapsed / Hibernating,2,2,2,222,570,1,253.67,253.67,0.223,1,570,1.0,0.0
C14105,Deal Hunters,4,2,2,422,65,1,123.17,123.17,0.497,1,65,1.0,0.0
C14106,Champions,5,4,4,544,14,9,758.83,84.314,0.101,5,608,0.889,0.071
C14108,Lapsed / Hibernating,2,2,2,222,703,1,160.76,160.76,1.0,2,703,0.0,0.0
C14110,Deal Hunters,3,3,2,332,279,2,175.91,87.955,1.0,3,390,1.0,0.0
C14111,Lapsed / Hibernating,1,2,1,121,820,1,56.97,56.97,0.0,2,820,0.0,0.5
C14112,Steady Regulars,3,3,3,333,169,3,355.47,118.49,0.39,4,471,0.667,0.0
C14116,Lapsed / Hibernating,2,2,2,222,591,1,175.98,175.98,0.0,1,591,1.0,0.0
C14117,Steady Regulars,4,4,4,444,65,7,1477.64,211.091,0.091,4,190,1.0,0.0
C14118,Champions,3,5,4,354,348,13,1221.53,93.964,0.216,5,1089,0.923,0.2
C14119,Lapsed / Hibernating,2,3,4,234,488,3,1314.46,438.153,0.056,6,744,0.667,0.1
C14120,Lapsed / Hibernating,1,3,2,132,809,2,142.99,71.495,0.0,2,810,1.0,0.5
C14121,Champions,4,5,5,455,36,51,12721.83,249.448,0.049,6,489,0.157,0.027
C14122,Steady Regulars,4,3,3,433,65,2,366.95,183.475,0.0,3,470,0.0,0.0
C14123,New & Promising,5,3,2,532,17,3,159.63,53.21,0.182,3,91,1.0,0.2
C14126,New & Promising,5,2,1,521,26,1,25.99,25.99,0.0,1,26,1.0,0.0
C14127,Lapsed / Hibernating,1,4,4,144,723,9,684.17,76.019,0.612,5,1035,1.0,0.3
C14128,Lapsed / Hibernating,2,4,4,244,485,8,682.43,85.304,0.384,5,967,1.0,0.091
C14129,Steady Regulars,3,2,3,323,183,1,615.74,615.74,0.333,3,183,0.0,0.0
C14130,Steady Regulars,4,2,2,422,50,1,226.94,226.94,0.0,4,50,1.0,0.0
C14131,Champions,5,5,5,555,14,13,2944.12,226.471,0.134,7,319,1.0,0.088
C14132,Lapsed / Hibernating,1,2,2,122,1087,1,128.99,128.99,0.0,1,1087,0.0,0.0
C14133,Champions,3,5,5,355,218,32,6850.35,214.073,0.08,6,1085,0.906,0.066
C14134,Champions,3,5,5,355,222,15,2622.9,174.86,0.156,6,1069,0.867,0.147
C14135,Lapsed / Hibernating,1,2,1,121,981,1,8.99,8.99,0.0,1,981,0.0,0.0
C14136,Steady Regulars,5,3,4,534,15,3,801.32,267.107,0.159,5,81,1.0,0.143
C14137,Champions,5,5,5,555,11,13,2060.47,158.498,0.117,6,648,0.692,0.069
C14138,Lapsed / Hibernating,1,3,3,133,848,2,306.96,153.48,0.0,3,985,1.0,0.0
C14139,Lapsed / Hibernating,1,2,1,121,837,1,71.98,71.98,0.0,2,837,0.0,0.0
C14142,New & Promising,3,2,1,321,225,1,42.98,42.98,0.0,2,225,0.0,0.0
C14143,Steady Regulars,4,4,4,444,53,6,1120.81,186.802,0.0,5,821,0.833,0.133
C14145,Champions,5,5,5,555,4,36,6480.42,180.012,0.207,8,794,0.917,0.093
C14146,Steady Regulars,3,2,3,323,247,1,571.98,571.98,0.0,2,247,1.0,0.0
C14147,Lapsed / Hibernating,1,3,3,133,856,3,323.94,107.98,0.0,4,1010,0.667,0.0
C14149,Lapsed / Hibernating,1,2,3,123,964,1,458.96,458.96,0.0,2,964,0.0,0.0
C14150,Steady Regulars,3,3,3,333,302,2,330.83,165.415,0.556,4,340,0.0,0.0
C14151,Steady Regulars,4,3,2,432,47,3,196.92,65.64,0.117,3,729,1.0,0.2
C14153,Lapsed / Hibernating,1,2,1,121,718,1,0.0,0.0,0.0,1,718,1.0,1.0
C14154,Steady Regulars,4,2,3,423,71,1,294.95,294.95,0.0,2,71,0.0,0.0
C14156,Champions,4,5,5,455,43,25,4628.52,185.141,0.169,6,812,0.92,0.061
C14157,Champions,4,5,5,455,31,42,8919.61,212.372,0.166,6,1086,0.095,0.087
C14158,Lapsed / Hibernating,2,3,1,231,699,2,38.98,19.49,0.0,1,731,1.0,0.0
C14159,Champions,5,5,5,555,21,14,1957.13,139.795,0.012,4,1078,0.929,0.0
C14160,Steady Regulars,3,5,4,354,332,11,1446.46,131.496,0.145,5,1039,0.273,0.13
C14165,Lapsed / Hibernating,1,2,1,121,720,1,15.99,15.99,1.0,1,720,1.0,0.5
C14166,Lapsed / Hibernating,1,3,3,133,754,3,427.32,142.44,0.135,2,898,0.333,0.222
C14167,Lapsed / Hibernating,2,4,4,244,525,5,837.75,167.55,0.202,6,909,1.0,0.214
C14169,Champions,5,5,5,555,1,20,3246.41,162.32,0.334,6,739,0.95,0.149
C14170,Steady Regulars,4,4,3,443,112,4,355.92,88.98,0.152,4,1007,1.0,0.0
C14171,New & Promising,4,2,1,421,61,1,47.99,47.99,0.0,1,61,0.0,0.0
C14173,Lapsed / Hibernating,1,5,5,155,803,11,2058.09,187.099,0.104,4,1023,0.273,0.091
C14175,Lapsed / Hibernating,2,2,1,221,520,1,20.99,20.99,0.0,1,520,0.0,0.0
C14176,New & Promising,4,2,1,421,68,1,22.99,22.99,0.0,1,68,0.0,0.0
C14177,Lapsed / Hibernating,1,2,1,121,1096,1,37.98,37.98,0.0,2,1096,1.0,0.0
C14181,Steady Regulars,4,3,2,432,69,3,264.22,88.073,0.198,4,243,1.0,0.143
C14185,Lapsed / Hibernating,2,5,4,254,508,10,1697.89,169.789,0.259,6,1021,0.0,0.0
C14188,New & Promising,4,2,2,422,119,1,143.98,143.98,0.0,1,119,1.0,0.0
C14189,Steady Regulars,3,5,5,355,210,12,2960.61,246.718,0.142,4,413,0.917,0.129
C14192,Champions,5,5,5,555,3,31,5807.62,187.343,0.121,8,782,0.226,0.045
C14194,Lapsed / Hibernating,1,2,3,123,840,1,446.97,446.97,0.0,3,840,0.0,0.0
C14195,Lapsed / Hibernating,2,2,1,221,430,1,25.99,25.99,0.0,2,430,1.0,0.5
C14196,Steady Regulars,3,2,4,324,350,1,801.96,801.96,0.0,1,350,1.0,0.0
C14197,Steady Regulars,3,2,2,322,244,1,100.97,100.97,0.0,3,244,1.0,0.333
C14200,Champions,3,4,5,345,139,9,1978.27,219.808,0.19,5,777,1.0,0.111
C14201,Lapsed / Hibernating,1,2,1,121,1087,1,43.98,43.98,0.0,1,1087,0.0,0.0
C14203,Lapsed / Hibernating,1,4,3,143,830,4,482.92,120.73,0.0,5,1035,1.0,0.25
C14204,New & Promising,4,2,2,422,92,1,113.96,113.96,0.0,2,92,0.0,0.25
C14206,Deal Hunters,4,3,3,433,66,2,320.04,160.02,0.641,4,397,1.0,0.0
C14207,Lapsed / Hibernating,1,3,3,133,911,2,645.91,322.955,0.0,5,993,0.0,0.143
C14208,New & Promising,4,2,1,421,71,1,66.97,66.97,0.0,2,71,1.0,0.0
C14210,Steady Regulars,3,4,3,343,318,4,630.95,157.738,0.0,3,627,1.0,0.167
C14211,Champions,5,3,4,534,2,3,829.9,276.633,0.0,5,837,1.0,0.25
C14213,Steady Regulars,3,4,4,344,228,6,1131.85,188.642,0.0,3,415,1.0,0.143
C14215,Lapsed / Hibernating,2,2,1,221,518,1,20.99,20.99,0.0,1,518,0.0,0.0
C14216,Champions,5,5,5,555,18,26,3853.3,148.204,0.236,8,970,0.154,0.057
C14217,Lapsed / Hibernating,1,3,3,133,893,3,566.38,188.793,0.158,3,1088,0.0,0.0
C14220,Deal Hunters,3,3,3,333,257,3,441.15,147.05,0.814,2,711,1.0,0.2
C14221,Lapsed / Hibernating,2,3,3,233,390,2,384.97,192.485,0.0,2,581,1.0,0.0
C14222,Champions,5,5,5,555,12,33,5181.72,157.022,0.17,7,616,0.879,0.099
C14223,Champions,5,5,5,555,2,30,3434.88,114.496,0.212,7,594,0.867,0.054
C14224,Steady Regulars,3,2,3,323,271,1,451.98,451.98,0.0,1,271,0.0,0.0
C14226,Champions,5,4,4,544,9,9,1402.32,155.813,0.265,6,709,0.222,0.056
C14227,Lapsed / Hibernating,2,2,2,222,481,1,142.99,142.99,0.0,1,481,1.0,0.0
C14231,Champions,4,5,5,455,63,12,2761.89,230.158,0.036,5,958,0.917,0.212
C14232,Steady Regulars,5,3,3,533,9,3,309.88,103.293,0.229,5,41,0.0,0.0
C14233,Champions,3,5,5,355,183,38,5072.2,133.479,0.114,8,1095,0.132,0.072
C14234,Lapsed / Hibernating,2,2,1,221,417,1,20.99,20.99,0.0,1,417,1.0,0.0
C14235,Steady Regulars,3,4,4,344,300,7,970.86,138.694,0.102,4,932,0.286,0.077
C14238,Champions,5,5,5,555,10,16,3579.63,223.727,0.059,7,1080,1.0,0.114
C14239,Champions,5,4,4,544,6,7,1033.21,147.601,0.147,5,610,0.714,0.133
C14240,Champions,5,5,5,555,2,17,2309.22,135.836,0.194,7,566,0.882,0.051
C14241,Lapsed / Hibernating,1,2,1,121,1079,1,78.99,78.99,0.0,1,1079,0.0,0.0
C14242,Steady Regulars,3,4,4,344,210,9,1078.77,119.863,0.025,5,765,1.0,0.0
C14243,Steady Regulars,4,4,3,443,82,5,584.39,116.878,0.038,5,1051,0.2,0.0
C14244,Lapsed / Hibernating,2,2,1,221,428,1,16.99,16.99,0.0,1,428,1.0,0.0
C14245,Steady Regulars,3,4,4,344,128,6,923.04,153.84,0.094,5,431,1.0,0.077
C14246,Champions,5,5,5,555,5,80,10684.43,133.555,0.142,7,1096,0.888,0.053
C14247,Steady Regulars,3,2,2,322,284,1,184.95,184.95,0.0,2,284,1.0,0.0
C14248,Champions,5,4,4,544,2,7,1329.39,189.913,0.298,6,1023,0.143,0.0
C14249,Champions,4,5,5,455,27,16,3739.71,233.732,0.175,8,1027,0.062,0.069
C14250,Lapsed / Hibernating,2,4,4,244,685,7,1264.19,180.599,0.125,7,923,0.143,0.0
C14251,Lapsed / Hibernating,1,3,3,133,877,3,378.12,126.04,0.283,2,957,0.667,0.0
C14254,Lapsed / Hibernating,1,2,1,121,1064,1,57.98,57.98,0.0,1,1064,1.0,0.0
C14255,Steady Regulars,4,4,3,443,32,5,532.89,106.578,0.533,4,804,1.0,0.111
C14256,Champions,5,5,5,555,3,17,3170.64,186.508,0.015,5,965,0.294,0.033
C14257,Champions,4,4,4,444,73,9,1408.2,156.467,0.265,4,917,0.333,0.111
C14258,Champions,5,4,3,543,2,4,587.91,146.978,0.394,4,538,0.0,0.125
C14259,Champions,3,5,5,355,134,17,3405.16,200.304,0.072,6,1053,0.294,0.0
C14264,Lapsed / Hibernating,2,3,2,232,541,2,187.53,93.765,0.894,3,758,1.0,0.167
C14266,Lapsed / Hibernating,2,2,1,221,382,1,16.79,16.79,1.0,1,382,1.0,0.0
C14267,Champions,5,5,5,555,18,43,10035.21,233.377,0.054,7,778,0.209,0.059
C14268,Lapsed / Hibernating,1,4,4,144,958,4,1043.66,260.915,0.072,3,1046,0.75,0.0
C14273,Champions,3,5,5,355,138,12,1772.81,147.734,0.293,7,1010,0.917,0.13
C14275,Lapsed / Hibernating,1,4,4,144,789,7,992.87,141.839,0.0,6,1090,0.857,0.286
C14277,Steady Regulars,4,3,2,432,38,2,229.64,114.82,0.446,4,109,0.0,0.2
C14279,Lapsed / Hibernating,1,2,2,122,788,1,90.99,90.99,0.0,1,788,1.0,0.5
C14280,Lapsed / Hibernating,2,2,2,222,448,1,206.93,206.93,0.0,3,448,0.0,0.0
C14282,Lapsed / Hibernating,2,3,3,233,667,3,372.53,124.177,0.036,3,723,0.333,0.0
C14284,Lapsed / Hibernating,1,2,1,121,1026,1,45.98,45.98,0.0,1,1026,1.0,0.0
C14285,Champions,5,5,5,555,15,20,2611.04,130.552,0.315,6,1057,0.95,0.189
C14286,New & Promising,4,2,2,422,56,1,208.98,208.98,0.0,2,56,1.0,0.0
C14287,Lapsed / Hibernating,1,2,2,122,761,1,141.98,141.98,0.0,1,761,0.0,0.0
C14288,Lapsed / Hibernating,1,2,2,122,1000,1,116.99,116.99,0.0,1,1000,0.0,0.0
C14289,Lapsed / Hibernating,1,2,2,122,1042,1,156.97,156.97,0.0,2,1042,1.0,0.0
C14291,Lapsed / Hibernating,2,3,4,234,566,3,711.93,237.31,0.0,2,695,1.0,0.0
C14294,Lapsed / Hibernating,1,4,4,144,877,9,1290.55,143.394,0.181,6,1067,0.0,0.087
C14295,Steady Regulars,5,3,3,533,21,3,657.65,219.217,0.214,1,65,1.0,0.2
C14296,Deal Hunters,3,2,2,322,173,1,182.69,182.69,1.0,1,173,1.0,0.0
C14297,Lapsed / Hibernating,1,2,1,121,899,1,14.44,14.44,1.0,1,899,1.0,0.0
C14298,Steady Regulars,5,3,4,534,10,3,800.73,266.91,0.11,3,74,0.667,0.0
C14299,Champions,5,5,5,555,12,34,6744.86,198.378,0.156,7,695,0.912,0.037
C14300,Deal Hunters,3,2,1,321,185,1,23.19,23.19,1.0,1,185,1.0,0.0
C14302,Lapsed / Hibernating,1,2,1,121,867,1,24.99,24.99,0.0,1,867,0.0,0.0
C14303,Lapsed / Hibernating,2,4,3,243,502,5,650.08,130.016,0.166,6,1086,1.0,0.167
C14304,Champions,5,5,5,555,1,113,18115.71,160.316,0.071,8,1080,0.106,0.09
C14305,New & Promising,5,3,2,532,21,2,154.97,77.485,0.0,2,74,0.5,0.0
C14306,Champions,5,5,5,555,20,17,2822.75,166.044,0.195,7,1039,0.882,0.083
C14307,Steady Regulars,3,2,3,323,261,1,436.95,436.95,0.0,1,261,1.0,0.0
C14308,New & Promising,3,3,1,331,288,2,79.97,39.985,0.0,3,475,0.5,0.0
C14309,Champions,5,4,4,544,18,7,879.38,125.626,0.395,4,438,1.0,0.286
C14310,Lapsed / Hibernating,2,2,1,221,686,1,18.99,18.99,0.0,1,686,1.0,0.0
C14311,Lapsed / Hibernating,2,2,2,222,664,1,141.98,141.98,0.0,2,664,1.0,0.0
C14314,Steady Regulars,3,2,4,324,315,1,700.97,700.97,0.0,1,315,1.0,0.0
C14315,Lapsed / Hibernating,2,4,4,244,560,5,892.43,178.486,0.217,6,1082,0.8,0.071
C14316,Steady Regulars,3,2,3,323,311,1,434.95,434.95,0.0,3,311,1.0,0.0
C14317,Champions,4,4,4,444,58,5,955.24,191.048,0.02,8,261,0.0,0.143
C14319,Champions,4,4,4,444,81,6,1028.31,171.385,0.334,6,581,1.0,0.0
C14322,Lapsed / Hibernating,2,2,2,222,428,1,104.96,104.96,0.0,2,428,0.0,0.0
C14323,Lapsed / Hibernating,2,2,2,222,645,1,158.98,158.98,1.0,1,645,1.0,0.0
C14324,Champions,4,5,5,455,34,39,7731.19,198.236,0.107,8,1024,0.077,0.062
C14327,New & Promising,4,3,2,432,53,2,154.98,77.49,0.0,2,56,0.5,0.0
C14328,Steady Regulars,3,2,3,323,207,1,319.94,319.94,0.0,3,207,1.0,0.0
C14329,Deal Hunters,3,2,1,321,194,1,32.79,32.79,1.0,1,194,1.0,0.0
C14331,Lapsed / Hibernating,2,2,2,222,562,1,220.97,220.97,0.0,2,562,1.0,0.25
C14332,Lapsed / Hibernating,1,3,1,131,899,2,76.58,38.29,0.876,3,915,1.0,0.5
C14333,Lapsed / Hibernating,2,2,2,222,378,1,120.99,120.99,0.0,1,378,0.0,0.0
C14334,Lapsed / Hibernating,1,4,3,143,708,4,547.93,136.983,0.0,3,1046,1.0,0.0
C14335,Champions,5,5,5,555,11,11,2369.73,215.43,0.088,5,562,0.0,0.042
C14336,Steady Regulars,5,3,4,534,5,3,1453.87,484.623,0.0,5,171,1.0,0.1
C14337,Champions,5,4,5,545,6,9,2048.34,227.593,0.04,5,107,0.222,0.091
C14338,Lapsed / Hibernating,1,3,3,133,805,3,429.2,143.067,0.154,5,994,1.0,0.0
C14341,Lapsed / Hibernating,2,2,1,221,577,1,37.98,37.98,0.0,1,577,0.0,0.0
C14342,Steady Regulars,4,4,3,443,117,5,622.9,124.58,0.0,5,764,1.0,0.2
C14343,Steady Regulars,3,4,3,343,244,4,601.66,150.415,0.408,5,509,1.0,0.111
C14344,Champions,5,4,4,544,9,9,1389.26,154.362,0.057,6,273,1.0,0.05
C14345,New & Promising,3,2,1,321,323,1,31.99,31.99,0.0,2,323,1.0,0.5
C14346,New & Promising,4,2,2,422,54,1,187.95,187.95,0.0,2,54,1.0,0.0
C14348,Steady Regulars,4,3,3,433,87,3,311.17,103.723,0.177,4,239,0.0,0.0
C14350,Champions,3,5,5,355,271,15,3178.6,211.907,0.106,5,1087,0.933,0.088
C14351,Steady Regulars,5,4,4,544,8,6,672.88,112.147,0.0,4,480,1.0,0.0
C14354,Steady Regulars,3,2,2,322,174,1,236.97,236.97,0.0,1,174,1.0,0.0
C14355,Lapsed / Hibernating,2,3,3,233,648,3,336.97,112.323,0.0,3,1001,0.0,0.333
C14356,Lapsed / Hibernating,2,2,1,221,699,1,21.99,21.99,0.0,1,699,1.0,0.0
C14360,Champions,4,5,5,455,62,15,1971.12,131.408,0.123,4,1012,0.933,0.103
C14362,Lapsed / Hibernating,2,5,5,255,366,33,7283.72,220.719,0.101,8,1094,0.97,0.114
C14364,Lapsed / Hibernating,1,3,3,133,794,2,535.92,267.96,0.0,4,862,0.5,0.0
C14365,Lapsed / Hibernating,2,5,5,255,398,22,2598.22,118.101,0.118,8,978,0.864,0.159
C14366,Champions,5,5,5,555,23,29,6256.5,215.741,0.241,6,515,0.207,0.026
C14367,Lapsed / Hibernating,2,2,2,222,483,1,159.98,159.98,0.0,2,483,1.0,0.0
C14369,Steady Regulars,4,4,4,444,109,8,975.28,121.91,0.089,5,665,0.75,0.062
C14370,Lapsed / Hibernating,1,2,1,121,1034,1,56.97,56.97,0.0,2,1034,1.0,0.0
C14371,New & Promising,3,2,1,321,130,1,35.98,35.98,0.0,1,130,1.0,0.0
C14372,Lapsed / Hibernating,1,3,3,133,773,3,376.36,125.453,0.509,2,862,1.0,0.0
C14373,Steady Regulars,4,5,4,454,82,10,895.21,89.521,0.096,3,758,1.0,0.0
C14374,Champions,5,4,4,544,24,7,1082.88,154.697,0.035,6,1081,1.0,0.2
C14375,Lapsed / Hibernating,1,2,1,121,884,1,33.99,33.99,0.0,1,884,1.0,0.0
C14376,Lapsed / Hibernating,1,2,1,121,991,1,68.97,68.97,0.0,2,991,0.0,0.0
C14377,Steady Regulars,4,4,4,444,62,4,1040.32,260.08,0.057,5,299,1.0,0.077
C14378,Steady Regulars,3,4,5,345,177,8,1753.47,219.184,0.263,4,928,0.0,0.15
C14379,Lapsed / Hibernating,1,2,2,122,854,1,262.97,262.97,0.0,2,854,1.0,0.0
C14381,Lapsed / Hibernating,1,4,3,143,791,4,282.95,70.738,0.0,4,998,0.75,0.286
C14382,Lapsed / Hibernating,2,2,1,221,544,1,21.99,21.99,0.0,1,544,1.0,0.5
C14383,Champions,4,4,5,445,33,9,1923.58,213.731,0.278,7,476,0.0,0.1
C14384,Steady Regulars,5,4,2,542,24,4,178.95,44.738,0.114,3,401,0.75,0.2
C14385,Champions,4,5,5,455,100,10,2169.85,216.985,0.186,4,851,0.7,0.045
C14386,Champions,4,5,5,455,31,15,2722.86,181.524,0.087,6,752,1.0,0.194
C14388,Lapsed / Hibernating,2,5,5,255,406,17,2912.93,171.349,0.07,7,1065,0.941,0.061
C14389,Lapsed / Hibernating,1,2,1,121,1092,1,29.98,29.98,0.0,1,1092,1.0,0.5
C14390,Lapsed / Hibernating,1,2,1,121,1085,1,58.37,58.37,0.795,2,1085,1.0,0.0
C14391,Champions,4,5,5,455,35,12,3266.4,272.2,0.119,7,411,0.917,0.032
C14393,Lapsed / Hibernating,2,4,3,243,602,7,399.69,57.099,0.443,5,1050,0.857,0.182
C14394,Lapsed / Hibernating,2,2,1,221,697,1,40.98,40.98,0.0,2,697,1.0,0.0
C14395,New & Promising,3,2,1,321,128,1,23.99,23.99,0.0,1,128,1.0,0.0
C14396,Champions,5,5,4,554,6,10,1593.75,159.375,0.137,6,285,0.2,0.08
C14397,Lapsed / Hibernating,2,2,1,221,366,1,53.99,53.99,0.0,1,366,1.0,0.0
C14400,New & Promising,5,2,2,522,17,1,87.78,87.78,0.374,2,17,1.0,0.0
C14403,Champions,5,5,5,555,8,48,6980.38,145.425,0.141,7,1089,0.229,0.02
C14406,Champions,5,5,5,555,4,18,2704.19,150.233,0.093,8,1050,0.222,0.048
C14407,Champions,3,5,5,355,357,13,1844.66,141.897,0.0,5,1083,0.077,0.111
C14408,Champions,4,4,4,444,41,9,1158.0,128.667,0.235,5,710,0.889,0.217
C14410,Lapsed / Hibernating,1,3,4,134,1061,2,1072.97,536.485,0.061,6,1085,0.0,0.0
C14411,Steady Regulars,3,4,3,343,285,5,271.75,54.35,0.368,5,580,1.0,0.333
C14412,Steady Regulars,3,4,5,345,151,7,1831.84,261.691,0.0,3,882,0.0,0.154
C14413,Champions,5,5,5,555,5,32,5316.22,166.132,0.056,7,359,0.938,0.088
C14414,Lapsed / Hibernating,2,2,2,222,615,1,218.95,218.95,0.0,3,615,1.0,0.0
C14415,Lapsed / Hibernating,2,2,1,221,402,1,82.58,82.58,1.0,1,402,0.0,0.0
C14416,New & Promising,5,2,2,522,3,1,259.93,259.93,0.0,3,3,1.0,0.0
C14418,Lapsed / Hibernating,1,2,1,121,729,1,32.78,32.78,1.0,1,729,1.0,0.0
C14419,Deal Hunters,5,2,1,521,15,1,29.59,29.59,1.0,1,15,1.0,0.0
C14420,Steady Regulars,3,3,3,333,198,2,440.33,220.165,0.251,3,336,0.5,0.0
C14422,Lapsed / Hibernating,1,2,1,121,715,1,75.99,75.99,0.0,1,715,0.0,0.0
C14424,Lapsed / Hibernating,2,2,1,221,661,1,21.99,21.99,0.0,1,661,1.0,0.0
C14425,Champions,4,5,5,455,94,13,2037.11,156.701,0.289,5,219,0.308,0.03
C14426,Lapsed / Hibernating,1,2,2,122,844,1,254.99,254.99,0.0,1,844,0.0,0.0
C14428,Lapsed / Hibernating,1,2,2,122,1019,1,162.46,162.46,0.545,2,1019,0.0,0.0
C14429,Steady Regulars,4,2,3,423,109,1,284.97,284.97,0.0,1,109,0.0,0.0
C14430,Lapsed / Hibernating,1,2,2,122,979,1,165.98,165.98,0.0,2,979,1.0,0.0
C14432,Steady Regulars,4,3,4,434,41,2,1033.95,516.975,0.0,2,120,1.0,0.0
C14433,Lapsed / Hibernating,1,2,2,122,865,1,250.03,250.03,0.112,2,865,1.0,0.0
C14434,Lapsed / Hibernating,1,3,2,132,758,2,229.94,114.97,0.0,2,788,1.0,0.25
C14436,Lapsed / Hibernating,1,2,2,122,797,1,133.95,133.95,0.0,2,797,1.0,0.0
C14437,Steady Regulars,5,2,3,523,15,1,392.97,392.97,0.0,3,15,1.0,0.0
C14438,New & Promising,3,2,2,322,154,1,93.99,93.99,0.0,1,154,1.0,0.0
C14439,Lapsed / Hibernating,2,4,5,245,685,5,2637.6,527.52,0.113,5,1026,1.0,0.188
C14441,Champions,5,4,4,544,14,5,711.03,142.206,0.221,5,413,1.0,0.125
C14442,New & Promising,4,2,2,422,92,1,113.96,113.96,0.0,2,92,1.0,0.0
C14443,Lapsed / Hibernating,2,4,3,243,608,5,393.41,78.682,0.047,3,1030,0.8,0.143
C14444,Steady Regulars,4,4,4,444,82,7,1710.41,244.344,0.063,4,1028,0.286,0.0
C14445,New & Promising,3,2,1,321,154,1,39.98,39.98,0.0,1,154,1.0,0.0
C14447,Lapsed / Hibernating,1,2,1,121,1023,1,0.0,0.0,1.0,1,1023,1.0,1.0
C14450,Steady Regulars,4,2,3,423,49,1,286.97,286.97,0.0,3,49,1.0,0.0
C14454,Lapsed / Hibernating,1,2,1,121,1068,1,77.39,77.39,0.612,2,1068,1.0,0.5
C14455,Deal Hunters,5,3,2,532,13,3,214.67,71.557,0.799,2,221,1.0,0.5
C14457,Steady Regulars,4,3,3,433,59,3,392.95,130.983,0.0,2,102,1.0,0.2
C14458,Steady Regulars,4,4,4,444,70,4,1120.85,280.212,0.056,5,494,0.25,0.0
C14461,Lapsed / Hibernating,2,2,1,221,702,1,23.99,23.99,0.0,1,702,0.0,0.0
C14463,New & Promising,3,2,1,321,142,1,35.98,35.98,0.0,1,142,1.0,0.0
C14464,Lapsed / Hibernating,1,2,1,121,1065,1,23.99,23.99,0.0,1,1065,0.0,0.0
C14465,Steady Regulars,4,4,3,443,114,5,272.93,54.586,0.0,5,678,1.0,0.25
C14467,Champions,4,5,5,455,51,27,6582.66,243.802,0.111,7,1079,1.0,0.056
C14469,Lapsed / Hibernating,2,2,2,222,563,1,117.96,117.96,0.0,2,563,1.0,0.0
C14471,Lapsed / Hibernating,1,4,3,143,793,4,488.94,122.235,0.0,4,1036,1.0,0.25
C14472,Champions,5,5,5,555,17,18,2373.61,131.867,0.283,6,862,0.889,0.056
C14474,Steady Regulars,4,2,3,423,111,1,489.94,489.94,0.0,1,111,1.0,0.0
C14475,Champions,5,5,5,555,26,19,4842.89,254.889,0.152,6,1077,0.947,0.119
C14476,New & Promising,4,3,2,432,32,3,172.15,57.383,0.215,2,285,0.333,0.4
C14477,Champions,5,4,4,544,20,9,1545.94,171.771,0.038,6,384,0.222,0.182
C14478,Champions,4,4,4,444,34,9,685.83,76.203,0.359,6,596,0.889,0.176
C14479,Lapsed / Hibernating,1,2,2,122,969,1,113.89,113.89,1.0,1,969,1.0,0.0
C14481,Champions,4,5,5,455,94,10,2487.81,248.781,0.091,7,598,0.2,0.0
C14482,Champions,5,5,5,555,2,45,8025.3,178.34,0.147,7,553,0.156,0.075
C14483,New & Promising,4,2,2,422,59,1,198.98,198.98,0.0,2,59,0.0,0.0
C14484,Steady Regulars,4,3,2,432,39,3,219.92,73.307,0.041,3,276,1.0,0.0
C14485,New & Promising,3,2,1,321,210,1,66.97,66.97,0.0,1,210,1.0,0.0
C14486,Lapsed / Hibernating,1,3,2,132,752,3,145.77,48.59,0.103,3,951,0.667,0.25
C14488,Steady Regulars,4,4,4,444,38,8,1064.73,133.091,0.063,4,429,0.875,0.0
C14489,Steady Regulars,3,4,5,345,262,6,1809.06,301.51,0.068,4,445,0.667,0.214
C14491,Steady Regulars,4,4,3,443,41,4,364.88,91.22,0.0,3,367,1.0,0.0
C14492,Champions,5,5,5,555,24,21,5926.5,282.214,0.061,7,967,0.095,0.056
C14493,Lapsed / Hibernating,1,3,1,131,1006,2,77.15,38.575,0.559,2,1079,0.0,0.0
C14496,Champions,5,5,5,555,25,20,3535.42,176.771,0.088,7,678,0.95,0.0
C14497,Lapsed / Hibernating,2,5,5,255,408,18,1835.73,101.985,0.157,5,1013,0.111,0.061
C14498,Champions,4,5,5,455,68,19,2228.21,117.274,0.082,7,552,0.947,0.024
C14499,New & Promising,5,2,3,523,17,1,318.36,318.36,0.045,2,17,1.0,0.0
C14500,Lapsed / Hibernating,2,3,2,232,511,2,191.09,95.545,0.44,2,1035,1.0,0.0
C14502,Lapsed / Hibernating,2,5,5,255,511,18,2531.98,140.666,0.163,8,1086,0.167,0.022
C14503,Champions,3,5,5,355,337,16,2244.5,140.281,0.08,6,857,0.938,0.056
C14504,Lapsed / Hibernating,2,4,4,244,642,5,697.81,139.562,0.079,4,869,0.2,0.111
C14505,Lapsed / Hibernating,2,4,3,243,494,7,355.83,50.833,0.0,4,980,1.0,0.167
C14506,New & Promising,4,2,1,421,107,1,18.99,18.99,0.0,1,107,1.0,0.0
C14507,Lapsed / Hibernating,2,3,3,233,496,2,376.97,188.485,0.0,2,783,1.0,0.0
C14508,Lapsed / Hibernating,2,4,4,244,559,5,1326.09,265.218,0.016,6,1034,0.2,0.071
C14509,Lapsed / Hibernating,1,2,1,121,1082,1,65.97,65.97,0.0,1,1082,1.0,0.0
C14510,Lapsed / Hibernating,2,4,4,244,448,6,763.61,127.268,0.471,6,791,1.0,0.067
C14511,Steady Regulars,3,3,2,332,154,2,211.12,105.56,0.247,5,540,1.0,0.0
C14513,Champions,4,5,5,455,69,11,1916.56,174.233,0.121,6,301,0.0,0.1
C14515,Lapsed / Hibernating,1,2,1,121,759,1,64.99,64.99,0.0,1,759,0.0,0.0
C14516,Steady Regulars,4,4,4,444,29,5,924.05,184.81,0.283,4,478,1.0,0.077
C14517,Lapsed / Hibernating,1,2,2,122,803,1,182.99,182.99,0.0,1,803,1.0,0.0
C14518,Champions,3,4,4,344,135,9,1632.75,181.417,0.14,6,893,0.778,0.053
C14519,Lapsed / Hibernating,2,3,3,233,629,3,551.94,183.98,0.153,2,1045,1.0,0.333
C14520,Lapsed / Hibernating,2,5,5,255,446,15,2269.52,151.301,0.202,7,1087,1.0,0.059
C14521,New & Promising,5,2,1,521,21,1,63.96,63.96,0.281,2,21,1.0,0.0
C14522,Lapsed / Hibernating,2,3,2,232,526,2,159.96,79.98,0.0,2,663,1.0,0.0
C14523,Lapsed / Hibernating,2,4,4,244,437,7,1109.71,158.53,0.113,6,1053,1.0,0.143
C14524,Lapsed / Hibernating,1,2,2,122,926,1,199.97,199.97,0.0,1,926,0.0,0.0
C14526,Lapsed / Hibernating,2,2,2,222,415,1,158.94,158.94,0.0,2,415,1.0,0.0
C14527,Champions,3,5,4,354,140,10,1375.7,137.57,0.237,7,1034,1.0,0.05
C14528,Lapsed / Hibernating,1,2,2,122,967,1,198.87,198.87,0.573,2,967,1.0,0.0
C14529,Steady Regulars,4,4,4,444,74,6,811.87,135.312,0.0,5,245,0.167,0.0
C14530,Champions,4,5,5,455,65,38,8502.52,223.751,0.132,8,1067,0.895,0.133
C14531,Lapsed / Hibernating,1,4,4,144,954,7,1324.65,189.236,0.063,5,1087,1.0,0.143
C14534,Lapsed / Hibernating,2,3,2,232,401,2,128.07,64.035,0.672,3,663,1.0,0.0
C14537,Lapsed / Hibernating,2,2,2,222,466,1,113.97,113.97,0.0,1,466,0.0,0.0
C14538,New & Promising,5,2,1,521,23,1,71.99,71.99,0.0,1,23,1.0,0.0
C14540,Lapsed / Hibernating,1,3,2,132,1069,2,106.75,53.375,0.266,2,1079,1.0,0.2
C14541,Lapsed / Hibernating,2,2,1,221,586,1,63.97,63.97,0.0,1,586,1.0,0.0
C14542,Lapsed / Hibernating,1,3,3,133,866,2,505.51,252.755,0.666,5,1033,1.0,0.0
C14543,Steady Regulars,3,4,3,343,151,4,351.32,87.83,0.146,5,548,0.5,0.167
C14545,Steady Regulars,3,4,4,344,304,5,1033.83,206.766,0.0,4,833,0.0,0.071
C14546,Lapsed / Hibernating,1,2,1,121,981,1,35.99,35.99,0.0,1,981,1.0,0.0
C14547,Champions,4,5,5,455,37,29,5074.9,174.997,0.111,8,1079,0.931,0.13
C14548,Steady Regulars,5,3,4,534,16,2,959.96,479.98,0.0,2,357,1.0,0.0
C14549,Champions,5,4,4,544,11,7,823.24,117.606,0.143,5,227,1.0,0.091
C14551,Steady Regulars,5,4,4,544,20,5,1229.05,245.81,0.034,5,360,1.0,0.154
C14552,Steady Regulars,4,3,3,433,70,3,329.95,109.983,0.0,2,171,1.0,0.0
C14553,Lapsed / Hibernating,2,4,3,243,575,5,457.48,91.496,0.334,4,875,1.0,0.143
C14556,Deal Hunters,3,2,2,322,344,1,110.38,110.38,1.0,1,344,1.0,0.0
C14557,Steady Regulars,3,5,5,355,173,12,2929.01,244.084,0.042,4,688,0.333,0.037
C14558,New & Promising,3,2,1,321,364,1,62.78,62.78,0.331,2,364,1.0,0.0
C14559,Deal Hunters,4,3,2,432,38,3,215.34,71.78,0.634,3,343,1.0,0.167
C14560,Champions,3,5,5,355,326,26,4716.51,181.404,0.094,7,1096,0.231,0.036
C14561,Lapsed / Hibernating,1,2,2,122,987,1,111.97,111.97,0.0,1,987,1.0,0.0
C14563,Lapsed / Hibernating,2,4,4,244,694,5,1415.86,283.172,0.0,4,1071,1.0,0.083
C14564,Lapsed / Hibernating,2,2,2,222,487,1,212.95,212.95,0.0,3,487,1.0,0.333
C14565,Lapsed / Hibernating,2,3,3,233,624,2,410.96,205.48,0.0,2,1043,0.0,0.0
C14566,New & Promising,3,2,1,321,158,1,18.99,18.99,0.0,1,158,1.0,0.0
C14567,Lapsed / Hibernating,2,2,1,221,433,1,14.99,14.99,0.0,1,433,1.0,0.0
C14568,Lapsed / Hibernating,1,2,2,122,830,1,98.97,98.97,0.0,2,830,1.0,0.0
C14569,Lapsed / Hibernating,1,4,4,144,807,4,701.48,175.37,0.236,6,917,0.0,0.0
C14572,New & Promising,5,2,1,521,21,1,54.99,54.99,0.0,1,21,1.0,0.0
C14573,New & Promising,3,2,1,321,345,1,29.99,29.99,0.0,1,345,0.0,0.0
C14575,New & Promising,3,2,2,322,163,1,154.98,154.98,0.0,1,163,1.0,0.0
C14576,Champions,3,4,4,344,137,9,861.55,95.728,0.33,6,552,0.889,0.15
C14578,Champions,5,5,5,555,15,19,2343.89,123.363,0.246,7,990,0.105,0.056
C14579,Lapsed / Hibernating,1,4,4,144,845,8,1615.67,201.959,0.081,6,1066,0.125,0.0
C14580,Champions,5,5,5,555,5,10,2051.57,205.157,0.12,4,481,1.0,0.143
C14581,Champions,5,5,5,555,19,37,3470.95,93.809,0.167,7,1056,0.838,0.072
C14583,Lapsed / Hibernating,1,2,1,121,743,1,24.99,24.99,0.0,1,743,1.0,0.0
C14584,New & Promising,5,3,2,532,17,2,111.99,55.995,0.0,1,111,0.5,0.5
C14586,New & Promising,3,2,1,321,322,1,14.99,14.99,0.0,1,322,1.0,0.0
C14587,Champions,4,5,5,455,55,17,2453.29,144.311,0.231,6,992,1.0,0.036
C14588,Lapsed / Hibernating,2,2,1,221,463,1,62.98,62.98,0.0,2,463,0.0,0.0
C14589,Lapsed / Hibernating,1,2,1,121,810,1,37.98,37.98,0.0,1,810,1.0,0.0
C14591,Lapsed / Hibernating,1,3,2,132,850,2,89.98,44.99,0.0,2,887,1.0,0.333
C14592,Steady Regulars,4,4,4,444,50,8,887.88,110.985,0.0,4,1030,1.0,0.083
C14593,Steady Regulars,3,4,3,343,151,4,452.51,113.128,0.401,4,486,1.0,0.167
C14594,New & Promising,3,2,1,321,142,1,69.98,69.98,0.0,2,142,1.0,0.0
C14595,Champions,4,5,5,455,54,13,2312.73,177.902,0.037,6,1010,0.154,0.133
C14596,Steady Regulars,3,4,4,344,262,5,930.89,186.178,0.029,6,937,1.0,0.0
C14597,New & Promising,5,2,2,522,15,1,145.77,145.77,0.362,2,15,0.0,0.0
C14598,Lapsed / Hibernating,2,3,1,231,401,2,75.88,37.94,0.157,2,511,0.0,0.0
C14599,Deal Hunters,3,2,2,322,288,1,203.23,203.23,1.0,1,288,0.0,0.0
C14600,Lapsed / Hibernating,1,4,4,144,950,4,690.29,172.573,0.069,6,1086,0.0,0.0
C14601,Lapsed / Hibernating,2,2,1,221,369,1,83.97,83.97,0.0,2,369,1.0,0.0
C14604,Lapsed / Hibernating,2,3,4,234,398,3,684.02,228.007,0.542,1,575,0.667,0.0
C14605,Champions,4,5,4,454,34,11,1468.91,133.537,0.074,6,1027,0.091,0.0
C14607,Champions,5,5,5,555,11,25,4862.49,194.5,0.144,6,1079,0.24,0.053
C14612,Deal Hunters,5,3,2,532,2,3,153.16,51.053,0.423,1,137,1.0,0.5
C14613,Lapsed / Hibernating,1,2,1,121,1054,1,44.09,44.09,1.0,1,1054,1.0,0.0
C14614,New & Promising,3,2,2,322,190,1,115.99,115.99,0.0,1,190,0.0,0.0
C14615,Steady Regulars,4,3,3,433,49,2,281.94,140.97,0.0,3,124,1.0,0.0
C14616,Champions,5,5,5,555,2,17,3962.29,233.076,0.082,6,287,0.882,0.07
C14617,Champions,5,4,4,544,16,7,1200.79,171.541,0.138,7,323,0.857,0.071
C14620,Lapsed / Hibernating,2,2,1,221,656,1,48.99,48.99,0.0,1,656,1.0,0.0
C14621,New & Promising,3,2,1,321,357,1,63.98,63.98,0.0,1,357,1.0,0.0
C14622,Champions,5,5,4,554,1,12,1351.16,112.597,0.007,5,455,0.833,0.045
C14623,Lapsed / Hibernating,1,2,2,122,958,1,116.99,116.99,0.0,1,958,0.0,0.0
C14625,Lapsed / Hibernating,1,2,2,122,981,1,88.98,88.98,0.0,2,981,1.0,0.333
C14626,Lapsed / Hibernating,2,2,1,221,553,1,8.79,8.79,1.0,1,553,1.0,0.0
C14627,Lapsed / Hibernating,1,3,3,133,979,2,490.57,245.285,0.246,2,1051,1.0,0.0
C14628,Steady Regulars,3,2,2,322,193,1,146.37,146.37,0.262,2,193,1.0,0.0
C14629,Steady Regulars,3,3,3,333,134,2,272.9,136.45,0.099,3,186,1.0,0.0
C14630,Lapsed / Hibernating,1,3,2,132,720,3,230.32,76.773,0.167,4,757,0.333,0.0
C14631,Lapsed / Hibernating,2,4,3,243,439,4,521.62,130.405,0.036,5,763,1.0,0.0
C14634,New & Promising,4,2,1,421,30,1,64.97,64.97,0.0,2,30,1.0,0.0
C14635,Steady Regulars,2,2,3,223,365,1,305.96,305.96,0.0,3,365,1.0,0.0
C14636,Lapsed / Hibernating,2,4,4,244,390,9,1414.52,157.169,0.231,6,769,0.111,0.056
C14639,Lapsed / Hibernating,1,3,2,132,982,2,247.95,123.975,0.0,3,1078,1.0,0.0
C14640,Lapsed / Hibernating,1,2,2,122,846,1,199.96,199.96,0.0,2,846,1.0,0.0
C14641,Champions,3,5,5,355,340,11,2044.72,185.884,0.224,5,1011,0.818,0.16
C14642,Champions,3,5,4,354,200,12,1595.56,132.963,0.107,5,1083,0.917,0.042
C14644,Champions,4,5,5,455,85,16,3799.69,237.481,0.228,7,1053,1.0,0.044
C14645,Deal Hunters,3,2,1,321,338,1,44.98,44.98,0.684,2,338,1.0,0.333
C14647,Champions,5,4,5,545,17,5,2624.7,524.94,0.263,6,189,1.0,0.045
C14648,Champions,4,5,5,455,34,16,1905.78,119.111,0.261,6,984,0.875,0.03
C14652,Lapsed / Hibernating,1,3,2,132,716,3,232.66,77.553,0.033,3,768,0.0,0.0
C14653,Steady Regulars,3,2,3,323,308,1,336.97,336.97,0.0,2,308,1.0,0.0
C14654,Champions,5,5,5,555,24,18,2441.49,135.638,0.119,5,1030,0.944,0.194
C14655,Champions,5,5,5,555,7,15,2687.81,179.187,0.158,5,1035,0.867,0.219
C14657,Steady Regulars,3,2,2,322,232,1,147.99,147.99,0.0,1,232,1.0,0.0
C14658,Lapsed / Hibernating,1,2,3,123,901,1,291.5,291.5,1.0,3,901,0.0,0.0
C14660,Steady Regulars,4,4,4,444,76,6,1400.85,233.475,0.0,5,266,0.833,0.143
C14663,New & Promising,4,3,2,432,28,2,98.67,49.335,0.234,1,36,1.0,0.25
C14664,New & Promising,4,3,1,431,44,2,44.98,22.49,0.0,2,120,0.5,0.333
C14665,Champions,5,5,5,555,12,19,2533.94,133.365,0.055,6,1072,0.895,0.061
C14666,New & Promising,3,2,1,321,165,1,47.99,47.99,0.0,1,165,1.0,0.0
C14669,Steady Regulars,5,3,3,533,9,3,447.95,149.317,0.0,3,733,1.0,0.167
C14670,New & Promising,4,2,2,422,29,1,129.95,129.95,0.0,1,29,1.0,0.0
C14671,Deal Hunters,4,2,1,421,28,1,72.98,72.98,0.603,2,28,1.0,0.0
C14672,Lapsed / Hibernating,1,2,1,121,1083,1,78.38,78.38,1.0,1,1083,0.0,0.0
C14674,Steady Regulars,3,3,3,333,215,2,515.16,257.58,0.084,1,345,1.0,0.0
C14675,Lapsed / Hibernating,2,4,4,244,594,7,909.09,129.87,0.076,8,1069,0.0,0.0
C14676,Champions,4,5,5,455,27,11,1823.27,165.752,0.022,6,424,0.364,0.08
C14677,Steady Regulars,5,4,4,544,14,5,676.85,135.37,0.0,4,74,0.2,0.0
C14679,Champions,4,5,5,455,40,11,1924.02,174.911,0.181,4,410,1.0,0.222
C14680,Champions,5,5,4,554,15,10,1177.83,117.783,0.087,7,341,1.0,0.167
C14681,Champions,5,5,5,555,6,18,3349.82,186.101,0.12,6,484,0.222,0.091
C14682,Champions,5,5,5,555,5,33,8377.53,253.865,0.094,7,1028,0.152,0.098
C14683,New & Promising,3,2,1,321,247,1,46.99,46.99,0.0,1,247,1.0,0.0
C14686,Deal Hunters,3,2,2,322,335,1,264.37,264.37,0.735,2,335,1.0,0.0
C14687,Champions,5,5,5,555,6,16,3458.85,216.178,0.162,7,760,1.0,0.085
C14688,Champions,4,5,5,455,33,12,2066.11,172.176,0.338,6,1055,0.25,0.0
C14689,New & Promising,3,2,1,321,306,1,22.99,22.99,0.0,1,306,1.0,0.0
C14690,Lapsed / Hibernating,2,2,1,221,656,1,45.73,45.73,1.0,1,656,0.0,0.0
C14691,Steady Regulars,5,4,4,544,13,5,891.6,178.32,0.059,3,371,1.0,0.0
C14694,Steady Regulars,4,4,4,444,73,4,678.35,169.587,0.058,4,694,1.0,0.143
C14695,Steady Regulars,3,3,3,333,284,3,386.43,128.81,0.167,3,569,1.0,0.167
C14698,Champions,5,4,4,544,5,7,749.59,107.084,0.267,3,424,0.286,0.154
C14699,Champions,3,4,4,344,198,8,1648.9,206.112,0.03,7,557,0.125,0.043
C14700,Steady Regulars,3,4,4,344,213,9,1325.76,147.307,0.02,5,656,0.889,0.0
C14701,Steady Regulars,4,3,3,433,64,3,377.86,125.953,0.526,3,954,1.0,0.0
C14702,Lapsed / Hibernating,1,2,2,122,1084,1,88.99,88.99,0.0,1,1084,1.0,0.0
C14703,Lapsed / Hibernating,2,2,1,221,382,1,18.99,18.99,0.0,1,382,1.0,0.0
C14704,Champions,5,4,4,544,2,5,1419.3,283.86,0.041,3,428,0.0,0.0
C14705,New & Promising,4,2,1,421,49,1,53.98,53.98,0.0,1,49,1.0,0.0
C14707,Champions,3,4,4,344,158,8,743.93,92.991,0.141,6,1049,0.0,0.077
C14708,Champions,5,5,5,555,1,68,14036.68,206.422,0.133,7,1085,0.868,0.043
C14709,Lapsed / Hibernating,2,4,5,245,675,7,2389.97,341.424,0.167,6,1047,0.143,0.13
C14712,Champions,4,5,5,455,86,10,1736.8,173.68,0.039,6,547,0.8,0.048
C14713,Lapsed / Hibernating,1,2,1,121,705,1,85.58,85.58,0.883,2,705,0.0,0.0
C14714,Steady Regulars,4,4,3,443,40,4,475.71,118.928,0.295,5,190,1.0,0.25
C14715,Champions,5,5,5,555,13,39,6975.41,178.857,0.064,6,694,0.923,0.082
C14718,Deal Hunters,4,2,1,421,36,1,36.38,36.38,1.0,1,36,1.0,0.0
C14719,Lapsed / Hibernating,2,4,4,244,650,7,713.22,101.889,0.288,4,777,1.0,0.067
C14720,Champions,3,5,5,355,298,10,2221.55,222.155,0.228,6,1019,0.9,0.042
C14722,Champions,4,5,5,455,47,30,5447.5,181.583,0.114,7,1091,1.0,0.086
C14723,Lapsed / Hibernating,1,2,1,121,752,1,43.98,43.98,0.0,1,752,0.0,0.0
C14727,Lapsed / Hibernating,2,2,1,221,400,1,5.59,5.59,1.0,1,400,1.0,0.0
C14728,Champions,5,5,4,554,19,10,1654.86,165.486,0.292,6,498,0.4,0.095
C14729,Champions,5,5,5,555,9,50,12802.74,256.055,0.086,8,1092,0.92,0.142
C14730,Lapsed / Hibernating,1,4,4,144,887,8,1574.5,196.812,0.033,8,1089,1.0,0.167
C14732,Champions,4,5,5,455,63,20,4576.86,228.843,0.069,6,846,0.1,0.059
C14733,Lapsed / Hibernating,1,3,3,133,723,3,575.63,191.877,0.21,4,956,1.0,0.125
C14734,Lapsed / Hibernating,2,2,2,222,513,1,227.95,227.95,0.0,1,513,1.0,0.0
C14735,Champions,5,5,5,555,11,39,6244.44,160.114,0.099,7,1073,0.282,0.125
C14736,Lapsed / Hibernating,2,2,2,222,548,1,136.97,136.97,0.0,2,548,0.0,0.0
C14738,Deal Hunters,5,3,2,532,18,2,202.93,101.465,1.0,1,38,1.0,0.0
C14739,Lapsed / Hibernating,1,2,1,121,760,1,80.97,80.97,0.0,1,760,1.0,0.0
C14741,Lapsed / Hibernating,1,3,2,132,984,2,243.07,121.535,0.329,2,1055,0.0,0.0
C14743,New & Promising,4,2,1,421,96,1,80.97,80.97,0.0,1,96,1.0,0.0
C14744,Steady Regulars,5,3,2,532,12,3,203.95,67.983,0.0,2,743,1.0,0.0
C14745,Champions,4,4,5,445,37,9,1767.88,196.431,0.086,4,1032,1.0,0.118
C14746,Champions,3,4,4,344,261,8,1099.78,137.472,0.057,8,576,1.0,0.0
C14748,Steady Regulars,3,4,2,342,223,4,234.92,58.73,0.0,4,266,1.0,0.167
C14749,Steady Regulars,4,4,3,443,39,4,312.93,78.232,0.0,4,815,0.75,0.286
C14750,Lapsed / Hibernating,2,5,4,254,461,14,1593.69,113.835,0.059,5,1088,0.929,0.138
C14751,Steady Regulars,3,5,4,354,358,10,1116.21,111.621,0.108,4,1049,1.0,0.059
C14754,Lapsed / Hibernating,1,2,1,121,718,1,20.79,20.79,1.0,1,718,1.0,0.0
C14758,Lapsed / Hibernating,1,4,4,144,1025,4,1155.25,288.812,0.012,5,1076,1.0,0.0
C14759,Lapsed / Hibernating,1,2,1,121,1096,1,38.99,38.99,0.0,1,1096,1.0,0.0
C14760,Champions,5,5,5,555,12,43,4997.01,116.21,0.181,8,981,0.14,0.132
C14761,Champions,5,5,5,555,17,51,10988.63,215.463,0.159,6,1090,0.922,0.083
C14762,Lapsed / Hibernating,2,4,4,244,595,6,841.83,140.305,0.0,5,1079,1.0,0.0
C14763,Lapsed / Hibernating,2,5,4,254,390,10,1669.95,166.995,0.089,4,806,0.1,0.091
C14764,New & Promising,3,2,2,322,156,1,108.99,108.99,0.0,1,156,1.0,0.0
C14765,Lapsed / Hibernating,1,2,1,121,1013,1,57.98,57.98,0.0,1,1013,1.0,0.0
C14768,Steady Regulars,4,3,4,434,118,3,776.32,258.773,0.048,3,541,0.667,0.0
C14769,Lapsed / Hibernating,1,5,4,154,740,10,1047.57,104.757,0.113,6,1072,0.2,0.0
C14770,Lapsed / Hibernating,1,2,2,122,1076,1,169.77,169.77,1.0,1,1076,0.0,0.0
C14771,Lapsed / Hibernating,1,3,3,133,913,2,457.8,228.9,0.022,4,985,1.0,0.0
C14773,New & Promising,4,2,2,422,56,1,144.95,144.95,0.0,3,56,0.0,0.0
C14774,Lapsed / Hibernating,1,3,3,133,855,2,503.51,251.755,0.114,4,1012,0.5,0.0
C14776,New & Promising,5,2,2,522,24,1,151.99,151.99,0.0,1,24,0.0,0.0
C14777,Champions,4,5,5,455,39,59,10771.42,182.566,0.117,5,1079,0.119,0.038
C14778,Lapsed / Hibernating,1,2,1,121,869,1,52.68,52.68,1.0,1,869,1.0,0.0
C14779,Champions,4,4,3,443,34,5,461.87,92.374,0.347,7,179,1.0,0.2
C14780,Champions,3,5,5,355,174,12,2032.54,169.378,0.317,5,1023,0.333,0.077
C14782,Champions,5,5,5,555,19,42,7346.68,174.921,0.168,7,1054,0.905,0.109
C14783,Champions,4,4,4,444,40,7,1273.25,181.893,0.025,7,549,0.714,0.0
C14784,Champions,4,5,5,455,36,18,2878.86,159.937,0.166,7,990,0.111,0.098
C14785,Champions,4,5,5,455,33,29,6051.36,208.668,0.131,5,788,0.862,0.117
C14786,Steady Regulars,3,4,4,344,242,7,1051.61,150.23,0.317,4,678,0.286,0.083
C14788,Lapsed / Hibernating,1,2,1,121,729,1,17.99,17.99,0.0,1,729,0.0,0.0
C14791,Steady Regulars,3,4,3,343,137,4,563.0,140.75,0.432,3,413,1.0,0.0
C14792,New & Promising,3,4,1,341,153,4,49.98,12.495,0.0,3,269,1.0,0.6
C14793,Steady Regulars,3,4,5,345,336,4,1772.83,443.208,0.126,6,945,0.75,0.0
C14794,New & Promising,5,3,2,532,14,2,149.57,74.785,0.318,2,135,1.0,0.0
C14795,Lapsed / Hibernating,1,2,1,121,1031,1,28.99,28.99,0.0,1,1031,1.0,0.5
C14796,Champions,3,5,4,354,309,12,1352.25,112.688,0.369,7,846,1.0,0.0
C14797,Lapsed / Hibernating,1,2,1,121,862,1,34.98,34.98,0.0,1,862,1.0,0.0
C14798,New & Promising,4,3,2,432,50,2,185.98,92.99,0.0,1,183,1.0,0.0
C14799,Lapsed / Hibernating,1,2,3,123,1029,1,288.99,288.99,0.0,1,1029,1.0,0.0
C14800,Lapsed / Hibernating,2,5,4,254,433,12,1562.34,130.195,0.057,6,1019,0.083,0.174
C14801,Steady Regulars,4,2,2,422,53,1,220.97,220.97,0.0,3,53,1.0,0.0
C14803,Steady Regulars,2,2,2,222,365,1,198.98,198.98,0.0,2,365,0.0,0.0
C14805,Lapsed / Hibernating,2,4,3,243,460,6,613.27,102.212,0.327,5,725,0.167,0.0
C14807,Champions,5,5,5,555,9,36,5023.65,139.546,0.16,7,781,0.167,0.065
C14809,Lapsed / Hibernating,1,4,4,144,833,5,1006.55,201.31,0.073,5,1075,0.0,0.0
C14810,Lapsed / Hibernating,2,4,4,244,420,6,927.89,154.648,0.085,3,981,0.333,0.167
C14811,Lapsed / Hibernating,2,3,2,232,497,2,250.47,125.235,0.848,1,740,1.0,0.0
C14812,Deal Hunters,3,2,2,322,345,1,99.59,99.59,1.0,1,345,0.0,0.0
C14813,Champions,5,5,5,555,12,34,5417.56,159.34,0.11,7,1077,0.118,0.042
C14814,Lapsed / Hibernating,1,3,2,132,821,2,99.98,49.99,0.0,1,832,1.0,0.0
C14815,Lapsed / Hibernating,1,3,1,131,906,2,72.98,36.49,0.0,3,1029,1.0,0.5
C14816,Steady Regulars,4,3,3,433,72,3,539.88,179.96,0.0,3,154,1.0,0.0
C14818,Steady Regulars,4,3,3,433,103,3,501.73,167.243,0.386,3,356,1.0,0.25
C14820,Deal Hunters,3,2,2,322,144,1,150.16,150.16,0.634,4,144,1.0,0.0
C14822,Steady Regulars,4,3,4,434,60,3,960.3,320.1,0.061,3,200,0.0,0.0
C14824,New & Promising,4,2,1,421,51,1,16.99,16.99,0.0,1,51,1.0,0.0
C14825,Lapsed / Hibernating,1,4,4,144,999,4,861.86,215.465,0.0,4,1059,1.0,0.1
C14826,Steady Regulars,4,4,4,444,59,5,815.09,163.018,0.028,3,229,1.0,0.0
C14827,Lapsed / Hibernating,1,2,2,122,833,1,127.99,127.99,0.0,1,833,0.0,0.0
C14828,Lapsed / Hibernating,2,2,2,222,615,1,211.95,211.95,0.0,2,615,0.0,0.0
C14829,Steady Regulars,3,2,2,322,293,1,161.99,161.99,0.0,1,293,1.0,0.0
C14830,Champions,3,5,5,355,188,19,2904.74,152.881,0.084,6,970,0.842,0.051
C14831,New & Promising,3,3,2,332,324,2,92.98,46.49,0.0,2,506,0.5,0.0
C14832,Champions,4,5,5,455,96,20,3097.63,154.882,0.153,7,1095,0.95,0.029
C14833,Lapsed / Hibernating,2,5,5,255,695,20,3427.3,171.365,0.07,6,1095,0.25,0.095
C14834,Lapsed / Hibernating,1,2,1,121,878,1,27.89,27.89,0.082,1,878,0.0,0.5
C14837,Steady Regulars,5,4,4,544,14,6,849.45,141.575,0.211,4,322,0.833,0.0
C14839,Lapsed / Hibernating,2,3,2,232,479,2,228.17,114.085,0.15,1,491,0.5,0.0
C14840,Lapsed / Hibernating,2,4,4,244,657,9,1485.43,165.048,0.042,6,1088,0.0,0.056
C14841,Lapsed / Hibernating,1,3,3,133,1023,2,584.43,292.215,0.393,3,1042,0.0,0.0
C14842,New & Promising,3,2,1,321,218,1,0.0,0.0,0.0,1,218,1.0,1.0
C14843,Deal Hunters,4,2,1,421,33,1,54.58,54.58,1.0,1,33,1.0,0.0
C14844,New & Promising,3,2,1,321,276,1,64.99,64.99,0.0,1,276,1.0,0.0
C14846,Champions,3,5,5,355,134,26,3441.62,132.37,0.289,7,1091,0.077,0.088
C14848,Lapsed / Hibernating,2,3,3,233,536,3,658.91,219.637,0.0,4,661,0.0,0.143
C14849,Steady Regulars,3,4,2,342,144,4,174.89,43.722,0.0,3,545,1.0,0.143
C14850,Champions,3,5,5,355,200,12,2368.46,197.372,0.157,4,978,0.25,0.048
C14851,Lapsed / Hibernating,1,2,1,121,1043,1,22.49,22.49,1.0,1,1043,1.0,0.0
C14853,Steady Regulars,3,4,3,343,356,4,636.93,159.233,0.0,4,462,1.0,0.143
C14854,Steady Regulars,3,5,5,355,280,10,2706.04,270.604,0.023,4,451,0.5,0.125
C14855,Champions,4,5,5,455,71,49,8632.02,176.164,0.079,8,1042,0.143,0.107
C14856,Lapsed / Hibernating,1,2,2,122,930,1,218.95,218.95,0.0,2,930,0.0,0.0
C14857,Champions,5,4,4,544,20,5,990.54,198.108,0.077,6,253,1.0,0.0
C14858,Lapsed / Hibernating,2,2,3,223,458,1,412.97,412.97,0.0,2,458,1.0,0.0
C14861,Steady Regulars,3,3,4,334,304,2,680.94,340.47,0.0,2,417,1.0,0.0
C14862,Lapsed / Hibernating,2,4,4,244,555,8,1293.79,161.724,0.0,6,787,0.375,0.062
C14863,New & Promising,4,2,1,421,30,1,54.99,54.99,0.0,1,30,1.0,0.0
C14864,Steady Regulars,4,2,3,423,58,1,319.99,319.99,0.0,1,58,0.0,0.0
C14865,Champions,3,5,5,355,128,12,2165.35,180.446,0.315,5,706,0.167,0.087
C14866,Steady Regulars,3,4,4,344,169,8,926.99,115.874,0.014,4,894,0.125,0.286
C14867,Lapsed / Hibernating,2,4,5,245,662,9,1954.63,217.181,0.135,6,1077,0.333,0.08
C14868,Champions,3,5,5,355,339,18,2521.99,140.111,0.284,7,866,0.111,0.147
C14869,Lapsed / Hibernating,2,2,2,222,368,1,201.43,201.43,0.201,2,368,1.0,0.0
C14870,Steady Regulars,3,4,4,344,360,6,757.41,126.235,0.346,4,862,0.833,0.077
C14871,Steady Regulars,3,4,5,345,359,9,1922.57,213.619,0.033,4,856,1.0,0.056
C14873,Lapsed / Hibernating,2,5,4,254,402,12,1217.39,101.449,0.226,4,1057,0.0,0.136
C14874,Lapsed / Hibernating,1,2,2,122,923,1,90.99,90.99,0.0,1,923,1.0,0.0
C14875,Champions,5,5,5,555,3,20,3155.14,157.757,0.038,6,944,0.9,0.103
C14876,Champions,4,5,5,455,38,24,4442.87,185.12,0.161,8,1070,0.958,0.12
C14877,Lapsed / Hibernating,1,2,3,123,1016,1,324.99,324.99,0.0,1,1016,1.0,0.0
C14878,Lapsed / Hibernating,1,4,4,144,843,5,848.03,169.606,0.447,4,1094,0.0,0.0
C14880,Champions,4,5,4,454,44,15,1581.93,105.462,0.056,6,930,1.0,0.231
C14881,Lapsed / Hibernating,1,3,3,133,935,2,340.98,170.49,0.0,2,983,1.0,0.0
C14883,Champions,5,5,5,555,5,56,12763.85,227.926,0.1,6,1094,0.196,0.099
C14884,Lapsed / Hibernating,1,2,4,124,1044,1,836.97,836.97,0.0,1,1044,1.0,0.0
C14885,Champions,3,4,4,344,125,9,1525.19,169.466,0.132,5,857,1.0,0.15
C14886,Steady Regulars,4,3,4,434,28,3,1026.57,342.19,0.345,4,484,1.0,0.0
C14887,Champions,5,4,4,544,13,8,1346.05,168.256,0.209,6,701,0.875,0.0
C14888,Lapsed / Hibernating,1,2,1,121,823,1,40.99,40.99,0.0,1,823,0.0,0.0
C14889,Steady Regulars,3,4,4,344,276,6,924.84,154.14,0.0,6,868,1.0,0.083
C14890,Lapsed / Hibernating,1,3,2,132,925,2,104.75,52.375,0.024,4,954,0.0,0.25
C14891,New & Promising,3,2,1,321,337,1,9.99,9.99,0.0,1,337,0.0,0.0
C14893,Lapsed / Hibernating,1,2,1,121,931,1,39.78,39.78,0.221,2,931,0.0,0.0
C14894,Lapsed / Hibernating,2,4,4,244,601,4,750.95,187.738,0.0,1,1014,1.0,0.0
C14895,Champions,5,4,4,544,1,9,944.1,104.9,0.052,5,169,1.0,0.0
C14896,Lapsed / Hibernating,2,2,2,222,455,1,168.98,168.98,0.0,1,455,0.0,0.0
C14897,Champions,5,5,5,555,13,34,5562.65,163.607,0.063,7,864,0.971,0.09
C14898,Steady Regulars,3,2,2,322,350,1,196.96,196.96,0.0,2,350,1.0,0.0
C14899,Steady Regulars,5,3,3,533,19,3,509.38,169.793,0.159,4,144,0.667,0.1
C14900,Lapsed / Hibernating,2,2,1,221,703,1,75.98,75.98,0.0,1,703,1.0,0.0
C14901,New & Promising,3,2,1,321,231,1,51.98,51.98,0.0,1,231,0.0,0.0
C14903,Champions,5,4,4,544,16,9,1326.86,147.429,0.109,5,681,0.889,0.105
C14904,Deal Hunters,4,2,3,423,59,1,287.99,287.99,0.926,1,59,1.0,0.5
C14907,Deal Hunters,3,2,1,321,236,1,25.28,25.28,0.605,2,236,1.0,0.0
C14909,Champions,3,5,4,354,343,10,1696.78,169.678,0.03,7,1009,0.9,0.062
C14910,Champions,4,5,5,455,77,11,1826.8,166.073,0.0,6,1061,0.182,0.053
C14912,Lapsed / Hibernating,1,2,3,123,995,1,399.14,399.14,0.198,2,995,1.0,0.0
C14913,New & Promising,3,2,1,321,189,1,39.98,39.98,0.0,1,189,1.0,0.0
C14914,Lapsed / Hibernating,2,4,4,244,590,4,737.87,184.468,0.0,5,1075,0.25,0.0
C14915,Lapsed / Hibernating,1,4,4,144,898,8,1667.1,208.388,0.161,4,1073,0.125,0.176
C14916,Champions,5,5,5,555,1,19,3455.77,181.883,0.138,6,372,1.0,0.116
C14918,Lapsed / Hibernating,2,2,1,221,549,1,22.99,22.99,0.0,1,549,1.0,0.0
C14920,New & Promising,4,2,1,421,46,1,13.99,13.99,0.0,1,46,0.0,0.0
C14921,Lapsed / Hibernating,1,2,2,122,729,1,149.97,149.97,0.0,2,729,1.0,0.0
C14922,Deal Hunters,3,3,1,331,147,2,66.57,33.285,1.0,2,440,1.0,0.0
C14923,Deal Hunters,3,2,1,321,356,1,83.58,83.58,0.593,2,356,0.0,0.0
C14924,New & Promising,4,2,1,421,56,1,27.98,27.98,0.0,1,56,1.0,0.0
C14926,Champions,5,5,5,555,14,11,1984.08,180.371,0.038,6,943,1.0,0.167
C14927,New & Promising,3,2,1,321,227,1,18.99,18.99,0.0,1,227,1.0,0.0
C14928,Lapsed / Hibernating,2,2,1,221,376,1,26.99,26.99,0.0,1,376,1.0,0.0
C14929,Steady Regulars,3,2,3,323,217,1,446.98,446.98,0.0,2,217,1.0,0.0
C14930,Lapsed / Hibernating,2,3,3,233,636,2,349.95,174.975,0.049,3,970,1.0,0.0
C14932,Champions,4,5,5,455,29,38,5527.34,145.456,0.195,6,1064,0.974,0.095
C14933,New & Promising,5,3,2,532,8,3,170.54,56.847,0.379,2,137,0.667,0.0
C14934,New & Promising,4,2,1,421,101,1,63.99,63.99,0.0,1,101,1.0,0.0
C14935,Champions,3,4,5,345,132,8,1885.59,235.699,0.122,7,973,0.875,0.1
C14936,Champions,5,4,4,544,25,6,1021.91,170.318,0.115,6,192,0.833,0.0
C14938,Steady Regulars,3,3,3,333,232,2,595.93,297.965,0.0,4,322,1.0,0.0
C14939,Lapsed / Hibernating,2,3,3,233,527,3,311.97,103.99,0.141,5,637,0.333,0.0
C14940,Lapsed / Hibernating,1,2,2,122,764,1,195.91,195.91,0.0,5,764,0.0,0.0
C14941,Steady Regulars,4,4,4,444,91,4,899.49,224.872,0.076,4,742,0.25,0.0
C14942,Steady Regulars,3,4,5,345,194,9,1849.13,205.459,0.102,5,744,1.0,0.174
C14944,Steady Regulars,4,3,3,433,28,2,530.94,265.47,0.028,4,386,1.0,0.143
C14945,Steady Regulars,4,4,4,444,100,6,884.78,147.463,0.0,4,667,0.0,0.105
C14946,Champions,3,5,4,354,230,15,1470.08,98.005,0.244,5,1074,0.867,0.077
C14947,Lapsed / Hibernating,2,4,4,244,439,8,674.03,84.254,0.075,4,1065,0.875,0.25
C14948,Lapsed / Hibernating,2,4,4,244,474,7,1596.4,228.057,0.019,7,740,0.714,0.095
C14949,Lapsed / Hibernating,1,2,1,121,885,1,11.99,11.99,0.0,1,885,1.0,0.0
C14950,Lapsed / Hibernating,2,2,1,221,443,1,32.97,32.97,0.0,1,443,0.0,0.0
C14952,New & Promising,4,3,2,432,49,2,170.96,85.48,0.0,2,98,0.5,0.25
C14953,Steady Regulars,3,2,2,322,356,1,116.97,116.97,0.0,2,356,0.0,0.0
C14955,Lapsed / Hibernating,1,2,1,121,787,1,32.99,32.99,0.0,1,787,1.0,0.0
C14956,New & Promising,4,2,1,421,109,1,83.97,83.97,0.0,2,109,1.0,0.0
C14957,Champions,5,5,4,554,19,12,1366.44,113.87,0.212,6,716,0.833,0.045
C14958,Steady Regulars,3,2,2,322,296,1,229.97,229.97,0.0,2,296,1.0,0.0
C14959,Steady Regulars,3,2,2,322,246,1,153.97,153.97,0.0,2,246,1.0,0.0
C14960,Champions,5,5,5,555,21,74,14636.17,197.786,0.119,8,1043,0.959,0.113
C14961,New & Promising,3,2,1,321,351,1,37.98,37.98,0.0,1,351,0.0,0.0
C14964,Lapsed / Hibernating,2,2,1,221,524,1,27.99,27.99,0.0,1,524,0.0,0.0
C14967,Lapsed / Hibernating,1,2,1,121,803,1,66.97,66.97,0.0,2,803,0.0,0.0
C14970,Lapsed / Hibernating,1,2,1,121,884,1,23.98,23.98,0.0,1,884,0.0,0.0
C14972,Steady Regulars,4,3,2,432,30,2,173.99,86.995,0.0,2,570,1.0,0.667
C14973,Champions,5,5,5,555,12,18,2403.82,133.546,0.031,7,1035,1.0,0.062
C14974,Lapsed / Hibernating,1,2,1,121,1078,1,0.0,0.0,0.0,1,1078,1.0,1.0
C14975,Steady Regulars,5,4,3,543,24,4,464.93,116.232,0.0,3,656,0.75,0.143
C14976,New & Promising,4,2,1,421,85,1,26.99,26.99,0.0,1,85,1.0,0.0
C14977,Lapsed / Hibernating,1,4,5,145,763,8,1735.31,216.914,0.129,5,1088,0.125,0.067
C14978,Champions,4,5,5,455,54,17,2296.91,135.112,0.382,7,662,0.235,0.118
C14980,Lapsed / Hibernating,1,3,2,132,750,3,228.96,76.32,0.0,3,893,1.0,0.0
C14982,Lapsed / Hibernating,1,2,2,122,978,1,157.98,157.98,0.0,1,978,1.0,0.0
C14983,Champions,4,5,4,454,73,13,926.27,71.252,0.069,6,982,0.692,0.05
C14987,Lapsed / Hibernating,1,2,1,121,808,1,56.99,56.99,0.0,1,808,0.0,0.0
C14988,Steady Regulars,3,4,4,344,216,4,734.93,183.733,0.233,4,573,1.0,0.167
C14989,Lapsed / Hibernating,2,2,1,221,487,1,41.99,41.99,0.0,1,487,1.0,0.0
C14991,Champions,4,5,5,455,74,23,2993.65,130.159,0.173,7,1048,0.13,0.106
C14992,Lapsed / Hibernating,2,2,1,221,446,1,20.99,20.99,0.0,1,446,1.0,0.0
C14994,Champions,3,5,4,354,201,11,1411.33,128.303,0.176,6,926,0.909,0.143
C14995,Lapsed / Hibernating,1,2,2,122,876,1,135.13,135.13,1.0,1,876,0.0,0.0
C14997,Lapsed / Hibernating,2,3,3,233,426,3,582.04,194.013,0.23,4,727,0.333,0.0
C14998,New & Promising,4,2,2,422,44,1,185.98,185.98,0.0,2,44,1.0,0.0
C14999,Champions,5,4,4,544,11,5,1014.85,202.97,0.171,5,421,0.2,0.154
C15000,Champions,5,5,5,555,6,19,3552.69,186.984,0.095,6,758,1.0,0.186
C15001,Lapsed / Hibernating,2,5,4,254,402,10,1280.37,128.037,0.128,5,1055,1.0,0.05
C15002,Champions,4,5,5,455,50,15,1831.29,122.086,0.154,8,470,0.867,0.1
C15004,Lapsed / Hibernating,2,4,3,243,642,4,314.13,78.532,0.281,4,969,1.0,0.0
C15005,Champions,5,5,5,555,3,18,3022.61,167.923,0.099,8,374,1.0,0.083
C15007,Lapsed / Hibernating,1,2,2,122,1002,1,242.97,242.97,0.0,1,1002,1.0,0.0
C15008,Lapsed / Hibernating,2,2,3,223,489,1,490.95,490.95,0.0,3,489,0.0,0.0
C15009,Steady Regulars,3,3,3,333,332,2,284.94,142.47,0.0,3,617,1.0,0.0
C15011,Lapsed / Hibernating,1,4,3,143,1039,5,592.61,118.522,0.178,7,1088,1.0,0.091
C15012,Steady Regulars,4,4,4,444,117,5,1039.24,207.848,0.196,3,756,0.2,0.0
C15013,Lapsed / Hibernating,2,4,3,243,375,4,457.88,114.47,0.249,4,706,0.5,0.0
C15014,Lapsed / Hibernating,2,2,2,222,601,1,92.57,92.57,0.698,2,601,0.0,0.0
C15015,Lapsed / Hibernating,1,4,4,144,1013,6,1625.46,270.91,0.011,4,1083,0.167,0.133
C15016,Lapsed / Hibernating,2,5,5,255,524,34,7541.77,221.817,0.072,6,1093,0.882,0.064
C15019,Lapsed / Hibernating,2,4,3,243,556,5,605.48,121.096,0.062,4,744,1.0,0.0
C15020,Lapsed / Hibernating,1,4,4,144,785,6,1040.17,173.362,0.205,6,1083,0.667,0.0
C15021,Champions,3,5,5,355,202,28,6827.34,243.834,0.14,6,1029,0.071,0.119
C15023,Lapsed / Hibernating,2,2,1,221,388,1,15.19,15.19,1.0,1,388,0.0,0.0
C15024,Steady Regulars,3,3,3,333,126,3,370.36,123.453,0.062,4,360,1.0,0.25
C15025,Lapsed / Hibernating,2,4,4,244,380,8,966.17,120.771,0.117,5,710,1.0,0.111
C15027,New & Promising,5,2,1,521,14,1,20.99,20.99,0.0,1,14,0.0,0.0
C15030,Champions,5,5,5,555,13,44,8037.61,182.673,0.067,7,996,0.227,0.08
C15032,Lapsed / Hibernating,2,3,4,234,507,2,983.48,491.74,0.124,3,910,1.0,0.0
C15033,Champions,5,5,4,554,24,10,806.74,80.674,0.122,5,370,0.9,0.182
C15034,Champions,5,5,5,555,17,24,5036.63,209.86,0.391,8,356,0.042,0.041
C15035,Steady Regulars,3,3,3,333,211,3,509.93,169.977,0.0,2,683,1.0,0.0
C15036,Steady Regulars,3,5,5,355,177,10,2141.6,214.16,0.022,4,833,1.0,0.053
C15037,Steady Regulars,3,3,2,332,254,2,207.95,103.975,0.0,4,348,1.0,0.0
C15038,Lapsed / Hibernating,2,3,4,234,539,3,925.67,308.557,0.156,5,688,1.0,0.0
C15040,Deal Hunters,4,2,1,421,68,1,16.18,16.18,1.0,1,68,1.0,0.0
C15041,Champions,3,5,5,355,303,13,2985.59,229.661,0.033,7,512,0.923,0.088
C15042,Steady Regulars,3,2,3,323,299,1,551.98,551.98,0.0,1,299,1.0,0.0
C15043,Champions,4,5,4,454,48,13,1409.34,108.411,0.047,5,1074,0.154,0.115
C15044,Lapsed / Hibernating,2,3,2,232,635,3,208.95,69.65,0.0,3,903,1.0,0.0
C15045,Lapsed / Hibernating,1,2,3,123,1093,1,417.37,417.37,0.955,2,1093,0.0,0.0
C15048,New & Promising,5,2,1,521,8,1,34.99,34.99,0.0,1,8,1.0,0.0
C15049,Lapsed / Hibernating,2,3,3,233,505,2,408.48,204.24,0.089,3,794,0.0,0.0
C15050,Lapsed / Hibernating,1,2,2,122,933,1,175.98,175.98,0.0,2,933,1.0,0.0
C15052,Lapsed / Hibernating,2,4,4,244,412,4,879.86,219.965,0.02,5,992,0.25,0.0
C15053,New & Promising,5,2,1,521,3,1,35.98,35.98,0.0,2,3,1.0,0.5
C15054,Champions,5,5,5,555,9,27,4701.1,174.115,0.131,7,783,0.926,0.111
C15057,Lapsed / Hibernating,1,3,3,133,740,3,283.04,94.347,0.124,3,1090,0.667,0.0
C15058,Steady Regulars,3,4,4,344,228,6,939.53,156.588,0.258,6,678,1.0,0.188
C15059,Steady Regulars,4,2,2,422,49,1,245.95,245.95,0.0,3,49,0.0,0.0
C15060,Steady Regulars,3,2,3,323,220,1,269.97,269.97,0.0,1,220,1.0,0.0
C15061,Lapsed / Hibernating,2,4,4,244,487,6,989.24,164.873,0.107,6,789,0.167,0.077
C15065,Lapsed / Hibernating,1,3,3,133,941,2,566.95,283.475,0.0,2,1013,1.0,0.25
C15066,Steady Regulars,4,4,3,443,56,6,639.1,106.517,0.268,5,726,0.167,0.0
C15069,Steady Regulars,3,4,5,345,291,8,2114.54,264.318,0.023,5,1014,0.875,0.056
C15070,Steady Regulars,3,4,4,344,225,9,1610.58,178.953,0.017,4,977,1.0,0.1
C15071,Champions,5,5,5,555,15,24,4445.94,185.247,0.039,5,595,0.833,0.127
C15073,Champions,5,5,5,555,12,15,1776.44,118.429,0.038,4,1003,0.933,0.107
C15074,Lapsed / Hibernating,2,2,2,222,664,1,131.97,131.97,0.0,2,664,0.0,0.0
C15077,New & Promising,4,2,1,421,79,1,51.99,51.99,0.0,1,79,1.0,0.0
C15079,Deal Hunters,3,2,1,321,332,1,0.0,0.0,1.0,1,332,0.0,1.0
C15080,Steady Regulars,3,2,2,322,277,1,131.97,131.97,0.0,2,277,1.0,0.0
C15082,Steady Regulars,3,3,3,333,167,2,448.64,224.32,0.608,3,371,0.0,0.0
C15084,Champions,5,5,5,555,5,31,6989.89,225.48,0.197,7,1086,0.839,0.059
C15086,Lapsed / Hibernating,1,2,1,121,935,1,75.99,75.99,0.0,1,935,1.0,0.0
C15087,Steady Regulars,3,4,3,343,215,4,419.91,104.977,0.0,5,989,1.0,0.3
C15088,Lapsed / Hibernating,2,2,3,223,569,1,286.98,286.98,0.0,3,569,1.0,0.5
C15089,New & Promising,5,3,2,532,1,3,114.97,38.323,0.0,3,381,1.0,0.5
C15092,Champions,5,5,5,555,7,17,4150.55,244.15,0.322,7,956,0.941,0.0
C15093,New & Promising,3,3,2,332,162,2,113.96,56.98,0.0,2,318,1.0,0.0
C15094,Champions,3,4,4,344,181,9,998.99,110.999,0.138,7,1049,0.667,0.053
C15095,Champions,5,4,3,543,5,7,493.09,70.441,0.037,4,421,0.857,0.222
C15096,Lapsed / Hibernating,1,2,1,121,868,1,53.98,53.98,0.0,1,868,1.0,0.0
C15097,Lapsed / Hibernating,2,2,1,221,383,1,57.17,57.17,0.475,2,383,1.0,0.0
C15098,New & Promising,5,3,2,532,16,2,239.66,119.83,0.274,2,58,0.0,0.0
C15099,New & Promising,3,2,1,321,184,1,0.0,0.0,0.0,1,184,1.0,1.0
C15102,Steady Regulars,5,4,3,543,1,4,654.92,163.73,0.0,4,201,0.0,0.0
C15103,Lapsed / Hibernating,1,2,1,121,839,1,49.98,49.98,0.0,1,839,0.0,0.0
C15104,New & Promising,3,2,1,321,283,1,63.98,63.98,0.0,2,283,0.0,0.0
C15106,Lapsed / Hibernating,1,4,4,144,750,5,1424.36,284.872,0.045,5,1014,0.0,0.0
C15107,Lapsed / Hibernating,1,3,3,133,878,3,415.84,138.613,0.274,3,1037,1.0,0.0
C15108,Champions,5,5,4,554,26,11,1291.62,117.42,0.155,5,544,1.0,0.0
C15114,Lapsed / Hibernating,1,2,3,123,870,1,381.97,381.97,0.0,2,870,1.0,0.0
C15115,Champions,5,5,5,555,12,11,2533.29,230.299,0.025,7,634,0.909,0.103
C15117,New & Promising,5,2,1,521,13,1,22.99,22.99,0.0,1,13,1.0,0.5
C15118,Lapsed / Hibernating,2,4,3,243,390,5,439.55,87.91,0.13,3,710,0.0,0.167
C15119,Champions,4,4,4,444,115,8,1387.84,173.48,0.0,6,835,0.0,0.071
C15120,Steady Regulars,4,4,3,443,71,5,594.91,118.982,0.0,5,296,1.0,0.0
C15121,Champions,5,5,5,555,13,36,7538.44,209.401,0.096,6,1093,0.917,0.073
C15123,Lapsed / Hibernating,1,2,1,121,1031,1,0.0,0.0,0.0,1,1031,1.0,1.0
C15124,Lapsed / Hibernating,2,2,2,222,521,1,255.98,255.98,0.0,1,521,0.0,0.0
C15125,Lapsed / Hibernating,1,2,2,122,792,1,201.98,201.98,0.0,1,792,0.0,0.0
C15126,New & Promising,3,2,1,321,296,1,22.99,22.99,0.0,1,296,1.0,0.0
C15127,Lapsed / Hibernating,2,2,1,221,443,1,81.98,81.98,0.0,3,443,0.0,0.333
C15128,Steady Regulars,5,4,4,544,6,6,766.38,127.73,0.469,2,789,0.167,0.111
C15129,Champions,4,4,4,444,28,9,1522.67,169.186,0.103,5,466,0.111,0.125
C15130,Steady Regulars,3,3,3,333,307,2,541.89,270.945,0.0,2,363,1.0,0.0
C15132,Lapsed / Hibernating,1,2,1,121,801,1,0.0,0.0,0.0,1,801,1.0,1.0
C15134,Champions,4,4,5,445,36,9,2165.53,240.614,0.046,4,423,1.0,0.118
C15135,Lapsed / Hibernating,2,3,3,233,592,3,512.94,170.98,0.0,3,724,0.0,0.0
C15137,New & Promising,3,2,2,322,224,1,125.96,125.96,0.0,1,224,1.0,0.0
C15138,Steady Regulars,3,4,4,344,178,9,1323.99,147.11,0.17,4,849,1.0,0.211
C15139,Champions,5,5,5,555,21,17,3396.94,199.82,0.08,5,559,0.118,0.073
C15140,Champions,4,5,4,454,35,12,918.48,76.54,0.468,6,1075,1.0,0.105
C15141,Lapsed / Hibernating,1,2,1,121,973,1,62.89,62.89,1.0,1,973,1.0,0.0
C15142,Steady Regulars,3,4,4,344,158,4,1108.91,277.228,0.0,4,441,1.0,0.0
C15143,Deal Hunters,5,2,1,521,16,1,62.97,62.97,1.0,1,16,0.0,0.0
C15144,Lapsed / Hibernating,2,2,1,221,692,1,77.99,77.99,0.0,1,692,0.0,0.0
C15147,Deal Hunters,3,3,3,333,282,3,467.68,155.893,0.656,2,433,0.333,0.0
C15148,Champions,5,5,5,555,8,23,6149.28,267.36,0.082,8,587,0.913,0.14
C15149,Lapsed / Hibernating,2,2,1,221,649,1,27.74,27.74,1.0,1,649,0.0,0.5
C15150,Lapsed / Hibernating,1,2,1,121,797,1,0.0,0.0,0.0,1,797,1.0,1.0
C15151,Champions,4,5,5,455,44,17,1761.83,103.637,0.043,7,1072,0.941,0.033
C15155,Champions,4,5,5,455,81,15,2001.03,133.402,0.062,7,1095,0.867,0.065
C15156,Lapsed / Hibernating,1,2,2,122,886,1,262.98,262.98,0.0,3,886,1.0,0.333
C15157,Lapsed / Hibernating,1,2,1,121,1095,1,71.97,71.97,0.0,2,1095,0.0,0.0
C15158,Champions,4,5,5,455,90,23,3846.62,167.244,0.004,6,923,0.87,0.031
C15159,Lapsed / Hibernating,2,3,1,231,494,2,52.96,26.48,0.0,2,763,0.0,0.0
C15161,New & Promising,4,2,1,421,43,1,28.99,28.99,0.0,2,43,1.0,0.5
C15162,Champions,3,5,5,355,238,15,3072.27,204.818,0.052,4,1058,0.267,0.0
C15163,Champions,5,5,5,555,13,27,6564.33,243.123,0.181,6,1063,0.296,0.078
C15165,Lapsed / Hibernating,1,3,1,131,1093,2,17.98,8.99,0.0,2,1095,0.5,0.667
C15166,Lapsed / Hibernating,2,2,2,222,398,1,88.17,88.17,1.0,2,398,1.0,0.0
C15167,Steady Regulars,4,4,3,443,32,4,622.71,155.678,0.496,4,617,0.0,0.0
C15168,Champions,5,5,5,555,14,29,5654.25,194.974,0.088,7,668,0.828,0.095
C15169,New & Promising,3,2,1,321,340,1,59.98,59.98,0.0,1,340,1.0,0.0
C15170,Steady Regulars,5,4,4,544,5,4,706.69,176.672,0.027,5,80,1.0,0.0
C15171,Steady Regulars,3,2,2,322,246,1,153.96,153.96,0.0,3,246,0.0,0.0
C15172,Lapsed / Hibernating,2,4,3,243,469,4,449.9,112.475,0.0,3,567,1.0,0.1
C15173,New & Promising,3,2,1,321,206,1,62.99,62.99,0.0,2,206,1.0,0.5
C15174,Champions,4,5,5,455,34,49,8264.07,168.654,0.079,6,1078,0.857,0.117
C15175,Lapsed / Hibernating,2,3,4,234,411,3,804.58,268.193,0.089,5,483,1.0,0.0
C15176,Steady Regulars,4,2,3,423,97,1,372.97,372.97,0.0,2,97,1.0,0.0
C15177,Champions,4,5,5,455,63,15,3340.57,222.705,0.034,7,1018,0.067,0.03
C15178,Champions,3,5,5,355,204,16,2934.07,183.379,0.023,7,569,0.375,0.0
C15179,New & Promising,3,2,1,321,336,1,21.98,21.98,0.0,1,336,1.0,0.0
C15180,Steady Regulars,3,4,4,344,132,6,1183.0,197.167,0.288,4,576,1.0,0.077
C15184,Champions,5,5,4,554,4,17,1687.9,99.288,0.141,5,494,0.882,0.118
C15185,New & Promising,5,2,2,522,8,1,263.95,263.95,0.0,4,8,1.0,0.0
C15186,Deal Hunters,3,2,1,321,167,1,35.69,35.69,1.0,1,167,1.0,0.0
C15187,Steady Regulars,3,3,3,333,264,3,516.93,172.31,0.0,3,514,1.0,0.25
C15188,Lapsed / Hibernating,1,2,1,121,945,1,44.99,44.99,0.0,1,945,1.0,0.0
C15190,Deal Hunters,4,2,1,421,34,1,59.47,59.47,1.0,2,34,1.0,0.0
C15191,Champions,4,5,5,455,40,19,4254.8,223.937,0.024,6,932,0.158,0.106
C15192,Lapsed / Hibernating,1,2,1,121,817,1,8.99,8.99,0.0,1,817,0.0,0.0
C15193,Lapsed / Hibernating,1,2,2,122,1073,1,124.96,124.96,0.0,2,1073,0.0,0.0
C15194,Lapsed / Hibernating,2,2,1,221,476,1,58.98,58.98,0.0,2,476,1.0,0.0
C15195,Champions,4,4,5,445,58,8,2010.29,251.286,0.09,6,563,1.0,0.0
C15197,Lapsed / Hibernating,2,2,1,221,513,1,52.99,52.99,0.0,1,513,1.0,0.0
C15198,Lapsed / Hibernating,2,2,1,221,415,1,42.99,42.99,0.0,1,415,1.0,0.0
C15199,Champions,4,5,5,455,51,17,4185.33,246.196,0.129,6,933,0.118,0.023
C15200,Steady Regulars,3,4,4,344,209,4,933.56,233.39,0.218,5,525,1.0,0.1
C15201,Steady Regulars,3,3,2,332,332,2,209.94,104.97,0.0,3,583,0.0,0.0
C15202,Lapsed / Hibernating,1,4,4,144,1061,4,758.9,189.725,0.0,4,1092,0.5,0.0
C15203,Steady Regulars,3,4,4,344,327,6,849.25,141.542,0.324,4,1023,0.0,0.083
C15208,Lapsed / Hibernating,1,2,3,123,1048,1,322.98,322.98,0.0,2,1048,1.0,0.0
C15209,Steady Regulars,3,2,3,323,224,1,428.97,428.97,0.0,2,224,1.0,0.0
C15211,Steady Regulars,3,2,3,323,262,1,367.97,367.97,0.0,2,262,1.0,0.0
C15213,Deal Hunters,4,2,1,421,34,1,12.59,12.59,1.0,1,34,1.0,0.0
C15214,Lapsed / Hibernating,1,4,4,144,734,5,738.87,147.774,0.0,6,1086,0.0,0.0
C15216,Lapsed / Hibernating,2,3,3,233,370,3,633.55,211.183,0.044,4,825,0.333,0.429
C15217,Lapsed / Hibernating,2,2,2,222,515,1,90.99,90.99,0.0,1,515,0.0,0.5
C15218,Steady Regulars,4,4,3,443,64,4,398.03,99.508,0.246,3,246,0.75,0.0
C15219,Champions,4,5,5,455,36,16,2588.32,161.77,0.253,6,769,0.375,0.088
C15220,Champions,3,5,5,355,279,23,3481.56,151.372,0.185,6,1045,0.783,0.023
C15221,Champions,4,5,5,455,80,18,4967.73,275.985,0.029,6,1076,0.889,0.024
C15222,New & Promising,4,2,1,421,49,1,59.98,59.98,0.0,2,49,1.0,0.0
C15223,Lapsed / Hibernating,2,2,2,222,388,1,120.99,120.99,0.0,1,388,1.0,0.0
C15224,Steady Regulars,5,4,3,543,18,7,582.48,83.211,0.084,3,404,0.857,0.125
C15225,Champions,5,4,4,544,4,5,1551.72,310.344,0.132,6,27,0.2,0.071
C15227,Steady Regulars,3,4,4,344,152,4,872.06,218.015,0.046,4,307,1.0,0.083
C15228,Champions,4,4,5,445,122,8,2550.84,318.855,0.252,6,948,0.375,0.105
C15229,Champions,4,5,5,455,83,40,10318.98,257.974,0.087,7,1052,0.2,0.092
C15230,Lapsed / Hibernating,1,2,1,121,737,1,21.99,21.99,0.0,1,737,0.0,0.0
C15233,Steady Regulars,4,3,3,433,35,3,427.62,142.54,0.28,4,562,1.0,0.0
C15234,Champions,5,5,5,555,5,15,2496.95,166.463,0.205,6,1084,0.933,0.08
C15235,Steady Regulars,4,3,3,433,49,2,285.92,142.96,0.0,3,90,0.0,0.0
C15237,Lapsed / Hibernating,1,2,1,121,1053,1,53.09,53.09,1.0,1,1053,1.0,0.0
C15238,New & Promising,5,3,2,532,24,3,215.75,71.917,0.337,3,85,0.333,0.0
C15239,Steady Regulars,3,2,3,323,324,1,278.98,278.98,0.0,2,324,1.0,0.333
C15240,Steady Regulars,3,2,3,323,151,1,317.98,317.98,0.0,2,151,0.0,0.0
C15241,New & Promising,4,2,1,421,57,1,29.97,29.97,0.0,1,57,1.0,0.0
C15242,Lapsed / Hibernating,2,2,2,222,548,1,232.17,232.17,0.823,2,548,1.0,0.0
C15243,Champions,3,5,5,355,134,25,6078.76,243.15,0.081,8,1011,0.36,0.042
C15244,Lapsed / Hibernating,2,2,1,221,477,1,75.97,75.97,0.0,2,477,0.0,0.0
C15246,New & Promising,4,2,2,422,39,1,151.99,151.99,0.0,1,39,1.0,0.0
C15247,Lapsed / Hibernating,1,3,1,131,706,2,54.58,27.29,0.286,1,978,1.0,0.0
C15249,New & Promising,5,3,2,532,12,3,243.54,81.18,0.056,3,75,1.0,0.0
C15250,New & Promising,3,2,1,321,218,1,17.99,17.99,0.0,1,218,1.0,0.0
C15252,Steady Regulars,3,2,2,322,339,1,140.95,140.95,0.0,2,339,0.0,0.0
C15253,Lapsed / Hibernating,1,2,1,121,1094,1,78.99,78.99,0.0,1,1094,1.0,0.0
C15254,Steady Regulars,3,4,4,344,282,8,1050.13,131.266,0.43,4,970,0.125,0.071
C15255,Steady Regulars,4,2,3,423,64,1,374.95,374.95,0.0,3,64,1.0,0.0
C15256,Lapsed / Hibernating,2,2,1,221,378,1,41.59,41.59,1.0,1,378,0.0,0.0
C15257,Lapsed / Hibernating,1,3,4,134,1040,3,1315.84,438.613,0.0,6,1091,1.0,0.0
C15258,Lapsed / Hibernating,1,3,3,133,855,3,594.91,198.303,0.0,3,1096,0.0,0.222
C15259,Steady Regulars,3,4,2,342,185,5,207.11,41.422,0.109,4,456,0.0,0.125
C15260,Champions,4,4,4,444,28,6,945.84,157.64,0.23,6,317,1.0,0.067
C15261,Lapsed / Hibernating,1,2,2,122,1059,1,137.98,137.98,0.0,2,1059,1.0,0.0
C15262,Steady Regulars,4,2,2,422,117,1,232.95,232.95,0.0,2,117,1.0,0.0
C15263,Lapsed / Hibernating,1,2,1,121,771,1,39.87,39.87,1.0,1,771,0.0,0.0
C15264,Steady Regulars,5,3,3,533,5,3,358.95,119.65,0.0,3,119,1.0,0.0
C15265,Champions,5,5,5,555,5,51,8370.79,164.133,0.168,8,1029,0.098,0.108
C15266,Deal Hunters,5,2,1,521,14,1,49.49,49.49,1.0,1,14,1.0,0.0
C15268,New & Promising,3,2,1,321,128,1,63.99,63.99,0.0,1,128,1.0,0.0
C15270,Champions,5,5,5,555,26,33,5640.15,170.914,0.167,8,1013,0.182,0.025
C15271,Lapsed / Hibernating,2,2,1,221,546,1,21.98,21.98,0.0,1,546,0.0,0.0
C15274,Champions,5,5,5,555,16,15,3149.96,209.997,0.167,5,771,0.133,0.026
C15275,Steady Regulars,5,4,3,543,14,4,377.49,94.372,0.315,3,514,1.0,0.143
C15278,Steady Regulars,3,2,3,323,249,1,482.97,482.97,0.0,1,249,1.0,0.0
C15279,Champions,4,5,5,455,36,18,2626.02,145.89,0.139,6,373,0.056,0.026
C15280,Lapsed / Hibernating,1,4,3,143,722,4,327.74,81.935,0.118,4,940,1.0,0.0
C15282,Lapsed / Hibernating,1,2,4,124,1024,1,891.0,891.0,0.09,5,1024,1.0,0.0
C15284,Lapsed / Hibernating,1,2,1,121,1021,1,28.99,28.99,0.0,1,1021,1.0,0.0
C15286,Champions,5,5,4,554,14,10,729.68,72.968,0.093,4,525,1.0,0.222
C15287,Steady Regulars,3,4,4,344,277,8,1500.7,187.588,0.352,5,626,0.0,0.111
C15289,Deal Hunters,3,2,3,323,169,1,390.97,390.97,1.0,2,169,1.0,0.0
C15291,New & Promising,3,3,2,332,327,3,148.95,49.65,0.0,2,410,1.0,0.429
C15292,Lapsed / Hibernating,1,4,4,144,852,9,1285.54,142.838,0.017,6,1090,0.222,0.059
C15294,Champions,3,5,4,354,204,11,1007.72,91.611,0.225,7,847,1.0,0.269
C15295,Lapsed / Hibernating,2,4,4,244,478,8,1026.04,128.255,0.041,7,760,1.0,0.111
C15296,Lapsed / Hibernating,1,4,4,144,745,6,1262.18,210.363,0.22,6,972,0.333,0.105
C15297,Lapsed / Hibernating,1,4,3,143,813,4,555.3,138.825,0.256,4,945,1.0,0.0
C15298,Lapsed / Hibernating,1,2,1,121,899,1,16.14,16.14,1.0,1,899,0.0,0.0
C15300,Champions,5,5,5,555,13,16,2844.84,177.802,0.171,6,1073,1.0,0.125
C15301,Champions,4,5,5,455,109,19,3765.57,198.188,0.165,7,1056,0.789,0.098
C15302,Lapsed / Hibernating,2,5,4,254,444,11,1159.8,105.436,0.0,4,1096,1.0,0.176
C15305,Steady Regulars,4,3,4,434,101,2,989.92,494.96,0.0,3,327,1.0,0.0
C15306,Lapsed / Hibernating,2,4,4,244,378,5,1046.35,209.27,0.135,6,594,0.8,0.083
C15308,Steady Regulars,3,3,3,333,150,2,461.9,230.95,0.0,4,381,0.5,0.0
C15309,Lapsed / Hibernating,2,2,2,222,367,1,199.98,199.98,0.0,1,367,0.0,0.0
C15311,Lapsed / Hibernating,1,2,1,121,746,1,41.99,41.99,0.0,1,746,1.0,0.0
C15312,Deal Hunters,4,2,3,423,33,1,361.88,361.88,1.0,1,33,0.0,0.0
C15313,Lapsed / Hibernating,1,3,4,134,931,2,806.94,403.47,0.0,3,1065,1.0,0.0
C15314,Deal Hunters,4,2,1,421,28,1,32.79,32.79,1.0,1,28,1.0,0.5
C15315,Steady Regulars,4,3,3,433,73,3,351.94,117.313,0.0,3,366,1.0,0.0
C15316,Champions,3,5,5,355,347,17,4405.32,259.136,0.136,8,1089,0.412,0.044
C15317,Steady Regulars,3,4,4,344,219,7,836.73,119.533,0.04,4,836,1.0,0.111
C15319,Champions,5,5,5,555,4,17,1880.11,110.595,0.156,5,355,1.0,0.114
C15320,Deal Hunters,4,2,2,422,32,1,149.76,149.76,1.0,1,32,1.0,0.0
C15324,Steady Regulars,3,3,2,332,273,3,192.96,64.32,0.0,2,631,1.0,0.0
C15325,Steady Regulars,5,4,4,544,20,4,791.64,197.91,0.062,4,247,0.0,0.071
C15326,Lapsed / Hibernating,2,4,3,243,379,4,279.72,69.93,0.274,5,777,0.25,0.167
C15327,Champions,3,5,5,355,174,10,2154.54,215.454,0.16,6,694,0.2,0.0
C15328,Lapsed / Hibernating,2,5,4,254,383,21,1636.51,77.929,0.179,8,744,0.19,0.025
C15329,Lapsed / Hibernating,1,4,4,144,794,4,723.15,180.788,0.021,4,1020,1.0,0.0
C15330,New & Promising,3,2,2,322,220,1,86.97,86.97,0.0,3,220,0.0,0.333
C15332,Champions,5,5,5,555,8,38,5110.43,134.485,0.212,7,1079,0.947,0.038
C15334,Steady Regulars,4,4,2,442,73,4,264.51,66.128,0.129,5,361,1.0,0.222
C15335,Lapsed / Hibernating,2,2,1,221,657,1,27.99,27.99,0.74,2,657,1.0,0.5
C15336,Lapsed / Hibernating,1,4,5,145,721,6,2067.73,344.622,0.211,6,1074,1.0,0.053
C15337,Lapsed / Hibernating,2,3,3,233,494,2,439.84,219.92,0.12,3,536,1.0,0.0
C15338,Champions,3,5,5,355,125,18,2897.52,160.973,0.216,5,830,0.944,0.162
C15339,Steady Regulars,5,4,4,544,23,5,1709.58,341.916,0.038,4,200,1.0,0.0
C15341,Champions,5,5,5,555,26,16,3013.19,188.324,0.142,8,1069,0.062,0.079
C15342,Lapsed / Hibernating,1,2,2,122,991,1,89.96,89.96,0.0,1,991,1.0,0.0
C15343,Lapsed / Hibernating,2,4,4,244,503,6,1062.21,177.035,0.306,5,772,1.0,0.143
C15344,Steady Regulars,5,4,4,544,1,6,865.79,144.298,0.021,2,289,0.667,0.0
C15346,Lapsed / Hibernating,1,4,4,144,740,8,1682.92,210.365,0.019,7,1046,1.0,0.111
C15347,Steady Regulars,4,4,3,443,29,4,324.66,81.165,0.444,2,280,1.0,0.286
C15348,Lapsed / Hibernating,1,2,1,121,906,1,30.99,30.99,0.0,1,906,1.0,0.0
C15349,Champions,3,4,5,345,176,9,2283.34,253.704,0.206,7,1015,0.222,0.0
C15350,Lapsed / Hibernating,2,5,5,255,381,10,2267.97,226.797,0.167,7,923,1.0,0.095
C15351,Champions,5,5,5,555,1,15,3235.17,215.678,0.439,8,1006,0.933,0.086
C15352,Lapsed / Hibernating,2,2,1,221,679,1,48.99,48.99,0.0,1,679,1.0,0.0
C15354,Champions,4,5,5,455,32,35,7052.47,201.499,0.188,8,902,0.886,0.115
C15355,Deal Hunters,3,3,3,333,331,2,291.08,145.54,0.753,2,769,0.0,0.0
C15356,Steady Regulars,3,2,3,323,231,1,434.98,434.98,0.0,2,231,1.0,0.0
C15357,Steady Regulars,4,4,3,443,120,9,652.72,72.524,0.457,4,1090,0.778,0.067
C15360,Champions,4,5,5,455,66,55,12620.82,229.469,0.096,8,1043,0.909,0.072
C15361,New & Promising,3,2,1,321,307,1,23.98,23.98,0.0,1,307,1.0,0.0
C15362,Steady Regulars,3,3,2,332,298,2,107.17,53.585,0.44,2,1083,0.5,0.0
C15363,New & Promising,5,3,1,531,21,2,78.98,39.49,0.0,2,87,1.0,0.333
C15364,Lapsed / Hibernating,2,2,1,221,679,1,10.99,10.99,0.0,1,679,1.0,0.0
C15365,Champions,5,4,4,544,5,8,1171.11,146.389,0.021,4,260,0.125,0.0
C15367,Champions,5,5,5,555,20,37,7084.98,191.486,0.185,8,1092,0.946,0.103
C15369,Champions,4,5,5,455,33,37,6932.92,187.376,0.194,8,776,0.081,0.073
C15371,Champions,4,5,5,455,43,19,4019.56,211.556,0.175,7,1023,1.0,0.07
C15372,Champions,4,4,4,444,109,6,1254.21,209.035,0.614,7,651,0.333,0.0
C15373,Lapsed / Hibernating,1,2,1,121,1000,1,0.0,0.0,0.0,1,1000,1.0,1.0
C15374,New & Promising,3,2,1,321,127,1,35.98,35.98,0.0,1,127,1.0,0.0
C15375,Steady Regulars,3,4,4,344,172,7,1091.26,155.894,0.061,5,601,0.286,0.083
C15378,New & Promising,4,2,1,421,64,1,54.99,54.99,0.0,2,64,1.0,0.5
C15379,Champions,5,5,5,555,17,31,6140.53,198.082,0.229,8,1011,0.194,0.048
C15380,Steady Regulars,3,3,3,333,224,3,540.93,180.31,0.0,3,978,1.0,0.167
C15381,Lapsed / Hibernating,2,3,3,233,479,2,339.95,169.975,0.0,3,484,1.0,0.0
C15382,Lapsed / Hibernating,2,2,2,222,432,1,245.98,245.98,0.0,1,432,0.0,0.0
C15383,Lapsed / Hibernating,1,4,4,144,812,6,857.53,142.922,0.134,5,1035,0.667,0.0
C15384,Lapsed / Hibernating,2,2,4,224,477,1,829.95,829.95,0.0,2,477,1.0,0.0
C15385,Steady Regulars,3,3,2,332,328,2,142.97,71.485,0.0,3,758,0.0,0.0
C15387,Lapsed / Hibernating,1,4,3,143,767,4,414.43,103.608,0.428,4,1031,0.5,0.25
C15388,Champions,5,5,5,555,6,23,4093.41,177.974,0.11,7,1073,0.87,0.075
C15389,Lapsed / Hibernating,2,4,3,243,619,4,328.93,82.232,0.0,4,1091,0.25,0.2
C15390,Lapsed / Hibernating,1,2,2,122,784,1,90.99,90.99,0.0,1,784,0.0,0.0
C15391,New & Promising,3,2,1,321,190,1,62.99,62.99,0.0,1,190,1.0,0.0
C15392,Steady Regulars,5,3,3,533,3,3,392.93,130.977,0.0,2,86,1.0,0.0
C15393,Champions,4,5,4,454,33,15,1610.13,107.342,0.205,4,1092,0.933,0.087
C15395,Champions,5,5,5,555,15,87,16504.68,189.709,0.146,7,1096,0.954,0.171
C15397,Steady Regulars,4,3,4,434,55,3,910.92,303.64,0.0,3,106,0.0,0.0
C15398,Champions,3,5,5,355,205,16,2593.64,162.103,0.167,7,1051,0.938,0.135
C15400,Steady Regulars,5,4,3,543,10,4,410.94,102.735,0.167,2,277,0.75,0.444
C15402,Steady Regulars,5,4,4,544,13,5,748.93,149.786,0.0,2,835,0.2,0.286
C15404,New & Promising,3,2,1,321,341,1,33.98,33.98,0.0,2,341,0.0,0.0
C15405,Lapsed / Hibernating,2,3,2,232,474,2,234.37,117.185,0.215,2,478,1.0,0.0
C15408,Lapsed / Hibernating,2,5,5,255,425,16,3890.74,243.171,0.274,6,1094,0.125,0.071
C15409,Champions,5,5,5,555,12,11,2432.85,221.168,0.379,5,514,0.273,0.037
C15410,Lapsed / Hibernating,1,2,2,122,1049,1,195.96,195.96,0.0,1,1049,1.0,0.0
C15414,Champions,4,4,4,444,27,7,1212.05,173.15,0.428,5,279,0.571,0.0
C15416,Lapsed / Hibernating,1,2,2,122,759,1,177.99,177.99,0.0,1,759,0.0,0.0
C15417,New & Promising,3,2,1,321,314,1,83.96,83.96,0.0,1,314,1.0,0.0
C15418,Steady Regulars,3,4,4,344,292,8,1115.8,139.475,0.07,6,672,0.75,0.222
C15419,Lapsed / Hibernating,1,3,3,133,1068,2,647.34,323.67,0.121,3,1088,0.5,0.0
C15420,Champions,4,5,5,455,50,12,3305.68,275.473,0.0,5,761,0.083,0.0
C15421,Deal Hunters,3,2,3,323,238,1,394.71,394.71,0.894,2,238,1.0,0.0
C15424,Lapsed / Hibernating,2,4,5,245,404,8,1767.49,220.936,0.142,7,846,0.125,0.0
C15425,Lapsed / Hibernating,1,3,3,133,719,3,487.91,162.637,0.0,4,788,0.667,0.0
C15427,Champions,3,5,5,355,179,15,1727.17,115.145,0.278,5,464,0.333,0.154
C15430,Champions,5,5,5,555,12,28,6008.16,214.577,0.032,6,1077,0.286,0.062
C15432,Champions,4,4,4,444,44,8,1203.99,150.499,0.162,6,274,1.0,0.056
C15433,Lapsed / Hibernating,1,4,3,143,945,5,381.76,76.352,0.222,4,1079,1.0,0.091
C15435,Lapsed / Hibernating,1,3,3,133,887,2,277.56,138.78,0.416,2,900,0.0,0.0
C15436,Steady Regulars,5,4,3,543,6,5,662.57,132.514,0.171,4,41,0.8,0.167
C15437,Lapsed / Hibernating,1,2,1,121,899,1,78.19,78.19,1.0,1,899,1.0,0.0
C15438,Champions,5,5,5,555,13,17,2303.97,135.528,0.288,6,1026,1.0,0.118
C15440,Lapsed / Hibernating,2,2,1,221,641,1,39.99,39.99,0.0,1,641,1.0,0.0
C15441,Champions,3,5,5,355,256,12,2938.39,244.866,0.043,5,1062,0.0,0.042
C15443,Steady Regulars,3,3,4,334,356,2,974.13,487.065,0.677,3,711,1.0,0.0
C15444,Lapsed / Hibernating,2,2,1,221,573,1,44.98,44.98,0.0,1,573,1.0,0.0
C15445,New & Promising,4,3,2,432,93,2,109.97,54.985,0.0,2,187,1.0,0.0
C15447,Steady Regulars,5,3,3,533,18,3,416.95,138.983,0.0,3,84,1.0,0.167
C15449,Lapsed / Hibernating,1,2,1,121,851,1,10.99,10.99,0.0,1,851,1.0,0.0
C15451,Champions,5,5,4,554,13,10,755.99,75.599,0.148,5,536,1.0,0.0
C15452,Steady Regulars,4,2,4,424,101,1,903.95,903.95,0.0,2,101,1.0,0.0
C15453,Champions,5,5,5,555,23,12,2208.66,184.055,0.0,7,982,0.833,0.0
C15454,Lapsed / Hibernating,2,4,4,244,376,9,1126.3,125.144,0.053,4,1042,0.889,0.062
C15455,Lapsed / Hibernating,2,4,4,244,662,9,1590.79,176.754,0.528,5,1011,0.889,0.045
C15456,Steady Regulars,5,4,3,543,16,4,555.37,138.842,0.525,3,331,1.0,0.0
C15457,Steady Regulars,3,3,3,333,268,3,522.94,174.313,0.0,2,719,1.0,0.0
C15458,Lapsed / Hibernating,1,2,1,121,971,1,76.97,76.97,0.0,2,971,1.0,0.0
C15462,Lapsed / Hibernating,1,2,1,121,952,1,73.99,73.99,0.0,1,952,0.0,0.0
C15464,Steady Regulars,5,4,4,544,23,8,1197.37,149.671,0.217,3,373,1.0,0.125
C15467,New & Promising,5,2,2,522,6,1,175.95,175.95,0.0,2,6,1.0,0.0
C15469,New & Promising,5,2,3,523,5,1,320.97,320.97,0.0,2,5,1.0,0.0
C15471,Champions,4,4,4,444,76,7,932.6,133.229,0.167,7,386,0.857,0.071
C15473,Lapsed / Hibernating,1,3,2,132,1067,2,191.96,95.98,0.0,4,1068,0.0,0.25
C15474,Lapsed / Hibernating,2,3,1,231,652,2,72.97,36.485,0.0,1,734,0.0,0.0
C15475,Steady Regulars,3,2,2,322,163,1,245.97,245.97,0.0,2,163,0.0,0.5
C15476,Champions,4,5,5,455,45,32,6529.61,204.05,0.128,7,450,0.938,0.017
C15477,Lapsed / Hibernating,1,4,3,143,833,4,461.32,115.33,0.474,4,1091,1.0,0.143
C15478,Lapsed / Hibernating,1,3,2,132,984,2,144.91,72.455,0.0,2,1036,1.0,0.0
C15479,Steady Regulars,3,2,2,322,173,1,232.98,232.98,0.0,1,173,1.0,0.0
C15482,Lapsed / Hibernating,1,4,4,144,756,5,781.92,156.384,0.0,4,998,0.2,0.143
C15483,Champions,4,5,5,455,87,27,3865.45,143.165,0.238,8,1003,1.0,0.069
C15484,Lapsed / Hibernating,2,3,2,232,398,2,133.07,66.535,0.966,2,511,1.0,0.25
C15486,New & Promising,3,2,1,321,304,1,37.98,37.98,0.0,1,304,1.0,0.0
C15487,Champions,5,5,5,555,2,23,4924.17,214.094,0.212,7,1089,0.957,0.056
C15488,Champions,5,4,4,544,6,7,907.33,129.619,0.428,5,220,0.857,0.0
C15489,Lapsed / Hibernating,2,2,1,221,454,1,26.97,26.97,0.0,1,454,1.0,0.0
C15490,Lapsed / Hibernating,1,4,3,143,892,4,478.1,119.525,0.297,5,991,0.25,0.0
C15492,Champions,3,5,5,355,130,16,2320.68,145.043,0.087,6,971,0.062,0.171
C15493,Lapsed / Hibernating,2,2,2,222,379,1,153.55,153.55,0.271,3,379,0.0,0.0
C15495,New & Promising,4,2,2,422,56,1,91.98,91.98,0.0,2,56,1.0,0.0
C15496,Champions,5,4,4,544,2,6,1046.8,174.467,0.0,7,212,1.0,0.071
C15497,Champions,5,5,5,555,17,49,11036.43,225.233,0.098,8,1063,0.918,0.09
C15498,Champions,4,4,5,445,45,8,1874.82,234.353,0.091,5,282,0.75,0.0
C15499,Lapsed / Hibernating,1,2,2,122,993,1,147.99,147.99,0.0,1,993,0.0,0.0
C15500,Deal Hunters,4,3,3,433,38,2,374.84,187.42,0.654,5,471,1.0,0.25
C15502,Champions,5,5,5,555,17,49,8257.28,168.516,0.153,8,1092,0.918,0.058
C15503,Steady Regulars,3,3,2,332,203,3,260.95,86.983,0.085,4,317,0.333,0.286
C15504,Lapsed / Hibernating,2,5,5,255,477,16,2763.07,172.692,0.223,7,970,0.812,0.073
C15505,Lapsed / Hibernating,2,2,2,222,366,1,207.94,207.94,0.0,4,366,0.0,0.0
C15506,Steady Regulars,3,4,3,343,240,4,638.85,159.712,0.0,4,427,1.0,0.0
C15507,Champions,3,5,4,354,128,10,808.19,80.819,0.304,6,996,0.2,0.0
C15510,Lapsed / Hibernating,2,2,2,222,490,1,123.98,123.98,0.0,1,490,1.0,0.0
C15513,New & Promising,3,2,1,321,147,1,59.98,59.98,0.0,1,147,1.0,0.0
C15514,Champions,5,5,5,555,14,66,16655.88,252.362,0.112,7,1035,0.894,0.128
C15516,Steady Regulars,4,3,4,434,69,2,1229.91,614.955,0.0,4,142,0.5,0.333
C15517,Steady Regulars,3,2,2,322,215,1,231.98,231.98,0.349,1,215,1.0,0.0
C15520,Champions,4,5,5,455,114,26,5564.75,214.029,0.175,7,938,0.885,0.107
C15522,Steady Regulars,3,3,3,333,218,3,427.87,142.623,0.0,1,1005,0.0,0.0
C15523,Lapsed / Hibernating,1,3,4,134,1038,3,950.49,316.83,0.187,4,1092,0.333,0.0
C15524,Champions,3,5,4,354,156,11,861.75,78.341,0.052,6,882,0.909,0.0
C15525,Lapsed / Hibernating,1,2,1,121,1057,1,58.99,58.99,0.0,1,1057,1.0,0.0
C15526,Steady Regulars,3,4,3,343,192,4,437.53,109.383,0.417,3,476,1.0,0.143
C15527,Lapsed / Hibernating,1,3,3,133,814,3,448.9,149.633,0.0,4,1078,0.333,0.125
C15528,Lapsed / Hibernating,2,3,3,233,659,2,469.94,234.97,0.0,4,836,0.5,0.429
C15529,New & Promising,3,2,1,321,298,1,59.98,59.98,0.0,1,298,1.0,0.0
C15530,Lapsed / Hibernating,1,2,1,121,934,1,68.98,68.98,0.0,2,934,1.0,0.0
C15535,Lapsed / Hibernating,2,2,1,221,563,1,72.79,72.79,1.0,1,563,1.0,0.0
C15536,Lapsed / Hibernating,2,3,3,233,560,2,351.97,175.985,0.0,2,631,0.5,0.4
C15537,Steady Regulars,3,2,2,322,193,1,235.98,235.98,0.0,2,193,0.0,0.0
C15539,New & Promising,5,2,1,521,10,1,33.98,33.98,0.0,1,10,1.0,0.0
C15542,Lapsed / Hibernating,2,3,2,232,373,2,110.98,55.49,0.0,1,388,1.0,0.0
C15544,Champions,4,5,5,455,69,33,6908.25,209.341,0.152,7,1070,0.152,0.071
C15545,Steady Regulars,4,4,3,443,31,6,382.74,63.79,0.373,5,357,0.833,0.0
C15546,Steady Regulars,5,4,4,544,2,5,1079.66,215.932,0.043,3,321,1.0,0.0
C15547,Steady Regulars,4,2,2,422,101,1,191.92,191.92,0.0,4,101,1.0,0.0
C15549,Champions,5,5,5,555,22,17,3412.05,200.709,0.196,6,560,1.0,0.024
C15551,Lapsed / Hibernating,1,3,2,132,989,2,181.96,90.98,0.0,2,1058,0.5,0.0
C15552,Steady Regulars,5,4,4,544,15,5,1333.41,266.682,0.178,4,143,0.0,0.0
C15553,Lapsed / Hibernating,2,2,1,221,556,1,30.99,30.99,0.0,1,556,1.0,0.0
C15555,New & Promising,3,2,1,321,231,1,0.0,0.0,0.0,1,231,1.0,1.0
C15556,Lapsed / Hibernating,1,2,2,122,1073,1,92.97,92.97,0.0,2,1073,1.0,0.0
C15557,Champions,5,5,5,555,5,34,4846.29,142.538,0.043,7,753,0.912,0.03
C15559,Steady Regulars,4,4,3,443,45,5,663.34,132.668,0.302,2,912,1.0,0.25
C15560,Lapsed / Hibernating,2,5,5,255,566,11,2198.57,199.87,0.045,7,966,0.182,0.172
C15561,Lapsed / Hibernating,1,2,3,123,740,1,407.25,407.25,0.126,2,740,1.0,0.0
C15562,New & Promising,3,2,1,321,281,1,21.99,21.99,0.0,1,281,1.0,0.0
C15563,Steady Regulars,3,4,4,344,210,6,972.51,162.085,0.361,6,744,0.833,0.143
C15565,Champions,4,5,5,455,48,27,5100.9,188.922,0.275,6,697,0.111,0.097
C15566,Deal Hunters,3,3,2,332,169,2,228.15,114.075,0.566,3,294,1.0,0.0
C15567,Lapsed / Hibernating,1,3,2,132,951,2,187.97,93.985,0.0,3,966,1.0,0.0
C15569,Champions,5,5,5,555,11,24,4016.17,167.34,0.056,8,1031,0.875,0.193
C15571,Champions,5,5,5,555,4,20,3576.06,178.803,0.27,5,339,0.95,0.13
C15572,Steady Regulars,5,4,3,543,14,5,511.62,102.324,0.139,4,377,0.8,0.091
C15573,Steady Regulars,4,4,3,443,47,8,629.22,78.652,0.339,3,589,0.875,0.083
C15575,Steady Regulars,5,4,3,543,22,5,409.41,81.882,0.241,4,746,0.8,0.0
C15578,Lapsed / Hibernating,2,2,1,221,504,1,72.28,72.28,0.682,2,504,0.0,0.0
C15579,New & Promising,3,2,1,321,187,1,48.98,48.98,0.0,1,187,1.0,0.0
C15580,Champions,5,4,5,545,10,9,2846.88,316.32,0.093,5,104,0.889,0.226
C15581,Lapsed / Hibernating,2,4,4,244,513,8,1431.82,178.978,0.067,4,1080,0.75,0.062
C15582,Champions,4,5,5,455,45,18,2414.17,134.121,0.214,6,808,0.778,0.069
C15583,Champions,3,5,5,355,197,19,3622.74,190.671,0.195,6,928,0.947,0.14
C15587,New & Promising,5,2,2,522,24,1,100.97,100.97,0.0,3,24,1.0,0.0
C15588,New & Promising,3,2,1,321,283,1,14.99,14.99,0.0,1,283,1.0,0.0
C15589,Champions,4,5,4,454,28,16,1608.27,100.517,0.258,5,905,0.938,0.033
C15590,Lapsed / Hibernating,1,2,1,121,1072,1,0.0,0.0,1.0,1,1072,0.0,1.0
C15591,Steady Regulars,4,2,3,423,99,1,339.96,339.96,0.0,1,99,1.0,0.0
C15592,Steady Regulars,3,3,3,333,176,2,622.93,311.465,0.0,1,284,1.0,0.0
C15593,Champions,5,5,5,555,2,55,9942.52,180.773,0.095,7,783,0.164,0.078
C15595,Lapsed / Hibernating,2,2,2,222,408,1,138.96,138.96,0.0,1,408,1.0,0.0
C15596,Lapsed / Hibernating,2,2,1,221,439,1,43.98,43.98,0.0,1,439,0.0,0.0
C15597,Lapsed / Hibernating,2,2,3,223,404,1,296.97,296.97,0.0,2,404,1.0,0.0
C15599,Lapsed / Hibernating,1,3,3,133,718,3,499.27,166.423,0.511,3,1061,0.0,0.0
C15600,Lapsed / Hibernating,1,2,1,121,1070,1,61.97,61.97,0.0,2,1070,0.0,0.0
C15601,Champions,3,4,5,345,168,8,1954.7,244.338,0.365,5,805,0.0,0.15
C15602,Lapsed / Hibernating,2,4,4,244,387,5,773.79,154.758,0.091,4,527,0.0,0.231
C15603,Steady Regulars,5,3,3,533,19,3,378.96,126.32,0.0,3,177,0.0,0.0
C15604,Steady Regulars,5,4,4,544,15,7,734.64,104.949,0.212,5,56,0.714,0.133
C15606,Champions,4,5,5,455,30,16,2872.36,179.522,0.115,7,397,1.0,0.053
C15608,Lapsed / Hibernating,1,2,1,121,996,1,37.98,37.98,0.0,1,996,1.0,0.0
C15609,Lapsed / Hibernating,2,4,4,244,402,7,664.09,94.87,0.171,4,1013,0.143,0.2
C15612,Champions,5,4,4,544,18,7,1168.28,166.897,0.203,5,206,1.0,0.056
C15613,Lapsed / Hibernating,1,2,4,124,943,1,908.94,908.94,0.0,2,943,1.0,0.0
C15614,Champions,4,5,4,454,33,15,1292.9,86.193,0.021,4,966,1.0,0.24
C15616,Steady Regulars,4,4,3,443,50,5,541.39,108.278,0.043,3,339,0.0,0.1
C15617,Lapsed / Hibernating,1,2,1,121,1018,1,37.48,37.48,0.6,2,1018,1.0,0.5
C15619,Steady Regulars,4,3,3,433,79,3,654.34,218.113,0.173,1,134,0.0,0.0
C15621,Steady Regulars,3,4,4,344,348,7,897.6,128.229,0.29,4,1089,0.0,0.071
C15623,Lapsed / Hibernating,1,2,1,121,804,1,84.99,84.99,0.0,1,804,1.0,0.0
C15624,Steady Regulars,3,3,2,332,177,3,207.9,69.3,0.0,3,566,1.0,0.0
C15625,Lapsed / Hibernating,2,4,3,243,546,7,626.68,89.526,0.255,5,1021,0.857,0.0
C15626,Lapsed / Hibernating,2,2,1,221,417,1,65.97,65.97,0.0,2,417,0.0,0.0
C15631,Lapsed / Hibernating,1,2,3,123,937,1,331.95,331.95,0.0,4,937,0.0,0.0
C15633,Steady Regulars,4,4,4,444,77,5,882.98,176.596,0.167,5,345,1.0,0.0
C15634,Champions,5,5,5,555,1,47,9956.92,211.849,0.121,8,694,0.915,0.103
C15636,Steady Regulars,4,4,4,444,42,6,832.84,138.807,0.092,5,527,0.0,0.111
C15637,New & Promising,4,2,1,421,29,1,37.99,37.99,0.0,1,29,1.0,0.0
C15638,Champions,4,5,5,455,32,38,8470.77,222.915,0.083,8,1078,0.158,0.07
C15640,Lapsed / Hibernating,2,2,2,222,413,1,133.98,133.98,0.0,1,413,1.0,0.0
C15642,New & Promising,3,3,1,331,329,2,28.28,14.14,0.162,3,395,0.5,0.333
C15643,New & Promising,4,2,1,421,53,1,26.99,26.99,0.0,1,53,1.0,0.0
C15645,Steady Regulars,4,3,2,432,94,2,231.97,115.985,0.0,3,366,1.0,0.0
C15646,Champions,4,5,5,455,28,45,4948.08,109.957,0.189,6,1060,0.089,0.052
C15650,Deal Hunters,3,3,2,332,232,2,192.07,96.035,0.607,2,500,1.0,0.333
C15651,Champions,5,5,5,555,13,41,8003.49,195.207,0.093,4,469,0.878,0.219
C15652,New & Promising,5,2,1,521,13,1,44.98,44.98,0.0,2,13,1.0,0.0
C15653,New & Promising,4,2,2,422,91,1,129.96,129.96,0.0,2,91,1.0,0.0
C15654,New & Promising,4,2,1,421,52,1,26.99,26.99,0.0,1,52,1.0,0.0
C15655,Champions,5,5,5,555,6,30,4971.1,165.703,0.077,8,1093,0.867,0.1
C15656,New & Promising,4,2,1,421,102,1,44.97,44.97,0.0,1,102,1.0,0.0
C15658,Lapsed / Hibernating,1,3,2,132,946,2,244.97,122.485,0.0,3,998,1.0,0.0
C15660,Lapsed / Hibernating,2,5,5,255,514,19,3710.61,195.295,0.109,6,1070,0.211,0.044
C15661,Lapsed / Hibernating,1,2,2,122,776,1,187.98,187.98,0.0,2,776,0.0,0.0
C15662,Lapsed / Hibernating,2,4,4,244,569,4,1486.68,371.67,0.265,6,842,1.0,0.091
C15663,Champions,5,4,3,543,19,5,510.42,102.084,0.147,6,431,0.2,0.077
C15664,Lapsed / Hibernating,1,2,3,123,1089,1,288.99,288.99,0.0,1,1089,0.0,0.0
C15666,Champions,5,5,5,555,12,21,3742.65,178.221,0.094,7,1059,0.286,0.064
C15667,Lapsed / Hibernating,1,2,1,121,835,1,36.99,36.99,0.0,1,835,0.0,0.0
C15668,Champions,5,5,4,554,19,10,1641.34,164.134,0.068,5,754,0.9,0.067
C15669,Lapsed / Hibernating,1,3,3,133,921,3,340.93,113.643,0.0,5,1025,0.333,0.125
C15670,Champions,4,5,5,455,111,21,5471.05,260.526,0.081,7,1093,1.0,0.054
C15671,Deal Hunters,5,3,3,533,24,3,655.41,218.47,0.605,3,229,0.0,0.0
C15674,Steady Regulars,3,4,3,343,332,4,367.77,91.942,0.293,4,727,1.0,0.143
C15675,Steady Regulars,5,3,2,532,18,2,250.78,125.39,0.131,2,196,1.0,0.0
C15676,Lapsed / Hibernating,1,2,1,121,1091,1,23.19,23.19,1.0,1,1091,0.0,0.0
C15677,Steady Regulars,5,3,3,533,12,2,561.95,280.975,0.0,2,231,1.0,0.0
C15679,Lapsed / Hibernating,1,2,2,122,1011,1,178.23,178.23,0.736,2,1011,0.0,0.333
C15681,Steady Regulars,3,4,4,344,130,5,931.87,186.374,0.0,5,424,0.0,0.0
C15682,Steady Regulars,5,3,3,533,15,3,362.91,120.97,0.0,4,147,0.667,0.143
C15683,Lapsed / Hibernating,1,2,1,121,714,1,25.99,25.99,0.0,1,714,1.0,0.0
C15684,Steady Regulars,3,2,3,323,311,1,279.98,279.98,0.0,1,311,0.0,0.0
C15685,Lapsed / Hibernating,2,2,2,222,391,1,104.97,104.97,0.514,2,391,1.0,0.0
C15686,Lapsed / Hibernating,2,3,3,233,682,3,538.51,179.503,0.144,3,758,0.333,0.0
C15687,Steady Regulars,4,4,4,444,33,6,740.56,123.427,0.36,4,133,1.0,0.0
C15689,New & Promising,3,2,1,321,333,1,0.0,0.0,0.0,1,333,1.0,1.0
C15691,Steady Regulars,3,3,4,334,362,3,706.69,235.563,0.029,3,810,1.0,0.0
C15692,New & Promising,3,2,1,321,288,1,64.99,64.99,0.0,2,288,1.0,0.5
C15693,Lapsed / Hibernating,1,2,1,121,742,1,40.99,40.99,0.0,1,742,1.0,0.0
C15694,Steady Regulars,5,4,4,544,20,4,761.77,190.442,0.303,5,46,0.25,0.1
C15695,Lapsed / Hibernating,2,2,1,221,424,1,61.99,61.99,0.0,1,424,1.0,0.0
C15696,New & Promising,5,3,2,532,21,3,171.93,57.31,0.0,3,136,1.0,0.0
C15697,Champions,4,4,4,444,32,7,1118.32,159.76,0.567,4,861,0.857,0.0
C15698,Champions,3,5,5,355,257,24,3597.07,149.878,0.08,7,1028,0.125,0.07
C15699,Steady Regulars,5,4,3,543,14,6,523.91,87.318,0.029,4,230,1.0,0.111
C15700,Lapsed / Hibernating,2,2,1,221,667,1,34.98,34.98,0.0,3,667,0.0,0.333
C15701,Lapsed / Hibernating,1,2,1,121,981,1,28.99,28.99,0.0,1,981,0.0,0.0
C15702,Champions,3,5,5,355,357,24,4691.72,195.488,0.26,6,1051,0.125,0.032
C15704,Lapsed / Hibernating,2,2,4,224,432,1,796.94,796.94,0.0,5,432,1.0,0.375
C15705,Steady Regulars,3,2,2,322,149,1,233.99,233.99,0.0,1,149,1.0,0.0
C15706,Lapsed / Hibernating,2,5,5,255,577,17,3120.96,183.586,0.145,6,1052,0.059,0.1
C15707,Champions,4,5,5,455,53,24,3458.15,144.09,0.155,7,495,0.208,0.093
C15708,Champions,5,5,5,555,12,38,7743.85,203.786,0.175,7,1094,0.947,0.132
C15709,Lapsed / Hibernating,1,3,3,133,705,2,477.95,238.975,0.0,4,883,0.5,0.0
C15710,Steady Regulars,4,4,4,444,117,6,928.88,154.813,0.0,2,1076,0.833,0.0
C15711,Champions,5,5,5,555,4,11,3771.2,342.836,0.003,6,189,1.0,0.031
C15712,Lapsed / Hibernating,1,3,2,132,1014,2,91.97,45.985,0.641,4,1062,1.0,0.4
C15713,Steady Regulars,5,4,4,544,13,5,1153.84,230.768,0.0,4,125,1.0,0.0
C15715,New & Promising,4,2,2,422,71,1,157.98,157.98,0.0,2,71,0.0,0.0
C15719,Steady Regulars,3,4,2,342,172,4,191.92,47.98,0.0,3,595,1.0,0.143
C15720,New & Promising,5,2,1,521,14,1,28.99,28.99,0.0,1,14,1.0,0.0
C15721,Lapsed / Hibernating,1,2,1,121,820,1,34.99,34.99,0.0,1,820,1.0,0.0
C15722,Champions,5,5,5,555,23,10,1798.25,179.825,0.119,4,952,0.2,0.059
C15723,New & Promising,5,2,1,521,22,1,57.99,57.99,0.0,1,22,1.0,0.0
C15724,Champions,4,5,5,455,55,13,2222.93,170.995,0.28,5,771,0.769,0.292
C15725,Lapsed / Hibernating,1,3,3,133,927,3,524.86,174.953,0.155,4,1065,1.0,0.167
C15727,New & Promising,5,2,1,521,7,1,63.98,63.98,0.0,2,7,0.0,0.0
C15730,Champions,5,5,5,555,7,47,7859.54,167.224,0.157,7,1081,0.17,0.047
C15732,Steady Regulars,5,3,2,532,4,2,156.24,78.12,0.328,3,193,1.0,0.0
C15733,Champions,4,5,5,455,38,13,1779.05,136.85,0.101,6,845,1.0,0.04
C15734,Lapsed / Hibernating,1,2,2,122,979,1,94.98,94.98,0.0,1,979,0.0,0.0
C15735,Steady Regulars,4,4,4,444,38,5,751.9,150.38,0.019,5,262,0.0,0.0
C15736,Champions,5,5,4,554,19,12,1663.67,138.639,0.416,3,1073,0.25,0.053
C15738,Steady Regulars,3,2,3,323,292,1,479.98,479.98,0.0,1,292,1.0,0.0
C15740,Champions,5,5,4,554,17,11,1304.74,118.613,0.183,7,484,0.909,0.037
C15741,Deal Hunters,3,2,2,322,210,1,106.67,106.67,0.447,2,210,1.0,0.0
C15742,Lapsed / Hibernating,2,2,2,222,401,1,264.58,264.58,1.0,2,401,1.0,0.0
C15743,Steady Regulars,4,3,2,432,97,2,249.97,124.985,0.0,3,164,0.5,0.0
C15745,Champions,5,5,4,554,11,11,1325.66,120.515,0.083,5,577,1.0,0.087
C15746,Lapsed / Hibernating,1,4,4,144,822,6,1257.22,209.537,0.062,6,1087,0.333,0.0
C15749,Lapsed / Hibernating,2,4,4,244,436,6,1010.86,168.477,0.0,5,530,1.0,0.0
C15750,New & Promising,4,2,2,422,39,1,142.98,142.98,0.0,1,39,1.0,0.0
C15751,Lapsed / Hibernating,2,2,2,222,403,1,92.98,92.98,0.0,1,403,1.0,0.0
C15752,Deal Hunters,4,3,3,433,32,3,355.54,118.513,0.685,4,268,1.0,0.0
C15753,Steady Regulars,3,3,3,333,254,2,365.94,182.97,0.0,2,345,0.5,0.0
C15755,Steady Regulars,3,5,4,354,136,12,1649.05,137.421,0.35,4,607,0.917,0.042
C15756,Champions,4,5,5,455,102,25,5449.11,217.964,0.141,7,1086,0.12,0.175
C15757,Champions,5,5,5,555,4,45,9613.5,213.633,0.282,7,1080,0.956,0.121
C15758,New & Promising,4,2,1,421,121,1,0.0,0.0,0.0,1,121,1.0,1.0
C15760,Lapsed / Hibernating,1,4,2,142,879,4,179.96,44.99,0.0,3,1086,0.25,0.25
C15762,Lapsed / Hibernating,1,3,2,132,754,3,158.04,52.68,0.279,2,955,1.0,0.0
C15763,Champions,5,5,5,555,22,47,13156.74,279.931,0.119,7,1051,0.043,0.063
C15764,New & Promising,4,2,1,421,44,1,25.99,25.99,0.0,1,44,1.0,0.0
C15766,Lapsed / Hibernating,2,4,4,244,380,5,1041.02,208.204,0.203,6,718,0.0,0.048
C15767,Lapsed / Hibernating,1,2,1,121,987,1,37.99,37.99,0.0,1,987,1.0,0.0
C15769,New & Promising,3,2,1,321,273,1,73.99,73.99,0.0,1,273,0.0,0.0
C15773,Champions,5,5,5,555,1,43,13532.95,314.72,0.125,7,1090,0.163,0.04
C15774,Lapsed / Hibernating,1,2,1,121,878,1,18.99,18.99,0.0,1,878,1.0,0.0
C15775,Lapsed / Hibernating,2,2,2,222,652,1,145.33,145.33,1.0,2,652,1.0,0.0
C15776,Deal Hunters,3,4,4,344,140,4,780.34,195.085,0.835,4,509,1.0,0.167
C15778,New & Promising,5,2,1,521,14,1,57.99,57.99,0.0,1,14,1.0,0.0
C15779,Champions,5,4,4,544,13,8,1278.61,159.826,0.066,8,500,0.875,0.05
C15781,New & Promising,3,2,1,321,349,1,69.99,69.99,0.0,1,349,1.0,0.0
C15782,Lapsed / Hibernating,1,2,1,121,948,1,85.99,85.99,0.0,1,948,1.0,0.0
C15783,Lapsed / Hibernating,1,2,2,122,1091,1,247.98,247.98,0.0,1,1091,0.0,0.0
C15784,Lapsed / Hibernating,2,2,2,222,645,1,156.98,156.98,0.0,2,645,1.0,0.0
C15785,Lapsed / Hibernating,2,4,4,244,698,9,1253.89,139.321,0.264,6,1094,0.889,0.0
C15786,Lapsed / Hibernating,2,2,1,221,523,1,59.98,59.98,0.0,2,523,1.0,0.0
C15787,Lapsed / Hibernating,1,2,2,122,705,1,160.96,160.96,0.0,2,705,1.0,0.0
C15788,New & Promising,4,2,1,421,87,1,24.99,24.99,0.0,1,87,1.0,0.0
C15793,Steady Regulars,4,4,2,442,42,4,252.91,63.228,0.0,3,420,0.25,0.167
C15794,Steady Regulars,3,2,3,323,181,1,324.37,324.37,0.328,2,181,1.0,0.0
C15795,Lapsed / Hibernating,2,4,2,242,488,4,235.91,58.977,0.0,2,676,0.25,0.0
C15797,Lapsed / Hibernating,2,2,2,222,610,1,154.97,154.97,0.0,2,610,1.0,0.0
C15798,Deal Hunters,3,3,2,332,167,3,265.57,88.523,1.0,4,330,0.0,0.25
C15799,Champions,4,5,5,455,28,12,1792.0,149.333,0.297,6,773,1.0,0.074
C15800,Lapsed / Hibernating,1,2,3,123,1089,1,417.98,417.98,0.0,3,1089,1.0,0.333
C15801,Lapsed / Hibernating,1,2,2,122,961,1,184.99,184.99,0.0,1,961,1.0,0.0
C15802,Lapsed / Hibernating,2,2,1,221,462,1,0.0,0.0,0.0,1,462,1.0,1.0
C15803,Champions,5,5,5,555,18,25,3554.71,142.188,0.234,7,696,0.2,0.02
C15804,Lapsed / Hibernating,1,2,2,122,987,1,157.99,157.99,0.0,1,987,1.0,0.0
C15806,New & Promising,4,2,1,421,47,1,36.98,36.98,0.0,1,47,1.0,0.0
C15807,Steady Regulars,5,2,4,524,15,1,890.95,890.95,0.0,2,15,1.0,0.0
C15808,Lapsed / Hibernating,2,3,3,233,657,3,295.96,98.653,0.0,2,1096,0.333,0.0
C15810,Champions,5,5,5,555,19,29,4235.19,146.041,0.095,6,1074,0.966,0.132
C15811,Steady Regulars,5,4,3,543,10,4,528.1,132.025,0.029,4,103,1.0,0.143
C15812,Champions,4,5,5,455,96,43,8146.9,189.463,0.221,7,924,0.186,0.094
C15813,Champions,4,5,5,455,69,14,2091.83,149.416,0.086,6,595,1.0,0.036
C15814,Champions,5,5,5,555,18,25,5930.95,237.238,0.079,6,1031,0.88,0.038
C15815,New & Promising,3,3,2,332,140,3,165.97,55.323,0.0,1,522,0.0,0.0
C15816,Lapsed / Hibernating,1,3,3,133,990,2,387.06,193.53,0.067,2,1052,0.5,0.0
C15817,Lapsed / Hibernating,1,4,3,143,1007,5,529.89,105.978,0.0,6,1077,0.0,0.1
C15818,Lapsed / Hibernating,2,2,2,222,475,1,117.96,117.96,0.0,3,475,1.0,0.0
C15819,New & Promising,5,2,1,521,2,1,16.99,16.99,0.0,1,2,1.0,0.0
C15820,New & Promising,5,2,1,521,11,1,57.99,57.99,0.0,2,11,1.0,0.5
C15821,Steady Regulars,5,3,3,533,20,2,282.53,141.265,0.168,4,207,1.0,0.143
C15822,Lapsed / Hibernating,2,3,3,233,675,2,282.96,141.48,0.0,3,965,0.5,0.2
C15824,Champions,3,5,5,355,194,12,1969.1,164.092,0.105,5,892,0.0,0.08
C15825,Steady Regulars,4,4,3,443,97,6,380.7,63.45,0.158,5,311,0.833,0.1
C15827,Lapsed / Hibernating,2,3,3,233,587,3,419.74,139.913,0.25,3,746,1.0,0.333
C15828,Lapsed / Hibernating,1,3,2,132,956,2,128.99,64.495,0.153,2,1067,1.0,0.5
C15829,Lapsed / Hibernating,1,2,2,122,1033,1,165.96,165.96,0.0,2,1033,0.0,0.0
C15830,Champions,4,4,4,444,59,8,1551.17,193.896,0.111,6,629,0.875,0.143
C15831,Champions,5,5,4,554,6,10,1536.38,153.638,0.343,5,598,0.8,0.045
C15832,Lapsed / Hibernating,1,3,2,132,980,2,211.93,105.965,0.0,4,1066,0.0,0.0
C15835,Lapsed / Hibernating,2,3,4,234,575,2,1045.91,522.955,0.0,3,754,0.5,0.0
C15837,Lapsed / Hibernating,2,2,1,221,435,1,44.96,44.96,0.0,2,435,1.0,0.0
C15838,Lapsed / Hibernating,2,2,1,221,562,1,72.79,72.79,1.0,1,562,1.0,0.0
C15839,Lapsed / Hibernating,1,4,3,143,793,5,610.14,122.028,0.038,3,1085,1.0,0.0
C15840,Steady Regulars,3,4,5,345,267,9,1728.21,192.023,0.102,5,656,0.222,0.095
C15841,Champions,3,5,4,354,186,13,1552.03,119.387,0.209,7,936,0.923,0.05
C15842,Champions,4,5,5,455,111,23,3671.15,159.615,0.128,7,1092,0.913,0.098
C15843,Champions,5,5,5,555,13,29,7407.79,255.441,0.215,8,781,0.897,0.105
C15844,Champions,5,5,5,555,6,13,2697.49,207.499,0.069,7,460,0.077,0.081
C15846,Steady Regulars,5,4,3,543,11,4,483.64,120.91,0.283,3,250,1.0,0.0
C15848,Lapsed / Hibernating,1,2,2,122,767,1,99.38,99.38,1.0,1,767,0.0,0.0
C15849,Champions,4,5,5,455,53,13,1880.24,144.634,0.284,5,1088,0.077,0.0
C15850,Champions,5,4,3,543,12,6,307.06,51.177,0.108,5,948,0.5,0.1
C15851,Lapsed / Hibernating,2,4,4,244,414,6,808.88,134.813,0.0,3,836,0.0,0.0
C15852,Lapsed / Hibernating,2,3,2,232,404,2,131.97,65.985,0.0,3,536,1.0,0.0
C15853,Lapsed / Hibernating,1,2,3,123,821,1,267.67,267.67,0.245,2,821,0.0,0.0
C15854,Lapsed / Hibernating,1,2,1,121,1061,1,29.98,29.98,0.0,1,1061,1.0,0.0
C15856,Champions,5,5,5,555,14,67,12375.85,184.714,0.154,6,1096,0.925,0.14
C15857,New & Promising,4,2,1,421,60,1,65.99,65.99,0.0,2,60,1.0,0.667
C15858,Lapsed / Hibernating,2,5,4,254,517,11,775.6,70.509,0.161,4,1063,1.0,0.133
C15859,New & Promising,4,2,2,422,57,1,169.99,169.99,0.0,1,57,0.0,0.0
C15861,Lapsed / Hibernating,1,2,1,121,990,1,65.99,65.99,0.0,1,990,1.0,0.0
C15862,Lapsed / Hibernating,1,3,1,131,752,2,70.98,35.49,0.0,3,941,0.5,0.333
C15863,Lapsed / Hibernating,2,3,2,232,630,2,115.97,57.985,0.0,1,648,0.5,0.333
C15865,Lapsed / Hibernating,1,2,1,121,1091,1,21.99,21.99,0.0,1,1091,1.0,0.0
C15867,Lapsed / Hibernating,2,2,1,221,655,1,77.99,77.99,0.0,1,655,1.0,0.0
C15869,Lapsed / Hibernating,2,5,5,255,428,10,1840.86,184.086,0.049,7,1096,0.8,0.12
C15870,Lapsed / Hibernating,1,2,2,122,969,1,88.98,88.98,0.0,2,969,0.0,0.0
C15871,Lapsed / Hibernating,2,3,2,232,468,2,231.78,115.89,0.143,2,633,0.0,0.333
C15872,Champions,3,5,5,355,244,15,2670.07,178.005,0.138,6,1020,0.733,0.059
C15874,Lapsed / Hibernating,1,2,1,121,847,1,51.98,51.98,0.0,1,847,0.0,0.0
C15876,New & Promising,5,2,2,522,1,1,97.96,97.96,0.0,2,1,1.0,0.0
C15879,New & Promising,5,2,1,521,17,1,28.99,28.99,0.0,1,17,0.0,0.5
C15881,Lapsed / Hibernating,1,2,2,122,946,1,145.97,145.97,0.0,1,946,1.0,0.0
C15882,Steady Regulars,4,4,3,443,29,4,301.9,75.475,0.0,5,364,0.25,0.125
C15884,Steady Regulars,4,3,3,433,33,2,273.35,136.675,0.389,3,120,0.5,0.0
C15885,Lapsed / Hibernating,1,3,3,133,915,2,321.15,160.575,0.673,4,1075,1.0,0.0
C15886,Champions,4,5,4,454,59,11,1531.19,139.199,0.254,5,945,0.273,0.1
C15887,Lapsed / Hibernating,2,2,2,222,672,1,97.16,97.16,1.0,1,672,1.0,0.0
C15888,Lapsed / Hibernating,2,2,1,221,614,1,29.99,29.99,0.0,1,614,0.0,0.0
C15891,New & Promising,3,2,1,321,198,1,82.94,82.94,0.0,2,198,1.0,0.333
C15892,Lapsed / Hibernating,2,3,3,233,377,2,432.14,216.07,0.574,3,499,1.0,0.0
C15893,Steady Regulars,5,4,4,544,3,5,1125.71,225.142,0.118,3,133,1.0,0.167
C15894,New & Promising,3,2,1,321,204,1,57.98,57.98,0.0,1,204,1.0,0.0
C15895,Steady Regulars,3,4,3,343,177,5,392.88,78.576,0.053,5,426,0.8,0.1
C15896,New & Promising,3,2,1,321,313,1,80.98,80.98,0.0,2,313,1.0,0.0
C15897,Lapsed / Hibernating,1,3,2,132,768,2,110.78,55.39,0.152,2,838,0.0,0.0
C15899,New & Promising,3,2,2,322,267,1,87.98,87.98,0.0,3,267,1.0,0.333
C15900,New & Promising,4,2,1,421,59,1,34.99,34.99,0.0,1,59,1.0,0.0
C15901,Steady Regulars,3,4,4,344,272,4,1001.83,250.458,0.0,5,1061,1.0,0.0
C15902,New & Promising,3,3,1,331,276,2,68.97,34.485,0.0,2,497,1.0,0.0
C15903,Lapsed / Hibernating,1,2,2,122,908,1,123.99,123.99,0.0,1,908,0.0,0.0
C15904,Lapsed / Hibernating,1,3,2,132,922,2,219.93,109.965,0.0,3,1056,0.0,0.0
C15905,New & Promising,3,2,1,321,158,1,32.99,32.99,0.0,1,158,1.0,0.0
C15906,Champions,3,5,5,355,279,12,2455.72,204.643,0.344,6,836,0.917,0.042
C15907,Lapsed / Hibernating,1,4,4,144,769,8,1682.06,210.258,0.604,6,1055,1.0,0.056
C15908,Lapsed / Hibernating,1,2,2,122,745,1,181.67,181.67,0.163,2,745,1.0,0.0
C15909,Steady Regulars,5,4,4,544,25,5,1134.77,226.954,0.23,4,212,0.2,0.154
C15911,Champions,5,4,4,544,11,7,803.55,114.793,0.474,4,405,0.0,0.0
C15912,Champions,5,4,4,544,12,8,1130.24,141.28,0.257,6,252,0.875,0.188
C15913,Lapsed / Hibernating,2,2,1,221,418,1,50.99,50.99,0.0,2,418,1.0,0.5
C15914,New & Promising,4,2,1,421,50,1,35.98,35.98,0.0,1,50,1.0,0.0
C15917,Lapsed / Hibernating,1,2,1,121,995,1,59.39,59.39,1.0,1,995,1.0,0.0
C15918,Lapsed / Hibernating,1,4,3,143,812,4,303.64,75.91,0.081,3,1005,1.0,0.0
C15921,Champions,3,4,5,345,166,9,2093.61,232.623,0.072,6,939,0.0,0.043
C15922,Steady Regulars,3,4,2,342,190,4,181.63,45.408,0.075,4,778,1.0,0.167
C15923,Steady Regulars,3,2,2,322,349,1,123.98,123.98,0.0,1,349,1.0,0.0
C15924,Champions,3,4,4,344,171,9,1382.96,153.662,0.131,8,1028,0.889,0.053
C15926,New & Promising,5,2,2,522,9,1,89.97,89.97,0.0,1,9,1.0,0.0
C15928,Steady Regulars,4,4,4,444,69,6,1143.89,190.648,0.0,5,700,0.667,0.1
C15929,Lapsed / Hibernating,1,2,1,121,853,1,24.99,24.99,0.0,1,853,0.0,0.0
C15930,Champions,5,4,4,544,19,7,794.85,113.55,0.0,7,243,0.143,0.062
C15931,Steady Regulars,5,3,4,534,26,2,786.92,393.46,0.0,4,53,1.0,0.2
C15933,Steady Regulars,4,4,5,445,93,7,2004.24,286.32,0.046,4,1015,0.857,0.067
C15934,Lapsed / Hibernating,1,3,2,132,870,2,116.93,58.465,0.0,1,1000,1.0,0.0
C15935,New & Promising,5,2,1,521,8,1,69.98,69.98,0.0,1,8,0.0,0.0
C15937,Champions,4,5,5,455,72,12,3262.88,271.907,0.174,7,810,0.917,0.032
C15938,Lapsed / Hibernating,1,2,2,122,838,1,242.96,242.96,0.0,2,838,0.0,0.0
C15939,Steady Regulars,3,4,3,343,235,4,398.63,99.658,0.09,5,402,1.0,0.0
C15940,Lapsed / Hibernating,2,3,3,233,554,3,369.92,123.307,0.0,5,715,0.333,0.0
C15941,Deal Hunters,3,2,2,322,279,1,91.99,91.99,0.645,2,279,1.0,0.667
C15942,Champions,3,5,5,355,128,28,5198.28,185.653,0.214,8,952,0.107,0.094
C15943,New & Promising,3,2,1,321,183,1,35.98,35.98,0.0,2,183,1.0,0.0
C15944,Steady Regulars,3,5,4,354,354,12,1361.15,113.429,0.274,4,747,0.75,0.0
C15945,Lapsed / Hibernating,1,2,1,121,915,1,73.57,73.57,0.239,2,915,1.0,0.0
C15947,Champions,3,4,4,344,167,7,1207.01,172.43,0.287,6,1075,0.0,0.067
C15949,Lapsed / Hibernating,1,2,1,121,1011,1,29.24,29.24,1.0,1,1011,0.0,0.0
C15950,Champions,3,5,5,355,232,14,3177.27,226.948,0.04,8,904,1.0,0.059
C15952,Lapsed / Hibernating,2,2,1,221,489,1,37.98,37.98,0.0,1,489,1.0,0.0
C15953,Champions,5,4,4,544,12,9,1120.36,124.484,0.442,5,982,0.889,0.182
C15954,Lapsed / Hibernating,1,2,2,122,748,1,130.49,130.49,1.0,1,748,1.0,0.0
C15955,New & Promising,5,2,1,521,21,1,63.99,63.99,0.0,1,21,1.0,0.0
C15956,Lapsed / Hibernating,1,2,2,122,1071,1,86.97,86.97,0.142,2,1071,0.0,0.5
C15957,Lapsed / Hibernating,2,5,5,255,398,21,2778.39,132.304,0.246,5,1084,0.048,0.139
C15958,New & Promising,3,2,1,321,203,1,0.0,0.0,0.0,1,203,1.0,1.0
C15959,Lapsed / Hibernating,1,4,4,144,825,5,709.0,141.8,0.19,5,1077,0.6,0.2
C15960,Lapsed / Hibernating,2,2,2,222,481,1,165.99,165.99,0.0,1,481,1.0,0.0
C15961,Steady Regulars,5,4,3,543,26,4,492.92,123.23,0.036,4,122,0.75,0.143
C15964,Deal Hunters,4,2,2,422,50,1,112.49,112.49,1.0,1,50,1.0,0.0
C15965,Lapsed / Hibernating,2,2,3,223,606,1,376.05,376.05,0.357,3,606,1.0,0.0
C15967,Lapsed / Hibernating,2,4,3,243,674,4,296.91,74.228,0.0,4,972,1.0,0.143
C15970,Champions,3,5,5,355,238,22,2233.38,101.517,0.162,8,991,1.0,0.139
C15971,Champions,5,5,5,555,5,16,3439.6,214.975,0.102,6,652,0.25,0.114
C15972,Lapsed / Hibernating,2,2,2,222,478,1,185.95,185.95,0.0,4,478,1.0,0.0
C15973,New & Promising,3,2,1,321,212,1,56.97,56.97,0.0,1,212,1.0,0.0
C15974,Steady Regulars,4,4,3,443,42,4,646.93,161.733,0.0,4,387,0.75,0.375
C15975,Steady Regulars,4,3,3,433,122,2,311.98,155.99,0.0,2,163,1.0,0.0
C15979,Champions,5,4,5,545,18,8,1843.37,230.421,0.024,4,752,0.125,0.1
C15980,Steady Regulars,3,3,2,332,211,2,132.94,66.47,0.0,2,564,0.0,0.0
C15982,Lapsed / Hibernating,1,2,1,121,859,1,57.99,57.99,0.0,1,859,1.0,0.0
C15983,Lapsed / Hibernating,1,2,3,123,765,1,356.99,356.99,0.0,1,765,0.0,0.0
C15985,Lapsed / Hibernating,2,2,3,223,586,1,568.97,568.97,0.0,2,586,1.0,0.0
C15986,Lapsed / Hibernating,2,3,4,234,581,3,798.84,266.28,0.039,3,703,0.0,0.0
C15987,Lapsed / Hibernating,2,4,4,244,410,8,1523.74,190.468,0.077,5,978,0.25,0.0
C15989,Champions,5,5,5,555,6,24,3987.09,166.129,0.153,8,513,0.958,0.082
C15991,Deal Hunters,3,2,2,322,145,1,198.89,198.89,1.0,1,145,0.0,0.0
C15993,Champions,3,4,4,344,160,8,1695.19,211.899,0.079,7,962,0.0,0.105
C15994,Lapsed / Hibernating,2,3,2,232,550,2,113.55,56.775,0.424,4,692,0.5,0.5
C15995,New & Promising,5,2,2,522,21,1,99.97,99.97,0.0,2,21,0.0,0.0
C15998,Champions,3,5,3,353,159,10,655.39,65.539,0.115,8,574,0.9,0.235
C16000,Champions,5,5,5,555,5,13,1924.0,148.0,0.149,6,770,0.231,0.114
C16001,Lapsed / Hibernating,1,4,4,144,874,7,806.05,115.15,0.361,5,1012,0.0,0.0
C16002,Lapsed / Hibernating,1,2,2,122,723,1,244.16,244.16,0.079,2,723,0.0,0.0
C16003,Steady Regulars,3,2,2,322,300,1,258.97,258.97,0.363,1,300,0.0,0.25
C16004,Lapsed / Hibernating,1,2,2,122,1011,1,107.99,107.99,1.0,1,1011,0.0,0.0
C16005,Deal Hunters,3,2,2,322,139,1,137.69,137.69,1.0,1,139,1.0,0.5
C16006,Champions,3,5,5,355,257,21,3490.22,166.201,0.047,4,1089,0.143,0.13
C16007,Lapsed / Hibernating,2,2,1,221,543,1,16.99,16.99,0.0,1,543,1.0,0.0
C16008,Lapsed / Hibernating,1,2,1,121,1094,1,48.97,48.97,0.0,1,1094,0.0,0.0
C16009,New & Promising,4,2,1,421,67,1,57.98,57.98,0.0,1,67,1.0,0.0
C16010,Steady Regulars,4,4,4,444,32,7,1461.77,208.824,0.418,4,371,0.286,0.056
C16012,New & Promising,3,2,1,321,303,1,33.98,33.98,0.0,1,303,1.0,0.0
C16015,Champions,5,5,5,555,20,17,3780.57,222.386,0.04,6,388,0.176,0.0
C16016,Steady Regulars,5,4,3,543,11,5,494.89,98.978,0.0,5,226,0.2,0.143
C16019,New & Promising,5,4,2,542,10,4,233.65,58.412,0.123,3,80,1.0,0.0
C16020,Steady Regulars,3,4,4,344,157,8,1337.79,167.224,0.0,6,369,0.25,0.0
C16023,Lapsed / Hibernating,1,2,1,121,1024,1,40.98,40.98,0.0,1,1024,1.0,0.0
C16024,Steady Regulars,4,2,2,422,113,1,263.97,263.97,0.0,2,113,1.0,0.0
C16026,Champions,5,5,5,555,5,17,3046.45,179.203,0.114,7,999,0.176,0.025
C16027,Steady Regulars,4,3,3,433,49,3,640.87,213.623,0.0,6,154,1.0,0.0
C16028,New & Promising,4,2,1,421,56,1,75.96,75.96,0.0,1,56,1.0,0.0
C16029,Lapsed / Hibernating,2,4,4,244,383,5,1090.43,218.086,0.254,5,1088,0.8,0.067
C16031,Steady Regulars,3,3,3,333,153,2,502.44,251.22,0.242,3,286,0.5,0.0
C16032,Steady Regulars,4,4,4,444,84,6,1020.18,170.03,0.026,4,241,0.833,0.0
C16033,Lapsed / Hibernating,2,3,3,233,509,2,648.22,324.11,0.283,3,682,1.0,0.2
C16036,Champions,4,5,5,455,34,19,3402.71,179.09,0.067,6,454,0.842,0.217
C16037,Steady Regulars,4,4,4,444,85,5,726.91,145.382,0.032,5,805,1.0,0.111
C16038,Lapsed / Hibernating,1,4,4,144,720,9,1631.81,181.312,0.104,7,1085,0.222,0.286
C16039,Lapsed / Hibernating,2,2,2,222,502,1,98.33,98.33,0.787,2,502,1.0,0.0
C16041,Lapsed / Hibernating,1,2,1,121,1088,1,21.99,21.99,0.0,1,1088,1.0,0.0
C16043,Lapsed / Hibernating,2,2,3,223,610,1,299.97,299.97,0.0,1,610,1.0,0.0
C16044,Lapsed / Hibernating,1,2,1,121,738,1,39.99,39.99,0.0,1,738,0.0,0.0
C16045,Lapsed / Hibernating,2,2,3,223,654,1,554.94,554.94,0.432,3,654,1.0,0.0
C16046,Steady Regulars,3,4,3,343,219,6,650.88,108.48,0.177,5,1091,0.167,0.167
C16047,Steady Regulars,3,4,3,343,166,4,564.89,141.222,0.223,4,731,1.0,0.2
C16050,Deal Hunters,3,2,1,321,347,1,48.59,48.59,1.0,1,347,1.0,0.0
C16051,Steady Regulars,3,4,3,343,245,6,571.98,95.33,0.129,4,693,0.833,0.0
C16052,Lapsed / Hibernating,1,4,3,143,901,4,314.01,78.502,0.598,3,1030,0.0,0.111
C16054,Lapsed / Hibernating,2,2,3,223,461,1,306.97,306.97,0.0,2,461,1.0,0.0
C16056,Steady Regulars,5,4,4,544,18,5,949.88,189.976,0.07,4,349,1.0,0.333
C16057,Steady Regulars,3,3,3,333,255,3,446.91,148.97,0.0,4,752,1.0,0.2
C16058,Champions,5,5,5,555,4,19,2907.44,153.023,0.114,7,604,0.947,0.024
C16060,Lapsed / Hibernating,1,2,1,121,832,1,34.99,34.99,0.0,1,832,1.0,0.0
C16061,Lapsed / Hibernating,2,2,2,222,579,1,231.97,231.97,0.0,3,579,0.0,0.0
C16062,Lapsed / Hibernating,1,2,1,121,986,1,56.98,56.98,0.0,1,986,0.0,0.0
C16064,New & Promising,4,2,1,421,61,1,0.0,0.0,0.0,1,61,1.0,1.0
C16070,Lapsed / Hibernating,1,3,1,131,776,2,71.98,35.99,0.0,3,795,1.0,0.333
C16072,Champions,5,5,5,555,26,15,2848.42,189.895,0.358,7,842,0.933,0.088
C16073,Champions,3,5,5,355,141,16,2060.03,128.752,0.15,6,950,0.875,0.054
C16075,Lapsed / Hibernating,2,2,2,222,614,1,185.98,185.98,0.0,2,614,1.0,0.0
C16076,New & Promising,3,2,1,321,164,1,53.97,53.97,0.0,1,164,0.0,0.0
C16078,Lapsed / Hibernating,1,4,3,143,737,5,590.68,118.136,0.104,3,1075,1.0,0.125
C16079,Lapsed / Hibernating,1,4,3,143,835,4,481.08,120.27,0.306,6,983,1.0,0.0
C16080,Lapsed / Hibernating,1,2,2,122,1062,1,99.96,99.96,0.0,2,1062,0.0,0.0
C16082,New & Promising,3,2,1,321,231,1,34.99,34.99,0.0,1,231,0.0,0.0
C16083,Lapsed / Hibernating,2,2,3,223,624,1,398.94,398.94,0.0,4,624,0.0,0.0
C16084,Steady Regulars,3,4,4,344,219,5,718.35,143.67,0.035,5,711,0.2,0.0
C16085,Champions,4,5,4,454,31,12,1672.38,139.365,0.185,6,646,1.0,0.107
C16087,Lapsed / Hibernating,2,2,2,222,388,1,165.98,165.98,0.0,2,388,1.0,0.5
C16088,Steady Regulars,3,2,2,322,333,1,131.97,131.97,0.0,2,333,0.0,0.0
C16089,Champions,5,4,5,545,10,9,1768.43,196.492,0.294,6,972,0.333,0.0
C16090,Lapsed / Hibernating,1,2,1,121,881,1,51.98,51.98,0.0,1,881,1.0,0.0
C16092,Deal Hunters,4,2,2,422,120,1,242.06,242.06,0.926,2,120,1.0,0.0
C16093,Steady Regulars,5,3,3,533,25,3,308.94,102.98,0.0,4,230,1.0,0.0
C16094,Champions,5,5,5,555,13,26,4204.0,161.692,0.166,7,852,0.077,0.093
C16095,Champions,4,4,5,445,87,9,1996.05,221.783,0.024,5,743,0.111,0.192
C16096,Champions,5,5,5,555,12,12,2818.39,234.866,0.291,6,642,0.917,0.08
C16097,New & Promising,3,2,1,321,124,1,0.0,0.0,0.0,1,124,1.0,1.0
C16099,Lapsed / Hibernating,1,4,2,142,736,4,262.65,65.662,0.122,3,1060,1.0,0.2
C16102,Lapsed / Hibernating,1,2,1,121,710,1,74.99,74.99,0.468,2,710,1.0,0.5
C16104,New & Promising,3,2,1,321,278,1,0.0,0.0,0.0,1,278,1.0,1.0
C16105,Champions,5,4,4,544,7,7,810.88,115.84,0.166,5,401,0.0,0.05
C16106,Steady Regulars,3,3,3,333,303,3,280.91,93.637,0.031,4,587,1.0,0.333
C16108,Lapsed / Hibernating,2,2,2,222,602,1,224.12,224.12,0.072,2,602,1.0,0.0
C16109,Steady Regulars,5,4,2,542,24,5,156.24,31.248,0.426,4,350,1.0,0.143
C16110,Lapsed / Hibernating,1,2,2,122,877,1,211.52,211.52,0.901,2,877,1.0,0.0
C16112,Lapsed / Hibernating,2,2,2,222,420,1,135.97,135.97,0.0,2,420,0.0,0.0
C16113,Lapsed / Hibernating,2,3,3,233,678,3,605.12,201.707,0.633,4,915,0.667,0.0
C16115,Lapsed / Hibernating,2,3,4,234,609,3,1400.02,466.673,0.043,3,1093,1.0,0.1
C16116,Lapsed / Hibernating,2,2,1,221,515,1,71.96,71.96,0.0,1,515,1.0,0.0
C16118,Lapsed / Hibernating,2,3,2,232,677,3,151.97,50.657,0.0,3,969,1.0,0.0
C16119,Lapsed / Hibernating,2,2,1,221,400,1,39.88,39.88,1.0,2,400,1.0,0.0
C16120,Lapsed / Hibernating,2,4,4,244,598,5,1046.85,209.37,0.0,5,1031,1.0,0.154
C16121,Lapsed / Hibernating,2,5,4,254,385,11,777.27,70.661,0.293,6,1079,0.273,0.091
C16122,Champions,5,5,5,555,6,30,6146.82,204.894,0.057,6,1060,0.867,0.065
C16123,Lapsed / Hibernating,2,2,2,222,466,1,123.96,123.96,0.0,1,466,1.0,0.0
C16124,Steady Regulars,3,3,2,332,232,2,205.34,102.67,0.182,3,688,1.0,0.0
C16125,New & Promising,5,3,2,532,1,2,162.98,81.49,0.0,2,60,1.0,0.333
C16128,Lapsed / Hibernating,2,3,3,233,664,2,313.97,156.985,0.0,2,722,1.0,0.25
C16129,Steady Regulars,3,4,4,344,141,5,1486.7,297.34,0.21,5,768,0.0,0.062
C16131,Lapsed / Hibernating,1,2,1,121,1081,1,28.99,28.99,0.0,1,1081,0.0,0.0
C16132,Champions,5,5,5,555,13,14,2174.6,155.329,0.053,8,666,0.929,0.143
C16133,Lapsed / Hibernating,1,2,1,121,807,1,42.99,42.99,0.0,1,807,1.0,0.0
C16135,Lapsed / Hibernating,1,2,1,121,776,1,45.98,45.98,0.0,1,776,1.0,0.5
C16136,Lapsed / Hibernating,1,2,1,121,848,1,18.99,18.99,0.0,1,848,0.0,0.0
C16137,New & Promising,3,2,1,321,172,1,25.99,25.99,0.0,1,172,1.0,0.0
C16138,Champions,3,5,4,354,145,17,1398.24,82.249,0.454,6,1060,0.824,0.103
C16139,Champions,5,5,5,555,11,25,3697.52,147.901,0.179,6,1048,0.08,0.1
C16144,Champions,3,5,5,355,269,11,1917.0,174.273,0.048,6,1059,0.091,0.0
C16145,Lapsed / Hibernating,2,3,3,233,461,3,493.94,164.647,0.0,3,1093,0.0,0.0
C16147,Lapsed / Hibernating,2,5,4,254,550,10,842.32,84.232,0.406,5,1068,1.0,0.167
C16148,Champions,5,5,5,555,9,17,2325.99,136.823,0.341,7,887,0.118,0.122
C16149,Lapsed / Hibernating,1,3,3,133,776,3,425.94,141.98,0.0,4,974,1.0,0.0
C16150,Steady Regulars,3,3,2,332,125,3,221.54,73.847,0.219,2,775,0.0,0.0
C16151,New & Promising,5,2,2,522,5,1,97.57,97.57,0.221,1,5,1.0,0.0
C16152,Champions,5,5,5,555,2,12,2189.14,182.428,0.039,7,702,0.75,0.182
C16153,Steady Regulars,4,3,3,433,106,3,636.85,212.283,0.0,3,728,0.0,0.0
C16155,Lapsed / Hibernating,2,2,1,221,515,1,0.0,0.0,0.0,1,515,0.0,1.0
C16157,Lapsed / Hibernating,1,2,3,123,1083,1,316.97,316.97,0.0,1,1083,1.0,0.0
C16158,Steady Regulars,5,4,3,543,6,5,617.9,123.58,0.0,4,289,1.0,0.111
C16159,Steady Regulars,4,2,3,423,122,1,395.97,395.97,0.0,1,122,1.0,0.333
C16160,Champions,5,4,4,544,19,8,1026.92,128.365,0.073,5,632,1.0,0.118
C16161,Champions,5,5,5,555,3,41,7897.94,192.633,0.051,7,1041,0.854,0.045
C16162,Steady Regulars,4,2,2,422,29,1,254.95,254.95,0.0,3,29,0.0,0.0
C16163,Lapsed / Hibernating,1,2,2,122,996,1,254.99,254.99,0.0,2,996,1.0,0.5
C16164,Lapsed / Hibernating,2,2,2,222,574,1,182.99,182.99,0.0,1,574,0.0,0.0
C16165,Lapsed / Hibernating,2,2,2,222,396,1,158.19,158.19,1.0,1,396,1.0,0.0
C16166,Champions,5,5,5,555,15,12,2237.86,186.488,0.189,6,405,0.917,0.125
C16167,Champions,5,5,5,555,19,38,7480.87,196.865,0.095,5,1090,0.868,0.148
C16168,Steady Regulars,4,3,2,432,33,2,219.97,109.985,0.263,1,165,1.0,0.25
C16170,New & Promising,5,2,2,522,26,1,154.57,154.57,0.088,3,26,1.0,0.0
C16171,Deal Hunters,5,3,2,532,24,2,232.56,116.28,0.685,2,180,1.0,0.2
C16174,New & Promising,3,2,1,321,276,1,23.99,23.99,0.0,1,276,1.0,0.0
C16175,Lapsed / Hibernating,2,4,5,245,605,9,1728.65,192.072,0.254,3,1067,0.778,0.15
C16179,Champions,5,5,5,555,2,18,2750.47,152.804,0.222,7,1095,0.167,0.167
C16180,Steady Regulars,3,2,3,323,279,1,341.97,341.97,0.0,1,279,0.0,0.0
C16183,Lapsed / Hibernating,1,4,4,144,908,4,672.69,168.172,0.146,4,999,1.0,0.222
C16185,Champions,4,5,5,455,92,15,3260.14,217.343,0.144,6,1008,1.0,0.147
C16186,Lapsed / Hibernating,1,2,1,121,708,1,19.99,19.99,0.0,1,708,1.0,0.0
C16187,Lapsed / Hibernating,2,3,1,231,576,2,85.97,42.985,0.0,3,716,0.0,0.0
C16188,Steady Regulars,3,4,3,343,292,4,608.84,152.21,0.0,5,514,1.0,0.1
C16190,Lapsed / Hibernating,2,4,4,244,433,4,938.88,234.72,0.162,5,763,0.5,0.0
C16191,Steady Regulars,4,3,2,432,90,3,180.96,60.32,0.0,5,568,0.333,0.2
C16193,Champions,5,4,3,543,17,8,606.26,75.782,0.173,6,431,0.875,0.143
C16195,Lapsed / Hibernating,2,3,3,233,471,3,339.54,113.18,0.117,4,755,0.333,0.167
C16196,Champions,5,5,5,555,16,25,3549.54,141.982,0.091,7,1089,0.16,0.018
C16197,Lapsed / Hibernating,2,2,1,221,435,1,25.99,25.99,0.0,1,435,1.0,0.0
C16198,New & Promising,4,2,2,422,73,1,112.99,112.99,0.0,1,73,0.0,0.0
C16199,Champions,5,5,5,555,11,32,7773.18,242.912,0.11,7,384,0.188,0.082
C16200,Steady Regulars,5,4,4,544,19,4,884.06,221.015,0.031,5,742,0.75,0.0
C16201,Lapsed / Hibernating,1,3,2,132,760,3,191.74,63.913,0.043,4,917,0.0,0.2
C16202,Champions,5,4,4,544,14,5,779.76,155.952,0.074,7,479,0.8,0.083
C16204,Champions,5,5,5,555,4,22,4211.86,191.448,0.172,7,887,0.864,0.074
C16205,Lapsed / Hibernating,2,2,1,221,587,1,0.0,0.0,0.0,1,587,1.0,1.0
C16206,Champions,4,5,5,455,90,22,3590.91,163.223,0.128,6,998,0.182,0.093
C16207,Champions,5,5,5,555,4,49,8352.67,170.463,0.152,8,946,0.898,0.045
C16208,Champions,3,5,5,355,230,52,8460.68,162.705,0.196,7,1094,0.923,0.125
C16209,Lapsed / Hibernating,1,3,3,133,1000,2,359.95,179.975,0.0,3,1056,1.0,0.0
C16210,Lapsed / Hibernating,1,3,2,132,864,3,246.67,82.223,0.076,5,1017,1.0,0.0
C16211,Steady Regulars,4,4,4,444,94,6,1232.88,205.48,0.028,5,796,1.0,0.091
C16214,Champions,5,5,5,555,11,27,4626.22,171.341,0.067,7,865,0.963,0.074
C16215,Lapsed / Hibernating,2,2,1,221,656,1,21.98,21.98,0.0,1,656,1.0,0.0
C16216,Deal Hunters,3,2,1,321,288,1,77.48,77.48,0.755,1,288,1.0,0.0
C16218,New & Promising,3,2,1,321,227,1,39.99,39.99,0.0,1,227,1.0,0.0
C16219,Steady Regulars,3,2,2,322,320,1,225.99,225.99,0.0,1,320,1.0,0.0
C16220,Lapsed / Hibernating,2,3,2,232,436,2,121.97,60.985,0.0,3,1095,0.0,0.0
C16221,New & Promising,4,2,2,422,108,1,108.98,108.98,0.0,2,108,1.0,0.333
C16222,Lapsed / Hibernating,1,2,3,123,1071,1,336.97,336.97,0.0,2,1071,0.0,0.0
C16224,Lapsed / Hibernating,2,2,1,221,487,1,0.0,0.0,0.0,1,487,1.0,1.0
C16225,Lapsed / Hibernating,2,3,3,233,609,2,281.96,140.98,0.0,3,712,0.0,0.25
C16226,Steady Regulars,3,4,5,345,226,8,2510.79,313.849,0.149,3,605,0.125,0.062
C16227,Steady Regulars,3,3,3,333,351,3,285.12,95.04,0.16,5,1087,0.0,0.143
C16228,Lapsed / Hibernating,1,2,2,122,755,1,103.16,103.16,0.612,2,755,1.0,0.0
C16229,Champions,5,5,4,554,13,11,1376.47,125.134,0.274,6,388,0.909,0.12
C16230,Lapsed / Hibernating,2,2,1,221,461,1,15.98,15.98,0.0,1,461,1.0,0.0
C16232,Lapsed / Hibernating,1,2,2,122,862,1,133.44,133.44,1.0,1,862,1.0,0.0
C16233,Steady Regulars,3,4,3,343,298,5,558.91,111.782,0.0,3,669,0.0,0.111
C16235,New & Promising,3,2,1,321,269,1,23.99,23.99,0.0,1,269,1.0,0.0
C16236,Lapsed / Hibernating,2,3,3,233,382,2,660.25,330.125,0.5,3,695,0.5,0.0
C16237,Lapsed / Hibernating,1,2,1,121,726,1,37.99,37.99,0.0,1,726,0.0,0.0
C16240,Champions,5,4,4,544,20,6,700.88,116.813,0.0,6,269,0.0,0.0
C16242,Champions,5,5,5,555,5,13,2652.27,204.021,0.142,5,1071,0.308,0.061
C16243,Lapsed / Hibernating,1,3,3,133,1092,2,363.95,181.975,0.033,4,1095,1.0,0.0
C16244,Lapsed / Hibernating,1,3,3,133,796,2,466.93,233.465,0.0,6,880,0.5,0.167
C16245,New & Promising,3,2,1,321,222,1,53.98,53.98,0.0,1,222,1.0,0.0
C16246,Steady Regulars,4,2,3,423,109,1,433.95,433.95,0.0,3,109,1.0,0.0
C16249,Lapsed / Hibernating,2,4,4,244,398,7,1534.16,219.166,0.159,6,1068,0.857,0.158
C16250,Champions,3,4,5,345,135,8,1738.57,217.321,0.454,6,840,0.875,0.062
C16251,Lapsed / Hibernating,1,3,3,133,814,2,500.03,250.015,0.052,2,1028,0.0,0.0
C16252,New & Promising,4,2,1,421,93,1,25.99,25.99,0.0,1,93,1.0,0.0
C16253,Champions,5,4,4,544,12,8,784.5,98.062,0.091,4,720,0.875,0.111
C16255,Lapsed / Hibernating,1,3,3,133,839,2,514.95,257.475,0.0,3,956,0.0,0.0
C16256,New & Promising,4,2,2,422,44,1,173.99,173.99,0.0,1,44,1.0,0.0
C16257,Lapsed / Hibernating,2,4,2,242,446,4,235.91,58.977,0.0,2,958,1.0,0.111
C16259,Champions,4,5,5,455,109,57,9081.22,159.32,0.148,8,884,1.0,0.117
C16260,Steady Regulars,4,4,4,444,34,7,874.65,124.95,0.084,5,246,1.0,0.071
C16261,Steady Regulars,3,4,3,343,178,4,413.13,103.282,0.108,3,698,0.5,0.125
C16262,Steady Regulars,3,2,3,323,361,1,335.97,335.97,0.0,2,361,0.0,0.0
C16264,Lapsed / Hibernating,2,2,3,223,596,1,379.98,379.98,0.0,1,596,1.0,0.0
C16265,Steady Regulars,3,2,2,322,155,1,191.97,191.97,0.0,2,155,0.0,0.0
C16266,Champions,5,4,4,544,13,8,1126.39,140.799,0.086,6,388,1.0,0.133
C16267,Champions,4,5,5,455,80,10,2635.91,263.591,0.206,6,534,0.8,0.208
C16268,Steady Regulars,4,4,4,444,28,6,848.02,141.337,0.112,4,314,0.167,0.0
C16269,Champions,5,4,4,544,12,8,1637.33,204.666,0.215,5,254,0.875,0.053
C16271,Steady Regulars,3,4,4,344,218,6,1171.85,195.308,0.0,5,1092,0.167,0.071
C16272,Steady Regulars,3,3,3,333,132,3,384.96,128.32,0.0,1,521,1.0,0.0
C16273,Lapsed / Hibernating,1,2,1,121,812,1,71.98,71.98,0.0,1,812,1.0,0.0
C16274,Lapsed / Hibernating,2,2,1,221,531,1,20.99,20.99,0.0,1,531,1.0,0.0
C16275,Lapsed / Hibernating,2,3,4,234,502,3,929.33,309.777,0.077,4,568,0.0,0.0
C16276,Lapsed / Hibernating,1,4,4,144,981,5,740.92,148.184,0.242,6,1093,0.4,0.0
C16277,Deal Hunters,5,3,3,533,18,2,327.35,163.675,0.594,3,373,0.5,0.0
C16279,Champions,5,5,5,555,13,20,1735.74,86.787,0.017,7,1035,0.1,0.132
C16280,Steady Regulars,3,3,4,334,139,3,823.99,274.663,0.447,2,600,1.0,0.0
C16281,New & Promising,3,2,2,322,204,1,125.98,125.98,0.0,1,204,1.0,0.0
C16282,Lapsed / Hibernating,1,3,2,132,1067,2,179.36,89.68,0.241,3,1080,0.0,0.2
C16284,Champions,5,5,5,555,9,15,2972.81,198.187,0.479,7,439,1.0,0.068
C16285,Champions,5,5,5,555,21,10,1900.13,190.013,0.238,7,588,0.9,0.0
C16286,Lapsed / Hibernating,1,3,3,133,712,2,350.83,175.415,0.892,3,911,0.5,0.0
C16289,Champions,3,5,5,355,305,25,3429.98,137.199,0.165,8,949,0.88,0.109
C16291,Steady Regulars,3,2,3,323,312,1,331.98,331.98,0.0,1,312,1.0,0.0
C16293,New & Promising,5,2,2,522,21,1,119.78,119.78,0.274,2,21,1.0,0.0
C16294,Lapsed / Hibernating,2,2,2,222,690,1,117.98,117.98,0.0,3,690,0.0,0.333
C16295,New & Promising,3,2,1,321,180,1,0.0,0.0,0.0,1,180,0.0,1.0
C16296,Champions,4,5,5,455,38,42,10076.9,239.926,0.147,5,1052,0.119,0.067
C16298,Champions,5,5,5,555,20,35,4933.41,140.955,0.104,7,1083,0.8,0.091
C16299,Steady Regulars,4,2,3,423,78,1,375.98,375.98,0.0,1,78,0.0,0.0
C16300,Steady Regulars,4,4,4,444,109,4,1460.0,365.0,0.015,4,424,0.25,0.0
C16301,Lapsed / Hibernating,2,2,1,221,368,1,18.99,18.99,0.0,1,368,1.0,0.0
C16302,Lapsed / Hibernating,1,2,3,123,908,1,568.54,568.54,0.176,1,908,1.0,0.2
C16304,Champions,5,5,4,554,14,13,904.46,69.574,0.208,6,685,0.308,0.105
C16305,Steady Regulars,3,2,3,323,133,1,400.99,400.99,0.182,4,133,1.0,0.0
C16307,New & Promising,3,2,1,321,335,1,47.99,47.99,0.0,1,335,1.0,0.0
C16308,Lapsed / Hibernating,2,5,5,255,510,20,4052.63,202.632,0.073,6,1029,0.4,0.043
C16310,Lapsed / Hibernating,2,2,2,222,387,1,95.64,95.64,0.216,3,387,1.0,0.0
C16311,New & Promising,3,2,2,322,163,1,110.97,110.97,0.0,2,163,0.0,0.0
C16313,Lapsed / Hibernating,1,2,1,121,740,1,17.99,17.99,0.0,1,740,1.0,0.5
C16314,Lapsed / Hibernating,1,2,3,123,965,1,329.98,329.98,0.0,1,965,1.0,0.0
C16315,Lapsed / Hibernating,2,2,2,222,691,1,266.25,266.25,0.564,2,691,1.0,0.0
C16316,Lapsed / Hibernating,2,2,1,221,412,1,63.98,63.98,0.0,2,412,1.0,0.0
C16317,Lapsed / Hibernating,1,3,2,132,903,2,141.95,70.975,0.0,2,927,0.5,0.0
C16318,Lapsed / Hibernating,2,5,5,255,429,25,4308.83,172.353,0.038,8,1075,0.12,0.131
C16319,Lapsed / Hibernating,1,3,3,133,1075,2,434.92,217.46,0.0,4,1082,1.0,0.0
C16324,Lapsed / Hibernating,1,2,2,122,916,1,129.58,129.58,0.209,2,916,1.0,0.333
C16325,Deal Hunters,5,2,1,521,25,1,15.99,15.99,1.0,1,25,1.0,0.0
C16327,Steady Regulars,3,5,4,354,176,10,939.78,93.978,0.0,5,561,1.0,0.125
C16328,Lapsed / Hibernating,1,4,5,145,1001,4,2551.83,637.958,0.32,4,1095,0.25,0.083
C16330,Champions,5,4,4,544,23,7,747.08,106.726,0.066,6,523,1.0,0.062
C16331,Champions,4,5,5,455,41,13,1823.54,140.272,0.147,7,946,0.385,0.045
C16333,Deal Hunters,4,2,2,422,37,1,203.67,203.67,1.0,3,37,1.0,0.333
C16334,Lapsed / Hibernating,2,3,3,233,438,3,565.91,188.637,0.0,4,797,0.0,0.0
C16337,Lapsed / Hibernating,2,3,4,234,565,3,894.92,298.307,0.0,3,810,1.0,0.2
C16338,Deal Hunters,5,3,1,531,1,2,50.98,25.49,0.608,3,98,1.0,0.333
C16339,Champions,5,4,4,544,2,9,1267.8,140.867,0.0,7,521,1.0,0.062
C16340,Lapsed / Hibernating,1,2,1,121,969,1,33.98,33.98,1.0,1,969,0.0,0.0
C16341,New & Promising,3,2,1,321,155,1,32.99,32.99,0.0,1,155,1.0,0.0
C16342,Steady Regulars,3,2,2,322,139,1,241.97,241.97,0.0,1,139,0.0,0.0
C16344,Champions,5,5,5,555,12,45,10998.26,244.406,0.147,7,1020,0.2,0.084
C16345,Champions,5,5,5,555,17,16,3249.18,203.074,0.14,5,1087,0.875,0.028
C16346,New & Promising,4,2,1,421,97,1,72.98,72.98,0.0,2,97,1.0,0.0
C16347,Champions,3,5,5,355,157,10,1992.71,199.271,0.111,5,962,0.9,0.111
C16348,Champions,4,5,5,455,81,15,2915.34,194.356,0.26,6,1019,0.133,0.118
C16349,Champions,5,4,5,545,9,9,2807.01,311.89,0.107,6,76,1.0,0.077
C16350,Champions,4,5,5,455,73,26,3601.5,138.519,0.118,6,978,0.885,0.088
C16351,New & Promising,3,2,1,321,271,1,30.99,30.99,0.0,1,271,1.0,0.0
C16352,Deal Hunters,5,3,2,532,6,3,153.75,51.25,0.433,5,38,1.0,0.2
C16353,Lapsed / Hibernating,2,2,1,221,392,1,80.97,80.97,0.0,1,392,0.0,0.0
C16355,Steady Regulars,5,4,4,544,19,6,921.43,153.572,0.054,4,190,0.833,0.167
C16356,Champions,5,5,5,555,24,40,8331.96,208.299,0.182,7,1080,0.15,0.14
C16357,Champions,5,4,4,544,20,9,1629.18,181.02,0.043,5,369,0.222,0.0
C16358,Champions,5,5,5,555,3,25,4688.58,187.543,0.167,6,995,0.92,0.13
C16359,Lapsed / Hibernating,2,2,1,221,616,1,37.98,37.98,0.0,1,616,1.0,0.0
C16361,Champions,5,5,5,555,10,51,10177.09,199.551,0.138,8,830,0.118,0.083
C16362,Champions,3,5,5,355,143,45,9497.71,211.06,0.101,5,731,0.956,0.09
C16363,Champions,4,5,5,455,27,51,9185.77,180.113,0.167,8,1092,0.137,0.082
C16364,Lapsed / Hibernating,2,2,1,221,589,1,22.99,22.99,0.0,1,589,0.0,0.0
C16365,Lapsed / Hibernating,1,2,3,123,1082,1,417.17,417.17,0.088,2,1082,0.0,0.333
C16366,Deal Hunters,5,2,1,521,20,1,71.18,71.18,1.0,2,20,1.0,0.0
C16367,Lapsed / Hibernating,1,2,1,121,958,1,68.97,68.97,0.0,2,958,1.0,0.0
C16368,Lapsed / Hibernating,1,2,3,123,881,1,267.98,267.98,0.0,1,881,1.0,0.0
C16369,New & Promising,3,2,1,321,218,1,56.97,56.97,0.0,1,218,1.0,0.0
C16370,Lapsed / Hibernating,1,5,4,154,745,10,858.16,85.816,0.12,5,1001,0.0,0.118
C16371,Champions,3,5,4,354,271,11,1224.09,111.281,0.102,6,787,0.818,0.037
C16372,Champions,5,5,5,555,15,17,2267.58,133.387,0.32,7,678,0.941,0.083
C16376,Steady Regulars,3,4,4,344,145,6,971.85,161.975,0.019,4,387,1.0,0.0
C16380,Champions,5,5,5,555,6,40,8124.76,203.119,0.076,6,1034,0.225,0.091
C16381,Steady Regulars,5,3,3,533,20,3,548.76,182.92,0.06,4,227,1.0,0.0
C16383,Champions,5,5,5,555,6,10,2851.71,285.171,0.187,5,122,1.0,0.045
C16384,Deal Hunters,4,3,2,432,50,2,97.57,48.785,0.488,2,137,1.0,0.0
C16385,Lapsed / Hibernating,2,2,1,221,476,1,71.97,71.97,0.0,1,476,1.0,0.0
C16386,New & Promising,4,2,1,421,43,1,0.0,0.0,0.0,1,43,1.0,1.0
C16387,Lapsed / Hibernating,2,4,3,243,628,4,432.21,108.053,0.1,3,1002,0.25,0.222
C16390,Steady Regulars,4,3,3,433,29,2,396.95,198.475,0.0,3,268,0.0,0.0
C16392,Steady Regulars,5,2,3,523,16,1,382.53,382.53,0.182,2,16,0.0,0.0
C16393,New & Promising,4,2,2,422,113,1,99.96,99.96,0.0,2,113,1.0,0.0
C16394,Champions,5,5,4,554,13,12,1301.56,108.463,0.09,4,481,0.917,0.154
C16395,Steady Regulars,3,4,3,343,131,5,618.61,123.722,0.438,4,623,0.4,0.143
C16396,Steady Regulars,3,4,4,344,250,6,759.02,126.503,0.208,6,792,1.0,0.0
C16397,Champions,5,5,4,554,23,13,1166.44,89.726,0.352,7,897,0.154,0.0
C16398,Lapsed / Hibernating,1,2,1,121,785,1,59.99,59.99,0.0,1,785,1.0,0.0
C16399,Lapsed / Hibernating,2,2,3,223,437,1,351.99,351.99,0.0,1,437,1.0,0.0
C16401,Steady Regulars,4,3,3,433,83,2,457.96,228.98,0.0,3,98,1.0,0.0
C16402,New & Promising,5,2,2,522,24,1,167.98,167.98,0.095,2,24,1.0,0.0
C16403,Champions,4,4,4,444,31,9,1130.97,125.663,0.096,5,762,0.889,0.059
C16404,Lapsed / Hibernating,2,4,5,245,699,5,1819.97,363.994,0.06,6,855,0.2,0.062
C16406,Lapsed / Hibernating,1,4,3,143,881,5,324.31,64.862,0.26,5,1062,1.0,0.125
C16407,Steady Regulars,4,3,2,432,88,2,266.96,133.48,0.0,1,222,0.0,0.0
C16408,Lapsed / Hibernating,2,3,3,233,393,3,611.84,203.947,0.07,4,916,0.333,0.167
C16410,Lapsed / Hibernating,1,2,3,123,907,1,287.65,287.65,0.228,2,907,0.0,0.0
C16411,Champions,5,5,4,554,24,10,1607.65,160.765,0.375,8,600,0.0,0.0
C16412,Lapsed / Hibernating,1,3,3,133,925,2,399.56,199.78,0.555,2,997,0.5,0.0
C16413,New & Promising,5,2,1,521,23,1,0.0,0.0,0.0,1,23,1.0,1.0
C16415,Lapsed / Hibernating,2,3,3,233,684,2,418.94,209.47,0.0,4,825,1.0,0.167
C16416,Lapsed / Hibernating,2,4,5,245,689,7,1903.73,271.961,0.322,4,1037,1.0,0.105
C16417,Champions,4,5,5,455,34,14,2263.4,161.671,0.275,4,526,0.143,0.179
C16419,Steady Regulars,4,4,3,443,77,4,420.6,105.15,0.049,4,704,1.0,0.0
C16421,Lapsed / Hibernating,1,4,4,144,912,5,819.9,163.98,0.0,2,1095,0.8,0.182
C16422,New & Promising,4,2,2,422,70,1,164.99,164.99,0.0,1,70,1.0,0.0
C16423,New & Promising,5,2,2,522,9,1,241.96,241.96,0.0,2,9,1.0,0.0
C16424,Lapsed / Hibernating,1,2,1,121,917,1,23.99,23.99,0.0,1,917,1.0,0.0
C16425,Lapsed / Hibernating,2,4,4,244,559,5,843.3,168.66,0.138,5,775,0.8,0.077
C16426,Champions,5,5,5,555,10,23,3120.32,135.666,0.096,6,1085,0.087,0.064
C16427,Lapsed / Hibernating,2,2,1,221,536,1,0.0,0.0,0.0,1,536,1.0,1.0
C16428,Deal Hunters,4,2,2,422,30,1,101.57,101.57,1.0,1,30,0.0,0.0
C16429,Champions,4,5,5,455,31,31,5721.5,184.565,0.115,8,902,0.194,0.031
C16431,Steady Regulars,3,2,3,323,355,1,321.73,321.73,0.301,3,355,0.0,0.0
C16434,Steady Regulars,3,4,4,344,234,5,969.83,193.966,0.0,4,437,0.8,0.0
C16439,Steady Regulars,3,2,2,322,275,1,224.96,224.96,0.0,1,275,1.0,0.0
C16440,Lapsed / Hibernating,2,2,2,222,489,1,259.98,259.98,0.0,1,489,1.0,0.0
C16441,Champions,5,5,5,555,2,13,2415.2,185.785,0.079,5,391,1.0,0.031
C16442,Steady Regulars,4,3,4,434,102,3,784.4,261.467,0.101,3,655,0.0,0.0
C16445,Lapsed / Hibernating,2,2,3,223,624,1,369.99,369.99,0.0,1,624,1.0,0.0
C16448,Lapsed / Hibernating,2,3,4,234,695,2,762.93,381.465,0.0,3,713,1.0,0.0
C16449,Steady Regulars,3,4,4,344,167,7,1262.5,180.357,0.19,5,1073,1.0,0.0
C16450,New & Promising,4,3,1,431,88,2,28.37,14.185,0.246,3,234,0.0,0.333
C16452,Lapsed / Hibernating,1,2,1,121,1061,1,48.99,48.99,0.0,1,1061,0.0,0.0
C16454,Lapsed / Hibernating,1,2,1,121,746,1,25.99,25.99,0.0,1,746,1.0,0.0
C16455,Lapsed / Hibernating,1,2,2,122,1036,1,88.99,88.99,0.0,1,1036,1.0,0.0
C16456,Lapsed / Hibernating,2,2,1,221,580,1,16.99,16.99,0.0,2,580,1.0,0.5
C16457,Lapsed / Hibernating,1,3,3,133,1076,2,302.66,151.33,0.631,2,1082,1.0,0.2
C16459,Steady Regulars,4,4,3,443,32,4,574.9,143.725,0.024,6,422,1.0,0.143
C16460,Champions,5,5,5,555,24,16,2290.6,143.163,0.148,7,779,1.0,0.0
C16462,Lapsed / Hibernating,1,4,4,144,787,4,1260.75,315.188,0.102,4,1004,1.0,0.083
C16463,Steady Regulars,4,4,3,443,43,6,506.89,84.482,0.0,5,182,1.0,0.091
C16464,Steady Regulars,3,3,4,334,157,3,1427.66,475.887,0.252,6,544,1.0,0.077
C16465,Lapsed / Hibernating,2,2,1,221,402,1,15.39,15.39,1.0,1,402,0.0,0.5
C16466,Lapsed / Hibernating,2,2,3,223,701,1,637.94,637.94,0.0,1,701,1.0,0.0
C16467,Champions,4,5,5,455,86,59,10540.93,178.66,0.158,8,1091,0.949,0.095
C16468,Lapsed / Hibernating,2,4,3,243,366,4,291.93,72.982,0.0,3,992,1.0,0.0
C16469,Lapsed / Hibernating,1,2,3,123,971,1,439.96,439.96,0.0,2,971,1.0,0.0
C16471,Lapsed / Hibernating,1,4,4,144,724,8,1628.55,203.569,0.028,4,965,0.125,0.0
C16472,Lapsed / Hibernating,2,5,5,255,484,31,5996.52,193.436,0.192,6,1092,0.161,0.112
C16474,Steady Regulars,5,4,4,544,4,4,870.7,217.675,0.132,3,392,0.0,0.0
C16476,Deal Hunters,3,2,2,322,170,1,90.07,90.07,1.0,1,170,1.0,0.0
C16477,Lapsed / Hibernating,1,3,2,132,1051,2,142.97,71.485,0.0,2,1057,1.0,0.0
C16479,Champions,4,5,5,455,30,11,2576.24,234.204,0.042,6,568,0.909,0.045
C16481,Steady Regulars,4,4,5,445,80,6,1815.35,302.558,0.061,4,960,1.0,0.062
C16483,Lapsed / Hibernating,2,3,2,232,421,3,225.83,75.277,0.247,4,726,0.333,0.0
C16484,Lapsed / Hibernating,2,2,2,222,392,1,148.99,148.99,0.214,2,392,1.0,0.5
C16487,Steady Regulars,4,4,3,443,63,4,323.92,80.98,0.134,4,226,1.0,0.286
C16490,New & Promising,3,2,1,321,351,1,47.99,47.99,0.0,1,351,0.0,0.0
C16492,Steady Regulars,3,3,3,333,193,2,560.53,280.265,0.431,3,890,1.0,0.0
C16493,Lapsed / Hibernating,2,4,3,243,518,6,643.34,107.223,0.155,5,1060,0.167,0.0
C16494,Steady Regulars,3,4,4,344,202,4,1302.9,325.725,0.0,3,542,0.75,0.0
C16495,Steady Regulars,3,4,5,345,202,5,2034.73,406.946,0.161,5,571,0.8,0.0
C16496,Lapsed / Hibernating,2,5,5,255,557,10,2188.81,218.881,0.072,6,1040,0.9,0.033
C16497,New & Promising,3,2,1,321,322,1,45.98,45.98,0.0,2,322,0.0,0.5
C16498,Lapsed / Hibernating,1,5,5,155,704,19,2712.65,142.771,0.31,7,1095,0.895,0.189
C16500,Lapsed / Hibernating,1,2,1,121,752,1,84.99,84.99,0.0,1,752,1.0,0.0
C16501,Champions,5,5,5,555,1,23,6783.73,294.945,0.106,8,742,0.174,0.119
C16502,Champions,5,5,5,555,18,21,3931.61,187.22,0.303,7,949,0.048,0.14
C16503,New & Promising,4,2,2,422,55,1,157.97,157.97,0.0,2,55,1.0,0.0
C16504,Lapsed / Hibernating,1,3,2,132,721,2,264.95,132.475,0.357,3,1021,1.0,0.2
C16505,Lapsed / Hibernating,2,4,3,243,601,5,490.51,98.102,0.582,5,1045,1.0,0.0
C16506,Steady Regulars,4,3,3,433,34,3,537.22,179.073,0.072,5,209,1.0,0.2
C16507,Champions,4,5,5,455,56,16,2338.18,146.136,0.079,4,1026,0.0,0.077
C16511,Champions,3,5,5,355,271,25,6131.91,245.276,0.108,5,679,1.0,0.04
C16512,Lapsed / Hibernating,1,3,3,133,1090,2,650.08,325.04,0.097,5,1095,1.0,0.0
C16513,Lapsed / Hibernating,1,2,4,124,809,1,667.97,667.97,0.0,1,809,1.0,0.0
C16514,Lapsed / Hibernating,2,2,1,221,558,1,55.99,55.99,0.0,1,558,0.0,0.0
C16515,Champions,4,5,5,455,33,16,1911.37,119.461,0.243,7,924,0.062,0.026
C16516,Champions,5,4,4,544,5,9,1101.0,122.333,0.099,7,498,1.0,0.0
C16517,Champions,5,4,4,544,18,7,896.56,128.08,0.07,6,544,0.143,0.0
C16519,Lapsed / Hibernating,1,2,2,122,980,1,205.37,205.37,0.114,1,980,0.0,0.0
C16520,Steady Regulars,4,4,4,444,68,6,738.24,123.04,0.401,5,425,1.0,0.091
C16521,Champions,5,5,4,554,9,14,1499.9,107.136,0.033,7,281,1.0,0.065
C16522,Steady Regulars,4,3,4,434,60,3,1238.28,412.76,0.089,3,341,0.667,0.0
C16524,Champions,4,5,5,455,84,10,2865.35,286.535,0.024,7,522,0.2,0.05
C16525,Lapsed / Hibernating,2,2,2,222,690,1,176.96,176.96,0.0,3,690,0.0,0.0
C16527,Lapsed / Hibernating,1,2,1,121,758,1,31.99,31.99,1.0,1,758,0.0,0.0
C16528,Lapsed / Hibernating,2,2,2,222,370,1,246.98,246.98,0.0,3,370,1.0,0.333
C16529,Lapsed / Hibernating,2,4,3,243,439,6,368.92,61.487,0.0,4,979,1.0,0.25
C16530,Lapsed / Hibernating,2,2,2,222,452,1,209.96,209.96,0.0,2,452,1.0,0.0
C16531,Steady Regulars,3,2,2,322,278,1,191.97,191.97,0.0,2,278,1.0,0.0
C16532,Lapsed / Hibernating,1,2,1,121,716,1,0.0,0.0,0.0,1,716,0.0,1.0
C16533,Champions,3,5,5,355,223,19,2714.41,142.864,0.079,6,1094,0.947,0.091
C16536,Steady Regulars,3,2,3,323,326,1,478.97,478.97,0.0,2,326,0.0,0.333
C16537,Steady Regulars,3,2,3,323,161,1,370.98,370.98,0.0,2,161,1.0,0.0
C16538,Lapsed / Hibernating,2,3,4,234,613,3,1175.88,391.96,0.0,4,950,0.0,0.0
C16540,Lapsed / Hibernating,2,2,1,221,538,1,52.99,52.99,0.0,1,538,1.0,0.0
C16541,Champions,5,5,5,555,1,16,2539.76,158.735,0.033,5,683,0.188,0.074
C16543,Champions,5,5,5,555,3,60,16317.97,271.966,0.086,7,1088,0.883,0.108
C16544,Lapsed / Hibernating,1,2,2,122,742,1,221.99,221.99,0.0,2,742,0.0,0.5
C16545,Lapsed / Hibernating,1,4,3,143,835,4,365.92,91.48,0.0,3,1086,0.75,0.222
C16547,Steady Regulars,4,5,4,454,98,11,1212.82,110.256,0.013,4,805,0.909,0.381
C16548,Steady Regulars,3,4,4,344,163,6,903.06,150.51,0.073,5,477,1.0,0.083
C16549,Champions,4,5,5,455,100,11,2040.17,185.47,0.221,6,863,1.0,0.15
C16554,New & Promising,4,2,1,421,112,1,51.99,51.99,0.0,1,112,1.0,0.0
C16556,New & Promising,5,3,2,532,14,2,163.12,81.56,0.254,4,87,0.0,0.143
C16557,New & Promising,3,2,1,321,154,1,25.99,25.99,0.0,1,154,0.0,0.5
C16558,Lapsed / Hibernating,2,2,2,222,468,1,170.98,170.98,0.0,2,468,1.0,0.0
C16559,Champions,5,4,5,545,14,8,1790.2,223.775,0.393,3,358,0.25,0.211
C16561,Champions,5,5,5,555,19,23,4824.85,209.776,0.171,6,455,0.957,0.03
C16562,Lapsed / Hibernating,2,3,3,233,656,3,389.18,129.727,0.445,5,954,0.0,0.0
C16563,Lapsed / Hibernating,1,3,2,132,901,3,206.95,68.983,0.908,3,977,0.333,0.0
C16564,Lapsed / Hibernating,2,4,3,243,408,4,273.62,68.405,0.068,3,687,1.0,0.0
C16565,Lapsed / Hibernating,1,2,1,121,1096,1,83.98,83.98,0.0,2,1096,1.0,0.0
C16566,Champions,4,5,5,455,57,28,4338.6,154.95,0.142,6,1061,0.036,0.016
C16568,Lapsed / Hibernating,1,4,3,143,704,4,461.89,115.473,0.102,7,906,1.0,0.2
C16569,Deal Hunters,3,2,2,322,170,1,179.33,179.33,1.0,3,170,1.0,0.333
C16570,New & Promising,3,2,1,321,277,1,30.99,30.99,0.0,1,277,1.0,0.0
C16571,New & Promising,4,2,1,421,120,1,49.97,49.97,0.0,2,120,0.0,0.0
C16572,Steady Regulars,5,3,4,534,12,3,804.5,268.167,0.092,5,99,1.0,0.1
C16574,Champions,5,4,4,544,21,9,688.72,76.524,0.299,6,339,0.889,0.188
C16576,Champions,5,4,3,543,14,7,590.37,84.339,0.191,6,365,1.0,0.0
C16578,Lapsed / Hibernating,1,5,4,154,786,10,1208.46,120.846,0.114,7,1049,0.9,0.25
C16581,Champions,5,4,4,544,14,6,956.49,159.415,0.029,6,410,0.167,0.1
C16582,Steady Regulars,3,3,3,333,232,3,434.3,144.767,0.307,5,758,0.667,0.25
C16584,Champions,3,5,5,355,173,17,3152.08,185.416,0.12,8,1043,0.882,0.062
C16585,Steady Regulars,3,4,3,343,249,5,651.21,130.242,0.492,5,587,0.0,0.0
C16586,Deal Hunters,5,2,1,521,19,1,13.59,13.59,1.0,1,19,1.0,0.0
C16587,Steady Regulars,3,4,4,344,164,4,815.52,203.88,0.284,4,235,1.0,0.125
C16588,Lapsed / Hibernating,2,4,4,244,559,5,1069.83,213.966,0.0,6,973,1.0,0.0
C16591,Champions,4,5,5,455,49,15,3898.19,259.879,0.039,6,1094,0.133,0.1
C16592,Champions,4,5,5,455,80,13,1731.39,133.184,0.224,6,1088,0.923,0.087
C16593,Lapsed / Hibernating,1,3,2,132,985,2,132.97,66.485,0.0,2,998,0.0,0.0
C16595,Champions,5,5,5,555,1,40,6248.87,156.222,0.117,8,1004,0.9,0.135
C16596,Champions,4,5,5,455,71,12,1979.98,164.998,0.146,8,842,1.0,0.121
C16598,Champions,4,5,4,454,36,11,1700.96,154.633,0.094,6,393,0.909,0.038
C16600,Champions,3,5,5,355,219,39,6247.46,160.191,0.121,8,984,0.974,0.125
C16602,Steady Regulars,3,4,3,343,202,5,319.39,63.878,0.04,4,385,0.8,0.125
C16603,Champions,5,5,5,555,3,10,3739.36,373.936,0.037,5,545,0.1,0.077
C16604,Lapsed / Hibernating,1,2,2,122,724,1,186.97,186.97,0.0,1,724,1.0,0.333
C16608,New & Promising,3,2,1,321,317,1,15.98,15.98,0.0,1,317,1.0,0.0
C16609,Steady Regulars,4,2,3,423,65,1,374.08,374.08,0.07,2,65,1.0,0.0
C16610,Lapsed / Hibernating,2,4,4,244,560,5,749.9,149.98,0.143,4,814,0.4,0.0
C16612,Steady Regulars,3,3,2,332,163,2,240.95,120.475,0.0,4,189,1.0,0.0
C16613,Lapsed / Hibernating,2,2,2,222,366,1,133.95,133.95,0.0,2,366,1.0,0.0
C16614,Lapsed / Hibernating,2,4,4,244,510,7,1378.98,196.997,0.103,5,1093,0.286,0.133
C16616,New & Promising,3,2,2,322,204,1,94.98,94.98,0.0,2,204,1.0,0.0
C16617,Deal Hunters,4,3,1,431,33,2,38.49,19.245,0.475,2,796,1.0,0.667
C16618,Lapsed / Hibernating,2,5,5,255,398,21,2936.2,139.819,0.292,7,1067,0.905,0.2
C16619,New & Promising,3,2,1,321,145,1,26.99,26.99,0.0,1,145,1.0,0.0
C16620,Steady Regulars,4,2,3,423,113,1,347.94,347.94,0.0,3,113,1.0,0.0
C16621,New & Promising,4,3,2,432,71,2,99.98,49.99,0.0,3,275,0.5,0.333
C16622,New & Promising,5,3,3,533,11,3,291.95,97.317,0.0,3,81,1.0,0.0
C16626,Lapsed / Hibernating,1,2,3,123,849,1,348.99,348.99,0.0,1,849,0.0,0.5
C16627,Lapsed / Hibernating,2,2,1,221,627,1,56.99,56.99,0.0,1,627,1.0,0.0
C16628,Champions,4,5,4,454,76,10,1549.57,154.957,0.063,6,822,0.3,0.048
C16629,New & Promising,3,2,2,322,143,1,93.99,93.99,0.0,1,143,1.0,0.0
C16630,Lapsed / Hibernating,1,4,3,143,956,5,496.19,99.238,0.099,5,1048,0.0,0.0
C16631,Champions,3,5,4,354,143,10,1406.11,140.611,0.573,4,1089,0.4,0.059
C16632,Lapsed / Hibernating,1,4,3,143,727,7,532.18,76.026,0.154,5,1038,0.714,0.182
C16633,Steady Regulars,3,3,2,332,152,2,119.15,59.575,0.127,5,360,0.5,0.0
C16634,Lapsed / Hibernating,1,2,2,122,1088,1,140.96,140.96,0.0,2,1088,1.0,0.0
C16635,Champions,5,4,4,544,25,6,1188.27,198.045,0.584,8,177,0.833,0.118
C16637,New & Promising,3,2,1,321,190,1,37.98,37.98,0.0,1,190,1.0,0.0
C16638,Champions,5,5,5,555,16,18,2421.55,134.531,0.102,7,443,1.0,0.086
C16640,Steady Regulars,4,4,4,444,27,5,892.9,178.58,0.0,4,612,1.0,0.1
C16641,New & Promising,4,3,2,432,67,2,96.47,48.235,0.088,2,321,0.5,0.0
C16642,New & Promising,4,2,1,421,71,1,74.97,74.97,0.0,1,71,1.0,0.0
C16643,Steady Regulars,3,2,2,322,274,1,115.96,115.96,0.0,2,274,1.0,0.0
C16645,Champions,5,5,5,555,18,15,4224.33,281.622,0.114,7,983,0.2,0.14
C16646,Lapsed / Hibernating,2,2,1,221,570,1,24.99,24.99,0.0,1,570,1.0,0.5
C16647,Steady Regulars,4,4,3,443,57,4,542.83,135.708,0.051,3,247,1.0,0.0
C16649,Champions,5,5,5,555,1,14,3323.87,237.419,0.079,6,482,0.214,0.027
C16650,Lapsed / Hibernating,1,2,3,123,1077,1,303.98,303.98,0.0,2,1077,0.0,0.0
C16651,New & Promising,4,2,2,422,96,1,108.99,108.99,0.0,1,96,1.0,0.0
C16652,Lapsed / Hibernating,2,4,4,244,683,7,1306.63,186.661,0.291,6,971,0.143,0.0
C16653,Lapsed / Hibernating,2,2,1,221,461,1,33.99,33.99,0.0,1,461,0.0,0.0
C16654,Lapsed / Hibernating,2,2,1,221,521,1,56.96,56.96,0.0,2,521,1.0,0.0
C16656,Champions,5,5,5,555,6,61,12900.83,211.489,0.189,8,1075,0.967,0.093
C16658,Lapsed / Hibernating,1,2,2,122,721,1,189.98,189.98,0.0,1,721,0.0,0.0
C16660,Lapsed / Hibernating,1,4,4,144,862,5,1006.86,201.372,0.329,4,993,0.2,0.077
C16661,Champions,5,5,5,555,15,18,2376.72,132.04,0.149,8,679,0.944,0.111
C16662,Steady Regulars,4,2,3,423,102,1,399.96,399.96,0.0,2,102,0.0,0.0
C16663,New & Promising,4,3,2,432,31,3,103.92,34.64,0.336,3,275,0.0,0.0
C16664,Lapsed / Hibernating,2,4,3,243,685,5,348.33,69.666,0.374,5,998,0.4,0.125
C16665,Steady Regulars,3,2,2,322,179,1,262.94,262.94,0.0,4,179,1.0,0.0
C16666,Lapsed / Hibernating,2,4,5,245,388,5,1746.05,349.21,0.021,6,1072,0.0,0.077
C16667,Lapsed / Hibernating,2,5,5,255,690,10,1961.91,196.191,0.07,6,1019,0.0,0.095
C16668,Lapsed / Hibernating,1,2,1,121,732,1,57.98,57.98,0.0,1,732,0.0,0.0
C16669,Lapsed / Hibernating,2,2,1,221,683,1,15.98,15.98,0.0,1,683,0.0,0.0
C16670,Lapsed / Hibernating,1,2,1,121,965,1,30.99,30.99,0.0,1,965,1.0,0.0
C16672,Steady Regulars,3,4,4,344,326,5,1552.06,310.412,0.69,5,1071,1.0,0.111
C16673,Champions,5,4,4,544,18,6,1487.63,247.938,0.018,5,570,0.833,0.188
C16674,Champions,4,5,5,455,98,16,4231.06,264.441,0.066,7,875,0.938,0.048
C16675,Lapsed / Hibernating,1,2,2,122,757,1,250.33,250.33,0.284,4,757,1.0,0.167
C16676,Champions,5,5,5,555,16,10,2028.49,202.849,0.141,6,519,0.9,0.042
C16677,Lapsed / Hibernating,1,3,3,133,843,2,308.86,154.43,0.119,3,882,1.0,0.0
C16678,Lapsed / Hibernating,1,3,4,134,892,2,824.94,412.47,0.0,4,1005,1.0,0.0
C16679,Steady Regulars,4,4,4,444,48,6,903.88,150.647,0.0,6,227,0.833,0.0
C16682,Champions,4,5,5,455,34,37,6021.59,162.746,0.11,6,1087,0.919,0.198
C16683,Lapsed / Hibernating,1,2,1,121,742,1,80.97,80.97,0.0,1,742,0.0,0.0
C16684,Lapsed / Hibernating,2,2,1,221,542,1,17.99,17.99,0.0,1,542,0.0,0.0
C16685,Champions,5,5,5,555,4,34,5722.46,168.308,0.084,7,982,0.265,0.045
C16687,Lapsed / Hibernating,2,2,1,221,542,1,47.98,47.98,0.0,1,542,1.0,0.0
C16688,Champions,5,5,5,555,26,50,12944.66,258.893,0.06,8,1065,0.16,0.066
C16689,Steady Regulars,5,3,2,532,25,3,193.96,64.653,0.389,4,115,0.0,0.429
C16694,New & Promising,4,3,2,432,67,3,126.97,42.323,0.0,1,987,0.333,0.0
C16695,Lapsed / Hibernating,2,2,1,221,654,1,27.74,27.74,1.0,1,654,1.0,0.0
C16696,Steady Regulars,5,3,3,533,13,2,460.36,230.18,0.088,3,192,1.0,0.25
C16697,Lapsed / Hibernating,1,3,4,134,979,3,865.89,288.63,0.0,3,1064,1.0,0.1
C16699,Steady Regulars,5,4,3,543,23,6,610.27,101.712,0.14,4,87,1.0,0.0
C16700,Lapsed / Hibernating,2,2,2,222,420,1,149.99,149.99,0.0,1,420,1.0,0.0
C16701,Lapsed / Hibernating,1,3,3,133,773,2,546.45,273.225,0.583,3,847,0.0,0.0
C16702,Steady Regulars,3,4,3,343,139,5,554.96,110.992,0.068,4,423,1.0,0.333
C16703,Lapsed / Hibernating,1,4,3,143,740,4,556.95,139.238,0.059,3,1035,1.0,0.333
C16704,Champions,5,4,5,545,24,9,1743.33,193.703,0.272,5,1001,1.0,0.133
C16705,Champions,5,5,5,555,8,11,1773.39,161.217,0.185,5,1002,0.909,0.091
C16706,Lapsed / Hibernating,1,2,2,122,988,1,201.97,201.97,0.0,2,988,0.0,0.0
C16710,Champions,5,5,5,555,16,31,3370.0,108.71,0.178,7,671,0.194,0.092
C16711,Lapsed / Hibernating,1,3,4,134,991,3,709.93,236.643,0.0,2,1035,0.0,0.0
C16712,New & Promising,4,3,1,431,110,2,72.97,36.485,0.0,2,502,1.0,0.0
C16714,Lapsed / Hibernating,1,3,3,133,976,3,522.62,174.207,0.21,3,1056,0.667,0.0
C16715,Champions,5,5,4,554,6,11,1073.21,97.565,0.096,5,263,1.0,0.095
C16716,Champions,5,5,5,555,7,38,8481.48,223.197,0.136,7,1019,1.0,0.104
C16717,Champions,5,5,4,554,9,10,1625.12,162.512,0.466,6,1052,0.1,0.074
C16719,Deal Hunters,4,2,1,421,62,1,48.88,48.88,0.571,2,62,1.0,0.0
C16720,Lapsed / Hibernating,2,2,1,221,623,1,59.98,59.98,0.0,1,623,1.0,0.0
C16721,Deal Hunters,3,2,1,321,143,1,70.54,70.54,1.0,1,143,1.0,0.5
C16722,Lapsed / Hibernating,1,4,5,145,799,6,1907.09,317.848,0.424,5,1014,1.0,0.0
C16723,Lapsed / Hibernating,1,4,3,143,798,5,377.28,75.456,0.07,3,1005,0.8,0.0
C16725,Champions,3,4,4,344,193,9,1613.45,179.272,0.328,5,742,0.889,0.143
C16726,Champions,4,5,4,454,121,10,1037.0,103.7,0.127,7,1048,0.9,0.053
C16727,Steady Regulars,5,4,4,544,24,5,959.98,191.996,0.215,5,289,0.8,0.091
C16729,Deal Hunters,3,3,2,332,270,2,105.96,52.98,0.457,2,391,0.5,0.333
C16730,Champions,5,5,5,555,9,22,3416.59,155.3,0.205,7,1048,0.182,0.094
C16735,Champions,3,5,5,355,166,26,3241.05,124.656,0.15,7,1031,0.231,0.069
C16737,Champions,5,5,5,555,5,26,5586.46,214.864,0.116,8,1042,0.077,0.044
C16738,Lapsed / Hibernating,1,2,1,121,751,1,22.99,22.99,0.0,1,751,1.0,0.0
C16739,Champions,4,5,5,455,67,54,7637.95,141.444,0.12,8,1078,0.093,0.056
C16741,Champions,5,5,4,554,11,11,1387.24,126.113,0.226,5,324,1.0,0.12
C16742,Champions,4,5,5,455,89,11,1726.12,156.92,0.122,7,544,0.364,0.1
C16743,Champions,4,4,5,445,38,8,1950.6,243.825,0.31,8,537,0.125,0.0
C16744,Champions,4,5,5,455,38,20,4100.28,205.014,0.206,6,984,0.95,0.098
C16745,Lapsed / Hibernating,1,2,3,123,711,1,284.95,284.95,0.232,4,711,1.0,0.0
C16746,Champions,5,4,3,543,9,8,548.57,68.571,0.131,6,459,1.0,0.077
C16747,Champions,4,5,5,455,116,27,4125.11,152.782,0.059,5,944,0.074,0.15
C16748,Champions,5,3,4,534,1,3,701.07,233.69,0.176,5,206,1.0,0.0
C16750,Lapsed / Hibernating,1,2,3,123,863,1,343.62,343.62,0.22,2,863,1.0,0.0
C16752,Champions,5,4,4,544,13,9,787.53,87.503,0.353,5,976,0.111,0.062
C16754,Steady Regulars,3,2,2,322,311,1,106.96,106.96,0.0,3,311,1.0,0.0
C16755,Steady Regulars,3,3,4,334,133,3,794.69,264.897,0.172,4,254,1.0,0.0
C16757,Steady Regulars,4,4,4,444,38,7,816.35,116.621,0.046,3,424,1.0,0.154
C16758,Champions,4,5,5,455,31,36,7967.85,221.329,0.14,7,1095,0.194,0.067
C16760,Lapsed / Hibernating,1,2,2,122,864,1,221.99,221.99,0.0,1,864,1.0,0.0
C16761,Lapsed / Hibernating,1,3,2,132,755,2,106.96,53.48,0.299,2,815,0.5,0.0
C16762,New & Promising,3,2,1,321,303,1,68.97,68.97,0.0,2,303,1.0,0.0
C16763,Steady Regulars,3,3,3,333,223,2,388.97,194.485,0.0,2,438,1.0,0.25
C16764,New & Promising,4,2,2,422,71,1,140.87,140.87,0.262,1,71,1.0,0.0
C16765,Champions,5,5,5,555,10,56,7453.63,133.101,0.171,8,1077,0.25,0.12
C16767,Steady Regulars,4,2,3,423,108,1,521.96,521.96,0.0,2,108,1.0,0.0
C16768,Steady Regulars,5,4,4,544,11,6,703.36,117.227,0.1,4,522,0.167,0.0
C16769,Champions,5,5,5,555,25,33,5856.32,177.464,0.079,7,742,0.909,0.086
C16771,Steady Regulars,3,5,4,354,150,10,1504.3,150.43,0.107,5,565,1.0,0.053
C16772,Lapsed / Hibernating,1,2,2,122,806,1,217.96,217.96,0.0,2,806,0.0,0.0
C16773,New & Promising,4,3,1,431,69,2,67.37,33.685,0.2,2,192,1.0,0.333
C16774,Deal Hunters,3,3,2,332,144,2,90.32,45.16,0.668,3,167,0.5,0.0
C16775,Lapsed / Hibernating,1,3,4,134,847,3,853.69,284.563,0.187,4,975,0.333,0.0
C16776,Lapsed / Hibernating,1,3,4,134,757,2,850.9,425.45,0.0,3,1078,0.0,0.0
C16777,Lapsed / Hibernating,2,4,4,244,561,6,1144.87,190.812,0.248,5,963,0.833,0.182
C16778,Lapsed / Hibernating,1,3,3,133,801,2,433.95,216.975,0.0,3,1011,0.5,0.0
C16780,Lapsed / Hibernating,2,4,4,244,510,5,687.04,137.408,0.363,4,701,0.0,0.091
C16781,Steady Regulars,3,4,4,344,178,7,1652.46,236.066,0.214,4,460,0.286,0.083
C16782,Steady Regulars,3,2,3,323,340,1,338.99,338.99,0.0,1,340,1.0,0.0
C16783,Champions,4,5,5,455,38,24,3989.75,166.24,0.057,5,851,0.833,0.08
C16784,New & Promising,3,3,1,331,197,2,68.98,34.49,0.0,2,314,1.0,0.0
C16785,Lapsed / Hibernating,1,3,3,133,734,3,419.55,139.85,0.051,3,955,1.0,0.0
C16786,Lapsed / Hibernating,2,5,5,255,532,15,3931.52,262.101,0.015,4,1058,0.267,0.091
C16789,New & Promising,3,2,1,321,150,1,17.99,17.99,0.0,1,150,1.0,0.0
C16790,New & Promising,3,2,1,321,202,1,75.98,75.98,0.0,2,202,0.0,0.0
C16791,Steady Regulars,4,3,3,433,75,2,600.94,300.47,0.0,4,100,1.0,0.0
C16792,Lapsed / Hibernating,2,2,1,221,688,1,21.99,21.99,0.0,1,688,1.0,0.0
C16793,Steady Regulars,4,2,3,423,51,1,512.96,512.96,0.0,3,51,0.0,0.0
C16794,Champions,5,5,5,555,2,34,6850.9,201.497,0.17,8,515,1.0,0.129
C16795,Lapsed / Hibernating,1,3,2,132,795,3,145.75,48.583,0.198,3,965,0.0,0.0
C16796,Lapsed / Hibernating,2,2,3,223,375,1,273.99,273.99,0.0,1,375,1.0,0.0
C16797,Steady Regulars,4,2,2,422,99,1,211.98,211.98,0.0,2,99,1.0,0.0
C16798,Lapsed / Hibernating,1,5,4,154,878,10,1282.58,128.258,0.157,5,1092,0.2,0.105
C16799,Lapsed / Hibernating,2,5,5,255,378,13,2723.99,209.538,0.101,5,921,1.0,0.16
C16801,Lapsed / Hibernating,2,2,1,221,559,1,21.99,21.99,0.0,1,559,1.0,0.0
C16802,New & Promising,4,2,1,421,47,1,7.99,7.99,0.0,1,47,1.0,0.0
C16804,Lapsed / Hibernating,2,4,5,245,422,7,1880.09,268.584,0.186,4,753,1.0,0.059
C16806,Champions,4,5,5,455,58,22,3063.98,139.272,0.315,8,931,0.864,0.064
C16807,Lapsed / Hibernating,1,2,2,122,795,1,228.97,228.97,0.0,2,795,0.0,0.0
C16808,Steady Regulars,5,4,4,544,25,7,706.67,100.953,0.141,4,824,1.0,0.154
C16809,Lapsed / Hibernating,1,3,3,133,775,2,362.94,181.47,0.0,3,883,1.0,0.167
C16810,Champions,5,5,5,555,10,28,6507.74,232.419,0.138,7,833,0.929,0.101
C16814,Champions,5,5,5,555,3,12,2649.82,220.818,0.064,6,441,0.917,0.062
C16815,Steady Regulars,3,2,3,323,299,1,338.99,338.99,0.0,1,299,1.0,0.0
C16816,Lapsed / Hibernating,2,2,1,221,455,1,20.99,20.99,0.0,1,455,0.0,0.0
C16817,New & Promising,4,2,2,422,72,1,162.97,162.97,0.0,2,72,0.0,0.0
C16818,Lapsed / Hibernating,1,3,3,133,1059,2,290.45,145.225,0.301,2,1083,0.0,0.0
C16819,Lapsed / Hibernating,2,5,4,254,501,15,1502.16,100.144,0.273,7,1090,0.933,0.1
C16821,Champions,5,5,5,555,23,11,2913.84,264.895,0.34,5,817,0.818,0.233
C16822,Steady Regulars,4,4,4,444,39,4,844.41,211.102,0.276,3,366,0.75,0.0
C16823,New & Promising,3,2,1,321,338,1,51.98,51.98,0.0,1,338,0.0,0.0
C16824,Lapsed / Hibernating,1,2,1,121,1091,1,21.99,21.99,0.0,1,1091,1.0,0.0
C16826,Champions,5,5,5,555,21,22,2693.33,122.424,0.352,8,1006,1.0,0.229
C16827,Lapsed / Hibernating,1,3,3,133,799,2,305.95,152.975,0.0,3,816,0.0,0.0
C16828,Champions,4,5,4,454,34,17,1496.8,88.047,0.193,5,396,0.824,0.114
C16829,Champions,5,5,5,555,4,24,3456.94,144.039,0.218,8,1074,0.917,0.096
C16831,Lapsed / Hibernating,2,2,2,222,377,1,91.99,91.99,0.0,1,377,0.0,0.0
C16832,Champions,3,5,4,354,311,12,1443.56,120.297,0.034,6,1008,0.917,0.13
C16833,Lapsed / Hibernating,2,2,2,222,480,1,92.99,92.99,0.0,1,480,1.0,0.0
C16834,Lapsed / Hibernating,2,2,1,221,580,1,22.99,22.99,0.0,1,580,1.0,0.0
C16835,Champions,5,5,5,555,18,30,7729.88,257.663,0.123,7,751,0.9,0.123
C16837,New & Promising,4,2,1,421,104,1,66.98,66.98,0.0,2,104,1.0,0.333
C16838,Lapsed / Hibernating,2,2,2,222,637,1,97.98,97.98,0.0,1,637,1.0,0.0
C16839,Lapsed / Hibernating,1,4,3,143,879,4,591.92,147.98,0.0,3,1071,0.75,0.0
C16840,Steady Regulars,5,4,4,544,4,5,863.67,172.734,0.411,3,383,0.8,0.0
C16841,Lapsed / Hibernating,2,3,3,233,558,3,504.94,168.313,0.0,4,804,0.333,0.0
C16842,Champions,5,5,5,555,15,67,13599.02,202.97,0.058,7,1079,0.91,0.162
C16843,Lapsed / Hibernating,2,5,4,254,639,12,1678.68,139.89,0.094,5,1090,0.25,0.148
C16844,Steady Regulars,4,4,4,444,66,6,1270.5,211.75,0.127,4,501,1.0,0.083
C16845,Lapsed / Hibernating,2,3,3,233,643,3,598.95,199.65,0.0,4,830,1.0,0.25
C16846,Champions,5,4,3,543,17,5,495.38,99.076,0.552,5,768,1.0,0.0
C16848,New & Promising,3,3,2,332,327,2,89.96,44.98,0.0,3,510,1.0,0.0
C16849,Lapsed / Hibernating,2,3,1,231,594,2,33.98,16.99,0.0,2,699,0.0,0.0
C16850,Lapsed / Hibernating,1,2,1,121,854,1,37.98,37.98,0.0,1,854,0.0,0.0
C16851,Lapsed / Hibernating,2,2,4,224,572,1,771.95,771.95,0.0,4,572,1.0,0.0
C16852,Lapsed / Hibernating,1,2,2,122,764,1,256.96,256.96,0.0,2,764,1.0,0.0
C16853,Lapsed / Hibernating,1,4,4,144,827,5,739.34,147.868,0.243,5,1051,0.8,0.133
C16855,Lapsed / Hibernating,2,3,1,231,401,2,69.78,34.89,0.434,3,420,1.0,0.333
C16856,Steady Regulars,5,4,4,544,14,5,1200.89,240.178,0.0,4,156,0.8,0.0
C16859,Champions,3,5,5,355,276,18,1910.84,106.158,0.258,7,1048,1.0,0.162
C16861,Steady Regulars,5,4,3,543,21,5,456.95,91.39,0.0,3,1004,1.0,0.333
C16862,Lapsed / Hibernating,1,2,3,123,1064,1,266.97,266.97,0.0,2,1064,0.0,0.0
C16863,Lapsed / Hibernating,2,4,5,245,611,9,1753.71,194.857,0.108,6,982,0.889,0.2
C16864,Steady Regulars,3,4,4,344,311,8,1319.38,164.922,0.371,4,925,1.0,0.062
C16865,Lapsed / Hibernating,1,4,4,144,1025,8,1150.44,143.805,0.04,6,1095,0.25,0.056
C16866,Steady Regulars,4,4,4,444,33,6,771.64,128.607,0.106,4,362,1.0,0.0
C16867,Champions,4,5,5,455,77,10,2655.2,265.52,0.153,7,916,1.0,0.107
C16868,Steady Regulars,3,4,3,343,205,4,267.93,66.982,0.0,4,387,0.75,0.0
C16869,Champions,4,5,4,454,105,12,1593.98,132.832,0.25,6,952,0.083,0.048
C16870,Lapsed / Hibernating,2,4,5,245,412,7,1748.76,249.823,0.0,7,1032,1.0,0.13
C16871,Champions,3,5,5,355,257,18,1950.56,108.364,0.305,7,1001,0.889,0.097
C16872,Lapsed / Hibernating,2,5,4,254,420,12,1396.89,116.408,0.359,8,961,0.083,0.0
C16873,New & Promising,3,2,1,321,293,1,41.98,41.98,0.0,1,293,0.0,0.0
C16874,Steady Regulars,4,3,4,434,35,2,769.85,384.925,0.015,3,389,0.0,0.0
C16875,Steady Regulars,3,2,3,323,319,1,463.97,463.97,0.0,2,319,0.0,0.0
C16876,Steady Regulars,4,2,3,423,74,1,332.98,332.98,0.0,2,74,0.0,0.0
C16877,Champions,5,5,5,555,13,42,5360.77,127.637,0.147,7,661,0.976,0.031
C16879,Lapsed / Hibernating,2,2,1,221,648,1,19.99,19.99,0.0,2,648,1.0,0.5
C16880,Champions,3,5,5,355,290,15,2437.89,162.526,0.313,5,914,0.867,0.133
C16882,Lapsed / Hibernating,2,3,1,231,383,2,62.96,31.48,0.698,1,417,0.5,0.0
C16883,Steady Regulars,3,4,3,343,320,5,545.32,109.064,0.037,3,914,0.4,0.0
C16884,Champions,4,5,5,455,32,41,6462.83,157.63,0.106,7,769,0.146,0.077
C16885,Lapsed / Hibernating,2,4,4,244,593,5,667.87,133.574,0.166,5,752,1.0,0.0
C16887,Lapsed / Hibernating,1,2,2,122,1009,1,92.97,92.97,0.0,2,1009,0.0,0.0
C16888,Lapsed / Hibernating,2,4,3,243,580,5,313.44,62.688,0.418,5,712,1.0,0.111
C16889,Lapsed / Hibernating,1,3,4,134,913,3,684.19,228.063,0.554,4,1085,0.0,0.0
C16891,Champions,4,5,5,455,27,14,2946.26,210.447,0.095,7,948,0.929,0.067
C16892,Champions,5,5,5,555,1,52,8646.87,166.286,0.084,7,708,0.981,0.085
C16893,Lapsed / Hibernating,1,2,1,121,1093,1,58.99,58.99,0.0,1,1093,0.0,0.0
C16894,Lapsed / Hibernating,2,5,5,255,452,12,2769.9,230.825,0.264,7,981,0.083,0.065
C16895,Deal Hunters,4,3,2,432,32,2,164.04,82.02,0.669,3,361,1.0,0.2
C16896,Lapsed / Hibernating,2,3,2,232,384,2,88.98,44.49,0.0,2,449,1.0,0.0
C16897,Champions,4,5,5,455,68,19,3023.86,159.151,0.316,6,1019,0.895,0.114
C16901,Champions,5,5,5,555,3,25,4690.05,187.602,0.116,5,376,0.96,0.115
C16902,Champions,4,5,5,455,35,21,4498.86,214.231,0.203,6,1055,0.952,0.116
C16903,Champions,3,5,5,355,267,16,2352.19,147.012,0.164,5,764,0.438,0.129
C16904,Lapsed / Hibernating,2,2,3,223,491,1,272.98,272.98,0.0,2,491,0.0,0.0
C16905,Lapsed / Hibernating,2,2,2,222,532,1,95.18,95.18,1.0,2,532,1.0,0.5
C16906,Champions,4,5,5,455,118,14,2749.43,196.388,0.01,6,906,0.857,0.033
C16907,Lapsed / Hibernating,2,5,4,254,511,12,1611.06,134.255,0.036,8,790,0.25,0.042
C16910,Champions,3,5,5,355,228,12,2426.99,202.249,0.363,5,927,1.0,0.04
C16911,Champions,5,5,5,555,9,29,4141.34,142.805,0.113,6,1028,1.0,0.153
C16912,Lapsed / Hibernating,1,2,2,122,973,1,123.98,123.98,0.0,1,973,1.0,0.0
C16913,Lapsed / Hibernating,1,4,4,144,775,5,674.9,134.98,0.0,5,1059,0.8,0.0
C16914,Champions,5,5,5,555,23,65,12891.28,198.327,0.206,8,1074,0.092,0.086
C16916,Lapsed / Hibernating,2,3,2,232,658,2,234.96,117.48,0.0,3,1029,0.5,0.5
C16917,Lapsed / Hibernating,1,2,2,122,796,1,175.96,175.96,0.0,1,796,1.0,0.0
C16918,Steady Regulars,3,2,2,322,268,1,111.98,111.98,0.0,2,268,1.0,0.0
C16919,Lapsed / Hibernating,2,4,5,245,440,9,2790.14,310.016,0.144,6,1070,0.889,0.1
C16920,Steady Regulars,4,3,3,433,123,2,427.76,213.88,0.025,3,333,1.0,0.0
C16921,Lapsed / Hibernating,2,2,1,221,628,1,18.99,18.99,0.0,1,628,1.0,0.0
C16922,Lapsed / Hibernating,2,2,3,223,477,1,630.94,630.94,0.0,2,477,1.0,0.0
C16923,Lapsed / Hibernating,2,3,4,234,377,3,829.71,276.57,0.009,5,723,0.333,0.111
C16924,Lapsed / Hibernating,2,4,3,243,654,4,456.95,114.238,0.147,4,994,1.0,0.375
C16925,Champions,5,5,5,555,14,14,2582.88,184.491,0.18,8,266,0.857,0.154
C16929,New & Promising,4,4,3,443,28,6,268.0,44.667,0.019,2,268,1.0,0.222
C16930,Deal Hunters,4,2,1,421,31,1,50.39,50.39,1.0,1,31,0.0,0.0
C16931,Champions,5,5,5,555,2,21,4013.19,191.104,0.114,7,518,0.143,0.085
C16933,Lapsed / Hibernating,2,5,5,255,597,12,2224.03,185.336,0.271,6,1057,0.0,0.1
C16934,Lapsed / Hibernating,2,2,1,221,626,1,29.99,29.99,0.0,1,626,0.0,0.0
C16935,Lapsed / Hibernating,2,5,5,255,663,12,1971.63,164.302,0.0,6,943,0.917,0.074
C16936,Champions,5,5,5,555,1,35,7317.49,209.071,0.115,7,1048,0.2,0.104
C16937,Steady Regulars,4,2,3,423,50,1,350.97,350.97,0.0,1,50,1.0,0.0
C16938,Champions,4,4,4,444,28,9,1232.65,136.961,0.156,6,1091,0.222,0.0
C16939,Lapsed / Hibernating,1,2,1,121,1076,1,50.98,50.98,0.0,2,1076,1.0,0.0
C16940,Champions,4,5,5,455,91,20,3842.65,192.132,0.11,7,651,1.0,0.163
C16941,Lapsed / Hibernating,1,3,2,132,811,2,124.95,62.475,0.0,1,836,1.0,0.0
C16942,Steady Regulars,3,3,2,332,190,2,219.96,109.98,0.327,3,407,1.0,0.0
C16943,Lapsed / Hibernating,1,2,1,121,820,1,80.98,80.98,0.0,1,820,1.0,0.0
C16944,Lapsed / Hibernating,2,3,4,234,560,2,863.95,431.975,0.0,2,596,0.5,0.0
C16945,Steady Regulars,4,2,2,422,60,1,217.94,217.94,0.0,3,60,0.0,0.0
C16946,Steady Regulars,4,2,3,423,77,1,347.99,347.99,0.0,1,77,1.0,0.0
C16947,Lapsed / Hibernating,2,4,3,243,507,4,343.18,85.795,0.508,3,757,1.0,0.0
C16948,Lapsed / Hibernating,2,2,1,221,374,1,52.99,52.99,0.0,1,374,1.0,0.0
C16949,Steady Regulars,4,3,3,433,35,2,622.55,311.275,0.401,3,117,0.0,0.25
C16950,Steady Regulars,4,2,4,424,30,1,1001.95,1001.95,0.0,2,30,1.0,0.0
C16952,Champions,5,5,5,555,13,37,3235.68,87.451,0.081,7,968,0.973,0.097
C16953,Steady Regulars,3,2,2,322,322,1,165.99,165.99,0.0,1,322,1.0,0.0
C16954,Champions,4,5,4,454,33,13,1543.53,118.733,0.29,8,1052,1.0,0.107
C16955,Lapsed / Hibernating,2,5,5,255,498,10,2324.72,232.472,0.191,5,742,0.2,0.091
C16956,Steady Regulars,5,3,3,533,22,3,353.14,117.713,0.097,3,90,1.0,0.0
C16957,New & Promising,3,2,1,321,362,1,14.99,14.99,0.0,1,362,1.0,0.0
C16958,Steady Regulars,3,3,3,333,332,3,274.96,91.653,0.0,4,786,1.0,0.2
C16959,Steady Regulars,3,4,4,344,145,4,956.06,239.015,0.456,5,1012,0.0,0.111
C16960,Steady Regulars,5,4,3,543,15,4,623.28,155.82,0.06,6,207,1.0,0.154
C16962,Champions,5,4,5,545,11,9,2213.45,245.939,0.114,5,730,0.222,0.0
C16963,Steady Regulars,4,2,3,423,106,1,487.96,487.96,0.0,2,106,1.0,0.0
C16964,Lapsed / Hibernating,2,3,3,233,495,3,356.33,118.777,0.487,4,1064,0.0,0.0
C16965,Lapsed / Hibernating,2,2,2,222,420,1,227.96,227.96,0.0,1,420,0.0,0.0
C16966,Champions,5,5,5,555,13,27,5869.45,217.387,0.058,7,1064,0.074,0.088
C16967,Steady Regulars,3,3,4,334,223,2,678.94,339.47,0.0,2,852,1.0,0.0
C16969,Lapsed / Hibernating,1,2,1,121,1029,1,24.99,24.99,0.0,1,1029,1.0,0.0
C16970,Champions,5,5,5,555,14,33,6845.73,207.446,0.094,8,386,0.97,0.049
C16971,Steady Regulars,4,4,3,443,64,7,378.91,54.13,0.196,5,576,1.0,0.25
C16973,Champions,3,4,5,345,182,9,2127.42,236.38,0.012,5,1039,1.0,0.071
C16974,Steady Regulars,4,4,3,443,32,5,404.21,80.842,0.267,3,164,0.4,0.3
C16975,Steady Regulars,3,2,3,323,184,1,352.37,352.37,0.404,3,184,1.0,0.0
C16978,Lapsed / Hibernating,1,3,3,133,732,3,272.94,90.98,0.0,3,859,0.667,0.333
C16979,New & Promising,3,3,2,332,183,2,124.97,62.485,0.0,1,482,0.5,0.25
C16981,Lapsed / Hibernating,2,2,3,223,374,1,606.98,606.98,0.0,2,374,1.0,0.0
C16982,Steady Regulars,3,3,3,333,173,3,483.96,161.32,0.037,4,1012,1.0,0.2
C16983,Lapsed / Hibernating,2,3,2,232,586,2,236.28,118.14,0.264,2,671,0.5,0.333
C16985,Steady Regulars,3,5,4,354,279,10,1063.12,106.312,0.157,4,1051,0.2,0.25
C16986,Lapsed / Hibernating,1,2,3,123,894,1,416.96,416.96,0.0,2,894,1.0,0.0
C16987,Lapsed / Hibernating,2,2,3,223,573,1,348.97,348.97,0.0,2,573,1.0,0.0
C16988,Steady Regulars,3,4,3,343,174,5,384.9,76.98,0.0,5,440,1.0,0.1
C16990,Steady Regulars,4,4,2,442,77,4,241.94,60.485,0.0,4,675,1.0,0.143
C16991,Steady Regulars,4,2,3,423,54,1,438.96,438.96,0.0,3,54,1.0,0.25
C16992,Champions,4,5,4,454,71,12,1689.7,140.808,0.18,5,1087,0.417,0.12
C16993,Lapsed / Hibernating,2,4,4,244,371,8,1161.81,145.226,0.0,6,879,0.25,0.067
C16994,New & Promising,4,2,1,421,44,1,10.99,10.99,0.0,1,44,1.0,0.0
C16995,Lapsed / Hibernating,1,4,4,144,888,5,786.82,157.364,0.0,6,966,0.8,0.133
C16996,Steady Regulars,3,4,4,344,135,7,713.8,101.971,0.0,5,507,1.0,0.083
C16997,Steady Regulars,3,3,4,334,156,3,1079.86,359.953,0.0,4,222,1.0,0.0
C16999,Steady Regulars,3,3,2,332,267,3,262.9,87.633,0.0,3,628,0.667,0.0
C17001,Lapsed / Hibernating,2,2,1,221,700,1,0.0,0.0,0.0,1,700,1.0,1.0
C17002,Champions,5,5,5,555,1,44,11830.83,268.882,0.084,8,1080,0.932,0.098
C17003,Lapsed / Hibernating,1,2,2,122,944,1,129.97,129.97,0.0,3,944,1.0,0.0
C17004,Lapsed / Hibernating,2,2,2,222,559,1,117.59,117.59,1.0,1,559,0.0,0.0
C17005,Champions,4,4,4,444,50,5,1022.8,204.56,0.235,8,706,0.2,0.091
C17008,Steady Regulars,4,2,3,423,121,1,277.97,277.97,0.0,3,121,1.0,0.0
C17009,Deal Hunters,4,3,2,432,33,2,118.86,59.43,0.63,3,100,1.0,0.0
C17010,Lapsed / Hibernating,2,2,1,221,571,1,32.99,32.99,0.0,1,571,0.0,0.0
C17012,Lapsed / Hibernating,2,2,1,221,430,1,17.99,17.99,0.0,1,430,0.0,0.0
C17013,Lapsed / Hibernating,2,4,3,243,410,6,317.82,52.97,0.199,5,1094,1.0,0.222
C17014,Steady Regulars,3,2,2,322,299,1,161.97,161.97,0.0,3,299,1.0,0.0
C17015,New & Promising,3,2,2,322,159,1,129.97,129.97,0.0,2,159,1.0,0.0
C17016,Lapsed / Hibernating,2,4,2,242,469,4,233.09,58.272,0.608,3,757,1.0,0.167
C17017,Steady Regulars,3,2,2,322,194,1,114.18,114.18,0.203,2,194,0.0,0.0
C17018,Lapsed / Hibernating,2,3,4,234,625,3,1203.83,401.277,0.0,3,803,0.0,0.0
C17021,Champions,5,5,5,555,12,22,3697.75,168.08,0.109,6,406,0.955,0.1
C17022,New & Promising,4,2,1,421,96,1,70.99,70.99,0.0,1,96,1.0,0.0
C17024,Champions,5,5,5,555,5,16,3712.67,232.042,0.033,8,1053,0.938,0.119
C17025,Lapsed / Hibernating,2,4,4,244,561,6,891.97,148.662,0.27,3,1001,0.667,0.083
C17027,Champions,3,5,5,355,344,19,4673.68,245.983,0.031,7,1020,1.0,0.115
C17029,Champions,5,5,5,555,6,12,1722.62,143.552,0.128,5,441,1.0,0.2
C17030,Champions,5,5,5,555,11,35,6198.43,177.098,0.14,8,1094,0.886,0.062
C17034,Lapsed / Hibernating,2,2,2,222,669,1,200.97,200.97,0.0,2,669,0.0,0.0
C17036,Lapsed / Hibernating,1,4,2,142,755,4,222.11,55.528,0.832,2,1074,0.0,0.333
C17037,Champions,5,4,4,544,21,7,1147.83,163.976,0.0,6,475,1.0,0.071
C17038,Lapsed / Hibernating,2,3,3,233,615,3,461.95,153.983,0.0,3,1007,1.0,0.167
C17039,Steady Regulars,4,3,4,434,53,3,672.4,224.133,0.543,5,501,1.0,0.0
C17041,Lapsed / Hibernating,1,2,1,121,799,1,68.97,68.97,0.0,1,799,1.0,0.0
C17042,Lapsed / Hibernating,2,2,2,222,410,1,205.98,205.98,0.0,1,410,1.0,0.0
C17043,Steady Regulars,5,4,3,543,13,6,382.28,63.713,0.061,5,403,0.5,0.0
C17044,Lapsed / Hibernating,1,3,3,133,942,2,300.68,150.34,0.322,4,1057,1.0,0.0
C17045,Lapsed / Hibernating,1,3,3,133,781,2,381.95,190.975,0.0,5,933,1.0,0.2
C17046,Champions,5,5,5,555,13,53,8981.49,169.462,0.225,8,1082,0.925,0.158
C17047,Lapsed / Hibernating,2,2,1,221,532,1,22.94,22.94,1.0,1,532,1.0,0.0
C17049,Lapsed / Hibernating,2,3,2,232,371,3,125.95,41.983,0.0,3,998,0.0,0.0
C17050,Steady Regulars,4,2,3,423,71,1,377.97,377.97,0.0,1,71,0.0,0.0
C17051,Lapsed / Hibernating,1,2,1,121,997,1,36.98,36.98,0.0,2,997,1.0,0.0
C17052,Steady Regulars,5,3,2,532,6,3,216.9,72.3,0.0,4,196,1.0,0.0
C17053,New & Promising,5,2,1,521,11,1,84.98,84.98,0.0,2,11,0.0,0.0
C17055,Steady Regulars,3,4,3,343,229,5,482.95,96.59,0.201,3,609,1.0,0.375
C17057,Lapsed / Hibernating,2,4,4,244,575,6,673.07,112.178,0.296,5,1093,1.0,0.0
C17059,Steady Regulars,4,4,4,444,81,6,1457.71,242.952,0.204,5,508,0.0,0.0
C17060,Lapsed / Hibernating,1,4,3,143,949,5,541.66,108.332,0.262,4,1076,0.2,0.0
C17062,Champions,5,5,5,555,14,14,2563.11,183.079,0.414,6,1091,0.857,0.065
C17063,Champions,5,5,5,555,7,87,13318.48,153.086,0.11,6,879,0.931,0.062
C17064,Champions,5,5,5,555,23,18,4170.96,231.72,0.145,5,700,0.944,0.073
C17065,Steady Regulars,3,2,3,323,251,1,323.98,323.98,0.0,1,251,1.0,0.0
C17067,New & Promising,3,2,1,321,147,1,13.99,13.99,0.0,1,147,1.0,0.0
C17070,New & Promising,5,2,1,521,21,1,22.99,22.99,0.0,1,21,0.0,0.0
C17071,New & Promising,4,2,2,422,49,1,144.98,144.98,0.0,2,49,1.0,0.0
C17072,Steady Regulars,5,3,3,533,5,3,408.95,136.317,0.0,2,347,1.0,0.2
C17074,Champions,5,5,5,555,12,53,12283.52,231.765,0.123,8,723,0.17,0.035
C17075,New & Promising,4,2,2,422,83,1,139.97,139.97,0.0,1,83,1.0,0.0
C17076,Champions,4,5,5,455,34,12,2489.31,207.443,0.024,6,300,1.0,0.125
C17077,New & Promising,4,2,2,422,85,1,126.97,126.97,0.0,2,85,1.0,0.0
C17078,Lapsed / Hibernating,1,2,1,121,820,1,57.99,57.99,0.0,1,820,0.0,0.0
C17080,Lapsed / Hibernating,1,2,2,122,988,1,215.97,215.97,0.0,1,988,0.0,0.0
C17081,New & Promising,4,2,1,421,52,1,36.99,36.99,0.0,1,52,0.0,0.0
C17082,Champions,5,4,4,544,26,8,1351.2,168.9,0.26,7,178,0.25,0.0
C17083,Steady Regulars,4,3,2,432,35,2,238.16,119.08,0.135,4,230,1.0,0.0
C17084,Lapsed / Hibernating,2,2,2,222,571,1,109.25,109.25,0.222,2,571,0.0,0.0
C17085,Steady Regulars,3,4,3,343,338,9,613.06,68.118,0.575,5,1085,1.0,0.25
C17086,Steady Regulars,5,2,3,523,23,1,422.92,422.92,0.106,3,23,1.0,0.0
C17087,Lapsed / Hibernating,2,2,1,221,635,1,53.98,53.98,0.0,1,635,1.0,0.0
C17090,Lapsed / Hibernating,2,4,4,244,456,7,689.28,98.469,0.111,5,827,0.429,0.091
C17091,Steady Regulars,3,3,3,333,237,3,303.54,101.18,0.498,3,872,0.667,0.2
C17092,Lapsed / Hibernating,2,2,1,221,530,1,0.0,0.0,0.0,1,530,1.0,1.0
C17094,Lapsed / Hibernating,2,5,5,255,558,19,3222.64,169.613,0.172,6,999,0.158,0.093
C17097,Steady Regulars,3,5,5,355,245,10,2725.14,272.514,0.117,2,834,0.1,0.0
C17098,Lapsed / Hibernating,2,2,1,221,534,1,39.08,39.08,1.0,1,534,0.0,0.0
C17099,Steady Regulars,3,4,4,344,261,5,1074.22,214.844,0.066,6,566,0.0,0.0
C17100,Lapsed / Hibernating,2,5,4,254,537,12,1492.83,124.402,0.095,6,979,1.0,0.13
C17102,Lapsed / Hibernating,1,2,3,123,887,1,374.97,374.97,0.0,2,887,1.0,0.0
C17103,Lapsed / Hibernating,1,2,1,121,871,1,79.83,79.83,0.436,2,871,0.0,0.0
C17104,Lapsed / Hibernating,1,2,1,121,991,1,0.0,0.0,0.0,1,991,1.0,1.0
C17107,Steady Regulars,4,2,2,422,92,1,220.99,220.99,0.0,1,92,1.0,0.0
C17108,New & Promising,3,2,1,321,165,1,47.98,47.98,0.0,2,165,1.0,0.0
C17110,Champions,5,5,5,555,17,23,3653.74,158.858,0.143,6,909,1.0,0.039
C17114,Steady Regulars,3,2,2,322,281,1,181.95,181.95,0.0,2,281,1.0,0.0
C17115,New & Promising,4,2,1,421,83,1,52.98,52.98,0.0,2,83,1.0,0.0
C17116,Lapsed / Hibernating,2,4,3,243,611,6,531.9,88.65,0.0,6,852,1.0,0.1
C17117,Lapsed / Hibernating,1,2,2,122,1008,1,122.95,122.95,0.0,2,1008,0.0,0.0
C17119,Lapsed / Hibernating,2,2,1,221,434,1,29.99,29.99,0.0,1,434,1.0,0.0
C17120,Champions,3,4,4,344,259,7,995.43,142.204,0.164,7,981,1.0,0.294
C17121,Lapsed / Hibernating,1,2,2,122,704,1,153.57,153.57,0.603,2,704,0.0,0.25
C17122,Lapsed / Hibernating,1,2,1,121,905,1,45.98,45.98,0.0,2,905,1.0,0.0
C17123,Lapsed / Hibernating,1,2,2,122,1084,1,177.98,177.98,0.0,1,1084,1.0,0.0
C17124,New & Promising,5,2,1,521,16,1,55.98,55.98,0.369,2,16,0.0,0.5
C17125,Steady Regulars,5,4,4,544,11,4,1145.38,286.345,0.174,5,130,0.25,0.062
C17126,Steady Regulars,3,3,4,334,260,3,700.84,233.613,0.339,6,399,0.0,0.0
C17127,New & Promising,4,2,1,421,98,1,0.0,0.0,0.0,1,98,1.0,1.0
C17128,Champions,4,5,5,455,61,23,1823.57,79.286,0.106,6,745,0.957,0.109
C17131,Champions,3,5,5,355,175,27,3692.53,136.76,0.208,8,1070,0.037,0.132
C17132,Lapsed / Hibernating,1,2,3,123,870,1,308.52,308.52,0.504,3,870,0.0,0.0
C17134,Champions,5,4,4,544,6,6,1190.85,198.475,0.304,5,499,1.0,0.0
C17135,Lapsed / Hibernating,2,5,5,255,579,17,3467.54,203.973,0.171,7,1092,0.294,0.0
C17136,Lapsed / Hibernating,2,5,5,255,437,26,3763.51,144.75,0.086,7,1088,0.923,0.034
C17138,Steady Regulars,3,2,3,323,158,1,352.98,352.98,0.0,1,158,1.0,0.0
C17139,Lapsed / Hibernating,1,4,3,143,972,5,516.84,103.368,0.0,4,1092,1.0,0.0
C17140,Deal Hunters,5,3,2,532,18,2,127.55,63.775,0.577,2,216,0.5,0.0
C17141,Lapsed / Hibernating,1,3,2,132,827,2,211.95,105.975,0.0,4,948,0.5,0.0
C17142,Deal Hunters,4,3,3,433,31,3,348.66,116.22,0.875,3,495,1.0,0.111
C17143,Champions,4,5,5,455,117,12,5484.97,457.081,0.092,4,1018,1.0,0.103
C17144,Lapsed / Hibernating,2,4,4,244,382,4,873.91,218.478,0.267,2,839,0.75,0.111
C17146,Lapsed / Hibernating,1,2,1,121,978,1,85.99,85.99,0.0,1,978,1.0,0.5
C17149,Lapsed / Hibernating,1,3,4,134,799,2,1134.5,567.25,0.265,3,1092,0.5,0.0
C17150,Steady Regulars,3,4,3,343,193,5,639.85,127.97,0.311,4,967,0.8,0.182
C17152,Champions,3,5,5,355,146,14,2681.9,191.564,0.058,6,1020,1.0,0.0
C17153,Deal Hunters,5,3,2,532,11,2,147.66,73.83,0.763,2,33,0.0,0.0
C17154,Lapsed / Hibernating,2,2,1,221,416,1,33.98,33.98,0.0,1,416,1.0,0.0
C17155,Lapsed / Hibernating,2,2,1,221,434,1,25.99,25.99,0.0,1,434,1.0,0.0
C17156,Champions,4,5,5,455,80,17,2931.43,172.437,0.157,5,1083,0.235,0.028
C17157,Lapsed / Hibernating,2,4,4,244,635,9,1611.43,179.048,0.247,7,1085,0.111,0.15
C17159,Lapsed / Hibernating,1,2,2,122,709,1,207.15,207.15,0.585,2,709,0.0,0.0
C17160,New & Promising,4,2,2,422,76,1,111.96,111.96,0.0,3,76,0.0,0.0
C17161,Champions,5,5,5,555,1,21,3435.31,163.586,0.152,6,478,1.0,0.14
C17162,New & Promising,3,2,2,322,147,1,102.98,102.98,0.0,2,147,1.0,0.333
C17163,Champions,4,5,5,455,43,15,1909.72,127.315,0.042,6,1052,0.067,0.107
C17166,Deal Hunters,4,3,4,434,41,2,973.33,486.665,0.644,1,121,1.0,0.0
C17167,New & Promising,4,2,2,422,29,1,174.57,174.57,0.078,3,29,1.0,0.0
C17168,Champions,4,5,4,454,35,11,1629.56,148.142,0.076,6,1000,0.909,0.0
C17170,Steady Regulars,3,2,2,322,337,1,121.98,121.98,0.0,1,337,0.0,0.0
C17171,Lapsed / Hibernating,1,4,4,144,878,5,993.06,198.612,0.034,4,1048,0.0,0.0
C17172,Lapsed / Hibernating,1,2,3,123,985,1,291.97,291.97,0.0,2,985,0.0,0.0
C17173,Lapsed / Hibernating,1,2,1,121,1029,1,77.98,77.98,0.0,2,1029,1.0,0.0
C17175,Lapsed / Hibernating,1,4,3,143,736,4,466.94,116.735,0.015,4,1092,0.0,0.375
C17177,Steady Regulars,3,4,4,344,145,4,818.63,204.658,0.093,4,791,0.0,0.0
C17178,Lapsed / Hibernating,1,2,3,123,740,1,268.97,268.97,0.0,2,740,0.0,0.0
C17179,Champions,4,5,5,455,61,12,1718.83,143.236,0.089,6,380,0.917,0.167
C17180,Champions,4,5,4,454,45,10,1675.6,167.56,0.038,6,655,0.8,0.056
C17181,Champions,5,5,5,555,3,18,2967.76,164.876,0.063,6,733,1.0,0.171
C17182,Lapsed / Hibernating,1,3,1,131,858,2,38.97,19.485,0.0,1,1055,1.0,0.0
C17184,Steady Regulars,4,4,2,442,42,4,257.83,64.458,0.34,3,386,1.0,0.143
C17186,Lapsed / Hibernating,1,2,2,122,1064,1,118.99,118.99,0.0,1,1064,1.0,0.0
C17187,Lapsed / Hibernating,2,3,2,232,659,2,220.93,110.465,0.0,3,677,0.0,0.0
C17188,Steady Regulars,5,4,3,543,26,6,497.17,82.862,0.213,4,995,1.0,0.222
C17189,Champions,5,5,5,555,16,32,4159.24,129.976,0.107,7,1087,0.938,0.018
C17191,Lapsed / Hibernating,2,4,5,245,480,9,2835.32,315.036,0.248,3,1086,1.0,0.0
C17192,Lapsed / Hibernating,2,2,1,221,370,1,59.98,59.98,0.0,1,370,1.0,0.0
C17194,Champions,3,5,5,355,315,16,2135.02,133.439,0.246,6,1088,0.938,0.147
C17195,Steady Regulars,3,3,2,332,328,2,235.94,117.97,0.0,3,707,1.0,0.0
C17199,Lapsed / Hibernating,2,2,1,221,617,1,0.0,0.0,0.0,2,617,1.0,1.0
C17201,Lapsed / Hibernating,2,4,4,244,674,8,1161.75,145.219,0.024,4,1095,0.25,0.0
C17202,Champions,5,5,4,554,6,11,1654.98,150.453,0.323,6,1016,1.0,0.08
C17203,Steady Regulars,4,3,2,432,38,2,167.77,83.885,0.225,2,466,0.5,0.0
C17205,Steady Regulars,5,3,3,533,9,2,348.16,174.08,0.098,3,59,1.0,0.0
C17206,Deal Hunters,3,3,1,331,362,2,80.57,40.285,0.764,1,465,1.0,0.0
C17207,Champions,4,5,5,455,37,28,5843.5,208.696,0.207,8,901,0.929,0.069
C17210,New & Promising,5,3,2,532,23,2,152.96,76.48,0.0,3,66,1.0,0.0
C17211,Champions,4,4,4,444,49,7,1145.88,163.697,0.106,5,522,0.286,0.0
C17212,Steady Regulars,4,4,4,444,27,6,886.0,147.667,0.048,2,197,1.0,0.111
C17213,Lapsed / Hibernating,1,2,2,122,717,1,143.97,143.97,0.0,3,717,0.0,0.0
C17214,Lapsed / Hibernating,1,2,2,122,955,1,128.99,128.99,0.0,1,955,1.0,0.0
C17215,Lapsed / Hibernating,2,2,3,223,366,1,376.97,376.97,0.0,2,366,1.0,0.0
C17217,New & Promising,4,2,1,421,65,1,54.99,54.99,0.0,1,65,1.0,0.0
C17218,Lapsed / Hibernating,2,3,3,233,618,2,538.95,269.475,0.0,2,737,0.0,0.0
C17219,Deal Hunters,4,4,3,443,36,4,396.38,99.095,0.907,4,744,0.0,0.0
C17220,Deal Hunters,3,2,3,323,239,1,402.34,402.34,0.938,4,239,0.0,0.0
C17221,Lapsed / Hibernating,2,3,2,232,530,2,178.47,89.235,0.529,1,644,0.5,0.0
C17222,Steady Regulars,4,4,4,444,121,5,959.08,191.816,0.011,6,910,1.0,0.0
C17223,Lapsed / Hibernating,2,3,3,233,603,2,417.73,208.865,0.043,3,788,1.0,0.0
C17224,New & Promising,3,2,1,321,340,1,18.99,18.99,0.0,1,340,1.0,0.0
C17227,Steady Regulars,4,2,3,423,39,1,320.95,320.95,0.0,2,39,0.0,0.0
C17228,Champions,3,5,5,355,180,28,5811.82,207.565,0.144,7,919,0.179,0.043
C17229,Lapsed / Hibernating,1,2,1,121,751,1,0.0,0.0,0.0,1,751,1.0,1.0
C17230,Champions,4,5,5,455,34,11,1997.21,181.565,0.439,6,908,0.909,0.167
C17231,Champions,5,5,5,555,11,23,3606.66,156.811,0.041,5,404,0.913,0.048
C17232,Champions,4,5,4,454,55,13,1696.18,130.475,0.012,4,1032,0.077,0.167
C17233,New & Promising,4,2,2,422,27,1,125.77,125.77,0.261,2,27,1.0,0.0
C17234,Deal Hunters,5,2,1,521,13,1,0.0,0.0,1.0,1,13,1.0,1.0
C17235,Lapsed / Hibernating,1,2,3,123,712,1,323.99,323.99,0.0,1,712,1.0,0.0
C17236,Steady Regulars,4,4,3,443,37,7,393.2,56.171,0.213,4,826,0.857,0.2
C17237,Lapsed / Hibernating,2,4,3,243,683,4,489.72,122.43,0.508,5,778,0.75,0.0
C17238,Lapsed / Hibernating,2,4,3,243,498,6,552.8,92.133,0.337,4,992,0.667,0.091
C17239,Steady Regulars,3,4,3,343,200,4,392.52,98.13,0.064,3,760,1.0,0.111
C17241,Lapsed / Hibernating,2,5,4,254,517,10,1320.7,132.07,0.027,5,882,0.3,0.0
C17242,Lapsed / Hibernating,1,2,3,123,1085,1,636.97,636.97,0.0,1,1085,0.0,0.0
C17244,Steady Regulars,3,4,4,344,260,4,1288.27,322.068,0.175,4,589,1.0,0.0
C17245,Champions,5,5,5,555,3,35,8051.51,230.043,0.115,7,1084,0.943,0.118
C17248,Lapsed / Hibernating,2,4,4,244,479,5,784.84,156.968,0.0,4,1071,0.8,0.0
C17250,Steady Regulars,5,4,4,544,4,4,1244.9,311.225,0.493,3,382,0.5,0.0
C17251,Steady Regulars,5,3,4,534,2,3,920.47,306.823,0.052,3,129,1.0,0.0
C17253,Steady Regulars,5,3,4,534,10,2,953.91,476.955,0.0,3,49,0.0,0.0
C17254,Champions,4,5,4,454,37,14,1461.71,104.408,0.077,7,289,0.929,0.08
C17255,Lapsed / Hibernating,2,3,3,233,375,3,315.94,105.313,0.0,2,520,1.0,0.167
C17256,Lapsed / Hibernating,2,2,1,221,602,1,25.49,25.49,1.0,1,602,1.0,0.0
C17257,Champions,5,4,4,544,16,7,811.95,115.993,0.063,5,524,1.0,0.125
C17258,Champions,4,5,5,455,45,42,9923.31,236.269,0.075,7,1091,0.262,0.105
C17259,Lapsed / Hibernating,2,3,3,233,643,3,472.64,157.547,0.139,4,842,1.0,0.0
C17261,Steady Regulars,3,2,2,322,308,1,169.96,169.96,0.0,2,308,1.0,0.0
C17263,Steady Regulars,4,4,4,444,48,8,857.81,107.226,0.043,4,626,0.0,0.133
C17264,Lapsed / Hibernating,1,4,4,144,840,8,1261.71,157.714,0.0,7,1015,0.75,0.105
C17267,Steady Regulars,4,4,4,444,121,5,1668.27,333.654,0.231,4,468,0.0,0.2
C17268,Steady Regulars,5,4,3,543,4,8,531.07,66.384,0.14,3,150,0.875,0.167
C17269,Lapsed / Hibernating,2,2,1,221,463,1,60.99,60.99,0.0,1,463,0.0,0.0
C17270,Champions,5,5,5,555,4,27,4587.55,169.909,0.154,7,733,0.074,0.07
C17272,New & Promising,5,2,2,522,19,1,244.18,244.18,0.095,2,19,0.0,0.0
C17273,Champions,4,5,4,454,53,12,1641.0,136.75,0.045,7,420,0.917,0.0
C17274,Lapsed / Hibernating,2,3,2,232,553,2,194.33,97.165,0.177,4,684,1.0,0.0
C17276,Steady Regulars,3,4,4,344,165,7,1093.78,156.254,0.058,6,377,0.286,0.0
C17277,Deal Hunters,5,2,3,523,25,1,384.55,384.55,0.758,2,25,1.0,0.0
C17278,Lapsed / Hibernating,2,4,3,243,399,5,480.46,96.092,0.463,5,891,1.0,0.0
C17280,New & Promising,3,3,2,332,250,2,103.96,51.98,0.0,4,301,0.0,0.0
C17281,Steady Regulars,5,4,3,543,18,5,637.36,127.472,0.324,4,382,1.0,0.091
C17283,Lapsed / Hibernating,2,3,2,232,677,2,115.86,57.93,0.258,4,899,1.0,0.25
C17284,Lapsed / Hibernating,1,3,4,134,989,2,1000.52,500.26,0.04,4,1031,1.0,0.0
C17286,Steady Regulars,3,4,2,342,250,4,258.42,64.605,0.03,5,505,0.25,0.25
C17287,Lapsed / Hibernating,1,2,1,121,901,1,0.0,0.0,1.0,1,901,0.0,1.0
C17289,Lapsed / Hibernating,2,2,2,222,565,1,167.95,167.95,0.0,2,565,0.0,0.0
C17290,Steady Regulars,5,3,3,533,21,2,348.98,174.49,0.0,2,278,1.0,0.333
C17291,Lapsed / Hibernating,2,5,5,255,385,15,2573.13,171.542,0.376,6,1045,0.333,0.152
C17292,Lapsed / Hibernating,2,3,1,231,678,2,59.49,29.745,0.657,2,868,1.0,0.5
C17294,Lapsed / Hibernating,1,2,1,121,1043,1,33.99,33.99,0.0,1,1043,1.0,0.0
C17295,Champions,4,5,4,454,45,15,1676.14,111.743,0.258,6,710,0.133,0.154
C17296,New & Promising,5,2,2,522,4,1,115.98,115.98,0.0,1,4,1.0,0.0
C17297,Lapsed / Hibernating,2,2,1,221,456,1,82.97,82.97,0.0,1,456,1.0,0.0
C17298,Lapsed / Hibernating,2,4,2,242,502,7,196.35,28.05,0.343,5,1071,0.857,0.2
C17299,Lapsed / Hibernating,2,4,2,242,541,5,156.15,31.23,0.038,3,970,0.8,0.167
C17300,Lapsed / Hibernating,2,2,1,221,628,1,21.99,21.99,0.0,1,628,0.0,0.0
C17301,New & Promising,4,2,2,422,53,1,111.96,111.96,0.0,1,53,0.0,0.0
C17302,Champions,4,5,5,455,39,10,2191.23,219.123,0.044,7,419,0.2,0.08
C17303,Champions,4,5,5,455,38,17,3743.01,220.177,0.178,5,1025,0.118,0.029
C17304,New & Promising,3,2,1,321,135,1,37.98,37.98,0.0,1,135,0.0,0.0
C17305,Champions,5,5,5,555,4,13,1747.79,134.445,0.322,7,959,1.0,0.038
C17307,Lapsed / Hibernating,1,2,1,121,898,1,24.64,24.64,1.0,1,898,1.0,0.0
C17308,Steady Regulars,4,2,4,424,111,1,942.96,942.96,0.0,2,111,1.0,0.0
C17309,Deal Hunters,5,2,2,522,20,1,115.77,115.77,0.456,2,20,1.0,0.0
C17310,Deal Hunters,3,3,3,333,155,3,328.86,109.62,0.781,3,769,0.333,0.2
C17312,New & Promising,4,2,1,421,75,1,49.98,49.98,0.0,1,75,1.0,0.0
C17313,Steady Regulars,3,2,2,322,234,1,138.67,138.67,0.149,3,234,1.0,0.0
C17314,Lapsed / Hibernating,1,3,2,132,986,3,171.94,57.313,0.0,3,1032,0.0,0.0
C17315,Steady Regulars,3,2,2,322,298,1,225.99,225.99,0.0,1,298,0.0,0.0
C17316,Champions,5,5,5,555,2,44,7954.87,180.792,0.072,6,1008,0.909,0.067
C17317,Lapsed / Hibernating,1,2,2,122,848,1,123.98,123.98,0.0,3,848,0.0,0.333
C17319,Lapsed / Hibernating,1,2,1,121,823,1,24.99,24.99,0.0,2,823,1.0,0.5
C17320,Steady Regulars,4,3,2,432,58,3,143.33,47.777,0.366,4,544,0.667,0.333
C17323,Lapsed / Hibernating,2,2,1,221,519,1,21.98,21.98,0.0,1,519,1.0,0.0
C17325,Lapsed / Hibernating,1,3,4,134,768,3,1000.77,333.59,0.061,4,926,0.667,0.0
C17326,Lapsed / Hibernating,2,2,2,222,404,1,139.98,139.98,0.0,1,404,1.0,0.0
C17327,New & Promising,5,2,2,522,16,1,218.98,218.98,0.0,1,16,1.0,0.0
C17328,Lapsed / Hibernating,2,4,4,244,666,7,817.76,116.823,0.0,4,1079,0.857,0.2
C17330,New & Promising,5,2,3,523,7,1,334.98,334.98,0.0,1,7,1.0,0.0
C17331,Lapsed / Hibernating,2,3,3,233,562,2,521.32,260.66,0.628,5,645,0.5,0.286
C17332,Lapsed / Hibernating,1,4,4,144,802,7,838.13,119.733,0.041,4,951,0.857,0.154
C17334,Steady Regulars,4,4,3,443,46,4,613.72,153.43,0.505,3,833,0.0,0.125
C17335,Lapsed / Hibernating,1,3,4,134,947,3,1548.84,516.28,0.0,3,1005,0.0,0.0
C17337,Lapsed / Hibernating,1,2,2,122,901,1,200.57,200.57,1.0,2,901,0.0,0.0
C17338,Steady Regulars,3,3,3,333,347,3,616.92,205.64,0.0,3,752,1.0,0.167
C17340,Deal Hunters,3,2,1,321,239,1,8.49,8.49,1.0,1,239,1.0,0.0
C17341,Lapsed / Hibernating,2,2,3,223,649,1,411.97,411.97,0.609,2,649,0.0,0.333
C17342,Lapsed / Hibernating,2,2,2,222,408,1,92.97,92.97,0.0,2,408,0.0,0.0
C17343,Lapsed / Hibernating,2,2,2,222,618,1,92.98,92.98,0.0,2,618,1.0,0.0
C17344,Lapsed / Hibernating,2,2,1,221,569,1,38.69,38.69,0.627,1,569,1.0,0.5
C17345,Steady Regulars,3,4,4,344,275,5,914.33,182.866,0.108,6,1072,1.0,0.091
C17347,Lapsed / Hibernating,1,2,1,121,796,1,0.0,0.0,0.0,1,796,1.0,1.0
C17348,New & Promising,5,2,1,521,13,1,63.99,63.99,0.0,1,13,1.0,0.0
C17350,Steady Regulars,3,2,2,322,305,1,108.99,108.99,0.0,2,305,1.0,0.5
C17351,Lapsed / Hibernating,2,2,3,223,683,1,365.38,365.38,0.046,2,683,1.0,0.333
C17352,New & Promising,3,2,1,321,124,1,51.98,51.98,0.0,1,124,1.0,0.0
C17353,Lapsed / Hibernating,1,2,3,123,1038,1,442.96,442.96,0.0,3,1038,0.0,0.0
C17354,Steady Regulars,3,2,4,324,153,1,1029.96,1029.96,0.0,2,153,1.0,0.0
C17356,Lapsed / Hibernating,1,3,1,131,954,2,76.96,38.48,0.0,2,1001,1.0,0.5
C17359,Champions,5,5,5,555,3,49,10673.86,217.834,0.093,7,1059,0.939,0.026
C17360,New & Promising,3,2,2,322,164,1,108.97,108.97,0.0,2,164,1.0,0.0
C17361,Steady Regulars,5,4,3,543,11,4,306.94,76.735,0.0,3,407,1.0,0.0
C17363,Lapsed / Hibernating,2,2,1,221,454,1,29.99,29.99,0.0,1,454,1.0,0.0
C17364,New & Promising,5,2,3,523,13,1,333.97,333.97,0.0,2,13,1.0,0.0
C17365,Deal Hunters,4,2,2,422,44,1,140.38,140.38,1.0,1,44,1.0,0.0
C17368,Lapsed / Hibernating,2,2,2,222,483,1,105.98,105.98,0.0,1,483,0.0,0.0
C17369,Lapsed / Hibernating,1,2,1,121,744,1,57.98,57.98,0.0,2,744,0.0,0.0
C17370,Lapsed / Hibernating,2,3,3,233,378,3,315.44,105.147,0.705,3,910,1.0,0.0
C17372,Lapsed / Hibernating,2,4,5,245,651,9,2047.56,227.507,0.067,7,1076,0.778,0.12
C17374,Champions,5,5,5,555,4,25,7344.95,293.798,0.087,6,886,0.92,0.044
C17375,Champions,5,4,4,544,23,8,1050.7,131.338,0.382,5,405,0.0,0.071
C17376,Deal Hunters,3,3,3,333,169,2,577.09,288.545,1.0,2,237,1.0,0.2
C17377,Champions,3,5,5,355,346,13,1730.63,133.125,0.078,6,1091,0.923,0.042
C17378,Lapsed / Hibernating,1,4,4,144,917,4,685.28,171.32,0.099,6,1076,0.0,0.091
C17380,Lapsed / Hibernating,2,2,1,221,382,1,29.99,29.99,0.0,1,382,1.0,0.0
C17381,Lapsed / Hibernating,1,2,2,122,910,1,172.97,172.97,0.0,2,910,1.0,0.0
C17382,Champions,5,5,5,555,5,13,1954.28,150.329,0.174,7,418,0.923,0.065
C17383,Lapsed / Hibernating,2,2,1,221,405,1,29.99,29.99,0.0,1,405,0.0,0.0
C17384,Steady Regulars,3,2,3,323,361,1,290.95,290.95,0.0,2,361,1.0,0.0
C17386,Deal Hunters,5,2,1,521,16,1,32.79,32.79,1.0,1,16,0.0,0.0
C17387,Lapsed / Hibernating,2,3,3,233,554,2,368.98,184.49,0.0,2,572,1.0,0.0
C17388,Lapsed / Hibernating,1,4,4,144,749,9,1527.75,169.75,0.021,5,1091,0.222,0.087
C17389,Lapsed / Hibernating,1,3,2,132,926,2,219.97,109.985,0.0,3,1027,0.0,0.0
C17391,Steady Regulars,4,4,3,443,29,5,385.49,77.098,0.243,2,317,0.4,0.0
C17392,Deal Hunters,4,3,3,433,40,3,399.72,133.24,0.659,2,336,1.0,0.167
C17395,Lapsed / Hibernating,2,2,2,222,449,1,200.99,200.99,0.0,1,449,1.0,0.0
C17398,Steady Regulars,4,3,4,434,97,2,986.91,493.455,0.0,3,230,0.5,0.0
C17400,Lapsed / Hibernating,1,3,3,133,965,2,610.01,305.005,0.092,4,971,0.0,0.0
C17402,Champions,3,5,5,355,130,13,2433.4,187.185,0.388,7,1094,0.231,0.086
C17406,Champions,4,5,5,455,121,17,2473.72,145.513,0.391,7,868,0.059,0.029
C17407,Deal Hunters,5,4,4,544,24,5,841.75,168.35,0.641,2,276,1.0,0.091
C17408,Champions,4,5,5,455,27,29,7316.96,252.309,0.168,8,1002,0.31,0.092
C17409,Champions,4,5,5,455,84,20,2192.34,109.617,0.253,5,772,0.2,0.1
C17411,Lapsed / Hibernating,2,2,1,221,655,1,45.99,45.99,0.0,1,655,1.0,0.0
C17412,Champions,5,5,5,555,5,21,3703.79,176.371,0.123,7,929,0.905,0.067
C17413,Champions,5,5,4,554,7,10,988.66,98.866,0.212,7,434,0.4,0.0
C17416,Champions,3,5,5,355,331,17,2167.57,127.504,0.139,6,1078,0.765,0.148
C17417,Champions,5,5,5,555,14,51,11777.35,230.928,0.092,6,1095,0.216,0.104
C17418,New & Promising,4,2,2,422,54,1,194.98,194.98,0.0,1,54,1.0,0.333
C17420,Lapsed / Hibernating,2,4,4,244,661,6,752.97,125.495,0.141,3,1042,0.833,0.1
C17421,New & Promising,4,2,1,421,53,1,54.99,54.99,0.0,2,53,0.0,0.5
C17422,Lapsed / Hibernating,1,4,3,143,1023,5,355.87,71.174,0.0,5,1083,1.0,0.0
C17424,Champions,5,5,5,555,12,45,12555.8,279.018,0.121,6,792,0.933,0.095
C17426,Steady Regulars,5,3,2,532,14,2,169.36,84.68,0.392,3,310,1.0,0.0
C17428,Champions,5,5,5,555,17,55,8746.84,159.033,0.125,8,1074,0.255,0.098
C17429,Champions,4,5,5,455,47,15,4732.85,315.523,0.266,6,487,0.933,0.048
C17430,Champions,5,5,5,555,26,19,2794.94,147.102,0.148,7,729,0.105,0.095
C17431,Steady Regulars,5,4,4,544,17,7,1109.73,158.533,0.224,3,784,1.0,0.083
C17433,Lapsed / Hibernating,2,4,4,244,516,4,1151.62,287.905,0.34,3,648,0.0,0.091
C17434,Lapsed / Hibernating,2,2,1,221,615,1,0.0,0.0,0.0,1,615,1.0,1.0
C17435,Steady Regulars,3,3,4,334,318,3,938.88,312.96,0.0,4,821,1.0,0.0
C17436,Steady Regulars,4,4,4,444,104,5,1241.9,248.38,0.0,4,204,0.6,0.0
C17437,Steady Regulars,5,4,4,544,11,4,686.33,171.582,0.064,4,386,0.75,0.143
C17438,Lapsed / Hibernating,2,3,3,233,424,2,626.91,313.455,0.0,4,808,1.0,0.167
C17439,Lapsed / Hibernating,1,2,1,121,918,1,71.97,71.97,0.0,1,918,0.0,0.0
C17440,New & Promising,5,3,1,531,17,2,78.97,39.485,0.0,2,293,0.5,0.0
C17441,Steady Regulars,3,4,4,344,130,7,1235.56,176.509,0.186,5,310,0.286,0.214
C17442,Champions,4,5,5,455,33,10,1892.32,189.232,0.118,6,556,0.9,0.148
C17443,Champions,5,4,4,544,13,8,1007.74,125.968,0.541,5,347,1.0,0.0
C17444,Lapsed / Hibernating,2,2,1,221,375,1,31.99,31.99,0.0,1,375,0.0,0.0
C17445,Lapsed / Hibernating,1,2,1,121,987,1,85.99,85.99,0.0,1,987,1.0,0.0
C17446,Champions,5,5,5,555,8,31,6425.57,207.276,0.102,6,407,0.903,0.13
C17447,Champions,5,5,5,555,12,35,4461.84,127.481,0.103,6,1037,0.143,0.032
C17448,Steady Regulars,5,4,3,543,9,5,376.89,75.378,0.0,4,191,0.8,0.0
C17449,Steady Regulars,3,3,3,333,142,2,340.04,170.02,0.289,2,160,1.0,0.167
C17450,Lapsed / Hibernating,1,3,3,133,864,2,575.85,287.925,0.517,2,1032,0.0,0.0
C17451,Steady Regulars,3,3,4,334,249,3,811.94,270.647,0.0,3,701,0.0,0.2
C17453,Steady Regulars,5,3,2,532,22,3,222.1,74.033,0.275,5,340,0.0,0.0
C17454,Lapsed / Hibernating,2,2,1,221,633,1,39.99,39.99,0.0,1,633,0.0,0.0
C17455,Steady Regulars,5,4,3,543,5,4,527.62,131.905,0.041,4,766,0.0,0.0
C17457,Lapsed / Hibernating,1,2,1,121,938,1,21.98,21.98,0.0,1,938,1.0,0.0
C17458,Lapsed / Hibernating,1,4,4,144,859,6,884.08,147.347,0.188,5,1017,1.0,0.125
C17459,Steady Regulars,3,3,3,333,259,3,284.95,94.983,0.46,2,326,0.333,0.25
C17460,Steady Regulars,5,3,4,534,22,3,1038.59,346.197,0.206,5,439,1.0,0.0
C17461,Deal Hunters,5,2,1,521,12,1,13.59,13.59,1.0,1,12,1.0,0.0
C17462,Lapsed / Hibernating,2,2,2,222,652,1,166.38,166.38,0.141,2,652,1.0,0.0
C17464,New & Promising,4,2,2,422,91,1,134.98,134.98,0.0,2,91,1.0,0.0
C17465,Lapsed / Hibernating,1,2,1,121,939,1,25.99,25.99,0.0,1,939,0.0,0.0
C17466,New & Promising,5,2,1,521,7,1,45.97,45.97,0.0,1,7,0.0,0.0
C17468,Lapsed / Hibernating,2,2,2,222,684,1,264.92,264.92,0.0,3,684,1.0,0.0
C17469,Lapsed / Hibernating,2,2,2,222,612,1,218.95,218.95,0.0,3,612,1.0,0.0
C17470,Steady Regulars,4,4,3,443,84,6,313.88,52.313,0.0,6,1007,0.167,0.0
C17471,New & Promising,3,2,1,321,207,1,52.99,52.99,0.0,1,207,1.0,0.0
C17472,Lapsed / Hibernating,1,2,2,122,727,1,122.98,122.98,0.0,2,727,1.0,0.0
C17473,Champions,5,5,4,554,16,11,804.74,73.158,0.145,6,688,0.909,0.05
C17475,Champions,4,4,5,445,30,9,1955.67,217.297,0.15,6,489,1.0,0.192
C17476,Champions,5,5,5,555,16,26,3791.87,145.841,0.174,7,826,0.923,0.132
C17477,Lapsed / Hibernating,1,2,1,121,1084,1,24.99,24.99,0.0,1,1084,0.0,0.0
C17478,Champions,3,5,5,355,269,18,3718.83,206.602,0.111,6,1023,0.944,0.12
C17480,Champions,5,4,5,545,5,9,2391.65,265.739,0.066,5,279,0.889,0.143
C17481,Steady Regulars,5,3,3,533,8,2,498.95,249.475,0.0,3,631,1.0,0.4
C17483,New & Promising,4,2,2,422,75,1,151.99,151.99,0.0,1,75,0.0,0.0
C17486,Lapsed / Hibernating,1,4,4,144,743,6,1136.03,189.338,0.341,6,1067,0.0,0.056
C17488,Lapsed / Hibernating,1,3,3,133,988,3,636.64,212.213,0.027,4,1080,0.333,0.1
C17489,Lapsed / Hibernating,1,2,2,122,1070,1,96.96,96.96,0.0,2,1070,1.0,0.0
C17491,Steady Regulars,4,3,2,432,101,2,215.96,107.98,0.0,3,287,1.0,0.0
C17492,Lapsed / Hibernating,2,4,4,244,676,5,668.9,133.78,0.126,5,1069,0.0,0.111
C17493,Lapsed / Hibernating,1,2,2,122,890,1,89.07,89.07,1.0,1,890,1.0,0.0
C17494,Champions,5,4,4,544,18,5,1404.76,280.952,0.04,6,263,0.6,0.0
C17495,Steady Regulars,4,4,3,443,45,6,627.16,104.527,0.106,5,369,0.333,0.067
C17498,Lapsed / Hibernating,2,2,2,222,594,1,148.99,148.99,0.0,2,594,1.0,0.5
C17500,Champions,5,4,4,544,17,6,1177.9,196.317,0.121,6,271,0.167,0.0
C17501,New & Promising,4,2,2,422,84,1,160.98,160.98,0.0,2,84,1.0,0.0
C17503,Lapsed / Hibernating,2,3,2,232,551,2,163.95,81.975,0.0,2,727,0.5,0.0
C17504,Champions,5,5,5,555,12,22,3864.29,175.65,0.203,7,336,0.955,0.094
C17505,Steady Regulars,4,3,3,433,78,2,589.96,294.98,0.0,3,112,0.0,0.0
C17506,Steady Regulars,4,3,2,432,57,2,230.54,115.27,0.221,2,386,1.0,0.25
C17507,Lapsed / Hibernating,1,2,2,122,1037,1,191.15,191.15,0.489,3,1037,0.0,0.25
C17508,Champions,5,4,4,544,21,8,1220.18,152.522,0.161,5,561,0.875,0.0
C17509,Steady Regulars,3,4,5,345,255,7,1735.25,247.893,0.018,5,986,0.857,0.0
C17510,Champions,5,5,4,554,5,11,1578.79,143.526,0.26,4,202,0.909,0.115
C17512,New & Promising,3,2,1,321,246,1,57.99,57.99,0.0,1,246,1.0,0.0
C17513,Lapsed / Hibernating,1,3,2,132,897,2,154.94,77.47,0.0,3,919,0.5,0.0
C17514,Lapsed / Hibernating,1,2,2,122,833,1,96.98,96.98,0.0,2,833,0.0,0.0
C17515,Steady Regulars,3,4,4,344,226,7,884.36,126.337,0.09,5,683,0.857,0.056
C17517,Champions,5,5,5,555,12,11,2349.73,213.612,0.0,3,307,0.909,0.074
C17518,Lapsed / Hibernating,2,2,2,222,667,1,143.95,143.95,0.0,2,667,0.0,0.0
C17519,Champions,4,4,4,444,105,5,941.81,188.362,0.0,7,839,0.6,0.077
C17520,Lapsed / Hibernating,1,3,3,133,873,2,390.91,195.455,0.363,2,894,1.0,0.0
C17521,Steady Regulars,5,3,3,533,25,3,385.87,128.623,0.212,2,45,0.0,0.0
C17522,Steady Regulars,5,3,3,533,13,3,274.11,91.37,0.026,5,223,1.0,0.0
C17524,New & Promising,3,2,1,321,209,1,43.99,43.99,0.0,1,209,0.0,0.0
C17526,Steady Regulars,3,2,3,323,223,1,335.94,335.94,0.0,2,223,1.0,0.0
C17527,Lapsed / Hibernating,2,3,3,233,451,3,546.89,182.297,0.0,4,628,1.0,0.1
C17528,Champions,4,4,4,444,107,9,1686.85,187.428,0.293,7,1083,0.222,0.0
C17531,Lapsed / Hibernating,1,2,2,122,743,1,192.97,192.97,0.0,2,743,1.0,0.0
C17533,Champions,3,5,5,355,361,20,4312.29,215.614,0.079,8,780,0.25,0.154
C17534,Champions,4,4,4,444,64,7,755.94,107.991,0.302,7,717,0.143,0.091
C17535,Champions,4,5,5,455,36,28,4168.2,148.864,0.188,7,1000,0.929,0.078
C17536,Lapsed / Hibernating,1,2,2,122,911,1,256.98,256.98,0.0,1,911,1.0,0.0
C17537,Champions,5,5,5,555,19,13,1801.24,138.557,0.074,5,382,0.923,0.161
C17539,Lapsed / Hibernating,1,2,1,121,947,1,48.99,48.99,0.0,1,947,0.0,0.0
C17540,New & Promising,3,3,1,331,182,3,59.22,19.74,0.392,2,287,1.0,0.0
C17542,Steady Regulars,4,3,3,433,28,3,413.5,137.833,0.178,5,358,0.667,0.0
C17543,Lapsed / Hibernating,1,2,2,122,882,1,92.99,92.99,0.0,1,882,1.0,0.0
C17544,New & Promising,4,2,1,421,94,1,47.97,47.97,0.0,2,94,0.0,0.0
C17545,Lapsed / Hibernating,1,3,3,133,929,2,530.29,265.145,0.404,5,1025,1.0,0.125
C17546,Steady Regulars,4,4,4,444,78,5,693.89,138.778,0.0,4,812,0.8,0.091
C17547,Lapsed / Hibernating,1,4,4,144,881,4,896.01,224.002,0.095,4,1063,0.0,0.125
C17548,New & Promising,4,3,2,432,66,2,153.95,76.975,0.0,2,328,1.0,0.0
C17549,Champions,4,5,4,454,43,11,1284.17,116.743,0.079,6,1022,0.091,0.095
C17550,Champions,5,5,5,555,6,21,2942.9,140.138,0.194,4,782,1.0,0.224
C17551,Steady Regulars,5,4,4,544,26,7,771.19,110.17,0.221,4,375,1.0,0.273
C17554,Lapsed / Hibernating,1,2,1,121,863,1,40.99,40.99,0.0,1,863,1.0,0.0
C17555,Steady Regulars,3,4,4,344,206,6,838.13,139.688,0.207,5,898,0.667,0.077
C17556,Lapsed / Hibernating,1,4,4,144,859,6,1498.96,249.827,0.288,6,1095,0.833,0.083
C17557,Lapsed / Hibernating,2,2,1,221,393,1,52.98,52.98,0.0,2,393,1.0,0.0
C17558,Champions,5,4,4,544,18,7,748.15,106.879,0.186,5,865,0.143,0.0
C17560,Champions,4,5,5,455,32,13,2534.32,194.948,0.074,5,523,1.0,0.111
C17561,Lapsed / Hibernating,1,2,3,123,1010,1,290.96,290.96,1.0,1,1010,1.0,0.25
C17562,Champions,5,4,4,544,1,9,1542.6,171.4,0.04,4,676,0.778,0.062
C17563,New & Promising,3,3,2,332,176,3,96.96,32.32,0.0,2,353,0.0,0.0
C17564,Champions,3,5,5,355,203,23,4615.84,200.689,0.114,6,1048,1.0,0.093
C17565,Steady Regulars,4,4,4,444,40,6,876.35,146.058,0.11,5,167,0.833,0.154
C17566,Lapsed / Hibernating,1,3,2,132,728,3,217.32,72.44,0.287,4,872,0.667,0.0
C17567,Deal Hunters,4,2,2,422,33,1,121.06,121.06,1.0,2,33,1.0,0.0
C17568,New & Promising,4,3,2,432,91,2,114.98,57.49,0.0,1,272,1.0,0.0
C17570,Champions,5,5,4,554,3,12,963.42,80.285,0.248,5,703,0.083,0.25
C17571,Steady Regulars,3,4,3,343,253,6,659.06,109.843,0.229,4,721,0.167,0.0
C17572,New & Promising,3,2,1,321,174,1,41.99,41.99,0.0,1,174,1.0,0.0
C17573,New & Promising,3,2,2,322,152,1,93.98,93.98,0.0,1,152,1.0,0.0
C17574,Lapsed / Hibernating,2,2,2,222,405,1,130.97,130.97,0.0,2,405,1.0,0.0
C17576,Lapsed / Hibernating,2,2,1,221,429,1,49.98,49.98,0.0,2,429,1.0,0.0
C17578,Champions,5,5,5,555,8,49,7066.37,144.212,0.085,8,1085,0.224,0.048
C17580,New & Promising,5,3,2,532,23,2,173.96,86.98,0.0,2,196,1.0,0.0
C17581,Champions,4,4,4,444,60,7,762.02,108.86,0.094,6,358,1.0,0.067
C17583,Steady Regulars,4,4,3,443,56,4,548.93,137.232,0.0,4,187,0.75,0.0
C17586,Champions,5,5,5,555,24,44,8222.53,186.876,0.11,7,1078,0.955,0.085
C17588,Lapsed / Hibernating,1,2,1,121,800,1,37.99,37.99,0.0,1,800,1.0,0.0
C17590,Lapsed / Hibernating,1,4,4,144,797,4,890.6,222.65,0.074,4,965,0.0,0.0
C17591,Lapsed / Hibernating,2,5,5,255,385,16,3136.68,196.043,0.088,6,1091,0.875,0.027
C17592,Champions,3,5,5,355,178,13,2715.67,208.898,0.0,7,1026,0.923,0.1
C17593,Deal Hunters,4,4,3,443,119,4,464.72,116.18,0.597,3,232,0.5,0.3
C17594,Champions,5,4,4,544,2,6,918.85,153.142,0.0,5,597,0.833,0.077
C17597,Steady Regulars,4,4,2,442,29,5,227.93,45.586,0.0,5,286,1.0,0.0
C17598,New & Promising,3,2,2,322,155,1,103.97,103.97,0.0,1,155,1.0,0.0
C17599,Lapsed / Hibernating,1,3,3,133,871,3,423.74,141.247,1.0,2,923,0.667,0.167
C17600,Steady Regulars,3,4,4,344,275,4,817.91,204.478,0.0,6,1021,0.0,0.111
C17601,Lapsed / Hibernating,1,2,3,123,785,1,463.96,463.96,0.0,2,785,1.0,0.0
C17602,Steady Regulars,4,3,4,434,53,2,902.73,451.365,0.031,5,84,1.0,0.143
C17604,Steady Regulars,4,4,4,444,37,4,676.58,169.145,0.376,3,639,0.0,0.0
C17605,New & Promising,4,2,1,421,71,1,20.99,20.99,0.0,1,71,1.0,0.0
C17606,Steady Regulars,5,4,4,544,22,5,869.78,173.956,0.018,3,347,1.0,0.125
C17607,Steady Regulars,4,4,4,444,40,5,666.63,133.326,0.391,4,189,1.0,0.091
C17609,Steady Regulars,4,3,3,433,44,2,482.96,241.48,0.0,2,155,1.0,0.0
C17611,Lapsed / Hibernating,2,3,2,232,458,2,174.94,87.47,0.0,2,869,1.0,0.0
C17612,Steady Regulars,3,5,5,355,153,11,1840.78,167.344,0.121,4,1094,0.182,0.095
C17613,Steady Regulars,4,4,3,443,60,4,570.51,142.628,0.579,3,422,0.0,0.25
C17614,New & Promising,3,2,1,321,277,1,39.96,39.96,0.0,1,277,0.0,0.0
C17616,Champions,5,5,5,555,10,31,8444.12,272.391,0.076,7,725,1.0,0.071
C17619,New & Promising,5,2,2,522,23,1,124.98,124.98,0.0,2,23,0.0,0.0
C17621,Steady Regulars,3,4,4,344,287,9,1337.57,148.619,0.154,3,1075,0.0,0.0
C17622,Lapsed / Hibernating,1,5,5,155,764,15,1876.39,125.093,0.333,7,1095,0.733,0.065
C17624,Lapsed / Hibernating,1,3,4,134,850,2,1129.9,564.95,0.128,3,1060,1.0,0.167
C17625,New & Promising,3,2,1,321,201,1,56.97,56.97,0.0,1,201,1.0,0.0
C17627,Steady Regulars,3,3,4,334,289,3,930.91,310.303,0.0,3,587,1.0,0.0
C17629,Steady Regulars,4,2,3,423,84,1,267.97,267.97,0.0,3,84,1.0,0.0
C17630,Steady Regulars,3,4,4,344,200,7,1502.17,214.596,0.068,6,743,0.143,0.0
C17631,Champions,4,5,5,455,106,22,3877.97,176.271,0.213,7,1070,0.227,0.061
C17632,Steady Regulars,5,3,2,532,20,2,195.15,97.575,0.36,3,143,0.5,0.0
C17636,Lapsed / Hibernating,1,2,2,122,849,1,107.97,107.97,0.0,2,849,0.0,0.0
C17637,Lapsed / Hibernating,2,4,4,244,575,9,1685.59,187.288,0.078,5,1045,0.222,0.0
C17639,Lapsed / Hibernating,1,2,1,121,1013,1,67.46,67.46,0.645,2,1013,0.0,0.0
C17640,Steady Regulars,4,2,2,422,67,1,168.94,168.94,0.0,4,67,1.0,0.0
C17641,Champions,5,4,4,544,12,9,1662.8,184.756,0.0,5,726,0.889,0.071
C17642,Lapsed / Hibernating,1,2,3,123,1002,1,315.98,315.98,0.0,1,1002,0.0,0.0
C17643,Lapsed / Hibernating,2,2,3,223,643,1,450.96,450.96,0.0,2,643,1.0,0.0
C17644,Steady Regulars,4,4,3,443,101,4,359.93,89.982,0.136,4,268,1.0,0.25
C17646,Deal Hunters,4,2,1,421,35,1,52.47,52.47,1.0,1,35,1.0,0.0
C17648,Steady Regulars,5,3,3,533,24,2,345.89,172.945,0.0,3,83,1.0,0.0
C17649,Lapsed / Hibernating,1,5,5,155,872,11,1789.24,162.658,0.209,6,1088,0.273,0.0
C17650,Lapsed / Hibernating,1,2,1,121,729,1,77.96,77.96,0.0,2,729,0.0,0.0
C17651,Champions,5,5,4,554,15,11,1378.95,125.359,0.064,5,790,0.909,0.148
C17652,Steady Regulars,5,3,3,533,15,3,307.96,102.653,0.0,3,225,1.0,0.25
C17654,Lapsed / Hibernating,1,2,3,123,841,1,595.94,595.94,0.0,2,841,1.0,0.0
C17656,Lapsed / Hibernating,2,2,1,221,610,1,69.77,69.77,0.584,2,610,0.0,0.0
C17657,Lapsed / Hibernating,2,2,2,222,410,1,88.95,88.95,0.0,2,410,1.0,0.0
C17658,Deal Hunters,5,3,3,533,16,2,272.4,136.2,0.651,3,135,0.5,0.0
C17661,Lapsed / Hibernating,2,5,5,255,387,19,3012.78,158.567,0.113,7,1051,0.263,0.091
C17662,Champions,5,4,4,544,12,6,1011.42,168.57,0.526,6,272,1.0,0.059
C17663,Lapsed / Hibernating,1,4,4,144,773,4,1196.85,299.212,0.138,5,933,0.0,0.0
C17664,Steady Regulars,4,4,5,445,47,7,1882.85,268.979,0.078,3,740,0.286,0.214
C17665,Deal Hunters,3,3,1,331,357,2,69.37,34.685,0.496,3,401,1.0,0.0
C17667,Champions,4,5,4,454,57,11,1655.92,150.538,0.155,7,444,1.0,0.227
C17668,Champions,3,5,4,354,138,11,1275.04,115.913,0.357,5,575,1.0,0.136
C17669,New & Promising,5,2,2,522,11,1,162.76,162.76,0.065,2,11,1.0,0.333
C17670,Lapsed / Hibernating,2,2,1,221,555,1,0.0,0.0,0.0,1,555,1.0,1.0
C17671,Deal Hunters,3,3,1,331,132,2,81.99,40.995,0.768,1,149,1.0,0.5
C17672,Champions,5,5,5,555,19,19,3514.58,184.978,0.319,7,1072,0.263,0.044
C17674,Steady Regulars,3,2,4,324,176,1,815.98,815.98,0.0,1,176,1.0,0.0
C17676,Lapsed / Hibernating,1,2,3,123,912,1,271.56,271.56,0.934,2,912,0.0,0.0
C17679,Steady Regulars,3,4,4,344,199,6,1087.36,181.227,0.155,4,1039,1.0,0.3
C17681,New & Promising,5,2,2,522,5,1,126.97,126.97,0.0,2,5,1.0,0.0
C17682,New & Promising,3,2,1,321,311,1,46.99,46.99,0.0,1,311,0.0,0.0
C17683,Lapsed / Hibernating,1,2,3,123,971,1,306.1,306.1,0.775,2,971,1.0,0.0
C17686,Steady Regulars,4,2,2,422,67,1,243.98,243.98,0.0,1,67,0.0,0.0
C17687,New & Promising,4,2,2,422,121,1,97.98,97.98,0.0,2,121,1.0,0.0
C17688,Steady Regulars,5,3,4,534,11,2,1564.91,782.455,0.0,3,479,0.5,0.125
C17689,Lapsed / Hibernating,1,4,4,144,837,4,852.93,213.233,0.0,2,1068,0.0,0.0
C17693,Champions,5,5,5,555,2,19,2771.42,145.864,0.073,6,1049,0.895,0.217
C17694,Steady Regulars,3,2,2,322,327,1,219.98,219.98,0.0,1,327,0.0,0.0
C17696,Steady Regulars,4,3,3,433,73,2,354.91,177.455,0.0,3,193,0.5,0.0
C17697,Lapsed / Hibernating,1,2,2,122,987,1,221.99,221.99,0.0,1,987,1.0,0.0
C17698,Lapsed / Hibernating,1,2,2,122,834,1,248.97,248.97,0.0,2,834,1.0,0.25
C17699,Deal Hunters,5,2,1,521,24,1,40.77,40.77,1.0,1,24,1.0,0.0
C17700,New & Promising,5,2,2,522,3,1,101.97,101.97,0.0,2,3,0.0,0.25
C17702,Champions,5,5,5,555,10,31,6282.93,202.675,0.076,5,1042,0.968,0.103
C17703,Steady Regulars,3,4,4,344,327,6,1407.65,234.608,0.093,4,1057,0.167,0.071
C17705,Lapsed / Hibernating,2,3,2,232,375,2,224.97,112.485,0.0,2,819,0.5,0.4
C17706,Lapsed / Hibernating,2,4,3,243,660,5,633.12,126.624,0.101,4,770,0.4,0.111
C17707,Steady Regulars,3,4,3,343,154,7,453.49,64.784,0.038,6,507,1.0,0.154
C17709,Lapsed / Hibernating,2,5,5,255,650,22,4855.28,220.695,0.05,8,1066,0.182,0.036
C17710,Lapsed / Hibernating,2,4,3,243,492,5,389.92,77.984,0.0,3,803,1.0,0.0
C17714,Steady Regulars,4,3,3,433,109,2,305.96,152.98,0.0,2,227,1.0,0.0
C17715,Lapsed / Hibernating,1,4,4,144,1035,5,1117.09,223.418,0.148,4,1090,1.0,0.3
C17716,Champions,4,5,5,455,68,12,1780.61,148.384,0.296,6,561,0.917,0.154
C17717,Champions,3,5,5,355,167,18,3938.16,218.787,0.141,5,925,0.167,0.043
C17718,Steady Regulars,5,4,4,544,3,4,959.88,239.97,0.0,4,273,0.75,0.1
C17719,New & Promising,3,2,1,321,252,1,62.99,62.99,0.0,1,252,1.0,0.0
C17720,Steady Regulars,3,3,3,333,206,3,269.05,89.683,0.24,3,730,0.0,0.25
C17722,Lapsed / Hibernating,1,3,1,131,992,2,49.48,24.74,0.818,2,1076,0.0,0.0
C17724,Lapsed / Hibernating,2,4,4,244,471,5,695.39,139.078,0.448,4,829,0.8,0.0
C17726,Champions,5,5,4,554,23,12,1658.09,138.174,0.141,4,504,1.0,0.167
C17728,Champions,3,5,5,355,145,23,4356.39,189.408,0.174,7,752,0.957,0.109
C17729,Lapsed / Hibernating,2,2,2,222,536,1,90.97,90.97,0.0,2,536,0.0,0.0
C17730,Lapsed / Hibernating,1,2,2,122,984,1,221.99,221.99,0.0,1,984,1.0,0.0
C17731,Champions,5,5,5,555,11,44,9655.83,219.451,0.246,5,517,0.909,0.171
C17732,Champions,3,5,5,355,155,27,3493.27,129.38,0.338,7,1090,0.259,0.073
C17734,Lapsed / Hibernating,1,5,4,154,767,13,1597.99,122.922,0.267,7,1014,0.154,0.074
C17735,New & Promising,5,2,3,523,5,1,452.99,452.99,0.0,1,5,1.0,0.5
C17737,Champions,4,5,5,455,33,13,2369.73,182.287,0.206,5,908,0.769,0.148
C17738,Champions,5,5,5,555,5,17,2496.43,146.849,0.082,8,705,0.176,0.056
C17740,Champions,5,5,5,555,4,21,3404.63,162.125,0.041,6,517,1.0,0.075
C17741,Lapsed / Hibernating,1,2,3,123,764,1,359.98,359.98,0.0,2,764,1.0,0.0
C17743,New & Promising,3,2,2,322,247,1,88.98,88.98,0.0,1,247,1.0,0.0
C17745,Lapsed / Hibernating,1,2,1,121,837,1,31.99,31.99,0.0,1,837,1.0,0.0
C17746,Lapsed / Hibernating,2,2,1,221,474,1,60.99,60.99,0.0,1,474,0.0,0.0
C17747,Lapsed / Hibernating,1,3,2,132,984,2,122.95,61.475,0.0,2,1022,1.0,0.0
C17748,Steady Regulars,4,4,3,443,39,4,381.48,95.37,0.322,3,482,0.75,0.143
C17749,Lapsed / Hibernating,1,2,3,123,808,1,363.96,363.96,0.0,3,808,1.0,0.0
C17750,Lapsed / Hibernating,1,2,1,121,794,1,81.99,81.99,0.0,1,794,1.0,0.0
C17753,Lapsed / Hibernating,1,2,1,121,949,1,77.96,77.96,0.0,2,949,1.0,0.0
C17756,Lapsed / Hibernating,1,3,2,132,718,3,239.94,79.98,0.153,3,1064,0.0,0.333
C17757,Deal Hunters,4,2,4,424,62,1,676.36,676.36,0.926,2,62,1.0,0.0
C17758,Lapsed / Hibernating,2,4,3,243,462,4,560.99,140.248,0.159,5,996,0.0,0.0
C17760,Lapsed / Hibernating,2,2,1,221,668,1,55.98,55.98,0.0,2,668,1.0,0.0
C17761,Lapsed / Hibernating,1,3,4,134,1012,2,857.92,428.96,0.0,2,1054,1.0,0.167
C17762,Lapsed / Hibernating,1,4,4,144,942,7,959.72,137.103,0.012,5,1068,1.0,0.0
C17763,Lapsed / Hibernating,1,3,3,133,997,3,446.09,148.697,0.208,5,1022,1.0,0.167
C17766,Lapsed / Hibernating,1,2,3,123,1075,1,325.04,325.04,0.385,3,1075,1.0,0.0
C17767,Steady Regulars,3,4,3,343,141,4,540.71,135.178,0.107,3,833,0.0,0.0
C17768,Champions,4,4,3,443,64,8,423.48,52.935,0.155,7,838,1.0,0.0
C17770,Steady Regulars,4,3,4,434,57,3,825.92,275.307,0.0,3,274,1.0,0.0
C17771,Steady Regulars,3,2,2,322,211,1,135.98,135.98,0.0,2,211,1.0,0.0
C17773,Lapsed / Hibernating,1,4,4,144,734,5,1362.31,272.462,0.08,4,1069,0.2,0.143
C17774,Lapsed / Hibernating,2,2,1,221,496,1,77.34,77.34,1.0,1,496,1.0,0.0
C17775,Lapsed / Hibernating,1,2,2,122,708,1,154.99,154.99,0.0,1,708,0.0,0.0
C17776,Lapsed / Hibernating,2,5,5,255,521,16,4688.16,293.01,0.161,8,1064,0.062,0.026
C17777,Lapsed / Hibernating,2,5,5,255,373,59,6692.72,113.436,0.249,6,1085,0.864,0.033
C17779,Lapsed / Hibernating,1,3,4,134,755,3,713.51,237.837,0.159,6,803,0.667,0.0
C17780,Lapsed / Hibernating,1,2,1,121,704,1,8.99,8.99,0.0,1,704,1.0,0.0
C17781,Lapsed / Hibernating,2,4,4,244,574,8,985.87,123.234,0.029,5,1042,0.25,0.083
C17782,Lapsed / Hibernating,2,3,1,231,562,2,61.98,30.99,0.0,2,881,1.0,0.5
C17783,Deal Hunters,3,2,2,322,280,1,117.73,117.73,1.0,1,280,1.0,0.333
C17784,Lapsed / Hibernating,1,2,3,123,857,1,437.97,437.97,0.0,2,857,1.0,0.0
C17785,Steady Regulars,5,4,3,543,10,4,450.52,112.63,0.131,4,423,0.75,0.143
C17786,Deal Hunters,5,3,2,532,18,3,245.43,81.81,0.747,3,345,0.667,0.0
C17787,Lapsed / Hibernating,2,3,2,232,474,2,158.99,79.495,0.0,1,1058,0.0,0.5
C17788,Lapsed / Hibernating,2,4,4,244,423,5,1032.06,206.412,0.188,3,1084,1.0,0.1
C17789,Steady Regulars,4,2,3,423,114,1,502.97,502.97,0.0,2,114,1.0,0.0
C17791,Champions,3,5,5,355,142,10,2424.01,242.401,0.153,5,1066,0.1,0.0
C17792,Lapsed / Hibernating,2,3,3,233,377,2,342.95,171.475,0.0,3,478,0.0,0.0
C17793,Lapsed / Hibernating,2,4,3,243,398,4,570.82,142.705,0.084,2,547,1.0,0.0
C17794,Lapsed / Hibernating,1,2,1,121,1037,1,33.99,33.99,0.0,1,1037,0.0,0.0
C17795,Steady Regulars,4,2,3,423,74,1,448.96,448.96,0.0,1,74,1.0,0.0
C17797,Champions,5,5,5,555,23,10,2145.35,214.535,0.116,5,288,0.3,0.136
C17798,Lapsed / Hibernating,1,2,3,123,756,1,288.16,288.16,0.053,3,756,1.0,0.0
C17799,Lapsed / Hibernating,1,2,2,122,1013,1,180.98,180.98,0.0,2,1013,1.0,0.0
C17800,Champions,4,5,5,455,75,24,4152.97,173.04,0.049,7,747,1.0,0.118
C17801,Champions,4,4,4,444,53,6,1654.56,275.76,0.042,6,388,0.167,0.0
C17802,Champions,3,5,5,355,272,12,2332.44,194.37,0.064,8,744,0.917,0.034
C17803,Steady Regulars,3,2,3,323,251,1,432.93,432.93,0.0,4,251,0.0,0.0
C17804,New & Promising,5,2,2,522,14,1,166.14,166.14,0.164,2,14,0.0,0.0
C17805,Lapsed / Hibernating,2,4,4,244,629,4,756.64,189.16,0.193,2,818,0.25,0.0
C17806,New & Promising,5,2,1,521,6,1,57.99,57.99,0.0,1,6,1.0,0.0
C17808,Steady Regulars,3,4,4,344,231,7,792.86,113.266,0.0,5,1069,0.571,0.273
C17810,Lapsed / Hibernating,1,2,2,122,1088,1,187.93,187.93,0.0,2,1088,0.0,0.0
C17811,Steady Regulars,3,3,3,333,223,2,352.91,176.455,0.0,5,249,0.5,0.0
C17812,Champions,4,4,5,445,31,9,2599.25,288.806,0.253,6,331,0.0,0.037
C17814,Lapsed / Hibernating,1,2,1,121,813,1,81.99,81.99,0.739,2,813,0.0,0.5
C17815,Lapsed / Hibernating,2,4,4,244,699,5,1630.11,326.022,0.443,3,1042,0.0,0.133
C17816,Lapsed / Hibernating,2,2,3,223,370,1,477.98,477.98,0.0,1,370,0.0,0.0
C17818,Lapsed / Hibernating,2,5,5,255,591,14,2781.29,198.664,0.309,4,1088,0.0,0.037
C17820,Lapsed / Hibernating,1,3,4,134,1035,3,759.92,253.307,0.085,5,1074,0.333,0.125
C17821,New & Promising,3,2,1,321,188,1,73.16,73.16,0.153,3,188,1.0,0.0
C17822,New & Promising,5,3,3,533,3,3,269.91,89.97,0.133,4,12,1.0,0.0
C17823,Champions,3,5,5,355,130,10,1821.84,182.184,0.102,7,714,0.1,0.1
C17824,Steady Regulars,3,2,2,322,354,1,156.97,156.97,0.0,2,354,1.0,0.0
C17825,Lapsed / Hibernating,2,2,1,221,670,1,12.99,12.99,0.0,1,670,0.0,0.0
C17826,Lapsed / Hibernating,2,2,3,223,685,1,312.99,312.99,0.0,1,685,1.0,0.0
C17828,Champions,5,5,5,555,5,10,2150.49,215.049,0.146,5,341,1.0,0.04
C17829,Deal Hunters,4,4,4,444,34,4,879.81,219.952,0.657,3,207,1.0,0.3
C17830,Champions,4,4,4,444,33,7,1590.4,227.2,0.58,7,436,0.857,0.2
C17834,Lapsed / Hibernating,1,2,2,122,886,1,123.98,123.98,0.0,2,886,1.0,0.5
C17835,Lapsed / Hibernating,1,3,2,132,959,2,186.99,93.495,0.824,1,1031,1.0,0.5
C17836,Champions,5,5,4,554,9,12,1537.74,128.145,0.213,5,550,0.833,0.103
C17837,New & Promising,5,3,2,532,5,2,101.98,50.99,0.0,1,18,0.0,0.0
C17838,Champions,3,5,5,355,259,37,7264.7,196.343,0.248,8,1095,0.135,0.065
C17842,Steady Regulars,4,2,2,422,48,1,251.97,251.97,0.0,2,48,1.0,0.0
C17843,Steady Regulars,4,4,3,443,110,6,619.17,103.195,0.062,5,1060,1.0,0.154
C17844,Lapsed / Hibernating,2,2,3,223,561,1,388.99,388.99,0.0,1,561,1.0,0.0
C17846,New & Promising,3,2,1,321,143,1,55.97,55.97,0.0,2,143,0.0,0.0
C17847,Lapsed / Hibernating,2,2,2,222,412,1,148.99,148.99,0.0,1,412,1.0,0.0
C17848,Lapsed / Hibernating,1,3,2,132,860,2,235.84,117.92,0.427,3,1086,0.5,0.25
C17849,Lapsed / Hibernating,1,2,1,121,1026,1,44.99,44.99,0.0,1,1026,1.0,0.0
C17850,Champions,5,5,5,555,1,28,5632.71,201.168,0.29,8,719,0.964,0.076
C17851,Champions,5,4,4,544,10,7,1217.16,173.88,0.09,6,435,1.0,0.111
C17852,Champions,4,5,5,455,107,14,3970.57,283.612,0.127,4,1051,0.143,0.0
C17853,New & Promising,5,2,2,522,24,1,223.98,223.98,0.0,1,24,0.0,0.0
C17856,Champions,4,5,5,455,28,30,4402.48,146.749,0.107,7,919,1.0,0.109
C17857,Steady Regulars,3,2,2,322,199,1,193.75,193.75,0.396,3,199,0.0,0.0
C17858,Lapsed / Hibernating,1,2,2,122,1057,1,118.99,118.99,0.0,1,1057,0.0,0.0
C17860,Steady Regulars,3,4,3,343,131,4,420.91,105.227,0.0,3,684,1.0,0.0
C17861,New & Promising,3,2,1,321,317,1,10.99,10.99,0.0,1,317,0.0,0.0
C17862,Lapsed / Hibernating,2,2,1,221,457,1,85.94,85.94,0.0,1,457,1.0,0.0
C17863,Lapsed / Hibernating,2,3,4,234,575,2,732.94,366.47,0.0,2,1054,0.0,0.0
C17864,Lapsed / Hibernating,2,5,5,255,624,20,4114.48,205.724,0.073,7,1044,0.9,0.119
C17866,Lapsed / Hibernating,2,4,4,244,457,5,1020.75,204.15,0.105,6,719,1.0,0.0
C17867,Champions,3,5,5,355,267,23,5818.88,252.995,0.066,6,1071,0.217,0.098
C17870,Lapsed / Hibernating,1,2,2,122,773,1,166.55,166.55,1.0,2,773,1.0,0.4
C17871,New & Promising,3,2,1,321,164,1,29.98,29.98,0.0,1,164,1.0,0.0
C17872,Steady Regulars,3,4,4,344,363,5,1009.07,201.814,0.061,3,456,0.6,0.0
C17874,Steady Regulars,3,3,3,333,146,3,433.45,144.483,0.137,2,848,0.667,0.0
C17875,Steady Regulars,3,4,3,343,335,4,465.33,116.332,0.273,5,569,1.0,0.167
C17877,Champions,4,4,4,444,108,8,1229.25,153.656,0.273,6,737,1.0,0.05
C17878,Champions,5,4,4,544,24,8,1130.56,141.32,0.287,6,528,1.0,0.125
C17880,Champions,5,5,5,555,2,20,2592.86,129.643,0.14,6,716,0.95,0.0
C17881,Champions,5,5,5,555,24,30,4786.75,159.558,0.237,7,781,0.967,0.101
C17882,New & Promising,4,2,2,422,100,1,95.98,95.98,0.0,2,100,1.0,0.0
C17883,Steady Regulars,4,3,4,434,79,2,868.89,434.445,0.0,6,219,1.0,0.0
C17884,Champions,5,4,4,544,15,8,794.24,99.28,0.554,5,423,0.75,0.077
C17885,New & Promising,4,3,2,432,104,2,124.97,62.485,0.0,1,322,1.0,0.0
C17887,Steady Regulars,4,4,4,444,38,7,1239.05,177.007,0.058,4,257,1.0,0.2
C17888,New & Promising,5,3,2,532,16,2,212.56,106.28,0.064,3,91,0.5,0.0
C17889,Lapsed / Hibernating,2,3,2,232,380,2,130.95,65.475,0.206,3,528,0.0,0.0
C17890,New & Promising,3,2,1,321,144,1,0.0,0.0,0.0,1,144,0.0,1.0
C17891,Lapsed / Hibernating,2,2,2,222,419,1,130.97,130.97,0.0,2,419,1.0,0.0
C17892,Lapsed / Hibernating,1,3,3,133,831,3,311.92,103.973,0.0,4,1055,1.0,0.0
C17893,Champions,4,5,5,455,72,19,2218.79,116.778,0.246,6,1083,0.263,0.105
C17896,Deal Hunters,4,2,3,423,33,1,352.04,352.04,1.0,3,33,1.0,0.0
C17897,Lapsed / Hibernating,1,3,2,132,929,2,217.95,108.975,0.0,3,1047,1.0,0.0
C17898,Lapsed / Hibernating,2,2,2,222,654,1,148.99,148.99,0.0,1,654,0.0,0.0
C17899,Deal Hunters,4,2,3,423,40,1,399.58,399.58,1.0,1,40,1.0,0.0
C17900,Steady Regulars,4,4,3,443,77,7,441.93,63.133,0.0,4,435,1.0,0.125
C17901,Steady Regulars,4,4,3,443,105,4,569.9,142.475,0.0,3,198,1.0,0.0
C17902,Lapsed / Hibernating,2,3,2,232,629,3,233.95,77.983,0.0,3,829,0.333,0.2
C17903,Lapsed / Hibernating,1,4,5,145,797,6,2066.75,344.458,0.0,5,964,0.0,0.056
C17904,Lapsed / Hibernating,2,2,2,222,701,1,147.97,147.97,0.0,3,701,0.0,0.0
C17905,Lapsed / Hibernating,2,5,5,255,620,12,2927.44,243.953,0.054,5,1066,0.167,0.037
C17906,New & Promising,4,2,1,421,54,1,41.99,41.99,0.0,1,54,1.0,0.0
C17907,Lapsed / Hibernating,1,4,4,144,982,5,1451.12,290.224,0.285,4,1046,0.8,0.083
C17908,Lapsed / Hibernating,2,2,1,221,604,1,74.79,74.79,1.0,1,604,0.0,0.0
C17910,Steady Regulars,4,2,3,423,113,1,289.97,289.97,0.0,2,113,0.0,0.333
C17912,Steady Regulars,4,4,4,444,31,4,839.69,209.922,0.484,4,548,0.25,0.0
C17913,Lapsed / Hibernating,2,4,4,244,382,5,695.01,139.002,0.215,2,744,1.0,0.0
C17914,Champions,3,5,5,355,132,10,1946.38,194.638,0.219,6,1002,0.2,0.0
C17916,Lapsed / Hibernating,2,2,1,221,630,1,19.99,19.99,0.0,2,630,1.0,0.5
C17918,New & Promising,3,3,1,331,129,3,19.98,6.66,0.0,3,328,1.0,0.333
C17919,Lapsed / Hibernating,1,3,2,132,753,3,255.92,85.307,0.781,3,923,1.0,0.0
C17920,Lapsed / Hibernating,2,3,3,233,509,2,380.65,190.325,0.764,2,668,1.0,0.0
C17922,Champions,5,5,5,555,18,25,3360.6,134.424,0.22,7,793,0.12,0.052
C17923,Lapsed / Hibernating,2,3,1,231,401,2,57.77,28.885,0.533,3,834,1.0,0.0
C17924,Champions,3,5,5,355,288,24,3608.91,150.371,0.166,7,1002,0.958,0.136
C17925,Champions,5,5,5,555,8,21,2670.05,127.145,0.191,5,696,0.81,0.162
C17926,Lapsed / Hibernating,1,2,4,124,982,1,836.96,836.96,0.0,2,982,1.0,0.0
C17927,Champions,5,5,5,555,24,13,2384.3,183.408,0.146,5,360,0.231,0.111
C17928,Lapsed / Hibernating,1,4,4,144,746,8,1223.41,152.926,0.153,6,1075,0.25,0.062
C17930,Champions,5,5,5,555,16,18,3571.22,198.401,0.247,6,1046,0.944,0.059
C17931,Steady Regulars,4,4,3,443,28,4,617.9,154.475,0.0,4,71,0.75,0.222
C17932,Lapsed / Hibernating,2,3,4,234,468,3,963.26,321.087,0.345,5,586,1.0,0.0
C17935,Steady Regulars,4,4,4,444,31,6,1155.54,192.59,0.179,3,317,0.833,0.133
C17936,Lapsed / Hibernating,1,4,4,144,907,6,842.89,140.482,0.0,5,1091,0.833,0.0
C17937,Champions,5,5,5,555,20,68,16130.02,237.206,0.161,7,926,0.897,0.095
C17938,Lapsed / Hibernating,2,4,4,244,657,5,1012.01,202.402,0.129,5,915,0.6,0.0
C17939,Steady Regulars,3,4,4,344,180,9,1351.6,150.178,0.03,5,697,0.889,0.0
C17940,Lapsed / Hibernating,1,2,2,122,908,1,125.08,125.08,0.352,2,908,1.0,0.0
C17941,Steady Regulars,4,2,3,423,64,1,452.99,452.99,0.0,1,64,1.0,0.0
C17943,Champions,3,4,4,344,334,7,1456.91,208.13,0.08,7,1007,1.0,0.118
C17944,Lapsed / Hibernating,2,4,5,245,697,5,1772.85,354.57,0.073,4,916,0.2,0.077
C17946,New & Promising,4,2,1,421,58,1,54.99,54.99,0.0,1,58,1.0,0.0
C17947,Steady Regulars,4,2,2,422,105,1,229.98,229.98,0.0,2,105,1.0,0.0
C17948,Champions,5,5,5,555,14,17,2781.98,163.646,0.075,7,592,0.294,0.086
C17949,Lapsed / Hibernating,1,2,1,121,976,1,30.59,30.59,1.0,1,976,1.0,0.0
C17951,Lapsed / Hibernating,2,2,2,222,648,1,97.48,97.48,1.0,1,648,1.0,0.5
C17952,Champions,5,5,5,555,11,19,4774.37,251.283,0.079,5,947,0.158,0.07
C17953,New & Promising,3,2,1,321,219,1,39.98,39.98,0.0,1,219,0.0,0.0
C17955,Lapsed / Hibernating,1,3,3,133,768,2,401.14,200.57,1.0,3,812,0.5,0.0
C17957,Champions,3,5,5,355,124,59,13355.89,226.371,0.078,7,1078,0.932,0.088
C17958,Champions,4,5,4,454,79,14,1408.1,100.579,0.154,5,1013,0.857,0.143
C17960,Lapsed / Hibernating,1,3,3,133,862,3,486.79,162.263,0.386,2,1046,1.0,0.0
C17961,New & Promising,4,2,1,421,65,1,55.95,55.95,0.0,2,65,1.0,0.0
C17962,Lapsed / Hibernating,1,3,4,134,1029,2,920.95,460.475,0.0,2,1045,0.5,0.0
C17964,New & Promising,4,2,1,421,83,1,24.99,24.99,0.0,2,83,0.0,0.5
C17965,Lapsed / Hibernating,1,2,2,122,995,1,163.95,163.95,0.0,4,995,1.0,0.0
C17966,Steady Regulars,4,4,3,443,27,4,613.92,153.48,0.0,3,107,1.0,0.0
C17967,Steady Regulars,3,2,3,323,149,1,308.97,308.97,0.0,1,149,1.0,0.0
C17968,Lapsed / Hibernating,2,5,4,254,494,10,930.49,93.049,0.131,5,1054,0.9,0.158
C17970,Lapsed / Hibernating,2,2,1,221,367,1,34.99,34.99,0.0,1,367,0.0,0.0
C17971,New & Promising,4,2,1,421,56,1,40.99,40.99,0.0,1,56,1.0,0.0
C17973,Lapsed / Hibernating,2,2,2,222,681,1,152.99,152.99,0.0,1,681,0.0,0.0
C17974,Steady Regulars,4,2,3,423,30,1,322.94,322.94,0.0,3,30,1.0,0.0
C17975,Lapsed / Hibernating,2,4,4,244,533,6,1096.64,182.773,0.151,3,754,1.0,0.077
C17976,Lapsed / Hibernating,2,2,1,221,391,1,73.98,73.98,0.0,2,391,1.0,0.0
C17977,Champions,5,5,5,555,4,21,2948.68,140.413,0.142,8,785,0.143,0.114
C17978,Champions,4,5,5,455,31,16,2851.05,178.191,0.14,6,1074,0.812,0.031
C17979,Lapsed / Hibernating,2,3,1,231,664,2,51.94,25.97,0.0,2,677,1.0,0.0
C17980,Lapsed / Hibernating,1,4,4,144,743,6,1451.96,241.993,0.021,4,1003,0.333,0.154
C17981,Steady Regulars,3,4,4,344,332,5,776.86,155.372,0.0,3,843,0.8,0.2
C17983,Steady Regulars,4,2,3,423,53,1,383.76,383.76,0.356,2,53,1.0,0.0
C17984,New & Promising,3,2,1,321,174,1,65.98,65.98,0.0,2,174,1.0,0.0
C17985,Champions,5,5,5,555,26,14,3476.52,248.323,0.085,6,601,1.0,0.027
C17986,Champions,4,5,4,454,96,11,1160.7,105.518,0.066,6,1072,0.909,0.115
C17987,Lapsed / Hibernating,1,3,2,132,729,3,232.44,77.48,0.647,2,856,0.0,0.0
C17988,Lapsed / Hibernating,2,2,2,222,418,1,108.46,108.46,0.456,2,418,1.0,0.0
C17990,Lapsed / Hibernating,2,4,4,244,485,6,1182.47,197.078,0.345,6,752,0.833,0.0
C17991,New & Promising,4,2,1,421,47,1,33.98,33.98,0.0,1,47,0.0,0.0
C17993,Lapsed / Hibernating,1,2,2,122,706,1,112.58,112.58,0.594,2,706,0.0,0.333
C17995,New & Promising,3,2,1,321,322,1,24.99,24.99,0.0,1,322,1.0,0.0
C17996,Lapsed / Hibernating,2,4,4,244,392,8,901.98,112.748,0.495,7,1018,0.0,0.105
C17998,Champions,3,5,5,355,359,15,2928.04,195.203,0.065,6,1043,0.267,0.034
C17999,New & Promising,4,2,2,422,111,1,114.97,114.97,0.0,2,111,0.0,0.0
C18000,Steady Regulars,4,4,4,444,35,5,834.5,166.9,0.294,4,364,0.0,0.0
